dataset,outer,method,depth,n_thresholds,cv_folds,cost_complexity,ridge_penalty,lasso_penalty,val_r2,val_mse,train_time_s,train_mse,train_r2,test_mse,test_r2,n_leaves
temperature_max,outer_0,streed,4,20,3,0.1,0.1,0.1,0.7610782950778154,2.324448919961782,599.774471282959,2.312209207511143,0.7624837720340237,2.3022202221453982,0.7604780188382727,1.0
temperature_max,outer_0,streed,4,20,3,0.1,0.1,0.001,0.7655473072660793,2.281362405371961,250.40803241729736,2.266143486830118,0.7672157643551116,2.2521028854161558,0.7656922045484265,1.0
temperature_max,outer_0,streed,4,20,3,0.1,0.01,0.1,0.7604194129345466,2.330733478318646,599.7399795055389,2.319408974945493,0.7617441929346568,2.3149577118535887,0.7591528160012089,1.0
temperature_max,outer_0,streed,4,20,3,0.1,0.01,0.001,0.7588266487273648,2.346640992192693,240.69734501838684,2.328997639128493,0.760759220060844,2.322512796712438,0.7583667882894245,1.0
temperature_max,outer_0,streed,4,20,3,0.1,0.001,0.1,0.7602911068035078,2.3319720483940443,599.732528924942,2.321465481386799,0.7615329431692203,2.3184659168225017,0.7587878238964603,1.0
temperature_max,outer_0,streed,4,20,3,0.1,0.001,0.001,0.7576543571476612,2.3580319343996483,234.48662328720093,2.347842361626794,0.7588234404651559,2.34336487124962,0.7561973476093216,1.0
temperature_max,outer_0,streed,4,20,3,0.1,0.0001,0.1,0.7602762729370168,2.3321146344266204,599.7354009151459,2.321516686121037,0.7615276832838731,2.318634910629959,0.7587702418549263,1.0
temperature_max,outer_0,streed,4,20,3,0.1,0.0001,0.001,0.757529250442003,2.3592476124979123,235.35931134223935,2.349027336187924,0.7587017167530106,2.344625217584309,0.7560662217299939,1.0
temperature_max,outer_0,streed,4,20,3,0.1,1e-05,0.1,0.760275049280258,2.332126426369981,599.7315604686737,2.3215188454750857,0.7615274614693301,2.318648300910439,0.7587688487360239,1.0
temperature_max,outer_0,streed,4,20,3,0.1,1e-05,0.001,0.7575166708578106,2.359369850076753,240.32358479499817,2.349146487858909,0.7586894771791188,2.34475189948773,0.7560530418003795,1.0
temperature_max,outer_0,streed,4,20,3,0.08,0.1,0.1,0.7610782950778154,2.324448919961782,599.7317204475403,2.312209207511143,0.7624837720340237,2.3022202221453982,0.7604780188382727,1.0
temperature_max,outer_0,streed,4,20,3,0.08,0.1,0.001,0.7655473072660793,2.281362405371961,599.7270815372467,2.266143486830118,0.7672157643551116,2.2521028854161558,0.7656922045484265,1.0
temperature_max,outer_0,streed,4,20,3,0.08,0.01,0.1,0.7604194129345466,2.330733478318646,599.7374124526978,2.319408974945493,0.7617441929346568,2.3149577118535887,0.7591528160012089,1.0
temperature_max,outer_0,streed,4,20,3,0.08,0.01,0.001,0.7588266487273648,2.346640992192693,599.7306356430054,2.328997639128493,0.760759220060844,2.322512796712438,0.7583667882894245,1.0
temperature_max,outer_0,streed,4,20,3,0.08,0.001,0.1,0.7602911068035078,2.3319720483940443,599.7226874828339,2.321465481386799,0.7615329431692203,2.3184659168225017,0.7587878238964603,1.0
temperature_max,outer_0,streed,4,20,3,0.08,0.001,0.001,0.7576543571476612,2.3580319343996483,599.7168617248535,2.347842361626794,0.7588234404651559,2.34336487124962,0.7561973476093216,1.0
temperature_max,outer_0,streed,4,20,3,0.08,0.0001,0.1,0.7602762729370168,2.3321146344266204,599.7212359905243,2.321516686121037,0.7615276832838731,2.318634910629959,0.7587702418549263,1.0
temperature_max,outer_0,streed,4,20,3,0.08,0.0001,0.001,0.757529250442003,2.3592476124979123,599.7278287410736,2.349027336187924,0.7587017167530106,2.344625217584309,0.7560662217299939,1.0
temperature_max,outer_0,streed,4,20,3,0.08,1e-05,0.1,0.760275049280258,2.332126426369981,599.7275907993317,2.3215188454750857,0.7615274614693301,2.318648300910439,0.7587688487360239,1.0
temperature_max,outer_0,streed,4,20,3,0.08,1e-05,0.001,0.7575166708578106,2.359369850076753,599.7327101230621,2.349146487858909,0.7586894771791188,2.34475189948773,0.7560530418003795,1.0
temperature_max,outer_0,streed,4,20,3,0.05,0.1,0.1,0.7610782950778154,2.324448919961782,599.7347447872162,2.312209207511143,0.7624837720340237,2.3022202221453982,0.7604780188382727,1.0
temperature_max,outer_0,streed,4,20,3,0.05,0.1,0.001,0.7655473072660793,2.281362405371961,599.7136034965515,2.266143486830118,0.7672157643551116,2.2521028854161558,0.7656922045484265,1.0
temperature_max,outer_0,streed,4,20,3,0.05,0.01,0.1,0.7604194129345466,2.330733478318646,599.7278690338135,2.319408974945493,0.7617441929346568,2.3149577118535887,0.7591528160012089,1.0
temperature_max,outer_0,streed,4,20,3,0.05,0.01,0.001,0.7588266487273648,2.346640992192693,599.7142813205719,2.328997639128493,0.760759220060844,2.322512796712438,0.7583667882894245,1.0
temperature_max,outer_0,streed,4,20,3,0.05,0.001,0.1,0.7602911068035078,2.3319720483940443,599.7266433238983,2.321465481386799,0.7615329431692203,2.3184659168225017,0.7587878238964603,1.0
temperature_max,outer_0,streed,4,20,3,0.05,0.001,0.001,0.7576543571476612,2.3580319343996483,599.7181799411774,2.347842361626794,0.7588234404651559,2.34336487124962,0.7561973476093216,1.0
temperature_max,outer_0,streed,4,20,3,0.05,0.0001,0.1,0.7602762729370168,2.3321146344266204,599.7349803447723,2.321516686121037,0.7615276832838731,2.318634910629959,0.7587702418549263,1.0
temperature_max,outer_0,streed,4,20,3,0.05,0.0001,0.001,0.757529250442003,2.3592476124979123,599.7324683666229,2.349027336187924,0.7587017167530106,2.344625217584309,0.7560662217299939,1.0
temperature_max,outer_0,streed,4,20,3,0.05,1e-05,0.1,0.760275049280258,2.332126426369981,599.7301661968231,2.3215188454750857,0.7615274614693301,2.318648300910439,0.7587688487360239,1.0
temperature_max,outer_0,streed,4,20,3,0.05,1e-05,0.001,0.7575166708578106,2.359369850076753,599.7300426959991,2.349146487858909,0.7586894771791188,2.34475189948773,0.7560530418003795,1.0
temperature_max,outer_0,streed,4,20,3,0.03,0.1,0.1,0.7610782950778154,2.324448919961782,599.7326767444611,2.312209207511143,0.7624837720340237,2.3022202221453982,0.7604780188382727,1.0
temperature_max,outer_0,streed,4,20,3,0.03,0.1,0.001,0.7655473072660793,2.281362405371961,599.7333602905273,2.266143486830118,0.7672157643551116,2.2521028854161558,0.7656922045484265,1.0
temperature_max,outer_0,streed,4,20,3,0.03,0.01,0.1,0.7604194129345466,2.330733478318646,599.7285091876984,2.319408974945493,0.7617441929346568,2.3149577118535887,0.7591528160012089,1.0
temperature_max,outer_0,streed,4,20,3,0.03,0.01,0.001,0.7588266487273648,2.346640992192693,599.7249131202698,2.328997639128493,0.760759220060844,2.322512796712438,0.7583667882894245,1.0
temperature_max,outer_0,streed,4,20,3,0.03,0.001,0.1,0.7602911068035078,2.3319720483940443,599.7285447120667,2.321465481386799,0.7615329431692203,2.3184659168225017,0.7587878238964603,1.0
temperature_max,outer_0,streed,4,20,3,0.03,0.001,0.001,0.7576543571476612,2.3580319343996483,599.723028421402,2.347842361626794,0.7588234404651559,2.34336487124962,0.7561973476093216,1.0
temperature_max,outer_0,streed,4,20,3,0.03,0.0001,0.1,0.7602762729370168,2.3321146344266204,599.7246165275574,2.321516686121037,0.7615276832838731,2.318634910629959,0.7587702418549263,1.0
temperature_max,outer_0,streed,4,20,3,0.03,0.0001,0.001,0.757529250442003,2.3592476124979123,599.733335018158,2.349027336187924,0.7587017167530106,2.344625217584309,0.7560662217299939,1.0
temperature_max,outer_0,streed,4,20,3,0.03,1e-05,0.1,0.760275049280258,2.332126426369981,599.7322323322296,2.3215188454750857,0.7615274614693301,2.318648300910439,0.7587688487360239,1.0
temperature_max,outer_0,streed,4,20,3,0.03,1e-05,0.001,0.7575166708578106,2.359369850076753,599.7352931499481,2.349146487858909,0.7586894771791188,2.34475189948773,0.7560530418003795,1.0
temperature_max,outer_0,streed,4,20,3,0.01,0.1,0.1,0.7772345830433199,2.167181111403912,599.7391488552094,2.049359586438788,0.7894843783444676,2.24004504868296,0.7669466965883618,6.0
temperature_max,outer_0,streed,4,20,3,0.01,0.1,0.001,0.7954414691848912,1.9911466108965687,599.7366874217987,1.8936454844353676,0.8054797415792555,2.013315797227666,0.7905355083681836,4.0
temperature_max,outer_0,streed,4,20,3,0.01,0.01,0.1,0.7887123171986735,2.0557511841059477,599.7329683303833,1.991802393414114,0.7953968050120551,2.077632647939283,0.7838440114573566,4.0
temperature_max,outer_0,streed,4,20,3,0.01,0.01,0.001,0.7956702047683235,1.9881798038910672,599.7337491512299,1.9135396433159455,0.8034361611106192,2.009166165205115,0.7909672342619851,3.0
temperature_max,outer_0,streed,4,20,3,0.01,0.001,0.1,0.7856499263652964,2.0861142907552126,599.7419707775116,2.0630265927382254,0.7880804674123234,2.142929969573002,0.777050506782253,3.0
temperature_max,outer_0,streed,4,20,3,0.01,0.001,0.001,0.8017764568567354,1.9285544093560143,599.7353959083557,1.8146063665898768,0.8135988482204001,1.978577009479834,0.7941497165939995,4.0
temperature_max,outer_0,streed,4,20,3,0.01,0.0001,0.1,0.7856955449499825,2.085667368119912,599.7299785614014,2.0625403668826947,0.7881304138145651,2.142549191060781,0.7770901228114901,3.0
temperature_max,outer_0,streed,4,20,3,0.01,0.0001,0.001,0.8026571818389711,1.919762331869683,599.7342820167542,1.8152836323633477,0.8135292776939431,1.9799334255874623,0.794008595657673,4.0
temperature_max,outer_0,streed,4,20,3,0.01,1e-05,0.1,0.785700064421885,2.0856230866179133,599.7400009632111,2.0624921303827417,0.7881353687950581,2.142511555482685,0.777094038400512,3.0
temperature_max,outer_0,streed,4,20,3,0.01,1e-05,0.001,0.8026364274350479,1.9199617629710228,599.7302055358887,1.8153580461084864,0.8135216337177852,1.9800798342066024,0.793993363369216,4.0
temperature_max,outer_0,streed,4,20,3,0.008,0.1,0.1,0.7779761751180327,2.1595295184453938,599.7262048721313,2.049359586438788,0.7894843783444676,2.24004504868296,0.7669466965883618,6.0
temperature_max,outer_0,streed,4,20,3,0.008,0.1,0.001,0.7999056307373505,1.946784046715284,599.732507944107,1.8936454844353676,0.8054797415792555,2.013315797227666,0.7905355083681836,4.0
temperature_max,outer_0,streed,4,20,3,0.008,0.01,0.1,0.7911907038941705,2.031350961778975,599.7325618267059,1.9695642971857377,0.7976811609069068,2.139604356665929,0.7773965020890515,6.0
temperature_max,outer_0,streed,4,20,3,0.008,0.01,0.001,0.8055870302531569,1.892294563182334,599.7272927761078,1.809458562276341,0.8141276442561939,1.967797332949669,0.7952712294075659,4.0
temperature_max,outer_0,streed,4,20,3,0.008,0.001,0.1,0.791664394358194,2.02688626544817,599.7254745960236,1.9398308370308792,0.800735460352397,2.0713044467195973,0.7845023947339645,5.0
temperature_max,outer_0,streed,4,20,3,0.008,0.001,0.001,0.8051373003185867,1.89653615935202,599.728709936142,1.5779500611176316,0.837908808070718,1.7003160051510466,0.8230998693186479,7.0
temperature_max,outer_0,streed,4,20,3,0.008,0.0001,0.1,0.7917405278351257,2.0261418092106016,599.7337760925293,1.938817430397082,0.8008395601545573,2.070143738971596,0.7846231542584778,5.0
temperature_max,outer_0,streed,4,20,3,0.008,0.0001,0.001,0.8060140127952824,1.887782308402264,599.7328410148621,1.5779144552962594,0.8379124655945954,1.7002326625958684,0.8231085402414985,7.0
temperature_max,outer_0,streed,4,20,3,0.008,1e-05,0.1,0.7917480886338666,2.0260678679262214,599.7314851284027,1.9387163764685704,0.8008499406806114,2.070027982139612,0.7846351975484563,5.0
temperature_max,outer_0,streed,4,20,3,0.008,1e-05,0.001,0.8059928420421564,1.8879857059998169,599.726238489151,1.577901690824739,0.8379137767947747,1.7002409727964354,0.8231076756518799,7.0
temperature_max,outer_0,streed,4,20,3,0.005,0.1,0.1,0.7738620170135125,2.199633578900156,599.7339210510254,2.0915552212807764,0.7851499314476461,2.2409867465573763,0.7668487227549439,8.0
temperature_max,outer_0,streed,4,20,3,0.005,0.1,0.001,0.8176407735613352,1.7740925017719025,599.729026556015,1.8936454844353676,0.8054797415792555,2.013315797227666,0.7905355083681836,4.0
temperature_max,outer_0,streed,4,20,3,0.005,0.01,0.1,0.7919387205842648,2.0240220578358983,599.7276329994202,1.9148116453951245,0.8033054977022953,2.077582905974885,0.7838491865894942,7.0
temperature_max,outer_0,streed,4,20,3,0.005,0.01,0.001,0.8218622646170052,1.73457706042862,599.7239344120026,1.511649770901319,0.8447193487406855,1.634519965341719,0.8299452604137881,8.0
temperature_max,outer_0,streed,4,20,3,0.005,0.001,0.1,0.7920730360325337,2.0226954632370737,599.7267055511475,1.9063628230812684,0.8041733830131154,2.064352360063724,0.7852256867774473,7.0
temperature_max,outer_0,streed,4,20,3,0.005,0.001,0.001,0.8177566935478003,1.774438091230205,599.7318551540375,1.5119477010600424,0.844688744569027,1.632306095724135,0.8301755904368401,8.0
temperature_max,outer_0,streed,4,20,3,0.005,0.0001,0.1,0.7918367995390599,2.0249917814480303,599.7260687351227,1.90549480002844,0.804262548630407,2.062992286142441,0.7853671882711004,7.0
temperature_max,outer_0,streed,4,20,3,0.005,0.0001,0.001,0.8125929917136162,1.825112597869525,599.7224197387695,1.5118403749974756,0.8446997693852333,1.6330027290470135,0.8301031130117728,8.0
temperature_max,outer_0,streed,4,20,3,0.005,1e-05,0.1,0.7918450565992998,2.0249111192677574,599.7264230251312,1.9054081090582613,0.8042714537555007,2.062856254765824,0.7853813409158015,7.0
temperature_max,outer_0,streed,4,20,3,0.005,1e-05,0.001,0.8121784202950483,1.8291490118406517,599.7287874221802,1.511806611325719,0.8447032376786436,1.6330062154979943,0.8301027502829434,8.0
temperature_max,outer_0,streed,4,20,3,0.003,0.1,0.1,0.7747676548885402,2.1905247866975106,599.7257857322693,2.0572674256975474,0.788672064239844,2.2176907243765007,0.7692724306749233,8.0
temperature_max,outer_0,streed,4,20,3,0.003,0.1,0.001,0.8177367047155425,1.773178580099129,599.7230620384216,1.8936454844353676,0.8054797415792555,2.013315797227666,0.7905355083681836,4.0
temperature_max,outer_0,streed,4,20,3,0.003,0.01,0.1,0.7905565449718545,2.0375118533588514,599.7192566394806,1.9121555888603277,0.8035783348345755,2.0863145419871683,0.7829407510122512,8.0
temperature_max,outer_0,streed,4,20,3,0.003,0.01,0.001,0.8218622646170052,1.73457706042862,599.7295577526093,1.511649770901319,0.8447193487406855,1.634519965341719,0.8299452604137881,8.0
temperature_max,outer_0,streed,4,20,3,0.003,0.001,0.1,0.7909134105264289,2.0340080599041213,599.725946187973,1.904888430474212,0.8043248365102433,2.075331412900338,0.7840834309404907,8.0
temperature_max,outer_0,streed,4,20,3,0.003,0.001,0.001,0.8177566935478003,1.774438091230205,599.7216341495514,1.5119477010600424,0.844688744569027,1.632306095724135,0.8301755904368401,8.0
temperature_max,outer_0,streed,4,20,3,0.003,0.0001,0.1,0.7909358379100823,2.0337874617314227,599.7260012626648,1.9041468867515725,0.8044010098371641,2.0742118055366587,0.7841999143990634,8.0
temperature_max,outer_0,streed,4,20,3,0.003,0.0001,0.001,0.8194704308443143,1.7581763864113278,599.7283773422241,1.5118403749974756,0.8446997693852333,1.6330027290470135,0.8301031130117728,8.0
temperature_max,outer_0,streed,4,20,3,0.003,1e-05,0.1,0.7906805490214373,2.036271878426424,599.7249882221222,1.9040729317218896,0.8044086066928605,2.0740999925883217,0.7842115473691189,8.0
temperature_max,outer_0,streed,4,20,3,0.003,1e-05,0.001,0.8121784202950483,1.8291490118406517,599.7200565338135,1.511806611325719,0.8447032376786436,1.6330062154979943,0.8301027502829434,8.0
temperature_max,outer_0,streed,4,20,3,0.001,0.1,0.1,0.7747676548885402,2.1905247866975106,599.7239978313446,2.0572674256975474,0.788672064239844,2.2176907243765007,0.7692724306749233,8.0
temperature_max,outer_0,streed,4,20,3,0.001,0.1,0.001,0.8177367047155425,1.773178580099129,599.7291305065155,1.6172310066024966,0.8338737657517987,1.7518999509786706,0.8177330982417881,8.0
temperature_max,outer_0,streed,4,20,3,0.001,0.01,0.1,0.7909006036267033,2.034163225702929,599.7260727882385,1.9121555888603277,0.8035783348345755,2.0863145419871683,0.7829407510122512,8.0
temperature_max,outer_0,streed,4,20,3,0.001,0.01,0.001,0.8218622646170052,1.73457706042862,599.7234632968903,1.511649770901319,0.8447193487406855,1.634519965341719,0.8299452604137881,8.0
temperature_max,outer_0,streed,4,20,3,0.001,0.001,0.1,0.7909134105264289,2.0340080599041213,599.726598739624,1.904888430474212,0.8043248365102433,2.075331412900338,0.7840834309404907,8.0
temperature_max,outer_0,streed,4,20,3,0.001,0.001,0.001,0.8177566935478003,1.774438091230205,599.7320513725281,1.5119477010600424,0.844688744569027,1.632306095724135,0.8301755904368401,8.0
temperature_max,outer_0,streed,4,20,3,0.001,0.0001,0.1,0.7909358379100823,2.0337874617314227,599.7275376319885,1.9041468867515725,0.8044010098371641,2.0742118055366587,0.7841999143990634,8.0
temperature_max,outer_0,streed,4,20,3,0.001,0.0001,0.001,0.8125929917136162,1.825112597869525,599.7240169048309,1.5118403749974756,0.8446997693852333,1.6330027290470135,0.8301031130117728,8.0
temperature_max,outer_0,streed,4,20,3,0.001,1e-05,0.1,0.7909433371283624,2.033714234518632,599.7255203723907,1.9040729317218896,0.8044086066928605,2.0740999925883217,0.7842115473691189,8.0
temperature_max,outer_0,streed,4,20,3,0.001,1e-05,0.001,0.8194509251193965,1.758367735336071,599.7320036888123,1.511806611325719,0.8447032376786436,1.6330062154979943,0.8301027502829434,8.0
temperature_max,outer_0,streed,4,20,3,0.0005,0.1,0.1,0.7747676548885402,2.1905247866975106,599.7270700931549,2.0572674256975474,0.788672064239844,2.2176907243765007,0.7692724306749233,8.0
temperature_max,outer_0,streed,4,20,3,0.0005,0.1,0.001,0.8177367047155425,1.773178580099129,599.7266161441803,1.6172310066024966,0.8338737657517987,1.7518999509786706,0.8177330982417881,8.0
temperature_max,outer_0,streed,4,20,3,0.0005,0.01,0.1,0.7909006036267033,2.034163225702929,599.72593998909,1.9121555888603277,0.8035783348345755,2.0863145419871683,0.7829407510122512,8.0
temperature_max,outer_0,streed,4,20,3,0.0005,0.01,0.001,0.8218622646170052,1.73457706042862,599.7316761016846,1.511649770901319,0.8447193487406855,1.634519965341719,0.8299452604137881,8.0
temperature_max,outer_0,streed,4,20,3,0.0005,0.001,0.1,0.7905941055115262,2.03711576723399,599.7092626094818,1.968526782816061,0.7977877371192779,2.060739227006667,0.7856015955544194,4.0
temperature_max,outer_0,streed,4,20,3,0.0005,0.001,0.001,0.8177566935478003,1.774438091230205,599.7117605209351,1.8146063665898768,0.8135988482204001,1.978577009479834,0.7941497165939995,4.0
temperature_max,outer_0,streed,4,20,3,0.0005,0.0001,0.1,0.7906727400595354,2.0363481202881517,599.7073781490326,1.9679078944213424,0.7978513109674262,2.060092878109955,0.7856688414098649,4.0
temperature_max,outer_0,streed,4,20,3,0.0005,0.0001,0.001,0.8125929917136162,1.825112597869525,599.7019245624542,1.8152836323633477,0.8135292776939431,1.9799334255874623,0.794008595657673,4.0
temperature_max,outer_0,streed,4,20,3,0.0005,1e-05,0.1,0.7906805490214373,2.036271878426424,599.7063264846802,1.967846372713801,0.7978576306394809,2.060028614241185,0.7856755273945579,4.0
temperature_max,outer_0,streed,4,20,3,0.0005,1e-05,0.001,0.8121784202950483,1.8291490118406517,599.7042229175568,1.8153580461084864,0.8135216337177852,1.9800798342066024,0.793993363369216,4.0
temperature_max,outer_0,streed,4,20,3,0.0001,0.1,0.1,0.77243167654688,2.213260217323308,599.7090964317322,2.289318794818379,0.7648351355965026,2.342862394188161,0.7562496251021917,4.0
temperature_max,outer_0,streed,4,20,3,0.0001,0.1,0.001,0.8177367047155425,1.773178580099129,599.7074229717255,1.8936454844353676,0.8054797415792555,2.013315797227666,0.7905355083681836,4.0
temperature_max,outer_0,streed,4,20,3,0.0001,0.01,0.1,0.7905565449718545,2.0375118533588514,599.715094089508,1.9121555888603277,0.8035783348345755,2.0863145419871683,0.7829407510122512,8.0
temperature_max,outer_0,streed,4,20,3,0.0001,0.01,0.001,0.8218622646170052,1.73457706042862,599.7174265384674,1.809458562276341,0.8141276442561939,1.967797332949669,0.7952712294075659,4.0
temperature_max,outer_0,streed,4,20,3,0.0001,0.001,0.1,0.7905941055115262,2.03711576723399,599.7164585590363,1.904888430474212,0.8043248365102433,2.075331412900338,0.7840834309404907,8.0
temperature_max,outer_0,streed,4,20,3,0.0001,0.001,0.001,0.8177566935478003,1.774438091230205,599.7134659290314,1.5119477010600424,0.844688744569027,1.632306095724135,0.8301755904368401,8.0
temperature_max,outer_0,streed,4,20,3,0.0001,0.0001,0.1,0.7906727400595354,2.0363481202881517,599.7172660827637,1.9041468867515725,0.8044010098371641,2.0742118055366587,0.7841999143990634,8.0
temperature_max,outer_0,streed,4,20,3,0.0001,0.0001,0.001,0.8125929917136162,1.825112597869525,599.7119808197021,1.8152836323633477,0.8135292776939431,1.9799334255874623,0.794008595657673,4.0
temperature_max,outer_0,streed,4,20,3,0.0001,1e-05,0.1,0.7906805490214373,2.036271878426424,599.7150566577911,1.9040729317218896,0.8044086066928605,2.0740999925883217,0.7842115473691189,8.0
temperature_max,outer_0,streed,4,20,3,0.0001,1e-05,0.001,0.8121784202950483,1.8291490118406517,599.7201125621796,1.511806611325719,0.8447032376786436,1.6330062154979943,0.8301027502829434,8.0
temperature_max,outer_1,streed,4,20,3,0.1,0.1,0.1,0.7612024715907086,2.325575545533838,599.7721238136292,2.314400199490217,0.762471764257701,2.279775008000048,0.7620481606431097,1.0
temperature_max,outer_1,streed,4,20,3,0.1,0.1,0.001,0.7660213240924728,2.278517654616149,252.53521013259888,2.262576612200938,0.7677904490994025,2.245035415134688,0.7656741105687883,1.0
temperature_max,outer_1,streed,4,20,3,0.1,0.01,0.1,0.7607212923838684,2.330092517119156,599.7437574863434,2.3153484827405744,0.7623744413973371,2.29350273888342,0.7606153267878247,1.0
temperature_max,outer_1,streed,4,20,3,0.1,0.01,0.001,0.7586698343918025,2.349907963092974,240.5256488323212,2.328898951481743,0.7609837489257931,2.31382778254274,0.7584938974771371,1.0
temperature_max,outer_1,streed,4,20,3,0.1,0.001,0.1,0.7603481560853725,2.333701272802056,599.7418336868286,2.314289154871398,0.7624831608313803,2.279693232007947,0.7620566960238675,1.0
temperature_max,outer_1,streed,4,20,3,0.1,0.001,0.001,0.7574417929098877,2.361836914051973,235.61396741867063,2.3403991839497587,0.7598034733929118,2.326442833377788,0.7571771997594912,1.0
temperature_max,outer_1,streed,4,20,3,0.1,0.0001,0.1,0.7603457103013032,2.333722814326938,599.7269585132599,2.3142370575844478,0.7624885076061771,2.279715638409505,0.7620543573525314,1.0
temperature_max,outer_1,streed,4,20,3,0.1,0.0001,0.001,0.7573096312260693,2.363121162969648,237.5881237983704,2.3532070637804954,0.758488993252241,2.3390517254158008,0.7558611448671578,1.0
temperature_max,outer_1,streed,4,20,3,0.1,1e-05,0.1,0.7603454177146715,2.333725435169744,599.7361125946045,2.3142322949336998,0.7624889963997876,2.279718340864181,0.7620540752834418,1.0
temperature_max,outer_1,streed,4,20,3,0.1,1e-05,0.001,0.7572963441209414,2.363250277937714,239.5281341075897,2.348314736342965,0.758991095656642,2.33491238828342,0.7562931887666268,1.0
temperature_max,outer_1,streed,4,20,3,0.08,0.1,0.1,0.7612024715907086,2.325575545533838,599.736163854599,2.314400199490217,0.762471764257701,2.279775008000048,0.7620481606431097,1.0
temperature_max,outer_1,streed,4,20,3,0.08,0.1,0.001,0.7660213240924728,2.278517654616149,599.7349197864532,2.262576612200938,0.7677904490994025,2.245035415134688,0.7656741105687883,1.0
temperature_max,outer_1,streed,4,20,3,0.08,0.01,0.1,0.7607212923838684,2.330092517119156,599.7303457260132,2.3153484827405744,0.7623744413973371,2.29350273888342,0.7606153267878247,1.0
temperature_max,outer_1,streed,4,20,3,0.08,0.01,0.001,0.7586698343918025,2.349907963092974,599.7257721424103,2.328898951481743,0.7609837489257931,2.31382778254274,0.7584938974771371,1.0
temperature_max,outer_1,streed,4,20,3,0.08,0.001,0.1,0.7603481560853725,2.333701272802056,599.7305221557617,2.314289154871398,0.7624831608313803,2.279693232007947,0.7620566960238675,1.0
temperature_max,outer_1,streed,4,20,3,0.08,0.001,0.001,0.7574417929098877,2.361836914051973,599.7300434112549,2.3403991839497587,0.7598034733929118,2.326442833377788,0.7571771997594912,1.0
temperature_max,outer_1,streed,4,20,3,0.08,0.0001,0.1,0.7603457103013032,2.333722814326938,599.7264087200165,2.3142370575844478,0.7624885076061771,2.279715638409505,0.7620543573525314,1.0
temperature_max,outer_1,streed,4,20,3,0.08,0.0001,0.001,0.7573096312260693,2.363121162969648,599.7271130084991,2.3532070637804954,0.758488993252241,2.3390517254158008,0.7558611448671578,1.0
temperature_max,outer_1,streed,4,20,3,0.08,1e-05,0.1,0.7603454177146715,2.333725435169744,599.7300198078156,2.3142322949336998,0.7624889963997876,2.279718340864181,0.7620540752834418,1.0
temperature_max,outer_1,streed,4,20,3,0.08,1e-05,0.001,0.7572963441209414,2.363250277937714,599.7243537902832,2.348314736342965,0.758991095656642,2.33491238828342,0.7562931887666268,1.0
temperature_max,outer_1,streed,4,20,3,0.05,0.1,0.1,0.7612024715907086,2.325575545533838,599.7158386707306,2.314400199490217,0.762471764257701,2.279775008000048,0.7620481606431097,1.0
temperature_max,outer_1,streed,4,20,3,0.05,0.1,0.001,0.7660213240924728,2.278517654616149,599.7183995246887,2.262576612200938,0.7677904490994025,2.245035415134688,0.7656741105687883,1.0
temperature_max,outer_1,streed,4,20,3,0.05,0.01,0.1,0.7607212923838684,2.330092517119156,599.7232666015625,2.3153484827405744,0.7623744413973371,2.29350273888342,0.7606153267878247,1.0
temperature_max,outer_1,streed,4,20,3,0.05,0.01,0.001,0.7586698343918025,2.349907963092974,599.7191247940063,2.328898951481743,0.7609837489257931,2.31382778254274,0.7584938974771371,1.0
temperature_max,outer_1,streed,4,20,3,0.05,0.001,0.1,0.7603481560853725,2.333701272802056,599.7240965366364,2.314289154871398,0.7624831608313803,2.279693232007947,0.7620566960238675,1.0
temperature_max,outer_1,streed,4,20,3,0.05,0.001,0.001,0.7574417929098877,2.361836914051973,599.7190973758698,2.3403991839497587,0.7598034733929118,2.326442833377788,0.7571771997594912,1.0
temperature_max,outer_1,streed,4,20,3,0.05,0.0001,0.1,0.7603457103013032,2.333722814326938,599.7074499130249,2.3142370575844478,0.7624885076061771,2.279715638409505,0.7620543573525314,1.0
temperature_max,outer_1,streed,4,20,3,0.05,0.0001,0.001,0.7573096312260693,2.363121162969648,599.7017157077789,2.3532070637804954,0.758488993252241,2.3390517254158008,0.7558611448671578,1.0
temperature_max,outer_1,streed,4,20,3,0.05,1e-05,0.1,0.7603454177146715,2.333725435169744,599.7013804912567,2.3142322949336998,0.7624889963997876,2.279718340864181,0.7620540752834418,1.0
temperature_max,outer_1,streed,4,20,3,0.05,1e-05,0.001,0.7572963441209414,2.363250277937714,599.7023599147797,2.348314736342965,0.758991095656642,2.33491238828342,0.7562931887666268,1.0
temperature_max,outer_1,streed,4,20,3,0.03,0.1,0.1,0.7612024715907086,2.325575545533838,599.7109718322754,2.314400199490217,0.762471764257701,2.279775008000048,0.7620481606431097,1.0
temperature_max,outer_1,streed,4,20,3,0.03,0.1,0.001,0.7660213240924728,2.278517654616149,599.7033455371857,2.262576612200938,0.7677904490994025,2.245035415134688,0.7656741105687883,1.0
temperature_max,outer_1,streed,4,20,3,0.03,0.01,0.1,0.7607212923838684,2.330092517119156,599.7094314098358,2.3153484827405744,0.7623744413973371,2.29350273888342,0.7606153267878247,1.0
temperature_max,outer_1,streed,4,20,3,0.03,0.01,0.001,0.7586698343918025,2.349907963092974,599.7105429172516,2.328898951481743,0.7609837489257931,2.31382778254274,0.7584938974771371,1.0
temperature_max,outer_1,streed,4,20,3,0.03,0.001,0.1,0.7603481560853725,2.333701272802056,599.7024958133698,2.314289154871398,0.7624831608313803,2.279693232007947,0.7620566960238675,1.0
temperature_max,outer_1,streed,4,20,3,0.03,0.001,0.001,0.7574417929098877,2.361836914051973,599.7116739749908,2.3403991839497587,0.7598034733929118,2.326442833377788,0.7571771997594912,1.0
temperature_max,outer_1,streed,4,20,3,0.03,0.0001,0.1,0.7603457103013032,2.333722814326938,599.721925497055,2.3142370575844478,0.7624885076061771,2.279715638409505,0.7620543573525314,1.0
temperature_max,outer_1,streed,4,20,3,0.03,0.0001,0.001,0.7573096312260693,2.363121162969648,599.7116603851318,2.3532070637804954,0.758488993252241,2.3390517254158008,0.7558611448671578,1.0
temperature_max,outer_1,streed,4,20,3,0.03,1e-05,0.1,0.7603454177146715,2.333725435169744,599.7115044593811,2.3142322949336998,0.7624889963997876,2.279718340864181,0.7620540752834418,1.0
temperature_max,outer_1,streed,4,20,3,0.03,1e-05,0.001,0.7572963441209414,2.363250277937714,599.7088532447815,2.348314736342965,0.758991095656642,2.33491238828342,0.7562931887666268,1.0
temperature_max,outer_1,streed,4,20,3,0.01,0.1,0.1,0.775054928733479,2.1900509361139,599.7179915904999,2.30515346726365,0.7634207617528801,2.3194609203280527,0.7579059379229434,4.0
temperature_max,outer_1,streed,4,20,3,0.01,0.1,0.001,0.7961128351219308,1.9850904240960965,599.7191095352173,1.9501581336428755,0.7998541388802518,1.973795450211905,0.7939848203247895,3.0
temperature_max,outer_1,streed,4,20,3,0.01,0.01,0.1,0.7860135807924621,2.084238849885002,599.7150363922119,2.070590132136978,0.7874941329765518,2.0539971055237314,0.7856137611922227,3.0
temperature_max,outer_1,streed,4,20,3,0.01,0.01,0.001,0.8018974878131423,1.929408210968508,599.7203586101532,1.909637036129036,0.80401284263638,1.9475789407633328,0.7967211722116705,3.0
temperature_max,outer_1,streed,4,20,3,0.01,0.001,0.1,0.7879191306463177,2.065728265461352,599.7159917354584,2.083063137208204,0.7862140212268097,2.0788729317068744,0.7830173433110591,3.0
temperature_max,outer_1,streed,4,20,3,0.01,0.001,0.001,0.8017705203657638,1.930760554537243,599.7157311439514,1.8100989967203636,0.814228489392372,1.8635096409900087,0.8054959172827015,4.0
temperature_max,outer_1,streed,4,20,3,0.01,0.0001,0.1,0.7879721952887175,2.0652118199410343,599.7169692516327,2.082559942336652,0.7862656644085293,2.078338076217175,0.7830731689285509,3.0
temperature_max,outer_1,streed,4,20,3,0.01,0.0001,0.001,0.8007220031919621,1.941168411916268,599.7209784984589,1.810559372410247,0.814181240768119,1.8641760443601183,0.80542636133656,4.0
temperature_max,outer_1,streed,4,20,3,0.01,1e-05,0.1,0.7879774693571884,2.065160490574636,599.7108554840088,2.082509855209037,0.7862708048795068,2.07828482198721,0.7830787273463462,3.0
temperature_max,outer_1,streed,4,20,3,0.01,1e-05,0.001,0.8007123273728505,1.9412626709026128,599.7085003852844,1.8106088187760585,0.8141761660588973,1.864247924206306,0.8054188588674335,4.0
temperature_max,outer_1,streed,4,20,3,0.008,0.1,0.1,0.7773122713243952,2.168677082417361,599.7168724536896,2.30515346726365,0.7634207617528801,2.3194609203280527,0.7579059379229434,4.0
temperature_max,outer_1,streed,4,20,3,0.008,0.1,0.001,0.8002327522298384,1.94555887625797,599.7157981395721,1.902965153766167,0.8046975817956151,1.9130587994080244,0.8003242168549054,4.0
temperature_max,outer_1,streed,4,20,3,0.008,0.01,0.1,0.7876322218910558,2.0685772417930366,599.7143988609314,1.9765221145051488,0.7971483882228076,1.955756882610209,0.7958675983731166,4.0
temperature_max,outer_1,streed,4,20,3,0.008,0.01,0.001,0.8111412664815663,1.8414368320389964,599.7088615894318,1.8099785322981816,0.8142408527259376,1.931437582071721,0.7984059288112956,4.0
temperature_max,outer_1,streed,4,20,3,0.008,0.001,0.1,0.7909286451511862,2.036258908861197,599.7115333080292,1.9885317168135213,0.7959158357675742,1.980481261881402,0.793286987784838,4.0
temperature_max,outer_1,streed,4,20,3,0.008,0.001,0.001,0.8101759794675271,1.8507673121369677,599.7139887809753,1.8100989967203636,0.814228489392372,1.8635096409900087,0.8054959172827015,4.0
temperature_max,outer_1,streed,4,20,3,0.008,0.0001,0.1,0.7909912122087236,2.035648603202669,599.712899684906,1.98786282722452,0.7959844842943142,1.9798062260679696,0.793357444743474,4.0
temperature_max,outer_1,streed,4,20,3,0.008,0.0001,0.001,0.8091488844776998,1.8609712984442688,599.7091188430786,1.810559372410247,0.814181240768119,1.8641760443601183,0.80542636133656,4.0
temperature_max,outer_1,streed,4,20,3,0.008,1e-05,0.1,0.7910046949610559,2.0355157066414287,599.7169754505157,1.987796137789533,0.7959913286697332,1.979738952246388,0.79336446645813,4.0
temperature_max,outer_1,streed,4,20,3,0.008,1e-05,0.001,0.8091417054046145,1.861041796347764,599.7112069129944,1.8106088187760585,0.8141761660588973,1.864247924206306,0.8054188588674335,4.0
temperature_max,outer_1,streed,4,20,3,0.005,0.1,0.1,0.7751515754237737,2.1895716764477338,599.7092440128326,2.30515346726365,0.7634207617528801,2.3194609203280527,0.7579059379229434,4.0
temperature_max,outer_1,streed,4,20,3,0.005,0.1,0.001,0.8121345528265538,1.8295108745437565,599.711412191391,1.902965153766167,0.8046975817956151,1.9130587994080244,0.8003242168549054,4.0
temperature_max,outer_1,streed,4,20,3,0.005,0.01,0.1,0.7853952332985035,2.089565534018608,599.7105991840363,1.9765221145051488,0.7971483882228076,1.955756882610209,0.7958675983731166,4.0
temperature_max,outer_1,streed,4,20,3,0.005,0.01,0.001,0.8261236071728101,1.6939948448343645,599.7064180374146,1.8099785322981816,0.8142408527259376,1.931437582071721,0.7984059288112956,4.0
temperature_max,outer_1,streed,4,20,3,0.005,0.001,0.1,0.7869072654291814,2.0745513052817723,599.7028000354767,1.9885317168135213,0.7959158357675742,1.980481261881402,0.793286987784838,4.0
temperature_max,outer_1,streed,4,20,3,0.005,0.001,0.001,0.8238816042065441,1.7159715648491891,599.7107317447662,1.8100989967203636,0.814228489392372,1.8635096409900087,0.8054959172827015,4.0
temperature_max,outer_1,streed,4,20,3,0.005,0.0001,0.1,0.7868405347598552,2.075172993061802,599.7089438438416,1.98786282722452,0.7959844842943142,1.9798062260679696,0.793357444743474,4.0
temperature_max,outer_1,streed,4,20,3,0.005,0.0001,0.001,0.8237769260519666,1.7170044081479998,599.6937100887299,1.810559372410247,0.814181240768119,1.8641760443601183,0.80542636133656,4.0
temperature_max,outer_1,streed,4,20,3,0.005,1e-05,0.1,0.7868408964336897,2.0751651151826764,599.7016308307648,1.987796137789533,0.7959913286697332,1.979738952246388,0.79336446645813,4.0
temperature_max,outer_1,streed,4,20,3,0.005,1e-05,0.001,0.8237721626659509,1.717051086568376,599.702353477478,1.8106088187760585,0.8141761660588973,1.864247924206306,0.8054188588674335,4.0
temperature_max,outer_1,streed,4,20,3,0.003,0.1,0.1,0.7759928892241499,2.181352365269003,599.7032217979431,2.30515346726365,0.7634207617528801,2.3194609203280527,0.7579059379229434,4.0
temperature_max,outer_1,streed,4,20,3,0.003,0.1,0.001,0.8121345528265538,1.8295108745437565,599.7058336734772,1.902965153766167,0.8046975817956151,1.9130587994080244,0.8003242168549054,4.0
temperature_max,outer_1,streed,4,20,3,0.003,0.01,0.1,0.7841596305359028,2.1011308518998946,599.7094013690948,1.9765221145051488,0.7971483882228076,1.955756882610209,0.7958675983731166,4.0
temperature_max,outer_1,streed,4,20,3,0.003,0.01,0.001,0.8261236071728101,1.6939948448343645,599.7022454738617,1.8099785322981816,0.8142408527259376,1.931437582071721,0.7984059288112956,4.0
temperature_max,outer_1,streed,4,20,3,0.003,0.001,0.1,0.7856417604580624,2.0864010265935278,599.7050747871399,1.9885317168135213,0.7959158357675742,1.980481261881402,0.793286987784838,4.0
temperature_max,outer_1,streed,4,20,3,0.003,0.001,0.001,0.8238816042065441,1.7159715648491891,599.7045922279358,1.8100989967203636,0.814228489392372,1.8635096409900087,0.8054959172827015,4.0
temperature_max,outer_1,streed,4,20,3,0.003,0.0001,0.1,0.7855714599055323,2.087056755963104,599.7060928344727,1.98786282722452,0.7959844842943142,1.9798062260679696,0.793357444743474,4.0
temperature_max,outer_1,streed,4,20,3,0.003,0.0001,0.001,0.8237769260519666,1.7170044081479998,599.7094640731812,1.810559372410247,0.814181240768119,1.8641760443601183,0.80542636133656,4.0
temperature_max,outer_1,streed,4,20,3,0.003,1e-05,0.1,0.7855714592197572,2.0870523340457474,599.7100887298584,1.987796137789533,0.7959913286697332,1.979738952246388,0.79336446645813,4.0
temperature_max,outer_1,streed,4,20,3,0.003,1e-05,0.001,0.8237721626659509,1.717051086568376,599.7052989006042,1.8106088187760585,0.8141761660588973,1.864247924206306,0.8054188588674335,4.0
temperature_max,outer_1,streed,4,20,3,0.001,0.1,0.1,0.7759928892241499,2.181352365269003,599.7074642181396,2.30515346726365,0.7634207617528801,2.3194609203280527,0.7579059379229434,4.0
temperature_max,outer_1,streed,4,20,3,0.001,0.1,0.001,0.8121345528265538,1.8295108745437565,599.712274312973,1.902965153766167,0.8046975817956151,1.9130587994080244,0.8003242168549054,4.0
temperature_max,outer_1,streed,4,20,3,0.001,0.01,0.1,0.7841596305359028,2.1011308518998946,599.7066783905029,1.9765221145051488,0.7971483882228076,1.955756882610209,0.7958675983731166,4.0
temperature_max,outer_1,streed,4,20,3,0.001,0.01,0.001,0.8261236071728101,1.6939948448343645,599.7052714824677,1.8099785322981816,0.8142408527259376,1.931437582071721,0.7984059288112956,4.0
temperature_max,outer_1,streed,4,20,3,0.001,0.001,0.1,0.7856417604580624,2.0864010265935278,599.7123045921326,1.9885317168135213,0.7959158357675742,1.980481261881402,0.793286987784838,4.0
temperature_max,outer_1,streed,4,20,3,0.001,0.001,0.001,0.8238816042065441,1.7159715648491891,599.7042679786682,1.8100989967203636,0.814228489392372,1.8635096409900087,0.8054959172827015,4.0
temperature_max,outer_1,streed,4,20,3,0.001,0.0001,0.1,0.7855714599055323,2.087056755963104,599.7071032524109,1.98786282722452,0.7959844842943142,1.9798062260679696,0.793357444743474,4.0
temperature_max,outer_1,streed,4,20,3,0.001,0.0001,0.001,0.8237769260519666,1.7170044081479998,599.7043340206146,1.810559372410247,0.814181240768119,1.8641760443601183,0.80542636133656,4.0
temperature_max,outer_1,streed,4,20,3,0.001,1e-05,0.1,0.7855714592197572,2.0870523340457474,599.7063307762146,1.987796137789533,0.7959913286697332,1.979738952246388,0.79336446645813,4.0
temperature_max,outer_1,streed,4,20,3,0.001,1e-05,0.001,0.8237721626659509,1.717051086568376,599.7050786018372,1.8106088187760585,0.8141761660588973,1.864247924206306,0.8054188588674335,4.0
temperature_max,outer_1,streed,4,20,3,0.0005,0.1,0.1,0.7759928892241499,2.181352365269003,599.7020637989044,2.30515346726365,0.7634207617528801,2.3194609203280527,0.7579059379229434,4.0
temperature_max,outer_1,streed,4,20,3,0.0005,0.1,0.001,0.8121345528265538,1.8295108745437565,599.7060420513153,1.902965153766167,0.8046975817956151,1.9130587994080244,0.8003242168549054,4.0
temperature_max,outer_1,streed,4,20,3,0.0005,0.01,0.1,0.7841596305359028,2.1011308518998946,599.7080733776093,1.9765221145051488,0.7971483882228076,1.955756882610209,0.7958675983731166,4.0
temperature_max,outer_1,streed,4,20,3,0.0005,0.01,0.001,0.8261236071728101,1.6939948448343645,599.7059426307678,1.8099785322981816,0.8142408527259376,1.931437582071721,0.7984059288112956,4.0
temperature_max,outer_1,streed,4,20,3,0.0005,0.001,0.1,0.7856417604580624,2.0864010265935278,599.7037281990051,1.9885317168135213,0.7959158357675742,1.980481261881402,0.793286987784838,4.0
temperature_max,outer_1,streed,4,20,3,0.0005,0.001,0.001,0.8238816042065441,1.7159715648491891,599.701456785202,1.8100989967203636,0.814228489392372,1.8635096409900087,0.8054959172827015,4.0
temperature_max,outer_1,streed,4,20,3,0.0005,0.0001,0.1,0.7855714599055323,2.087056755963104,599.7046101093292,1.98786282722452,0.7959844842943142,1.9798062260679696,0.793357444743474,4.0
temperature_max,outer_1,streed,4,20,3,0.0005,0.0001,0.001,0.8237769260519666,1.7170044081479998,599.7055180072784,1.810559372410247,0.814181240768119,1.8641760443601183,0.80542636133656,4.0
temperature_max,outer_1,streed,4,20,3,0.0005,1e-05,0.1,0.7855714592197572,2.0870523340457474,599.7050659656525,1.987796137789533,0.7959913286697332,1.979738952246388,0.79336446645813,4.0
temperature_max,outer_1,streed,4,20,3,0.0005,1e-05,0.001,0.8237721626659509,1.717051086568376,599.7072460651398,1.8106088187760585,0.8141761660588973,1.864247924206306,0.8054188588674335,4.0
temperature_max,outer_1,streed,4,20,3,0.0001,0.1,0.1,0.7759928892241499,2.181352365269003,599.7053849697113,2.30515346726365,0.7634207617528801,2.3194609203280527,0.7579059379229434,4.0
temperature_max,outer_1,streed,4,20,3,0.0001,0.1,0.001,0.8121345528265538,1.8295108745437565,599.7084050178528,1.902965153766167,0.8046975817956151,1.9130587994080244,0.8003242168549054,4.0
temperature_max,outer_1,streed,4,20,3,0.0001,0.01,0.1,0.7841596305359028,2.1011308518998946,599.7082908153534,1.9765221145051488,0.7971483882228076,1.955756882610209,0.7958675983731166,4.0
temperature_max,outer_1,streed,4,20,3,0.0001,0.01,0.001,0.8261236071728101,1.6939948448343645,599.7099571228027,1.8099785322981816,0.8142408527259376,1.931437582071721,0.7984059288112956,4.0
temperature_max,outer_1,streed,4,20,3,0.0001,0.001,0.1,0.7856417604580624,2.0864010265935278,599.7057611942291,1.9885317168135213,0.7959158357675742,1.980481261881402,0.793286987784838,4.0
temperature_max,outer_1,streed,4,20,3,0.0001,0.001,0.001,0.8238816042065441,1.7159715648491891,599.7042949199677,1.8100989967203636,0.814228489392372,1.8635096409900087,0.8054959172827015,4.0
temperature_max,outer_1,streed,4,20,3,0.0001,0.0001,0.1,0.7855714599055323,2.087056755963104,599.7060353755951,1.98786282722452,0.7959844842943142,1.9798062260679696,0.793357444743474,4.0
temperature_max,outer_1,streed,4,20,3,0.0001,0.0001,0.001,0.8237769260519666,1.7170044081479998,599.7039184570312,1.810559372410247,0.814181240768119,1.8641760443601183,0.80542636133656,4.0
temperature_max,outer_1,streed,4,20,3,0.0001,1e-05,0.1,0.7855714592197572,2.0870523340457474,599.7091364860535,1.8524504447739063,0.8098819356980258,1.921280003624787,0.7994661275003672,8.0
temperature_max,outer_1,streed,4,20,3,0.0001,1e-05,0.001,0.8237721626659509,1.717051086568376,599.7063724994659,1.8106088187760585,0.8141761660588973,1.864247924206306,0.8054188588674335,4.0
temperature_max,outer_2,streed,4,20,3,0.1,0.1,0.1,0.7643249368198571,2.30258536996157,599.7661437988281,2.28971647247644,0.7656986699411427,2.400637671975434,0.7463537805886379,1.0
temperature_max,outer_2,streed,4,20,3,0.1,0.1,0.001,0.7688912072157756,2.2577726361374046,258.1064386367798,2.240866020221277,0.7706974224395173,2.3572660020382914,0.7509363380639029,1.0
temperature_max,outer_2,streed,4,20,3,0.1,0.01,0.1,0.7634563592892144,2.310675350645924,599.7304503917694,2.297210712043512,0.7649318019382909,2.3843300087270767,0.7480768132556108,1.0
temperature_max,outer_2,streed,4,20,3,0.1,0.01,0.001,0.7614275293135592,2.33020018615684,247.92508935928345,2.3061310104749277,0.7640190086679775,2.3969173077148165,0.7467468662843907,1.0
temperature_max,outer_2,streed,4,20,3,0.1,0.001,0.1,0.7632964493604728,2.312215069526556,599.724969625473,2.298839168256769,0.7647651658236037,2.38379542861511,0.7481332958418652,1.0
temperature_max,outer_2,streed,4,20,3,0.1,0.001,0.001,0.7605977342422575,2.3382330219737297,241.6906578540802,2.3174272100240434,0.7628630949944798,2.404672610637026,0.7459274576374416,1.0
temperature_max,outer_2,streed,4,20,3,0.1,0.0001,0.1,0.7632889578490781,2.312286806161272,599.7251160144806,2.2988262444294016,0.7647664882886243,2.3836149828154096,0.7481523613574309,1.0
temperature_max,outer_2,streed,4,20,3,0.1,0.0001,0.001,0.7603132978636135,2.341062078778782,239.80520153045651,2.3186186006485374,0.7627411827790181,2.4054979996717862,0.7458402488051157,1.0
temperature_max,outer_2,streed,4,20,3,0.1,1e-05,0.1,0.7632881680516551,2.3122943744422533,599.7254173755646,2.298825376987002,0.7647665770519756,2.383597318368776,0.7481542277449158,1.0
temperature_max,outer_2,streed,4,20,3,0.1,1e-05,0.001,0.7603003235093425,2.341188244728151,242.59079146385196,2.3187383763464604,0.7627289264120534,2.4055810533044397,0.745831473536704,1.0
temperature_max,outer_2,streed,4,20,3,0.08,0.1,0.1,0.7643249368198571,2.30258536996157,599.7294375896454,2.28971647247644,0.7656986699411427,2.400637671975434,0.7463537805886379,1.0
temperature_max,outer_2,streed,4,20,3,0.08,0.1,0.001,0.7688912072157756,2.2577726361374046,599.7232751846313,2.240866020221277,0.7706974224395173,2.3572660020382914,0.7509363380639029,1.0
temperature_max,outer_2,streed,4,20,3,0.08,0.01,0.1,0.7634563592892144,2.310675350645924,599.7237622737885,2.297210712043512,0.7649318019382909,2.3843300087270767,0.7480768132556108,1.0
temperature_max,outer_2,streed,4,20,3,0.08,0.01,0.001,0.7614275293135592,2.33020018615684,599.725855588913,2.3061310104749277,0.7640190086679775,2.3969173077148165,0.7467468662843907,1.0
temperature_max,outer_2,streed,4,20,3,0.08,0.001,0.1,0.7632964493604728,2.312215069526556,599.7199676036835,2.298839168256769,0.7647651658236037,2.38379542861511,0.7481332958418652,1.0
temperature_max,outer_2,streed,4,20,3,0.08,0.001,0.001,0.7605977342422575,2.3382330219737297,246.880126953125,2.3174272100240434,0.7628630949944798,2.404672610637026,0.7459274576374416,1.0
temperature_max,outer_2,streed,4,20,3,0.08,0.0001,0.1,0.7632889578490781,2.312286806161272,599.7219936847687,2.2988262444294016,0.7647664882886243,2.3836149828154096,0.7481523613574309,1.0
temperature_max,outer_2,streed,4,20,3,0.08,0.0001,0.001,0.7603132978636135,2.341062078778782,244.112596988678,2.3186186006485374,0.7627411827790181,2.4054979996717862,0.7458402488051157,1.0
temperature_max,outer_2,streed,4,20,3,0.08,1e-05,0.1,0.7632881680516551,2.3122943744422533,599.7232732772827,2.298825376987002,0.7647665770519756,2.383597318368776,0.7481542277449158,1.0
temperature_max,outer_2,streed,4,20,3,0.08,1e-05,0.001,0.7603003235093425,2.341188244728151,242.9963994026184,2.3187383763464604,0.7627289264120534,2.4055810533044397,0.745831473536704,1.0
temperature_max,outer_2,streed,4,20,3,0.05,0.1,0.1,0.7643249368198571,2.30258536996157,599.7187895774841,2.28971647247644,0.7656986699411427,2.400637671975434,0.7463537805886379,1.0
temperature_max,outer_2,streed,4,20,3,0.05,0.1,0.001,0.7688912072157756,2.2577726361374046,599.7184019088745,2.240866020221277,0.7706974224395173,2.3572660020382914,0.7509363380639029,1.0
temperature_max,outer_2,streed,4,20,3,0.05,0.01,0.1,0.7634563592892144,2.310675350645924,599.7199468612671,2.297210712043512,0.7649318019382909,2.3843300087270767,0.7480768132556108,1.0
temperature_max,outer_2,streed,4,20,3,0.05,0.01,0.001,0.7614275293135592,2.33020018615684,599.7221391201019,2.3061310104749277,0.7640190086679775,2.3969173077148165,0.7467468662843907,1.0
temperature_max,outer_2,streed,4,20,3,0.05,0.001,0.1,0.7632964493604728,2.312215069526556,599.7061681747437,2.298839168256769,0.7647651658236037,2.38379542861511,0.7481332958418652,1.0
temperature_max,outer_2,streed,4,20,3,0.05,0.001,0.001,0.7605977342422575,2.3382330219737297,599.7166011333466,2.3174272100240434,0.7628630949944798,2.404672610637026,0.7459274576374416,1.0
temperature_max,outer_2,streed,4,20,3,0.05,0.0001,0.1,0.7632889578490781,2.312286806161272,599.7140073776245,2.2988262444294016,0.7647664882886243,2.3836149828154096,0.7481523613574309,1.0
temperature_max,outer_2,streed,4,20,3,0.05,0.0001,0.001,0.7603132978636135,2.341062078778782,599.7173352241516,2.3186186006485374,0.7627411827790181,2.4054979996717862,0.7458402488051157,1.0
temperature_max,outer_2,streed,4,20,3,0.05,1e-05,0.1,0.7632881680516551,2.3122943744422533,599.716926574707,2.298825376987002,0.7647665770519756,2.383597318368776,0.7481542277449158,1.0
temperature_max,outer_2,streed,4,20,3,0.05,1e-05,0.001,0.7603003235093425,2.341188244728151,599.7194595336914,2.3187383763464604,0.7627289264120534,2.4055810533044397,0.745831473536704,1.0
temperature_max,outer_2,streed,4,20,3,0.03,0.1,0.1,0.7643249368198571,2.30258536996157,599.7127661705017,2.28971647247644,0.7656986699411427,2.400637671975434,0.7463537805886379,1.0
temperature_max,outer_2,streed,4,20,3,0.03,0.1,0.001,0.7688912072157756,2.2577726361374046,599.7164874076843,2.240866020221277,0.7706974224395173,2.3572660020382914,0.7509363380639029,1.0
temperature_max,outer_2,streed,4,20,3,0.03,0.01,0.1,0.7634563592892144,2.310675350645924,599.7123830318451,2.297210712043512,0.7649318019382909,2.3843300087270767,0.7480768132556108,1.0
temperature_max,outer_2,streed,4,20,3,0.03,0.01,0.001,0.7614275293135592,2.33020018615684,599.7172453403473,2.3061310104749277,0.7640190086679775,2.3969173077148165,0.7467468662843907,1.0
temperature_max,outer_2,streed,4,20,3,0.03,0.001,0.1,0.7632964493604728,2.312215069526556,599.7146224975586,2.298839168256769,0.7647651658236037,2.38379542861511,0.7481332958418652,1.0
temperature_max,outer_2,streed,4,20,3,0.03,0.001,0.001,0.7605977342422575,2.3382330219737297,599.7229387760162,2.3174272100240434,0.7628630949944798,2.404672610637026,0.7459274576374416,1.0
temperature_max,outer_2,streed,4,20,3,0.03,0.0001,0.1,0.7632889578490781,2.312286806161272,599.7185888290405,2.2988262444294016,0.7647664882886243,2.3836149828154096,0.7481523613574309,1.0
temperature_max,outer_2,streed,4,20,3,0.03,0.0001,0.001,0.7603132978636135,2.341062078778782,599.7286648750305,2.3186186006485374,0.7627411827790181,2.4054979996717862,0.7458402488051157,1.0
temperature_max,outer_2,streed,4,20,3,0.03,1e-05,0.1,0.7632881680516551,2.3122943744422533,599.7256891727448,2.298825376987002,0.7647665770519756,2.383597318368776,0.7481542277449158,1.0
temperature_max,outer_2,streed,4,20,3,0.03,1e-05,0.001,0.7603003235093425,2.341188244728151,599.7224278450012,2.3187383763464604,0.7627289264120534,2.4055810533044397,0.745831473536704,1.0
temperature_max,outer_2,streed,4,20,3,0.01,0.1,0.1,0.7755671945929912,2.193126427755002,599.7220592498779,2.16546184432226,0.7784133553585061,2.280182175813759,0.759080849552605,5.0
temperature_max,outer_2,streed,4,20,3,0.01,0.1,0.001,0.7930798554178944,2.021674203631724,599.7238521575928,1.95076023197106,0.8003832690768016,2.0807711630856693,0.7801501887860637,3.0
temperature_max,outer_2,streed,4,20,3,0.01,0.01,0.1,0.784310480355761,2.1080438564898247,599.725250005722,2.0758712115398685,0.7875809552225304,2.2178089620211137,0.7656710693328447,3.0
temperature_max,outer_2,streed,4,20,3,0.01,0.01,0.001,0.7995307168906306,1.9583663223446404,599.7301142215729,1.902594018554573,0.805312005015525,2.0264109277261824,0.7858937744784017,3.0
temperature_max,outer_2,streed,4,20,3,0.01,0.001,0.1,0.7853818129942983,2.097648737073858,599.7312622070312,2.0478060775958307,0.7904527947233643,2.1665169557788264,0.7710904725277777,3.0
temperature_max,outer_2,streed,4,20,3,0.01,0.001,0.001,0.7992001726104104,1.9623897032914008,599.7255351543427,1.8083573405918252,0.814955023813883,1.9699361242770987,0.7918607808926068,4.0
temperature_max,outer_2,streed,4,20,3,0.01,0.0001,0.1,0.7854244747856344,2.097230689161654,599.7254636287689,2.047363187456841,0.7904981146351886,2.166003149975272,0.7711447601452323,3.0
temperature_max,outer_2,streed,4,20,3,0.01,0.0001,0.001,0.7990633470389513,1.9636729751865871,599.7219309806824,1.8086200650565625,0.8149281398340248,1.9703881450869312,0.7918130213448634,4.0
temperature_max,outer_2,streed,4,20,3,0.01,1e-05,0.1,0.7854286833377144,2.097189440805666,599.716557264328,2.0473192803172164,0.7905026075500698,2.165952094318475,0.7711501545762525,3.0
temperature_max,outer_2,streed,4,20,3,0.01,1e-05,0.001,0.7990392654918167,1.9639073921670225,599.7211163043976,1.8086490305099452,0.814925175866942,1.970435423772598,0.7918080259804992,4.0
temperature_max,outer_2,streed,4,20,3,0.008,0.1,0.1,0.7753466517621828,2.1952372578693957,599.7242324352264,2.090263139015913,0.7861082629524254,2.1892083565788267,0.7686929478645361,7.0
temperature_max,outer_2,streed,4,20,3,0.008,0.1,0.001,0.8023162623360515,1.930303859292054,599.7256298065186,1.887774724960436,0.8068284286607128,1.9803385654846464,0.7907616813009669,4.0
temperature_max,outer_2,streed,4,20,3,0.008,0.01,0.1,0.7881025888405114,2.069132515965657,599.7297358512878,1.9856654545126649,0.7968114993115026,2.083233667052953,0.7798900059067901,6.0
temperature_max,outer_2,streed,4,20,3,0.008,0.01,0.001,0.8130412689337856,1.8282803393255869,599.7214050292969,1.803000313524816,0.8155031958614046,2.0383279822537244,0.7846346440970382,4.0
temperature_max,outer_2,streed,4,20,3,0.008,0.001,0.1,0.7877357881178609,2.074041445266032,599.7259242534637,1.977421460506172,0.7976550879321624,2.0702915943228013,0.7812574375095146,6.0
temperature_max,outer_2,streed,4,20,3,0.008,0.001,0.001,0.8125041977302777,1.833599816710164,599.7256736755371,1.8083573405918252,0.814955023813883,1.9699361242770987,0.7918607808926068,4.0
temperature_max,outer_2,streed,4,20,3,0.008,0.0001,0.1,0.7863893486917003,2.08691664513587,599.7319211959839,1.9766079992386316,0.7977383275206562,2.0689687475399805,0.7813972066588701,6.0
temperature_max,outer_2,streed,4,20,3,0.008,0.0001,0.001,0.8055581288939516,1.900099781673742,599.729599237442,1.8086200650565625,0.8149281398340248,1.9703881450869312,0.7918130213448634,4.0
temperature_max,outer_2,streed,4,20,3,0.008,1e-05,0.1,0.7863968283522823,2.0868438952766115,599.7323455810547,1.9765268014215969,0.7977466363033189,2.068836155742617,0.7814112160233481,6.0
temperature_max,outer_2,streed,4,20,3,0.008,1e-05,0.001,0.8055279464344051,1.9003912261675568,599.7347819805145,1.8086490305099452,0.814925175866942,1.970435423772598,0.7918080259804992,4.0
temperature_max,outer_2,streed,4,20,3,0.005,0.1,0.1,0.780708460185482,2.1422855532765817,599.7357609272003,2.067207728395648,0.7884674691852998,2.1735822728350507,0.7703439663052125,8.0
temperature_max,outer_2,streed,4,20,3,0.005,0.1,0.001,0.8190865272245472,1.767095118588551,599.7290167808533,1.58414390068359,0.8378982605940917,1.934465808262809,0.795608498285939,8.0
temperature_max,outer_2,streed,4,20,3,0.005,0.01,0.1,0.7939983621210479,2.0114382762985485,599.7315428256989,1.9222206558302328,0.8033036571377216,2.0088127470398245,0.7877531604456058,7.0
temperature_max,outer_2,streed,4,20,3,0.005,0.01,0.001,0.820032322692306,1.7592647468866776,599.7238490581512,1.5129935370610732,0.8451789108542075,1.6533077730147792,0.8253150523112726,8.0
temperature_max,outer_2,streed,4,20,3,0.005,0.001,0.1,0.7948754708669331,2.002896532453819,599.7260322570801,1.8626136774359752,0.80940309979206,2.004048802121864,0.788256508631811,8.0
temperature_max,outer_2,streed,4,20,3,0.005,0.001,0.001,0.8163910701822578,1.7944451186058616,599.728009223938,1.5055488600295857,0.8459407072387396,1.7637305394173028,0.8136480200215157,8.0
temperature_max,outer_2,streed,4,20,3,0.005,0.0001,0.1,0.7931508802626609,2.0194554950661776,599.7267785072327,1.861273222535059,0.8095402654062065,2.0023019860505067,0.7884410734654297,8.0
temperature_max,outer_2,streed,4,20,3,0.005,0.0001,0.001,0.8161161933240065,1.797137451062488,599.7246124744415,1.505426441491279,0.8459532340413782,1.765683711111014,0.8134416520961288,8.0
temperature_max,outer_2,streed,4,20,3,0.005,1e-05,0.1,0.7931603213622481,2.019363682767114,599.7315180301666,1.8611970658701031,0.8095480583395702,2.002194167675037,0.7884524653233682,8.0
temperature_max,outer_2,streed,4,20,3,0.005,1e-05,0.001,0.8156027037938526,1.802329189165256,599.7297532558441,1.5054168356296118,0.8459542169867306,1.765886014538297,0.813420277150587,8.0
temperature_max,outer_2,streed,4,20,3,0.003,0.1,0.1,0.7814015966546585,2.1356207414928425,599.7123794555664,2.067207728395648,0.7884674691852998,2.1735822728350507,0.7703439663052125,8.0
temperature_max,outer_2,streed,4,20,3,0.003,0.1,0.001,0.8190865272245472,1.767095118588551,599.7107272148132,1.887774724960436,0.8068284286607128,1.9803385654846464,0.7907616813009669,4.0
temperature_max,outer_2,streed,4,20,3,0.003,0.01,0.1,0.7939983621210479,2.0114382762985485,599.7026672363281,1.8697310333370056,0.8086747974130715,2.010234528991678,0.7876029380188211,8.0
temperature_max,outer_2,streed,4,20,3,0.003,0.01,0.001,0.820032322692306,1.7592647468866776,599.7080180644989,1.803000313524816,0.8155031958614046,2.0383279822537244,0.7846346440970382,4.0
temperature_max,outer_2,streed,4,20,3,0.003,0.001,0.1,0.7948754708669331,2.002896532453819,599.714861869812,1.8626136774359752,0.80940309979206,2.004048802121864,0.788256508631811,8.0
temperature_max,outer_2,streed,4,20,3,0.003,0.001,0.001,0.8163910701822578,1.7944451186058616,599.7189798355103,1.5055488600295857,0.8459407072387396,1.7637305394173028,0.8136480200215157,8.0
temperature_max,outer_2,streed,4,20,3,0.003,0.0001,0.1,0.7931508802626609,2.0194554950661776,599.7199311256409,1.861273222535059,0.8095402654062065,2.0023019860505067,0.7884410734654297,8.0
temperature_max,outer_2,streed,4,20,3,0.003,0.0001,0.001,0.8161161933240065,1.797137451062488,599.7108337879181,1.8086200650565625,0.8149281398340248,1.9703881450869312,0.7918130213448634,4.0
temperature_max,outer_2,streed,4,20,3,0.003,1e-05,0.1,0.7931603213622481,2.019363682767114,599.7188341617584,1.8611970658701031,0.8095480583395702,2.002194167675037,0.7884524653233682,8.0
temperature_max,outer_2,streed,4,20,3,0.003,1e-05,0.001,0.8156027037938526,1.802329189165256,599.7132918834686,1.8086490305099452,0.814925175866942,1.970435423772598,0.7918080259804992,4.0
temperature_max,outer_2,streed,4,20,3,0.001,0.1,0.1,0.7814015966546585,2.1356207414928425,599.7130773067474,2.067207728395648,0.7884674691852998,2.1735822728350507,0.7703439663052125,8.0
temperature_max,outer_2,streed,4,20,3,0.001,0.1,0.001,0.8190865272245472,1.767095118588551,599.7117109298706,1.887774724960436,0.8068284286607128,1.9803385654846464,0.7907616813009669,4.0
temperature_max,outer_2,streed,4,20,3,0.001,0.01,0.1,0.7939983621210479,2.0114382762985485,599.7099113464355,1.8697310333370056,0.8086747974130715,2.010234528991678,0.7876029380188211,8.0
temperature_max,outer_2,streed,4,20,3,0.001,0.01,0.001,0.820032322692306,1.7592647468866776,599.7118349075317,1.5129935370610732,0.8451789108542075,1.6533077730147792,0.8253150523112726,8.0
temperature_max,outer_2,streed,4,20,3,0.001,0.001,0.1,0.7948754708669331,2.002896532453819,599.7110223770142,1.8626136774359752,0.80940309979206,2.004048802121864,0.788256508631811,8.0
temperature_max,outer_2,streed,4,20,3,0.001,0.001,0.001,0.8163910701822578,1.7944451186058616,599.7078535556793,1.5055488600295857,0.8459407072387396,1.7637305394173028,0.8136480200215157,8.0
temperature_max,outer_2,streed,4,20,3,0.001,0.0001,0.1,0.7931508802626609,2.0194554950661776,599.7201602458954,1.861273222535059,0.8095402654062065,2.0023019860505067,0.7884410734654297,8.0
temperature_max,outer_2,streed,4,20,3,0.001,0.0001,0.001,0.8161161933240065,1.797137451062488,599.7095580101013,1.505426441491279,0.8459532340413782,1.765683711111014,0.8134416520961288,8.0
temperature_max,outer_2,streed,4,20,3,0.001,1e-05,0.1,0.7931603213622481,2.019363682767114,599.7083599567413,1.8611970658701031,0.8095480583395702,2.002194167675037,0.7884524653233682,8.0
temperature_max,outer_2,streed,4,20,3,0.001,1e-05,0.001,0.8156027037938526,1.802329189165256,599.7052276134491,1.5054168356296118,0.8459542169867306,1.765886014538297,0.813420277150587,8.0
temperature_max,outer_2,streed,4,20,3,0.0005,0.1,0.1,0.7814015966546585,2.1356207414928425,599.6999471187592,2.067207728395648,0.7884674691852998,2.1735822728350507,0.7703439663052125,8.0
temperature_max,outer_2,streed,4,20,3,0.0005,0.1,0.001,0.8190865272245472,1.767095118588551,599.700982093811,1.887774724960436,0.8068284286607128,1.9803385654846464,0.7907616813009669,4.0
temperature_max,outer_2,streed,4,20,3,0.0005,0.01,0.1,0.7939983621210479,2.0114382762985485,599.7094128131866,1.8697310333370056,0.8086747974130715,2.010234528991678,0.7876029380188211,8.0
temperature_max,outer_2,streed,4,20,3,0.0005,0.01,0.001,0.820032322692306,1.7592647468866776,599.7132110595703,1.803000313524816,0.8155031958614046,2.0383279822537244,0.7846346440970382,4.0
temperature_max,outer_2,streed,4,20,3,0.0005,0.001,0.1,0.7948754708669331,2.002896532453819,599.7093739509583,1.944135556378884,0.8010611566323629,2.021124408468701,0.7864523367467353,4.0
temperature_max,outer_2,streed,4,20,3,0.0005,0.001,0.001,0.8163910701822578,1.7944451186058616,599.7081739902496,1.8083573405918252,0.814955023813883,1.9699361242770987,0.7918607808926068,4.0
temperature_max,outer_2,streed,4,20,3,0.0005,0.0001,0.1,0.7931508802626609,2.0194554950661776,599.7116987705231,1.943406645140337,0.8011357444141862,2.0200663292942886,0.7865641311193556,4.0
temperature_max,outer_2,streed,4,20,3,0.0005,0.0001,0.001,0.8161161933240065,1.797137451062488,599.7106833457947,1.8086200650565625,0.8149281398340248,1.9703881450869312,0.7918130213448634,4.0
temperature_max,outer_2,streed,4,20,3,0.0005,1e-05,0.1,0.7931603213622481,2.019363682767114,599.7118895053864,1.943334051347636,0.8011431727671672,2.019960617316816,0.7865753004198067,4.0
temperature_max,outer_2,streed,4,20,3,0.0005,1e-05,0.001,0.8156027037938526,1.802329189165256,599.7087740898132,1.8086490305099452,0.814925175866942,1.970435423772598,0.7918080259804992,4.0
temperature_max,outer_2,streed,4,20,3,0.0001,0.1,0.1,0.7814015966546585,2.1356207414928425,599.7044584751129,2.067207728395648,0.7884674691852998,2.1735822728350507,0.7703439663052125,8.0
temperature_max,outer_2,streed,4,20,3,0.0001,0.1,0.001,0.8190865272245472,1.767095118588551,599.7106211185455,1.887774724960436,0.8068284286607128,1.9803385654846464,0.7907616813009669,4.0
temperature_max,outer_2,streed,4,20,3,0.0001,0.01,0.1,0.7939983621210479,2.0114382762985485,599.7089712619781,1.9960188143112352,0.7957520642239962,2.0610675826366265,0.7822320267694087,4.0
temperature_max,outer_2,streed,4,20,3,0.0001,0.01,0.001,0.820032322692306,1.7592647468866776,599.7223181724548,1.5129935370610732,0.8451789108542075,1.6533077730147792,0.8253150523112726,8.0
temperature_max,outer_2,streed,4,20,3,0.0001,0.001,0.1,0.7948754708669331,2.002896532453819,599.726247549057,1.8626136774359752,0.80940309979206,2.004048802121864,0.788256508631811,8.0
temperature_max,outer_2,streed,4,20,3,0.0001,0.001,0.001,0.8163910701822578,1.7944451186058616,599.7145912647247,1.5055488600295857,0.8459407072387396,1.7637305394173028,0.8136480200215157,8.0
temperature_max,outer_2,streed,4,20,3,0.0001,0.0001,0.1,0.7931508802626609,2.0194554950661776,599.7248878479004,1.861273222535059,0.8095402654062065,2.0023019860505067,0.7884410734654297,8.0
temperature_max,outer_2,streed,4,20,3,0.0001,0.0001,0.001,0.8173812670468541,1.7850293462498072,599.7150616645813,1.505426441491279,0.8459532340413782,1.765683711111014,0.8134416520961288,8.0
temperature_max,outer_2,streed,4,20,3,0.0001,1e-05,0.1,0.7931603213622481,2.019363682767114,599.7209875583649,1.8611970658701031,0.8095480583395702,2.002194167675037,0.7884524653233682,8.0
temperature_max,outer_2,streed,4,20,3,0.0001,1e-05,0.001,0.8156027037938526,1.802329189165256,599.7204818725586,1.5054168356296118,0.8459542169867306,1.765886014538297,0.813420277150587,8.0
temperature_max,outer_3,streed,4,20,3,0.1,0.1,0.1,0.7577206539754506,2.3619945219931004,599.7746725082397,2.3291578405700677,0.7611864518339643,2.2031833669609218,0.7691185882282079,1.0
temperature_max,outer_3,streed,4,20,3,0.1,0.1,0.001,0.7635203662595393,2.3052001265198974,247.70639038085935,2.285497254677212,0.7656630653336869,2.194132085112436,0.7700671124240879,1.0
temperature_max,outer_3,streed,4,20,3,0.1,0.01,0.1,0.758960286891182,2.3497913418719203,599.7428636550903,2.330893529897219,0.7610084878851451,2.235265657159008,0.7657565419433252,1.0
temperature_max,outer_3,streed,4,20,3,0.1,0.01,0.001,0.7564361177517887,2.374199630739476,240.5700056552887,2.3566057664497237,0.7583721571327023,2.3059047294381,0.758353958491298,1.0
temperature_max,outer_3,streed,4,20,3,0.1,0.001,0.1,0.756969524058461,2.369252874471124,599.734236240387,2.330618708372637,0.7610366659254026,2.237440206204193,0.7655286612498484,1.0
temperature_max,outer_3,streed,4,20,3,0.1,0.001,0.001,0.7550924813940169,2.387297925980335,234.52136492729187,2.3625238603665344,0.7577653622723302,2.314675962278949,0.7574347818800167,1.0
temperature_max,outer_3,streed,4,20,3,0.1,0.0001,0.1,0.7569605635357141,2.369338617832708,599.7263240814209,2.3306100245629326,0.7610375562950337,2.237664729072516,0.7655051324970489,1.0
temperature_max,outer_3,streed,4,20,3,0.1,0.0001,0.001,0.7549615373679975,2.388573967242729,237.56354641914368,2.363743488752063,0.7576403111585246,2.3163561669973967,0.757258705733438,1.0
temperature_max,outer_3,streed,4,20,3,0.1,1e-05,0.1,0.7569596246247937,2.369347609630044,599.7321827411652,2.330609615998991,0.7610375981859707,2.2376876495852405,0.7655027305542892,1.0
temperature_max,outer_3,streed,4,20,3,0.1,1e-05,0.001,0.7549483725680725,2.3887022577609884,240.3473491668701,2.363866126979501,0.7576277367980734,2.3165249365461253,0.7572410196196724,1.0
temperature_max,outer_3,streed,4,20,3,0.08,0.1,0.1,0.7577206539754506,2.3619945219931004,599.7319555282593,2.3291578405700677,0.7611864518339643,2.2031833669609218,0.7691185882282079,1.0
temperature_max,outer_3,streed,4,20,3,0.08,0.1,0.001,0.7635203662595393,2.3052001265198974,599.7274332046509,2.285497254677212,0.7656630653336869,2.194132085112436,0.7700671124240879,1.0
temperature_max,outer_3,streed,4,20,3,0.08,0.01,0.1,0.758960286891182,2.3497913418719203,599.7245497703552,2.330893529897219,0.7610084878851451,2.235265657159008,0.7657565419433252,1.0
temperature_max,outer_3,streed,4,20,3,0.08,0.01,0.001,0.7564361177517887,2.374199630739476,599.7291798591614,2.3566057664497237,0.7583721571327023,2.3059047294381,0.758353958491298,1.0
temperature_max,outer_3,streed,4,20,3,0.08,0.001,0.1,0.756969524058461,2.369252874471124,599.7231206893921,2.330618708372637,0.7610366659254026,2.237440206204193,0.7655286612498484,1.0
temperature_max,outer_3,streed,4,20,3,0.08,0.001,0.001,0.7550924813940169,2.387297925980335,599.7140295505524,2.3625238603665344,0.7577653622723302,2.314675962278949,0.7574347818800167,1.0
temperature_max,outer_3,streed,4,20,3,0.08,0.0001,0.1,0.7569605635357141,2.369338617832708,599.7268798351288,2.3306100245629326,0.7610375562950337,2.237664729072516,0.7655051324970489,1.0
temperature_max,outer_3,streed,4,20,3,0.08,0.0001,0.001,0.7549615373679975,2.388573967242729,599.7157380580902,2.363743488752063,0.7576403111585246,2.3163561669973967,0.757258705733438,1.0
temperature_max,outer_3,streed,4,20,3,0.08,1e-05,0.1,0.7569596246247937,2.369347609630044,599.7100882530212,2.330609615998991,0.7610375981859707,2.2376876495852405,0.7655027305542892,1.0
temperature_max,outer_3,streed,4,20,3,0.08,1e-05,0.001,0.7549483725680725,2.3887022577609884,599.72136926651,2.363866126979501,0.7576277367980734,2.3165249365461253,0.7572410196196724,1.0
temperature_max,outer_3,streed,4,20,3,0.05,0.1,0.1,0.7577206539754506,2.3619945219931004,599.7285561561584,2.3291578405700677,0.7611864518339643,2.2031833669609218,0.7691185882282079,1.0
temperature_max,outer_3,streed,4,20,3,0.05,0.1,0.001,0.7635203662595393,2.3052001265198974,599.7123439311981,2.285497254677212,0.7656630653336869,2.194132085112436,0.7700671124240879,1.0
temperature_max,outer_3,streed,4,20,3,0.05,0.01,0.1,0.758960286891182,2.3497913418719203,599.7244143486023,2.330893529897219,0.7610084878851451,2.235265657159008,0.7657565419433252,1.0
temperature_max,outer_3,streed,4,20,3,0.05,0.01,0.001,0.7564361177517887,2.374199630739476,599.7288076877594,2.3566057664497237,0.7583721571327023,2.3059047294381,0.758353958491298,1.0
temperature_max,outer_3,streed,4,20,3,0.05,0.001,0.1,0.756969524058461,2.369252874471124,599.7199490070343,2.330618708372637,0.7610366659254026,2.237440206204193,0.7655286612498484,1.0
temperature_max,outer_3,streed,4,20,3,0.05,0.001,0.001,0.7550924813940169,2.387297925980335,599.7183451652527,2.3625238603665344,0.7577653622723302,2.314675962278949,0.7574347818800167,1.0
temperature_max,outer_3,streed,4,20,3,0.05,0.0001,0.1,0.7569605635357141,2.369338617832708,599.7199125289917,2.3306100245629326,0.7610375562950337,2.237664729072516,0.7655051324970489,1.0
temperature_max,outer_3,streed,4,20,3,0.05,0.0001,0.001,0.7549615373679975,2.388573967242729,599.7087163925171,2.363743488752063,0.7576403111585246,2.3163561669973967,0.757258705733438,1.0
temperature_max,outer_3,streed,4,20,3,0.05,1e-05,0.1,0.7569596246247937,2.369347609630044,599.7298572063446,2.330609615998991,0.7610375981859707,2.2376876495852405,0.7655027305542892,1.0
temperature_max,outer_3,streed,4,20,3,0.05,1e-05,0.001,0.7549483725680725,2.3887022577609884,599.7220673561096,2.363866126979501,0.7576277367980734,2.3165249365461253,0.7572410196196724,1.0
temperature_max,outer_3,streed,4,20,3,0.03,0.1,0.1,0.7577206539754506,2.3619945219931004,599.7086064815521,2.3291578405700677,0.7611864518339643,2.2031833669609218,0.7691185882282079,1.0
temperature_max,outer_3,streed,4,20,3,0.03,0.1,0.001,0.7635203662595393,2.3052001265198974,599.7277097702026,2.285497254677212,0.7656630653336869,2.194132085112436,0.7700671124240879,1.0
temperature_max,outer_3,streed,4,20,3,0.03,0.01,0.1,0.758960286891182,2.3497913418719203,599.7289452552795,2.330893529897219,0.7610084878851451,2.235265657159008,0.7657565419433252,1.0
temperature_max,outer_3,streed,4,20,3,0.03,0.01,0.001,0.7654234588895447,2.290143441997803,599.7125494480133,2.3566057664497237,0.7583721571327023,2.3059047294381,0.758353958491298,1.0
temperature_max,outer_3,streed,4,20,3,0.03,0.001,0.1,0.756969524058461,2.369252874471124,599.7269325256348,2.330618708372637,0.7610366659254026,2.237440206204193,0.7655286612498484,1.0
temperature_max,outer_3,streed,4,20,3,0.03,0.001,0.001,0.764202861610665,2.3020909857672933,599.7256987094879,2.3625238603665344,0.7577653622723302,2.314675962278949,0.7574347818800167,1.0
temperature_max,outer_3,streed,4,20,3,0.03,0.0001,0.1,0.7569605635357141,2.369338617832708,599.7157297134399,2.3306100245629326,0.7610375562950337,2.237664729072516,0.7655051324970489,1.0
temperature_max,outer_3,streed,4,20,3,0.03,0.0001,0.001,0.7640792416538306,2.303298526976968,599.7319431304932,2.363743488752063,0.7576403111585246,2.3163561669973967,0.757258705733438,1.0
temperature_max,outer_3,streed,4,20,3,0.03,1e-05,0.1,0.7569596246247937,2.369347609630044,599.7281517982483,2.330609615998991,0.7610375981859707,2.2376876495852405,0.7655027305542892,1.0
temperature_max,outer_3,streed,4,20,3,0.03,1e-05,0.001,0.7640667269296645,2.303420737511184,599.712470293045,2.363866126979501,0.7576277367980734,2.3165249365461253,0.7572410196196724,1.0
temperature_max,outer_3,streed,4,20,3,0.01,0.1,0.1,0.7713185307089542,2.226498447866472,599.7283267974854,2.141451668943032,0.7804323681381782,2.0974512021228,0.7801987333734515,5.0
temperature_max,outer_3,streed,4,20,3,0.01,0.1,0.001,0.7959616703832783,1.986667683107692,599.7347166538239,1.9693428208884391,0.7980790574087631,1.9324614563869311,0.7974887447245775,3.0
temperature_max,outer_3,streed,4,20,3,0.01,0.01,0.1,0.7847820505219402,2.0962215202028616,599.7134916782379,1.9829260856811024,0.7966863361408816,2.001425984584163,0.7902616442157733,4.0
temperature_max,outer_3,streed,4,20,3,0.01,0.01,0.001,0.8026596171052448,1.9218606882511335,599.7260103225708,1.8084088730649577,0.81457996019459,1.966377298171887,0.7939345523908088,4.0
temperature_max,outer_3,streed,4,20,3,0.01,0.001,0.1,0.7850169740690566,2.09400643180451,599.7319974899292,2.057273253357243,0.7890633616049486,2.039998763174902,0.7862194307030254,3.0
temperature_max,outer_3,streed,4,20,3,0.01,0.001,0.001,0.8041915086434005,1.906894436569171,599.7191076278687,1.8109458796269435,0.8143198354712952,1.9931074084502352,0.7911333849117742,4.0
temperature_max,outer_3,streed,4,20,3,0.01,0.0001,0.1,0.7850632480422884,2.0935498648401887,599.7267265319824,2.068278058649159,0.7879350153190672,2.0578382002051363,0.7843499565282834,3.0
temperature_max,outer_3,streed,4,20,3,0.01,0.0001,0.001,0.804085194046866,1.9079099661385468,599.7230606079102,1.8114022339535083,0.8142730444835615,1.997787953455684,0.7906428897242538,4.0
temperature_max,outer_3,streed,4,20,3,0.01,1e-05,0.1,0.785067846035057,2.0935044916576566,599.7111473083496,2.0682292425078286,0.7879400205427218,2.057832489176052,0.7843505550124938,3.0
temperature_max,outer_3,streed,4,20,3,0.01,1e-05,0.001,0.8040805741718327,1.9079556172655283,599.7281577587128,1.8114483975480904,0.8142683112312132,1.9982824424621135,0.7905910700157255,4.0
temperature_max,outer_3,streed,4,20,3,0.008,0.1,0.1,0.7712563271604175,2.2271666271042254,599.7238049507141,2.0866951976175647,0.7860466665659249,2.092321838449609,0.7807362622710079,7.0
temperature_max,outer_3,streed,4,20,3,0.008,0.1,0.001,0.7998032341997293,1.9485447357035923,599.7104680538177,1.816738880054685,0.8137258667146146,1.8536597783425757,0.8057467240420065,4.0
temperature_max,outer_3,streed,4,20,3,0.008,0.01,0.1,0.7908473667526076,2.036314947900084,599.7236318588257,1.965768593805548,0.7984455305763383,1.9482935270127757,0.795829631428707,6.0
temperature_max,outer_3,streed,4,20,3,0.008,0.01,0.001,0.8085506979151337,1.8667629910725765,599.7296948432922,1.8084088730649577,0.81457996019459,1.966377298171887,0.7939345523908088,4.0
temperature_max,outer_3,streed,4,20,3,0.008,0.001,0.1,0.7938171872519003,2.0078852828555704,599.7092502117157,1.961664891649744,0.7988662919585743,1.978881615888276,0.792624169164929,4.0
temperature_max,outer_3,streed,4,20,3,0.008,0.001,0.001,0.8150212428061158,1.8033592225777757,599.7209341526031,1.4815295306767746,0.8480956001474393,1.7687719529963657,0.8146424978809337,8.0
temperature_max,outer_3,streed,4,20,3,0.008,0.0001,0.1,0.7938688723920694,2.007387048878089,599.725396156311,1.9725469676586505,0.7977505293692673,1.996592705323491,0.7907681451071313,4.0
temperature_max,outer_3,streed,4,20,3,0.008,0.0001,0.001,0.814960553206007,1.8039405057775917,599.7228291034698,1.4809456663099532,0.84815546501304,1.7711644137279934,0.8143917812498941,8.0
temperature_max,outer_3,streed,4,20,3,0.008,1e-05,0.1,0.7938747429917755,2.0073301094521137,599.7213592529297,1.9724858674786112,0.7977567941017532,1.9965741760342064,0.7907700868740007,4.0
temperature_max,outer_3,streed,4,20,3,0.008,1e-05,0.001,0.8149703407827534,1.8038436330169645,599.720709323883,1.4808739407700735,0.848162819186456,1.771300590479853,0.8143775106806844,8.0
temperature_max,outer_3,streed,4,20,3,0.005,0.1,0.1,0.7761384679713759,2.1804041697219825,599.7041530609131,2.0866951976175647,0.7860466665659249,2.092321838449609,0.7807362622710079,7.0
temperature_max,outer_3,streed,4,20,3,0.005,0.1,0.001,0.8107029866887454,1.8416918022655056,599.72447514534,1.816738880054685,0.8137258667146146,1.8536597783425757,0.8057467240420065,4.0
temperature_max,outer_3,streed,4,20,3,0.005,0.01,0.1,0.7900164947346436,2.044443468086505,599.722852230072,1.896235270950368,0.8055749312797084,1.9396602121009396,0.7967343550050585,7.0
temperature_max,outer_3,streed,4,20,3,0.005,0.01,0.001,0.8289072329667141,1.6662439374569644,599.7181634902954,1.4948698503077464,0.8467277885679709,1.74348887422727,0.8172920244739917,8.0
temperature_max,outer_3,streed,4,20,3,0.005,0.001,0.1,0.7925825816359606,2.0203778693239345,599.7182421684265,1.8903901355684607,0.8061742455450406,1.9371844547618848,0.796993800659114,7.0
temperature_max,outer_3,streed,4,20,3,0.005,0.001,0.001,0.8286133883031818,1.6690420283278051,599.718768119812,1.4815295306767746,0.8480956001474393,1.7687719529963657,0.8146424978809337,8.0
temperature_max,outer_3,streed,4,20,3,0.005,0.0001,0.1,0.792645551436704,2.019765449410336,599.7066445350647,1.8894939519375131,0.8062661331745464,1.9365697479460695,0.7970582185280892,7.0
temperature_max,outer_3,streed,4,20,3,0.005,0.0001,0.001,0.8264929452786721,1.689521811484062,599.7192904949188,1.4809456663099532,0.84815546501304,1.7711644137279934,0.8143917812498941,8.0
temperature_max,outer_3,streed,4,20,3,0.005,1e-05,0.1,0.7926518130671409,2.0197045532672093,599.7164793014526,1.8892910921010648,0.8062869328286011,1.9362386938219869,0.7970929111663358,7.0
temperature_max,outer_3,streed,4,20,3,0.005,1e-05,0.001,0.8263931661547824,1.6904811865550968,599.7186839580536,1.4808739407700735,0.848162819186456,1.771300590479853,0.8143775106806844,8.0
temperature_max,outer_3,streed,4,20,3,0.003,0.1,0.1,0.7772369380877255,2.169234304003336,599.7235958576202,2.070007264788268,0.787757716105421,2.054237243138658,0.7847273168804474,8.0
temperature_max,outer_3,streed,4,20,3,0.003,0.1,0.001,0.8177426386709911,1.7758518272800805,599.7175691127777,1.5647211470127906,0.8395657853238939,1.6846899183651418,0.8234538293168095,8.0
temperature_max,outer_3,streed,4,20,3,0.003,0.01,0.1,0.7919406956664595,2.025719782860506,599.6990857124329,1.880326443858597,0.8072060974371792,1.9024705725834,0.8006316232051801,8.0
temperature_max,outer_3,streed,4,20,3,0.003,0.01,0.001,0.8289072329667141,1.6662439374569644,599.7182881832123,1.4948698503077464,0.8467277885679709,1.74348887422727,0.8172920244739917,8.0
temperature_max,outer_3,streed,4,20,3,0.003,0.001,0.1,0.794572212841425,2.000623622222524,599.7220463752747,1.8723562607616475,0.8080232974018022,1.8983864810646585,0.801059613371497,8.0
temperature_max,outer_3,streed,4,20,3,0.003,0.001,0.001,0.8286133883031818,1.6690420283278051,599.6997044086456,1.4815295306767746,0.8480956001474393,1.7687719529963657,0.8146424978809337,8.0
temperature_max,outer_3,streed,4,20,3,0.003,0.0001,0.1,0.7946424437614522,1.9999431334337607,599.7138690948486,1.8715092842086507,0.8081101397240835,1.8978365640722168,0.801117241625902,8.0
temperature_max,outer_3,streed,4,20,3,0.003,0.0001,0.001,0.8264929452786721,1.689521811484062,599.7174582481384,1.4809456663099532,0.84815546501304,1.7711644137279934,0.8143917812498941,8.0
temperature_max,outer_3,streed,4,20,3,0.003,1e-05,0.1,0.7946494078381591,1.9998756674276053,599.7058837413788,1.8713114241727915,0.808130426737862,1.8975120965561487,0.801151244024117,8.0
temperature_max,outer_3,streed,4,20,3,0.003,1e-05,0.001,0.8269872559880828,1.6844697781209694,599.715981721878,1.4808739407700735,0.848162819186456,1.771300590479853,0.8143775106806844,8.0
temperature_max,outer_3,streed,4,20,3,0.001,0.1,0.1,0.7772369380877255,2.169234304003336,599.697934627533,2.070007264788268,0.787757716105421,2.054237243138658,0.7847273168804474,8.0
temperature_max,outer_3,streed,4,20,3,0.001,0.1,0.001,0.8177426386709911,1.7758518272800805,599.70259141922,1.816738880054685,0.8137258667146146,1.8536597783425757,0.8057467240420065,4.0
temperature_max,outer_3,streed,4,20,3,0.001,0.01,0.1,0.7919406956664595,2.025719782860506,599.7203900814056,1.880326443858597,0.8072060974371792,1.9024705725834,0.8006316232051801,8.0
temperature_max,outer_3,streed,4,20,3,0.001,0.01,0.001,0.8289072329667141,1.6662439374569644,599.7180891036987,1.4948698503077464,0.8467277885679709,1.74348887422727,0.8172920244739917,8.0
temperature_max,outer_3,streed,4,20,3,0.001,0.001,0.1,0.794572212841425,2.000623622222524,599.696671962738,1.8723562607616475,0.8080232974018022,1.8983864810646585,0.801059613371497,8.0
temperature_max,outer_3,streed,4,20,3,0.001,0.001,0.001,0.8286133883031818,1.6690420283278051,599.7164607048035,1.4815295306767746,0.8480956001474393,1.7687719529963657,0.8146424978809337,8.0
temperature_max,outer_3,streed,4,20,3,0.001,0.0001,0.1,0.7946424437614522,1.9999431334337607,599.7219986915588,1.8715092842086507,0.8081101397240835,1.8978365640722168,0.801117241625902,8.0
temperature_max,outer_3,streed,4,20,3,0.001,0.0001,0.001,0.8264929452786721,1.689521811484062,599.7001574039459,1.4809456663099532,0.84815546501304,1.7711644137279934,0.8143917812498941,8.0
temperature_max,outer_3,streed,4,20,3,0.001,1e-05,0.1,0.7946494078381591,1.9998756674276053,599.7187020778656,1.9724858674786112,0.7977567941017532,1.9965741760342064,0.7907700868740007,4.0
temperature_max,outer_3,streed,4,20,3,0.001,1e-05,0.001,0.8269872559880828,1.6844697781209694,599.6827046871185,1.8114483975480904,0.8142683112312132,1.9982824424621135,0.7905910700157255,4.0
temperature_max,outer_3,streed,4,20,3,0.0005,0.1,0.1,0.774206132876213,2.198885033369894,599.701717376709,2.313105901042853,0.7628322916163393,2.227362397019044,0.7665847598239057,4.0
temperature_max,outer_3,streed,4,20,3,0.0005,0.1,0.001,0.8177426386709911,1.7758518272800805,599.7008955478668,1.816738880054685,0.8137258667146146,1.8536597783425757,0.8057467240420065,4.0
temperature_max,outer_3,streed,4,20,3,0.0005,0.01,0.1,0.7919406956664595,2.025719782860506,599.7086274623871,1.9829260856811024,0.7966863361408816,2.001425984584163,0.7902616442157733,4.0
temperature_max,outer_3,streed,4,20,3,0.0005,0.01,0.001,0.8289072329667141,1.6662439374569644,599.7043220996857,1.8084088730649577,0.81457996019459,1.966377298171887,0.7939345523908088,4.0
temperature_max,outer_3,streed,4,20,3,0.0005,0.001,0.1,0.794572212841425,2.000623622222524,599.7066991329193,1.961664891649744,0.7988662919585743,1.978881615888276,0.792624169164929,4.0
temperature_max,outer_3,streed,4,20,3,0.0005,0.001,0.001,0.8286133883031818,1.6690420283278051,599.7036702632904,1.8109458796269435,0.8143198354712952,1.9931074084502352,0.7911333849117742,4.0
temperature_max,outer_3,streed,4,20,3,0.0005,0.0001,0.1,0.7946424437614522,1.9999431334337607,599.6919095516205,1.9725469676586505,0.7977505293692673,1.996592705323491,0.7907681451071313,4.0
temperature_max,outer_3,streed,4,20,3,0.0005,0.0001,0.001,0.8264929452786721,1.689521811484062,599.708678483963,1.8114022339535083,0.8142730444835615,1.997787953455684,0.7906428897242538,4.0
temperature_max,outer_3,streed,4,20,3,0.0005,1e-05,0.1,0.7946494078381591,1.9998756674276053,599.7152709960938,1.8713114241727915,0.808130426737862,1.8975120965561487,0.801151244024117,8.0
temperature_max,outer_3,streed,4,20,3,0.0005,1e-05,0.001,0.8269872559880828,1.6844697781209694,599.7055382728577,1.8114483975480904,0.8142683112312132,1.9982824424621135,0.7905910700157255,4.0
temperature_max,outer_3,streed,4,20,3,0.0001,0.1,0.1,0.774206132876213,2.198885033369894,599.7081944942474,2.313105901042853,0.7628322916163393,2.227362397019044,0.7665847598239057,4.0
temperature_max,outer_3,streed,4,20,3,0.0001,0.1,0.001,0.8177426386709911,1.7758518272800805,599.7117042541504,1.816738880054685,0.8137258667146146,1.8536597783425757,0.8057467240420065,4.0
temperature_max,outer_3,streed,4,20,3,0.0001,0.01,0.1,0.7919406956664595,2.025719782860506,599.7132725715637,1.880326443858597,0.8072060974371792,1.9024705725834,0.8006316232051801,8.0
temperature_max,outer_3,streed,4,20,3,0.0001,0.01,0.001,0.8289072329667141,1.6662439374569644,599.711359500885,1.8084088730649577,0.81457996019459,1.966377298171887,0.7939345523908088,4.0
temperature_max,outer_3,streed,4,20,3,0.0001,0.001,0.1,0.794572212841425,2.000623622222524,599.7143905162811,1.8723562607616475,0.8080232974018022,1.8983864810646585,0.801059613371497,8.0
temperature_max,outer_3,streed,4,20,3,0.0001,0.001,0.001,0.8286133883031818,1.6690420283278051,599.7150905132294,1.4815295306767746,0.8480956001474393,1.7687719529963657,0.8146424978809337,8.0
temperature_max,outer_3,streed,4,20,3,0.0001,0.0001,0.1,0.7946424437614522,1.9999431334337607,599.7228486537933,1.8715092842086507,0.8081101397240835,1.8978365640722168,0.801117241625902,8.0
temperature_max,outer_3,streed,4,20,3,0.0001,0.0001,0.001,0.8264929452786721,1.689521811484062,599.7151980400085,1.4809456663099532,0.84815546501304,1.7711644137279934,0.8143917812498941,8.0
temperature_max,outer_3,streed,4,20,3,0.0001,1e-05,0.1,0.7946494078381591,1.9998756674276053,599.6986448764801,1.8713114241727915,0.808130426737862,1.8975120965561487,0.801151244024117,8.0
temperature_max,outer_3,streed,4,20,3,0.0001,1e-05,0.001,0.8269872559880828,1.6844697781209694,599.7151582241058,1.4808739407700735,0.848162819186456,1.771300590479853,0.8143775106806844,8.0
temperature_max,outer_4,streed,4,20,3,0.1,0.1,0.1,0.7576921985613955,2.3148978149988464,599.7725653648376,2.281321184872422,0.7611454374458342,2.4019894369781216,0.7679502921161953,1.0
temperature_max,outer_4,streed,4,20,3,0.1,0.1,0.001,0.7638627322324935,2.2548478090575776,241.92367506027225,2.241438513093012,0.765321157280696,2.326486450131536,0.7752444316208831,1.0
temperature_max,outer_4,streed,4,20,3,0.1,0.01,0.1,0.7566792676598365,2.3242608871899217,599.7374892234802,2.288036339094816,0.7604423601084959,2.3890728475819505,0.7691981289093526,1.0
temperature_max,outer_4,streed,4,20,3,0.1,0.01,0.001,0.7567186754025639,2.322502199616571,235.42768931388852,2.308856567647429,0.7582624800389166,2.379909906217527,0.7700833359107814,1.0
temperature_max,outer_4,streed,4,20,3,0.1,0.001,0.1,0.7559331350330605,2.3314923061211013,599.736222743988,2.289555062499087,0.7602833496119585,2.3880022591348573,0.7693015555658513,1.0
temperature_max,outer_4,streed,4,20,3,0.1,0.001,0.001,0.7554923615642978,2.33414443114723,233.97918581962583,2.315005923877695,0.7576186418095128,2.38197457997762,0.7698838733588113,1.0
temperature_max,outer_4,streed,4,20,3,0.1,0.0001,0.1,0.7559025693710982,2.331780326095686,599.7324748039246,2.289569837950838,0.7602818026206414,2.387826794156787,0.7693185067631706,1.0
temperature_max,outer_4,streed,4,20,3,0.1,0.0001,0.001,0.7554444794394123,2.3346184358133457,237.0700752735138,2.3161660029712428,0.7574971814091733,2.3829534548791327,0.7697893069000858,1.0
temperature_max,outer_4,streed,4,20,3,0.1,1e-05,0.1,0.7558994687658509,2.331809546278941,599.7235634326935,2.28957176984893,0.7602816003507125,2.3878097131750646,0.7693201569106517,1.0
temperature_max,outer_4,streed,4,20,3,0.1,1e-05,0.001,0.7554313248491885,2.334743318761116,238.48956322669983,2.316282642171462,0.7574849692729209,2.383051954961237,0.7697797910733603,1.0
temperature_max,outer_4,streed,4,20,3,0.08,0.1,0.1,0.7576921985613955,2.3148978149988464,599.729777097702,2.281321184872422,0.7611454374458342,2.4019894369781216,0.7679502921161953,1.0
temperature_max,outer_4,streed,4,20,3,0.08,0.1,0.001,0.7638627322324935,2.2548478090575776,599.7323172092438,2.241438513093012,0.765321157280696,2.326486450131536,0.7752444316208831,1.0
temperature_max,outer_4,streed,4,20,3,0.08,0.01,0.1,0.7566792676598365,2.3242608871899217,599.7257850170135,2.288036339094816,0.7604423601084959,2.3890728475819505,0.7691981289093526,1.0
temperature_max,outer_4,streed,4,20,3,0.08,0.01,0.001,0.7567186754025639,2.322502199616571,599.7271349430084,2.308856567647429,0.7582624800389166,2.379909906217527,0.7700833359107814,1.0
temperature_max,outer_4,streed,4,20,3,0.08,0.001,0.1,0.7559331350330605,2.3314923061211013,599.7230660915375,2.289555062499087,0.7602833496119585,2.3880022591348573,0.7693015555658513,1.0
temperature_max,outer_4,streed,4,20,3,0.08,0.001,0.001,0.7554923615642978,2.33414443114723,599.7233829498291,2.315005923877695,0.7576186418095128,2.38197457997762,0.7698838733588113,1.0
temperature_max,outer_4,streed,4,20,3,0.08,0.0001,0.1,0.7559025693710982,2.331780326095686,599.7304382324219,2.289569837950838,0.7602818026206414,2.387826794156787,0.7693185067631706,1.0
temperature_max,outer_4,streed,4,20,3,0.08,0.0001,0.001,0.7554444794394123,2.3346184358133457,599.7255356311798,2.3161660029712428,0.7574971814091733,2.3829534548791327,0.7697893069000858,1.0
temperature_max,outer_4,streed,4,20,3,0.08,1e-05,0.1,0.7558994687658509,2.331809546278941,599.7234716415405,2.28957176984893,0.7602816003507125,2.3878097131750646,0.7693201569106517,1.0
temperature_max,outer_4,streed,4,20,3,0.08,1e-05,0.001,0.7554313248491885,2.334743318761116,599.7249546051025,2.316282642171462,0.7574849692729209,2.383051954961237,0.7697797910733603,1.0
temperature_max,outer_4,streed,4,20,3,0.05,0.1,0.1,0.7576921985613955,2.3148978149988464,599.7230594158173,2.281321184872422,0.7611454374458342,2.4019894369781216,0.7679502921161953,1.0
temperature_max,outer_4,streed,4,20,3,0.05,0.1,0.001,0.7638627322324935,2.2548478090575776,599.719571352005,2.241438513093012,0.765321157280696,2.326486450131536,0.7752444316208831,1.0
temperature_max,outer_4,streed,4,20,3,0.05,0.01,0.1,0.7566792676598365,2.3242608871899217,599.7257208824158,2.288036339094816,0.7604423601084959,2.3890728475819505,0.7691981289093526,1.0
temperature_max,outer_4,streed,4,20,3,0.05,0.01,0.001,0.7567186754025639,2.322502199616571,599.7260653972626,2.308856567647429,0.7582624800389166,2.379909906217527,0.7700833359107814,1.0
temperature_max,outer_4,streed,4,20,3,0.05,0.001,0.1,0.7559331350330605,2.3314923061211013,599.7225120067596,2.289555062499087,0.7602833496119585,2.3880022591348573,0.7693015555658513,1.0
temperature_max,outer_4,streed,4,20,3,0.05,0.001,0.001,0.7554923615642978,2.33414443114723,599.7144627571106,2.315005923877695,0.7576186418095128,2.38197457997762,0.7698838733588113,1.0
temperature_max,outer_4,streed,4,20,3,0.05,0.0001,0.1,0.7559025693710982,2.331780326095686,599.7112972736359,2.289569837950838,0.7602818026206414,2.387826794156787,0.7693185067631706,1.0
temperature_max,outer_4,streed,4,20,3,0.05,0.0001,0.001,0.7554444794394123,2.3346184358133457,599.7189960479736,2.3161660029712428,0.7574971814091733,2.3829534548791327,0.7697893069000858,1.0
temperature_max,outer_4,streed,4,20,3,0.05,1e-05,0.1,0.7558994687658509,2.331809546278941,599.721720457077,2.28957176984893,0.7602816003507125,2.3878097131750646,0.7693201569106517,1.0
temperature_max,outer_4,streed,4,20,3,0.05,1e-05,0.001,0.7554313248491885,2.334743318761116,599.7288846969604,2.316282642171462,0.7574849692729209,2.383051954961237,0.7697797910733603,1.0
temperature_max,outer_4,streed,4,20,3,0.03,0.1,0.1,0.7576921985613955,2.3148978149988464,599.7135648727417,2.281321184872422,0.7611454374458342,2.4019894369781216,0.7679502921161953,1.0
temperature_max,outer_4,streed,4,20,3,0.03,0.1,0.001,0.7638627322324935,2.2548478090575776,599.7266390323639,2.241438513093012,0.765321157280696,2.326486450131536,0.7752444316208831,1.0
temperature_max,outer_4,streed,4,20,3,0.03,0.01,0.1,0.7566792676598365,2.3242608871899217,599.7303941249847,2.288036339094816,0.7604423601084959,2.3890728475819505,0.7691981289093526,1.0
temperature_max,outer_4,streed,4,20,3,0.03,0.01,0.001,0.7649630980920105,2.2461673023439204,599.7251617908478,2.308856567647429,0.7582624800389166,2.379909906217527,0.7700833359107814,1.0
temperature_max,outer_4,streed,4,20,3,0.03,0.001,0.1,0.7559331350330605,2.3314923061211013,599.7268099784851,2.289555062499087,0.7602833496119585,2.3880022591348573,0.7693015555658513,1.0
temperature_max,outer_4,streed,4,20,3,0.03,0.001,0.001,0.7633619803639605,2.261279833433658,599.7212951183319,2.315005923877695,0.7576186418095128,2.38197457997762,0.7698838733588113,1.0
temperature_max,outer_4,streed,4,20,3,0.03,0.0001,0.1,0.7559025693710982,2.331780326095686,599.7292902469635,2.289569837950838,0.7602818026206414,2.387826794156787,0.7693185067631706,1.0
temperature_max,outer_4,streed,4,20,3,0.03,0.0001,0.001,0.7554444794394123,2.3346184358133457,599.7265677452087,2.3161660029712428,0.7574971814091733,2.3829534548791327,0.7697893069000858,1.0
temperature_max,outer_4,streed,4,20,3,0.03,1e-05,0.1,0.7558994687658509,2.331809546278941,599.7258689403534,2.28957176984893,0.7602816003507125,2.3878097131750646,0.7693201569106517,1.0
temperature_max,outer_4,streed,4,20,3,0.03,1e-05,0.001,0.7554313248491885,2.334743318761116,599.7231588363647,2.316282642171462,0.7574849692729209,2.383051954961237,0.7697797910733603,1.0
temperature_max,outer_4,streed,4,20,3,0.01,0.1,0.1,0.7661658705213261,2.231329928547748,599.7327387332916,2.259420506363941,0.7634384407368527,2.4180787123874183,0.7663959507018191,4.0
temperature_max,outer_4,streed,4,20,3,0.01,0.1,0.001,0.7915569700612535,1.989600442534179,599.731537103653,1.9049324774071617,0.8005533738066103,2.113186623664527,0.7958507513912171,3.0
temperature_max,outer_4,streed,4,20,3,0.01,0.01,0.1,0.7842624288121346,2.0602253027686537,599.7288663387299,1.9915462626425264,0.791484901589398,2.1621533693751243,0.7911202064257655,4.0
temperature_max,outer_4,streed,4,20,3,0.01,0.01,0.001,0.8016305271681144,1.8934543646767383,599.7226979732513,1.878449400618075,0.803326154668635,2.078263927446245,0.7992245386906993,3.0
temperature_max,outer_4,streed,4,20,3,0.01,0.001,0.1,0.7817193843450839,2.085255641740243,599.7278137207031,1.971246842645623,0.7936102529496601,2.071600225200707,0.7998683009553024,4.0
temperature_max,outer_4,streed,4,20,3,0.01,0.001,0.001,0.7970938093920124,1.9358672781551705,599.7322413921356,1.8828860073187117,0.8028616414910376,2.083265142970193,0.7987413847752283,3.0
temperature_max,outer_4,streed,4,20,3,0.01,0.0001,0.1,0.7817503793850676,2.084957121409305,599.7268483638763,1.970773696259235,0.7936597914249499,2.0709785986670903,0.7999283546147057,4.0
temperature_max,outer_4,streed,4,20,3,0.01,0.0001,0.001,0.796956651003951,1.9371836408756984,599.7233731746674,1.8834503015469863,0.8028025598273331,2.0838957072205853,0.7986804676671624,3.0
temperature_max,outer_4,streed,4,20,3,0.01,1e-05,0.1,0.781753423797463,2.0849277917228117,599.7221314907074,1.9707267413438043,0.793664707609422,2.0709167164980102,0.7999343328838175,4.0
temperature_max,outer_4,streed,4,20,3,0.01,1e-05,0.001,0.7969483953491884,1.9372612415272965,599.7247231006622,1.883510402731855,0.8027962672270995,2.0839642544168866,0.7986738455077835,3.0
temperature_max,outer_4,streed,4,20,3,0.008,0.1,0.1,0.7745842978447169,2.1527705099587227,599.7216129302979,2.259420506363941,0.7634384407368527,2.4180787123874183,0.7663959507018191,4.0
temperature_max,outer_4,streed,4,20,3,0.008,0.1,0.001,0.7991908305112191,1.9172499212310392,599.7165236473083,1.879025109080672,0.8032658779334237,1.993308352102946,0.8074318672234653,4.0
temperature_max,outer_4,streed,4,20,3,0.008,0.01,0.1,0.7857153064476358,2.0458426986403158,599.719162940979,1.9915462626425264,0.791484901589398,2.1621533693751243,0.7911202064257655,4.0
temperature_max,outer_4,streed,4,20,3,0.008,0.01,0.001,0.8124785873968184,1.7906706051226169,599.72296667099,1.7832106197730644,0.8132976648127443,1.9411050091971591,0.8124750910967085,4.0
temperature_max,outer_4,streed,4,20,3,0.008,0.001,0.1,0.7852379409206379,2.050848766106728,599.7226705551147,1.971246842645623,0.7936102529496601,2.071600225200707,0.7998683009553024,4.0
temperature_max,outer_4,streed,4,20,3,0.008,0.001,0.001,0.8113170380649919,1.8015362756686544,599.7199037075043,1.7882912073608237,0.8127657267700701,1.9770630691120108,0.8090012801086772,4.0
temperature_max,outer_4,streed,4,20,3,0.008,0.0001,0.1,0.7853116607943872,2.050133083056383,599.7204966545105,1.970773696259235,0.7936597914249499,2.0709785986670903,0.7999283546147057,4.0
temperature_max,outer_4,streed,4,20,3,0.008,0.0001,0.001,0.818019122918242,1.7354470705784577,599.7261707782745,1.7887548533420872,0.8127171829881734,1.97769299750713,0.8089404244288707,4.0
temperature_max,outer_4,streed,4,20,3,0.008,1e-05,0.1,0.7853189541735645,2.050062261173698,599.7220387458801,1.9707267413438043,0.793664707609422,2.0709167164980102,0.7999343328838175,4.0
temperature_max,outer_4,streed,4,20,3,0.008,1e-05,0.001,0.8179921312250024,1.735709869296261,599.7209792137146,1.788806759491126,0.8127117484090336,1.9777529556119944,0.8089346320384028,4.0
temperature_max,outer_4,streed,4,20,3,0.005,0.1,0.1,0.7738890178522836,2.1596199822713302,599.7056641578674,2.259420506363941,0.7634384407368527,2.4180787123874183,0.7663959507018191,4.0
temperature_max,outer_4,streed,4,20,3,0.005,0.1,0.001,0.8215354480661595,1.7043293603912444,599.7220058441162,1.879025109080672,0.8032658779334237,1.993308352102946,0.8074318672234653,4.0
temperature_max,outer_4,streed,4,20,3,0.005,0.01,0.1,0.7884394855343548,2.020097725743659,599.7178781032562,1.9915462626425264,0.791484901589398,2.1621533693751243,0.7911202064257655,4.0
temperature_max,outer_4,streed,4,20,3,0.005,0.01,0.001,0.8261189636794573,1.6599848784854572,599.7185506820679,1.7832106197730644,0.8132976648127443,1.9411050091971591,0.8124750910967085,4.0
temperature_max,outer_4,streed,4,20,3,0.005,0.001,0.1,0.7915069597443153,1.9908432099029032,599.7100162506104,1.971246842645623,0.7936102529496601,2.071600225200707,0.7998683009553024,4.0
temperature_max,outer_4,streed,4,20,3,0.005,0.001,0.001,0.8261498295466109,1.658806753300769,599.7199139595032,1.7882912073608237,0.8127657267700701,1.9770630691120108,0.8090012801086772,4.0
temperature_max,outer_4,streed,4,20,3,0.005,0.0001,0.1,0.7902743381771268,2.002675750112361,599.7174224853516,1.970773696259235,0.7936597914249499,2.0709785986670903,0.7999283546147057,4.0
temperature_max,outer_4,streed,4,20,3,0.005,0.0001,0.001,0.8276338156150601,1.6453018341466283,599.7173001766205,1.7887548533420872,0.8127171829881734,1.97769299750713,0.8089404244288707,4.0
temperature_max,outer_4,streed,4,20,3,0.005,1e-05,0.1,0.7902833389081368,2.0025898657998398,599.7120704650879,1.9707267413438043,0.793664707609422,2.0709167164980102,0.7999343328838175,4.0
temperature_max,outer_4,streed,4,20,3,0.005,1e-05,0.001,0.8276223811485486,1.6454163606158585,599.714925289154,1.788806759491126,0.8127117484090336,1.9777529556119944,0.8089346320384028,4.0
temperature_max,outer_4,streed,4,20,3,0.003,0.1,0.1,0.7748375645547689,2.150837412791333,599.7153406143188,2.259420506363941,0.7634384407368527,2.4180787123874183,0.7663959507018191,4.0
temperature_max,outer_4,streed,4,20,3,0.003,0.1,0.001,0.8215354480661595,1.7043293603912444,599.7163636684418,1.879025109080672,0.8032658779334237,1.993308352102946,0.8074318672234653,4.0
temperature_max,outer_4,streed,4,20,3,0.003,0.01,0.1,0.7891022388272515,2.013709442915425,599.7091841697693,1.8913030695354704,0.8019803742117493,2.007409981262248,0.8060695469414834,8.0
temperature_max,outer_4,streed,4,20,3,0.003,0.01,0.001,0.8261189636794573,1.6599848784854572,599.7171170711517,1.7832106197730644,0.8132976648127443,1.9411050091971591,0.8124750910967085,4.0
temperature_max,outer_4,streed,4,20,3,0.003,0.001,0.1,0.7921294404884666,1.9848479428707355,599.7172906398773,1.881286628701396,0.8030290965966713,1.9987718790844893,0.80690405064752,8.0
temperature_max,outer_4,streed,4,20,3,0.003,0.001,0.001,0.8261498295466109,1.658806753300769,599.7173676490784,1.7882912073608237,0.8127657267700701,1.9770630691120108,0.8090012801086772,4.0
temperature_max,outer_4,streed,4,20,3,0.003,0.0001,0.1,0.7908946900810246,1.996700857128874,599.709780216217,1.880409507009759,0.8031209313279454,1.998038881124643,0.8069748635994187,8.0
temperature_max,outer_4,streed,4,20,3,0.003,0.0001,0.001,0.8276338156150601,1.6453018341466283,599.7155711650848,1.7887548533420872,0.8127171829881734,1.97769299750713,0.8089404244288707,4.0
temperature_max,outer_4,streed,4,20,3,0.003,1e-05,0.1,0.7909034747287733,1.9966170415226705,599.7182083129883,1.880321968302889,0.8031300966395528,1.997965861395037,0.8069819178381527,8.0
temperature_max,outer_4,streed,4,20,3,0.003,1e-05,0.001,0.8276223811485486,1.6454163606158585,599.7164907455444,1.788806759491126,0.8127117484090336,1.9777529556119944,0.8089346320384028,4.0
temperature_max,outer_4,streed,4,20,3,0.001,0.1,0.1,0.7764911334935295,2.135058412741338,599.7096774578094,1.974676479028914,0.7932511696677957,2.084741921485845,0.7985987171939763,8.0
temperature_max,outer_4,streed,4,20,3,0.001,0.1,0.001,0.8215354480661595,1.7043293603912444,599.7153663635254,1.879025109080672,0.8032658779334237,1.993308352102946,0.8074318672234653,4.0
temperature_max,outer_4,streed,4,20,3,0.001,0.01,0.1,0.7891022388272515,2.013709442915425,599.7151906490326,1.8913030695354704,0.8019803742117493,2.007409981262248,0.8060695469414834,8.0
temperature_max,outer_4,streed,4,20,3,0.001,0.01,0.001,0.8261189636794573,1.6599848784854572,599.7130427360535,1.7832106197730644,0.8132976648127443,1.9411050091971591,0.8124750910967085,4.0
temperature_max,outer_4,streed,4,20,3,0.001,0.001,0.1,0.7921294404884666,1.9848479428707355,599.707587480545,1.881286628701396,0.8030290965966713,1.9987718790844893,0.80690405064752,8.0
temperature_max,outer_4,streed,4,20,3,0.001,0.001,0.001,0.8261498295466109,1.658806753300769,599.7144742012024,1.7882912073608237,0.8127657267700701,1.9770630691120108,0.8090012801086772,4.0
temperature_max,outer_4,streed,4,20,3,0.001,0.0001,0.1,0.7908946900810246,1.996700857128874,599.722128868103,1.880409507009759,0.8031209313279454,1.998038881124643,0.8069748635994187,8.0
temperature_max,outer_4,streed,4,20,3,0.001,0.0001,0.001,0.8276338156150601,1.6453018341466283,599.7190644741058,1.7887548533420872,0.8127171829881734,1.97769299750713,0.8089404244288707,4.0
temperature_max,outer_4,streed,4,20,3,0.001,1e-05,0.1,0.7909034747287733,1.9966170415226705,599.6950538158417,1.9707267413438043,0.793664707609422,2.0709167164980102,0.7999343328838175,4.0
temperature_max,outer_4,streed,4,20,3,0.001,1e-05,0.001,0.8276223811485486,1.6454163606158585,599.7048137187958,1.788806759491126,0.8127117484090336,1.9777529556119944,0.8089346320384028,4.0
temperature_max,outer_4,streed,4,20,3,0.0005,0.1,0.1,0.7764911334935295,2.135058412741338,599.7015306949615,2.259420506363941,0.7634384407368527,2.4180787123874183,0.7663959507018191,4.0
temperature_max,outer_4,streed,4,20,3,0.0005,0.1,0.001,0.8215354480661595,1.7043293603912444,599.6951293945312,1.879025109080672,0.8032658779334237,1.993308352102946,0.8074318672234653,4.0
temperature_max,outer_4,streed,4,20,3,0.0005,0.01,0.1,0.7891022388272515,2.013709442915425,599.7040684223175,1.9915462626425264,0.791484901589398,2.1621533693751243,0.7911202064257655,4.0
temperature_max,outer_4,streed,4,20,3,0.0005,0.01,0.001,0.8261189636794573,1.6599848784854572,599.7009725570679,1.7832106197730644,0.8132976648127443,1.9411050091971591,0.8124750910967085,4.0
temperature_max,outer_4,streed,4,20,3,0.0005,0.001,0.1,0.7921294404884666,1.9848479428707355,599.6960391998291,1.971246842645623,0.7936102529496601,2.071600225200707,0.7998683009553024,4.0
temperature_max,outer_4,streed,4,20,3,0.0005,0.001,0.001,0.8261498295466109,1.658806753300769,599.6981945037842,1.7882912073608237,0.8127657267700701,1.9770630691120108,0.8090012801086772,4.0
temperature_max,outer_4,streed,4,20,3,0.0005,0.0001,0.1,0.7908946900810246,1.996700857128874,599.6942975521088,1.970773696259235,0.7936597914249499,2.0709785986670903,0.7999283546147057,4.0
temperature_max,outer_4,streed,4,20,3,0.0005,0.0001,0.001,0.8276338156150601,1.6453018341466283,599.7127976417542,1.7887548533420872,0.8127171829881734,1.97769299750713,0.8089404244288707,4.0
temperature_max,outer_4,streed,4,20,3,0.0005,1e-05,0.1,0.7909034747287733,1.9966170415226705,599.7150473594666,1.9707267413438043,0.793664707609422,2.0709167164980102,0.7999343328838175,4.0
temperature_max,outer_4,streed,4,20,3,0.0005,1e-05,0.001,0.8276223811485486,1.6454163606158585,599.7005596160889,1.788806759491126,0.8127117484090336,1.9777529556119944,0.8089346320384028,4.0
temperature_max,outer_4,streed,4,20,3,0.0001,0.1,0.1,0.7764911334935295,2.135058412741338,599.70955991745,1.974676479028914,0.7932511696677957,2.084741921485845,0.7985987171939763,8.0
temperature_max,outer_4,streed,4,20,3,0.0001,0.1,0.001,0.8215354480661595,1.7043293603912444,599.718017578125,1.879025109080672,0.8032658779334237,1.993308352102946,0.8074318672234653,4.0
temperature_max,outer_4,streed,4,20,3,0.0001,0.01,0.1,0.7891022388272515,2.013709442915425,599.7125532627106,1.8913030695354704,0.8019803742117493,2.007409981262248,0.8060695469414834,8.0
temperature_max,outer_4,streed,4,20,3,0.0001,0.01,0.001,0.8261189636794573,1.6599848784854572,599.7005870342255,1.7832106197730644,0.8132976648127443,1.9411050091971591,0.8124750910967085,4.0
temperature_max,outer_4,streed,4,20,3,0.0001,0.001,0.1,0.7921294404884666,1.9848479428707355,599.7121543884277,1.971246842645623,0.7936102529496601,2.071600225200707,0.7998683009553024,4.0
temperature_max,outer_4,streed,4,20,3,0.0001,0.001,0.001,0.8261498295466109,1.658806753300769,599.6992163658142,1.7882912073608237,0.8127657267700701,1.9770630691120108,0.8090012801086772,4.0
temperature_max,outer_4,streed,4,20,3,0.0001,0.0001,0.1,0.7908946900810246,1.996700857128874,599.7135720252991,1.880409507009759,0.8031209313279454,1.998038881124643,0.8069748635994187,8.0
temperature_max,outer_4,streed,4,20,3,0.0001,0.0001,0.001,0.8276338156150601,1.6453018341466283,599.7150962352753,1.7887548533420872,0.8127171829881734,1.97769299750713,0.8089404244288707,4.0
temperature_max,outer_4,streed,4,20,3,0.0001,1e-05,0.1,0.7909034747287733,1.9966170415226705,599.7096655368805,1.880321968302889,0.8031300966395528,1.997965861395037,0.8069819178381527,8.0
temperature_max,outer_4,streed,4,20,3,0.0001,1e-05,0.001,0.8276223811485486,1.6454163606158585,599.7155990600586,1.788806759491126,0.8127117484090336,1.9777529556119944,0.8089346320384028,4.0
temperature_max,mean,streed,4,20,3,0.0001,1e-05,0.001,0.8212325847782965,1.7356830852622225,599.7155448436737,1.6195025931985179,0.8331416376639522,1.8024387400668889,0.8144508058040103,6.4
temperature_max,mean,streed,4,20,3,0.0001,1e-05,0.1,0.790993042434075,2.0278361208379123,599.710698223114,1.873870766968316,0.8070198248215743,1.9786104243678664,0.7960526604110247,8.0
temperature_max,mean,streed,4,20,3,0.0001,0.0001,0.001,0.821575589141234,1.7323939995796045,599.7122510433197,1.680193993183383,0.8269072801009308,1.8717301184587434,0.8072417629538254,5.6
temperature_max,mean,streed,4,20,3,0.0001,0.0001,0.1,0.7909864428140411,2.0279008723760135,599.7169219970704,1.9010403455459124,0.8042313661179428,1.990439092570399,0.7948181075666576,7.2
temperature_max,mean,streed,4,20,3,0.0001,0.001,0.001,0.822558517157279,1.722540711262766,599.7093317985534,1.619483259169518,0.8331438536235296,1.8010762596479648,0.8145926611461336,6.4
temperature_max,mean,streed,4,20,3,0.0001,0.001,0.1,0.7915625980332827,2.0223769782749192,599.7150024414062,1.9199273856261958,0.802255464484268,2.005969636633794,0.7933109683367878,6.4
temperature_max,mean,streed,4,20,3,0.0001,0.01,0.001,0.8246088782256585,1.7028130936184165,599.712329673767,1.7448100248947234,0.8202850065687347,1.892004999081043,0.8050803708035303,4.8
temperature_max,mean,streed,4,20,3,0.0001,0.01,0.1,0.7899514944245032,2.037902041466645,599.7116364002228,1.931265206214156,0.8011330517860615,2.0026039122159305,0.793548309260288,6.4
temperature_max,mean,streed,4,20,3,0.0001,0.1,0.001,0.817647174300759,1.7699931521805525,599.7112341880799,1.8760298704594653,0.8067994993367243,1.9507362585131716,0.7989599995579055,4.0
temperature_max,mean,streed,4,20,3,0.0001,0.1,0.1,0.7761046857590862,2.172835354039277,599.7073388576507,2.1898924741098886,0.7745613655637635,2.2296019811712307,0.7699366012696459,5.6
temperature_max,mean,streed,4,20,3,0.0005,1e-05,0.001,0.8212325847782965,1.7356830852622225,599.7052681922912,1.8069742104867412,0.8139206070567744,1.958159716051923,0.7981491900542553,4.0
temperature_max,mean,streed,4,20,3,0.0005,1e-05,0.1,0.790993042434075,2.0278361208379123,599.7107200622559,1.948202945473513,0.7993574532847331,2.0056313993717096,0.7933401742360858,4.8
temperature_max,mean,streed,4,20,3,0.0005,0.0001,0.001,0.8213225743966642,1.7348156205421408,599.7079204082489,1.8069240314251505,0.8139257771535643,1.957995713199465,0.7981662584984441,4.0
temperature_max,mean,streed,4,20,3,0.0005,0.0001,0.1,0.7909864428140411,2.0279008723760135,599.7019788265228,1.968499606140817,0.7972763720940288,2.025507347492559,0.7912573833989063,4.0
temperature_max,mean,streed,4,20,3,0.0005,0.001,0.001,0.822558517157279,1.722540711262766,599.7046512126923,1.8064599581779668,0.8139735847336041,1.9564386504618376,0.7983282159579519,4.0
temperature_max,mean,streed,4,20,3,0.0005,0.001,0.1,0.7915625980332827,2.0223769782749192,599.7050206184388,1.9668211580607668,0.7974482548854899,2.022565347689151,0.7915666780412448,4.0
temperature_max,mean,streed,4,20,3,0.0005,0.01,0.001,0.8246088782256585,1.7028130936184165,599.7112248897553,1.7432496219124676,0.8204682044670724,1.902353567407242,0.8038790953619278,4.8
temperature_max,mean,streed,4,20,3,0.0005,0.01,0.1,0.790020306155473,2.037232315935461,599.7112244129181,1.9465762170052223,0.7995145516401468,2.0431770615096685,0.7895586276091455,5.6
temperature_max,mean,streed,4,20,3,0.0005,0.1,0.001,0.817647174300759,1.7699931521805525,599.705933046341,1.8207469748928915,0.812478304171233,1.8984530892633724,0.8043995175326264,4.8
temperature_max,mean,streed,4,20,3,0.0005,0.1,0.1,0.7765718814274182,2.1682882679141176,599.7064658164978,2.2004310057527277,0.7733662055062431,2.2712350053892134,0.7661006090857608,5.6
temperature_max,mean,streed,4,20,3,0.001,1e-05,0.001,0.8226870857431663,1.7215268299613062,599.7059656620025,1.6856174845541212,0.8263627360729038,1.847835110463341,0.8096935176710185,5.6
temperature_max,mean,streed,4,20,3,0.001,1e-05,0.1,0.79104560005546,2.027324592056354,599.7107933998108,1.9392557488407882,0.8002738990826679,2.024704801008393,0.7913465797816871,5.6
temperature_max,mean,streed,4,20,3,0.001,0.0001,0.001,0.8213225743966642,1.7348156205421408,599.7114261627197,1.6195053417102083,0.8331413784391888,1.802343979150654,0.8144606664246453,6.4
temperature_max,mean,streed,4,20,3,0.001,0.0001,0.1,0.7910390623841504,2.027388740664668,599.7197857379913,1.9010403455459124,0.8042313661179428,1.990439092570399,0.7948181075666576,7.2
temperature_max,mean,streed,4,20,3,0.001,0.001,0.001,0.822558517157279,1.722540711262766,599.7150215625763,1.619483259169518,0.8331438536235296,1.8010762596479648,0.8145926611461336,6.4
temperature_max,mean,streed,4,20,3,0.001,0.001,0.1,0.7916264590362632,2.0217554368089456,599.7108370304107,1.9019353428373502,0.8041392332136702,1.9914039674105504,0.7947181182752313,7.2
temperature_max,mean,streed,4,20,3,0.001,0.01,0.001,0.8246088782256585,1.7028130936184165,599.7143403053284,1.622540462068277,0.8328329131403092,1.7807718407705295,0.8166866714214113,6.4
temperature_max,mean,streed,4,20,3,0.001,0.01,0.1,0.790020306155473,2.037232315935461,599.715648651123,1.9060076500193097,0.8037175984238767,1.9924373014869405,0.7946224915101705,7.2
temperature_max,mean,streed,4,20,3,0.001,0.1,0.001,0.817647174300759,1.7699931521805525,599.7142147064209,1.8207469748928915,0.812478304171233,1.8984530892633724,0.8043995175326264,4.8
temperature_max,mean,streed,4,20,3,0.001,0.1,0.1,0.7771780424697207,2.162358122040806,599.7104302883148,2.0948624730348056,0.7843138361902481,2.1699426164328215,0.7761696737955006,7.2
temperature_max,mean,streed,4,20,3,0.003,1e-05,0.001,0.8212325847782965,1.7356830852622225,599.7142239570618,1.6801490321745844,0.8269358294399944,1.8433486219137492,0.8101283555699925,5.6
temperature_max,mean,streed,4,20,3,0.003,1e-05,0.1,0.790993042434075,2.0278361208379123,599.7156006336212,1.900939905571441,0.8042417034159157,1.9903022140921867,0.7948323282025773,7.2
temperature_max,mean,streed,4,20,3,0.003,0.0001,0.001,0.822698062222804,1.7214283782505013,599.7163409233093,1.680144066423265,0.826936359597718,1.8432848659458372,0.8101349402743923,5.6
temperature_max,mean,streed,4,20,3,0.003,0.0001,0.1,0.7910390623841504,2.027388740664668,599.7151349067688,1.9010403455459124,0.8042313661179428,1.990439092570399,0.7948181075666576,7.2
temperature_max,mean,streed,4,20,3,0.003,0.001,0.001,0.822558517157279,1.722540711262766,599.7124556541443,1.619483259169518,0.8331438536235296,1.8010762596479648,0.8145926611461336,6.4
temperature_max,mean,streed,4,20,3,0.003,0.001,0.1,0.7916264590362632,2.0217554368089456,599.7170439720154,1.9019353428373502,0.8041392332136702,1.9914039674105504,0.7947181182752313,7.2
temperature_max,mean,streed,4,20,3,0.003,0.01,0.001,0.8246088782256585,1.7028130936184165,599.7150453090668,1.6805418173610256,0.8268977701417486,1.8577758826183186,0.8085505897785644,5.6
temperature_max,mean,streed,4,20,3,0.003,0.01,0.1,0.7899514944245032,2.037902041466645,599.7079190254211,1.9060076500193097,0.8037175984238767,1.9924373014869405,0.7946224915101705,7.2
temperature_max,mean,streed,4,20,3,0.003,0.1,0.001,0.817647174300759,1.7699931521805525,599.7147111415863,1.8256263238510866,0.8119674830585802,1.9169422865176848,0.8025014206128661,4.8
temperature_max,mean,streed,4,20,3,0.003,0.1,0.1,0.7768473286819686,2.1655139220508053,599.7160646915436,2.151811278501811,0.7783512904040595,2.236609974613136,0.7697291204970691,6.4
temperature_max,mean,streed,4,20,3,0.005,1e-05,0.001,0.8211137668116365,1.7368853669490476,599.718900680542,1.6195025931985179,0.8331416376639522,1.8024387400668889,0.8144508058040103,6.4
temperature_max,mean,streed,4,20,3,0.005,1e-05,0.1,0.7909562852741031,2.028346867256919,599.7176243305206,1.9228838292325534,0.8019524962405654,2.010388957001449,0.7928451033494907,6.0
temperature_max,mean,streed,4,20,3,0.005,0.0001,0.001,0.8213225743966642,1.7348156205421408,599.7154665946961,1.6195053417102083,0.8331413784391888,1.802343979150654,0.8144606664246453,6.4
temperature_max,mean,streed,4,20,3,0.005,0.0001,0.1,0.7909496208350814,2.0284122938197413,599.7171716213227,1.9229796995969533,0.8019426445860848,2.0105297689748154,0.7928304559245598,6.0
temperature_max,mean,streed,4,20,3,0.005,0.001,0.001,0.822558517157279,1.722540711262766,599.7218556404114,1.619483259169518,0.8331438536235296,1.8010762596479648,0.8145926611461336,6.4
temperature_max,mean,streed,4,20,3,0.005,0.001,0.1,0.7915890627417849,2.0222728760399002,599.7167592525482,1.9238290391089699,0.80185536341349,2.0115334208059164,0.7927262569617025,6.0
temperature_max,mean,streed,4,20,3,0.005,0.01,0.001,0.8246088782256585,1.7028130936184165,599.7181831359864,1.622540462068277,0.8328329131403092,1.7807718407705295,0.8166866714214113,6.4
temperature_max,mean,streed,4,20,3,0.005,0.01,0.1,0.789957659254563,2.0379134123966436,599.7221010684967,1.9402671898646802,0.8001634751863861,2.0287932234201964,0.7910649013678082,5.8
temperature_max,mean,streed,4,20,3,0.005,0.1,0.001,0.8162200576734682,1.7833439315121922,599.7231873035431,1.8153037056040966,0.8130134657234,1.9415617070688043,0.7999293629548999,4.8
temperature_max,mean,streed,4,20,3,0.005,0.1,0.1,0.7759499076892855,2.1743029921235566,599.7177486419678,2.162006424184316,0.7773046539377206,2.2488860981115013,0.7684461679911854,6.2
temperature_max,mean,streed,4,20,3,0.008,1e-05,0.001,0.8107249931777863,1.8377944461656726,599.7227831840515,1.6933680480743885,0.8255779372632208,1.8567955733734371,0.80872934064378,5.4
temperature_max,mean,streed,4,20,3,0.008,1e-05,0.1,0.7896686618225089,2.041163968094015,599.7248408317566,1.9692503849004233,0.7972018814729678,2.0372187965321666,0.7900230599575505,4.6
temperature_max,mean,streed,4,20,3,0.008,0.0001,0.001,0.8107401404582365,1.837648192975265,599.7241117954254,1.6933588824830217,0.8255788988395905,1.8567308526556083,0.8087360257203373,5.4
temperature_max,mean,streed,4,20,3,0.008,0.0001,0.1,0.7896603243844013,2.0412454378967224,599.7248979568482,1.9693217841556236,0.797194538552749,2.0372980033140253,0.7900148610765318,4.6
temperature_max,mean,streed,4,20,3,0.008,0.001,0.001,0.8108311516774999,1.837159757289116,599.7218420505524,1.6932454272934838,0.8255907296388966,1.8559193585053062,0.8088200690967134,5.4
temperature_max,mean,streed,4,20,3,0.008,0.001,0.1,0.7898767911599559,2.0391841337075394,599.7189705848693,1.9677391497291878,0.7973565857920736,2.0345118288025565,0.7903078580297096,4.6
temperature_max,mean,streed,4,20,3,0.008,0.01,0.001,0.8101597701960921,1.8438890661484222,599.7220441818238,1.8028113801874721,0.8143498635701741,1.969009040928832,0.7969442891606834,4.0
temperature_max,mean,streed,4,20,3,0.008,0.01,0.1,0.7886976375651962,2.050243673215614,599.723898267746,1.977813344530325,0.7963142961213906,2.0578083605433983,0.7880207888446862,5.2
temperature_max,mean,streed,4,20,3,0.008,0.1,0.001,0.8002897420028378,1.937688287839988,599.7201855182648,1.8760298704594653,0.8067994993367243,1.9507362585131716,0.7989599995579055,4.0
temperature_max,mean,streed,4,20,3,0.008,0.1,0.1,0.775295144641949,2.1806761991590196,599.7225455284118,2.1581783793399714,0.7776997020705101,2.2518229752853736,0.7681355590697336,5.6
temperature_max,mean,streed,4,20,3,0.01,1e-05,0.001,0.8006833979641472,1.9340697369666966,599.7225406169891,1.825914939134887,0.8119375108203875,1.9794019758129011,0.7960970327481316,3.8
temperature_max,mean,streed,4,20,3,0.01,1e-05,0.1,0.7851854973898615,2.0852810602757366,599.720138502121,2.0462554499521257,0.7893027018753557,2.1030995354924866,0.7831215616438845,3.2
temperature_max,mean,streed,4,20,3,0.01,0.0001,0.001,0.8006968754241403,1.9339394651973567,599.7247250556945,1.8258631210661302,0.8119428525213962,1.979236255142156,0.7961142671461026,3.8
temperature_max,mean,streed,4,20,3,0.01,0.0001,0.1,0.785181168490338,2.085323372694419,599.7251972675324,2.0463030503169164,0.78929779992046,2.103141443225091,0.7831172726056524,3.2
temperature_max,mean,streed,4,20,3,0.01,0.001,0.001,0.8008064935736645,1.9328932763817999,599.7256022453308,1.8253789181695441,0.8119927676777976,1.977679065233474,0.7962762368912621,3.8
temperature_max,mean,streed,4,20,3,0.01,0.001,0.1,0.7851374456840106,2.085750673367035,599.7298071861267,2.044483180709025,0.7894841795834212,2.0999837690868626,0.7834492108558835,3.2
temperature_max,mean,streed,4,20,3,0.01,0.01,0.001,0.800277710749091,1.9382538780264174,599.7265860557557,1.8825257943365172,0.8061334247251498,2.0055594518625526,0.7933482544067131,3.2
temperature_max,mean,streed,4,20,3,0.01,0.01,0.1,0.7856161715361942,2.080896142690458,599.723122549057,2.0225472170829177,0.7917286261882833,2.102603613888683,0.7833021385247926,3.6
temperature_max,mean,streed,4,20,3,0.01,0.1,0.001,0.7944305600338496,1.9948358728532518,599.7291805744171,1.9337678296689809,0.8008699161503365,2.0227060981153397,0.7916020027189663,3.2
temperature_max,mean,streed,4,20,3,0.01,0.1,0.1,0.7730682215200141,2.201637370337407,599.7280530452729,2.1841694146663344,0.775037860866177,2.271043611866998,0.7661056336278362,4.8
temperature_max,mean,streed,4,20,3,0.03,1e-05,0.001,0.7589222780533895,2.340394485802984,599.7204406738281,2.3392696739398593,0.7591044410637616,2.3569644465165904,0.7570397029593485,1.0
temperature_max,mean,streed,4,20,3,0.03,1e-05,0.1,0.7593535456874458,2.3358606783781926,599.7246893405915,2.3109515806487417,0.7620204466915552,2.32149226458074,0.7607600078458645,1.0
temperature_max,mean,streed,4,20,3,0.03,0.0001,0.001,0.7589351801249857,2.340269563407331,599.7264342308044,2.340152498468053,0.7590138770703935,2.3576969129096854,0.7569631256071583,1.0
temperature_max,mean,streed,4,20,3,0.03,0.0001,0.1,0.759354814798842,2.3358486397686447,599.7220301628113,2.3109519701297314,0.7620204076188699,2.321491411016835,0.7607601199650216,1.0
temperature_max,mean,streed,4,20,3,0.03,0.001,0.001,0.7606517452548863,2.3242945379252604,599.7209270000458,2.336639707968965,0.7593748025868781,2.3542261715042008,0.7573241320490165,1.0
temperature_max,mean,streed,4,20,3,0.03,0.001,0.1,0.759367674268175,2.335726714262976,599.7198811054229,2.3109535150773377,0.7620202570723131,2.3214794085569217,0.7607616065155784,1.0
temperature_max,mean,streed,4,20,3,0.03,0.01,0.001,0.7618621138828563,2.312611977156846,599.718082523346,2.3258979870364636,0.7604793229652467,2.3438145045251244,0.7584089692906064,1.0
temperature_max,mean,streed,4,20,3,0.03,0.01,0.1,0.7600473238317296,2.3291107150291137,599.7219326019288,2.310179607744323,0.7621002568527852,2.3234257928410087,0.7605599253794645,1.0
temperature_max,mean,streed,4,20,3,0.03,0.1,0.001,0.765568587413272,2.275540126340598,599.7215084075928,2.2593043774045114,0.7673375717016829,2.2750045675666213,0.7655228394452177,1.0
temperature_max,mean,streed,4,20,3,0.03,0.1,0.1,0.7604037112050455,2.325900434489827,599.7157172203064,2.305360980984058,0.7625972191025332,2.3175611412119848,0.7611897680828846,1.0
temperature_max,mean,streed,4,20,3,0.05,1e-05,0.001,0.757098607181071,2.357450789852945,599.720562839508,2.3392696739398593,0.7591044410637616,2.3569644465165904,0.7570397029593485,1.0
temperature_max,mean,streed,4,20,3,0.05,1e-05,0.1,0.7593535456874458,2.3358606783781926,599.7200101852417,2.3109515806487417,0.7620204466915552,2.32149226458074,0.7607600078458645,1.0
temperature_max,mean,streed,4,20,3,0.05,0.0001,0.001,0.7571116392678191,2.357324651460483,599.7158463478088,2.340152498468053,0.7590138770703935,2.3576969129096854,0.7569631256071583,1.0
temperature_max,mean,streed,4,20,3,0.05,0.0001,0.1,0.759354814798842,2.3358486397686447,599.7175294876099,2.3109519701297314,0.7620204076188699,2.321491411016835,0.7607601199650216,1.0
temperature_max,mean,streed,4,20,3,0.05,0.001,0.001,0.7572557454516242,2.355908845510583,599.7173372745514,2.336639707968965,0.7593748025868781,2.3542261715042008,0.7573241320490165,1.0
temperature_max,mean,streed,4,20,3,0.05,0.001,0.1,0.759367674268175,2.335726714262976,599.7198738098144,2.3109535150773377,0.7620202570723131,2.3214794085569217,0.7607616065155784,1.0
temperature_max,mean,streed,4,20,3,0.05,0.01,0.001,0.7584157611174158,2.344690194359711,599.7220836639405,2.3258979870364636,0.7604793229652467,2.3438145045251244,0.7584089692906064,1.0
temperature_max,mean,streed,4,20,3,0.05,0.01,0.1,0.7600473238317296,2.3291107150291137,599.7242435455322,2.310179607744323,0.7621002568527852,2.3234257928410087,0.7605599253794645,1.0
temperature_max,mean,streed,4,20,3,0.05,0.1,0.001,0.765568587413272,2.275540126340598,599.7164640426636,2.2593043774045114,0.7673375717016829,2.2750045675666213,0.7655228394452177,1.0
temperature_max,mean,streed,4,20,3,0.05,0.1,0.1,0.7604037112050455,2.325900434489827,599.7241977214813,2.305360980984058,0.7625972191025332,2.3175611412119848,0.7611897680828846,1.0
temperature_max,mean,streed,4,20,3,0.08,1e-05,0.001,0.757098607181071,2.357450789852945,528.3799574375153,2.3392696739398593,0.7591044410637616,2.3569644465165904,0.7570397029593485,1.0
temperature_max,mean,streed,4,20,3,0.08,1e-05,0.1,0.7593535456874458,2.3358606783781926,599.7228887557983,2.3109515806487417,0.7620204466915552,2.32149226458074,0.7607600078458645,1.0
temperature_max,mean,streed,4,20,3,0.08,0.0001,0.001,0.7571116392678191,2.357324651460483,528.6017624855042,2.340152498468053,0.7590138770703935,2.3576969129096854,0.7569631256071583,1.0
temperature_max,mean,streed,4,20,3,0.08,0.0001,0.1,0.759354814798842,2.3358486397686447,599.725391292572,2.3109519701297314,0.7620204076188699,2.321491411016835,0.7607601199650216,1.0
temperature_max,mean,streed,4,20,3,0.08,0.001,0.001,0.7572557454516242,2.355908845510583,529.152888917923,2.336639707968965,0.7593748025868781,2.3542261715042008,0.7573241320490165,1.0
temperature_max,mean,streed,4,20,3,0.08,0.001,0.1,0.759367674268175,2.335726714262976,599.7238728046417,2.3109535150773377,0.7620202570723131,2.3214794085569217,0.7607616065155784,1.0
temperature_max,mean,streed,4,20,3,0.08,0.01,0.001,0.7584157611174158,2.344690194359711,599.7277156352997,2.3258979870364636,0.7604793229652467,2.3438145045251244,0.7584089692906064,1.0
temperature_max,mean,streed,4,20,3,0.08,0.01,0.1,0.7600473238317296,2.3291107150291137,599.7283710479736,2.310179607744323,0.7621002568527852,2.3234257928410087,0.7605599253794645,1.0
temperature_max,mean,streed,4,20,3,0.08,0.1,0.001,0.765568587413272,2.275540126340598,599.7290053844451,2.2593043774045114,0.7673375717016829,2.2750045675666213,0.7655228394452177,1.0
temperature_max,mean,streed,4,20,3,0.08,0.1,0.1,0.7604037112050455,2.325900434489827,599.7318109035492,2.305360980984058,0.7625972191025332,2.3175611412119848,0.7611897680828846,1.0
temperature_max,mean,streed,4,20,3,0.1,1e-05,0.001,0.757098607181071,2.357450789852945,240.25588455200196,2.3392696739398593,0.7591044410637616,2.3569644465165904,0.7570397029593485,1.0
temperature_max,mean,streed,4,20,3,0.1,1e-05,0.1,0.7593535456874458,2.3358606783781926,599.7297673225403,2.3109515806487417,0.7620204466915552,2.32149226458074,0.7607600078458645,1.0
temperature_max,mean,streed,4,20,3,0.1,0.0001,0.001,0.7571116392678191,2.357324651460483,237.47725167274476,2.340152498468053,0.7590138770703935,2.3576969129096854,0.7569631256071583,1.0
temperature_max,mean,streed,4,20,3,0.1,0.0001,0.1,0.759354814798842,2.3358486397686447,599.7292548656463,2.3109519701297314,0.7620204076188699,2.321491411016835,0.7607601199650216,1.0
temperature_max,mean,streed,4,20,3,0.1,0.001,0.001,0.7572557454516242,2.355908845510583,236.0583598613739,2.336639707968965,0.7593748025868781,2.3542261715042008,0.7573241320490165,1.0
temperature_max,mean,streed,4,20,3,0.1,0.001,0.1,0.759367674268175,2.335726714262976,599.7339582443237,2.3109535150773377,0.7620202570723131,2.3214794085569217,0.7607616065155784,1.0
temperature_max,mean,streed,4,20,3,0.1,0.01,0.001,0.7584157611174158,2.344690194359711,241.02915563583375,2.3258979870364636,0.7604793229652467,2.3438145045251244,0.7584089692906064,1.0
temperature_max,mean,streed,4,20,3,0.1,0.01,0.1,0.7600473238317296,2.3291107150291137,599.7389080524445,2.310179607744323,0.7621002568527852,2.3234257928410087,0.7605599253794645,1.0
temperature_max,mean,streed,4,20,3,0.1,0.1,0.001,0.765568587413272,2.275540126340598,250.1359493255615,2.2593043774045114,0.7673375717016829,2.2750045675666213,0.7655228394452177,1.0
temperature_max,mean,streed,4,20,3,0.1,0.1,0.1,0.7604037112050455,2.325900434489827,599.7719953536987,2.305360980984058,0.7625972191025332,2.3175611412119848,0.7611897680828846,1.0
temperature_max,std,streed,4,20,3,0.0001,1e-05,0.001,0.00696542620056749,0.07793525899532341,0.005690400226062177,0.16508889881233144,0.01803148750314704,0.12803174987209057,0.009461170196251558,2.1908902300206647
temperature_max,std,streed,4,20,3,0.0001,1e-05,0.1,0.003448381684835397,0.03676248763288726,0.00827126050429541,0.01987329799281793,0.0030726830886383893,0.07055635946931998,0.009421662589211314,0.0
temperature_max,std,streed,4,20,3,0.0001,0.0001,0.001,0.0064032760748536,0.07250366801803246,0.004852435308216507,0.1712260172691699,0.01841545278517442,0.10530011030936222,0.00822890086125875,2.1908902300206643
temperature_max,std,streed,4,20,3,0.0001,0.0001,0.1,0.0034452866454803477,0.036732734299085835,0.007557103815885686,0.05105617758426714,0.005303352726526473,0.06305679701632501,0.009260290668926125,1.7888543819998317
temperature_max,std,streed,4,20,3,0.0001,0.001,0.001,0.005301048499528932,0.060891013295737303,0.007169517754411168,0.1646258314671142,0.01798372703001822,0.1282487070985506,0.00945696577471506,2.1908902300206647
temperature_max,std,streed,4,20,3,0.0001,0.001,0.1,0.0037532823445341396,0.04055069490891337,0.007457533642990324,0.057258807544963514,0.007133888532618834,0.0730512018680099,0.007309851149646066,2.1908902300206647
temperature_max,std,streed,4,20,3,0.0001,0.01,0.001,0.0035895460091134035,0.043142378961100486,0.008219001653362255,0.13008138889739082,0.013924096701794753,0.13436686912308382,0.013501119609658262,1.7888543819998317
temperature_max,std,streed,4,20,3,0.0001,0.01,0.1,0.003706988949023354,0.036851237536352784,0.0029055640008948985,0.05195701315342628,0.004701377958014176,0.07528263160297682,0.01064086900702487,2.1908902300206643
temperature_max,std,streed,4,20,3,0.0001,0.1,0.001,0.003449512080459474,0.044460551197380814,0.0041575464862857,0.03427154047962742,0.004081105857153604,0.06604603001562807,0.008029285987045174,0.0
temperature_max,std,streed,4,20,3,0.0001,0.1,0.1,0.003365806184049008,0.03604621868468664,0.002284106439790838,0.1578937219608856,0.014991433167740023,0.1061016145664783,0.017065959200844028,2.1908902300206647
temperature_max,std,streed,4,20,3,0.0005,1e-05,0.001,0.00696542620056749,0.07793525899532341,0.0031440233410364943,0.01044483993172428,0.0008390301017084949,0.053489105055745695,0.008422889634945828,0.0
temperature_max,std,streed,4,20,3,0.0005,1e-05,0.1,0.003448381684835397,0.03676248763288726,0.004797823191187807,0.045817078338411935,0.005615636061345603,0.07033270676615604,0.007228531292256418,1.7888543819998317
temperature_max,std,streed,4,20,3,0.0005,0.0001,0.001,0.006631371662712052,0.07486494682872176,0.004292947896012917,0.010442084228038072,0.0008379288272463019,0.053404988642762316,0.008411935048727089,0.0
temperature_max,std,streed,4,20,3,0.0005,0.0001,0.1,0.0034452866454803477,0.036732734299085835,0.008528568429435066,0.016019470702785914,0.002747670120229546,0.03942729803615885,0.005768313707338879,0.0
temperature_max,std,streed,4,20,3,0.0005,0.001,0.001,0.005301048499528932,0.060891013295737303,0.005380704973632339,0.01040953444027317,0.0008287697118489186,0.05262616744046615,0.008311789934911178,0.0
temperature_max,std,streed,4,20,3,0.0005,0.001,0.1,0.0037532823445341396,0.04055069490891337,0.00552493509307753,0.01608623486228047,0.0028397932835262664,0.043425451301291516,0.005803735694557722,0.0
temperature_max,std,streed,4,20,3,0.0005,0.01,0.001,0.0035895460091134035,0.043142378961100486,0.01227658376952029,0.12990765275626828,0.01357973930427684,0.15545937744235702,0.017695582038077293,1.7888543819998317
temperature_max,std,streed,4,20,3,0.0005,0.01,0.1,0.0037241816253366354,0.036890509168899736,0.008481029605996261,0.05322202699386346,0.006680143124159728,0.08137391259979188,0.004752811938099848,2.1908902300206643
temperature_max,std,streed,4,20,3,0.0005,0.1,0.001,0.003449512080459474,0.044460551197380814,0.012190258739804427,0.11840999040850937,0.012615979150496014,0.09924759684435834,0.009891829169187731,1.7888543819998317
temperature_max,std,streed,4,20,3,0.0005,0.1,0.1,0.0028513111452291157,0.030711097428073656,0.01154675821030073,0.1278538613416555,0.013881220973719358,0.09774541565506822,0.004887248631885951,2.1908902300206643
temperature_max,std,streed,4,20,3,0.001,1e-05,0.001,0.005115838151970118,0.06138471812217928,0.01747648675546113,0.1618539251012581,0.017330155717013216,0.1521919307022744,0.01426689904761968,2.1908902300206643
temperature_max,std,streed,4,20,3,0.001,1e-05,0.1,0.003444428542729501,0.03663333145412864,0.011757998001354165,0.05427205109594597,0.006547203137616986,0.04442807196422104,0.005861704105483758,2.1908902300206643
temperature_max,std,streed,4,20,3,0.001,0.0001,0.001,0.006631371662712052,0.07486494682872176,0.009970506329790995,0.165039059023765,0.018026351691393692,0.12802644459836715,0.009458078699142248,2.1908902300206647
temperature_max,std,streed,4,20,3,0.001,0.0001,0.1,0.0034413045353625703,0.03660314064001279,0.007606986581825036,0.05105617758426714,0.005303352726526473,0.06305679701632501,0.009260290668926125,1.7888543819998317
temperature_max,std,streed,4,20,3,0.001,0.001,0.001,0.005301048499528932,0.060891013295737303,0.010716868147466295,0.1646258314671142,0.01798372703001822,0.1282487070985506,0.00945696577471506,2.1908902300206647
temperature_max,std,streed,4,20,3,0.001,0.001,0.1,0.0037353577120208185,0.040291295652096396,0.010745095213592626,0.05088009820710609,0.0052840648042292914,0.06330393419041457,0.009295275899753132,1.7888543819998317
temperature_max,std,streed,4,20,3,0.001,0.01,0.001,0.0035895460091134035,0.043142378961100486,0.006846289441762363,0.15933062246608437,0.017421747986747636,0.14784587391022455,0.012273228491072475,2.1908902300206647
temperature_max,std,streed,4,20,3,0.001,0.01,0.1,0.0037241816253366354,0.036890509168899736,0.007822017040251657,0.04243179470841155,0.004553441340366167,0.06854437279788651,0.009413185236070739,1.7888543819998317
temperature_max,std,streed,4,20,3,0.001,0.1,0.001,0.003449512080459474,0.044460551197380814,0.009603934553741124,0.11840999040850937,0.012615979150496014,0.09924759684435834,0.009891829169187731,1.7888543819998317
temperature_max,std,streed,4,20,3,0.001,0.1,0.1,0.002526275870500608,0.025795279599565655,0.00944180590349941,0.12395859114162533,0.01187964242721865,0.10641398397206042,0.015743015287654778,1.7888543819998317
temperature_max,std,streed,4,20,3,0.003,1e-05,0.001,0.00696542620056749,0.07793525899532341,0.005540135663773863,0.16836585157731548,0.017858157654425957,0.1449889717617908,0.013930816331360802,2.1908902300206643
temperature_max,std,streed,4,20,3,0.003,1e-05,0.1,0.003448381684835397,0.03676248763288726,0.0075858683039725,0.0510790086109471,0.005305934918372031,0.06313439265578846,0.0092628219167172,1.7888543819998317
temperature_max,std,streed,4,20,3,0.003,0.0001,0.001,0.004839043000303027,0.058981206840244646,0.007488923999694377,0.1683127093024153,0.017852622661737295,0.14498031544023124,0.013929634906735724,2.1908902300206643
temperature_max,std,streed,4,20,3,0.003,0.0001,0.1,0.0034413045353625703,0.03660314064001279,0.00795480150691844,0.05105617758426714,0.005303352726526473,0.06305679701632501,0.009260290668926125,1.7888543819998317
temperature_max,std,streed,4,20,3,0.003,0.001,0.001,0.005301048499528932,0.060891013295737303,0.009687171261133573,0.1646258314671142,0.01798372703001822,0.1282487070985506,0.00945696577471506,2.1908902300206647
temperature_max,std,streed,4,20,3,0.003,0.001,0.1,0.0037353577120208185,0.040291295652096396,0.007942878712544288,0.05088009820710609,0.0052840648042292914,0.06330393419041457,0.009295275899753132,1.7888543819998317
temperature_max,std,streed,4,20,3,0.003,0.01,0.001,0.0035895460091134035,0.043142378961100486,0.010471835989067773,0.1622416655424275,0.01721797782118555,0.1642205642356498,0.017495949007575857,2.1908902300206643
temperature_max,std,streed,4,20,3,0.003,0.01,0.1,0.003706988949023354,0.036851237536352784,0.007712783748027763,0.04243179470841155,0.004553441340366167,0.06854437279788651,0.009413185236070739,1.7888543819998317
temperature_max,std,streed,4,20,3,0.003,0.1,0.001,0.003449512080459474,0.044460551197380814,0.006620374514612998,0.146110631153837,0.015481734024826005,0.1351803995694192,0.013684457291390112,1.7888543819998317
temperature_max,std,streed,4,20,3,0.003,0.1,0.1,0.0027380382565466736,0.022356447860399,0.009086559625798563,0.12029315257802607,0.013625803289889559,0.13909117908916174,0.009700904117412232,2.1908902300206647
temperature_max,std,streed,4,20,3,0.005,1e-05,0.001,0.006846776969618485,0.07698831046136992,0.011238179183845086,0.16508889881233144,0.01803148750314704,0.12803174987209057,0.009461170196251558,2.1908902300206647
temperature_max,std,streed,4,20,3,0.005,1e-05,0.1,0.002545181042802642,0.027488920594565373,0.011815249298630483,0.05417952011418106,0.0068205649929765225,0.05683587312943784,0.005991114319826647,1.8708286933869709
temperature_max,std,streed,4,20,3,0.005,0.0001,0.001,0.006631371662712052,0.07486494682872176,0.012483219899832936,0.165039059023765,0.018026351691393692,0.12802644459836715,0.009458078699142248,2.1908902300206647
temperature_max,std,streed,4,20,3,0.005,0.0001,0.1,0.0025421154953882965,0.027457352124001775,0.009354540220937863,0.05414977536498208,0.0068173250074189855,0.056762870632791146,0.005989551362630015,1.8708286933869709
temperature_max,std,streed,4,20,3,0.005,0.001,0.001,0.005301048499528932,0.060891013295737303,0.008290066729257686,0.1646258314671142,0.01798372703001822,0.1282487070985506,0.00945696577471506,2.1908902300206647
temperature_max,std,streed,4,20,3,0.005,0.001,0.1,0.0029132351124984994,0.03201589604649219,0.010337363357727633,0.053864260116177815,0.006787011812797629,0.05688999511570017,0.0060368109108483855,1.8708286933869709
temperature_max,std,streed,4,20,3,0.005,0.01,0.001,0.0035895460091134035,0.043142378961100486,0.007136751191415421,0.15933062246608437,0.017421747986747636,0.14784587391022455,0.012273228491072475,2.1908902300206647
temperature_max,std,streed,4,20,3,0.005,0.01,0.1,0.003293020168106777,0.031312475745400546,0.008222530998451496,0.041401796107826835,0.005775493362133813,0.09198312600015958,0.005437044910080588,1.6431676725154984
temperature_max,std,streed,4,20,3,0.005,0.1,0.001,0.004626496472835774,0.05506536110255561,0.007242018437681061,0.1335283642170587,0.014497300814569227,0.06406223795183544,0.007021387779559961,1.7888543819998317
temperature_max,std,streed,4,20,3,0.005,0.1,0.1,0.0028250338776479532,0.023198614636256342,0.015725715650946034,0.11135812151571169,0.012724130019211627,0.12634514188932572,0.00825378288961386,2.04939015319192
temperature_max,std,streed,4,20,3,0.008,1e-05,0.001,0.0055394860113620655,0.06810263810766978,0.008623739131813692,0.15380984701773606,0.01636513333300499,0.12188003990756961,0.011575520144392308,1.949358868961793
temperature_max,std,streed,4,20,3,0.008,1e-05,0.1,0.0036546193407018734,0.029876246649521786,0.00675102285583282,0.018315736638145768,0.0026405519718242735,0.045187297850810375,0.007299816691557399,0.8944271909999159
temperature_max,std,streed,4,20,3,0.008,0.0001,0.001,0.005534371950572284,0.06807876927631891,0.0091785704355075,0.15375977731273124,0.016359914582873853,0.1218796029409192,0.011575194150949538,1.949358868961793
temperature_max,std,streed,4,20,3,0.008,0.0001,0.1,0.0036544678864212587,0.029877600607240436,0.00853998500730977,0.01830221751543777,0.002638639956168674,0.0452174928248407,0.007303289098186783,0.8944271909999159
temperature_max,std,streed,4,20,3,0.008,0.001,0.001,0.003655175312638529,0.03916281539079679,0.005659162879860334,0.15334263262499565,0.016316431083881047,0.1220044135952145,0.011581382154443837,1.949358868961793
temperature_max,std,streed,4,20,3,0.008,0.001,0.1,0.003388637961766861,0.024952496803297416,0.007970950208028502,0.0183994050611486,0.0027338562476129378,0.05005861627124972,0.0074373398466313426,0.8944271909999159
temperature_max,std,streed,4,20,3,0.008,0.01,0.001,0.003087974551999108,0.03856215432146,0.008079613345512177,0.01130387688188338,0.0007986718417733358,0.041844233294753896,0.010083739450206951,0.0
temperature_max,std,streed,4,20,3,0.008,0.01,0.1,0.0023032698353696985,0.01777090760748409,0.0074476113384183956,0.010782378542607905,0.002769316334196258,0.10078803869068871,0.00881960786923834,1.0954451150103324
temperature_max,std,streed,4,20,3,0.008,0.1,0.001,0.0011939294648686562,0.013553579475541538,0.00878307974462382,0.03427154047962742,0.004081105857153604,0.06604603001562807,0.008029285987045174,0.0
temperature_max,std,streed,4,20,3,0.008,0.1,0.1,0.002649373853782298,0.030591145446121064,0.0035663746171999745,0.11555896717738352,0.013100820763370892,0.12421330887998688,0.008187997061482193,1.51657508881031
temperature_max,std,streed,4,20,3,0.01,1e-05,0.001,0.0028288417829245792,0.021407894839578893,0.008576468832557561,0.03228914354658085,0.005134250920248898,0.07847142199020173,0.006055432183503358,0.44721359549995787
temperature_max,std,streed,4,20,3,0.01,1e-05,0.1,0.002231143041522864,0.012394690963521563,0.012024252771958932,0.04406409198629247,0.002867003399908249,0.047969680001216944,0.010768323452049002,0.44721359549995787
temperature_max,std,streed,4,20,3,0.01,0.0001,0.001,0.002827623977496434,0.021362290920098524,0.0054262560695092195,0.032283331211720334,0.0051335614397750775,0.07844646840849381,0.006045060423155782,0.44721359549995787
temperature_max,std,streed,4,20,3,0.01,0.0001,0.1,0.002230349232841702,0.012391392027170397,0.0048912353733606174,0.04406506800890086,0.0028671215204616584,0.04797552547430727,0.010768025844586703,0.44721359549995787
temperature_max,std,streed,4,20,3,0.01,0.001,0.001,0.002724554748872292,0.019863269041863953,0.008360880715628813,0.03222823247653572,0.005127026859306199,0.07823341750308253,0.0059486705940018396,0.44721359549995787
temperature_max,std,streed,4,20,3,0.01,0.001,0.1,0.002222486208462748,0.01235916218446486,0.009350241354137298,0.04292569157325002,0.002775073333288825,0.05272697369530822,0.010852752809254138,0.44721359549995787
temperature_max,std,streed,4,20,3,0.01,0.01,0.001,0.0028246406442978688,0.036232193498917764,0.005431105407711153,0.04361635842158208,0.004787263214707316,0.05155267702043303,0.005183858716308121,0.4472135954999579
temperature_max,std,streed,4,20,3,0.01,0.01,0.1,0.0018693086133837326,0.02259752097635974,0.008552721889114968,0.046442726782397144,0.00427866605198723,0.0866624198894344,0.010320473967433536,0.5477225575051661
temperature_max,std,streed,4,20,3,0.01,0.1,0.001,0.0020173130629585795,0.015190535528606238,0.007456071674580475,0.0326505893045032,0.002757182025751017,0.07446945995414721,0.006904072512243686,0.447213595499958
temperature_max,std,streed,4,20,3,0.01,0.1,0.1,0.004423073240343708,0.02689626633163726,0.008400983067691534,0.1008071631372881,0.011387493997481523,0.1174119942073045,0.008888050015376467,0.8366600265340756
temperature_max,std,streed,4,20,3,0.03,1e-05,0.001,0.003360450510502645,0.023885536880819614,0.010364950379525797,0.020822391310731523,0.002128689774044434,0.036451769834661196,0.00850743151638167,0.0
temperature_max,std,streed,4,20,3,0.03,1e-05,0.1,0.0029570144391513563,0.020686111396133248,0.007828115168139324,0.01668089963883097,0.001731573200649592,0.06525221073008672,0.008067133750402885,0.0
temperature_max,std,streed,4,20,3,0.03,0.0001,0.001,0.0033602312527036236,0.02388400515132297,0.008677974383401328,0.02147545089253641,0.0021478363517075235,0.03588316567639455,0.008519616784804911,0.0
temperature_max,std,streed,4,20,3,0.03,0.0001,0.1,0.0029563016651424343,0.020686660795772627,0.005266580954959311,0.0166813738038575,0.0017314443376734172,0.06526869197120946,0.008067703684000936,0.0
temperature_max,std,streed,4,20,3,0.03,0.001,0.001,0.0031323652577054254,0.04244341519680832,0.005408012782242382,0.02029016476867138,0.0021406974081006765,0.037976697343297026,0.00849904060863274,0.0
temperature_max,std,streed,4,20,3,0.03,0.001,0.1,0.0029494291885429876,0.02069378528523071,0.011210388323314805,0.016680819280697156,0.0017299261438955885,0.06543380093652902,0.008073147554619207,0.0
temperature_max,std,streed,4,20,3,0.03,0.01,0.001,0.003236234004563209,0.044096596836586656,0.006799531983268644,0.020265270071998555,0.002356729896157792,0.041571934727871754,0.008250871177209271,0.0
temperature_max,std,streed,4,20,3,0.03,0.01,0.1,0.0024869488508631747,0.014094938033386845,0.010142734497622888,0.01731676688068457,0.0017435730084328818,0.06472666835641243,0.008053485244766533,0.0
temperature_max,std,streed,4,20,3,0.03,0.1,0.001,0.0021418670295874293,0.02041038902770198,0.011835831607470735,0.018726384336909232,0.002143503594654887,0.06591722725296559,0.009055072630500502,0.0
temperature_max,std,streed,4,20,3,0.03,0.1,0.1,0.0027847885373631152,0.02219034401250296,0.009670161163839295,0.019477927555688453,0.0018537489531048918,0.08481635749254023,0.009081861370417898,0.0
temperature_max,std,streed,4,20,3,0.05,1e-05,0.001,0.0021135399125083738,0.021178235986016713,0.011112473994868921,0.020822391310731523,0.002128689774044434,0.036451769834661196,0.00850743151638167,0.0
temperature_max,std,streed,4,20,3,0.05,1e-05,0.1,0.0029570144391513563,0.020686111396133248,0.011828013120311677,0.01668089963883097,0.001731573200649592,0.06525221073008672,0.008067133750402885,0.0
temperature_max,std,streed,4,20,3,0.05,0.0001,0.001,0.002113443738630695,0.021176995543087523,0.011607541982105432,0.02147545089253641,0.0021478363517075235,0.03588316567639455,0.008519616784804911,0.0
temperature_max,std,streed,4,20,3,0.05,0.0001,0.1,0.0029563016651424343,0.020686660795772627,0.010759354947134104,0.0166813738038575,0.0017314443376734172,0.06526869197120946,0.008067703684000936,0.0
temperature_max,std,streed,4,20,3,0.05,0.001,0.001,0.0021881286602186355,0.021278206844589514,0.0018458495164868343,0.02029016476867138,0.0021406974081006765,0.037976697343297026,0.00849904060863274,0.0
temperature_max,std,streed,4,20,3,0.05,0.001,0.1,0.0029494291885429876,0.02069378528523071,0.008038468653629297,0.016680819280697156,0.0017299261438955885,0.06543380093652902,0.008073147554619207,0.0
temperature_max,std,streed,4,20,3,0.05,0.01,0.001,0.0020064407107296895,0.020025639856389527,0.005716232266104944,0.020265270071998555,0.002356729896157792,0.041571934727871754,0.008250871177209271,0.0
temperature_max,std,streed,4,20,3,0.05,0.01,0.1,0.0024869488508631747,0.014094938033386845,0.002948379997057756,0.01731676688068457,0.0017435730084328818,0.06472666835641243,0.008053485244766533,0.0
temperature_max,std,streed,4,20,3,0.05,0.1,0.001,0.0021418670295874293,0.02041038902770198,0.003252492506197813,0.018726384336909232,0.002143503594654887,0.06591722725296559,0.009055072630500502,0.0
temperature_max,std,streed,4,20,3,0.05,0.1,0.1,0.0027847885373631152,0.02219034401250296,0.0075936493068704085,0.019477927555688453,0.0018537489531048918,0.08481635749254023,0.009081861370417898,0.0
temperature_max,std,streed,4,20,3,0.08,1e-05,0.001,0.0021135399125083738,0.021178235986016713,159.5342589116835,0.020822391310731523,0.002128689774044434,0.036451769834661196,0.00850743151638167,0.0
temperature_max,std,streed,4,20,3,0.08,1e-05,0.1,0.0029570144391513563,0.020686111396133248,0.007702298361004616,0.01668089963883097,0.001731573200649592,0.06525221073008672,0.008067133750402885,0.0
temperature_max,std,streed,4,20,3,0.08,0.0001,0.001,0.002113443738630695,0.021176995543087523,159.03427830290786,0.02147545089253641,0.0021478363517075235,0.03588316567639455,0.008519616784804911,0.0
temperature_max,std,streed,4,20,3,0.08,0.0001,0.1,0.0029563016651424343,0.020686660795772627,0.0037925187306522236,0.0166813738038575,0.0017314443376734172,0.06526869197120946,0.008067703684000936,0.0
temperature_max,std,streed,4,20,3,0.08,0.001,0.001,0.0021881286602186355,0.021278206844589514,157.79527110879573,0.02029016476867138,0.0021406974081006765,0.037976697343297026,0.00849904060863274,0.0
temperature_max,std,streed,4,20,3,0.08,0.001,0.1,0.0029494291885429876,0.02069378528523071,0.003939730828710834,0.016680819280697156,0.0017299261438955885,0.06543380093652902,0.008073147554619207,0.0
temperature_max,std,streed,4,20,3,0.08,0.01,0.001,0.0020064407107296895,0.020025639856389527,0.0021356812278226773,0.020265270071998555,0.002356729896157792,0.041571934727871754,0.008250871177209271,0.0
temperature_max,std,streed,4,20,3,0.08,0.01,0.1,0.0024869488508631747,0.014094938033386845,0.005660761234102269,0.01731676688068457,0.0017435730084328818,0.06472666835641243,0.008053485244766533,0.0
temperature_max,std,streed,4,20,3,0.08,0.1,0.001,0.0021418670295874293,0.02041038902770198,0.004608591483982319,0.018726384336909232,0.002143503594654887,0.06591722725296559,0.009055072630500502,0.0
temperature_max,std,streed,4,20,3,0.08,0.1,0.1,0.0027847885373631152,0.02219034401250296,0.002680777244950127,0.019477927555688453,0.0018537489531048918,0.08481635749254023,0.009081861370417898,0.0
temperature_max,std,streed,4,20,3,0.1,1e-05,0.001,0.0021135399125083738,0.021178235986016713,1.509490900870138,0.020822391310731523,0.002128689774044434,0.036451769834661196,0.00850743151638167,0.0
temperature_max,std,streed,4,20,3,0.1,1e-05,0.1,0.0029570144391513563,0.020686111396133248,0.005165326361433573,0.01668089963883097,0.001731573200649592,0.06525221073008672,0.008067133750402885,0.0
temperature_max,std,streed,4,20,3,0.1,0.0001,0.001,0.002113443738630695,0.021176995543087523,1.5882816040605836,0.02147545089253641,0.0021478363517075235,0.03588316567639455,0.008519616784804911,0.0
temperature_max,std,streed,4,20,3,0.1,0.0001,0.1,0.0029563016651424343,0.020686660795772627,0.004447885632459535,0.0166813738038575,0.0017314443376734172,0.06526869197120946,0.008067703684000936,0.0
temperature_max,std,streed,4,20,3,0.1,0.001,0.001,0.0021881286602186355,0.021278206844589514,3.204525678772173,0.02029016476867138,0.0021406974081006765,0.037976697343297026,0.00849904060863274,0.0
temperature_max,std,streed,4,20,3,0.1,0.001,0.1,0.0029494291885429876,0.02069378528523071,0.006125072610328989,0.016680819280697156,0.0017299261438955885,0.06543380093652902,0.008073147554619207,0.0
temperature_max,std,streed,4,20,3,0.1,0.01,0.001,0.0020064407107296895,0.020025639856389527,4.458272169960183,0.020265270071998555,0.002356729896157792,0.041571934727871754,0.008250871177209271,0.0
temperature_max,std,streed,4,20,3,0.1,0.01,0.1,0.0024869488508631747,0.014094938033386845,0.005335187740138188,0.01731676688068457,0.0017435730084328818,0.06472666835641243,0.008053485244766533,0.0
temperature_max,std,streed,4,20,3,0.1,0.1,0.001,0.0021418670295874293,0.02041038902770198,5.97292614141833,0.018726384336909232,0.002143503594654887,0.06591722725296559,0.009055072630500502,0.0
temperature_max,std,streed,4,20,3,0.1,0.1,0.1,0.0027847885373631152,0.02219034401250296,0.003459750395417894,0.019477927555688453,0.0018537489531048918,0.08481635749254023,0.009081861370417898,0.0
temperature_max,best_by_mean_val_r2,streed,4,20,3,0.0001,0.01,0.001,0.8246088782256585,1.7028130936184165,599.712329673767,1.7448100248947234,0.8202850065687347,1.892004999081043,0.8050803708035303,4.8
