dataset,outer,method,depth,n_thresholds,cv_folds,cost_complexity,ridge_penalty,lasso_penalty,val_r2,val_mse,train_time_s,train_mse,train_r2,test_mse,test_r2,n_leaves
california_housing,outer_0,streed,4,20,3,0.1,0.1,0.1,0.584660300374937,5584899846.838489,599.7442138195038,5580835684.658699,0.5850420284513511,5557938451.985654,0.5666002010564921,1.0
california_housing,outer_0,streed,4,20,3,0.1,0.1,0.001,0.5846610682595054,5584889516.745747,599.6786675453186,5580825357.440175,0.5850427963223104,5557927712.955179,0.5666010384701643,1.0
california_housing,outer_0,streed,4,20,3,0.1,0.01,0.1,0.6181120413094394,5134758507.526486,599.6659474372864,5128204757.175926,0.6186969902064061,5091386701.442626,0.6029812147414944,1.0
california_housing,outer_0,streed,4,20,3,0.1,0.01,0.001,0.6181126910830471,5134749758.067249,599.6558446884155,5128196175.033138,0.618697628323843,5091377374.468971,0.6029819420450695,1.0
california_housing,outer_0,streed,4,20,3,0.1,0.001,0.1,0.6203256350758837,5104943553.260597,599.6621060371399,5098038524.732765,0.620939973037506,5060680581.886727,0.605375632412152,1.0
california_housing,outer_0,streed,4,20,3,0.1,0.001,0.001,0.6203262332654215,5104935495.920432,599.654803276062,5098030608.051104,0.6209405616751849,5060671965.641919,0.6053763042941456,1.0
california_housing,outer_0,streed,4,20,3,0.1,0.0001,0.1,0.6205398735989212,5102057520.357918,599.6635136604309,5095115286.153956,0.6211573277885785,5057715707.483803,0.605606828921653,1.0
california_housing,outer_0,streed,4,20,3,0.1,0.0001,0.001,0.6205404661543763,5102049538.619422,599.6730120182037,5095107442.249284,0.6211579110149904,5057707169.377783,0.6056074947104997,1.0
california_housing,outer_0,streed,4,20,3,0.1,1e-05,0.1,0.6205612188274574,5101769971.288264,599.6776442527771,5094823995.074492,0.621178986472384,5057420390.590613,0.6056298572950757,1.0
california_housing,outer_0,streed,4,20,3,0.1,1e-05,0.001,0.620561810814427,5101761997.178144,599.6803741455078,5094816158.514092,0.6211795691527193,5057411860.373876,0.6056305224687278,1.0
california_housing,outer_0,streed,4,20,3,0.08,0.1,0.1,0.584660300374937,5584899846.838489,599.6789493560791,5580835684.658699,0.5850420284513511,5557938451.985654,0.5666002010564921,1.0
california_housing,outer_0,streed,4,20,3,0.08,0.1,0.001,0.5846610682595054,5584889516.745747,599.6575701236725,5580825357.440175,0.5850427963223104,5557927712.955179,0.5666010384701643,1.0
california_housing,outer_0,streed,4,20,3,0.08,0.01,0.1,0.6181120413094394,5134758507.526486,599.6586964130402,5128204757.175926,0.6186969902064061,5091386701.442626,0.6029812147414944,1.0
california_housing,outer_0,streed,4,20,3,0.08,0.01,0.001,0.6181126910830471,5134749758.067249,599.6658852100372,5128196175.033138,0.618697628323843,5091377374.468971,0.6029819420450695,1.0
california_housing,outer_0,streed,4,20,3,0.08,0.001,0.1,0.6203256350758837,5104943553.260597,599.6654162406921,5098038524.732765,0.620939973037506,5060680581.886727,0.605375632412152,1.0
california_housing,outer_0,streed,4,20,3,0.08,0.001,0.001,0.6203262332654215,5104935495.920432,599.6758801937103,5098030608.051104,0.6209405616751849,5060671965.641919,0.6053763042941456,1.0
california_housing,outer_0,streed,4,20,3,0.08,0.0001,0.1,0.6205398735989212,5102057520.357918,599.6660280227661,5095115286.153956,0.6211573277885785,5057715707.483803,0.605606828921653,1.0
california_housing,outer_0,streed,4,20,3,0.08,0.0001,0.001,0.6205404661543763,5102049538.619422,599.663747549057,5095107442.249284,0.6211579110149904,5057707169.377783,0.6056074947104997,1.0
california_housing,outer_0,streed,4,20,3,0.08,1e-05,0.1,0.6205612188274574,5101769971.288264,599.6783525943756,5094823995.074492,0.621178986472384,5057420390.590613,0.6056298572950757,1.0
california_housing,outer_0,streed,4,20,3,0.08,1e-05,0.001,0.620561810814427,5101761997.178144,599.6657407283783,5094816158.514092,0.6211795691527193,5057411860.373876,0.6056305224687278,1.0
california_housing,outer_0,streed,4,20,3,0.05,0.1,0.1,0.6244575209210654,5049739185.9581785,599.6861765384674,5040586530.5117,0.6252117639180246,4944423199.667521,0.6144412106863233,2.0
california_housing,outer_0,streed,4,20,3,0.05,0.1,0.001,0.6244579018159314,5049734056.988912,599.6669805049896,5040581349.339414,0.6252121491593869,4944418819.977782,0.6144415522080346,2.0
california_housing,outer_0,streed,4,20,3,0.05,0.01,0.1,0.6181120413094394,5134758507.526486,599.6818459033966,5128204757.175926,0.6186969902064061,5091386701.442626,0.6029812147414944,1.0
california_housing,outer_0,streed,4,20,3,0.05,0.01,0.001,0.6181126910830471,5134749758.067249,599.6726405620575,5128196175.033138,0.618697628323843,5091377374.468971,0.6029819420450695,1.0
california_housing,outer_0,streed,4,20,3,0.05,0.001,0.1,0.6203256350758837,5104943553.260597,599.6780169010162,5098038524.732765,0.620939973037506,5060680581.886727,0.605375632412152,1.0
california_housing,outer_0,streed,4,20,3,0.05,0.001,0.001,0.6203262332654215,5104935495.920432,599.6673908233643,5098030608.051104,0.6209405616751849,5060671965.641919,0.6053763042941456,1.0
california_housing,outer_0,streed,4,20,3,0.05,0.0001,0.1,0.6205398735989212,5102057520.357918,599.6815438270569,5095115286.153956,0.6211573277885785,5057715707.483803,0.605606828921653,1.0
california_housing,outer_0,streed,4,20,3,0.05,0.0001,0.001,0.6205404661543763,5102049538.619422,599.6867744922638,5095107442.249284,0.6211579110149904,5057707169.377783,0.6056074947104997,1.0
california_housing,outer_0,streed,4,20,3,0.05,1e-05,0.1,0.6205612188274574,5101769971.288264,599.6687097549438,5094823995.074492,0.621178986472384,5057420390.590613,0.6056298572950757,1.0
california_housing,outer_0,streed,4,20,3,0.05,1e-05,0.001,0.620561810814427,5101761997.178144,599.6689205169678,5094816158.514092,0.6211795691527193,5057411860.373876,0.6056305224687278,1.0
california_housing,outer_0,streed,4,20,3,0.03,0.1,0.1,0.6244575209210654,5049739185.9581785,599.6979200839996,5040586530.5117,0.6252117639180246,4944423199.667521,0.6144412106863233,2.0
california_housing,outer_0,streed,4,20,3,0.03,0.1,0.001,0.6244579018159314,5049734056.988912,599.6985292434692,5040581349.339414,0.6252121491593869,4944418819.977782,0.6144415522080346,2.0
california_housing,outer_0,streed,4,20,3,0.03,0.01,0.1,0.6181120413094394,5134758507.526486,599.6982283592224,5128204757.175926,0.6186969902064061,5091386701.442626,0.6029812147414944,1.0
california_housing,outer_0,streed,4,20,3,0.03,0.01,0.001,0.6181126910830471,5134749758.067249,599.6887509822845,5128196175.033138,0.618697628323843,5091377374.468971,0.6029819420450695,1.0
california_housing,outer_0,streed,4,20,3,0.03,0.001,0.1,0.6411304686143332,4823368478.484306,599.690767288208,4672826714.929388,0.6525562111861355,4805456627.433389,0.6252776179237269,2.0
california_housing,outer_0,streed,4,20,3,0.03,0.001,0.001,0.6411309937326212,4823361410.667047,599.6953766345978,4672819585.641487,0.6525567412778661,4805452215.142695,0.6252779619876125,2.0
california_housing,outer_0,streed,4,20,3,0.03,0.0001,0.1,0.6404360734711425,4832807295.512375,599.6971702575684,4668583112.855485,0.6528717403663777,4803990189.584387,0.625391968572697,2.0
california_housing,outer_0,streed,4,20,3,0.03,0.0001,0.001,0.6404365403559492,4832801015.678033,599.6964411735535,4668576574.104553,0.6528722265492679,4803986420.317477,0.6253922624945414,2.0
california_housing,outer_0,streed,4,20,3,0.03,1e-05,0.1,0.650751870382516,4695905130.440716,599.6870124340057,4668473283.311235,0.6528799066424469,4774628721.302805,0.6276815323308883,2.0
california_housing,outer_0,streed,4,20,3,0.03,1e-05,0.001,0.6507523307342767,4695898938.596513,599.6927075386047,4668466699.005802,0.6528803962125007,4774624703.834271,0.6276818456071274,2.0
california_housing,outer_0,streed,4,20,3,0.01,0.1,0.1,0.6611757577166498,4555324878.284043,599.7085700035095,4587399239.613104,0.6589080935698461,4625933710.159069,0.6392765488087289,4.0
california_housing,outer_0,streed,4,20,3,0.01,0.1,0.001,0.6611761315918087,4555319848.837494,599.698965549469,4587393192.432891,0.6589085432024419,4625928278.898514,0.6392769723303733,4.0
california_housing,outer_0,streed,4,20,3,0.01,0.01,0.1,0.6803959633499709,4296767031.481429,599.6865744590759,4312043195.611069,0.6793819422779959,4306357272.965036,0.6641966454998849,4.0
california_housing,outer_0,streed,4,20,3,0.01,0.01,0.001,0.6803962685668371,4296762907.076189,599.6928720474243,4312037575.810417,0.6793823601331721,4306352312.419982,0.6641970323158326,4.0
california_housing,outer_0,streed,4,20,3,0.01,0.001,0.1,0.6885552598753849,4186630846.7250457,599.6834187507629,4238081863.170711,0.6848812700161073,4259961030.54089,0.6678145556858416,4.0
california_housing,outer_0,streed,4,20,3,0.01,0.001,0.001,0.6885556518627465,4186625571.870892,599.7060298919678,4238077834.631022,0.6848815695545192,4259956263.518109,0.6678149274112093,4.0
california_housing,outer_0,streed,4,20,3,0.01,0.0001,0.1,0.6875450062071371,4199877751.355241,599.697238445282,4089898360.732952,0.6958993198321194,4150456831.0228662,0.6763535307868749,5.0
california_housing,outer_0,streed,4,20,3,0.01,0.0001,0.001,0.6875450551672876,4199877076.616272,599.7030863761902,4089892685.631359,0.6958997417991469,4150450201.5451097,0.67635404774372,5.0
california_housing,outer_0,streed,4,20,3,0.01,1e-05,0.1,0.687536081967898,4199998393.7574825,599.7036890983582,4089641211.741285,0.695918439911978,4150241263.137014,0.6763703404509607,5.0
california_housing,outer_0,streed,4,20,3,0.01,1e-05,0.001,0.6875361111401856,4199997986.26717,599.7086582183838,4089635624.681823,0.6959188553327127,4150234719.799426,0.6763708506907231,5.0
california_housing,outer_0,streed,4,20,3,0.008,0.1,0.1,0.672564045925602,4402872453.459712,599.693612575531,4370233101.566386,0.6750552846402873,4316294321.214047,0.6634217692124955,5.0
california_housing,outer_0,streed,4,20,3,0.008,0.1,0.001,0.6725643073296927,4402868933.560433,599.703848361969,4370229153.91794,0.6750555781641041,4316291040.600718,0.6634220250298584,5.0
california_housing,outer_0,streed,4,20,3,0.008,0.01,0.1,0.6838266333265076,4251239774.967456,599.7033064365387,4222147307.2384863,0.6860660694584814,4188611323.387969,0.6733783000493128,5.0
california_housing,outer_0,streed,4,20,3,0.008,0.01,0.001,0.6838270078848064,4251234730.355606,599.707202911377,4222144148.957232,0.6860663042896172,4188608913.9458575,0.6733784879340357,5.0
california_housing,outer_0,streed,4,20,3,0.008,0.001,0.1,0.6931386417988934,4125806341.3193336,599.7063241004944,4110899004.588166,0.6943378360207736,4180518112.18616,0.6740093966578795,5.0
california_housing,outer_0,streed,4,20,3,0.008,0.001,0.001,0.6931390152937023,4125801311.873567,599.7045812606812,4110893089.143056,0.6943382758583252,4180511745.637983,0.6740098931118658,5.0
california_housing,outer_0,streed,4,20,3,0.008,0.0001,0.1,0.6956373800253882,4092486605.850072,599.7095582485199,4089898360.732952,0.6958993198321194,4150456831.0228662,0.6763535307868749,5.0
california_housing,outer_0,streed,4,20,3,0.008,0.0001,0.001,0.6956375298521738,4092484592.544233,599.6969401836395,4089892685.631359,0.6958997417991469,4150450201.5451097,0.67635404774372,5.0
california_housing,outer_0,streed,4,20,3,0.008,1e-05,0.1,0.6956389166490835,4092468425.691872,599.6987280845642,4089641211.741285,0.695918439911978,4150241263.137014,0.6763703404509607,5.0
california_housing,outer_0,streed,4,20,3,0.008,1e-05,0.001,0.6956390480488738,4092466661.575079,599.7026789188385,4089635624.681823,0.6959188553327127,4150234719.799426,0.6763708506907231,5.0
california_housing,outer_0,streed,4,20,3,0.005,0.1,0.1,0.6848687932552769,4237370101.7987847,599.7036180496216,4198546752.745425,0.6878208672653376,4159481443.266184,0.6756498049062114,7.0
california_housing,outer_0,streed,4,20,3,0.005,0.1,0.001,0.6848690397469213,4237366781.637328,599.7038953304291,4198543033.645943,0.6878211437956037,4159477649.208162,0.6756501007612301,7.0
california_housing,outer_0,streed,4,20,3,0.005,0.01,0.1,0.7012089474081898,4017647464.26976,599.7032401561737,4049374287.998928,0.6989124504761242,4021615448.921496,0.6864003907117789,7.0
california_housing,outer_0,streed,4,20,3,0.005,0.01,0.001,0.7012091457625735,4017644805.954432,599.7057659626007,4049371009.6231785,0.6989126942367772,4021611777.030686,0.6864006770403794,7.0
california_housing,outer_0,streed,4,20,3,0.005,0.001,0.1,0.703402859515415,3987494636.137237,599.6990184783936,4037642822.948629,0.699784732911163,4127232885.126655,0.6781644996504286,6.0
california_housing,outer_0,streed,4,20,3,0.005,0.001,0.001,0.7034032929981208,3987488798.1170096,599.7034516334534,4037636529.719764,0.6997852008384828,4127226000.3649592,0.6781650365139364,6.0
california_housing,outer_0,streed,4,20,3,0.005,0.0001,0.1,0.7139004712001981,3847169691.4172726,599.7091841697693,3950214848.989743,0.7062853605555703,3907497403.3081408,0.6952991466897234,7.0
california_housing,outer_0,streed,4,20,3,0.005,0.0001,0.001,0.7139010028991999,3847162551.1312966,599.7044241428375,3950212484.930716,0.7062855363330334,3907494554.9323487,0.6952993688018438,7.0
california_housing,outer_0,streed,4,20,3,0.005,1e-05,0.1,0.7156274631185547,3823798672.2518287,599.7042179107666,3945148316.212263,0.706662078001294,3975809809.660919,0.6899722465388114,7.0
california_housing,outer_0,streed,4,20,3,0.005,1e-05,0.001,0.7156274341197477,3823799068.803518,599.7053589820862,3945148154.8923206,0.7066620899960918,3975813015.084122,0.6899719965846631,7.0
california_housing,outer_0,streed,4,20,3,0.003,0.1,0.1,0.6844744079745295,4242915542.620407,599.7093262672424,4152650357.16891,0.691233452097781,4129631662.6116624,0.6779774465391546,8.0
california_housing,outer_0,streed,4,20,3,0.003,0.1,0.001,0.6844747148515681,4242911408.506693,599.7002234458923,4152646532.845867,0.6912337364518495,4129628029.924116,0.6779777298107428,8.0
california_housing,outer_0,streed,4,20,3,0.003,0.01,0.1,0.7012089474081898,4017647464.26976,599.7075026035309,4003011273.6899614,0.7023597303208642,3994976689.5857778,0.6884776416637177,8.0
california_housing,outer_0,streed,4,20,3,0.003,0.01,0.001,0.7012091457625735,4017644805.954432,599.7111074924469,4003008101.5897856,0.7023599661794934,3994973694.03201,0.6884778752525587,8.0
california_housing,outer_0,streed,4,20,3,0.003,0.001,0.1,0.7077822973474577,3929376603.5284367,599.7052698135376,3921766307.1714926,0.7084006260594211,3914586245.4294367,0.6947463692927346,8.0
california_housing,outer_0,streed,4,20,3,0.003,0.001,0.001,0.7077828365594669,3929369362.410517,599.7061033248901,3921763168.877846,0.7084008594043967,3914582544.634256,0.6947466578752551,8.0
california_housing,outer_0,streed,4,20,3,0.003,0.0001,0.1,0.7139004712001981,3847169691.4172726,599.7054371833801,3905942492.618616,0.7095771914270549,3884042389.583207,0.6971281338799236,8.0
california_housing,outer_0,streed,4,20,3,0.003,0.0001,0.001,0.7139010028991999,3847162551.1312966,599.7095935344696,3905940260.794908,0.7095773573722808,3884040421.162657,0.6971282873744393,8.0
california_housing,outer_0,streed,4,20,3,0.003,1e-05,0.1,0.7156274631185547,3823798672.2518287,599.7010247707367,3900879551.976302,0.7099536417828288,3952375520.030533,0.6917996176948494,8.0
california_housing,outer_0,streed,4,20,3,0.003,1e-05,0.001,0.7156274341197477,3823799068.803518,599.7072863578796,3900879524.279486,0.7099536438422004,3952379607.206213,0.6917992989829506,8.0
california_housing,outer_0,streed,4,20,3,0.001,0.1,0.1,0.6844744079745295,4242915542.620407,599.7114582061768,4152650357.16891,0.691233452097781,4129631662.6116624,0.6779774465391546,8.0
california_housing,outer_0,streed,4,20,3,0.001,0.1,0.001,0.6844747148515681,4242911408.506693,599.7029149532318,4152646532.845867,0.6912337364518495,4129628029.924116,0.6779777298107428,8.0
california_housing,outer_0,streed,4,20,3,0.001,0.01,0.1,0.7012089474081898,4017647464.26976,599.7074680328369,4003011273.6899614,0.7023597303208642,3994976689.5857778,0.6884776416637177,8.0
california_housing,outer_0,streed,4,20,3,0.001,0.01,0.001,0.7012091457625735,4017644805.954432,599.7066617012024,4003008101.5897856,0.7023599661794934,3994973694.03201,0.6884778752525587,8.0
california_housing,outer_0,streed,4,20,3,0.001,0.001,0.1,0.7077822973474577,3929376603.5284367,599.707291841507,3921766307.1714926,0.7084006260594211,3914586245.4294367,0.6947463692927346,8.0
california_housing,outer_0,streed,4,20,3,0.001,0.001,0.001,0.7077828365594669,3929369362.410517,599.7044064998627,3921763168.877846,0.7084008594043967,3914582544.634256,0.6947466578752551,8.0
california_housing,outer_0,streed,4,20,3,0.001,0.0001,0.1,0.7139004712001981,3847169691.4172726,599.7067830562592,3905942492.618616,0.7095771914270549,3884042389.583207,0.6971281338799236,8.0
california_housing,outer_0,streed,4,20,3,0.001,0.0001,0.001,0.7139010028991999,3847162551.1312966,599.712025642395,3905940260.794908,0.7095773573722808,3884040421.162657,0.6971282873744393,8.0
california_housing,outer_0,streed,4,20,3,0.001,1e-05,0.1,0.7156274631185547,3823798672.2518287,599.7030644416809,3900879551.976302,0.7099536417828288,3952375520.030533,0.6917996176948494,8.0
california_housing,outer_0,streed,4,20,3,0.001,1e-05,0.001,0.7156274341197477,3823799068.803518,599.7079517841339,3900879524.279486,0.7099536438422004,3952379607.206213,0.6917992989829506,8.0
california_housing,outer_0,streed,4,20,3,0.0005,0.1,0.1,0.6844744079745295,4242915542.620407,599.696704864502,4152650357.16891,0.691233452097781,4129631662.6116624,0.6779774465391546,8.0
california_housing,outer_0,streed,4,20,3,0.0005,0.1,0.001,0.6844747148515681,4242911408.506693,599.6941962242126,4152646532.845867,0.6912337364518495,4129628029.924116,0.6779777298107428,8.0
california_housing,outer_0,streed,4,20,3,0.0005,0.01,0.1,0.7012089474081898,4017647464.26976,599.698912858963,4061258554.3964014,0.6980288066356155,4173152660.1966352,0.674583743682224,8.0
california_housing,outer_0,streed,4,20,3,0.0005,0.01,0.001,0.7012091457625735,4017644805.954432,599.7057297229767,4003008101.5897856,0.7023599661794934,3994973694.03201,0.6884778752525587,8.0
california_housing,outer_0,streed,4,20,3,0.0005,0.001,0.1,0.7077822973474577,3929376603.5284367,599.6838278770447,3948950309.490729,0.7063793842421835,3974469272.625024,0.6900767796290664,8.0
california_housing,outer_0,streed,4,20,3,0.0005,0.001,0.001,0.7077828365594669,3929369362.410517,599.6929936408997,3948941992.8044896,0.7063800026218396,3974456042.861533,0.6900778112664058,8.0
california_housing,outer_0,streed,4,20,3,0.0005,0.0001,0.1,0.7139004712001981,3847169691.4172726,599.6955327987671,3934691445.986973,0.7074395890950826,3940547124.978994,0.6927219784013322,8.0
california_housing,outer_0,streed,4,20,3,0.0005,0.0001,0.001,0.7139010028991999,3847162551.1312966,599.690929889679,3934685054.793232,0.707440064306492,3940534599.455255,0.6927229551231,8.0
california_housing,outer_0,streed,4,20,3,0.0005,1e-05,0.1,0.7156274631185547,3823798672.2518287,599.6957468986511,3932740520.1496754,0.7075846484148387,3918134673.562307,0.6944696681286902,8.0
california_housing,outer_0,streed,4,20,3,0.0005,1e-05,0.001,0.7156274341197477,3823799068.803518,599.6876909732819,3932734986.025547,0.7075850598996148,3918128385.720493,0.694470158445271,8.0
california_housing,outer_0,streed,4,20,3,0.0001,0.1,0.1,0.6844744079745295,4242915542.620407,599.7050089836121,4152650357.16891,0.691233452097781,4129631662.6116624,0.6779774465391546,8.0
california_housing,outer_0,streed,4,20,3,0.0001,0.1,0.001,0.6844747148515681,4242911408.506693,599.6887905597687,4152646532.845867,0.6912337364518495,4129628029.924116,0.6779777298107428,8.0
california_housing,outer_0,streed,4,20,3,0.0001,0.01,0.1,0.7012089474081898,4017647464.26976,599.6966876983643,4003011273.6899614,0.7023597303208642,3994976689.5857778,0.6884776416637177,8.0
california_housing,outer_0,streed,4,20,3,0.0001,0.01,0.001,0.7012091457625735,4017644805.954432,599.706613779068,4003008101.5897856,0.7023599661794934,3994973694.03201,0.6884778752525587,8.0
california_housing,outer_0,streed,4,20,3,0.0001,0.001,0.1,0.7077822973474577,3929376603.5284367,599.7043917179108,3921766307.1714926,0.7084006260594211,3914586245.4294367,0.6947463692927346,8.0
california_housing,outer_0,streed,4,20,3,0.0001,0.001,0.001,0.7077828365594669,3929369362.410517,599.7083375453949,3921763168.877846,0.7084008594043967,3914582544.634256,0.6947466578752551,8.0
california_housing,outer_0,streed,4,20,3,0.0001,0.0001,0.1,0.7139004712001981,3847169691.4172726,599.7076807022095,3905942492.618616,0.7095771914270549,3884042389.583207,0.6971281338799236,8.0
california_housing,outer_0,streed,4,20,3,0.0001,0.0001,0.001,0.7139010028991999,3847162551.1312966,599.7076573371887,3905940260.794908,0.7095773573722808,3884040421.162657,0.6971282873744393,8.0
california_housing,outer_0,streed,4,20,3,0.0001,1e-05,0.1,0.7156274631185547,3823798672.2518287,599.7105929851532,3900879551.976302,0.7099536417828288,3952375520.030533,0.6917996176948494,8.0
california_housing,outer_0,streed,4,20,3,0.0001,1e-05,0.001,0.7156274341197477,3823799068.803518,599.7139205932617,3900879524.279486,0.7099536438422004,3952379607.206213,0.6917992989829506,8.0
california_housing,outer_1,streed,4,20,3,0.1,0.1,0.1,0.5816969815943296,5594641638.675434,599.7384736537933,5587827607.257462,0.5821690521423569,5463915249.41165,0.5837796197093181,1.0
california_housing,outer_1,streed,4,20,3,0.1,0.1,0.001,0.581697783380791,5594630916.057533,599.6697564125061,5587816892.2509,0.5821698533591557,5463905697.745621,0.5837803473190788,1.0
california_housing,outer_1,streed,4,20,3,0.1,0.01,0.1,0.6168052277957786,5125410798.800621,599.6655790805817,5118028318.879615,0.6172983896528434,5057285702.530491,0.614755119312561,1.0
california_housing,outer_1,streed,4,20,3,0.1,0.01,0.001,0.616805944323747,5125401217.107224,599.6477715969086,5118019034.459146,0.6172990838972758,5057279986.518662,0.6147555547367044,1.0
california_housing,outer_1,streed,4,20,3,0.1,0.001,0.1,0.6191850835577696,5093611326.804992,599.6537437438965,5086169675.808206,0.6196806261797357,5033317758.107528,0.6165809065891089,1.0
california_housing,outer_1,streed,4,20,3,0.1,0.001,0.001,0.6191857500128203,5093602415.87881,599.6621227264404,5086161044.444176,0.6196812715917397,5033312896.767655,0.616581276907578,1.0
california_housing,outer_1,streed,4,20,3,0.1,0.0001,0.1,0.6194163057265789,5090521969.219739,599.6554088592529,5083074117.811647,0.619912097159651,5031050095.486857,0.6167536485434151,1.0
california_housing,outer_1,streed,4,20,3,0.1,0.0001,0.001,0.6194169666890619,5090513131.866391,599.6709585189819,5083065558.087719,0.6199127372147519,5031045326.534472,0.616754011824155,1.0
california_housing,outer_1,streed,4,20,3,0.1,1e-05,0.1,0.6194393527412307,5090214040.640269,599.67431807518,5082765566.161119,0.619935169172187,5030824736.335027,0.6167708155505144,1.0
california_housing,outer_1,streed,4,20,3,0.1,1e-05,0.001,0.6194400131492722,5090205210.713609,599.6804814338684,5082757013.668918,0.619935808686534,5030819976.695103,0.6167711781218663,1.0
california_housing,outer_1,streed,4,20,3,0.08,0.1,0.1,0.5816969815943296,5594641638.675434,599.6687431335449,5587827607.257462,0.5821690521423569,5463915249.41165,0.5837796197093181,1.0
california_housing,outer_1,streed,4,20,3,0.08,0.1,0.001,0.581697783380791,5594630916.057533,599.661367893219,5587816892.2509,0.5821698533591557,5463905697.745621,0.5837803473190788,1.0
california_housing,outer_1,streed,4,20,3,0.08,0.01,0.1,0.6168052277957786,5125410798.800621,599.6565511226654,5118028318.879615,0.6172983896528434,5057285702.530491,0.614755119312561,1.0
california_housing,outer_1,streed,4,20,3,0.08,0.01,0.001,0.616805944323747,5125401217.107224,599.6760244369507,5118019034.459146,0.6172990838972758,5057279986.518662,0.6147555547367044,1.0
california_housing,outer_1,streed,4,20,3,0.08,0.001,0.1,0.6191850835577696,5093611326.804992,599.6627533435822,5086169675.808206,0.6196806261797357,5033317758.107528,0.6165809065891089,1.0
california_housing,outer_1,streed,4,20,3,0.08,0.001,0.001,0.6191857500128203,5093602415.87881,599.6595828533173,5086161044.444176,0.6196812715917397,5033312896.767655,0.616581276907578,1.0
california_housing,outer_1,streed,4,20,3,0.08,0.0001,0.1,0.6194163057265789,5090521969.219739,599.6574165821075,5083074117.811647,0.619912097159651,5031050095.486857,0.6167536485434151,1.0
california_housing,outer_1,streed,4,20,3,0.08,0.0001,0.001,0.6194169666890619,5090513131.866391,599.6599676609039,5083065558.087719,0.6199127372147519,5031045326.534472,0.616754011824155,1.0
california_housing,outer_1,streed,4,20,3,0.08,1e-05,0.1,0.6194393527412307,5090214040.640269,599.6875321865082,5082765566.161119,0.619935169172187,5030824736.335027,0.6167708155505144,1.0
california_housing,outer_1,streed,4,20,3,0.08,1e-05,0.001,0.6194400131492722,5090205210.713609,599.658332824707,5082757013.668918,0.619935808686534,5030819976.695103,0.6167711781218663,1.0
california_housing,outer_1,streed,4,20,3,0.05,0.1,0.1,0.6230621101708991,5042482552.402921,599.679187297821,5034042597.17801,0.6235784391052483,4934149388.300845,0.6241351776035045,2.0
california_housing,outer_1,streed,4,20,3,0.05,0.1,0.001,0.6230625108606869,5042477186.305394,599.6742889881134,5034037228.556742,0.6235788405449976,4934144510.10205,0.6241355492062225,2.0
california_housing,outer_1,streed,4,20,3,0.05,0.01,0.1,0.6168052277957786,5125410798.800621,599.6731181144714,5118028318.879615,0.6172983896528434,5057285702.530491,0.614755119312561,1.0
california_housing,outer_1,streed,4,20,3,0.05,0.01,0.001,0.616805944323747,5125401217.107224,599.6633553504944,5118019034.459146,0.6172990838972758,5057279986.518662,0.6147555547367044,1.0
california_housing,outer_1,streed,4,20,3,0.05,0.001,0.1,0.6191850835577696,5093611326.804992,599.6801009178162,5086169675.808206,0.6196806261797357,5033317758.107528,0.6165809065891089,1.0
california_housing,outer_1,streed,4,20,3,0.05,0.001,0.001,0.6191857500128203,5093602415.87881,599.6721546649933,5086161044.444176,0.6196812715917397,5033312896.767655,0.616581276907578,1.0
california_housing,outer_1,streed,4,20,3,0.05,0.0001,0.1,0.6194163057265789,5090521969.219739,599.679901599884,5083074117.811647,0.619912097159651,5031050095.486857,0.6167536485434151,1.0
california_housing,outer_1,streed,4,20,3,0.05,0.0001,0.001,0.6194169666890619,5090513131.866391,599.6857833862305,5083065558.087719,0.6199127372147519,5031045326.534472,0.616754011824155,1.0
california_housing,outer_1,streed,4,20,3,0.05,1e-05,0.1,0.6194393527412307,5090214040.640269,599.6749565601349,5082765566.161119,0.619935169172187,5030824736.335027,0.6167708155505144,1.0
california_housing,outer_1,streed,4,20,3,0.05,1e-05,0.001,0.6194400131492722,5090205210.713609,599.6699566841125,5082757013.668918,0.619935808686534,5030819976.695103,0.6167711781218663,1.0
california_housing,outer_1,streed,4,20,3,0.03,0.1,0.1,0.6230621101708991,5042482552.402921,599.6949481964111,5034042597.17801,0.6235784391052483,4934149388.300845,0.6241351776035045,2.0
california_housing,outer_1,streed,4,20,3,0.03,0.1,0.001,0.6230625108606869,5042477186.305394,599.6846141815186,5034037228.556742,0.6235788405449976,4934144510.10205,0.6241355492062225,2.0
california_housing,outer_1,streed,4,20,3,0.03,0.01,0.1,0.6168052277957786,5125410798.800621,599.6915829181671,5118028318.879615,0.6172983896528434,5057285702.530491,0.614755119312561,1.0
california_housing,outer_1,streed,4,20,3,0.03,0.01,0.001,0.616805944323747,5125401217.107224,599.677478313446,5118019034.459146,0.6172990838972758,5057279986.518662,0.6147555547367044,1.0
california_housing,outer_1,streed,4,20,3,0.03,0.001,0.1,0.6191850835577696,5093611326.804992,599.6914119720459,5086169675.808206,0.6196806261797357,5033317758.107528,0.6165809065891089,1.0
california_housing,outer_1,streed,4,20,3,0.03,0.001,0.001,0.6191857500128203,5093602415.87881,599.6927425861359,5086161044.444176,0.6196812715917397,5033312896.767655,0.616581276907578,1.0
california_housing,outer_1,streed,4,20,3,0.03,0.0001,0.1,0.6194163057265789,5090521969.219739,599.692369222641,5083074117.811647,0.619912097159651,5031050095.486857,0.6167536485434151,1.0
california_housing,outer_1,streed,4,20,3,0.03,0.0001,0.001,0.6194169666890619,5090513131.866391,599.6850440502167,5083065558.087719,0.6199127372147519,5031045326.534472,0.616754011824155,1.0
california_housing,outer_1,streed,4,20,3,0.03,1e-05,0.1,0.6194393527412307,5090214040.640269,599.6986582279205,5082765566.161119,0.619935169172187,5030824736.335027,0.6167708155505144,1.0
california_housing,outer_1,streed,4,20,3,0.03,1e-05,0.001,0.6194400131492722,5090205210.713609,599.6891067028046,5082757013.668918,0.619935808686534,5030819976.695103,0.6167711781218663,1.0
california_housing,outer_1,streed,4,20,3,0.01,0.1,0.1,0.6588769885207374,4562074904.116094,599.7005491256714,4600103144.4064,0.6560263501018043,4587167851.42405,0.6505669175995185,4.0
california_housing,outer_1,streed,4,20,3,0.01,0.1,0.001,0.6588773943377467,4562069481.549207,599.7013573646545,4600097028.076323,0.6560268074516321,4587162562.021162,0.6505673205262077,4.0
california_housing,outer_1,streed,4,20,3,0.01,0.01,0.1,0.6816832993701171,4258484378.935678,599.6878843307495,4318403246.441474,0.6770905173687426,4277874438.303413,0.6741277189945138,4.0
california_housing,outer_1,streed,4,20,3,0.01,0.01,0.001,0.6816837594392452,4258478234.6030135,599.6842460632324,4318396977.722881,0.6770909861134526,4277867385.905264,0.6741282562195083,4.0
california_housing,outer_1,streed,4,20,3,0.01,0.001,0.1,0.6929278325868369,4107614623.374958,599.6795196533203,4202779818.497667,0.6857362827516196,4171026487.916411,0.6822669913868056,4.0
california_housing,outer_1,streed,4,20,3,0.01,0.001,0.001,0.6929283604352054,4107607550.642992,599.7019658088684,4202773609.4011946,0.6857367470380733,4171022345.019696,0.6822673069769946,4.0
california_housing,outer_1,streed,4,20,3,0.01,0.0001,0.1,0.6963541981620561,4061747399.663158,599.7020661830902,4064090547.8701,0.6961068012208611,4066852638.5339503,0.6902025608872624,5.0
california_housing,outer_1,streed,4,20,3,0.01,0.0001,0.001,0.6963543312579484,4061745647.22368,599.7048354148865,4064083735.5822105,0.696107310611076,4066848555.9256544,0.6902028718849078,5.0
california_housing,outer_1,streed,4,20,3,0.01,1e-05,0.1,0.6963656743109795,4061599096.3233337,599.6997315883636,4063726872.575587,0.6961339951151075,4066529235.8865104,0.6902271964767179,5.0
california_housing,outer_1,streed,4,20,3,0.01,1e-05,0.001,0.6963657801214023,4061597710.848099,599.7018210887909,4063720158.802738,0.6961344971388401,4066525258.429347,0.6902274994643482,5.0
california_housing,outer_1,streed,4,20,3,0.008,0.1,0.1,0.6588769885207374,4562074904.116094,599.7031409740448,4384168174.867991,0.6721729314459857,4271081637.206331,0.6746451688682416,5.0
california_housing,outer_1,streed,4,20,3,0.008,0.1,0.001,0.6588773943377467,4562069481.549207,599.7007193565369,4384164501.676478,0.6721732061096295,4271078629.6878047,0.674645397969618,5.0
california_housing,outer_1,streed,4,20,3,0.008,0.01,0.1,0.6825810278528289,4246548672.9090633,599.705384016037,4197177432.441388,0.6861552023104691,4194638815.163713,0.6804682936805264,5.0
california_housing,outer_1,streed,4,20,3,0.008,0.01,0.001,0.6825814625945315,4246542865.3159714,599.703595161438,4197169340.0353246,0.6861558074217813,4194631385.0879273,0.6804688596755737,5.0
california_housing,outer_1,streed,4,20,3,0.008,0.001,0.1,0.6936621217743898,4097851916.6658254,599.7083504199982,4074152762.4684634,0.6953543970740832,4075081093.4895816,0.6895757483371947,5.0
california_housing,outer_1,streed,4,20,3,0.008,0.001,0.001,0.6936626637948248,4097844655.509826,599.7004640102386,4074145163.813999,0.6953549652650189,4075076137.078823,0.689576125897804,5.0
california_housing,outer_1,streed,4,20,3,0.008,0.0001,0.1,0.6952869036531878,4075937562.6656632,599.7023379802704,4064090547.8701,0.6961068012208611,4066852638.5339503,0.6902025608872624,5.0
california_housing,outer_1,streed,4,20,3,0.008,0.0001,0.001,0.6952871739735021,4075933985.765456,599.7002339363098,4064083735.5822105,0.696107310611076,4066848555.9256544,0.6902028718849078,5.0
california_housing,outer_1,streed,4,20,3,0.008,1e-05,0.1,0.6962824356152842,4062698614.1914263,599.6989271640778,4063726872.575587,0.6961339951151075,4066529235.8865104,0.6902271964767179,5.0
california_housing,outer_1,streed,4,20,3,0.008,1e-05,0.001,0.6962823722978838,4062699462.762052,599.6996324062347,4063720158.802738,0.6961344971388401,4066525258.429347,0.6902274994643482,5.0
california_housing,outer_1,streed,4,20,3,0.005,0.1,0.1,0.6825964533158836,4246025402.069029,599.7001774311066,4211029868.115541,0.6851193836104879,4124898798.434994,0.6857808241571717,7.0
california_housing,outer_1,streed,4,20,3,0.005,0.1,0.001,0.6825967313193416,4246021675.6423726,599.7051193714142,4211026365.607837,0.6851196455112151,4124896125.21504,0.6857810277929485,7.0
california_housing,outer_1,streed,4,20,3,0.005,0.01,0.1,0.695393141395542,4075012514.831104,599.6977252960205,4061442741.487667,0.6963047914826005,4000015677.539806,0.6952939475674368,7.0
california_housing,outer_1,streed,4,20,3,0.005,0.01,0.001,0.6953933811764542,4075009293.4395447,599.7007412910461,4061439665.582821,0.6963050214840121,4000012222.951187,0.6952942107249206,7.0
california_housing,outer_1,streed,4,20,3,0.005,0.001,0.1,0.7084098450316442,3900610980.118524,599.7024836540222,4074152762.4684634,0.6953543970740832,4075081093.4895816,0.6895757483371947,5.0
california_housing,outer_1,streed,4,20,3,0.005,0.001,0.001,0.7084104771524876,3900602513.462457,599.7004113197327,4074145163.813999,0.6953549652650189,4075076137.078823,0.689576125897804,5.0
california_housing,outer_1,streed,4,20,3,0.005,0.0001,0.1,0.7143961108919766,3821194285.843848,599.701345205307,4064090547.8701,0.6961068012208611,4066852638.5339503,0.6902025608872624,5.0
california_housing,outer_1,streed,4,20,3,0.005,0.0001,0.001,0.7143967375466297,3821185911.4412937,599.7037098407745,4064083735.5822105,0.696107310611076,4066848555.9256544,0.6902028718849078,5.0
california_housing,outer_1,streed,4,20,3,0.005,1e-05,0.1,0.7159830725911057,3799838671.1145897,599.7065868377686,4063726872.575587,0.6961339951151075,4066529235.8865104,0.6902271964767179,5.0
california_housing,outer_1,streed,4,20,3,0.005,1e-05,0.001,0.7159829155292723,3799840807.0988746,599.6989884376526,4063720158.802738,0.6961344971388401,4066525258.429347,0.6902274994643482,5.0
california_housing,outer_1,streed,4,20,3,0.003,0.1,0.1,0.6852174519208084,4210987198.5087466,599.6999778747559,4169128290.791113,0.6882525825924066,4078122367.905921,0.6893440755647677,8.0
california_housing,outer_1,streed,4,20,3,0.003,0.1,0.001,0.6852177323433106,4210983437.075527,599.705203294754,4169124703.8847375,0.6882528508040616,4078119420.0972304,0.689344300117675,8.0
california_housing,outer_1,streed,4,20,3,0.003,0.01,0.1,0.7001422219101578,4011485865.799229,599.7039747238159,4019924319.714227,0.6994093399301258,3952419823.490202,0.6989196195569354,8.0
california_housing,outer_1,streed,4,20,3,0.003,0.01,0.001,0.7001424783099889,4011482444.878115,599.7039048671722,4019921305.617849,0.6994095653097965,3952416453.7392554,0.6989198762518065,8.0
california_housing,outer_1,streed,4,20,3,0.003,0.001,0.1,0.7084098450316442,3900610980.118524,599.7014603614807,3951684471.014391,0.7045119885205873,3941362841.013664,0.6997618986262799,7.0
california_housing,outer_1,streed,4,20,3,0.003,0.001,0.001,0.7084104771524876,3900602513.462457,599.7065472602844,3951680672.0193367,0.7045122725912165,3941361515.750603,0.6997619995798032,7.0
california_housing,outer_1,streed,4,20,3,0.003,0.0001,0.1,0.7143961108919766,3821194285.843848,599.6965200901031,3938585782.841784,0.7054914455975637,3952529988.9394894,0.6989112275700351,7.0
california_housing,outer_1,streed,4,20,3,0.003,0.0001,0.001,0.7143967375466297,3821185911.4412937,599.7041087150574,3938582120.013185,0.7054917194863184,3952528775.0552015,0.698911320039145,7.0
california_housing,outer_1,streed,4,20,3,0.003,1e-05,0.1,0.7159830725911057,3799838671.1145897,599.7068510055542,3930607981.701244,0.7060879873033319,3877538112.49717,0.7046238248389798,7.0
california_housing,outer_1,streed,4,20,3,0.003,1e-05,0.001,0.7159829155292723,3799840807.0988746,599.7043974399567,3930602335.151019,0.7060884095252754,3877526985.429605,0.7046246724568659,7.0
california_housing,outer_1,streed,4,20,3,0.001,0.1,0.1,0.6852174519208084,4210987198.5087466,599.7046451568604,4169128290.791113,0.6882525825924066,4078122367.905921,0.6893440755647677,8.0
california_housing,outer_1,streed,4,20,3,0.001,0.1,0.001,0.6852177323433106,4210983437.075527,599.7042179107666,4169124703.8847375,0.6882528508040616,4078119420.0972304,0.689344300117675,8.0
california_housing,outer_1,streed,4,20,3,0.001,0.01,0.1,0.7001422219101578,4011485865.799229,599.7060503959656,4019924319.714227,0.6994093399301258,3952419823.490202,0.6989196195569354,8.0
california_housing,outer_1,streed,4,20,3,0.001,0.01,0.001,0.7001424783099889,4011482444.878115,599.6988134384155,4019921305.617849,0.6994095653097965,3952416453.7392554,0.6989198762518065,8.0
california_housing,outer_1,streed,4,20,3,0.001,0.001,0.1,0.7084098450316442,3900610980.118524,599.7034521102905,3913810159.0897727,0.7073440479116763,3902562400.372165,0.7027175693169976,8.0
california_housing,outer_1,streed,4,20,3,0.001,0.001,0.001,0.7084104771524876,3900602513.462457,599.70973777771,3913806878.647997,0.7073442932073783,3902562242.295588,0.7027175813586728,8.0
california_housing,outer_1,streed,4,20,3,0.001,0.0001,0.1,0.7143961108919766,3821194285.843848,599.7005488872528,3900006947.545771,0.7083761858672959,3905819425.78134,0.7024694614506521,8.0
california_housing,outer_1,streed,4,20,3,0.001,0.0001,0.001,0.7143967375466297,3821185911.4412937,599.7017335891724,3900003464.4491687,0.708376446316554,3905818201.00694,0.7024695547493296,8.0
california_housing,outer_1,streed,4,20,3,0.001,1e-05,0.1,0.7159830725911057,3799838671.1145897,599.703756570816,3892034261.283073,0.7089723451070312,3830841032.293012,0.708181031639201,8.0
california_housing,outer_1,streed,4,20,3,0.001,1e-05,0.001,0.7159829155292723,3799840807.0988746,599.7066037654877,3892028796.293824,0.7089727537527157,3830829896.5007935,0.7081818799216981,8.0
california_housing,outer_1,streed,4,20,3,0.0005,0.1,0.1,0.6852174519208084,4210987198.5087466,599.6929221153259,4169128290.791113,0.6882525825924066,4078122367.905921,0.6893440755647677,8.0
california_housing,outer_1,streed,4,20,3,0.0005,0.1,0.001,0.6852177323433106,4210983437.075527,599.6940548419952,4169124703.8847375,0.6882528508040616,4078119420.0972304,0.689344300117675,8.0
california_housing,outer_1,streed,4,20,3,0.0005,0.01,0.1,0.7001422219101578,4011485865.799229,599.6863148212433,4019924319.714227,0.6994093399301258,3952419823.490202,0.6989196195569354,8.0
california_housing,outer_1,streed,4,20,3,0.0005,0.01,0.001,0.7001424783099889,4011482444.878115,599.6880307197571,4019921305.617849,0.6994095653097965,3952416453.7392554,0.6989198762518065,8.0
california_housing,outer_1,streed,4,20,3,0.0005,0.001,0.1,0.7084098450316442,3900610980.118524,599.6726279258728,3913810159.0897727,0.7073440479116763,3902562400.372165,0.7027175693169976,8.0
california_housing,outer_1,streed,4,20,3,0.0005,0.001,0.001,0.7084104771524876,3900602513.462457,599.7008364200592,3913806878.647997,0.7073442932073783,3902562242.295588,0.7027175813586728,8.0
california_housing,outer_1,streed,4,20,3,0.0005,0.0001,0.1,0.7143961108919766,3821194285.843848,599.6852958202362,3900006947.545771,0.7083761858672959,3905819425.78134,0.7024694614506521,8.0
california_housing,outer_1,streed,4,20,3,0.0005,0.0001,0.001,0.7143967375466297,3821185911.4412937,599.6921119689941,3900003464.4491687,0.708376446316554,3905818201.00694,0.7024695547493296,8.0
california_housing,outer_1,streed,4,20,3,0.0005,1e-05,0.1,0.7159830725911057,3799838671.1145897,599.6891610622406,3892034261.283073,0.7089723451070312,3830841032.293012,0.708181031639201,8.0
california_housing,outer_1,streed,4,20,3,0.0005,1e-05,0.001,0.7159829155292723,3799840807.0988746,599.6896493434906,3892028796.293824,0.7089727537527157,3830829896.5007935,0.7081818799216981,8.0
california_housing,outer_1,streed,4,20,3,0.0001,0.1,0.1,0.6852174519208084,4210987198.5087466,599.6884641647339,4169128290.791113,0.6882525825924066,4078122367.905921,0.6893440755647677,8.0
california_housing,outer_1,streed,4,20,3,0.0001,0.1,0.001,0.6852177323433106,4210983437.075527,599.7001662254333,4169124703.8847375,0.6882528508040616,4078119420.0972304,0.689344300117675,8.0
california_housing,outer_1,streed,4,20,3,0.0001,0.01,0.1,0.7001422219101578,4011485865.799229,599.7026059627533,4019924319.714227,0.6994093399301258,3952419823.490202,0.6989196195569354,8.0
california_housing,outer_1,streed,4,20,3,0.0001,0.01,0.001,0.7001424783099889,4011482444.878115,599.7020111083984,4019921305.617849,0.6994095653097965,3952416453.7392554,0.6989198762518065,8.0
california_housing,outer_1,streed,4,20,3,0.0001,0.001,0.1,0.7084098450316442,3900610980.118524,599.711587190628,3913810159.0897727,0.7073440479116763,3902562400.372165,0.7027175693169976,8.0
california_housing,outer_1,streed,4,20,3,0.0001,0.001,0.001,0.7084104771524876,3900602513.462457,599.7154161930084,3913806878.647997,0.7073442932073783,3902562242.295588,0.7027175813586728,8.0
california_housing,outer_1,streed,4,20,3,0.0001,0.0001,0.1,0.7143961108919766,3821194285.843848,599.7064900398254,3900006947.545771,0.7083761858672959,3905819425.78134,0.7024694614506521,8.0
california_housing,outer_1,streed,4,20,3,0.0001,0.0001,0.001,0.7143967375466297,3821185911.4412937,599.7037312984467,3900003464.4491687,0.708376446316554,3905818201.00694,0.7024695547493296,8.0
california_housing,outer_1,streed,4,20,3,0.0001,1e-05,0.1,0.7159830725911057,3799838671.1145897,599.7093312740326,3892034261.283073,0.7089723451070312,3830841032.293012,0.708181031639201,8.0
california_housing,outer_1,streed,4,20,3,0.0001,1e-05,0.001,0.7159829155292723,3799840807.0988746,599.7025208473206,3892028796.293824,0.7089727537527157,3830829896.5007935,0.7081818799216981,8.0
california_housing,outer_2,streed,4,20,3,0.1,0.1,0.1,0.5811886097030665,5558550297.58887,599.7676146030426,5554183384.956086,0.5815508775289497,5658561875.5785,0.5817548349942843,1.0
california_housing,outer_2,streed,4,20,3,0.1,0.1,0.001,0.581189392625281,5558539910.928233,599.6870541572571,5554172950.21493,0.5815516636766114,5658550799.70538,0.581755653652891,1.0
california_housing,outer_2,streed,4,20,3,0.1,0.01,0.1,0.6150515500683621,5109312275.283981,599.6686291694641,5101199313.796113,0.6156784483944826,5181524795.192438,0.6170144039071921,1.0
california_housing,outer_2,streed,4,20,3,0.1,0.01,0.001,0.6150521879944223,5109303814.240404,599.6567418575287,5101190683.795942,0.6156790985739506,5181514850.019806,0.6170151389915581,1.0
california_housing,outer_2,streed,4,20,3,0.1,0.001,0.1,0.6172944158449089,5079565195.615943,599.660453081131,5070976706.39998,0.6179554030189831,5148226588.2215,0.619475597117619,1.0
california_housing,outer_2,streed,4,20,3,0.1,0.001,0.001,0.6172950021195744,5079557420.054688,599.6550529003143,5070968751.654199,0.6179560023251567,5148217239.317675,0.6194762881295597,1.0
california_housing,outer_2,streed,4,20,3,0.1,0.0001,0.1,0.6175114175863506,5076687189.229138,599.6652753353119,5068048941.7710495,0.6181759791964092,5144978259.819343,0.6197156930427722,1.0
california_housing,outer_2,streed,4,20,3,0.1,0.0001,0.001,0.6175119982189311,5076679488.544391,599.6625375747681,5068041060.856275,0.6181765729401953,5144968976.456411,0.6197163792103438,1.0
california_housing,outer_2,streed,4,20,3,0.1,1e-05,0.1,0.6175330372805212,5076400456.875404,599.6671028137207,5067757210.843291,0.6181979580441097,5144654335.518965,0.6197396354817593,1.0
california_housing,outer_2,streed,4,20,3,0.1,1e-05,0.001,0.6175336173437996,5076392763.74589,599.6615011692047,5067749337.378979,0.6181985512265821,5144645058.77338,0.6197403211602184,1.0
california_housing,outer_2,streed,4,20,3,0.08,0.1,0.1,0.5811886097030665,5558550297.58887,599.6679649353027,5554183384.956086,0.5815508775289497,5658561875.5785,0.5817548349942843,1.0
california_housing,outer_2,streed,4,20,3,0.08,0.1,0.001,0.581189392625281,5558539910.928233,599.6629445552826,5554172950.21493,0.5815516636766114,5658550799.70538,0.581755653652891,1.0
california_housing,outer_2,streed,4,20,3,0.08,0.01,0.1,0.6150515500683621,5109312275.283981,599.6927065849304,5101199313.796113,0.6156784483944826,5181524795.192438,0.6170144039071921,1.0
california_housing,outer_2,streed,4,20,3,0.08,0.01,0.001,0.6150521879944223,5109303814.240404,599.6920897960663,5101190683.795942,0.6156790985739506,5181514850.019806,0.6170151389915581,1.0
california_housing,outer_2,streed,4,20,3,0.08,0.001,0.1,0.6172944158449089,5079565195.615943,599.6937308311462,5070976706.39998,0.6179554030189831,5148226588.2215,0.619475597117619,1.0
california_housing,outer_2,streed,4,20,3,0.08,0.001,0.001,0.6172950021195744,5079557420.054688,599.6985096931458,5070968751.654199,0.6179560023251567,5148217239.317675,0.6194762881295597,1.0
california_housing,outer_2,streed,4,20,3,0.08,0.0001,0.1,0.6175114175863506,5076687189.229138,599.6900069713593,5068048941.7710495,0.6181759791964092,5144978259.819343,0.6197156930427722,1.0
california_housing,outer_2,streed,4,20,3,0.08,0.0001,0.001,0.6175119982189311,5076679488.544391,599.6975584030151,5068041060.856275,0.6181765729401953,5144968976.456411,0.6197163792103438,1.0
california_housing,outer_2,streed,4,20,3,0.08,1e-05,0.1,0.6175330372805212,5076400456.875404,599.6942710876465,5067757210.843291,0.6181979580441097,5144654335.518965,0.6197396354817593,1.0
california_housing,outer_2,streed,4,20,3,0.08,1e-05,0.001,0.6175336173437996,5076392763.74589,599.6958377361298,5067749337.378979,0.6181985512265821,5144645058.77338,0.6197403211602184,1.0
california_housing,outer_2,streed,4,20,3,0.05,0.1,0.1,0.6225413528583813,5009791933.459864,599.6991753578186,5001812330.309743,0.6231662090862815,5121257795.549951,0.6214689599877148,2.0
california_housing,outer_2,streed,4,20,3,0.05,0.1,0.001,0.6225417451236231,5009786729.247755,599.6856381893158,5001807088.172845,0.6231666040259931,5121252196.402676,0.6214693738413277,2.0
california_housing,outer_2,streed,4,20,3,0.05,0.01,0.1,0.6150515500683621,5109312275.283981,599.685866355896,5101199313.796113,0.6156784483944826,5181524795.192438,0.6170144039071921,1.0
california_housing,outer_2,streed,4,20,3,0.05,0.01,0.001,0.6150521879944223,5109303814.240404,599.6876850128174,5101190683.795942,0.6156790985739506,5181514850.019806,0.6170151389915581,1.0
california_housing,outer_2,streed,4,20,3,0.05,0.001,0.1,0.6172944158449089,5079565195.615943,599.6898536682129,5070976706.39998,0.6179554030189831,5148226588.2215,0.619475597117619,1.0
california_housing,outer_2,streed,4,20,3,0.05,0.001,0.001,0.6172950021195744,5079557420.054688,599.6910891532898,5070968751.654199,0.6179560023251567,5148217239.317675,0.6194762881295597,1.0
california_housing,outer_2,streed,4,20,3,0.05,0.0001,0.1,0.6175114175863506,5076687189.229138,599.6891915798187,5068048941.7710495,0.6181759791964092,5144978259.819343,0.6197156930427722,1.0
california_housing,outer_2,streed,4,20,3,0.05,0.0001,0.001,0.6175119982189311,5076679488.544391,599.6923327445984,5068041060.856275,0.6181765729401953,5144968976.456411,0.6197163792103438,1.0
california_housing,outer_2,streed,4,20,3,0.05,1e-05,0.1,0.6175330372805212,5076400456.875404,599.6992383003235,5067757210.843291,0.6181979580441097,5144654335.518965,0.6197396354817593,1.0
california_housing,outer_2,streed,4,20,3,0.05,1e-05,0.001,0.6175336173437996,5076392763.74589,599.6928522586823,5067749337.378979,0.6181985512265821,5144645058.77338,0.6197403211602184,1.0
california_housing,outer_2,streed,4,20,3,0.03,0.1,0.1,0.6225413528583813,5009791933.459864,599.7011549472809,5001812330.309743,0.6231662090862815,5121257795.549951,0.6214689599877148,2.0
california_housing,outer_2,streed,4,20,3,0.03,0.1,0.001,0.6225417451236231,5009786729.247755,599.6871843338013,5001807088.172845,0.6231666040259931,5121252196.402676,0.6214693738413277,2.0
california_housing,outer_2,streed,4,20,3,0.03,0.01,0.1,0.6150515500683621,5109312275.283981,599.6930413246155,5101199313.796113,0.6156784483944826,5181524795.192438,0.6170144039071921,1.0
california_housing,outer_2,streed,4,20,3,0.03,0.01,0.001,0.6150521879944223,5109303814.240404,599.7029006481171,5101190683.795942,0.6156790985739506,5181514850.019806,0.6170151389915581,1.0
california_housing,outer_2,streed,4,20,3,0.03,0.001,0.1,0.6172944158449089,5079565195.615943,599.6943964958191,5070976706.39998,0.6179554030189831,5148226588.2215,0.619475597117619,1.0
california_housing,outer_2,streed,4,20,3,0.03,0.001,0.001,0.6172950021195744,5079557420.054688,599.6991939544678,5070968751.654199,0.6179560023251567,5148217239.317675,0.6194762881295597,1.0
california_housing,outer_2,streed,4,20,3,0.03,0.0001,0.1,0.6259033321997504,4966061322.005041,599.701587677002,5068048941.7710495,0.6181759791964092,5144978259.819343,0.6197156930427722,1.0
california_housing,outer_2,streed,4,20,3,0.03,0.0001,0.001,0.6259038071164612,4966055014.91285,599.6939775943756,5068041060.856275,0.6181765729401953,5144968976.456411,0.6197163792103438,1.0
california_housing,outer_2,streed,4,20,3,0.03,1e-05,0.1,0.6259240283997064,4965786763.553576,599.6975500583649,5067757210.843291,0.6181979580441097,5144654335.518965,0.6197396354817593,1.0
california_housing,outer_2,streed,4,20,3,0.03,1e-05,0.001,0.625924500973455,4965780487.397781,599.7061667442322,5067749337.378979,0.6181985512265821,5144645058.77338,0.6197403211602184,1.0
california_housing,outer_2,streed,4,20,3,0.01,0.1,0.1,0.6585242901278675,4532887474.522225,599.6974375247955,4580562763.350886,0.6549029198532842,4682491598.26945,0.6538997868683967,4.0
california_housing,outer_2,streed,4,20,3,0.01,0.1,0.001,0.6585246866117771,4532882211.58281,599.7054481506348,4580556715.830195,0.6549033754701681,4682485261.009521,0.6539002552786365,4.0
california_housing,outer_2,streed,4,20,3,0.01,0.01,0.1,0.6787106583954428,4264667525.135984,599.7078628540039,4203416995.714895,0.6833168746280596,4224364930.967663,0.6877616174487269,5.0
california_housing,outer_2,streed,4,20,3,0.01,0.01,0.001,0.6787110794591786,4264661951.615487,599.694965839386,4203413494.5019298,0.6833171384075194,4224361198.392914,0.6877618933370844,5.0
california_housing,outer_2,streed,4,20,3,0.01,0.001,0.1,0.6864306825236203,4162543521.44656,599.7042863368988,4189207484.134616,0.6843874114179711,4219445333.23898,0.6881252430499022,4.0
california_housing,outer_2,streed,4,20,3,0.01,0.001,0.001,0.6864310074148992,4162539213.6504064,599.7113070487976,4189202169.166304,0.6843878118447614,4219437964.524703,0.6881257876987346,4.0
california_housing,outer_2,streed,4,20,3,0.01,0.0001,0.1,0.687065932807052,4154136305.8299103,599.6988470554352,4185773841.15431,0.6846461001922524,4214045801.676675,0.6885243423296992,4.0
california_housing,outer_2,streed,4,20,3,0.01,0.0001,0.001,0.6870659996426456,4154135415.345572,599.7011935710907,4185769462.5809393,0.6846464300715627,4214039301.203245,0.6885248228036502,4.0
california_housing,outer_2,streed,4,20,3,0.01,1e-05,0.1,0.6905393853181305,4107534129.464516,599.7061414718628,4185476222.9839454,0.6846685225815738,4213546691.323569,0.6885612334155582,4.0
california_housing,outer_2,streed,4,20,3,0.01,1e-05,0.001,0.6905389444524888,4107539988.421823,599.6983735561371,4185471945.43914,0.6846688448494476,4213540284.893584,0.6885617069384118,4.0
california_housing,outer_2,streed,4,20,3,0.008,0.1,0.1,0.669300984750533,4389472856.366749,599.7045862674713,4365159471.561024,0.6711312854256168,4381939794.28393,0.676114678498938,5.0
california_housing,outer_2,streed,4,20,3,0.008,0.1,0.001,0.6693012659998528,4389469129.858248,599.6999580860138,4365155505.874289,0.6711315841982751,4381935723.319502,0.6761149793989241,5.0
california_housing,outer_2,streed,4,20,3,0.008,0.01,0.1,0.6819019934032333,4222339589.0349774,599.7019279003143,4203416995.714895,0.6833168746280596,4224364930.967663,0.6877616174487269,5.0
california_housing,outer_2,streed,4,20,3,0.008,0.01,0.001,0.6819024322339624,4222333779.863836,599.7040555477142,4203413494.5019298,0.6833171384075194,4224361198.392914,0.6877618933370844,5.0
california_housing,outer_2,streed,4,20,3,0.008,0.001,0.1,0.6897474573911451,4118204774.631209,599.7080643177032,4078256918.376781,0.6927463660403164,4126054433.1727886,0.6950281087014726,5.0
california_housing,outer_2,streed,4,20,3,0.008,0.001,0.001,0.6897478027760485,4118200192.875665,599.7005131244659,4078250060.3956513,0.6927468827168441,4126044665.3907895,0.6950288306742429,5.0
california_housing,outer_2,streed,4,20,3,0.008,0.0001,0.1,0.6965163521202576,4027802814.422389,599.707560300827,4062238196.430161,0.6939532077445041,4089421243.114689,0.69773580280422,5.0
california_housing,outer_2,streed,4,20,3,0.008,0.0001,0.001,0.6965166702577329,4027798564.5268936,599.7066540718079,4062231727.761815,0.6939536950904206,4089411384.501492,0.6977365314906592,5.0
california_housing,outer_2,streed,4,20,3,0.008,1e-05,0.1,0.6951750923548565,4045563857.492176,599.7015378475189,4061896344.324477,0.6939789626941921,4088776534.434732,0.6977834555990747,5.0
california_housing,outer_2,streed,4,20,3,0.008,1e-05,0.001,0.6951750007842324,4045565047.063118,599.7056279182434,4061889961.96905,0.693979443537341,4088766751.313687,0.6977841787056105,5.0
california_housing,outer_2,streed,4,20,3,0.005,0.1,0.1,0.6809910370115301,4234365585.6973457,599.7085978984833,4196875725.5921946,0.6838096903226412,4204097144.335749,0.689259684263327,7.0
california_housing,outer_2,streed,4,20,3,0.005,0.1,0.001,0.680991305016153,4234362034.580602,599.7024483680725,4196871955.915631,0.6838099743280008,4204093670.418725,0.6892599410333387,7.0
california_housing,outer_2,streed,4,20,3,0.005,0.01,0.1,0.6965417504201717,4028159950.683924,599.7111797332764,4032640195.1229167,0.6961831048896829,4051715454.351752,0.7005227766307125,7.0
california_housing,outer_2,streed,4,20,3,0.005,0.01,0.001,0.6965419545565624,4028157246.804336,599.7092881202698,4032636535.307215,0.6961833806181856,4051712043.073038,0.7005230287708958,7.0
california_housing,outer_2,streed,4,20,3,0.005,0.001,0.1,0.6973244739548973,4017296504.631325,599.7029137611389,4078256918.376781,0.6927463660403164,4126054433.1727886,0.6950281087014726,5.0
california_housing,outer_2,streed,4,20,3,0.005,0.001,0.001,0.6973248929808914,4017290941.6152062,599.7102031707764,4078250060.3956513,0.6927468827168441,4126044665.3907895,0.6950288306742429,5.0
california_housing,outer_2,streed,4,20,3,0.005,0.0001,0.1,0.706160182447196,3899892885.5521474,599.7020893096924,4062238196.430161,0.6939532077445041,4089421243.114689,0.69773580280422,5.0
california_housing,outer_2,streed,4,20,3,0.005,0.0001,0.001,0.7061607163577129,3899885773.773616,599.7024807929993,4062231727.761815,0.6939536950904206,4089411384.501492,0.6977365314906592,5.0
california_housing,outer_2,streed,4,20,3,0.005,1e-05,0.1,0.7064597559843396,3895890908.753142,599.7111473083496,3895172433.933549,0.7065398504363922,3952452250.3150864,0.7078596859133501,7.0
california_housing,outer_2,streed,4,20,3,0.005,1e-05,0.001,0.7064600196350952,3895887386.88269,599.6915719509125,3895166935.309376,0.7065402646997142,3952442012.560687,0.7078604426235129,7.0
california_housing,outer_2,streed,4,20,3,0.003,0.1,0.1,0.6842990269987576,4190454456.004617,599.7010090351105,4152883299.616528,0.6871240555081248,4161136745.468138,0.6924350456905197,8.0
california_housing,outer_2,streed,4,20,3,0.003,0.1,0.001,0.6842992962415012,4190450887.762437,599.701423406601,4152879476.861351,0.687124343512398,4161132972.430809,0.6924353245696158,8.0
california_housing,outer_2,streed,4,20,3,0.003,0.01,0.1,0.6984641321187421,4002546175.782132,599.6943562030792,3988790610.426558,0.6994867084917191,4005571209.326481,0.7039334678626936,8.0
california_housing,outer_2,streed,4,20,3,0.003,0.01,0.001,0.6999029428619304,3983579132.0409017,599.7144937515259,3988787051.674838,0.6994869766061171,4005567533.0297503,0.7039337395913354,8.0
california_housing,outer_2,streed,4,20,3,0.003,0.001,0.1,0.7072224173006232,3886476066.128828,599.7131197452545,3899385045.660829,0.7062224745849994,4004921784.418296,0.7039814692513602,8.0
california_housing,outer_2,streed,4,20,3,0.003,0.001,0.001,0.7072230477608731,3886467703.7859406,599.7058370113373,3899377957.790106,0.7062230085812828,4004912291.968071,0.7039821708733442,8.0
california_housing,outer_2,streed,4,20,3,0.003,0.0001,0.1,0.714271966548569,3792959820.537859,599.7123889923096,3884905170.2098174,0.7073133804402828,3937888238.733064,0.7089361656905806,8.0
california_housing,outer_2,streed,4,20,3,0.003,0.0001,0.001,0.7142725146545595,3792952521.628423,599.7052004337311,3884898091.8521233,0.7073139137198597,3937887946.477122,0.7089361872922946,8.0
california_housing,outer_2,streed,4,20,3,0.003,1e-05,0.1,0.7153874422475802,3778202266.688236,599.7072372436523,3854600040.468731,0.7095965522528802,3914071197.07075,0.7106965710266069,8.0
california_housing,outer_2,streed,4,20,3,0.003,1e-05,0.001,0.7153878507633188,3778196835.144589,599.7110974788666,3854594753.013773,0.7095969506068297,3914060421.4252114,0.7106973674942862,8.0
california_housing,outer_2,streed,4,20,3,0.001,0.1,0.1,0.6842990269987576,4190454456.004617,599.7040641307831,4152883299.616528,0.6871240555081248,4161136745.468138,0.6924350456905197,8.0
california_housing,outer_2,streed,4,20,3,0.001,0.1,0.001,0.6842992962415012,4190450887.762437,599.7096676826477,4152879476.861351,0.687124343512398,4161132972.430809,0.6924353245696158,8.0
california_housing,outer_2,streed,4,20,3,0.001,0.01,0.1,0.6999027131929269,3983582174.569614,599.7151610851288,3988790610.426558,0.6994867084917191,4005571209.326481,0.7039334678626936,8.0
california_housing,outer_2,streed,4,20,3,0.001,0.01,0.001,0.6999029428619304,3983579132.0409017,599.7061069011688,3988787051.674838,0.6994869766061171,4005567533.0297503,0.7039337395913354,8.0
california_housing,outer_2,streed,4,20,3,0.001,0.001,0.1,0.7072224173006232,3886476066.128828,599.7092118263245,3899385045.660829,0.7062224745849994,4004921784.418296,0.7039814692513602,8.0
california_housing,outer_2,streed,4,20,3,0.001,0.001,0.001,0.7072230477608731,3886467703.7859406,599.7165474891663,3899377957.790106,0.7062230085812828,4004912291.968071,0.7039821708733442,8.0
california_housing,outer_2,streed,4,20,3,0.001,0.0001,0.1,0.7146442158582227,3788022530.985305,599.7059359550476,3884905170.2098174,0.7073133804402828,3937888238.733064,0.7089361656905806,8.0
california_housing,outer_2,streed,4,20,3,0.001,0.0001,0.001,0.7142725146545595,3792952521.628423,599.7169308662415,3884898091.8521233,0.7073139137198597,3937887946.477122,0.7089361872922946,8.0
california_housing,outer_2,streed,4,20,3,0.001,1e-05,0.1,0.7153874422475802,3778202266.688236,599.7090632915497,3854600040.468731,0.7095965522528802,3914071197.07075,0.7106965710266069,8.0
california_housing,outer_2,streed,4,20,3,0.001,1e-05,0.001,0.7153878507633188,3778196835.144589,599.7050528526306,3854594753.013773,0.7095969506068297,3914060421.4252114,0.7106973674942862,8.0
california_housing,outer_2,streed,4,20,3,0.0005,0.1,0.1,0.6842990269987576,4190454456.004617,599.7137615680695,4152883299.616528,0.6871240555081248,4161136745.468138,0.6924350456905197,8.0
california_housing,outer_2,streed,4,20,3,0.0005,0.1,0.001,0.6842992962415012,4190450887.762437,599.705727815628,4152879476.861351,0.687124343512398,4161132972.430809,0.6924353245696158,8.0
california_housing,outer_2,streed,4,20,3,0.0005,0.01,0.1,0.6999027131929269,3983582174.569614,599.7112431526184,3988790610.426558,0.6994867084917191,4005571209.326481,0.7039334678626936,8.0
california_housing,outer_2,streed,4,20,3,0.0005,0.01,0.001,0.6999029428619304,3983579132.0409017,599.7067391872406,3988787051.674838,0.6994869766061171,4005567533.0297503,0.7039337395913354,8.0
california_housing,outer_2,streed,4,20,3,0.0005,0.001,0.1,0.7072224173006232,3886476066.128828,599.7089262008667,3899385045.660829,0.7062224745849994,4004921784.418296,0.7039814692513602,8.0
california_housing,outer_2,streed,4,20,3,0.0005,0.001,0.001,0.7072230477608731,3886467703.7859406,599.7131633758545,3899377957.790106,0.7062230085812828,4004912291.968071,0.7039821708733442,8.0
california_housing,outer_2,streed,4,20,3,0.0005,0.0001,0.1,0.7146442158582227,3788022530.985305,599.7132604122162,3884905170.2098174,0.7073133804402828,3937888238.733064,0.7089361656905806,8.0
california_housing,outer_2,streed,4,20,3,0.0005,0.0001,0.001,0.7142725146545595,3792952521.628423,599.7076945304871,3884898091.8521233,0.7073139137198597,3937887946.477122,0.7089361872922946,8.0
california_housing,outer_2,streed,4,20,3,0.0005,1e-05,0.1,0.7153874422475802,3778202266.688236,599.7097764015198,3854600040.468731,0.7095965522528802,3914071197.07075,0.7106965710266069,8.0
california_housing,outer_2,streed,4,20,3,0.0005,1e-05,0.001,0.7153878507633188,3778196835.144589,599.7147045135498,3854594753.013773,0.7095969506068297,3914060421.4252114,0.7106973674942862,8.0
california_housing,outer_2,streed,4,20,3,0.0001,0.1,0.1,0.6842990269987576,4190454456.004617,599.7081117630005,4152883299.616528,0.6871240555081248,4161136745.468138,0.6924350456905197,8.0
california_housing,outer_2,streed,4,20,3,0.0001,0.1,0.001,0.6842992962415012,4190450887.762437,599.7106695175171,4152879476.861351,0.687124343512398,4161132972.430809,0.6924353245696158,8.0
california_housing,outer_2,streed,4,20,3,0.0001,0.01,0.1,0.6999027131929269,3983582174.569614,599.7111780643463,3988790610.426558,0.6994867084917191,4005571209.326481,0.7039334678626936,8.0
california_housing,outer_2,streed,4,20,3,0.0001,0.01,0.001,0.6999029428619304,3983579132.0409017,599.7065958976746,3988787051.674838,0.6994869766061171,4005567533.0297503,0.7039337395913354,8.0
california_housing,outer_2,streed,4,20,3,0.0001,0.001,0.1,0.7072224173006232,3886476066.128828,599.7162683010101,3899385045.660829,0.7062224745849994,4004921784.418296,0.7039814692513602,8.0
california_housing,outer_2,streed,4,20,3,0.0001,0.001,0.001,0.7072230477608731,3886467703.7859406,599.7062628269196,3899377957.790106,0.7062230085812828,4004912291.968071,0.7039821708733442,8.0
california_housing,outer_2,streed,4,20,3,0.0001,0.0001,0.1,0.7146442158582227,3788022530.985305,599.7080817222595,3884905170.2098174,0.7073133804402828,3937888238.733064,0.7089361656905806,8.0
california_housing,outer_2,streed,4,20,3,0.0001,0.0001,0.001,0.7142725146545595,3792952521.628423,599.7148103713989,3884898091.8521233,0.7073139137198597,3937887946.477122,0.7089361872922946,8.0
california_housing,outer_2,streed,4,20,3,0.0001,1e-05,0.1,0.7153874422475802,3778202266.688236,599.7084505558014,3854600040.468731,0.7095965522528802,3914071197.07075,0.7106965710266069,8.0
california_housing,outer_2,streed,4,20,3,0.0001,1e-05,0.001,0.7153878507633188,3778196835.144589,599.7097795009613,3854594753.013773,0.7095969506068297,3914060421.4252114,0.7106973674942862,8.0
california_housing,outer_3,streed,4,20,3,0.1,0.1,0.1,0.5788636030322297,5543059771.401914,599.7482080459595,5540578877.319036,0.579155518846926,5705138664.592767,0.5910320028619944,1.0
california_housing,outer_3,streed,4,20,3,0.1,0.1,0.001,0.5788643820104824,5543049518.970505,599.6721575260162,5540568591.379514,0.579156300133679,5705127874.34289,0.5910327763518499,1.0
california_housing,outer_3,streed,4,20,3,0.1,0.01,0.1,0.6120120120296563,5106744711.067105,599.6571397781372,5101454059.028734,0.6125100221229883,5214156508.623484,0.6262276397714771,1.0
california_housing,outer_3,streed,4,20,3,0.1,0.01,0.001,0.6120126419560019,5106736416.885768,599.657735824585,5101445612.296392,0.6125106637095028,5214146159.019877,0.6262283816739806,1.0
california_housing,outer_3,streed,4,20,3,0.1,0.001,0.1,0.6142028762388562,5077902168.700635,599.6464440822601,5072198826.104727,0.6147321551515996,5178166596.717918,0.6288075458972545,1.0
california_housing,outer_3,streed,4,20,3,0.1,0.001,0.001,0.6142034543521983,5077894556.006589,599.6459472179413,5072191049.202937,0.6147327458599481,5178156752.059467,0.6288082516031954,1.0
california_housing,outer_3,streed,4,20,3,0.1,0.0001,0.1,0.6144146524499979,5075114036.447815,599.6562793254852,5069366949.097281,0.6149472553850366,5174621323.491219,0.6290616857834292,1.0
california_housing,outer_3,streed,4,20,3,0.1,0.0001,0.001,0.6144152249090715,5075106498.124304,599.6598501205444,5069359245.36534,0.6149478405356397,5174611534.693978,0.6290623874850069,1.0
california_housing,outer_3,streed,4,20,3,0.1,1e-05,0.1,0.6144357494615281,5074836283.185243,599.6544034481049,5069084795.648002,0.6149686868499786,5174267412.043644,0.6290870556235659,1.0
california_housing,outer_3,streed,4,20,3,0.1,1e-05,0.001,0.6144363213501249,5074828752.365218,599.6530706882477,5069077099.299128,0.6149692714397879,5174257628.890178,0.6290877569205745,1.0
california_housing,outer_3,streed,4,20,3,0.08,0.1,0.1,0.5788636030322297,5543059771.401914,599.6572730541229,5540578877.319036,0.579155518846926,5705138664.592767,0.5910320028619944,1.0
california_housing,outer_3,streed,4,20,3,0.08,0.1,0.001,0.5788643820104824,5543049518.970505,599.6611800193787,5540568591.379514,0.579156300133679,5705127874.34289,0.5910327763518499,1.0
california_housing,outer_3,streed,4,20,3,0.08,0.01,0.1,0.6120120120296563,5106744711.067105,599.6547272205353,5101454059.028734,0.6125100221229883,5214156508.623484,0.6262276397714771,1.0
california_housing,outer_3,streed,4,20,3,0.08,0.01,0.001,0.6120126419560019,5106736416.885768,599.6598958969116,5101445612.296392,0.6125106637095028,5214146159.019877,0.6262283816739806,1.0
california_housing,outer_3,streed,4,20,3,0.08,0.001,0.1,0.6142028762388562,5077902168.700635,599.668292760849,5072198826.104727,0.6147321551515996,5178166596.717918,0.6288075458972545,1.0
california_housing,outer_3,streed,4,20,3,0.08,0.001,0.001,0.6142034543521983,5077894556.006589,599.6634123325348,5072191049.202937,0.6147327458599481,5178156752.059467,0.6288082516031954,1.0
california_housing,outer_3,streed,4,20,3,0.08,0.0001,0.1,0.6144146524499979,5075114036.447815,599.666182756424,5069366949.097281,0.6149472553850366,5174621323.491219,0.6290616857834292,1.0
california_housing,outer_3,streed,4,20,3,0.08,0.0001,0.001,0.6144152249090715,5075106498.124304,599.669979095459,5069359245.36534,0.6149478405356397,5174611534.693978,0.6290623874850069,1.0
california_housing,outer_3,streed,4,20,3,0.08,1e-05,0.1,0.6144357494615281,5074836283.185243,599.6625671386719,5069084795.648002,0.6149686868499786,5174267412.043644,0.6290870556235659,1.0
california_housing,outer_3,streed,4,20,3,0.08,1e-05,0.001,0.6144363213501249,5074828752.365218,599.6746771335602,5069077099.299128,0.6149692714397879,5174257628.890178,0.6290877569205745,1.0
california_housing,outer_3,streed,4,20,3,0.05,0.1,0.1,0.6200080027925532,5001441228.737087,599.6661999225616,4995225255.520993,0.6205788190277188,5148910538.380931,0.630904741475775,2.0
california_housing,outer_3,streed,4,20,3,0.05,0.1,0.001,0.6200083911047728,5001436116.710025,599.6702682971954,4995220104.748465,0.6205792102637684,5148904608.681317,0.6309051665412322,2.0
california_housing,outer_3,streed,4,20,3,0.05,0.01,0.1,0.6120120120296563,5106744711.067105,599.6720201969147,5101454059.028734,0.6125100221229883,5214156508.623484,0.6262276397714771,1.0
california_housing,outer_3,streed,4,20,3,0.05,0.01,0.001,0.6120126419560019,5106736416.885768,599.6655294895172,5101445612.296392,0.6125106637095028,5214146159.019877,0.6262283816739806,1.0
california_housing,outer_3,streed,4,20,3,0.05,0.001,0.1,0.6142028762388562,5077902168.700635,599.6739730834961,5072198826.104727,0.6147321551515996,5178166596.717918,0.6288075458972545,1.0
california_housing,outer_3,streed,4,20,3,0.05,0.001,0.001,0.6142034543521983,5077894556.006589,599.6666533946991,5072191049.202937,0.6147327458599481,5178156752.059467,0.6288082516031954,1.0
california_housing,outer_3,streed,4,20,3,0.05,0.0001,0.1,0.6144146524499979,5075114036.447815,599.6691191196442,5069366949.097281,0.6149472553850366,5174621323.491219,0.6290616857834292,1.0
california_housing,outer_3,streed,4,20,3,0.05,0.0001,0.001,0.6144152249090715,5075106498.124304,599.6744794845581,5069359245.36534,0.6149478405356397,5174611534.693978,0.6290623874850069,1.0
california_housing,outer_3,streed,4,20,3,0.05,1e-05,0.1,0.6144357494615281,5074836283.185243,599.6658942699432,5069084795.648002,0.6149686868499786,5174267412.043644,0.6290870556235659,1.0
california_housing,outer_3,streed,4,20,3,0.05,1e-05,0.001,0.6144363213501249,5074828752.365218,599.6697900295258,5069077099.299128,0.6149692714397879,5174257628.890178,0.6290877569205745,1.0
california_housing,outer_3,streed,4,20,3,0.03,0.1,0.1,0.6200080027925532,5001441228.737087,599.6776733398438,4995225255.520993,0.6205788190277188,5148910538.380931,0.630904741475775,2.0
california_housing,outer_3,streed,4,20,3,0.03,0.1,0.001,0.6200083911047728,5001436116.710025,599.6711139678955,4995220104.748465,0.6205792102637684,5148904608.681317,0.6309051665412322,2.0
california_housing,outer_3,streed,4,20,3,0.03,0.01,0.1,0.6120120120296563,5106744711.067105,599.6700985431671,5101454059.028734,0.6125100221229883,5214156508.623484,0.6262276397714771,1.0
california_housing,outer_3,streed,4,20,3,0.03,0.01,0.001,0.6120126419560019,5106736416.885768,599.675196647644,5101445612.296392,0.6125106637095028,5214146159.019877,0.6262283816739806,1.0
california_housing,outer_3,streed,4,20,3,0.03,0.001,0.1,0.6238606811084929,4952169675.338639,599.6683280467987,5072198826.104727,0.6147321551515996,5178166596.717918,0.6288075458972545,1.0
california_housing,outer_3,streed,4,20,3,0.03,0.001,0.001,0.6238612327806105,4952162406.876138,599.6786088943481,5072191049.202937,0.6147327458599481,5178156752.059467,0.6288082516031954,1.0
california_housing,outer_3,streed,4,20,3,0.03,0.0001,0.1,0.6346040544436414,4808585765.242486,599.6757664680481,4668026080.13757,0.645431811873221,4802195171.073723,0.6557587367387838,2.0
california_housing,outer_3,streed,4,20,3,0.03,0.0001,0.001,0.6346045670604935,4808579012.093114,599.6761012077332,4668019879.67274,0.6454322828405084,4802186199.26021,0.6557593798755801,2.0
california_housing,outer_3,streed,4,20,3,0.03,1e-05,0.1,0.6346319561675612,4808217987.07721,599.68044257164,4667637921.614577,0.645461295141275,4801650806.884446,0.6557977590212015,2.0
california_housing,outer_3,streed,4,20,3,0.03,1e-05,0.001,0.6346324649717556,4808211284.187924,599.6762759685516,4667631793.345063,0.6454617606248392,4801641902.419135,0.6557983973301995,2.0
california_housing,outer_3,streed,4,20,3,0.01,0.1,0.1,0.6698880074615051,4344838424.151317,599.6795699596405,4315057713.547962,0.6722421492747759,4614191580.946656,0.6692356136789008,5.0
california_housing,outer_3,streed,4,20,3,0.01,0.1,0.001,0.6698882668844561,4344835011.587497,599.6854169368744,4315054222.496957,0.6722424144437378,4614187743.712106,0.6692358887477855,5.0
california_housing,outer_3,streed,4,20,3,0.01,0.01,0.1,0.6808236690784631,4200908193.085981,599.67848777771,4161725183.873796,0.683888793122546,4438617414.384917,0.6818214979964128,5.0
california_housing,outer_3,streed,4,20,3,0.01,0.01,0.001,0.6808239907994431,4200903965.83197,599.6794257164001,4161721502.816359,0.683889072723783,4438614540.691867,0.681821703994647,5.0
california_housing,outer_3,streed,4,20,3,0.01,0.001,0.1,0.6844415232794704,4152902830.506255,599.685544013977,4169935492.585982,0.6832651645836165,4323861679.264851,0.6900476649506744,4.0
california_housing,outer_3,streed,4,20,3,0.01,0.001,0.001,0.6844419306300605,4152897466.84688,599.677402973175,4169930223.63846,0.683265564795857,4323856917.767736,0.6900480062745322,4.0
california_housing,outer_3,streed,4,20,3,0.01,0.0001,0.1,0.6934965453893355,4033441323.228438,599.6830613613129,4166715493.0501146,0.6835097453510761,4321792668.800093,0.6901959802004125,4.0
california_housing,outer_3,streed,4,20,3,0.01,0.0001,0.001,0.6934965305253892,4033441527.447289,599.6860775947571,4166711192.299926,0.6835100720221734,4321788981.05869,0.6901962445530083,4.0
california_housing,outer_3,streed,4,20,3,0.01,1e-05,0.1,0.6872393921873332,4117094856.086856,599.6835024356842,4166443281.0347776,0.6835304216967963,4321642173.163575,0.6902067683517026,4.0
california_housing,outer_3,streed,4,20,3,0.01,1e-05,0.001,0.687239379396369,4117095020.889432,599.6830012798309,4166439084.769088,0.6835307404315886,4321638600.982471,0.690207024420457,4.0
california_housing,outer_3,streed,4,20,3,0.008,0.1,0.1,0.6698880074615051,4344838424.151317,599.6874415874481,4315057713.547962,0.6722421492747759,4614191580.946656,0.6692356136789008,5.0
california_housing,outer_3,streed,4,20,3,0.008,0.1,0.001,0.6698882668844561,4344835011.587497,599.6813583374023,4315054222.496957,0.6722424144437378,4614187743.712106,0.6692358887477855,5.0
california_housing,outer_3,streed,4,20,3,0.008,0.01,0.1,0.6825985526235447,4177648903.9207935,599.6849112510681,4161725183.873796,0.683888793122546,4438617414.384917,0.6818214979964128,5.0
california_housing,outer_3,streed,4,20,3,0.008,0.01,0.001,0.6825988952940621,4177644402.129698,599.6875133514404,4161721502.816359,0.683889072723783,4438614540.691867,0.681821703994647,5.0
california_housing,outer_3,streed,4,20,3,0.008,0.001,0.1,0.6923718557097877,4048341572.392756,599.6794469356537,4055521404.097713,0.6919556893054207,4202348874.8372254,0.6987582066526323,5.0
california_housing,outer_3,streed,4,20,3,0.008,0.001,0.001,0.6923723052082157,4048335643.397119,599.6833100318909,4055514198.419769,0.6919562366254504,4202342703.847602,0.698758649014758,5.0
california_housing,outer_3,streed,4,20,3,0.008,0.0001,0.1,0.6934965453893355,4033441323.228438,599.6871998310089,4051805287.5628095,0.6922379535181797,4200085544.837947,0.6989204515323952,5.0
california_housing,outer_3,streed,4,20,3,0.008,0.0001,0.001,0.6934965305253892,4033441527.447289,599.6788442134857,4051798918.7652016,0.6922384372714814,4200080255.742197,0.6989208306767111,5.0
california_housing,outer_3,streed,4,20,3,0.008,1e-05,0.1,0.6872393921873332,4117094856.086856,599.6837394237518,4051471727.5449176,0.6922632896600832,4199900794.5584407,0.6989336951985394,5.0
california_housing,outer_3,streed,4,20,3,0.008,1e-05,0.001,0.687239379396369,4117095020.889432,599.6884560585022,4051465448.508005,0.6922637665954523,4199895599.90113,0.6989340675731163,5.0
california_housing,outer_3,streed,4,20,3,0.005,0.1,0.1,0.6823161423615355,4181099751.690747,599.6819677352905,4143005366.097613,0.6853106900350777,4442481209.643609,0.6815445251301606,7.0
california_housing,outer_3,streed,4,20,3,0.005,0.1,0.001,0.682316379600621,4181096631.976004,599.6842231750488,4143002173.426553,0.6853109325400624,4442477709.402945,0.681544776041926,7.0
california_housing,outer_3,streed,4,20,3,0.005,0.01,0.1,0.6963196788956214,3997206020.2579865,599.6956715583801,3989287572.123497,0.6969865973150648,4275167156.926349,0.6935382902348524,7.0
california_housing,outer_3,streed,4,20,3,0.005,0.01,0.001,0.6963199220587154,3997202830.169476,599.6835312843323,3989283851.769772,0.6969868799011207,4275164631.4443088,0.6935384712718775,7.0
california_housing,outer_3,streed,4,20,3,0.005,0.001,0.1,0.7030356010655305,3908375416.698879,599.6855342388153,3910805380.949056,0.7029478511399623,4201011095.244441,0.6988541042412517,7.0
california_housing,outer_3,streed,4,20,3,0.005,0.001,0.001,0.7030361438531183,3908368284.0920634,599.6897358894348,3910796916.305069,0.7029484940869872,4201007924.989715,0.6988543314982566,7.0
california_housing,outer_3,streed,4,20,3,0.005,0.0001,0.1,0.7129503411918092,3778238692.0160623,599.68208360672,3899075973.1740456,0.7038387790806353,4118719094.305434,0.7047531361111294,7.0
california_housing,outer_3,streed,4,20,3,0.005,0.0001,0.001,0.7129508995313006,3778231348.4439383,599.6925890445709,3899069201.015124,0.70383929347196,4118716026.984608,0.7047533559894056,7.0
california_housing,outer_3,streed,4,20,3,0.005,1e-05,0.1,0.7138418899619797,3766801518.9499817,599.6867580413818,3885696047.366492,0.7048550750415857,4072300253.322592,0.7080806311191015,7.0
california_housing,outer_3,streed,4,20,3,0.005,1e-05,0.001,0.7138418992842356,3766801386.237581,599.683189868927,3885689211.812425,0.7048555942482009,4072291002.7193503,0.7080812942407015,7.0
california_housing,outer_3,streed,4,20,3,0.003,0.1,0.1,0.682856130943788,4174193540.6396847,599.6897540092468,4101138733.161124,0.6884907442867931,4397528728.779971,0.6847669053641912,8.0
california_housing,outer_3,streed,4,20,3,0.003,0.1,0.001,0.68285640977883,4174189864.904916,599.6806285381317,4101135370.549788,0.6884909996998925,4397525287.481015,0.6847671520507703,8.0
california_housing,outer_3,streed,4,20,3,0.003,0.01,0.1,0.6972773202108143,3984656432.805713,599.6866900920868,3946418324.565204,0.7002428069360389,4231075363.94859,0.6966989727921842,8.0
california_housing,outer_3,streed,4,20,3,0.003,0.01,0.001,0.697277550739759,3984653408.283744,599.6904411315918,3946414549.677047,0.7002430936643543,4231073006.392224,0.6966991417916006,8.0
california_housing,outer_3,streed,4,20,3,0.003,0.001,0.1,0.7096343956296182,3821900294.805328,599.6837532520294,3868132254.934638,0.7061891640017344,4156832629.955537,0.7020209998292529,8.0
california_housing,outer_3,streed,4,20,3,0.003,0.001,0.001,0.7096349883255978,3821892508.1647744,599.6868469715118,3868123952.313504,0.7061897946420268,4156829839.7350497,0.7020211998438277,8.0
california_housing,outer_3,streed,4,20,3,0.003,0.0001,0.1,0.7129503411918092,3778238692.0160623,599.6916918754578,3858485765.315949,0.7069218802049355,4078845228.939493,0.7076114601266463,8.0
california_housing,outer_3,streed,4,20,3,0.003,0.0001,0.001,0.7129508995313006,3778231348.4439383,599.6836524009705,3858479126.4432487,0.7069223844722691,4078843110.3510704,0.7076116119958497,8.0
california_housing,outer_3,streed,4,20,3,0.003,1e-05,0.1,0.7138418899619797,3766801518.9499817,599.6909453868866,3845108986.46628,0.7079379371331265,4032436644.3968334,0.7109382199104552,8.0
california_housing,outer_3,streed,4,20,3,0.003,1e-05,0.001,0.7138418992842356,3766801386.237581,599.6884422302246,3845102285.652403,0.7079384461053118,4032428347.7471538,0.7109388146487083,8.0
california_housing,outer_3,streed,4,20,3,0.001,0.1,0.1,0.682856130943788,4174193540.6396847,599.6846830844879,4101138733.161124,0.6884907442867931,4397528728.779971,0.6847669053641912,8.0
california_housing,outer_3,streed,4,20,3,0.001,0.1,0.001,0.68285640977883,4174189864.904916,599.6924569606781,4101135370.549788,0.6884909996998925,4397525287.481015,0.6847671520507703,8.0
california_housing,outer_3,streed,4,20,3,0.001,0.01,0.1,0.6972773202108143,3984656432.805713,599.6839213371277,3946418324.565204,0.7002428069360389,4231075363.94859,0.6966989727921842,8.0
california_housing,outer_3,streed,4,20,3,0.001,0.01,0.001,0.697277550739759,3984653408.283744,599.6881680488586,3946414549.677047,0.7002430936643543,4231073006.392224,0.6966991417916006,8.0
california_housing,outer_3,streed,4,20,3,0.001,0.001,0.1,0.7096343956296182,3821900294.805328,599.6983795166016,3868132254.934638,0.7061891640017344,4156832629.955537,0.7020209998292529,8.0
california_housing,outer_3,streed,4,20,3,0.001,0.001,0.001,0.7096349883255978,3821892508.1647744,599.6897096633911,3868123952.313504,0.7061897946420268,4156829839.7350497,0.7020211998438277,8.0
california_housing,outer_3,streed,4,20,3,0.001,0.0001,0.1,0.7129503411918092,3778238692.0160623,599.694756269455,3858485765.315949,0.7069218802049355,4078845228.939493,0.7076114601266463,8.0
california_housing,outer_3,streed,4,20,3,0.001,0.0001,0.001,0.7129508995313006,3778231348.4439383,599.6950149536133,3858479126.4432487,0.7069223844722691,4078843110.3510704,0.7076116119958497,8.0
california_housing,outer_3,streed,4,20,3,0.001,1e-05,0.1,0.7138418899619797,3766801518.9499817,599.6871130466461,3845108986.46628,0.7079379371331265,4032436644.3968334,0.7109382199104552,8.0
california_housing,outer_3,streed,4,20,3,0.001,1e-05,0.001,0.7138418992842356,3766801386.237581,599.6909091472626,3845102285.652403,0.7079384461053118,4032428347.7471538,0.7109388146487083,8.0
california_housing,outer_3,streed,4,20,3,0.0005,0.1,0.1,0.682856130943788,4174193540.6396847,599.6949484348297,4101138733.161124,0.6884907442867931,4397528728.779971,0.6847669053641912,8.0
california_housing,outer_3,streed,4,20,3,0.0005,0.1,0.001,0.68285640977883,4174189864.904916,599.6858072280884,4101135370.549788,0.6884909996998925,4397525287.481015,0.6847671520507703,8.0
california_housing,outer_3,streed,4,20,3,0.0005,0.01,0.1,0.6972773202108143,3984656432.805713,599.6948137283325,3946418324.565204,0.7002428069360389,4231075363.94859,0.6966989727921842,8.0
california_housing,outer_3,streed,4,20,3,0.0005,0.01,0.001,0.697277550739759,3984653408.283744,599.691986322403,3946414549.677047,0.7002430936643543,4231073006.392224,0.6966991417916006,8.0
california_housing,outer_3,streed,4,20,3,0.0005,0.001,0.1,0.7096343956296182,3821900294.805328,599.6921155452728,3868132254.934638,0.7061891640017344,4156832629.955537,0.7020209998292529,8.0
california_housing,outer_3,streed,4,20,3,0.0005,0.001,0.001,0.7096349883255978,3821892508.1647744,599.695634841919,3868123952.313504,0.7061897946420268,4156829839.7350497,0.7020211998438277,8.0
california_housing,outer_3,streed,4,20,3,0.0005,0.0001,0.1,0.7129503411918092,3778238692.0160623,599.6862750053406,3858485765.315949,0.7069218802049355,4078845228.939493,0.7076114601266463,8.0
california_housing,outer_3,streed,4,20,3,0.0005,0.0001,0.001,0.7129508995313006,3778231348.4439383,599.6909153461456,3858479126.4432487,0.7069223844722691,4078843110.3510704,0.7076116119958497,8.0
california_housing,outer_3,streed,4,20,3,0.0005,1e-05,0.1,0.7138418899619797,3766801518.9499817,599.6998221874237,3845108986.46628,0.7079379371331265,4032436644.3968334,0.7109382199104552,8.0
california_housing,outer_3,streed,4,20,3,0.0005,1e-05,0.001,0.7138418992842356,3766801386.237581,599.6896321773529,3845102285.652403,0.7079384461053118,4032428347.7471538,0.7109388146487083,8.0
california_housing,outer_3,streed,4,20,3,0.0001,0.1,0.1,0.682856130943788,4174193540.6396847,599.6925098896027,4101138733.161124,0.6884907442867931,4397528728.779971,0.6847669053641912,8.0
california_housing,outer_3,streed,4,20,3,0.0001,0.1,0.001,0.68285640977883,4174189864.904916,599.694598197937,4101135370.549788,0.6884909996998925,4397525287.481015,0.6847671520507703,8.0
california_housing,outer_3,streed,4,20,3,0.0001,0.01,0.1,0.6972773202108143,3984656432.805713,599.6855733394623,3946418324.565204,0.7002428069360389,4231075363.94859,0.6966989727921842,8.0
california_housing,outer_3,streed,4,20,3,0.0001,0.01,0.001,0.697277550739759,3984653408.283744,599.6948130130768,3946414549.677047,0.7002430936643543,4231073006.392224,0.6966991417916006,8.0
california_housing,outer_3,streed,4,20,3,0.0001,0.001,0.1,0.7096343956296182,3821900294.805328,599.6958384513855,3868132254.934638,0.7061891640017344,4156832629.955537,0.7020209998292529,8.0
california_housing,outer_3,streed,4,20,3,0.0001,0.001,0.001,0.7096349883255978,3821892508.1647744,599.6873083114624,3868123952.313504,0.7061897946420268,4156829839.7350497,0.7020211998438277,8.0
california_housing,outer_3,streed,4,20,3,0.0001,0.0001,0.1,0.7129503411918092,3778238692.0160623,599.6957406997681,3858485765.315949,0.7069218802049355,4078845228.939493,0.7076114601266463,8.0
california_housing,outer_3,streed,4,20,3,0.0001,0.0001,0.001,0.7129508995313006,3778231348.4439383,599.6953136920929,3858479126.4432487,0.7069223844722691,4078843110.3510704,0.7076116119958497,8.0
california_housing,outer_3,streed,4,20,3,0.0001,1e-05,0.1,0.7138418899619797,3766801518.9499817,599.6879172325134,3845108986.46628,0.7079379371331265,4032436644.3968334,0.7109382199104552,8.0
california_housing,outer_3,streed,4,20,3,0.0001,1e-05,0.001,0.7138418992842356,3766801386.237581,599.692351102829,3845102285.652403,0.7079384461053118,4032428347.7471538,0.7109388146487083,8.0
california_housing,outer_4,streed,4,20,3,0.1,0.1,0.1,0.581263018614897,5592528986.815807,599.7403845787048,5585439265.788818,0.5819735775536299,5483261475.458951,0.5838518532952088,1.0
california_housing,outer_4,streed,4,20,3,0.1,0.1,0.001,0.5812638069269709,5592518469.383854,599.6632087230682,5585428726.81634,0.5819743663132513,5483251485.922446,0.5838526114438256,1.0
california_housing,outer_4,streed,4,20,3,0.1,0.01,0.1,0.6156633371106084,5133565342.022201,599.6560628414154,5124476032.982009,0.6164730684477144,5061284191.686501,0.6158775127278968,1.0
california_housing,outer_4,streed,4,20,3,0.1,0.01,0.001,0.6156639908140622,5133556644.988948,599.6512463092804,5124467189.351594,0.6164737303242487,5061276256.411435,0.6158781149698339,1.0
california_housing,outer_4,streed,4,20,3,0.1,0.001,0.1,0.6179624931117448,5102921671.161477,599.6459324359894,5093558675.052102,0.618786990757477,5034232058.525268,0.6179306147238246,1.0
california_housing,outer_4,streed,4,20,3,0.1,0.001,0.001,0.6179631189529338,5102913339.089439,599.6484770774841,5093550505.011536,0.6187876022210821,5034224820.21706,0.6179311640699683,1.0
california_housing,outer_4,streed,4,20,3,0.1,0.0001,0.1,0.6181852757174063,5099952791.314317,599.6518287658691,5090561160.034623,0.6190113313006929,5031629349.876767,0.6181281454061264,1.0
california_housing,outer_4,streed,4,20,3,0.1,0.0001,0.001,0.6181858958577565,5099944535.589222,599.6612133979797,5090553063.72881,0.6190119372458285,5031622187.498843,0.6181286889895962,1.0
california_housing,outer_4,streed,4,20,3,0.1,1e-05,0.1,0.6182074749732692,5099656960.622677,599.6592381000519,5090262452.481884,0.6190336872236001,5031370205.435322,0.6181478129852704,1.0
california_housing,outer_4,streed,4,20,3,0.1,1e-05,0.001,0.6182080945383096,5099648712.602013,599.6569797992706,5090254363.617663,0.6190342926117909,5031363050.716935,0.6181483559874252,1.0
california_housing,outer_4,streed,4,20,3,0.08,0.1,0.1,0.581263018614897,5592528986.815807,599.6581163406372,5585439265.788818,0.5819735775536299,5483261475.458951,0.5838518532952088,1.0
california_housing,outer_4,streed,4,20,3,0.08,0.1,0.001,0.5812638069269709,5592518469.383854,599.6647050380707,5585428726.81634,0.5819743663132513,5483251485.922446,0.5838526114438256,1.0
california_housing,outer_4,streed,4,20,3,0.08,0.01,0.1,0.6156633371106084,5133565342.022201,599.6576602458954,5124476032.982009,0.6164730684477144,5061284191.686501,0.6158775127278968,1.0
california_housing,outer_4,streed,4,20,3,0.08,0.01,0.001,0.6156639908140622,5133556644.988948,599.6621673107147,5124467189.351594,0.6164737303242487,5061276256.411435,0.6158781149698339,1.0
california_housing,outer_4,streed,4,20,3,0.08,0.001,0.1,0.6179624931117448,5102921671.161477,599.6716318130493,5093558675.052102,0.618786990757477,5034232058.525268,0.6179306147238246,1.0
california_housing,outer_4,streed,4,20,3,0.08,0.001,0.001,0.6179631189529338,5102913339.089439,599.6697101593018,5093550505.011536,0.6187876022210821,5034224820.21706,0.6179311640699683,1.0
california_housing,outer_4,streed,4,20,3,0.08,0.0001,0.1,0.6181852757174063,5099952791.314317,599.6693806648254,5090561160.034623,0.6190113313006929,5031629349.876767,0.6181281454061264,1.0
california_housing,outer_4,streed,4,20,3,0.08,0.0001,0.001,0.6181858958577565,5099944535.589222,599.6735167503357,5090553063.72881,0.6190119372458285,5031622187.498843,0.6181286889895962,1.0
california_housing,outer_4,streed,4,20,3,0.08,1e-05,0.1,0.6182074749732692,5099656960.622677,599.6684436798096,5090262452.481884,0.6190336872236001,5031370205.435322,0.6181478129852704,1.0
california_housing,outer_4,streed,4,20,3,0.08,1e-05,0.001,0.6182080945383096,5099648712.602013,599.6788241863251,5090254363.617663,0.6190342926117909,5031363050.716935,0.6181483559874252,1.0
california_housing,outer_4,streed,4,20,3,0.05,0.1,0.1,0.6228300023190068,5037902064.003779,599.6666288375854,5030052119.596104,0.6235399594884715,4994451161.06297,0.6209497570403604,2.0
california_housing,outer_4,streed,4,20,3,0.05,0.1,0.001,0.622830399457882,5037896759.145999,599.6740295886993,5030046851.488971,0.623540353765067,4994445818.603276,0.620950162502458,2.0
california_housing,outer_4,streed,4,20,3,0.05,0.01,0.1,0.6156633371106084,5133565342.022201,599.6757473945618,5124476032.982009,0.6164730684477144,5061284191.686501,0.6158775127278968,1.0
california_housing,outer_4,streed,4,20,3,0.05,0.01,0.001,0.6156639908140622,5133556644.988948,599.6661047935486,5124467189.351594,0.6164737303242487,5061276256.411435,0.6158781149698339,1.0
california_housing,outer_4,streed,4,20,3,0.05,0.001,0.1,0.6179624931117448,5102921671.161477,599.6746003627777,5093558675.052102,0.618786990757477,5034232058.525268,0.6179306147238246,1.0
california_housing,outer_4,streed,4,20,3,0.05,0.001,0.001,0.6179631189529338,5102913339.089439,599.6726922988892,5093550505.011536,0.6187876022210821,5034224820.21706,0.6179311640699683,1.0
california_housing,outer_4,streed,4,20,3,0.05,0.0001,0.1,0.6181852757174063,5099952791.314317,599.6709856987,5090561160.034623,0.6190113313006929,5031629349.876767,0.6181281454061264,1.0
california_housing,outer_4,streed,4,20,3,0.05,0.0001,0.001,0.6181858958577565,5099944535.589222,599.675365447998,5090553063.72881,0.6190119372458285,5031622187.498843,0.6181286889895962,1.0
california_housing,outer_4,streed,4,20,3,0.05,1e-05,0.1,0.6182074749732692,5099656960.622677,599.6689982414246,5090262452.481884,0.6190336872236001,5031370205.435322,0.6181478129852704,1.0
california_housing,outer_4,streed,4,20,3,0.05,1e-05,0.001,0.6182080945383096,5099648712.602013,599.6790428161621,5090254363.617663,0.6190342926117909,5031363050.716935,0.6181483559874252,1.0
california_housing,outer_4,streed,4,20,3,0.03,0.1,0.1,0.6228300023190068,5037902064.003779,599.6840217113495,5030052119.596104,0.6235399594884715,4994451161.06297,0.6209497570403604,2.0
california_housing,outer_4,streed,4,20,3,0.03,0.1,0.001,0.622830399457882,5037896759.145999,599.6736166477203,5030046851.488971,0.623540353765067,4994445818.603276,0.620950162502458,2.0
california_housing,outer_4,streed,4,20,3,0.03,0.01,0.1,0.6156633371106084,5133565342.022201,599.6749761104584,5124476032.982009,0.6164730684477144,5061284191.686501,0.6158775127278968,1.0
california_housing,outer_4,streed,4,20,3,0.03,0.01,0.001,0.6156639908140622,5133556644.988948,599.6825835704803,5124467189.351594,0.6164737303242487,5061276256.411435,0.6158781149698339,1.0
california_housing,outer_4,streed,4,20,3,0.03,0.001,0.1,0.6274089769533976,4982433784.419618,599.6684868335724,5093558675.052102,0.618786990757477,5034232058.525268,0.6179306147238246,1.0
california_housing,outer_4,streed,4,20,3,0.03,0.001,0.001,0.6274095333876861,4982426337.617791,599.6781098842621,5093550505.011536,0.6187876022210821,5034224820.21706,0.6179311640699683,1.0
california_housing,outer_4,streed,4,20,3,0.03,0.0001,0.1,0.6374453409689913,4846139210.378349,599.6703112125397,4681173511.518998,0.6496507932944757,4678806964.407194,0.6449053440654036,2.0
california_housing,outer_4,streed,4,20,3,0.03,0.0001,0.001,0.6374458341297343,4846132607.108003,599.667373418808,4681166841.955139,0.6496512924591406,4678803782.771185,0.6449055855333574,2.0
california_housing,outer_4,streed,4,20,3,0.03,1e-05,0.1,0.6374718183397792,4845785244.271348,599.6839830875397,4680749579.748971,0.6496825212701555,4678693820.780521,0.6449139310187637,2.0
california_housing,outer_4,streed,4,20,3,0.03,1e-05,0.001,0.6374723073498032,4845778695.701735,599.6664373874664,4680742986.949803,0.6496830146895838,4678690727.096037,0.6449141658117006,2.0
california_housing,outer_4,streed,4,20,3,0.01,0.1,0.1,0.6724534950070802,4374043413.937679,599.6878187656403,4345785548.726407,0.6747519578665271,4297862283.252501,0.6738168639280059,5.0
california_housing,outer_4,streed,4,20,3,0.01,0.1,0.001,0.6724537909924223,4374039463.223905,599.6854162216187,4345781256.391063,0.6747522791142396,4297858020.328733,0.6738171874595087,5.0
california_housing,outer_4,streed,4,20,3,0.01,0.01,0.1,0.6812130383525042,4256174929.697321,599.6793932914734,4195675678.7540607,0.6859865070098284,4154699500.4791694,0.6846820993348648,5.0
california_housing,outer_4,streed,4,20,3,0.01,0.01,0.001,0.681213206102405,4256172673.778006,599.6794295310974,4195672218.2850943,0.6859867659988521,4154696112.1424847,0.6846823564902162,5.0
california_housing,outer_4,streed,4,20,3,0.01,0.001,0.1,0.694755776385254,4075123168.5400014,599.6854405403137,4187980806.2681785,0.6865624080022816,4199127237.6000137,0.6813102884978521,4.0
california_housing,outer_4,streed,4,20,3,0.01,0.001,0.001,0.6947561439473592,4075118269.2156506,599.6798872947693,4187974933.893986,0.6865628475035379,4199124207.560326,0.6813105184605133,4.0
california_housing,outer_4,streed,4,20,3,0.01,0.0001,0.1,0.6948246812268972,4074241073.954954,599.682680606842,4184213082.3867817,0.6868443926520034,4196973872.050332,0.6814737166120663,4.0
california_housing,outer_4,streed,4,20,3,0.01,0.0001,0.001,0.6948248305214179,4074239136.881968,599.687539100647,4184208141.282156,0.68684476245502,4196971773.938446,0.6814738758467439,4.0
california_housing,outer_4,streed,4,20,3,0.01,1e-05,0.1,0.6948330529430103,4074129684.957501,599.6785690784454,4183882429.118388,0.6868691394617492,4196806644.7176023,0.681486408209012,4.0
california_housing,outer_4,streed,4,20,3,0.01,1e-05,0.001,0.6948331795740166,4074128055.131856,599.6833806037903,4183877588.5358152,0.6868695017414768,4196804646.930289,0.6814865598296289,4.0
california_housing,outer_4,streed,4,20,3,0.008,0.1,0.1,0.6724534950070802,4374043413.937679,599.6879830360413,4345785548.726407,0.6747519578665271,4297862283.252501,0.6738168639280059,5.0
california_housing,outer_4,streed,4,20,3,0.008,0.1,0.001,0.6724537909924223,4374039463.223905,599.6807143688202,4345781256.391063,0.6747522791142396,4297858020.328733,0.6738171874595087,5.0
california_housing,outer_4,streed,4,20,3,0.008,0.01,0.1,0.6812130383525042,4256174929.697321,599.6854355335236,4195675678.7540607,0.6859865070098284,4154699500.4791694,0.6846820993348648,5.0
california_housing,outer_4,streed,4,20,3,0.008,0.01,0.001,0.681213206102405,4256172673.778006,599.6909527778625,4195672218.2850943,0.6859867659988521,4154696112.1424847,0.6846823564902162,5.0
california_housing,outer_4,streed,4,20,3,0.008,0.001,0.1,0.6936520317552256,4090175129.220413,599.6797790527344,4068987687.118148,0.6954681118380921,4050750238.955912,0.6925712530306796,5.0
california_housing,outer_4,streed,4,20,3,0.008,0.001,0.001,0.69365246466068,4090169312.4631233,599.6865708827972,4068980078.875653,0.6954686812555075,4050746662.3147264,0.6925715244772643,5.0
california_housing,outer_4,streed,4,20,3,0.008,0.0001,0.1,0.6946551499655315,4076403409.037621,599.6894035339355,4064838370.6587415,0.6957786557062794,4048913248.947565,0.6927106700529956,5.0
california_housing,outer_4,streed,4,20,3,0.008,0.0001,0.001,0.6946551259585482,4076403682.388353,599.6827075481415,4064831578.787,0.6957791640247322,4048910572.601837,0.6927108731723105,5.0
california_housing,outer_4,streed,4,20,3,0.008,1e-05,0.1,0.6946455328963518,4076521463.1600966,599.6872923374176,4064459645.3546,0.6958070003317326,4048771244.848745,0.6927214473509256,5.0
california_housing,outer_4,streed,4,20,3,0.008,1e-05,0.001,0.6946454725564272,4076522218.1087976,599.6926422119141,4064452941.1146855,0.6958075020916288,4048768664.6595926,0.692721643172507,5.0
california_housing,outer_4,streed,4,20,3,0.005,0.1,0.1,0.6798485077400594,4275481757.725315,599.6847517490387,4172452662.417007,0.687724568060327,4149003770.558823,0.6851143726198599,7.0
california_housing,outer_4,streed,4,20,3,0.005,0.1,0.001,0.6798488071222808,4275477760.1367087,599.6879119873047,4172448596.012144,0.6877248723989109,4149000002.66944,0.6851146585810877,7.0
california_housing,outer_4,streed,4,20,3,0.005,0.01,0.1,0.699009699303054,4019443081.356184,599.6894254684448,4021354321.7924128,0.6990330964970715,4005987590.396863,0.6959684817280192,7.0
california_housing,outer_4,streed,4,20,3,0.005,0.01,0.001,0.6990098668913408,4019440864.360077,599.6829557418823,4021350710.966274,0.6990333667391528,4005984362.13886,0.6959687267343153,7.0
california_housing,outer_4,streed,4,20,3,0.005,0.001,0.1,0.7052330531953291,3937350913.914345,599.6910715103149,4068987687.118148,0.6954681118380921,4050750238.955912,0.6925712530306796,5.0
california_housing,outer_4,streed,4,20,3,0.005,0.001,0.001,0.7052336180562612,3937343352.7360287,599.6937429904938,4068980078.875653,0.6954686812555075,4050746662.3147264,0.6925715244772643,5.0
california_housing,outer_4,streed,4,20,3,0.005,0.0001,0.1,0.7080360640021963,3900944198.963966,599.6857793331146,3920553069.5106673,0.7065772814508937,3977144317.787403,0.698157520951308,7.0
california_housing,outer_4,streed,4,20,3,0.005,0.0001,0.001,0.7080364580101689,3900938932.586397,599.6912066936493,3920546381.3863,0.7065777820046674,3977140717.448799,0.698157794196391,7.0
california_housing,outer_4,streed,4,20,3,0.005,1e-05,0.1,0.7079152376580081,3902531827.309822,599.6887362003326,3886723575.6507006,0.7091091543472783,3961400982.735783,0.6993523499292815,7.0
california_housing,outer_4,streed,4,20,3,0.005,1e-05,0.001,0.7079153140550428,3902530724.015234,599.6839764118195,3886717299.156018,0.7091096240937911,3961416398.201368,0.6993511799837185,7.0
california_housing,outer_4,streed,4,20,3,0.003,0.1,0.1,0.6876478940891836,4170248364.211204,599.6942858695984,4128618365.230519,0.6910052221971561,4104227279.0994487,0.6885126519140643,8.0
california_housing,outer_4,streed,4,20,3,0.003,0.1,0.001,0.6876481709820257,4170244667.512914,599.6841769218445,4128614299.991408,0.6910055264484927,4104223348.0251055,0.6885129502600962,8.0
california_housing,outer_4,streed,4,20,3,0.003,0.01,0.1,0.7023344097110146,3973765773.529528,599.6916656494141,3977491646.389269,0.7023158745213551,3961611184.996476,0.6993363967813946,8.0
california_housing,outer_4,streed,4,20,3,0.003,0.01,0.001,0.7023346109957321,3973763093.587165,599.6983864307404,3977488179.4985943,0.7023161339909932,3961607834.737876,0.6993366510468375,8.0
california_housing,outer_4,streed,4,20,3,0.003,0.001,0.1,0.7122785628752358,3841627156.347017,599.6864256858826,3895822255.256791,0.708428189376803,3950521073.103724,0.7001780727677711,8.0
california_housing,outer_4,streed,4,20,3,0.003,0.001,0.001,0.7122793085873416,3841617138.035764,599.69313621521,3895814904.390739,0.7084287395316058,3950515406.918081,0.7001785027988148,8.0
california_housing,outer_4,streed,4,20,3,0.003,0.0001,0.1,0.7158058033437227,3795380701.235659,599.6964094638824,3920553069.5106673,0.7065772814508937,3977144317.787403,0.698157520951308,7.0
california_housing,outer_4,streed,4,20,3,0.003,0.0001,0.001,0.7158064745619429,3795371668.543409,599.6875553131104,3920546381.3863,0.7065777820046674,3977140717.448799,0.698157794196391,7.0
california_housing,outer_4,streed,4,20,3,0.003,1e-05,0.1,0.71579775368442,3795436090.107908,599.69509100914,3886723575.6507006,0.7091091543472783,3961400982.735783,0.6993523499292815,7.0
california_housing,outer_4,streed,4,20,3,0.003,1e-05,0.001,0.7157979002764442,3795434033.109692,599.6925575733185,3886717299.156018,0.7091096240937911,3961416398.201368,0.6993511799837185,7.0
california_housing,outer_4,streed,4,20,3,0.001,0.1,0.1,0.6876478940891836,4170248364.211204,599.6887254714966,4128618365.230519,0.6910052221971561,4104227279.0994487,0.6885126519140643,8.0
california_housing,outer_4,streed,4,20,3,0.001,0.1,0.001,0.6876481709820257,4170244667.512914,599.6970579624176,4128614299.991408,0.6910055264484927,4104223348.0251055,0.6885129502600962,8.0
california_housing,outer_4,streed,4,20,3,0.001,0.01,0.1,0.7023344097110146,3973765773.529528,599.6891846656799,3977491646.389269,0.7023158745213551,3961611184.996476,0.6993363967813946,8.0
california_housing,outer_4,streed,4,20,3,0.001,0.01,0.001,0.7023346109957321,3973763093.587165,599.6950814723969,3977488179.4985943,0.7023161339909932,3961607834.737876,0.6993366510468375,8.0
california_housing,outer_4,streed,4,20,3,0.001,0.001,0.1,0.7122785628752358,3841627156.347017,599.6938276290894,3895822255.256791,0.708428189376803,3950521073.103724,0.7001780727677711,8.0
california_housing,outer_4,streed,4,20,3,0.001,0.001,0.001,0.7122793085873416,3841617138.035764,599.6860837936401,3895814904.390739,0.7084287395316058,3950515406.918081,0.7001785027988148,8.0
california_housing,outer_4,streed,4,20,3,0.001,0.0001,0.1,0.7158058033437227,3795380701.235659,599.6909823417664,3881436944.4859033,0.7095048173215674,3934208983.35921,0.7014160669700253,8.0
california_housing,outer_4,streed,4,20,3,0.001,0.0001,0.001,0.7158064745619429,3795371668.543409,599.6947085857391,3881430495.650635,0.7095052999664246,3934205221.864759,0.7014163524459144,8.0
california_housing,outer_4,streed,4,20,3,0.001,1e-05,0.1,0.71579775368442,3795436090.107908,599.6884424686432,3847614045.782444,0.7120361966220954,3918463402.5645614,0.7026110663870346,8.0
california_housing,outer_4,streed,4,20,3,0.001,1e-05,0.001,0.7157979002764442,3795434033.109692,599.6908555030823,3847608009.736344,0.7120366483729133,3918478656.003911,0.7026099087383352,8.0
california_housing,outer_4,streed,4,20,3,0.0005,0.1,0.1,0.6876478940891836,4170248364.211204,599.6979794502258,4128618365.230519,0.6910052221971561,4104227279.0994487,0.6885126519140643,8.0
california_housing,outer_4,streed,4,20,3,0.0005,0.1,0.001,0.6876481709820257,4170244667.512914,599.6884341239929,4128614299.991408,0.6910055264484927,4104223348.0251055,0.6885129502600962,8.0
california_housing,outer_4,streed,4,20,3,0.0005,0.01,0.1,0.7023344097110146,3973765773.529528,599.6961081027985,3977491646.389269,0.7023158745213551,3961611184.996476,0.6993363967813946,8.0
california_housing,outer_4,streed,4,20,3,0.0005,0.01,0.001,0.7023346109957321,3973763093.587165,599.6915485858917,3977488179.4985943,0.7023161339909932,3961607834.737876,0.6993366510468375,8.0
california_housing,outer_4,streed,4,20,3,0.0005,0.001,0.1,0.7122785628752358,3841627156.347017,599.6922833919525,3895822255.256791,0.708428189376803,3950521073.103724,0.7001780727677711,8.0
california_housing,outer_4,streed,4,20,3,0.0005,0.001,0.001,0.7122793085873416,3841617138.035764,599.6987462043762,3895814904.390739,0.7084287395316058,3950515406.918081,0.7001785027988148,8.0
california_housing,outer_4,streed,4,20,3,0.0005,0.0001,0.1,0.7158058033437227,3795380701.235659,599.6922445297241,3881436944.4859033,0.7095048173215674,3934208983.35921,0.7014160669700253,8.0
california_housing,outer_4,streed,4,20,3,0.0005,0.0001,0.001,0.7158064745619429,3795371668.543409,599.696453332901,3881430495.650635,0.7095052999664246,3934205221.864759,0.7014163524459144,8.0
california_housing,outer_4,streed,4,20,3,0.0005,1e-05,0.1,0.71579775368442,3795436090.107908,599.6931989192963,3847614045.782444,0.7120361966220954,3918463402.5645614,0.7026110663870346,8.0
california_housing,outer_4,streed,4,20,3,0.0005,1e-05,0.001,0.7157979002764442,3795434033.109692,599.6871883869171,3847608009.736344,0.7120366483729133,3918478656.003911,0.7026099087383352,8.0
california_housing,outer_4,streed,4,20,3,0.0001,0.1,0.1,0.6876478940891836,4170248364.211204,599.6952078342438,4128618365.230519,0.6910052221971561,4104227279.0994487,0.6885126519140643,8.0
california_housing,outer_4,streed,4,20,3,0.0001,0.1,0.001,0.6876481709820257,4170244667.512914,599.6983959674835,4128614299.991408,0.6910055264484927,4104223348.0251055,0.6885129502600962,8.0
california_housing,outer_4,streed,4,20,3,0.0001,0.01,0.1,0.7023344097110146,3973765773.529528,599.6904485225677,3977491646.389269,0.7023158745213551,3961611184.996476,0.6993363967813946,8.0
california_housing,outer_4,streed,4,20,3,0.0001,0.01,0.001,0.7023346109957321,3973763093.587165,599.6904771327972,3977488179.4985943,0.7023161339909932,3961607834.737876,0.6993366510468375,8.0
california_housing,outer_4,streed,4,20,3,0.0001,0.001,0.1,0.7122785628752358,3841627156.347017,599.6991543769836,3895822255.256791,0.708428189376803,3950521073.103724,0.7001780727677711,8.0
california_housing,outer_4,streed,4,20,3,0.0001,0.001,0.001,0.7122793085873416,3841617138.035764,599.6922142505646,3895814904.390739,0.7084287395316058,3950515406.918081,0.7001785027988148,8.0
california_housing,outer_4,streed,4,20,3,0.0001,0.0001,0.1,0.7158058033437227,3795380701.235659,599.7004435062408,3881436944.4859033,0.7095048173215674,3934208983.35921,0.7014160669700253,8.0
california_housing,outer_4,streed,4,20,3,0.0001,0.0001,0.001,0.7158064745619429,3795371668.543409,599.6922056674957,3881430495.650635,0.7095052999664246,3934205221.864759,0.7014163524459144,8.0
california_housing,outer_4,streed,4,20,3,0.0001,1e-05,0.1,0.71579775368442,3795436090.107908,599.693437576294,3847614045.782444,0.7120361966220954,3918463402.5645614,0.7026110663870346,8.0
california_housing,outer_4,streed,4,20,3,0.0001,1e-05,0.001,0.7157979002764442,3795434033.109692,599.7000613212585,3847608009.736344,0.7120366483729133,3918478656.003911,0.7026099087383352,8.0
california_housing,mean,streed,4,20,3,0.0001,1e-05,0.001,0.7153275999946037,3792814426.0788507,599.7037266731262,3868042673.795166,0.7096996885359942,3929635385.776656,0.7048454539571957,8.0
california_housing,mean,streed,4,20,3,0.0001,1e-05,0.1,0.7153275243207281,3792815443.822509,599.7019459247589,3868047377.195366,0.7096993345795924,3929637559.271138,0.7048453013316294,8.0
california_housing,mean,streed,4,20,3,0.0001,0.0001,0.001,0.7142655258387265,3806980800.2376723,599.7027436733246,3886150287.8380165,0.7083390803694776,3948158980.1725097,0.7035123987715656,8.0
california_housing,mean,streed,4,20,3,0.0001,0.0001,0.1,0.7143393884971859,3806001180.299629,599.7036873340606,3886155464.035211,0.7083386910522274,3948160853.2792635,0.7035122576235656,8.0
california_housing,mean,streed,4,20,3,0.0001,0.001,0.001,0.7090661316771534,3875989845.171891,599.70190782547,3899777372.4040384,0.707317339073338,3985880465.110209,0.7007292225499829,8.0
california_housing,mean,streed,4,20,3,0.0001,0.001,0.1,0.7090655036369158,3875998220.185627,599.7054480075836,3899783204.422705,0.7073169003869269,3985884826.655832,0.7007288960916233,8.0
california_housing,mean,streed,4,20,3,0.0001,0.01,0.001,0.7001733457339968,3994224576.9488716,599.700102186203,3987123837.611623,0.7007631471501509,4029127704.386223,0.6974734567868277,8.0
california_housing,mean,streed,4,20,3,0.0001,0.01,0.1,0.7001731224866207,3994227542.1947694,599.6972987174988,3987127234.957044,0.7007628920400206,4029130854.2695055,0.6974732197313851,8.0
california_housing,mean,streed,4,20,3,0.0001,0.1,0.001,0.6848992648394472,4197756053.1524973,599.698524093628,4140880076.8266306,0.6892214913833389,4174125811.591655,0.68660749136178,8.0
california_housing,mean,streed,4,20,3,0.0001,0.1,0.1,0.6848989823854135,4197759820.396932,599.6978605270385,4140883809.193639,0.6892212113364524,4174129356.7730284,0.6866072250145395,8.0
california_housing,mean,streed,4,20,3,0.0005,1e-05,0.001,0.7153275999946037,3792814426.0788507,599.6937730789184,3874413766.1443777,0.709225971747477,3922785141.4795127,0.7053796258496597,8.0
california_housing,mean,streed,4,20,3,0.0005,1e-05,0.1,0.7153275243207281,3792815443.822509,599.6975410938263,3874419570.830041,0.7092255359059945,3922789389.9774923,0.7053793114183976,8.0
california_housing,mean,streed,4,20,3,0.0005,0.0001,0.001,0.7142655258387265,3806980800.2376723,599.6956210136414,3891899246.6376815,0.7079116217563198,3959457815.8310294,0.7026313323212976,8.0
california_housing,mean,streed,4,20,3,0.0005,0.0001,0.1,0.7143393884971859,3806001180.299629,599.6945217132568,3891905254.708883,0.7079111705858329,3959461800.3584204,0.7026310265278474,8.0
california_housing,mean,streed,4,20,3,0.0005,0.001,0.001,0.7090661316771534,3875989845.171891,599.7002748966217,3905213137.189367,0.7069131677168267,3997855164.755665,0.699795453228213,8.0
california_housing,mean,streed,4,20,3,0.0005,0.001,0.1,0.7090655036369158,3875998220.185627,599.6899561882019,3905220004.886552,0.7069126520234793,3997861432.0949492,0.6997949781588897,8.0
california_housing,mean,streed,4,20,3,0.0005,0.01,0.001,0.7001733457339968,3994224576.9488716,599.6968069076538,3987123837.611623,0.7007631471501509,4029127704.386223,0.6974734567868277,8.0
california_housing,mean,streed,4,20,3,0.0005,0.01,0.1,0.7001731224866207,3994227542.1947694,599.6974785327911,3998776691.0983324,0.6998967073029709,4064766048.391677,0.6946944401350864,8.0
california_housing,mean,streed,4,20,3,0.0005,0.1,0.001,0.6848992648394472,4197756053.1524973,599.6936440467834,4140880076.8266306,0.6892214913833389,4174125811.591655,0.68660749136178,8.0
california_housing,mean,streed,4,20,3,0.0005,0.1,0.1,0.6848989823854135,4197759820.396932,599.6992632865906,4140883809.193639,0.6892212113364524,4174129356.7730284,0.6866072250145395,8.0
california_housing,mean,streed,4,20,3,0.001,1e-05,0.001,0.7153275999946037,3792814426.0788507,599.7002746105194,3868042673.795166,0.7096996885359942,3929635385.776656,0.7048454539571957,8.0
california_housing,mean,streed,4,20,3,0.001,1e-05,0.1,0.7153275243207281,3792815443.822509,599.6982879638672,3868047377.195366,0.7096993345795924,3929637559.271138,0.7048453013316294,8.0
california_housing,mean,streed,4,20,3,0.001,0.0001,0.001,0.7142655258387265,3806980800.2376723,599.7040827274323,3886150287.8380165,0.7083390803694776,3948158980.1725097,0.7035123987715656,8.0
california_housing,mean,streed,4,20,3,0.001,0.0001,0.1,0.7143393884971859,3806001180.299629,599.6998013019562,3886155464.035211,0.7083386910522274,3948160853.2792635,0.7035122576235656,8.0
california_housing,mean,streed,4,20,3,0.001,0.001,0.001,0.7090661316771534,3875989845.171891,599.701297044754,3899777372.4040384,0.707317339073338,3985880465.110209,0.7007292225499829,8.0
california_housing,mean,streed,4,20,3,0.001,0.001,0.1,0.7090655036369158,3875998220.185627,599.7024325847626,3899783204.422705,0.7073169003869269,3985884826.655832,0.7007288960916233,8.0
california_housing,mean,streed,4,20,3,0.001,0.01,0.001,0.7001733457339968,3994224576.9488716,599.6989663124084,3987123837.611623,0.7007631471501509,4029127704.386223,0.6974734567868277,8.0
california_housing,mean,streed,4,20,3,0.001,0.01,0.1,0.7001731224866207,3994227542.1947694,599.7003571033478,3987127234.957044,0.7007628920400206,4029130854.2695055,0.6974732197313851,8.0
california_housing,mean,streed,4,20,3,0.001,0.1,0.001,0.6848992648394472,4197756053.1524973,599.7012630939483,4140880076.8266306,0.6892214913833389,4174125811.591655,0.68660749136178,8.0
california_housing,mean,streed,4,20,3,0.001,0.1,0.1,0.6848989823854135,4197759820.396932,599.6987152099609,4140883809.193639,0.6892212113364524,4174129356.7730284,0.6866072250145395,8.0
california_housing,mean,streed,4,20,3,0.003,1e-05,0.001,0.7153275999946037,3792814426.0788507,599.7007562160492,3883579239.45054,0.7085374148346817,3947562352.00191,0.7034822667133059,7.6
california_housing,mean,streed,4,20,3,0.003,1e-05,0.1,0.7153275243207281,3792815443.822509,599.700229883194,3883584027.252651,0.7085370545638892,3947564491.3462143,0.7034821166800346,7.6
california_housing,mean,streed,4,20,3,0.003,0.0001,0.001,0.7142655258387265,3806980800.2376723,599.6980220794678,3901689196.097953,0.7071766314110791,3966088194.09897,0.7021490401796239,7.6
california_housing,mean,streed,4,20,3,0.003,0.0001,0.1,0.7142649386352551,3806988638.21014,599.7004895210266,3901694456.0993667,0.7071762358241461,3966090032.7965317,0.7021489016436988,7.6
california_housing,mean,streed,4,20,3,0.003,0.001,0.001,0.7090661316771534,3875989845.171891,599.6996941566467,3907352131.0783067,0.7067509349501057,3993640319.8012123,0.700138106194209,7.8
california_housing,mean,streed,4,20,3,0.003,0.001,0.1,0.7090655036369158,3875998220.185627,599.698005771637,3907358066.8076286,0.706750488508709,3993644914.7841315,0.7001377619534798,7.8
california_housing,mean,streed,4,20,3,0.003,0.01,0.001,0.7001733457339968,3994224576.9488716,599.7036667346954,3987123837.611623,0.7007631471501509,4029127704.386223,0.6974734567868277,8.0
california_housing,mean,streed,4,20,3,0.003,0.01,0.1,0.6998854062717837,3998020342.4372725,599.6968378543854,3987127234.957044,0.7007628920400206,4029130854.2695055,0.6974732197313851,8.0
california_housing,mean,streed,4,20,3,0.003,0.1,0.001,0.6848992648394472,4197756053.1524973,599.6943311214447,4140880076.8266306,0.6892214913833389,4174125811.591655,0.68660749136178,8.0
california_housing,mean,streed,4,20,3,0.003,0.1,0.1,0.6848989823854135,4197759820.396932,599.6988706111908,4140883809.193639,0.6892212113364524,4174129356.7730284,0.6866072250145395,8.0
california_housing,mean,streed,4,20,3,0.005,1e-05,0.001,0.7119655165246787,3837771874.607579,599.6926171302796,3935288351.9945755,0.7046604140353276,4005697537.3989744,0.6990984825793889,6.6
california_housing,mean,streed,4,20,3,0.005,1e-05,0.1,0.7119654838627976,3837772319.675873,599.6994892597198,3935293449.147718,0.7046600305883316,4005698506.384178,0.6990984219954525,6.6
california_housing,mean,streed,4,20,3,0.005,0.0001,0.001,0.7110891628690024,3849480903.4753084,599.6988821029663,3979228706.1352334,0.7013527235022314,4031922247.958581,0.6972299844726415,6.2
california_housing,mean,streed,4,20,3,0.005,0.0001,0.1,0.7110886339466752,3849487950.7586594,599.6960963249206,3979234527.1949434,0.7013522860104929,4031926939.4099236,0.6972296334887286,6.2
california_housing,mean,streed,4,20,3,0.005,0.001,0.001,0.7034816850081759,3950218778.0045533,599.6995090007782,4033961749.8220277,0.6972608448325681,4116020278.027803,0.6908391698123009,5.6
california_housing,mean,streed,4,20,3,0.005,0.001,0.1,0.7034811665525632,3950225690.3000617,599.696204328537,4033969114.3722153,0.6972602918007234,4116025949.197876,0.6908387427922055,5.6
california_housing,mean,streed,4,20,3,0.005,0.01,0.001,0.6976948540891292,4027491008.1455736,599.6964564800262,4030816354.649852,0.6974842685958497,4070897007.327616,0.6943450229084778,7.0
california_housing,mean,streed,4,20,3,0.005,0.01,0.1,0.6976946434845158,4027493806.279792,599.6994484424591,4030819823.7050843,0.6974840081321088,4070900265.627253,0.69434477737456,7.0
california_housing,mean,streed,4,20,3,0.005,0.1,0.001,0.6821244525610635,4234864976.794603,599.6967196464539,4184378424.921622,0.6859573137147585,4215989031.382862,0.6834701008421062,7.0
california_housing,mean,streed,4,20,3,0.005,0.1,0.1,0.6821241867368572,4234868519.796244,599.6958225727082,4184382074.993556,0.6859570398587743,4215992473.2478724,0.6834698422153461,7.0
california_housing,mean,streed,4,20,3,0.008,1e-05,0.001,0.6937962546167572,4078869682.0796957,599.6978075027466,4066232827.01526,0.694820812939195,4110838198.8206367,0.691207647921261,5.0
california_housing,mean,streed,4,20,3,0.008,1e-05,0.1,0.6937962739405819,4078869443.324486,599.694044971466,4066239160.308173,0.6948203375426187,4110843814.573088,0.6912072270152436,5.0
california_housing,mean,streed,4,20,3,0.008,0.0001,0.001,0.6951186061134692,4061212470.5344453,599.6930759906769,4066567729.3055177,0.6947956697593713,4111140194.063258,0.6911850309936617,5.0
california_housing,mean,streed,4,20,3,0.008,0.0001,0.1,0.6951184662307401,4061214343.0408363,599.6992119789123,4066574152.650953,0.6947951876043887,4111145901.2914033,0.6911846032127495,5.0
california_housing,mean,streed,4,20,3,0.008,0.001,0.001,0.6925148503466942,4096070223.2238603,599.6950878620148,4077556518.129626,0.6939730083442293,4126944382.853985,0.689989004635187,5.0
california_housing,mean,streed,4,20,3,0.008,0.001,0.1,0.6925144216858883,4096075946.8459077,599.6963929653168,4077563555.3298545,0.6939724800557372,4126950550.528333,0.6899885426759718,5.0
california_housing,mean,streed,4,20,3,0.008,0.01,0.001,0.6824246008219534,4230785690.288623,599.6986639499664,4196024140.919188,0.6850830177683106,4240182430.0522103,0.6816226602863115,5.0
california_housing,mean,streed,4,20,3,0.008,0.01,0.1,0.6824242491117237,4230790374.1059217,599.6961930274963,4196028519.604525,0.6850826893058769,4240186396.876686,0.6816223617019688,5.0
california_housing,mean,streed,4,20,3,0.008,0.1,0.001,0.6686170051088342,4414656403.955858,599.6933197021484,4356076928.071345,0.6730710124059972,4376270231.529773,0.6714470957211389,5.0
california_housing,mean,streed,4,20,3,0.008,0.1,0.1,0.6686167043330915,4414660410.40631,599.6953528881073,4356080802.053954,0.6730707217306385,4376273923.380693,0.6714468188373164,5.0
california_housing,mean,streed,4,20,3,0.01,1e-05,0.001,0.6913026789368925,4112071752.311676,599.6950469493866,4137828880.4457207,0.6894244878988132,4189748702.2070236,0.6853707282687138,4.4
california_housing,mean,streed,4,20,3,0.01,1e-05,0.1,0.6913027173454702,4112071232.117938,599.6943267345429,4137834003.4907966,0.689424103753441,4189753201.645654,0.6853703893807903,4.4
california_housing,mean,streed,4,20,3,0.01,0.0001,0.001,0.6918573494229378,4104687760.702956,599.6965464115143,4138133043.475318,0.6894016633917958,4190019762.734229,0.6853503725664061,4.4
california_housing,mean,streed,4,20,3,0.01,0.0001,0.1,0.6918572727584956,4104688770.80634,599.6927787303924,4138138265.0388517,0.6894012718496625,4190024362.4167833,0.685350026163263,4.4
california_housing,mean,streed,4,20,3,0.01,0.001,0.001,0.6894226188580541,4136957614.4453645,599.6953186035156,4197591754.1461935,0.6849669081473497,4234679539.6781144,0.6819133093643968,4.0
california_housing,mean,streed,4,20,3,0.01,0.001,0.1,0.6894222149301132,4136962998.1185637,599.6876418590546,4197597092.931431,0.6849665073543193,4234684353.7122293,0.6819129487142152,4.0
california_housing,mean,streed,4,20,3,0.01,0.01,0.001,0.6805656608734217,4255395946.5809336,599.6861878395081,4238248353.8273363,0.6819332646753559,4280378309.9105024,0.6785182484714577,4.6
california_housing,mean,streed,4,20,3,0.01,0.01,0.1,0.6805653257092996,4255400411.6672783,599.6880405426025,4238252860.0790586,0.6819329268814345,4280382711.420039,0.6785179158548806,4.6
california_housing,mean,streed,4,20,3,0.01,0.1,0.001,0.6641840540836422,4473829203.356183,599.6953208446503,4485776483.0454855,0.6633666839364439,4561524373.194007,0.6573595248685024,4.4
california_housing,mean,streed,4,20,3,0.01,0.1,0.1,0.664183707766768,4473833819.002272,599.6947890758514,4485781681.928952,0.6633662941332475,4561529404.810346,0.6573591461767101,4.4
california_housing,mean,streed,4,20,3,0.03,1e-05,0.001,0.6336443234357125,4881174923.319512,599.6861388683319,4833469566.069713,0.6372319062880079,4886084473.763585,0.6329811816062224,1.6
california_housing,mean,streed,4,20,3,0.03,1e-05,0.1,0.6336438052061587,4881181833.196624,599.6895292758942,4833476712.335839,0.6372313700540349,4886090484.164352,0.6329807346806254,1.6
california_housing,mean,streed,4,20,3,0.03,0.0001,0.001,0.6315615430703401,4908816156.331678,599.6837874889374,4833773982.935286,0.6372090224007728,4892198141.067951,0.6325055237875955,1.6
california_housing,mean,streed,4,20,3,0.03,0.0001,0.1,0.6315610213620209,4908823112.471598,599.6874409675598,4833781152.81895,0.637208484378027,4892204136.074301,0.6325050781926144,1.6
california_housing,mean,streed,4,20,3,0.03,0.001,0.001,0.6257765024066625,4986221998.218895,599.6888063907624,4999138187.190866,0.6247428726551585,5039872784.700911,0.6216149885395827,1.2
california_housing,mean,streed,4,20,3,0.03,0.001,0.1,0.6257759252157804,4986229692.1327,599.6826781272888,4999146119.65888,0.6247422772587863,5039879925.801121,0.6216144564503068,1.2
california_housing,mean,streed,4,20,3,0.03,0.01,0.001,0.6155294912342562,5121949570.257918,599.6853820323944,5114663738.987242,0.6161320409657642,5121118925.28775,0.6153718264834293,1.0
california_housing,mean,streed,4,20,3,0.03,0.01,0.1,0.615528833662769,5121958326.940079,599.6855854511261,5114672496.372479,0.616131383764887,5121127579.895108,0.6153711780921243,1.0
california_housing,mean,streed,4,20,3,0.03,0.1,0.001,0.6225801896725793,5028266169.679617,599.683011674881,5020338524.461287,0.6232154315518426,5028633190.75342,0.622380360859855,2.0
california_housing,mean,streed,4,20,3,0.03,0.1,0.1,0.6225797978123812,5028271392.912366,599.691143655777,5020343766.62331,0.623215038125149,5028638416.592443,0.6223799693587356,2.0
california_housing,mean,streed,4,20,3,0.05,1e-05,0.001,0.6180359714391866,5088567487.320974,599.67611246109,5080930794.495756,0.6186634986234829,5087699515.089894,0.6178756269317625,1.0
california_housing,mean,streed,4,20,3,0.05,1e-05,0.1,0.6180353666568014,5088575542.522371,599.675559425354,5080938804.041758,0.6186628975524519,5087707415.984714,0.6178750353872371,1.0
california_housing,mean,streed,4,20,3,0.05,0.0001,0.001,0.6180141103658394,5088858638.548746,599.6829471111298,5081225274.057486,0.6186413997902812,5087991038.912298,0.6178537924439202,1.0
california_housing,mean,streed,4,20,3,0.05,0.0001,0.1,0.6180135050158511,5088866701.313786,599.6781483650208,5081233290.973711,0.6186407981660735,5087998947.231598,0.6178532003394792,1.0
california_housing,mean,streed,4,20,3,0.05,0.001,0.001,0.6177947117405896,5091780645.389992,599.6739960670471,5084180391.672791,0.6184196367346223,5090916734.8007555,0.6176346570008894,1.0
california_housing,mean,streed,4,20,3,0.05,0.001,0.1,0.6177941007658326,5091788783.108728,599.6793089866638,5084188481.619555,0.6184190296290603,5090924716.691789,0.6176340593479919,1.0
california_housing,mean,streed,4,20,3,0.05,0.01,0.001,0.6155294912342562,5121949570.257918,599.671063041687,5114663738.987242,0.6161320409657642,5121118925.28775,0.6153718264834293,1.0
california_housing,mean,streed,4,20,3,0.05,0.01,0.1,0.615528833662769,5121958326.940079,599.6777195930481,5114672496.372479,0.616131383764887,5121127579.895108,0.6153711780921243,1.0
california_housing,mean,streed,4,20,3,0.05,0.1,0.001,0.6225801896725793,5028266169.679617,599.6742411136627,5020338524.461287,0.6232154315518426,5028633190.75342,0.622380360859855,2.0
california_housing,mean,streed,4,20,3,0.05,0.1,0.1,0.6225797978123812,5028271392.912366,599.6794735908509,5020343766.62331,0.623215038125149,5028638416.592443,0.6223799693587356,2.0
california_housing,mean,streed,4,20,3,0.08,1e-05,0.001,0.6180359714391866,5088567487.320974,599.67468252182,5080930794.495756,0.6186634986234829,5087699515.089894,0.6178756269317625,1.0
california_housing,mean,streed,4,20,3,0.08,1e-05,0.1,0.6180353666568014,5088575542.522371,599.6782333374024,5080938804.041758,0.6186628975524519,5087707415.984714,0.6178750353872371,1.0
california_housing,mean,streed,4,20,3,0.08,0.0001,0.001,0.6180141103658394,5088858638.548746,599.6729538917541,5081225274.057486,0.6186413997902812,5087991038.912298,0.6178537924439202,1.0
california_housing,mean,streed,4,20,3,0.08,0.0001,0.1,0.6180135050158511,5088866701.313786,599.6698029994965,5081233290.973711,0.6186407981660735,5087998947.231598,0.6178532003394792,1.0
california_housing,mean,streed,4,20,3,0.08,0.001,0.001,0.6177947117405896,5091780645.389992,599.6734190464019,5084180391.672791,0.6184196367346223,5090916734.8007555,0.6176346570008894,1.0
california_housing,mean,streed,4,20,3,0.08,0.001,0.1,0.6177941007658326,5091788783.108728,599.6723649978637,5084188481.619555,0.6184190296290603,5090924716.691789,0.6176340593479919,1.0
california_housing,mean,streed,4,20,3,0.08,0.01,0.001,0.6155294912342562,5121949570.257918,599.6712125301361,5114663738.987242,0.6161320409657642,5121118925.28775,0.6153718264834293,1.0
california_housing,mean,streed,4,20,3,0.08,0.01,0.1,0.615528833662769,5121958326.940079,599.6640683174134,5114672496.372479,0.616131383764887,5121127579.895108,0.6153711780921243,1.0
california_housing,mean,streed,4,20,3,0.08,0.1,0.001,0.5815352866406062,5574725666.417174,599.6615535259247,5569762503.620372,0.5819789959610016,5573752714.134303,0.581404485447562,1.0
california_housing,mean,streed,4,20,3,0.08,0.1,0.1,0.581534502663892,5574736108.264103,599.6662093639374,5569772963.99602,0.5819782109046427,5573763143.405504,0.5814037023834595,1.0
california_housing,mean,streed,4,20,3,0.1,1e-05,0.001,0.6180359714391866,5088567487.320974,599.6664814472199,5080930794.495756,0.6186634986234829,5087699515.089894,0.6178756269317625,1.0
california_housing,mean,streed,4,20,3,0.1,1e-05,0.1,0.6180353666568014,5088575542.522371,599.6665413379669,5080938804.041758,0.6186628975524519,5087707415.984714,0.6178750353872371,1.0
california_housing,mean,streed,4,20,3,0.1,0.0001,0.001,0.6180141103658394,5088858638.548746,599.6655143260956,5081225274.057486,0.6186413997902812,5087991038.912298,0.6178537924439202,1.0
california_housing,mean,streed,4,20,3,0.1,0.0001,0.1,0.6180135050158511,5088866701.313786,599.65846118927,5081233290.973711,0.6186407981660735,5087998947.231598,0.6178532003394792,1.0
california_housing,mean,streed,4,20,3,0.1,0.001,0.001,0.6177947117405896,5091780645.389992,599.6532806396484,5084180391.672791,0.6184196367346223,5090916734.8007555,0.6176346570008894,1.0
california_housing,mean,streed,4,20,3,0.1,0.001,0.1,0.6177941007658326,5091788783.108728,599.6537358760834,5084188481.619555,0.6184190296290603,5090924716.691789,0.6176340593479919,1.0
california_housing,mean,streed,4,20,3,0.1,0.01,0.001,0.6155294912342562,5121949570.257918,599.6538680553437,5114663738.987242,0.6161320409657642,5121118925.28775,0.6153718264834293,1.0
california_housing,mean,streed,4,20,3,0.1,0.01,0.1,0.615528833662769,5121958326.940079,599.662671661377,5114672496.372479,0.616131383764887,5121127579.895108,0.6153711780921243,1.0
california_housing,mean,streed,4,20,3,0.1,0.1,0.001,0.5815352866406062,5574725666.417174,599.6741688728332,5569762503.620372,0.5819789959610016,5573752714.134303,0.581404485447562,1.0
california_housing,mean,streed,4,20,3,0.1,0.1,0.1,0.581534502663892,5574736108.264103,599.7477789402008,5569772963.99602,0.5819782109046427,5573763143.405504,0.5814037023834595,1.0
california_housing,std,streed,4,20,3,0.0001,1e-05,0.001,0.0008589904050100207,21832502.504950866,0.008438678100054045,26354678.422105767,0.001513839385287333,72823879.1261464,0.008026604151455495,0.0
california_housing,std,streed,4,20,3,0.0001,1e-05,0.1,0.0008589997202512454,21831303.131535385,0.010497874333339824,26352627.838571582,0.0015138688205740703,72822719.52380681,0.008026047873564758,0.0
california_housing,std,streed,4,20,3,0.0001,0.0001,0.001,0.0010311289474451324,27269276.70042879,0.009178492336989683,18527622.202192433,0.0012199168232539085,76292978.99292149,0.004807776075293104,0.0
california_housing,std,streed,4,20,3,0.0001,0.0001,0.1,0.001045061058314315,27984187.16941837,0.005403337207756709,18525860.197339952,0.0012200158137929548,76293120.91350242,0.004807824741217699,0.0
california_housing,std,streed,4,20,3,0.0001,0.001,0.001,0.0020075975243988827,43797678.84624051,0.011724915065758946,20603409.79216192,0.0011044081539697754,103515585.99588586,0.003615896196172915,0.0
california_housing,std,streed,4,20,3,0.0001,0.001,0.1,0.0020075396384202525,43797204.74889383,0.008482886045087124,20601228.82188385,0.0011045042701087876,103516021.32741663,0.0036158546243964845,0.0
california_housing,std,streed,4,20,3,0.0001,0.01,0.001,0.0018843863981760271,19169938.708838146,0.007225477833448587,27752666.818608813,0.0014741819616642831,115051110.24352239,0.005674921296479298,0.0
california_housing,std,streed,4,20,3,0.0001,0.01,0.1,0.0018843992800610943,19170005.525277507,0.010069584477287103,27752379.291375697,0.0014741848053279535,115050681.01338309,0.005674905069414587,0.0
california_housing,std,streed,4,20,3,0.0001,0.1,0.001,0.0017586478002389837,29914782.350525975,0.008068126687580064,26506060.648941055,0.0018098220349969571,128607711.56008291,0.005544009579836555,0.0
california_housing,std,streed,4,20,3,0.0001,0.1,0.1,0.001758649361655478,29914966.543509573,0.008368781194490658,26506142.433482315,0.0018098131088166887,128607712.17320794,0.005544013649531695,0.0
california_housing,std,streed,4,20,3,0.0005,1e-05,0.001,0.0008589904050100207,21832502.504950866,0.011754014134632782,37690047.50031148,0.0017643668645876212,71752616.13892797,0.0069592276171803165,0.0
california_housing,std,streed,4,20,3,0.0005,1e-05,0.1,0.0008589997202512454,21831303.131535385,0.007861372140210389,37689755.7761554,0.001764369202426977,71752017.9544356,0.006958948318929865,0.0
california_housing,std,streed,4,20,3,0.0005,0.0001,0.001,0.0010311289474451324,27269276.70042879,0.0071226032691730995,28159452.56583522,0.0010385186371285285,68174587.84269984,0.006407664719384923,0.0
california_housing,std,streed,4,20,3,0.0005,0.0001,0.1,0.001045061058314315,27984187.16941837,0.011296813609647752,28159121.80853473,0.001038555095864279,68174033.99085973,0.006408021603201427,0.0
california_housing,std,streed,4,20,3,0.0005,0.001,0.001,0.0020075975243988827,43797678.84624051,0.007799229096845954,29512916.40443495,0.0009703968737826873,96426219.17535308,0.0056035854084508195,0.0
california_housing,std,streed,4,20,3,0.0005,0.001,0.1,0.0020075396384202525,43797204.74889383,0.01330192611751922,29512691.904392626,0.0009704522428275004,96426005.93919757,0.005603872843090881,0.0
california_housing,std,streed,4,20,3,0.0005,0.01,0.001,0.0018843863981760271,19169938.708838146,0.00874894672216705,27752666.818608813,0.0014741819616642831,115051110.24352239,0.005674921296479298,0.0
california_housing,std,streed,4,20,3,0.0005,0.01,0.1,0.0018843992800610943,19170005.525277507,0.009015677557016124,43718928.734421745,0.0015705758395381355,128620639.0156896,0.011545754620173813,0.0
california_housing,std,streed,4,20,3,0.0005,0.1,0.001,0.0017586478002389837,29914782.350525975,0.007665672587123471,26506060.648941055,0.0018098220349969571,128607711.56008291,0.005544009579836555,0.0
california_housing,std,streed,4,20,3,0.0005,0.1,0.1,0.001758649361655478,29914966.543509573,0.008324997356775164,26506142.433482315,0.0018098131088166887,128607712.17320794,0.005544013649531695,0.0
california_housing,std,streed,4,20,3,0.001,1e-05,0.001,0.0008589904050100207,21832502.504950866,0.008635106859797013,26354678.422105767,0.001513839385287333,72823879.1261464,0.008026604151455495,0.0
california_housing,std,streed,4,20,3,0.001,1e-05,0.1,0.0008589997202512454,21831303.131535385,0.009882315518571381,26352627.838571582,0.0015138688205740703,72822719.52380681,0.008026047873564758,0.0
california_housing,std,streed,4,20,3,0.001,0.0001,0.001,0.0010311289474451324,27269276.70042879,0.010047164700115152,18527622.202192433,0.0012199168232539085,76292978.99292149,0.004807776075293104,0.0
california_housing,std,streed,4,20,3,0.001,0.0001,0.1,0.001045061058314315,27984187.16941837,0.00689500103776553,18525860.197339952,0.0012200158137929548,76293120.91350242,0.004807824741217699,0.0
california_housing,std,streed,4,20,3,0.001,0.001,0.001,0.0020075975243988827,43797678.84624051,0.01303074398279456,20603409.79216192,0.0011044081539697754,103515585.99588586,0.003615896196172915,0.0
california_housing,std,streed,4,20,3,0.001,0.001,0.1,0.0020075396384202525,43797204.74889383,0.00634591498959728,20601228.82188385,0.0011045042701087876,103516021.32741663,0.0036158546243964845,0.0
california_housing,std,streed,4,20,3,0.001,0.01,0.001,0.0018843863981760271,19169938.708838146,0.007776967027683446,27752666.818608813,0.0014741819616642831,115051110.24352239,0.005674921296479298,0.0
california_housing,std,streed,4,20,3,0.001,0.01,0.1,0.0018843992800610943,19170005.525277507,0.013201274088950842,27752379.291375697,0.0014741848053279535,115050681.01338309,0.005674905069414587,0.0
california_housing,std,streed,4,20,3,0.001,0.1,0.001,0.0017586478002389837,29914782.350525975,0.006658224370865059,26506060.648941055,0.0018098220349969571,128607711.56008291,0.005544009579836555,0.0
california_housing,std,streed,4,20,3,0.001,0.1,0.1,0.001758649361655478,29914966.543509573,0.011433007004116537,26506142.433482315,0.0018098131088166887,128607712.17320794,0.005544013649531695,0.0
california_housing,std,streed,4,20,3,0.003,1e-05,0.001,0.0008589904050100207,21832502.504950866,0.009768507691074188,34788271.1223243,0.0015662163511686706,57975662.35265206,0.008101242031804002,0.547722557505166
california_housing,std,streed,4,20,3,0.003,1e-05,0.1,0.0008589997202512454,21831303.131535385,0.007179556155024583,34787370.139882684,0.0015663193325892804,57972776.69422827,0.008100633931615276,0.547722557505166
california_housing,std,streed,4,20,3,0.003,0.0001,0.001,0.0010311289474451324,27269276.70042879,0.011602966556945992,31160087.148588732,0.0015037055799546235,71670737.16999769,0.00564636811840057,0.547722557505166
california_housing,std,streed,4,20,3,0.003,0.0001,0.1,0.001031082265368697,27269162.041468687,0.008304796735759906,31159004.247486643,0.0015037750565430404,71671059.7252498,0.005646420560814276,0.547722557505166
california_housing,std,streed,4,20,3,0.003,0.001,0.001,0.0020075975243988827,43797678.84624051,0.00913556091010917,31257969.387398764,0.0016690171338191028,96954680.2006683,0.003447233600933581,0.44721359549995787
california_housing,std,streed,4,20,3,0.003,0.001,0.1,0.0020075396384202525,43797204.74889383,0.012553539296526226,31255942.761829767,0.0016690117017007353,96954567.1058901,0.0034471250236009763,0.44721359549995787
california_housing,std,streed,4,20,3,0.003,0.01,0.001,0.0018843863981760271,19169938.708838146,0.009688189507748211,27752666.818608813,0.0014741819616642831,115051110.24352239,0.005674921296479298,0.0
california_housing,std,streed,4,20,3,0.003,0.01,0.1,0.0020394525231520093,18397728.06520648,0.0086683210130886,27752379.291375697,0.0014741848053279535,115050681.01338309,0.005674905069414587,0.0
california_housing,std,streed,4,20,3,0.003,0.1,0.001,0.0017586478002389837,29914782.350525975,0.01111409811425125,26506060.648941055,0.0018098220349969571,128607711.56008291,0.005544009579836555,0.0
california_housing,std,streed,4,20,3,0.003,0.1,0.1,0.001758649361655478,29914966.543509573,0.007403578854286437,26506142.433482315,0.0018098131088166887,128607712.17320794,0.005544013649531695,0.0
california_housing,std,streed,4,20,3,0.005,1e-05,0.001,0.004466110823238868,59669792.91791172,0.009586136045465841,75863190.46591961,0.005001633971961984,58789361.61745399,0.008937474380031228,0.894427190999916
california_housing,std,streed,4,20,3,0.005,1e-05,0.1,0.004466249682326115,59671273.022495024,0.011026763569696509,75863188.36405826,0.005001698260510023,58794002.512171164,0.008937141968286674,0.894427190999916
california_housing,std,streed,4,20,3,0.005,0.0001,0.001,0.003739022264343821,52609552.68235759,0.006432074322959612,78741634.81541988,0.005917704090892054,87380310.65849955,0.0052636994579197665,1.0954451150103321
california_housing,std,streed,4,20,3,0.005,0.0001,0.1,0.0037389705735415353,52608852.87420021,0.011592614953748168,78741987.42275003,0.00591776814922342,87381523.5841441,0.0052637154856583655,1.0954451150103321
california_housing,std,streed,4,20,3,0.005,0.001,0.001,0.004045769447896374,50662470.464519046,0.008054259490899279,70685084.71697,0.004060228087220815,57848993.67649281,0.007858531390628585,0.8944271909999159
california_housing,std,streed,4,20,3,0.005,0.001,0.1,0.00404569223671035,50661359.02427785,0.007624999858577682,70684575.68746437,0.0040602033094230446,57849028.749125674,0.007858593891677954,0.8944271909999159
california_housing,std,streed,4,20,3,0.005,0.01,0.001,0.002376757119703616,28885799.058090102,0.01243993244332143,27838474.53224675,0.001393774879965977,115931729.05059627,0.00513488765396744,0.0
california_housing,std,streed,4,20,3,0.005,0.01,0.1,0.0023767785854965037,28885922.24435828,0.008211187067330681,27838231.978451263,0.001393775534849753,115931330.16605836,0.005134898140318769,0.0
california_housing,std,streed,4,20,3,0.005,0.1,0.001,0.0018878047804525356,34173882.508598946,0.009856479196075662,27023842.27594251,0.0017556116709238603,129824501.46362388,0.005158160520478107,0.0
california_housing,std,streed,4,20,3,0.005,0.1,0.1,0.001887822212295073,34174194.928111,0.011805325675600126,27023957.902426176,0.0017556020804810639,129824580.63915782,0.005158178412049807,0.0
california_housing,std,streed,4,20,3,0.008,1e-05,0.001,0.0037145455144939445,27487450.19085908,0.007112482071420433,14089964.325482527,0.0016696861405900258,62822605.61411621,0.009032327253711425,0.0
california_housing,std,streed,4,20,3,0.008,1e-05,0.1,0.003714546114383876,27488112.31977557,0.007964184277335154,14089636.222103251,0.0016696881445284798,62823274.52170034,0.00903232554463569,0.0
california_housing,std,streed,4,20,3,0.008,0.0001,0.001,0.001128962287784012,28780010.154244907,0.011838291079851907,14054863.083694039,0.0016699548723803092,62773456.61342927,0.009027951740670849,0.0
california_housing,std,streed,4,20,3,0.008,0.0001,0.1,0.001128828688182888,28779794.202298883,0.010332097417639288,14054534.916040175,0.0016699568870771793,62774131.4294414,0.009027950511374845,0.0
california_housing,std,streed,4,20,3,0.008,0.001,0.001,0.001633867749764973,30373642.595454875,0.009483107060028372,20511365.596563984,0.00156931632925784,65290861.1349515,0.009545658590549592,0.0
california_housing,std,streed,4,20,3,0.008,0.001,0.1,0.0016338175677236455,30373201.99032904,0.015338013622545811,20510779.995143916,0.0015693067390209062,65291887.042146705,0.009545655181794429,0.0
california_housing,std,streed,4,20,3,0.008,0.01,0.001,0.0009697766430315875,32428313.37046508,0.008804800644036733,21880148.980570782,0.0013673263668565643,113653255.24902381,0.005394190748691764,0.0
california_housing,std,streed,4,20,3,0.008,0.01,0.1,0.0009697197149267907,32428032.861591466,0.010136145479761818,21880036.484938912,0.0013672688730183608,113652724.7295557,0.005394175940329932,0.0
california_housing,std,streed,4,20,3,0.008,0.1,0.001,0.005640178591603165,85189085.84292589,0.011309778710640404,26741732.78955533,0.0017334338388197092,139147486.24056196,0.005170270931713924,0.0
california_housing,std,streed,4,20,3,0.008,0.1,0.1,0.005640234564346554,85189864.31775169,0.008152325780235151,26741804.187226087,0.0017334227541225121,139147645.442726,0.005170259186110898,0.0
california_housing,std,streed,4,20,3,0.01,1e-05,0.001,0.0041647375319218,54231323.38901246,0.01143922741568879,57060453.63217907,0.006145758428630229,93214997.53768867,0.006189606059083662,0.5477225575051663
california_housing,std,streed,4,20,3,0.01,1e-05,0.1,0.004164661806742191,54230999.77146839,0.012469196951280726,57059489.508094974,0.006145688066122058,93214699.80694903,0.006189644837420109,0.5477225575051663
california_housing,std,streed,4,20,3,0.01,0.0001,0.001,0.004279854519878758,69557972.16976744,0.00899725764262979,57051042.44823005,0.00614515180476589,93173617.43710992,0.006186021467554183,0.5477225575051663
california_housing,std,streed,4,20,3,0.01,0.0001,0.1,0.004279826141387506,69557931.11396885,0.009210995662802587,57050082.49698304,0.006145081873675949,93173326.25310016,0.006186059967708739,0.5477225575051663
california_housing,std,streed,4,20,3,0.01,0.001,0.001,0.0043372035894760665,44891352.092960365,0.015601622687774205,25465677.758681968,0.0012626241274689743,59456377.323979765,0.008718102226916628,0.0
california_housing,std,streed,4,20,3,0.01,0.001,0.1,0.0043371764857939345,44891057.67821422,0.009618865194352207,25465171.82470497,0.001262600270394249,59456635.27542343,0.00871807663268996,0.0
california_housing,std,streed,4,20,3,0.01,0.01,0.001,0.0011406532725525883,34556345.439193666,0.007363821255461258,72026392.49054207,0.003609914828041347,105656980.24289364,0.009469995784195905,0.5477225575051663
california_housing,std,streed,4,20,3,0.01,0.01,0.1,0.0011406809944815761,34556436.61133795,0.011844071317816682,72027663.24983901,0.003610009983068167,105656816.79745449,0.009470077153203253,0.5477225575051663
california_housing,std,streed,4,20,3,0.01,0.1,0.001,0.006522332170600516,105489126.83646727,0.00933373880223058,142410664.01644444,0.009404610111569654,151434880.72852552,0.0141154345413948,0.5477225575051661
california_housing,std,streed,4,20,3,0.01,0.1,0.1,0.0065223932854264295,105489991.12582722,0.011295055838020462,142411875.2945168,0.009404695343174114,151435425.6149005,0.014115495185728204,0.5477225575051661
california_housing,std,streed,4,20,3,0.03,1e-05,0.001,0.011933900115131757,151455883.51152948,0.015317444500105932,220842004.4661463,0.01680073984147889,193886523.6770001,0.016801703825709148,0.5477225575051661
california_housing,std,streed,4,20,3,0.03,1e-05,0.1,0.011933958319874595,151456723.1271456,0.008175169862137966,220842985.9359344,0.01680081001463884,193888130.52944937,0.016801692670274416,0.5477225575051661
california_housing,std,streed,4,20,3,0.03,0.0001,0.001,0.008691247964193604,118369223.07668357,0.012186401708639298,220839817.1472443,0.016801515365943254,190126435.32239464,0.017005691610714604,0.5477225575051661
california_housing,std,streed,4,20,3,0.03,0.0001,0.1,0.008691308618888472,118370064.80031097,0.013682092458348068,220840784.30278122,0.016801584885945044,190127999.70782086,0.017005671601463893,0.5477225575051661
california_housing,std,streed,4,20,3,0.03,0.001,0.001,0.009453429484071017,109476126.21669051,0.009810293092439084,182665571.32997108,0.015660145165050956,146534050.25721183,0.00521160395042276,0.4472135954999579
california_housing,std,streed,4,20,3,0.03,0.001,0.1,0.009453467828202354,109476710.13253172,0.013099163685589587,182666030.60941315,0.015660179405273155,146536212.14404446,0.005211557374914493,0.4472135954999579
california_housing,std,streed,4,20,3,0.03,0.01,0.001,0.002286722070680329,13246113.000775106,0.011093849027863563,12715488.208180241,0.002311953143777773,72185263.2235306,0.008287198288596188,0.0
california_housing,std,streed,4,20,3,0.03,0.01,0.1,0.002286704448256119,13246355.296157422,0.01228622412566232,12715607.454550836,0.002311947132232178,72186808.8103211,0.008287189606370978,0.0
california_housing,std,streed,4,20,3,0.03,0.1,0.001,0.0016152915692814406,21312630.606981255,0.011074701031415597,20408498.2691031,0.0016715687655766741,100290131.13057224,0.005950904249273953,0.0
california_housing,std,streed,4,20,3,0.03,0.1,0.1,0.001615292482625183,21312679.02754054,0.009909490025205102,20408535.577625193,0.0016715698804796574,100290677.91651769,0.005950878721635979,0.0
california_housing,std,streed,4,20,3,0.05,1e-05,0.001,0.002323287780025315,12614946.63410353,0.010227396975977026,12220149.887553934,0.002342560701083073,67196583.14289078,0.00837295818504087,0.0
california_housing,std,streed,4,20,3,0.05,1e-05,0.1,0.0023232685025980516,12615223.058850558,0.013642167301159039,12220248.814369814,0.002342553359493908,67198231.01466425,0.008372935967551816,0.0
california_housing,std,streed,4,20,3,0.05,0.0001,0.001,0.002322933642407857,12620294.83695683,0.007745413707476578,12224309.937861191,0.0023422675746496095,67243903.0286739,0.008371958043903859,0.0
california_housing,std,streed,4,20,3,0.05,0.0001,0.1,0.002322914376546435,12620571.658319855,0.008206501216914405,12224409.068285732,0.002342260245242664,67245549.96884122,0.00837193595983499,0.0
california_housing,std,streed,4,20,3,0.05,0.001,0.001,0.0023194174392332624,12674152.093526112,0.009934891186539872,12266236.871470613,0.0023393538026165394,67714639.8978347,0.008362200049877751,0.0
california_housing,std,streed,4,20,3,0.05,0.001,0.1,0.0023193982892092836,12674432.833278934,0.006405660597443244,12266338.017426925,0.0023393465948535266,67716277.52749455,0.008362179288159839,0.0
california_housing,std,streed,4,20,3,0.05,0.01,0.001,0.002286722070680329,13246113.000775106,0.009917048735855572,12715488.208180241,0.002311953143777773,72185263.2235306,0.008287198288596188,0.0
california_housing,std,streed,4,20,3,0.05,0.01,0.1,0.002286704448256119,13246355.296157422,0.00593595969997381,12715607.454550836,0.002311947132232178,72186808.8103211,0.008287189606370978,0.0
california_housing,std,streed,4,20,3,0.05,0.1,0.001,0.0016152915692814406,21312630.606981255,0.007043438031267809,20408498.2691031,0.0016715687655766741,100290131.13057224,0.005950904249273953,0.0
california_housing,std,streed,4,20,3,0.05,0.1,0.1,0.001615292482625183,21312679.02754054,0.013913563961135873,20408535.577625193,0.0016715698804796574,100290677.91651769,0.005950878721635979,0.0
california_housing,std,streed,4,20,3,0.08,1e-05,0.001,0.002323287780025315,12614946.63410353,0.014247497780656012,12220149.887553934,0.002342560701083073,67196583.14289078,0.00837295818504087,0.0
california_housing,std,streed,4,20,3,0.08,1e-05,0.1,0.0023232685025980516,12615223.058850558,0.01308586478092659,12220248.814369814,0.002342553359493908,67198231.01466425,0.008372935967551816,0.0
california_housing,std,streed,4,20,3,0.08,0.0001,0.001,0.002322933642407857,12620294.83695683,0.01473047126472696,12224309.937861191,0.0023422675746496095,67243903.0286739,0.008371958043903859,0.0
california_housing,std,streed,4,20,3,0.08,0.0001,0.1,0.002322914376546435,12620571.658319855,0.01213629670201244,12224409.068285732,0.002342260245242664,67245549.96884122,0.00837193595983499,0.0
california_housing,std,streed,4,20,3,0.08,0.001,0.001,0.0023194174392332624,12674152.093526112,0.015337276527414892,12266236.871470613,0.0023393538026165394,67714639.8978347,0.008362200049877751,0.0
california_housing,std,streed,4,20,3,0.08,0.001,0.1,0.0023193982892092836,12674432.833278934,0.012392423394875873,12266338.017426925,0.0023393465948535266,67716277.52749455,0.008362179288159839,0.0
california_housing,std,streed,4,20,3,0.08,0.01,0.001,0.002286722070680329,13246113.000775106,0.013203003458171023,12715488.208180241,0.002311953143777773,72185263.2235306,0.008287198288596188,0.0
california_housing,std,streed,4,20,3,0.08,0.01,0.1,0.002286704448256119,13246355.296157422,0.016076655523744734,12715607.454550836,0.002311947132232178,72186808.8103211,0.008287189606370978,0.0
california_housing,std,streed,4,20,3,0.08,0.1,0.001,0.002069057235046196,22811530.26414852,0.002641422515677749,21148858.83442895,0.0020960406275219415,106015821.95127876,0.008994545399640286,0.0
california_housing,std,streed,4,20,3,0.08,0.1,0.1,0.0020690614481469667,22811669.350038838,0.008904550497520373,21148975.24211911,0.0020960453282402747,106016372.69768639,0.008994575334317911,0.0
california_housing,std,streed,4,20,3,0.1,1e-05,0.001,0.002323287780025315,12614946.63410353,0.013076119750789946,12220149.887553934,0.002342560701083073,67196583.14289078,0.00837295818504087,0.0
california_housing,std,streed,4,20,3,0.1,1e-05,0.1,0.0023232685025980516,12615223.058850558,0.009807309370218245,12220248.814369814,0.002342553359493908,67198231.01466425,0.008372935967551816,0.0
california_housing,std,streed,4,20,3,0.1,0.0001,0.001,0.002322933642407857,12620294.83695683,0.00602695774792667,12224309.937861191,0.0023422675746496095,67243903.0286739,0.008371958043903859,0.0
california_housing,std,streed,4,20,3,0.1,0.0001,0.1,0.002322914376546435,12620571.658319855,0.005701454625552617,12224409.068285732,0.002342260245242664,67245549.96884122,0.00837193595983499,0.0
california_housing,std,streed,4,20,3,0.1,0.001,0.001,0.0023194174392332624,12674152.093526112,0.006334333267096078,12266236.871470613,0.0023393538026165394,67714639.8978347,0.008362200049877751,0.0
california_housing,std,streed,4,20,3,0.1,0.001,0.1,0.0023193982892092836,12674432.833278934,0.0075704100966711065,12266338.017426925,0.0023393465948535266,67716277.52749455,0.008362179288159839,0.0
california_housing,std,streed,4,20,3,0.1,0.01,0.001,0.002286722070680329,13246113.000775106,0.004217991645149779,12715488.208180241,0.002311953143777773,72185263.2235306,0.008287198288596188,0.0
california_housing,std,streed,4,20,3,0.1,0.01,0.1,0.002286704448256119,13246355.296157422,0.00567789420278181,12715607.454550836,0.002311947132232178,72186808.8103211,0.008287189606370978,0.0
california_housing,std,streed,4,20,3,0.1,0.1,0.001,0.002069057235046196,22811530.26414852,0.009081696067387728,21148858.83442895,0.0020960406275219415,106015821.95127876,0.008994545399640286,0.0
california_housing,std,streed,4,20,3,0.1,0.1,0.1,0.0020690614481469667,22811669.350038838,0.011700562751067777,21148975.24211911,0.0020960453282402747,106016372.69768639,0.008994575334317911,0.0
california_housing,best_by_mean_val_r2,streed,4,20,3,0.0001,1e-05,0.001,0.7153275999946037,3792814426.0788507,599.7037266731262,3868042673.795166,0.7096996885359942,3929635385.776656,0.7048454539571957,8.0
