dataset,outer,method,depth,n_thresholds,cv_folds,cost_complexity,ridge_penalty,lasso_penalty,val_r2,val_mse,train_time_s,train_mse,train_r2,test_mse,test_r2,n_leaves,threshold_label
yacht,outer_0,streed,4,246.0,3,0.1,0.1,0.1,0.8770854641418068,28.416762684115497,0.0220608711242675,20.093327110685223,0.9144886869609872,18.508080209939177,0.9099167907856818,2.0,full
yacht,outer_0,streed,4,246.0,3,0.1,0.1,0.001,0.8780700200345756,28.17564783499772,0.0214374065399169,19.702507925664506,0.9161518989063192,18.673126765921428,0.9091134701136292,2.0,full
yacht,outer_0,streed,4,246.0,3,0.1,0.01,0.1,0.9661848043878764,7.537040288681365,0.0035121440887451,5.933804302486422,0.9747474674339855,4.930195850243381,0.9760035692947489,2.0,full
yacht,outer_0,streed,4,246.0,3,0.1,0.01,0.001,0.9750534351991608,5.716942482382457,0.0035572052001953,4.129253045589691,0.9824271088678516,3.0104494876087333,0.9853474294499892,2.0,full
yacht,outer_0,streed,4,246.0,3,0.1,0.001,0.1,0.9801370021648056,4.468286077225104,0.0035254955291748,3.473107584920485,0.9852194717043962,2.278381697821353,0.9889105767412496,2.0,full
yacht,outer_0,streed,4,246.0,3,0.1,0.001,0.001,0.980217353773433,4.403798124922505,0.0036008358001708,3.3635470778046743,0.9856857291225471,2.120189221006327,0.9896805369869054,2.0,full
yacht,outer_0,streed,4,246.0,3,0.1,0.0001,0.1,0.9804123830496048,4.38926235335044,0.0036072731018066,3.431325335180979,0.985397284717506,2.2234377385277835,0.9891780020022148,2.0,full
yacht,outer_0,streed,4,246.0,3,0.1,0.0001,0.001,0.9803699511051124,4.352528056709898,0.0035991668701171,3.353898348544518,0.9857267912872972,2.0936125286469487,0.9898098920421504,2.0,full
yacht,outer_0,streed,4,246.0,3,0.1,1e-05,0.1,0.9804355920108212,4.382313033701094,0.0036303997039794,3.427913586123202,0.9854118041218874,2.218663734513622,0.9892012382102666,2.0,full
yacht,outer_0,streed,4,246.0,3,0.1,1e-05,0.001,0.9803804941669346,4.348441495774995,0.0035634040832519,3.353779831740192,0.9857272956600922,2.091749880116674,0.9898189579936344,2.0,full
yacht,outer_0,streed,4,246.0,3,0.08,0.1,0.1,0.8770854641418068,28.416762684115497,0.0225934982299804,20.093327110685223,0.9144886869609872,18.508080209939177,0.9099167907856818,2.0,full
yacht,outer_0,streed,4,246.0,3,0.08,0.1,0.001,0.8780700200345756,28.17564783499772,0.0224037170410156,19.702507925664506,0.9161518989063192,18.673126765921428,0.9091134701136292,2.0,full
yacht,outer_0,streed,4,246.0,3,0.08,0.01,0.1,0.9661848043878764,7.537040288681365,0.0036816596984863,5.933804302486422,0.9747474674339855,4.930195850243381,0.9760035692947489,2.0,full
yacht,outer_0,streed,4,246.0,3,0.08,0.01,0.001,0.9750534351991608,5.716942482382457,0.0036070346832275,4.129253045589691,0.9824271088678516,3.0104494876087333,0.9853474294499892,2.0,full
yacht,outer_0,streed,4,246.0,3,0.08,0.001,0.1,0.9801370021648056,4.468286077225104,0.0036685466766357,3.473107584920485,0.9852194717043962,2.278381697821353,0.9889105767412496,2.0,full
yacht,outer_0,streed,4,246.0,3,0.08,0.001,0.001,0.980217353773433,4.403798124922505,0.0036430358886718,3.3635470778046743,0.9856857291225471,2.120189221006327,0.9896805369869054,2.0,full
yacht,outer_0,streed,4,246.0,3,0.08,0.0001,0.1,0.9804123830496048,4.38926235335044,0.0036416053771972,3.431325335180979,0.985397284717506,2.2234377385277835,0.9891780020022148,2.0,full
yacht,outer_0,streed,4,246.0,3,0.08,0.0001,0.001,0.9803699511051124,4.352528056709898,0.0036525726318359,3.353898348544518,0.9857267912872972,2.0936125286469487,0.9898098920421504,2.0,full
yacht,outer_0,streed,4,246.0,3,0.08,1e-05,0.1,0.9804355920108212,4.382313033701094,0.003641128540039,3.427913586123202,0.9854118041218874,2.218663734513622,0.9892012382102666,2.0,full
yacht,outer_0,streed,4,246.0,3,0.08,1e-05,0.001,0.9803804941669346,4.348441495774995,0.0037765502929687,3.353779831740192,0.9857272956600922,2.091749880116674,0.9898189579936344,2.0,full
yacht,outer_0,streed,4,246.0,3,0.05,0.1,0.1,0.8770854641418068,28.416762684115497,0.2686917781829834,20.093327110685223,0.9144886869609872,18.508080209939177,0.9099167907856818,2.0,full
yacht,outer_0,streed,4,246.0,3,0.05,0.1,0.001,0.8780700200345756,28.17564783499772,0.2581119537353515,19.702507925664506,0.9161518989063192,18.673126765921428,0.9091134701136292,2.0,full
yacht,outer_0,streed,4,246.0,3,0.05,0.01,0.1,0.9661848043878764,7.537040288681365,0.0231976509094238,5.933804302486422,0.9747474674339855,4.930195850243381,0.9760035692947489,2.0,full
yacht,outer_0,streed,4,246.0,3,0.05,0.01,0.001,0.9750534351991608,5.716942482382457,0.0037174224853515,4.129253045589691,0.9824271088678516,3.0104494876087333,0.9853474294499892,2.0,full
yacht,outer_0,streed,4,246.0,3,0.05,0.001,0.1,0.9801370021648056,4.468286077225104,0.0037112236022949,3.473107584920485,0.9852194717043962,2.278381697821353,0.9889105767412496,2.0,full
yacht,outer_0,streed,4,246.0,3,0.05,0.001,0.001,0.980217353773433,4.403798124922505,0.0036954879760742,3.3635470778046743,0.9856857291225471,2.120189221006327,0.9896805369869054,2.0,full
yacht,outer_0,streed,4,246.0,3,0.05,0.0001,0.1,0.9804123830496048,4.38926235335044,0.0037448406219482,3.431325335180979,0.985397284717506,2.2234377385277835,0.9891780020022148,2.0,full
yacht,outer_0,streed,4,246.0,3,0.05,0.0001,0.001,0.9803699511051124,4.352528056709898,0.0036146640777587,3.353898348544518,0.9857267912872972,2.0936125286469487,0.9898098920421504,2.0,full
yacht,outer_0,streed,4,246.0,3,0.05,1e-05,0.1,0.9804355920108212,4.382313033701094,0.0036637783050537,3.427913586123202,0.9854118041218874,2.218663734513622,0.9892012382102666,2.0,full
yacht,outer_0,streed,4,246.0,3,0.05,1e-05,0.001,0.9803804941669346,4.348441495774995,0.0036723613739013,3.353779831740192,0.9857272956600922,2.091749880116674,0.9898189579936344,2.0,full
yacht,outer_0,streed,4,246.0,3,0.03,0.1,0.1,0.8770854641418068,28.416762684115497,1.0128870010375977,12.385313531443732,0.9472917343832816,11.092247164695086,0.9460114063338912,3.0,full
yacht,outer_0,streed,4,246.0,3,0.03,0.1,0.001,0.8780700200345756,28.17564783499772,0.9748899936676024,11.942341405770737,0.9491768939637392,11.010060639861775,0.9464114276125531,3.0,full
yacht,outer_0,streed,4,246.0,3,0.03,0.01,0.1,0.9661848043878764,7.537040288681365,0.0251080989837646,5.933804302486422,0.9747474674339855,4.930195850243381,0.9760035692947489,2.0,full
yacht,outer_0,streed,4,246.0,3,0.03,0.01,0.001,0.9750534351991608,5.716942482382457,0.0230906009674072,4.129253045589691,0.9824271088678516,3.0104494876087333,0.9853474294499892,2.0,full
yacht,outer_0,streed,4,246.0,3,0.03,0.001,0.1,0.9801370021648056,4.468286077225104,0.0229978561401367,3.473107584920485,0.9852194717043962,2.278381697821353,0.9889105767412496,2.0,full
yacht,outer_0,streed,4,246.0,3,0.03,0.001,0.001,0.980217353773433,4.403798124922505,0.0038897991180419,3.3635470778046743,0.9856857291225471,2.120189221006327,0.9896805369869054,2.0,full
yacht,outer_0,streed,4,246.0,3,0.03,0.0001,0.1,0.9804123830496048,4.38926235335044,0.0044026374816894,3.431325335180979,0.985397284717506,2.2234377385277835,0.9891780020022148,2.0,full
yacht,outer_0,streed,4,246.0,3,0.03,0.0001,0.001,0.9803699511051124,4.352528056709898,0.0037634372711181,3.353898348544518,0.9857267912872972,2.0936125286469487,0.9898098920421504,2.0,full
yacht,outer_0,streed,4,246.0,3,0.03,1e-05,0.1,0.9804355920108212,4.382313033701094,0.0043177604675292,3.427913586123202,0.9854118041218874,2.218663734513622,0.9892012382102666,2.0,full
yacht,outer_0,streed,4,246.0,3,0.03,1e-05,0.001,0.9803804941669346,4.348441495774995,0.003732681274414,3.353779831740192,0.9857272956600922,2.091749880116674,0.9898189579936344,2.0,full
yacht,outer_0,streed,4,246.0,3,0.01,0.1,0.1,0.8773808819080634,28.32732036577373,4.233972787857056,12.385313531443732,0.9472917343832816,11.092247164695086,0.9460114063338912,3.0,full
yacht,outer_0,streed,4,246.0,3,0.01,0.1,0.001,0.8786083694252653,28.012654193175397,4.233152627944946,11.942341405770737,0.9491768939637392,11.010060639861775,0.9464114276125531,3.0,full
yacht,outer_0,streed,4,246.0,3,0.01,0.01,0.1,0.9674160186885742,7.164271031011442,3.142419815063477,4.5570539764254505,0.9806065134476126,3.429607774483074,0.9833072868083907,3.0,full
yacht,outer_0,streed,4,246.0,3,0.01,0.01,0.001,0.9764573557303744,5.291883730261635,2.745903253555298,3.7333151333152994,0.9841121046166394,2.8980288954012394,0.985894607094183,3.0,full
yacht,outer_0,streed,4,246.0,3,0.01,0.001,0.1,0.9823688594203948,3.792556618982395,1.027838945388794,3.473107584920485,0.9852194717043962,2.278381697821353,0.9889105767412496,2.0,full
yacht,outer_0,streed,4,246.0,3,0.01,0.001,0.001,0.981719294670302,3.949062184255965,0.0242819786071777,3.3635470778046743,0.9856857291225471,2.120189221006327,0.9896805369869054,2.0,full
yacht,outer_0,streed,4,246.0,3,0.01,0.0001,0.1,0.9825498785188138,3.7421023919381127,0.2753713130950928,3.431325335180979,0.985397284717506,2.2234377385277835,0.9891780020022148,2.0,full
yacht,outer_0,streed,4,246.0,3,0.01,0.0001,0.001,0.9816423549955006,3.967288010840194,0.0238995552062988,3.353898348544518,0.9857267912872972,2.0936125286469487,0.9898098920421504,2.0,full
yacht,outer_0,streed,4,246.0,3,0.01,1e-05,0.1,0.9825603953184912,3.73899582138008,0.2744615077972412,3.427913586123202,0.9854118041218874,2.218663734513622,0.9892012382102666,2.0,full
yacht,outer_0,streed,4,246.0,3,0.01,1e-05,0.001,0.9816257563675546,3.9714190181556015,0.0238454341888427,3.353779831740192,0.9857272956600922,2.091749880116674,0.9898189579936344,2.0,full
yacht,outer_0,streed,4,246.0,3,0.008,0.1,0.1,0.8836002063745361,27.105235836048116,4.339063882827759,12.385313531443732,0.9472917343832816,11.092247164695086,0.9460114063338912,3.0,full
yacht,outer_0,streed,4,246.0,3,0.008,0.1,0.001,0.8786083694252653,28.012654193175397,4.330684423446655,11.942341405770737,0.9491768939637392,11.010060639861775,0.9464114276125531,3.0,full
yacht,outer_0,streed,4,246.0,3,0.008,0.01,0.1,0.9713982879852264,6.437246908045172,2.538675308227539,4.5570539764254505,0.9806065134476126,3.429607774483074,0.9833072868083907,3.0,full
yacht,outer_0,streed,4,246.0,3,0.008,0.01,0.001,0.978039075675558,5.003116580111276,3.026718139648437,3.7333151333152994,0.9841121046166394,2.8980288954012394,0.985894607094183,3.0,full
yacht,outer_0,streed,4,246.0,3,0.008,0.001,0.1,0.9823688594203948,3.792556618982395,2.265177011489868,1.756685957381694,0.9925240592568156,0.6862967229209914,0.9966596313300612,3.0,full
yacht,outer_0,streed,4,246.0,3,0.008,0.001,0.001,0.981719294670302,3.949062184255965,0.2750182151794433,1.4348947060329402,0.9938935085409348,0.6995320493451461,0.9965952118621444,3.0,full
yacht,outer_0,streed,4,246.0,3,0.008,0.0001,0.1,0.9825498785188138,3.7421023919381127,1.0716304779052734,3.431325335180979,0.985397284717506,2.2234377385277835,0.9891780020022148,2.0,full
yacht,outer_0,streed,4,246.0,3,0.008,0.0001,0.001,0.9816423549955006,3.967288010840194,0.0257303714752197,1.3883774614967246,0.9940914723045928,0.7535809752286333,0.996332142940736,3.0,full
yacht,outer_0,streed,4,246.0,3,0.008,1e-05,0.1,0.9825603953184912,3.73899582138008,1.0664241313934326,3.427913586123202,0.9854118041218874,2.218663734513622,0.9892012382102666,2.0,full
yacht,outer_0,streed,4,246.0,3,0.008,1e-05,0.001,0.9816257563675546,3.9714190181556015,0.0258679389953613,1.3877411970206728,0.994094180059784,0.7639985952813864,0.9962814379169797,3.0,full
yacht,outer_0,streed,4,246.0,3,0.005,0.1,0.1,0.8836002063745361,27.105235836048116,4.322795867919922,12.385313531443732,0.9472917343832816,11.092247164695086,0.9460114063338912,3.0,full
yacht,outer_0,streed,4,246.0,3,0.005,0.1,0.001,0.8853912436991407,26.680058000818587,4.365970373153687,11.942341405770737,0.9491768939637392,11.010060639861775,0.9464114276125531,3.0,full
yacht,outer_0,streed,4,246.0,3,0.005,0.01,0.1,0.9765988230565256,5.352733978548248,1.696441888809204,4.5570539764254505,0.9806065134476126,3.429607774483074,0.9833072868083907,3.0,full
yacht,outer_0,streed,4,246.0,3,0.005,0.01,0.001,0.9796249572627396,4.672398863112999,2.111496686935425,3.7333151333152994,0.9841121046166394,2.8980288954012394,0.985894607094183,3.0,full
yacht,outer_0,streed,4,246.0,3,0.005,0.001,0.1,0.9883036465974492,2.6261926832966584,2.5595881938934326,1.756685957381694,0.9925240592568156,0.6862967229209914,0.9966596313300612,3.0,full
yacht,outer_0,streed,4,246.0,3,0.005,0.001,0.001,0.989319779755959,2.441118032901119,0.277620792388916,1.4348947060329402,0.9938935085409348,0.6995320493451461,0.9965952118621444,3.0,full
yacht,outer_0,streed,4,246.0,3,0.005,0.0001,0.1,0.9885766857036734,2.5580655090067115,2.916375160217285,1.5960383300337344,0.993207728490659,0.6237471344746776,0.9969640749891748,3.0,full
yacht,outer_0,streed,4,246.0,3,0.005,0.0001,0.001,0.989588759092064,2.386944999829374,0.2806980609893799,1.3883774614967246,0.9940914723045928,0.7535809752286333,0.996332142940736,3.0,full
yacht,outer_0,streed,4,246.0,3,0.005,1e-05,0.1,0.9886351064319534,2.5450638277913997,3.0055601596832275,1.5826084855153677,0.9932648819741188,0.6210687666813053,0.99697711123948,3.0,full
yacht,outer_0,streed,4,246.0,3,0.005,1e-05,0.001,0.9896042665319152,2.384284073724747,0.2811660766601562,1.3877411970206728,0.994094180059784,0.7639985952813864,0.9962814379169797,3.0,full
yacht,outer_0,streed,4,246.0,3,0.003,0.1,0.1,0.8836002063745361,27.105235836048116,4.44215989112854,11.908684335580109,0.9493201285932854,11.010236283259308,0.946410572714544,4.0,full
yacht,outer_0,streed,4,246.0,3,0.003,0.1,0.001,0.8853912436991407,26.680058000818587,4.402624607086182,11.45150791587202,0.9512657374874404,10.78406454527619,0.9475114041222312,4.0,full
yacht,outer_0,streed,4,246.0,3,0.003,0.01,0.1,0.9765988230565256,5.352733978548248,1.6773715019226074,4.5570539764254505,0.9806065134476126,3.429607774483074,0.9833072868083907,3.0,full
yacht,outer_0,streed,4,246.0,3,0.003,0.01,0.001,0.9796249572627396,4.672398863112999,1.6323809623718262,3.7333151333152994,0.9841121046166394,2.8980288954012394,0.985894607094183,3.0,full
yacht,outer_0,streed,4,246.0,3,0.003,0.001,0.1,0.9883036465974492,2.6261926832966584,2.168418884277344,1.756685957381694,0.9925240592568156,0.6862967229209914,0.9966596313300612,3.0,full
yacht,outer_0,streed,4,246.0,3,0.003,0.001,0.001,0.989319779755959,2.441118032901119,3.009559869766236,1.4348947060329402,0.9938935085409348,0.6995320493451461,0.9965952118621444,3.0,full
yacht,outer_0,streed,4,246.0,3,0.003,0.0001,0.1,0.9885766857036734,2.5580655090067115,2.3281469345092773,1.5960383300337344,0.993207728490659,0.6237471344746776,0.9969640749891748,3.0,full
yacht,outer_0,streed,4,246.0,3,0.003,0.0001,0.001,0.989588759092064,2.386944999829374,1.0648014545440674,1.3883774614967246,0.9940914723045928,0.7535809752286333,0.996332142940736,3.0,full
yacht,outer_0,streed,4,246.0,3,0.003,1e-05,0.1,0.9886351064319534,2.5450638277913997,2.345306873321533,1.5826084855153677,0.9932648819741188,0.6210687666813053,0.99697711123948,3.0,full
yacht,outer_0,streed,4,246.0,3,0.003,1e-05,0.001,0.9896042665319152,2.384284073724747,1.0358331203460691,1.3877411970206728,0.994094180059784,0.7639985952813864,0.9962814379169797,3.0,full
yacht,outer_0,streed,4,246.0,3,0.001,0.1,0.1,0.8836342656259019,27.094923868552893,4.625284194946289,11.833584144580456,0.9496397330025744,10.796446948337216,0.9474511360343004,5.0,full
yacht,outer_0,streed,4,246.0,3,0.001,0.1,0.001,0.8853912436991407,26.680058000818587,4.531984329223633,11.45150791587202,0.9512657374874404,10.78406454527619,0.9475114041222312,4.0,full
yacht,outer_0,streed,4,246.0,3,0.001,0.01,0.1,0.9765988230565256,5.352733978548248,1.7579550743103027,4.077807103816826,0.98264604772289,3.204191888249101,0.9844044393066248,4.0,full
yacht,outer_0,streed,4,246.0,3,0.001,0.01,0.001,0.9796249572627396,4.672398863112999,1.814547300338745,3.085870866193417,0.9868674377228096,2.323180384665819,0.9886925309237604,4.0,full
yacht,outer_0,streed,4,246.0,3,0.001,0.001,0.1,0.9883036465974492,2.6261926832966584,2.1064302921295166,1.415726789620255,0.9939750815771792,0.8077429706582565,0.9960685236830708,4.0,full
yacht,outer_0,streed,4,246.0,3,0.001,0.001,0.001,0.989319779755959,2.441118032901119,3.160867691040039,0.9544331469935352,0.9959382121657704,0.5236895338791441,0.9974510790255572,4.0,full
yacht,outer_0,streed,4,246.0,3,0.001,0.0001,0.1,0.9885766857036734,2.5580655090067115,2.260589599609375,1.2257891774851186,0.9947834004046038,0.6909341229017419,0.9966370600061888,4.0,full
yacht,outer_0,streed,4,246.0,3,0.001,0.0001,0.001,0.989588759092064,2.386944999829374,3.819798707962036,0.9006832177865262,0.9961669561162834,0.576715345457689,0.9971929898437508,4.0,full
yacht,outer_0,streed,4,246.0,3,0.001,1e-05,0.1,0.9886351064319534,2.5450638277913997,2.2697575092315674,1.20950572580945,0.9948526980040469,0.6830615519609178,0.9966753776732332,4.0,full
yacht,outer_0,streed,4,246.0,3,0.001,1e-05,0.001,0.9896042665319152,2.384284073724747,3.902057886123657,0.8999079807073378,0.9961702552981556,0.5881842741739035,0.9971371678517728,4.0,full
yacht,outer_0,streed,4,246.0,3,0.0005,0.1,0.1,0.8836595350415601,27.088496929900497,4.695137023925781,11.833584144580456,0.9496397330025744,10.796446948337216,0.9474511360343004,5.0,full
yacht,outer_0,streed,4,246.0,3,0.0005,0.1,0.001,0.8855193146830603,26.648096815340875,4.65450644493103,11.381282282968252,0.95156459720567,10.62558163181477,0.9482827779918224,5.0,full
yacht,outer_0,streed,4,246.0,3,0.0005,0.01,0.1,0.9766180171972676,5.346922654238653,1.813850164413452,4.041314195822507,0.9828013508472564,3.112476852929557,0.9848508381022356,5.0,full
yacht,outer_0,streed,4,246.0,3,0.0005,0.01,0.001,0.9796249572627396,4.672398863112999,1.7438957691192627,3.085870866193417,0.9868674377228096,2.323180384665819,0.9886925309237604,4.0,full
yacht,outer_0,streed,4,246.0,3,0.0005,0.001,0.1,0.9883287337512824,2.618597157719884,2.1062068939208984,1.4672550186656148,0.9937557925316184,0.8808105671823016,0.995712886387911,5.0,full
yacht,outer_0,streed,4,246.0,3,0.0005,0.001,0.001,0.989319779755959,2.441118032901119,3.209726572036743,0.9544331469935352,0.9959382121657704,0.5236895338791441,0.9974510790255572,4.0,full
yacht,outer_0,streed,4,246.0,3,0.0005,0.0001,0.1,0.988602591275872,2.5502221945549217,2.2632689476013184,1.2759811302524586,0.9945697981593666,0.7672315398089415,0.996265702410382,5.0,full
yacht,outer_0,streed,4,246.0,3,0.0005,0.0001,0.001,0.989588759092064,2.386944999829374,3.8052148818969727,0.9006832177865262,0.9961669561162834,0.576715345457689,0.9971929898437508,4.0,full
yacht,outer_0,streed,4,246.0,3,0.0005,1e-05,0.1,0.9886610963002666,2.537194991381232,2.274136781692505,1.2595303673620668,0.994639807786319,0.7596432294748938,0.9963026365137384,5.0,full
yacht,outer_0,streed,4,246.0,3,0.0005,1e-05,0.001,0.9896042665319152,2.384284073724747,3.855922937393189,0.8999079807073378,0.9961702552981556,0.5881842741739035,0.9971371678517728,4.0,full
yacht,outer_0,streed,4,246.0,3,0.0001,0.1,0.1,0.8836595350415601,27.088496929900497,4.704411506652832,11.833584144580456,0.9496397330025744,10.796446948337216,0.9474511360343004,5.0,full
yacht,outer_0,streed,4,246.0,3,0.0001,0.1,0.001,0.8855173562396997,26.64845435910814,4.737656831741333,11.370489506985312,0.951610528098078,10.61455353198122,0.9483364543652372,6.0,full
yacht,outer_0,streed,4,246.0,3,0.0001,0.01,0.1,0.9766020733294556,5.349721505663896,1.8251299858093264,4.041314195822507,0.9828013508472564,3.112476852929557,0.9848508381022356,5.0,full
yacht,outer_0,streed,4,246.0,3,0.0001,0.01,0.001,0.9799597812056366,4.5973063534893255,1.847386598587036,3.072295131616813,0.9869252120716128,2.2945851199959097,0.9888317108484516,5.0,full
yacht,outer_0,streed,4,246.0,3,0.0001,0.001,0.1,0.9883421793903056,2.6157501039311977,2.1351726055145264,1.4672550186656148,0.9937557925316184,0.8808105671823016,0.995712886387911,5.0,full
yacht,outer_0,streed,4,246.0,3,0.0001,0.001,0.001,0.9896770505317586,2.360639297145786,3.2436442375183105,0.9161459338937924,0.9961011513269522,0.4616402844606195,0.9977530874161388,5.0,full
yacht,outer_0,streed,4,246.0,3,0.0001,0.0001,0.1,0.988619891315254,2.546628136354171,2.296618223190308,1.2759811302524586,0.9945697981593666,0.7672315398089415,0.996265702410382,5.0,full
yacht,outer_0,streed,4,246.0,3,0.0001,0.0001,0.001,0.989944810563656,2.306606628221083,3.8605806827545166,0.8614470107144265,0.9963339339177656,0.5085970592171365,0.9975245376737324,5.0,full
yacht,outer_0,streed,4,246.0,3,0.0001,1e-05,0.1,0.9886787921505228,2.5335241514074327,2.307992696762085,1.2595303673620668,0.994639807786319,0.7596432294748938,0.9963026365137384,5.0,full
yacht,outer_0,streed,4,246.0,3,0.0001,1e-05,0.001,0.989960159803156,2.303967231186681,3.976867437362671,0.8606543990964495,0.9963373070405844,0.5194623116128737,0.9974716539173606,5.0,full
yacht,outer_1,streed,4,246.0,3,0.1,0.1,0.1,0.8859401273149374,27.098246922247924,0.0218698978424072,19.85031023972079,0.9162557400430154,18.77637638922069,0.902112403716014,2.0,full
yacht,outer_1,streed,4,246.0,3,0.1,0.1,0.001,0.8887145193659038,26.46889572348089,0.0035767555236816,19.44502915652717,0.9179655352037328,18.7493051701814,0.90225353513058,2.0,full
yacht,outer_1,streed,4,246.0,3,0.1,0.01,0.1,0.9674849097073578,7.726657199509044,0.0035386085510253,5.740522393878889,0.9757819503153192,4.6956531739708325,0.9755199729353982,2.0,full
yacht,outer_1,streed,4,246.0,3,0.1,0.01,0.001,0.9695739171362604,7.210607504229611,0.0035483837127685,4.047194461559066,0.9829257426714134,3.400184439468322,0.9822736892996646,2.0,full
yacht,outer_1,streed,4,246.0,3,0.1,0.001,0.1,0.979187803269124,4.998648985001476,0.0036742687225341,3.360317102851761,0.9858235329523456,2.589829974560346,0.9864983410143254,2.0,full
yacht,outer_1,streed,4,246.0,3,0.1,0.001,0.001,0.9799796725819908,4.808801822605031,0.0036303997039794,3.2516925597472106,0.9862817969223088,2.6606670112347923,0.9861290436001596,2.0,full
yacht,outer_1,streed,4,246.0,3,0.1,0.0001,0.1,0.9794515253898612,4.907060771001575,0.0037009716033935,3.317592023563825,0.9860037810242076,2.546337532783669,0.9867250818131776,2.0,full
yacht,outer_1,streed,4,246.0,3,0.1,0.0001,0.001,0.9800791808170136,4.757782433757498,0.0035834312438964,3.241660503818202,0.9863241200441883,2.6290152036840992,0.986294055170814,2.0,full
yacht,outer_1,streed,4,246.0,3,0.1,1e-05,0.1,0.9794738442088624,4.898827343756455,0.003594160079956,3.314121306360073,0.986018423245928,2.542491405005484,0.9867451329772255,2.0,full
yacht,outer_1,streed,4,246.0,3,0.1,1e-05,0.001,0.9800846608277656,4.753707981130998,0.003495454788208,3.24153870267589,0.9863246338974432,2.6263914660718406,0.9863077336017751,2.0,full
yacht,outer_1,streed,4,246.0,3,0.08,0.1,0.1,0.8859401273149374,27.098246922247924,0.0221583843231201,19.85031023972079,0.9162557400430154,18.77637638922069,0.902112403716014,2.0,full
yacht,outer_1,streed,4,246.0,3,0.08,0.1,0.001,0.8887145193659038,26.46889572348089,0.0220351219177246,19.44502915652717,0.9179655352037328,18.7493051701814,0.90225353513058,2.0,full
yacht,outer_1,streed,4,246.0,3,0.08,0.01,0.1,0.9674849097073578,7.726657199509044,0.0036633014678955,5.740522393878889,0.9757819503153192,4.6956531739708325,0.9755199729353982,2.0,full
yacht,outer_1,streed,4,246.0,3,0.08,0.01,0.001,0.9695739171362604,7.210607504229611,0.0036394596099853,4.047194461559066,0.9829257426714134,3.400184439468322,0.9822736892996646,2.0,full
yacht,outer_1,streed,4,246.0,3,0.08,0.001,0.1,0.979187803269124,4.998648985001476,0.0036373138427734,3.360317102851761,0.9858235329523456,2.589829974560346,0.9864983410143254,2.0,full
yacht,outer_1,streed,4,246.0,3,0.08,0.001,0.001,0.9799796725819908,4.808801822605031,0.0036172866821289,3.2516925597472106,0.9862817969223088,2.6606670112347923,0.9861290436001596,2.0,full
yacht,outer_1,streed,4,246.0,3,0.08,0.0001,0.1,0.9794515253898612,4.907060771001575,0.0036406517028808,3.317592023563825,0.9860037810242076,2.546337532783669,0.9867250818131776,2.0,full
yacht,outer_1,streed,4,246.0,3,0.08,0.0001,0.001,0.9800791808170136,4.757782433757498,0.00362229347229,3.241660503818202,0.9863241200441883,2.6290152036840992,0.986294055170814,2.0,full
yacht,outer_1,streed,4,246.0,3,0.08,1e-05,0.1,0.9794738442088624,4.898827343756455,0.00372314453125,3.314121306360073,0.986018423245928,2.542491405005484,0.9867451329772255,2.0,full
yacht,outer_1,streed,4,246.0,3,0.08,1e-05,0.001,0.9800846608277656,4.753707981130998,0.0036358833312988,3.24153870267589,0.9863246338974432,2.6263914660718406,0.9863077336017751,2.0,full
yacht,outer_1,streed,4,246.0,3,0.05,0.1,0.1,0.8859401273149374,27.098246922247924,0.2661323547363281,19.85031023972079,0.9162557400430154,18.77637638922069,0.902112403716014,2.0,full
yacht,outer_1,streed,4,246.0,3,0.05,0.1,0.001,0.8887145193659038,26.46889572348089,0.0232341289520263,19.44502915652717,0.9179655352037328,18.7493051701814,0.90225353513058,2.0,full
yacht,outer_1,streed,4,246.0,3,0.05,0.01,0.1,0.9674849097073578,7.726657199509044,0.0228099822998046,5.740522393878889,0.9757819503153192,4.6956531739708325,0.9755199729353982,2.0,full
yacht,outer_1,streed,4,246.0,3,0.05,0.01,0.001,0.9695739171362604,7.210607504229611,0.003713846206665,4.047194461559066,0.9829257426714134,3.400184439468322,0.9822736892996646,2.0,full
yacht,outer_1,streed,4,246.0,3,0.05,0.001,0.1,0.979187803269124,4.998648985001476,0.0042557716369628,3.360317102851761,0.9858235329523456,2.589829974560346,0.9864983410143254,2.0,full
yacht,outer_1,streed,4,246.0,3,0.05,0.001,0.001,0.9799796725819908,4.808801822605031,0.003777265548706,3.2516925597472106,0.9862817969223088,2.6606670112347923,0.9861290436001596,2.0,full
yacht,outer_1,streed,4,246.0,3,0.05,0.0001,0.1,0.9794515253898612,4.907060771001575,0.003716230392456,3.317592023563825,0.9860037810242076,2.546337532783669,0.9867250818131776,2.0,full
yacht,outer_1,streed,4,246.0,3,0.05,0.0001,0.001,0.9800791808170136,4.757782433757498,0.0036637783050537,3.241660503818202,0.9863241200441883,2.6290152036840992,0.986294055170814,2.0,full
yacht,outer_1,streed,4,246.0,3,0.05,1e-05,0.1,0.9794738442088624,4.898827343756455,0.0037033557891845,3.314121306360073,0.986018423245928,2.542491405005484,0.9867451329772255,2.0,full
yacht,outer_1,streed,4,246.0,3,0.05,1e-05,0.001,0.9800846608277656,4.753707981130998,0.00368332862854,3.24153870267589,0.9863246338974432,2.6263914660718406,0.9863077336017751,2.0,full
yacht,outer_1,streed,4,246.0,3,0.03,0.1,0.1,0.8859401273149374,27.098246922247924,1.0333125591278076,12.229214942300787,0.948407529009366,11.950612586476955,0.9376974174376396,3.0,full
yacht,outer_1,streed,4,246.0,3,0.03,0.1,0.001,0.8887145193659038,26.46889572348089,0.272477388381958,11.762361976324357,0.9503770829192182,11.72560024501164,0.9388704828248948,3.0,full
yacht,outer_1,streed,4,246.0,3,0.03,0.01,0.1,0.9674849097073578,7.726657199509044,0.0228192806243896,5.740522393878889,0.9757819503153192,4.6956531739708325,0.9755199729353982,2.0,full
yacht,outer_1,streed,4,246.0,3,0.03,0.01,0.001,0.9695739171362604,7.210607504229611,0.0227801799774169,4.047194461559066,0.9829257426714134,3.400184439468322,0.9822736892996646,2.0,full
yacht,outer_1,streed,4,246.0,3,0.03,0.001,0.1,0.979187803269124,4.998648985001476,0.0225505828857421,3.360317102851761,0.9858235329523456,2.589829974560346,0.9864983410143254,2.0,full
yacht,outer_1,streed,4,246.0,3,0.03,0.001,0.001,0.9799796725819908,4.808801822605031,0.0043883323669433,3.2516925597472106,0.9862817969223088,2.6606670112347923,0.9861290436001596,2.0,full
yacht,outer_1,streed,4,246.0,3,0.03,0.0001,0.1,0.9794515253898612,4.907060771001575,0.004380464553833,3.317592023563825,0.9860037810242076,2.546337532783669,0.9867250818131776,2.0,full
yacht,outer_1,streed,4,246.0,3,0.03,0.0001,0.001,0.9800791808170136,4.757782433757498,0.0043165683746337,3.241660503818202,0.9863241200441883,2.6290152036840992,0.986294055170814,2.0,full
yacht,outer_1,streed,4,246.0,3,0.03,1e-05,0.1,0.9794738442088624,4.898827343756455,0.0043280124664306,3.314121306360073,0.986018423245928,2.542491405005484,0.9867451329772255,2.0,full
yacht,outer_1,streed,4,246.0,3,0.03,1e-05,0.001,0.9800846608277656,4.753707981130998,0.0043563842773437,3.24153870267589,0.9863246338974432,2.6263914660718406,0.9863077336017751,2.0,full
yacht,outer_1,streed,4,246.0,3,0.01,0.1,0.1,0.8901715647075653,26.354198515847752,4.140194654464722,12.229214942300787,0.948407529009366,11.950612586476955,0.9376974174376396,3.0,full
yacht,outer_1,streed,4,246.0,3,0.01,0.1,0.001,0.8892441536004507,26.29509594319688,4.065914154052734,11.762361976324357,0.9503770829192182,11.72560024501164,0.9388704828248948,3.0,full
yacht,outer_1,streed,4,246.0,3,0.01,0.01,0.1,0.9690654180129158,7.208012485241217,3.0816452503204346,4.515265065013512,0.9809510518066088,4.379223396503316,0.9771696283144176,3.0,full
yacht,outer_1,streed,4,246.0,3,0.01,0.01,0.001,0.971555881118166,6.560224877659643,1.006236553192139,3.66674286848069,0.984530787465527,3.690422734257568,0.980760578972222,3.0,full
yacht,outer_1,streed,4,246.0,3,0.01,0.001,0.1,0.979187803269124,4.998648985001476,1.0387485027313232,3.360317102851761,0.9858235329523456,2.589829974560346,0.9864983410143254,2.0,full
yacht,outer_1,streed,4,246.0,3,0.01,0.001,0.001,0.9799796725819908,4.808801822605031,0.024186372756958,3.2516925597472106,0.9862817969223088,2.6606670112347923,0.9861290436001596,2.0,full
yacht,outer_1,streed,4,246.0,3,0.01,0.0001,0.1,0.9794515253898612,4.907060771001575,0.2864880561828613,3.317592023563825,0.9860037810242076,2.546337532783669,0.9867250818131776,2.0,full
yacht,outer_1,streed,4,246.0,3,0.01,0.0001,0.001,0.9800791808170136,4.757782433757498,0.0234575271606445,3.241660503818202,0.9863241200441883,2.6290152036840992,0.986294055170814,2.0,full
yacht,outer_1,streed,4,246.0,3,0.01,1e-05,0.1,0.9794738442088624,4.898827343756455,0.2733392715454101,3.314121306360073,0.986018423245928,2.542491405005484,0.9867451329772255,2.0,full
yacht,outer_1,streed,4,246.0,3,0.01,1e-05,0.001,0.9800846608277656,4.753707981130998,0.0234162807464599,3.24153870267589,0.9863246338974432,2.6263914660718406,0.9863077336017751,2.0,full
yacht,outer_1,streed,4,246.0,3,0.008,0.1,0.1,0.8942873270876568,25.508192362020186,4.209970951080322,12.229214942300787,0.948407529009366,11.950612586476955,0.9376974174376396,3.0,full
yacht,outer_1,streed,4,246.0,3,0.008,0.1,0.001,0.8934263577712654,25.600880478616123,4.152420282363892,11.762361976324357,0.9503770829192182,11.72560024501164,0.9388704828248948,3.0,full
yacht,outer_1,streed,4,246.0,3,0.008,0.01,0.1,0.9735775065648488,6.459038613480305,2.6826913356781006,4.515265065013512,0.9809510518066088,4.379223396503316,0.9771696283144176,3.0,full
yacht,outer_1,streed,4,246.0,3,0.008,0.01,0.001,0.976546505371056,5.73181756114326,3.090215921401977,3.66674286848069,0.984530787465527,3.690422734257568,0.980760578972222,3.0,full
yacht,outer_1,streed,4,246.0,3,0.008,0.001,0.1,0.9818694587640904,4.118662183881427,2.5020740032196045,1.735205524207283,0.9926795349421172,1.4968820744413656,0.9921962478195862,3.0,full
yacht,outer_1,streed,4,246.0,3,0.008,0.001,0.001,0.9799796725819908,4.808801822605031,0.2712123394012451,3.2516925597472106,0.9862817969223088,2.6606670112347923,0.9861290436001596,2.0,full
yacht,outer_1,streed,4,246.0,3,0.008,0.0001,0.1,0.9822608193897404,3.98518932069796,1.0965886116027832,1.576217389946307,0.993350272249738,1.267205103098495,0.9933936314989764,3.0,full
yacht,outer_1,streed,4,246.0,3,0.008,0.0001,0.001,0.9800791808170136,4.757782433757498,0.0255532264709472,3.241660503818202,0.9863241200441883,2.6290152036840992,0.986294055170814,2.0,full
yacht,outer_1,streed,4,246.0,3,0.008,1e-05,0.1,0.9822953643978404,3.972943862431376,1.1067733764648438,1.5626852365230508,0.9934073615425686,1.2459801429749129,0.9935042843898564,3.0,full
yacht,outer_1,streed,4,246.0,3,0.008,1e-05,0.001,0.9800846608277656,4.753707981130998,0.0238327980041503,3.24153870267589,0.9863246338974432,2.6263914660718406,0.9863077336017751,2.0,full
yacht,outer_1,streed,4,246.0,3,0.005,0.1,0.1,0.8942873270876568,25.508192362020186,4.33676290512085,12.229214942300787,0.948407529009366,11.950612586476955,0.9376974174376396,3.0,full
yacht,outer_1,streed,4,246.0,3,0.005,0.1,0.001,0.8975224079863456,24.75892621393193,4.271531105041504,11.762361976324357,0.9503770829192182,11.72560024501164,0.9388704828248948,3.0,full
yacht,outer_1,streed,4,246.0,3,0.005,0.01,0.1,0.9787969520617086,5.38616739252003,1.911447525024414,4.515265065013512,0.9809510518066088,4.379223396503316,0.9771696283144176,3.0,full
yacht,outer_1,streed,4,246.0,3,0.005,0.01,0.001,0.9819449125879812,4.622160271772653,2.2798640727996826,3.66674286848069,0.984530787465527,3.690422734257568,0.980760578972222,3.0,full
yacht,outer_1,streed,4,246.0,3,0.005,0.001,0.1,0.9886431169813056,2.8564037700438,2.340740442276001,1.735205524207283,0.9926795349421172,1.4968820744413656,0.9921962478195862,3.0,full
yacht,outer_1,streed,4,246.0,3,0.005,0.001,0.001,0.9901799558262662,2.454403399418266,0.2771577835083008,1.3916373862479878,0.994128976241056,1.0584426997690348,0.9944819804664652,3.0,full
yacht,outer_1,streed,4,246.0,3,0.005,0.0001,0.1,0.9892700671670006,2.6820269768862435,2.757727861404419,1.576217389946307,0.993350272249738,1.267205103098495,0.9933936314989764,3.0,full
yacht,outer_1,streed,4,246.0,3,0.005,0.0001,0.001,0.9904593174572032,2.356849383747195,0.2788269519805908,1.3488139152564274,0.9943096394067028,0.9438874482000088,0.995079195711055,3.0,full
yacht,outer_1,streed,4,246.0,3,0.005,1e-05,0.1,0.9893226254001188,2.66640042329213,2.753059148788452,1.5626852365230508,0.9934073615425686,1.2459801429749129,0.9935042843898564,3.0,full
yacht,outer_1,streed,4,246.0,3,0.005,1e-05,0.001,0.990478827928748,2.3489856338948294,0.2765464782714844,1.3482834030786788,0.9943118775253612,0.9356302921708084,0.9951222430562447,3.0,full
yacht,outer_1,streed,4,246.0,3,0.003,0.1,0.1,0.8942873270876568,25.508192362020186,4.4677042961120605,11.76497243440179,0.9503660699487808,11.708046612245775,0.9389619958453992,4.0,full
yacht,outer_1,streed,4,246.0,3,0.003,0.1,0.001,0.8975224079863456,24.75892621393193,4.394317150115967,11.286109008725148,0.9523862934475306,11.377694166541222,0.940684234799616,4.0,full
yacht,outer_1,streed,4,246.0,3,0.003,0.01,0.1,0.9787969520617086,5.38616739252003,1.773047924041748,4.515265065013512,0.9809510518066088,4.379223396503316,0.9771696283144176,3.0,full
yacht,outer_1,streed,4,246.0,3,0.003,0.01,0.001,0.9819449125879812,4.622160271772653,1.757934808731079,3.66674286848069,0.984530787465527,3.690422734257568,0.980760578972222,3.0,full
yacht,outer_1,streed,4,246.0,3,0.003,0.001,0.1,0.9886431169813056,2.8564037700438,1.8938658237457275,1.735205524207283,0.9926795349421172,1.4968820744413656,0.9921962478195862,3.0,full
yacht,outer_1,streed,4,246.0,3,0.003,0.001,0.001,0.9901799558262662,2.454403399418266,3.0772857666015625,1.3916373862479878,0.994128976241056,1.0584426997690348,0.9944819804664652,3.0,full
yacht,outer_1,streed,4,246.0,3,0.003,0.0001,0.1,0.9892700671670006,2.6820269768862435,2.0654077529907227,1.576217389946307,0.993350272249738,1.267205103098495,0.9933936314989764,3.0,full
yacht,outer_1,streed,4,246.0,3,0.003,0.0001,0.001,0.9904593174572032,2.356849383747195,1.065924882888794,1.3488139152564274,0.9943096394067028,0.9438874482000088,0.995079195711055,3.0,full
yacht,outer_1,streed,4,246.0,3,0.003,1e-05,0.1,0.9893226254001188,2.66640042329213,2.0896341800689697,1.5626852365230508,0.9934073615425686,1.2459801429749129,0.9935042843898564,3.0,full
yacht,outer_1,streed,4,246.0,3,0.003,1e-05,0.001,0.990478827928748,2.3489856338948294,0.2954432964324951,1.3482834030786788,0.9943118775253612,0.9356302921708084,0.9951222430562447,3.0,full
yacht,outer_1,streed,4,246.0,3,0.001,0.1,0.1,0.8944145474324722,25.47472428591,4.6461474895477295,11.685047643673228,0.9507032557343404,11.694701817272218,0.9390315667719604,5.0,full
yacht,outer_1,streed,4,246.0,3,0.001,0.1,0.001,0.8977035392556534,24.728859741053824,4.5689733028411865,11.286109008725148,0.9523862934475306,11.377694166541222,0.940684234799616,4.0,full
yacht,outer_1,streed,4,246.0,3,0.001,0.01,0.1,0.9787969520617086,5.38616739252003,1.8655755519866943,4.030387042430332,0.9829966496174372,4.021035575392,0.9790369824886188,4.0,full
yacht,outer_1,streed,4,246.0,3,0.001,0.01,0.001,0.9819449125879812,4.622160271772653,1.8625054359436035,3.025063620221991,0.9872378964792516,3.0511961802714347,0.9840930830482756,4.0,full
yacht,outer_1,streed,4,246.0,3,0.001,0.001,0.1,0.9886431169813056,2.8564037700438,1.870487928390503,1.5061625703866324,0.993645818714735,1.273019891531376,0.993363317041554,4.0,full
yacht,outer_1,streed,4,246.0,3,0.001,0.001,0.001,0.9901799558262662,2.454403399418266,2.741888999938965,0.9732717801607208,0.9958939722360872,0.6275841289059259,0.9967281918208752,4.0,full
yacht,outer_1,streed,4,246.0,3,0.001,0.0001,0.1,0.9892700671670006,2.6820269768862435,1.9553449153900144,1.236255258783281,0.9947845005687834,0.9080895496132696,0.995265822255604,4.0,full
yacht,outer_1,streed,4,246.0,3,0.001,0.0001,0.001,0.9904593174572032,2.356849383747195,3.363614797592163,0.9232962093833388,0.9961048085978436,0.4959167294843879,0.9974146184759,4.0,full
yacht,outer_1,streed,4,246.0,3,0.001,1e-05,0.1,0.9893226254001188,2.66640042329213,1.9798851013183596,1.2195423751774648,0.9948550086894332,0.8843658495362685,0.9953895019224024,4.0,full
yacht,outer_1,streed,4,246.0,3,0.001,1e-05,0.001,0.990478827928748,2.3489856338948294,3.3813533782958984,0.92266455143615,0.996107473429108,0.4861925574824824,0.9974653138711872,4.0,full
yacht,outer_1,streed,4,246.0,3,0.0005,0.1,0.1,0.8944145474324722,25.47472428591,4.6991822719573975,11.685047643673228,0.9507032557343404,11.694701817272218,0.9390315667719604,5.0,full
yacht,outer_1,streed,4,246.0,3,0.0005,0.1,0.001,0.8977619706143574,24.7099952833138,4.60197639465332,11.210951537504412,0.9527033669205196,11.349575139817766,0.9408308287897846,5.0,full
yacht,outer_1,streed,4,246.0,3,0.0005,0.01,0.1,0.978997301448009,5.347301322340338,1.9059669971466064,3.9941425717115897,0.9831495573725916,4.031733416268723,0.9789812110283996,5.0,full
yacht,outer_1,streed,4,246.0,3,0.0005,0.01,0.001,0.9823635812410876,4.552664321395586,1.83117938041687,3.025063620221991,0.9872378964792516,3.0511961802714347,0.9840930830482756,4.0,full
yacht,outer_1,streed,4,246.0,3,0.0005,0.001,0.1,0.98891910257418,2.8035095567452344,1.8974199295043943,1.472246264532408,0.9937889044348036,1.282359215354578,0.9933146279898958,5.0,full
yacht,outer_1,streed,4,246.0,3,0.0005,0.001,0.001,0.9904371414772578,2.411712452516962,2.7432751655578613,0.9732717801607208,0.9958939722360872,0.6275841289059259,0.9967281918208752,4.0,full
yacht,outer_1,streed,4,246.0,3,0.0005,0.0001,0.1,0.9894527763568703,2.644413097275476,1.9762232303619385,1.2789426194571842,0.9946044116237754,1.0255227517842689,0.9946536032818168,5.0,full
yacht,outer_1,streed,4,246.0,3,0.0005,0.0001,0.001,0.9906886452529674,2.318782638132816,3.2993199825286865,0.9232962093833388,0.9961048085978436,0.4959167294843879,0.9974146184759,4.0,full
yacht,outer_1,streed,4,246.0,3,0.0005,1e-05,0.1,0.9895061803409144,2.628625236023645,1.986952304840088,1.2620286091895223,0.994675768255267,1.001516255113714,0.9947787572628388,5.0,full
yacht,outer_1,streed,4,246.0,3,0.0005,1e-05,0.001,0.9907046447952084,2.311501677000997,3.3773136138916016,0.92266455143615,0.996107473429108,0.4861925574824824,0.9974653138711872,4.0,full
yacht,outer_1,streed,4,246.0,3,0.0001,0.1,0.1,0.8944145474324722,25.47472428591,4.65807580947876,11.685047643673228,0.9507032557343404,11.694701817272218,0.9390315667719604,5.0,full
yacht,outer_1,streed,4,246.0,3,0.0001,0.1,0.001,0.8977619706143574,24.7099952833138,4.6933887004852295,11.199813704445438,0.952750355082205,11.330010744922024,0.940932824592883,6.0,full
yacht,outer_1,streed,4,246.0,3,0.0001,0.01,0.1,0.978997301448009,5.347301322340338,1.9145524501800537,3.9941425717115897,0.9831495573725916,4.031733416268723,0.9789812110283996,5.0,full
yacht,outer_1,streed,4,246.0,3,0.0001,0.01,0.001,0.9825404015580296,4.506374181491656,1.8884389400482176,3.002750374704912,0.987332031342158,3.0702363916072417,0.9839938199912424,5.0,full
yacht,outer_1,streed,4,246.0,3,0.0001,0.001,0.1,0.98891910257418,2.8035095567452344,1.9239423274993896,1.472246264532408,0.9937889044348036,1.282359215354578,0.9933146279898958,5.0,full
yacht,outer_1,streed,4,246.0,3,0.0001,0.001,0.001,0.9906364519626504,2.3596495133265685,2.809398651123047,0.9236776074961408,0.996103199559883,0.6021261910846197,0.996860912655184,5.0,full
yacht,outer_1,streed,4,246.0,3,0.0001,0.0001,0.1,0.9894527763568703,2.644413097275476,2.0000970363616943,1.2789426194571842,0.9946044116237754,1.0255227517842689,0.9946536032818168,5.0,full
yacht,outer_1,streed,4,246.0,3,0.0001,0.0001,0.001,0.9908892182798904,2.266375745878248,3.399916172027588,0.8728202960693677,0.9963177557989245,0.4685364941900595,0.9975573608966468,5.0,full
yacht,outer_1,streed,4,246.0,3,0.0001,1e-05,0.1,0.9895061803409144,2.628625236023645,2.029923915863037,1.2620286091895223,0.994675768255267,1.001516255113714,0.9947787572628388,5.0,full
yacht,outer_1,streed,4,246.0,3,0.0001,1e-05,0.001,0.9909053274522088,2.259064376412091,3.510472536087036,0.8721628651734992,0.9963205293608074,0.4586718065793413,0.9976087888472952,5.0,full
yacht,outer_2,streed,4,246.0,3,0.1,0.1,0.1,0.8810785672181147,24.365221040874623,0.0224311351776123,18.810822779157487,0.9107243334810105,26.49754661539178,0.9109647408408136,2.0,full
yacht,outer_2,streed,4,246.0,3,0.1,0.1,0.001,0.8821748167982686,24.160191613830943,0.0222022533416748,18.4372932345064,0.912497094803296,25.76752510138006,0.9134177096244996,2.0,full
yacht,outer_2,streed,4,246.0,3,0.1,0.01,0.1,0.9793684643245184,4.218306851129338,0.0036351680755615,3.556980875321919,0.9831186630075792,10.172018078804928,0.9658206746849444,2.0,full
yacht,outer_2,streed,4,246.0,3,0.1,0.01,0.001,0.9806558673116113,3.96178203314272,0.0035812854766845,3.1564422106939056,0.9850196088976714,9.038869987618048,0.9696282020545144,2.0,full
yacht,outer_2,streed,4,246.0,3,0.1,0.001,0.1,0.985991009898984,2.8436848371810566,0.0036282539367675,2.4641679321728605,0.9883051242817936,7.513143644467417,0.9747548442429466,2.0,full
yacht,outer_2,streed,4,246.0,3,0.1,0.001,0.001,0.9861065015970066,2.8212932707874376,0.0036177635192871,2.340506240929607,0.9888920193920298,6.9455801460933095,0.9766619326198636,2.0,full
yacht,outer_2,streed,4,246.0,3,0.1,0.0001,0.1,0.9851123653123072,3.078842666189004,0.0036027431488037,2.416853810176949,0.9885296758512032,7.36225750207901,0.9752618416259904,2.0,full
yacht,outer_2,streed,4,246.0,3,0.1,0.0001,0.001,0.9862180668873124,2.793993222475216,0.0036273002624511,2.3297014888634977,0.9889432984590648,6.8700249043592,0.9769158082192266,2.0,full
yacht,outer_2,streed,4,246.0,3,0.1,1e-05,0.1,0.9851409671076118,3.072377789351149,0.0035858154296875,2.4129501960445623,0.9885482023004496,7.348729981243347,0.9753072958841096,2.0,full
yacht,outer_2,streed,4,246.0,3,0.1,1e-05,0.001,0.9862234014190578,2.7924258155010926,0.0035774707794189,2.3295547497364604,0.9889439948790738,6.864245378864159,0.9769352281888464,2.0,full
yacht,outer_2,streed,4,246.0,3,0.08,0.1,0.1,0.8810785672181147,24.365221040874623,0.0225896835327148,18.810822779157487,0.9107243334810105,26.49754661539178,0.9109647408408136,2.0,full
yacht,outer_2,streed,4,246.0,3,0.08,0.1,0.001,0.8821748167982686,24.160191613830943,0.0224852561950683,18.4372932345064,0.912497094803296,25.76752510138006,0.9134177096244996,2.0,full
yacht,outer_2,streed,4,246.0,3,0.08,0.01,0.1,0.9793684643245184,4.218306851129338,0.0037496089935302,3.556980875321919,0.9831186630075792,10.172018078804928,0.9658206746849444,2.0,full
yacht,outer_2,streed,4,246.0,3,0.08,0.01,0.001,0.9806558673116113,3.96178203314272,0.0037155151367187,3.1564422106939056,0.9850196088976714,9.038869987618048,0.9696282020545144,2.0,full
yacht,outer_2,streed,4,246.0,3,0.08,0.001,0.1,0.985991009898984,2.8436848371810566,0.0036735534667968,2.4641679321728605,0.9883051242817936,7.513143644467417,0.9747548442429466,2.0,full
yacht,outer_2,streed,4,246.0,3,0.08,0.001,0.001,0.9861065015970066,2.8212932707874376,0.0036818981170654,2.340506240929607,0.9888920193920298,6.9455801460933095,0.9766619326198636,2.0,full
yacht,outer_2,streed,4,246.0,3,0.08,0.0001,0.1,0.9851123653123072,3.078842666189004,0.0036895275115966,2.416853810176949,0.9885296758512032,7.36225750207901,0.9752618416259904,2.0,full
yacht,outer_2,streed,4,246.0,3,0.08,0.0001,0.001,0.9862180668873124,2.793993222475216,0.0036618709564208,2.3297014888634977,0.9889432984590648,6.8700249043592,0.9769158082192266,2.0,full
yacht,outer_2,streed,4,246.0,3,0.08,1e-05,0.1,0.9851409671076118,3.072377789351149,0.0036735534667968,2.4129501960445623,0.9885482023004496,7.348729981243347,0.9753072958841096,2.0,full
yacht,outer_2,streed,4,246.0,3,0.08,1e-05,0.001,0.9862234014190578,2.7924258155010926,0.0036733150482177,2.3295547497364604,0.9889439948790738,6.864245378864159,0.9769352281888464,2.0,full
yacht,outer_2,streed,4,246.0,3,0.05,0.1,0.1,0.8810785672181147,24.365221040874623,0.2798893451690674,18.810822779157487,0.9107243334810105,26.49754661539178,0.9109647408408136,2.0,full
yacht,outer_2,streed,4,246.0,3,0.05,0.1,0.001,0.8821748167982686,24.160191613830943,0.2805569171905517,18.4372932345064,0.912497094803296,25.76752510138006,0.9134177096244996,2.0,full
yacht,outer_2,streed,4,246.0,3,0.05,0.01,0.1,0.9793684643245184,4.218306851129338,0.0230679512023925,3.556980875321919,0.9831186630075792,10.172018078804928,0.9658206746849444,2.0,full
yacht,outer_2,streed,4,246.0,3,0.05,0.01,0.001,0.9806558673116113,3.96178203314272,0.0037486553192138,3.1564422106939056,0.9850196088976714,9.038869987618048,0.9696282020545144,2.0,full
yacht,outer_2,streed,4,246.0,3,0.05,0.001,0.1,0.985991009898984,2.8436848371810566,0.0037322044372558,2.4641679321728605,0.9883051242817936,7.513143644467417,0.9747548442429466,2.0,full
yacht,outer_2,streed,4,246.0,3,0.05,0.001,0.001,0.9861065015970066,2.8212932707874376,0.0038075447082519,2.340506240929607,0.9888920193920298,6.9455801460933095,0.9766619326198636,2.0,full
yacht,outer_2,streed,4,246.0,3,0.05,0.0001,0.1,0.9851123653123072,3.078842666189004,0.0037055015563964,2.416853810176949,0.9885296758512032,7.36225750207901,0.9752618416259904,2.0,full
yacht,outer_2,streed,4,246.0,3,0.05,0.0001,0.001,0.9862180668873124,2.793993222475216,0.0036780834197998,2.3297014888634977,0.9889432984590648,6.8700249043592,0.9769158082192266,2.0,full
yacht,outer_2,streed,4,246.0,3,0.05,1e-05,0.1,0.9851409671076118,3.072377789351149,0.0036795139312744,2.4129501960445623,0.9885482023004496,7.348729981243347,0.9753072958841096,2.0,full
yacht,outer_2,streed,4,246.0,3,0.05,1e-05,0.001,0.9862234014190578,2.7924258155010926,0.0036907196044921,2.3295547497364604,0.9889439948790738,6.864245378864159,0.9769352281888464,2.0,full
yacht,outer_2,streed,4,246.0,3,0.03,0.1,0.1,0.8810785672181147,24.365221040874623,1.035905361175537,10.947677428746193,0.9480426129808028,19.77343478775773,0.933558645396528,3.0,full
yacht,outer_2,streed,4,246.0,3,0.03,0.1,0.001,0.8821748167982686,24.160191613830943,0.2831623554229736,10.51449970885536,0.950098462962404,18.9732199191088,0.9362474731301794,3.0,full
yacht,outer_2,streed,4,246.0,3,0.03,0.01,0.1,0.9793684643245184,4.218306851129338,0.0236945152282714,3.556980875321919,0.9831186630075792,10.172018078804928,0.9658206746849444,2.0,full
yacht,outer_2,streed,4,246.0,3,0.03,0.01,0.001,0.9806558673116113,3.96178203314272,0.0234582424163818,3.1564422106939056,0.9850196088976714,9.038869987618048,0.9696282020545144,2.0,full
yacht,outer_2,streed,4,246.0,3,0.03,0.001,0.1,0.985991009898984,2.8436848371810566,0.0218513011932373,2.4641679321728605,0.9883051242817936,7.513143644467417,0.9747548442429466,2.0,full
yacht,outer_2,streed,4,246.0,3,0.03,0.001,0.001,0.9861065015970066,2.8212932707874376,0.0037839412689208,2.340506240929607,0.9888920193920298,6.9455801460933095,0.9766619326198636,2.0,full
yacht,outer_2,streed,4,246.0,3,0.03,0.0001,0.1,0.9851123653123072,3.078842666189004,0.0043659210205078,2.416853810176949,0.9885296758512032,7.36225750207901,0.9752618416259904,2.0,full
yacht,outer_2,streed,4,246.0,3,0.03,0.0001,0.001,0.9862180668873124,2.793993222475216,0.0037763118743896,2.3297014888634977,0.9889432984590648,6.8700249043592,0.9769158082192266,2.0,full
yacht,outer_2,streed,4,246.0,3,0.03,1e-05,0.1,0.9851409671076118,3.072377789351149,0.0043988227844238,2.4129501960445623,0.9885482023004496,7.348729981243347,0.9753072958841096,2.0,full
yacht,outer_2,streed,4,246.0,3,0.03,1e-05,0.001,0.9862234014190578,2.7924258155010926,0.0037233829498291,2.3295547497364604,0.9889439948790738,6.864245378864159,0.9769352281888464,2.0,full
yacht,outer_2,streed,4,246.0,3,0.01,0.1,0.1,0.8821159900776577,24.100720211502587,4.376610279083252,10.947677428746193,0.9480426129808028,19.77343478775773,0.933558645396528,3.0,full
yacht,outer_2,streed,4,246.0,3,0.01,0.1,0.001,0.8832906663854342,23.875695144002112,4.265867710113525,10.51449970885536,0.950098462962404,18.9732199191088,0.9362474731301794,3.0,full
yacht,outer_2,streed,4,246.0,3,0.01,0.01,0.1,0.9796571119761578,4.144713385791026,3.342988967895508,3.967133607493341,0.9811720890076496,8.553185744713865,0.9712601653099876,3.0,full
yacht,outer_2,streed,4,246.0,3,0.01,0.01,0.001,0.9806558673116113,3.96178203314272,1.014248609542847,2.7752176292463377,0.986828890660714,6.5166625882104,0.9781031523100612,3.0,full
yacht,outer_2,streed,4,246.0,3,0.01,0.001,0.1,0.985991009898984,2.8436848371810566,0.9935638904571532,2.4641679321728605,0.9883051242817936,7.513143644467417,0.9747548442429466,2.0,full
yacht,outer_2,streed,4,246.0,3,0.01,0.001,0.001,0.9861065015970066,2.8212932707874376,0.0258808135986328,2.340506240929607,0.9888920193920298,6.9455801460933095,0.9766619326198636,2.0,full
yacht,outer_2,streed,4,246.0,3,0.01,0.0001,0.1,0.9876553653067468,2.430480620341451,0.299015998840332,2.416853810176949,0.9885296758512032,7.36225750207901,0.9752618416259904,2.0,full
yacht,outer_2,streed,4,246.0,3,0.01,0.0001,0.001,0.9862180668873124,2.793993222475216,0.0242624282836914,2.3297014888634977,0.9889432984590648,6.8700249043592,0.9769158082192266,2.0,full
yacht,outer_2,streed,4,246.0,3,0.01,1e-05,0.1,0.9876843077597892,2.4239288895718603,0.2830116748809814,2.4129501960445623,0.9885482023004496,7.348729981243347,0.9753072958841096,2.0,full
yacht,outer_2,streed,4,246.0,3,0.01,1e-05,0.001,0.9862234014190578,2.7924258155010926,0.0232460498809814,2.3295547497364604,0.9889439948790738,6.864245378864159,0.9769352281888464,2.0,full
yacht,outer_2,streed,4,246.0,3,0.008,0.1,0.1,0.8821159900776577,24.100720211502587,4.416558027267456,10.947677428746193,0.9480426129808028,19.77343478775773,0.933558645396528,3.0,full
yacht,outer_2,streed,4,246.0,3,0.008,0.1,0.001,0.8832906663854342,23.875695144002112,4.370532751083374,10.51449970885536,0.950098462962404,18.9732199191088,0.9362474731301794,3.0,full
yacht,outer_2,streed,4,246.0,3,0.008,0.01,0.1,0.9796571119761578,4.144713385791026,3.062873363494873,3.967133607493341,0.9811720890076496,8.553185744713865,0.9712601653099876,3.0,full
yacht,outer_2,streed,4,246.0,3,0.008,0.01,0.001,0.981262811750763,3.807035773156597,3.418623208999634,2.7752176292463377,0.986828890660714,6.5166625882104,0.9781031523100612,3.0,full
yacht,outer_2,streed,4,246.0,3,0.008,0.001,0.1,0.987464952014939,2.467889269799628,1.1027355194091797,2.4641679321728605,0.9883051242817936,7.513143644467417,0.9747548442429466,2.0,full
yacht,outer_2,streed,4,246.0,3,0.008,0.001,0.001,0.9877243517076374,2.408806990843713,0.0240144729614257,2.340506240929607,0.9888920193920298,6.9455801460933095,0.9766619326198636,2.0,full
yacht,outer_2,streed,4,246.0,3,0.008,0.0001,0.1,0.9876553653067468,2.430480620341451,1.1088111400604248,2.416853810176949,0.9885296758512032,7.36225750207901,0.9752618416259904,2.0,full
yacht,outer_2,streed,4,246.0,3,0.008,0.0001,0.001,0.9878404058534704,2.38036246610225,0.0261781215667724,2.3297014888634977,0.9889432984590648,6.8700249043592,0.9769158082192266,2.0,full
yacht,outer_2,streed,4,246.0,3,0.008,1e-05,0.1,0.9876843077597892,2.4239288895718603,1.113142728805542,2.4129501960445623,0.9885482023004496,7.348729981243347,0.9753072958841096,2.0,full
yacht,outer_2,streed,4,246.0,3,0.008,1e-05,0.001,0.9878450569388614,2.378969310279376,0.024188756942749,2.3295547497364604,0.9889439948790738,6.864245378864159,0.9769352281888464,2.0,full
yacht,outer_2,streed,4,246.0,3,0.005,0.1,0.1,0.8875707451612004,23.07447265797308,4.617323637008667,10.947677428746193,0.9480426129808028,19.77343478775773,0.933558645396528,3.0,full
yacht,outer_2,streed,4,246.0,3,0.005,0.1,0.001,0.8892976317228798,22.748089789935005,4.578608512878418,10.51449970885536,0.950098462962404,18.9732199191088,0.9362474731301794,3.0,full
yacht,outer_2,streed,4,246.0,3,0.005,0.01,0.1,0.98097572270305,3.884707134479095,1.877136468887329,3.967133607493341,0.9811720890076496,8.553185744713865,0.9712601653099876,3.0,full
yacht,outer_2,streed,4,246.0,3,0.005,0.01,0.001,0.9840302155632904,3.279958594015019,2.5554134845733643,2.7752176292463377,0.986828890660714,6.5166625882104,0.9781031523100612,3.0,full
yacht,outer_2,streed,4,246.0,3,0.005,0.001,0.1,0.9925346011769292,1.5243364879699195,2.833223342895508,1.3217235407499792,0.9937271350945353,3.917817840886222,0.9868356141847802,3.0,full
yacht,outer_2,streed,4,246.0,3,0.005,0.001,0.001,0.9932668896952968,1.3816707882929995,0.2870247364044189,0.8708676343577161,0.9958668852808904,3.859332246080109,0.987032133514144,3.0,full
yacht,outer_2,streed,4,246.0,3,0.005,0.0001,0.1,0.9930175388854132,1.4324109464780983,3.2418875694274902,1.1693773407629615,0.9944501661232762,3.5375305459057054,0.9881134297635202,3.0,full
yacht,outer_2,streed,4,246.0,3,0.005,0.0001,0.001,0.99338805083007,1.353497866236147,0.0241174697875976,0.8500673089928851,0.9959656030739692,3.632988551759313,0.987792678245904,3.0,full
yacht,outer_2,streed,4,246.0,3,0.005,1e-05,0.1,0.9930610266265087,1.423250637040543,3.235003471374512,1.1564170763122352,0.9945116751949784,3.5013895315395924,0.9882348683490266,3.0,full
yacht,outer_2,streed,4,246.0,3,0.005,1e-05,0.001,0.9933874353179588,1.3531931366621306,0.0263347625732421,0.8497763067977558,0.9959669841626771,3.612424330329232,0.9878617767481545,3.0,full
yacht,outer_2,streed,4,246.0,3,0.003,0.1,0.1,0.8875707451612004,23.07447265797308,4.773012161254883,10.512135921740688,0.9501096814334218,19.111334229642623,0.9357833907903892,4.0,full
yacht,outer_2,streed,4,246.0,3,0.003,0.1,0.001,0.8892976317228798,22.748089789935005,4.689913749694824,10.062378342936896,0.952244218986142,18.32646454093179,0.9384206566910732,4.0,full
yacht,outer_2,streed,4,246.0,3,0.003,0.01,0.1,0.98097572270305,3.884707134479095,1.771354913711548,3.967133607493341,0.9811720890076496,8.553185744713865,0.9712601653099876,3.0,full
yacht,outer_2,streed,4,246.0,3,0.003,0.01,0.001,0.9840302155632904,3.279958594015019,1.808316707611084,2.7752176292463377,0.986828890660714,6.5166625882104,0.9781031523100612,3.0,full
yacht,outer_2,streed,4,246.0,3,0.003,0.001,0.1,0.9925346011769292,1.5243364879699195,2.003981590270996,1.3217235407499792,0.9937271350945353,3.917817840886222,0.9868356141847802,3.0,full
yacht,outer_2,streed,4,246.0,3,0.003,0.001,0.001,0.9932668896952968,1.3816707882929995,1.1378376483917236,0.8708676343577161,0.9958668852808904,3.859332246080109,0.987032133514144,3.0,full
yacht,outer_2,streed,4,246.0,3,0.003,0.0001,0.1,0.9930175388854132,1.4324109464780983,2.2816176414489746,1.1693773407629615,0.9944501661232762,3.5375305459057054,0.9881134297635202,3.0,full
yacht,outer_2,streed,4,246.0,3,0.003,0.0001,0.001,0.99338805083007,1.353497866236147,0.3048443794250488,0.8500673089928851,0.9959656030739692,3.632988551759313,0.987792678245904,3.0,full
yacht,outer_2,streed,4,246.0,3,0.003,1e-05,0.1,0.9930610266265087,1.423250637040543,2.3260464668273926,1.1564170763122352,0.9945116751949784,3.5013895315395924,0.9882348683490266,3.0,full
yacht,outer_2,streed,4,246.0,3,0.003,1e-05,0.001,0.9933874353179588,1.3531931366621306,0.3079953193664551,0.8497763067977558,0.9959669841626771,3.612424330329232,0.9878617767481545,3.0,full
yacht,outer_2,streed,4,246.0,3,0.001,0.1,0.1,0.8876474015569632,23.05594283566036,4.932554960250855,10.433969062197471,0.9504806592777908,19.02074536630785,0.9360877813455232,5.0,full
yacht,outer_2,streed,4,246.0,3,0.001,0.1,0.001,0.8892976317228798,22.748089789935005,4.811002969741821,10.062378342936896,0.952244218986142,18.32646454093179,0.9384206566910732,4.0,full
yacht,outer_2,streed,4,246.0,3,0.001,0.01,0.1,0.98097572270305,3.884707134479095,1.883307933807373,3.430358532002466,0.9837196092941268,7.963953405803688,0.9732400638553634,4.0,full
yacht,outer_2,streed,4,246.0,3,0.001,0.01,0.001,0.9840302155632904,3.279958594015019,1.937678575515747,2.535833139229428,0.9879650031078656,6.34302430771526,0.9786865998845948,4.0,full
yacht,outer_2,streed,4,246.0,3,0.001,0.001,0.1,0.9925346011769292,1.5243364879699195,2.0426337718963623,1.022911527285977,0.9951452889934408,3.634134674143424,0.9877888271231952,4.0,full
yacht,outer_2,streed,4,246.0,3,0.001,0.001,0.001,0.9932668896952968,1.3816707882929995,3.2387678623199463,0.588496617308311,0.9972070106464144,2.665075811075718,0.9910449929964394,4.0,full
yacht,outer_2,streed,4,246.0,3,0.001,0.0001,0.1,0.9930175388854132,1.4324109464780983,2.181363821029663,0.8382816349301396,0.9960215375708108,3.219689532824348,0.9891814175807272,4.0,full
yacht,outer_2,streed,4,246.0,3,0.001,0.0001,0.001,0.99338805083007,1.353497866236147,4.268152475357056,0.5388421528957876,0.9974426694189262,2.446951974784111,0.991777917918694,4.0,full
yacht,outer_2,streed,4,246.0,3,0.001,1e-05,0.1,0.9930610266265087,1.423250637040543,2.2023260593414307,0.82217828068836,0.9960979636633854,3.180560206898162,0.9893128972880804,4.0,full
yacht,outer_2,streed,4,246.0,3,0.001,1e-05,0.001,0.9933874353179588,1.3531931366621306,4.048739433288574,0.538118521805349,0.9974461037529088,2.430237953102942,0.991834079240856,4.0,full
yacht,outer_2,streed,4,246.0,3,0.0005,0.1,0.1,0.8876474015569632,23.05594283566036,4.964592933654785,10.433969062197471,0.9504806592777908,19.02074536630785,0.9360877813455232,5.0,full
yacht,outer_2,streed,4,246.0,3,0.0005,0.1,0.001,0.8894212952913101,22.71817174377576,4.899986982345581,9.9896491600725,0.9525893897610638,18.241036643988988,0.938707705716937,5.0,full
yacht,outer_2,streed,4,246.0,3,0.0005,0.01,0.1,0.9810176832976402,3.8745748144846246,1.908863067626953,3.4713680276578502,0.983524979314289,7.920574629328056,0.9733858222782686,5.0,full
yacht,outer_2,streed,4,246.0,3,0.0005,0.01,0.001,0.9840302155632904,3.279958594015019,1.893354415893555,2.535833139229428,0.9879650031078656,6.34302430771526,0.9786865998845948,4.0,full
yacht,outer_2,streed,4,246.0,3,0.0005,0.001,0.1,0.9926037982438046,1.5082280594635509,2.0494327545166016,1.0700404893691249,0.9949216161880712,3.63238390655371,0.9877947099337188,5.0,full
yacht,outer_2,streed,4,246.0,3,0.0005,0.001,0.001,0.9932668896952968,1.3816707882929995,3.134934902191162,0.588496617308311,0.9972070106464144,2.665075811075718,0.9910449929964394,4.0,full
yacht,outer_2,streed,4,246.0,3,0.0005,0.0001,0.1,0.9930901707096697,1.4155480703616987,2.1787548065185547,0.883617024419968,0.9958063770134488,3.219996133618665,0.9891803873615308,5.0,full
yacht,outer_2,streed,4,246.0,3,0.0005,0.0001,0.001,0.993504896827174,1.323706867456335,3.982260227203369,0.5388421528957876,0.9974426694189262,2.446951974784111,0.991777917918694,4.0,full
yacht,outer_2,streed,4,246.0,3,0.0005,1e-05,0.1,0.993134009701258,1.406310605441788,2.1905460357666016,0.8672972555083583,0.9958838302043124,3.1810421245680978,0.9893112779810078,5.0,full
yacht,outer_2,streed,4,246.0,3,0.0005,1e-05,0.001,0.9935041759300884,1.323429006784293,4.22403621673584,0.538118521805349,0.9974461037529088,2.430237953102942,0.991834079240856,4.0,full
yacht,outer_2,streed,4,246.0,3,0.0001,0.1,0.1,0.8876474015569632,23.05594283566036,4.928706169128418,10.433969062197471,0.9504806592777908,19.02074536630785,0.9360877813455232,5.0,full
yacht,outer_2,streed,4,246.0,3,0.0001,0.1,0.001,0.8894721491793297,22.70925874644668,4.995059490203857,9.977480308475547,0.9526471428083304,18.236335805779976,0.9387235011546912,6.0,full
yacht,outer_2,streed,4,246.0,3,0.0001,0.01,0.1,0.9810176832976402,3.8745748144846246,1.9298095703125,3.4713680276578502,0.983524979314289,7.920574629328056,0.9733858222782686,5.0,full
yacht,outer_2,streed,4,246.0,3,0.0001,0.01,0.001,0.9843389944574078,3.213675929372437,1.9619810581207275,2.515651421077124,0.988060785007504,6.322829718928788,0.9787544563723034,5.0,full
yacht,outer_2,streed,4,246.0,3,0.0001,0.001,0.1,0.9926037982438046,1.5082280594635509,2.112643003463745,1.0700404893691249,0.9949216161880712,3.63238390655371,0.9877947099337188,5.0,full
yacht,outer_2,streed,4,246.0,3,0.0001,0.001,0.001,0.9936008963127808,1.310618114276281,3.143297910690308,0.5369445936111248,0.9974516751850157,2.653813195446403,0.9910828368736828,5.0,full
yacht,outer_2,streed,4,246.0,3,0.0001,0.0001,0.1,0.9930901707096697,1.4155480703616987,2.2490971088409424,0.883617024419968,0.9958063770134488,3.219996133618665,0.9891803873615308,5.0,full
yacht,outer_2,streed,4,246.0,3,0.0001,0.0001,0.001,0.9937226864543984,1.282380422038048,3.975492000579834,0.4863630696439684,0.9976917337576112,2.441385253304796,0.9917966228386916,5.0,full
yacht,outer_2,streed,4,246.0,3,0.0001,1e-05,0.1,0.993134009701258,1.406310605441788,2.265594005584717,0.8672972555083583,0.9958838302043124,3.1810421245680978,0.9893112779810078,5.0,full
yacht,outer_2,streed,4,246.0,3,0.0001,1e-05,0.001,0.9937221029070524,1.282075891458356,4.041981220245361,0.4856187806426443,0.9976952661334916,2.425383180119899,0.9918503919197988,5.0,full
yacht,outer_3,streed,4,247.0,3,0.1,0.1,0.1,0.8804353621995945,27.07888792255324,0.022165298461914,19.410171328357634,0.9145215461581426,23.61333868172023,0.8995899112073616,2.0,full
yacht,outer_3,streed,4,247.0,3,0.1,0.1,0.001,0.8814731359503506,26.80951985952376,0.0219502449035644,19.03704307511789,0.916164727232235,23.21166419198208,0.9012979361386928,2.0,full
yacht,outer_3,streed,4,247.0,3,0.1,0.01,0.1,0.9687747051708424,7.160710442578586,0.0035846233367919,5.545139816997447,0.9755803300302982,4.832758876365718,0.9794498459353846,2.0,full
yacht,outer_3,streed,4,247.0,3,0.1,0.01,0.001,0.9714153182917968,6.547489135296143,0.0035634040832519,3.932054379449453,0.9826840308057248,3.4013644507070144,0.9855365092113804,2.0,full
yacht,outer_3,streed,4,247.0,3,0.1,0.001,0.1,0.9810196958375624,4.390451511118248,0.003549575805664,3.249671672465153,0.9856891057087074,3.059422625288003,0.9869905352394244,2.0,full
yacht,outer_3,streed,4,247.0,3,0.1,0.001,0.001,0.9814540379508512,4.2693473135937365,0.0036096572875976,3.137503264598998,0.986183072604316,3.164175909922069,0.9865450968898034,2.0,full
yacht,outer_3,streed,4,247.0,3,0.1,0.0001,0.1,0.9805875547319712,4.500707739646162,0.0035591125488281,3.206355611081324,0.9858798608489364,3.0834899947373824,0.9868881944931204,2.0,full
yacht,outer_3,streed,4,247.0,3,0.1,0.0001,0.001,0.9814496733295164,4.2561145480474405,0.003558874130249,3.1272252173125987,0.9862283350378976,3.224025975048372,0.9862905987675948,2.0,full
yacht,outer_3,streed,4,247.0,3,0.1,1e-05,0.1,0.9806034166342956,4.495660385616859,0.0035517215728759,3.202824306168823,0.9858954119988392,3.086862315592253,0.9868738545032936,2.0,full
yacht,outer_3,streed,4,247.0,3,0.1,1e-05,0.001,0.981444085107149,4.255945624371639,0.0035557746887207,3.127081648077206,0.9862289672876626,3.2310685902226988,0.9862606517268768,2.0,full
yacht,outer_3,streed,4,247.0,3,0.08,0.1,0.1,0.8804353621995945,27.07888792255324,0.022334337234497,19.410171328357634,0.9145215461581426,23.61333868172023,0.8995899112073616,2.0,full
yacht,outer_3,streed,4,247.0,3,0.08,0.1,0.001,0.8814731359503506,26.80951985952376,0.0225677490234375,19.03704307511789,0.916164727232235,23.21166419198208,0.9012979361386928,2.0,full
yacht,outer_3,streed,4,247.0,3,0.08,0.01,0.1,0.9687747051708424,7.160710442578586,0.0036876201629638,5.545139816997447,0.9755803300302982,4.832758876365718,0.9794498459353846,2.0,full
yacht,outer_3,streed,4,247.0,3,0.08,0.01,0.001,0.9714153182917968,6.547489135296143,0.0036242008209228,3.932054379449453,0.9826840308057248,3.4013644507070144,0.9855365092113804,2.0,full
yacht,outer_3,streed,4,247.0,3,0.08,0.001,0.1,0.9810196958375624,4.390451511118248,0.0036392211914062,3.249671672465153,0.9856891057087074,3.059422625288003,0.9869905352394244,2.0,full
yacht,outer_3,streed,4,247.0,3,0.08,0.001,0.001,0.9814540379508512,4.2693473135937365,0.0036699771881103,3.137503264598998,0.986183072604316,3.164175909922069,0.9865450968898034,2.0,full
yacht,outer_3,streed,4,247.0,3,0.08,0.0001,0.1,0.9805875547319712,4.500707739646162,0.0037152767181396,3.206355611081324,0.9858798608489364,3.0834899947373824,0.9868881944931204,2.0,full
yacht,outer_3,streed,4,247.0,3,0.08,0.0001,0.001,0.9814496733295164,4.2561145480474405,0.0036849975585937,3.1272252173125987,0.9862283350378976,3.224025975048372,0.9862905987675948,2.0,full
yacht,outer_3,streed,4,247.0,3,0.08,1e-05,0.1,0.9806034166342956,4.495660385616859,0.0036513805389404,3.202824306168823,0.9858954119988392,3.086862315592253,0.9868738545032936,2.0,full
yacht,outer_3,streed,4,247.0,3,0.08,1e-05,0.001,0.981444085107149,4.255945624371639,0.0038027763366699,3.127081648077206,0.9862289672876626,3.2310685902226988,0.9862606517268768,2.0,full
yacht,outer_3,streed,4,247.0,3,0.05,0.1,0.1,0.8804353621995945,27.07888792255324,0.276003360748291,19.410171328357634,0.9145215461581426,23.61333868172023,0.8995899112073616,2.0,full
yacht,outer_3,streed,4,247.0,3,0.05,0.1,0.001,0.8814731359503506,26.80951985952376,0.2614459991455078,19.03704307511789,0.916164727232235,23.21166419198208,0.9012979361386928,2.0,full
yacht,outer_3,streed,4,247.0,3,0.05,0.01,0.1,0.9687747051708424,7.160710442578586,0.0231359004974365,5.545139816997447,0.9755803300302982,4.832758876365718,0.9794498459353846,2.0,full
yacht,outer_3,streed,4,247.0,3,0.05,0.01,0.001,0.9714153182917968,6.547489135296143,0.0036914348602294,3.932054379449453,0.9826840308057248,3.4013644507070144,0.9855365092113804,2.0,full
yacht,outer_3,streed,4,247.0,3,0.05,0.001,0.1,0.9810196958375624,4.390451511118248,0.003711462020874,3.249671672465153,0.9856891057087074,3.059422625288003,0.9869905352394244,2.0,full
yacht,outer_3,streed,4,247.0,3,0.05,0.001,0.001,0.9814540379508512,4.2693473135937365,0.0037016868591308,3.137503264598998,0.986183072604316,3.164175909922069,0.9865450968898034,2.0,full
yacht,outer_3,streed,4,247.0,3,0.05,0.0001,0.1,0.9805875547319712,4.500707739646162,0.0036766529083251,3.206355611081324,0.9858798608489364,3.0834899947373824,0.9868881944931204,2.0,full
yacht,outer_3,streed,4,247.0,3,0.05,0.0001,0.001,0.9814496733295164,4.2561145480474405,0.0036513805389404,3.1272252173125987,0.9862283350378976,3.224025975048372,0.9862905987675948,2.0,full
yacht,outer_3,streed,4,247.0,3,0.05,1e-05,0.1,0.9806034166342956,4.495660385616859,0.0036787986755371,3.202824306168823,0.9858954119988392,3.086862315592253,0.9868738545032936,2.0,full
yacht,outer_3,streed,4,247.0,3,0.05,1e-05,0.001,0.981444085107149,4.255945624371639,0.003732681274414,3.127081648077206,0.9862289672876626,3.2310685902226988,0.9862606517268768,2.0,full
yacht,outer_3,streed,4,247.0,3,0.03,0.1,0.1,0.8804353621995945,27.07888792255324,1.017679214477539,11.719468943289462,0.9483898380816193,16.01858916838735,0.931884771467082,3.0,full
yacht,outer_3,streed,4,247.0,3,0.03,0.1,0.001,0.8814731359503506,26.80951985952376,0.2809855937957763,11.284517495860689,0.9503052759514627,15.693800964276544,0.933265855813228,3.0,full
yacht,outer_3,streed,4,247.0,3,0.03,0.01,0.1,0.9687747051708424,7.160710442578586,0.0232434272766113,5.545139816997447,0.9755803300302982,4.832758876365718,0.9794498459353846,2.0,full
yacht,outer_3,streed,4,247.0,3,0.03,0.01,0.001,0.9714153182917968,6.547489135296143,0.0232012271881103,3.932054379449453,0.9826840308057248,3.4013644507070144,0.9855365092113804,2.0,full
yacht,outer_3,streed,4,247.0,3,0.03,0.001,0.1,0.9810196958375624,4.390451511118248,0.023111343383789,3.249671672465153,0.9856891057087074,3.059422625288003,0.9869905352394244,2.0,full
yacht,outer_3,streed,4,247.0,3,0.03,0.001,0.001,0.9814540379508512,4.2693473135937365,0.0037872791290283,3.137503264598998,0.986183072604316,3.164175909922069,0.9865450968898034,2.0,full
yacht,outer_3,streed,4,247.0,3,0.03,0.0001,0.1,0.9805875547319712,4.500707739646162,0.0043418407440185,3.206355611081324,0.9858798608489364,3.0834899947373824,0.9868881944931204,2.0,full
yacht,outer_3,streed,4,247.0,3,0.03,0.0001,0.001,0.9814496733295164,4.2561145480474405,0.0037155151367187,3.1272252173125987,0.9862283350378976,3.224025975048372,0.9862905987675948,2.0,full
yacht,outer_3,streed,4,247.0,3,0.03,1e-05,0.1,0.9806034166342956,4.495660385616859,0.0044202804565429,3.202824306168823,0.9858954119988392,3.086862315592253,0.9868738545032936,2.0,full
yacht,outer_3,streed,4,247.0,3,0.03,1e-05,0.001,0.981444085107149,4.255945624371639,0.0037503242492675,3.127081648077206,0.9862289672876626,3.2310685902226988,0.9862606517268768,2.0,full
yacht,outer_3,streed,4,247.0,3,0.01,0.1,0.1,0.8840937580335853,26.227770622151013,4.287942886352539,11.719468943289462,0.9483898380816193,16.01858916838735,0.931884771467082,3.0,full
yacht,outer_3,streed,4,247.0,3,0.01,0.1,0.001,0.8834170515321814,26.281721222196207,4.225978374481201,11.284517495860689,0.9503052759514627,15.693800964276544,0.933265855813228,3.0,full
yacht,outer_3,streed,4,247.0,3,0.01,0.01,0.1,0.9687747051708424,7.160710442578586,3.1155827045440674,4.3355170216114,0.980907263241362,5.316377987815443,0.977393371051548,3.0,full
yacht,outer_3,streed,4,247.0,3,0.01,0.01,0.001,0.9755886391635492,5.734194656280444,0.9959301948547364,3.120333629074709,0.9862586841933544,4.147208908383082,0.9823649836075604,3.0,full
yacht,outer_3,streed,4,247.0,3,0.01,0.001,0.1,0.9810196958375624,4.390451511118248,1.0324363708496094,3.249671672465153,0.9856891057087074,3.059422625288003,0.9869905352394244,2.0,full
yacht,outer_3,streed,4,247.0,3,0.01,0.001,0.001,0.9814540379508512,4.2693473135937365,0.0242061614990234,3.137503264598998,0.986183072604316,3.164175909922069,0.9865450968898034,2.0,full
yacht,outer_3,streed,4,247.0,3,0.01,0.0001,0.1,0.9805875547319712,4.500707739646162,0.2935264110565185,3.206355611081324,0.9858798608489364,3.0834899947373824,0.9868881944931204,2.0,full
yacht,outer_3,streed,4,247.0,3,0.01,0.0001,0.001,0.9814496733295164,4.2561145480474405,0.0239231586456298,3.1272252173125987,0.9862283350378976,3.224025975048372,0.9862905987675948,2.0,full
yacht,outer_3,streed,4,247.0,3,0.01,1e-05,0.1,0.9806034166342956,4.495660385616859,0.2810750007629394,3.202824306168823,0.9858954119988392,3.086862315592253,0.9868738545032936,2.0,full
yacht,outer_3,streed,4,247.0,3,0.01,1e-05,0.001,0.981444085107149,4.255945624371639,0.0240793228149414,3.127081648077206,0.9862289672876626,3.2310685902226988,0.9862606517268768,2.0,full
yacht,outer_3,streed,4,247.0,3,0.008,0.1,0.1,0.8872941967866274,25.54866164479941,4.318520545959473,11.719468943289462,0.9483898380816193,16.01858916838735,0.931884771467082,3.0,full
yacht,outer_3,streed,4,247.0,3,0.008,0.1,0.001,0.8888394067383527,25.1683136293756,4.3019020557403564,11.284517495860689,0.9503052759514627,15.693800964276544,0.933265855813228,3.0,full
yacht,outer_3,streed,4,247.0,3,0.008,0.01,0.1,0.9792779591426414,4.867858654605499,2.804506540298462,4.3355170216114,0.980907263241362,5.316377987815443,0.977393371051548,3.0,full
yacht,outer_3,streed,4,247.0,3,0.008,0.01,0.001,0.9829348609710464,4.035535996410371,3.278315305709839,3.120333629074709,0.9862586841933544,4.147208908383082,0.9823649836075604,3.0,full
yacht,outer_3,streed,4,247.0,3,0.008,0.001,0.1,0.9866783275560872,3.2419309415196467,1.0525970458984375,1.5473430140865383,0.9931858155103512,1.9533570673344904,0.9916938151263373,3.0,full
yacht,outer_3,streed,4,247.0,3,0.008,0.001,0.001,0.9876648725111208,3.0032468817334976,0.2789008617401123,1.2243853992202247,0.9946080552787812,1.647317909301528,0.9929951736274076,3.0,full
yacht,outer_3,streed,4,247.0,3,0.008,0.0001,0.1,0.9864300463843164,3.3118305199146896,1.0594885349273682,1.3923348562391826,0.9938684399674734,2.343670912761707,0.9900340986243804,3.0,full
yacht,outer_3,streed,4,247.0,3,0.008,0.0001,0.001,0.9877002235361008,2.97895391774494,0.0258536338806152,1.1778695016862608,0.9948129018477788,1.688933607679408,0.9928182127992244,3.0,full
yacht,outer_3,streed,4,247.0,3,0.008,1e-05,0.1,0.986456861941464,3.3042611405333098,1.0671141147613523,1.384409883777135,0.993903339937254,2.3452578886806057,0.9900273503879248,3.0,full
yacht,outer_3,streed,4,247.0,3,0.008,1e-05,0.001,0.9876935116928356,2.9786881532463987,0.0257847309112548,1.1771697746120673,0.9948159833037536,1.7006904655468118,0.9927682195662342,3.0,full
yacht,outer_3,streed,4,247.0,3,0.005,0.1,0.1,0.8872941967866274,25.54866164479941,4.384025812149048,11.719468943289462,0.9483898380816193,16.01858916838735,0.931884771467082,3.0,full
yacht,outer_3,streed,4,247.0,3,0.005,0.1,0.001,0.8888394067383527,25.1683136293756,4.393388748168945,11.284517495860689,0.9503052759514627,15.693800964276544,0.933265855813228,3.0,full
yacht,outer_3,streed,4,247.0,3,0.005,0.01,0.1,0.9792779591426414,4.867858654605499,1.8998615741729736,4.3355170216114,0.980907263241362,5.316377987815443,0.977393371051548,3.0,full
yacht,outer_3,streed,4,247.0,3,0.005,0.01,0.001,0.9829348609710464,4.035535996410371,2.3889527320861816,3.120333629074709,0.9862586841933544,4.147208908383082,0.9823649836075604,3.0,full
yacht,outer_3,streed,4,247.0,3,0.005,0.001,0.1,0.9903603460159216,2.242214521794776,2.7292399406433105,1.5473430140865383,0.9931858155103512,1.9533570673344904,0.9916938151263373,3.0,full
yacht,outer_3,streed,4,247.0,3,0.005,0.001,0.001,0.9913630397110196,1.9991458667718385,0.2870211601257324,1.2243853992202247,0.9946080552787812,1.647317909301528,0.9929951736274076,3.0,full
yacht,outer_3,streed,4,247.0,3,0.005,0.0001,0.1,0.9908657911496364,2.1074674989321283,3.143510103225708,1.3923348562391826,0.9938684399674734,2.343670912761707,0.9900340986243804,3.0,full
yacht,outer_3,streed,4,247.0,3,0.005,0.0001,0.001,0.9915164135781944,1.9428081494688352,0.2853667736053467,1.1778695016862608,0.9948129018477788,1.688933607679408,0.9928182127992244,3.0,full
yacht,outer_3,streed,4,247.0,3,0.005,1e-05,0.1,0.9909070237895948,2.095983692024786,3.1094799041748047,1.384409883777135,0.993903339937254,2.3452578886806057,0.9900273503879248,3.0,full
yacht,outer_3,streed,4,247.0,3,0.005,1e-05,0.001,0.991520690156354,1.9395588840875384,0.2819304466247558,1.1771697746120673,0.9948159833037536,1.7006904655468118,0.9927682195662342,3.0,full
yacht,outer_3,streed,4,247.0,3,0.003,0.1,0.1,0.8872941967866274,25.54866164479941,4.560863733291626,11.260162376361858,0.9504125309531152,15.432069385349989,0.934378806905578,4.0,full
yacht,outer_3,streed,4,247.0,3,0.003,0.1,0.001,0.8888394067383527,25.1683136293756,4.485296249389648,10.81084311492819,0.9523912417588568,15.19598691099567,0.9353826913004032,4.0,full
yacht,outer_3,streed,4,247.0,3,0.003,0.01,0.1,0.9792779591426414,4.867858654605499,1.69411039352417,4.3355170216114,0.980907263241362,5.316377987815443,0.977393371051548,3.0,full
yacht,outer_3,streed,4,247.0,3,0.003,0.01,0.001,0.9829348609710464,4.035535996410371,1.7671935558319092,3.120333629074709,0.9862586841933544,4.147208908383082,0.9823649836075604,3.0,full
yacht,outer_3,streed,4,247.0,3,0.003,0.001,0.1,0.9903603460159216,2.242214521794776,2.0972979068756104,1.5473430140865383,0.9931858155103512,1.9533570673344904,0.9916938151263373,3.0,full
yacht,outer_3,streed,4,247.0,3,0.003,0.001,0.001,0.9913630397110196,1.9991458667718385,1.079777479171753,1.2243853992202247,0.9946080552787812,1.647317909301528,0.9929951736274076,3.0,full
yacht,outer_3,streed,4,247.0,3,0.003,0.0001,0.1,0.9908657911496364,2.1074674989321283,2.338257312774658,1.3923348562391826,0.9938684399674734,2.343670912761707,0.9900340986243804,3.0,full
yacht,outer_3,streed,4,247.0,3,0.003,0.0001,0.001,0.9915164135781944,1.9428081494688352,0.3022804260253906,1.1778695016862608,0.9948129018477788,1.688933607679408,0.9928182127992244,3.0,full
yacht,outer_3,streed,4,247.0,3,0.003,1e-05,0.1,0.9909070237895948,2.095983692024786,2.3784778118133545,1.384409883777135,0.993903339937254,2.3452578886806057,0.9900273503879248,3.0,full
yacht,outer_3,streed,4,247.0,3,0.003,1e-05,0.001,0.991520690156354,1.9395588840875384,0.3035669326782226,1.1771697746120673,0.9948159833037536,1.7006904655468118,0.9927682195662342,3.0,full
yacht,outer_3,streed,4,247.0,3,0.001,0.1,0.1,0.8873941309775387,25.52085546516679,4.851018667221069,11.18326322964116,0.9507511791830688,15.369647779440012,0.9346442398914204,5.0,full
yacht,outer_3,streed,4,247.0,3,0.001,0.1,0.001,0.8888394067383527,25.1683136293756,4.770307302474976,10.81084311492819,0.9523912417588568,15.19598691099567,0.9353826913004032,4.0,full
yacht,outer_3,streed,4,247.0,3,0.001,0.01,0.1,0.9792779591426414,4.867858654605499,1.8269672393798828,3.869514189222216,0.9829594451064626,4.806548259430493,0.9795613003302608,4.0,full
yacht,outer_3,streed,4,247.0,3,0.001,0.01,0.001,0.9829348609710464,4.035535996410371,1.8522732257843015,2.8904223513508702,0.9872711667834452,3.731711510725502,0.984131787156785,4.0,full
yacht,outer_3,streed,4,247.0,3,0.001,0.001,0.1,0.9903603460159216,2.242214521794776,2.1009345054626465,1.2348381308306693,0.9945620235709014,1.426692643946282,0.9939333299289292,4.0,full
yacht,outer_3,streed,4,247.0,3,0.001,0.001,0.001,0.9913630397110196,1.9991458667718385,3.367354154586792,0.7959119769988863,0.9964949652407916,1.2289237101228228,0.9947742951339476,4.0,full
yacht,outer_3,streed,4,247.0,3,0.001,0.0001,0.1,0.9908657911496364,2.1074674989321283,2.226372241973877,1.0412272404786087,0.9954146466247772,1.2706900624058488,0.9945966936859774,4.0,full
yacht,outer_3,streed,4,247.0,3,0.001,0.0001,0.001,0.9915164135781944,1.9428081494688352,4.092152833938599,0.7415662239471634,0.996734292903858,1.289367253289106,0.9945172733879728,4.0,full
yacht,outer_3,streed,4,247.0,3,0.001,1e-05,0.1,0.9909070237895948,2.095983692024786,2.24904727935791,1.0244908151204748,0.995488350444195,1.260409636445348,0.994640408744548,4.0,full
yacht,outer_3,streed,4,247.0,3,0.001,1e-05,0.001,0.991520690156354,1.9395588840875384,4.139671564102173,0.7407343593272715,0.9967379562667574,1.3038479337633453,0.9944556977492292,4.0,full
yacht,outer_3,streed,4,247.0,3,0.0005,0.1,0.1,0.8873941309775387,25.52085546516679,4.929912805557251,11.18326322964116,0.9507511791830688,15.369647779440012,0.9346442398914204,5.0,full
yacht,outer_3,streed,4,247.0,3,0.0005,0.1,0.001,0.8889908596915634,25.129311976668124,4.866347789764404,10.739438761883845,0.9527056920330226,15.126796023651636,0.9356769090404484,5.0,full
yacht,outer_3,streed,4,247.0,3,0.0005,0.01,0.1,0.9792891114647336,4.860968184294543,1.8697209358215328,3.837641197294993,0.9830998072919974,4.7603745340664245,0.9797576430806944,5.0,full
yacht,outer_3,streed,4,247.0,3,0.0005,0.01,0.001,0.9829348609710464,4.035535996410371,1.828474044799805,2.8904223513508702,0.9872711667834452,3.731711510725502,0.984131787156785,4.0,full
yacht,outer_3,streed,4,247.0,3,0.0005,0.001,0.1,0.9904179746241192,2.2252771518782057,2.100146532058716,1.2882282235727691,0.9943269044418188,1.4768659629317429,0.9937199798608912,5.0,full
yacht,outer_3,streed,4,247.0,3,0.0005,0.001,0.001,0.9913630397110196,1.9991458667718385,3.315170764923096,0.7959119769988863,0.9964949652407916,1.2289237101228228,0.9947742951339476,4.0,full
yacht,outer_3,streed,4,247.0,3,0.0005,0.0001,0.1,0.990928220081734,2.0894800642751488,2.223273277282715,1.093238779738144,0.9951855983653556,1.3140616023363778,0.994412266560521,5.0,full
yacht,outer_3,streed,4,247.0,3,0.0005,0.0001,0.001,0.9915164135781944,1.9428081494688352,3.93583869934082,0.7415662239471634,0.996734292903858,1.289367253289106,0.9945172733879728,4.0,full
yacht,outer_3,streed,4,247.0,3,0.0005,1e-05,0.1,0.9909700713135028,2.0778617925964493,2.227523803710937,1.0763275330967164,0.9952600720622125,1.3030409200275854,0.9944591293825936,5.0,full
yacht,outer_3,streed,4,247.0,3,0.0005,1e-05,0.001,0.991520690156354,1.9395588840875384,3.989669799804688,0.7407343593272715,0.9967379562667574,1.3038479337633453,0.9944556977492292,4.0,full
yacht,outer_3,streed,4,247.0,3,0.0001,0.1,0.1,0.8873941309775387,25.52085546516679,4.922482967376709,11.18326322964116,0.9507511791830688,15.369647779440012,0.9346442398914204,5.0,full
yacht,outer_3,streed,4,247.0,3,0.0001,0.1,0.001,0.8889908596915634,25.129311976668124,4.979297399520874,10.725932381024586,0.9527651713922368,15.135742963445232,0.9356388643136436,6.0,full
yacht,outer_3,streed,4,247.0,3,0.0001,0.01,0.1,0.9792891114647336,4.860968184294543,1.9090774059295652,3.837641197294993,0.9830998072919974,4.7603745340664245,0.9797576430806944,5.0,full
yacht,outer_3,streed,4,247.0,3,0.0001,0.01,0.001,0.9832976565283212,3.952745192162151,1.9087600708007808,2.875500671885649,0.9873368788303836,3.7240562270416193,0.984164339424162,5.0,full
yacht,outer_3,streed,4,247.0,3,0.0001,0.001,0.1,0.9904179746241192,2.2252771518782057,2.166568756103516,1.2882282235727691,0.9943269044418188,1.4768659629317429,0.9937199798608912,5.0,full
yacht,outer_3,streed,4,247.0,3,0.0001,0.001,0.001,0.9917643509446492,1.908410983060036,3.3332066535949707,0.754332522065381,0.9966780727187824,1.1615621767928763,0.9950607339825168,5.0,full
yacht,outer_3,streed,4,247.0,3,0.0001,0.0001,0.1,0.990928220081734,2.0894800642751488,2.2982707023620605,1.093238779738144,0.9951855983653556,1.3140616023363778,0.994412266560521,5.0,full
yacht,outer_3,streed,4,247.0,3,0.0001,0.0001,0.001,0.9919192334390264,1.851789287372896,4.017507314682007,0.6991380548081083,0.9969211379469024,1.2219926743403795,0.9948037677099232,5.0,full
yacht,outer_3,streed,4,247.0,3,0.0001,1e-05,0.1,0.9909700713135028,2.0778617925964493,2.3051106929779053,1.0763275330967164,0.9952600720622125,1.3030409200275854,0.9944591293825936,5.0,full
yacht,outer_3,streed,4,247.0,3,0.0001,1e-05,0.001,0.9919236210969768,1.8485202215490928,4.080963611602783,0.6982889414252256,0.9969248772698522,1.2366568477137576,0.994741411811406,5.0,full
yacht,outer_4,streed,4,247.0,3,0.1,0.1,0.1,0.8756516316365847,29.09501394321207,0.0205657482147216,19.305118196365058,0.917852664839038,23.530486862630468,0.8851011073361191,2.0,full
yacht,outer_4,streed,4,247.0,3,0.1,0.1,0.001,0.8779557630344783,28.575878931368763,0.003554344177246,18.881400175344265,0.9196556740686364,23.45783505488088,0.8854558646477374,2.0,full
yacht,outer_4,streed,4,247.0,3,0.1,0.01,0.1,0.9690673987259254,7.308840969598074,0.0034515857696533,4.433996377024443,0.981132413550594,5.067592661649841,0.9752550472629666,2.0,full
yacht,outer_4,streed,4,247.0,3,0.1,0.01,0.001,0.9778077702143751,5.239357657623368,0.0035076141357421,3.881938116386853,0.983481537472224,3.632440228296285,0.9822628676433462,2.0,full
yacht,outer_4,streed,4,247.0,3,0.1,0.001,0.1,0.9821123756951362,4.181434964190483,0.0035262107849121,3.375792472526597,0.9856352935603,4.439561205604576,0.9783217121934016,2.0,full
yacht,outer_4,streed,4,247.0,3,0.1,0.001,0.001,0.9824568132530396,4.0919072547967215,0.0035860538482666,3.08218031731452,0.9868846749873498,3.364567939722785,0.9835708826245966,2.0,full
yacht,outer_4,streed,4,247.0,3,0.1,0.0001,0.1,0.9823678380568992,4.11489870604041,0.0035555362701416,3.1517829240200173,0.9865885012678752,3.309018228696674,0.983842130742919,2.0,full
yacht,outer_4,streed,4,247.0,3,0.1,0.0001,0.001,0.9825743312105452,4.056987244042376,0.00360107421875,3.07194963549676,0.9869282086886024,3.4137327859665088,0.9833308116722032,2.0,full
yacht,outer_4,streed,4,247.0,3,0.1,1e-05,0.1,0.9823922312069784,4.108540175764373,0.0035934448242187,3.1481343779315787,0.9866040265982736,3.311058091362856,0.9838321701346708,2.0,full
yacht,outer_4,streed,4,247.0,3,0.1,1e-05,0.001,0.9825815952962792,4.054528273227181,0.0035510063171386,3.071817061646944,0.9869287728181956,3.419611983173423,0.9833021036708444,2.0,full
yacht,outer_4,streed,4,247.0,3,0.08,0.1,0.1,0.8756516316365847,29.09501394321207,0.0209736824035644,19.305118196365058,0.917852664839038,23.530486862630468,0.8851011073361191,2.0,full
yacht,outer_4,streed,4,247.0,3,0.08,0.1,0.001,0.8779557630344783,28.575878931368763,0.0208613872528076,18.881400175344265,0.9196556740686364,23.45783505488088,0.8854558646477374,2.0,full
yacht,outer_4,streed,4,247.0,3,0.08,0.01,0.1,0.9690673987259254,7.308840969598074,0.0036597251892089,4.433996377024443,0.981132413550594,5.067592661649841,0.9752550472629666,2.0,full
yacht,outer_4,streed,4,247.0,3,0.08,0.01,0.001,0.9778077702143751,5.239357657623368,0.0036115646362304,3.881938116386853,0.983481537472224,3.632440228296285,0.9822628676433462,2.0,full
yacht,outer_4,streed,4,247.0,3,0.08,0.001,0.1,0.9821123756951362,4.181434964190483,0.0036215782165527,3.375792472526597,0.9856352935603,4.439561205604576,0.9783217121934016,2.0,full
yacht,outer_4,streed,4,247.0,3,0.08,0.001,0.001,0.9824568132530396,4.0919072547967215,0.0036342144012451,3.08218031731452,0.9868846749873498,3.364567939722785,0.9835708826245966,2.0,full
yacht,outer_4,streed,4,247.0,3,0.08,0.0001,0.1,0.9823678380568992,4.11489870604041,0.0036342144012451,3.1517829240200173,0.9865885012678752,3.309018228696674,0.983842130742919,2.0,full
yacht,outer_4,streed,4,247.0,3,0.08,0.0001,0.001,0.9825743312105452,4.056987244042376,0.0036203861236572,3.07194963549676,0.9869282086886024,3.4137327859665088,0.9833308116722032,2.0,full
yacht,outer_4,streed,4,247.0,3,0.08,1e-05,0.1,0.9823922312069784,4.108540175764373,0.0036065578460693,3.1481343779315787,0.9866040265982736,3.311058091362856,0.9838321701346708,2.0,full
yacht,outer_4,streed,4,247.0,3,0.08,1e-05,0.001,0.9825815952962792,4.054528273227181,0.0035831928253173,3.071817061646944,0.9869287728181956,3.419611983173423,0.9833021036708444,2.0,full
yacht,outer_4,streed,4,247.0,3,0.05,0.1,0.1,0.8756516316365847,29.09501394321207,0.2354893684387207,19.305118196365058,0.917852664839038,23.530486862630468,0.8851011073361191,2.0,full
yacht,outer_4,streed,4,247.0,3,0.05,0.1,0.001,0.8779557630344783,28.575878931368763,0.0221691131591796,18.881400175344265,0.9196556740686364,23.45783505488088,0.8854558646477374,2.0,full
yacht,outer_4,streed,4,247.0,3,0.05,0.01,0.1,0.9690673987259254,7.308840969598074,0.0208158493041992,4.433996377024443,0.981132413550594,5.067592661649841,0.9752550472629666,2.0,full
yacht,outer_4,streed,4,247.0,3,0.05,0.01,0.001,0.9778077702143751,5.239357657623368,0.0036854743957519,3.881938116386853,0.983481537472224,3.632440228296285,0.9822628676433462,2.0,full
yacht,outer_4,streed,4,247.0,3,0.05,0.001,0.1,0.9821123756951362,4.181434964190483,0.0036501884460449,3.375792472526597,0.9856352935603,4.439561205604576,0.9783217121934016,2.0,full
yacht,outer_4,streed,4,247.0,3,0.05,0.001,0.001,0.9824568132530396,4.0919072547967215,0.003648042678833,3.08218031731452,0.9868846749873498,3.364567939722785,0.9835708826245966,2.0,full
yacht,outer_4,streed,4,247.0,3,0.05,0.0001,0.1,0.9823678380568992,4.11489870604041,0.0036265850067138,3.1517829240200173,0.9865885012678752,3.309018228696674,0.983842130742919,2.0,full
yacht,outer_4,streed,4,247.0,3,0.05,0.0001,0.001,0.9825743312105452,4.056987244042376,0.0036516189575195,3.07194963549676,0.9869282086886024,3.4137327859665088,0.9833308116722032,2.0,full
yacht,outer_4,streed,4,247.0,3,0.05,1e-05,0.1,0.9823922312069784,4.108540175764373,0.0036602020263671,3.1481343779315787,0.9866040265982736,3.311058091362856,0.9838321701346708,2.0,full
yacht,outer_4,streed,4,247.0,3,0.05,1e-05,0.001,0.9825815952962792,4.054528273227181,0.0036492347717285,3.071817061646944,0.9869287728181956,3.419611983173423,0.9833021036708444,2.0,full
yacht,outer_4,streed,4,247.0,3,0.03,0.1,0.1,0.8756516316365847,29.09501394321207,0.8963098526000977,11.943797936249126,0.9491766296282712,15.371440310339102,0.9249415670564894,3.0,full
yacht,outer_4,streed,4,247.0,3,0.03,0.1,0.001,0.8779557630344783,28.575878931368763,0.2464466094970703,11.48993054299099,0.9511079307730436,15.04698322714005,0.9265258844483972,3.0,full
yacht,outer_4,streed,4,247.0,3,0.03,0.01,0.1,0.9690673987259254,7.308840969598074,0.0219054222106933,4.433996377024443,0.981132413550594,5.067592661649841,0.9752550472629666,2.0,full
yacht,outer_4,streed,4,247.0,3,0.03,0.01,0.001,0.9778077702143751,5.239357657623368,0.0218665599822998,3.881938116386853,0.983481537472224,3.632440228296285,0.9822628676433462,2.0,full
yacht,outer_4,streed,4,247.0,3,0.03,0.001,0.1,0.9821123756951362,4.181434964190483,0.0213987827301025,3.375792472526597,0.9856352935603,4.439561205604576,0.9783217121934016,2.0,full
yacht,outer_4,streed,4,247.0,3,0.03,0.001,0.001,0.9824568132530396,4.0919072547967215,0.0043585300445556,3.08218031731452,0.9868846749873498,3.364567939722785,0.9835708826245966,2.0,full
yacht,outer_4,streed,4,247.0,3,0.03,0.0001,0.1,0.9823678380568992,4.11489870604041,0.0043187141418457,3.1517829240200173,0.9865885012678752,3.309018228696674,0.983842130742919,2.0,full
yacht,outer_4,streed,4,247.0,3,0.03,0.0001,0.001,0.9825743312105452,4.056987244042376,0.0043010711669921,3.07194963549676,0.9869282086886024,3.4137327859665088,0.9833308116722032,2.0,full
yacht,outer_4,streed,4,247.0,3,0.03,1e-05,0.1,0.9823922312069784,4.108540175764373,0.0043346881866455,3.1481343779315787,0.9866040265982736,3.311058091362856,0.9838321701346708,2.0,full
yacht,outer_4,streed,4,247.0,3,0.03,1e-05,0.001,0.9825815952962792,4.054528273227181,0.0043079853057861,3.071817061646944,0.9869287728181956,3.419611983173423,0.9833021036708444,2.0,full
yacht,outer_4,streed,4,247.0,3,0.01,0.1,0.1,0.8790461522555622,28.243510362055048,3.595035552978516,11.943797936249126,0.9491766296282712,15.371440310339102,0.9249415670564894,3.0,full
yacht,outer_4,streed,4,247.0,3,0.01,0.1,0.001,0.8799426119475976,28.036458930995988,3.563817977905273,11.48993054299099,0.9511079307730436,15.04698322714005,0.9265258844483972,3.0,full
yacht,outer_4,streed,4,247.0,3,0.01,0.01,0.1,0.9714414069646028,6.664309059528455,2.7249622344970703,4.474354573214563,0.9809606809439764,5.662157143058556,0.9723518008945444,3.0,full
yacht,outer_4,streed,4,247.0,3,0.01,0.01,0.001,0.9777997006807232,5.2415484975090045,0.8658018112182617,3.189027200858324,0.9864300190425324,4.101735405595354,0.9799713087598028,3.0,full
yacht,outer_4,streed,4,247.0,3,0.01,0.001,0.1,0.9821123756951362,4.181434964190483,0.8857450485229492,3.375792472526597,0.9856352935603,4.439561205604576,0.9783217121934016,2.0,full
yacht,outer_4,streed,4,247.0,3,0.01,0.001,0.001,0.9824568132530396,4.0919072547967215,0.0224339962005615,3.08218031731452,0.9868846749873498,3.364567939722785,0.9835708826245966,2.0,full
yacht,outer_4,streed,4,247.0,3,0.01,0.0001,0.1,0.9823678380568992,4.11489870604041,0.2455544471740722,3.1517829240200173,0.9865885012678752,3.309018228696674,0.983842130742919,2.0,full
yacht,outer_4,streed,4,247.0,3,0.01,0.0001,0.001,0.9825743312105452,4.056987244042376,0.0220792293548584,3.07194963549676,0.9869282086886024,3.4137327859665088,0.9833308116722032,2.0,full
yacht,outer_4,streed,4,247.0,3,0.01,1e-05,0.1,0.9823922312069784,4.108540175764373,0.2443077564239502,3.1481343779315787,0.9866040265982736,3.311058091362856,0.9838321701346708,2.0,full
yacht,outer_4,streed,4,247.0,3,0.01,1e-05,0.001,0.9825815952962792,4.054528273227181,0.0222938060760498,3.071817061646944,0.9869287728181956,3.419611983173423,0.9833021036708444,2.0,full
yacht,outer_4,streed,4,247.0,3,0.008,0.1,0.1,0.8814992529141655,27.703909521177824,3.6666080951690674,11.943797936249126,0.9491766296282712,15.371440310339102,0.9249415670564894,3.0,full
yacht,outer_4,streed,4,247.0,3,0.008,0.1,0.001,0.8814141329424335,27.72897323816629,3.561005115509033,11.48993054299099,0.9511079307730436,15.04698322714005,0.9265258844483972,3.0,full
yacht,outer_4,streed,4,247.0,3,0.008,0.01,0.1,0.9762897612700306,5.607083661342117,2.455718517303467,4.474354573214563,0.9809606809439764,5.662157143058556,0.9723518008945444,3.0,full
yacht,outer_4,streed,4,247.0,3,0.008,0.01,0.001,0.9777997006807232,5.2415484975090045,2.778253555297852,3.189027200858324,0.9864300190425324,4.101735405595354,0.9799713087598028,3.0,full
yacht,outer_4,streed,4,247.0,3,0.008,0.001,0.1,0.9837294728647296,3.742400798046772,0.9342200756072998,1.606356812159437,0.9931646141663404,2.055172562310945,0.9899646338377412,3.0,full
yacht,outer_4,streed,4,247.0,3,0.008,0.001,0.001,0.9824568132530396,4.0919072547967215,0.2399897575378418,3.08218031731452,0.9868846749873498,3.364567939722785,0.9835708826245966,2.0,full
yacht,outer_4,streed,4,247.0,3,0.008,0.0001,0.1,0.9841429569263732,3.6329624023231424,0.9323959350585938,1.4405984800742468,0.9938699507057503,1.8228163585617725,0.991099224493269,3.0,full
yacht,outer_4,streed,4,247.0,3,0.008,0.0001,0.001,0.9825743312105452,4.056987244042376,0.0237965583801269,3.07194963549676,0.9869282086886024,3.4137327859665088,0.9833308116722032,2.0,full
yacht,outer_4,streed,4,247.0,3,0.008,1e-05,0.1,0.9841826608087536,3.622447081277063,0.9333100318908693,1.426511670321364,0.9939298930417853,1.802935474042748,0.9911963024513134,3.0,full
yacht,outer_4,streed,4,247.0,3,0.008,1e-05,0.001,0.9825815952962792,4.054528273227181,0.02402925491333,3.071817061646944,0.9869287728181956,3.419611983173423,0.9833021036708444,2.0,full
yacht,outer_4,streed,4,247.0,3,0.005,0.1,0.1,0.8814992529141655,27.703909521177824,3.804497480392456,11.943797936249126,0.9491766296282712,15.371440310339102,0.9249415670564894,3.0,full
yacht,outer_4,streed,4,247.0,3,0.005,0.1,0.001,0.8840535206058261,27.14839543041406,3.794413805007935,11.48993054299099,0.9511079307730436,15.04698322714005,0.9265258844483972,3.0,full
yacht,outer_4,streed,4,247.0,3,0.005,0.01,0.1,0.9762897612700306,5.607083661342117,1.635279893875122,4.474354573214563,0.9809606809439764,5.662157143058556,0.9723518008945444,3.0,full
yacht,outer_4,streed,4,247.0,3,0.005,0.01,0.001,0.9795112981810338,4.880384238265024,2.0188584327697754,3.189027200858324,0.9864300190425324,4.101735405595354,0.9799713087598028,3.0,full
yacht,outer_4,streed,4,247.0,3,0.005,0.001,0.1,0.9884361810757576,2.7275601359134414,2.2811808586120605,1.606356812159437,0.9931646141663404,2.055172562310945,0.9899646338377412,3.0,full
yacht,outer_4,streed,4,247.0,3,0.005,0.001,0.001,0.9895324131858916,2.4726583970140403,0.2457103729248047,1.2792901532611969,0.9945563515374978,1.489975607872304,0.9927244791644068,3.0,full
yacht,outer_4,streed,4,247.0,3,0.005,0.0001,0.1,0.9891983254298434,2.5420311231066672,2.5975844860076904,1.4405984800742468,0.9938699507057503,1.8228163585617725,0.991099224493269,3.0,full
yacht,outer_4,streed,4,247.0,3,0.005,0.0001,0.001,0.9899060027355434,2.373340053074846,0.249922513961792,1.232614334182814,0.99475496695724,1.420233718862951,0.993065027401519,3.0,full
yacht,outer_4,streed,4,247.0,3,0.005,1e-05,0.1,0.9892631964188487,2.5259888100655785,2.6350789070129395,1.426511670321364,0.9939298930417853,1.802935474042748,0.9911963024513134,3.0,full
yacht,outer_4,streed,4,247.0,3,0.005,1e-05,0.001,0.9899330972710692,2.3657240962143224,0.2506775856018066,1.2319010006140323,0.994758002341492,1.4186036944262033,0.9930729867779609,3.0,full
yacht,outer_4,streed,4,247.0,3,0.003,0.1,0.1,0.8814992529141655,27.703909521177824,3.9152889251708975,11.490092552848354,0.951107241387052,14.941595181033335,0.9270404921515172,4.0,full
yacht,outer_4,streed,4,247.0,3,0.003,0.1,0.001,0.8840535206058261,27.14839543041406,3.840766906738281,11.025773281267872,0.9530830174706916,14.580924851989709,0.9288016380923452,4.0,full
yacht,outer_4,streed,4,247.0,3,0.003,0.01,0.1,0.9762897612700306,5.607083661342117,1.5480742454528809,4.474354573214563,0.9809606809439764,5.662157143058556,0.9723518008945444,3.0,full
yacht,outer_4,streed,4,247.0,3,0.003,0.01,0.001,0.9795112981810338,4.880384238265024,1.4861152172088623,3.189027200858324,0.9864300190425324,4.101735405595354,0.9799713087598028,3.0,full
yacht,outer_4,streed,4,247.0,3,0.003,0.001,0.1,0.9884361810757576,2.7275601359134414,1.7326345443725586,1.606356812159437,0.9931646141663404,2.055172562310945,0.9899646338377412,3.0,full
yacht,outer_4,streed,4,247.0,3,0.003,0.001,0.001,0.9895324131858916,2.4726583970140403,0.9585530757904052,1.2792901532611969,0.9945563515374978,1.489975607872304,0.9927244791644068,3.0,full
yacht,outer_4,streed,4,247.0,3,0.003,0.0001,0.1,0.9891983254298434,2.5420311231066672,1.8509705066680908,1.4405984800742468,0.9938699507057503,1.8228163585617725,0.991099224493269,3.0,full
yacht,outer_4,streed,4,247.0,3,0.003,0.0001,0.001,0.9899060027355434,2.373340053074846,0.2523887157440185,1.232614334182814,0.99475496695724,1.420233718862951,0.993065027401519,3.0,full
yacht,outer_4,streed,4,247.0,3,0.003,1e-05,0.1,0.9892631964188487,2.5259888100655785,1.868313550949097,1.426511670321364,0.9939298930417853,1.802935474042748,0.9911963024513134,3.0,full
yacht,outer_4,streed,4,247.0,3,0.003,1e-05,0.001,0.9899330972710692,2.3657240962143224,0.2558088302612304,1.2319010006140323,0.994758002341492,1.4186036944262033,0.9930729867779609,3.0,full
yacht,outer_4,streed,4,247.0,3,0.001,0.1,0.1,0.8814691041264825,27.711713878088364,4.11683464050293,11.405392031496325,0.9514676599063814,14.924030297368828,0.9271262611241102,5.0,full
yacht,outer_4,streed,4,247.0,3,0.001,0.1,0.001,0.8840535206058261,27.14839543041406,4.042710304260254,11.025773281267872,0.9530830174706916,14.580924851989709,0.9288016380923452,4.0,full
yacht,outer_4,streed,4,247.0,3,0.001,0.01,0.1,0.9762897612700306,5.607083661342117,1.6418125629425049,4.025027789751115,0.9828726608398012,5.22384047721653,0.9744920923315804,4.0,full
yacht,outer_4,streed,4,247.0,3,0.001,0.01,0.001,0.9795112981810338,4.880384238265024,1.654221534729004,3.032269250350773,0.987097057066776,3.717855441807436,0.9818457868788736,4.0,full
yacht,outer_4,streed,4,247.0,3,0.001,0.001,0.1,0.9884361810757576,2.7275601359134414,1.7542471885681152,1.4854136999906815,0.9936792525264728,1.714823050109489,0.9916265536398656,4.0,full
yacht,outer_4,streed,4,247.0,3,0.001,0.001,0.001,0.9895324131858916,2.4726583970140403,2.381300210952759,0.9526068226800484,0.995946457766104,0.7012587740070766,0.9965757675531906,4.0,full
yacht,outer_4,streed,4,247.0,3,0.001,0.0001,0.1,0.9891983254298434,2.5420311231066672,1.8462517261505127,1.200775705228039,0.9948904470147673,1.2315831035966964,0.9939862045501684,4.0,full
yacht,outer_4,streed,4,247.0,3,0.001,0.0001,0.001,0.9899060027355434,2.373340053074846,2.995292901992798,0.8989128312819961,0.9961749369840318,0.5986427867067151,0.9970768393490804,4.0,full
yacht,outer_4,streed,4,247.0,3,0.001,1e-05,0.1,0.9892631964188487,2.5259888100655785,1.859126567840576,1.183718196821942,0.9949630302979046,1.2052638462325478,0.9941147209529329,4.0,full
yacht,outer_4,streed,4,247.0,3,0.001,1e-05,0.001,0.9899330972710692,2.3657240962143224,3.056220769882202,0.8980684516529606,0.9961785299968112,0.5944176606183355,0.9970974705545356,4.0,full
yacht,outer_4,streed,4,247.0,3,0.0005,0.1,0.1,0.8815830761475795,27.68664381086354,4.166759014129639,11.405392031496325,0.9514676599063814,14.924030297368828,0.9271262611241102,5.0,full
yacht,outer_4,streed,4,247.0,3,0.0005,0.1,0.001,0.8842064031636884,27.116365503281298,4.108945369720459,10.951076987189564,0.9534008659004456,14.557318945041562,0.9289169052597652,5.0,full
yacht,outer_4,streed,4,247.0,3,0.0005,0.01,0.1,0.9762449698541744,5.620436404806728,1.7012839317321775,3.9891320587359465,0.9830254047192508,5.222860449781981,0.974496877785773,5.0,full
yacht,outer_4,streed,4,247.0,3,0.0005,0.01,0.001,0.9795112981810338,4.880384238265024,1.64951753616333,3.032269250350773,0.987097057066776,3.717855441807436,0.9818457868788736,4.0,full
yacht,outer_4,streed,4,247.0,3,0.0005,0.001,0.1,0.9884245594693492,2.733177941080695,1.8012864589691162,1.452410458852927,0.9938196882535978,1.7128176533328383,0.9916363459518708,5.0,full
yacht,outer_4,streed,4,247.0,3,0.0005,0.001,0.001,0.9895324131858916,2.4726583970140403,2.4257078170776367,0.9526068226800484,0.995946457766104,0.7012587740070766,0.9965757675531906,4.0,full
yacht,outer_4,streed,4,247.0,3,0.0005,0.0001,0.1,0.9891913889584428,2.546550941421076,1.8871474266052248,1.255737783232313,0.9946565718218244,1.4089770793040048,0.9931199933454024,5.0,full
yacht,outer_4,streed,4,247.0,3,0.0005,0.0001,0.001,0.9899060027355434,2.373340053074846,2.99420428276062,0.8989128312819961,0.9961749369840318,0.5986427867067151,0.9970768393490804,4.0,full
yacht,outer_4,streed,4,247.0,3,0.0005,1e-05,0.1,0.9892567445968322,2.5303949864065154,1.8992760181427,1.2385735030126526,0.994729609441468,1.3817999812056996,0.993252698567166,5.0,full
yacht,outer_4,streed,4,247.0,3,0.0005,1e-05,0.001,0.9899330972710692,2.3657240962143224,3.115015745162964,0.8980684516529606,0.9961785299968112,0.5944176606183355,0.9970974705545356,4.0,full
yacht,outer_4,streed,4,247.0,3,0.0001,0.1,0.1,0.8815830761475795,27.68664381086354,4.176231861114502,11.405392031496325,0.9514676599063814,14.924030297368828,0.9271262611241102,5.0,full
yacht,outer_4,streed,4,247.0,3,0.0001,0.1,0.001,0.8842064031636884,27.116365503281298,4.19123387336731,10.94115514736103,0.9534430854141268,14.536303897483132,0.9290195213130512,6.0,full
yacht,outer_4,streed,4,247.0,3,0.0001,0.01,0.1,0.9762449698541744,5.620436404806728,1.696038007736206,3.9891320587359465,0.9830254047192508,5.222860449781981,0.974496877785773,5.0,full
yacht,outer_4,streed,4,247.0,3,0.0001,0.01,0.001,0.9798970557067758,4.792461326271083,1.703124761581421,3.0133637850551467,0.9871775037948516,3.765414690570207,0.9816135560265896,5.0,full
yacht,outer_4,streed,4,247.0,3,0.0001,0.001,0.1,0.9884245594693492,2.733177941080695,1.8288917541503904,1.452410458852927,0.9938196882535978,1.7128176533328383,0.9916363459518708,5.0,full
yacht,outer_4,streed,4,247.0,3,0.0001,0.001,0.001,0.989966591279836,2.3726812839933102,2.5610573291778564,0.9071582185272316,0.996139851128422,0.678189586247755,0.9966884139316388,5.0,full
yacht,outer_4,streed,4,247.0,3,0.0001,0.0001,0.1,0.9891913889584428,2.546550941421076,1.917938470840454,1.255737783232313,0.9946565718218244,1.4089770793040048,0.9931199933454024,5.0,full
yacht,outer_4,streed,4,247.0,3,0.0001,0.0001,0.001,0.9903424284055748,2.2727761979387773,3.1343703269958496,0.8526441173270846,0.9963718200859148,0.5689774204537157,0.997221694734047,5.0,full
yacht,outer_4,streed,4,247.0,3,0.0001,1e-05,0.1,0.9892567445968322,2.5303949864065154,1.946913242340088,1.2385735030126526,0.994729609441468,1.3817999812056996,0.993252698567166,5.0,full
yacht,outer_4,streed,4,247.0,3,0.0001,1e-05,0.001,0.9903696773280456,2.265117447153357,3.21225380897522,0.8517745210486006,0.9963755204008374,0.5641823608838703,0.9972451089131946,5.0,full
yacht,mean,streed,4,,3,0.0001,1e-05,0.001,0.991376177717488,1.9917490335519155,3.7645077228546144,0.7536999014772838,0.9967307000411146,1.0408713013819484,0.995783471081811,5.0,full
yacht,mean,streed,4,,3,0.0001,1e-05,0.1,0.9903091596206061,2.235343354375166,2.1711069107055665,1.1407514536338632,0.9950378175499157,1.525408502077998,0.9936208999414688,5.0,full
yacht,mean,streed,4,,3,0.0001,0.0001,0.001,0.9913636754285091,1.9959856562898104,3.677573299407959,0.7544825097125911,0.9967272763014237,1.0418977803012175,0.9957807967706082,5.0,full
yacht,mean,streed,4,,3,0.0001,0.0001,0.1,0.9902564894843942,2.248524061937514,2.152404308319092,1.1575034674200135,0.9949645513967542,1.5471578213704515,0.9935263905919307,5.0,full
yacht,mean,streed,4,,3,0.0001,0.001,0.001,0.991129068206335,2.0623998383603963,3.0181209564208986,0.8076517751187341,0.996494789983811,1.1114662868064547,0.9954891969718321,5.0,full
yacht,mean,streed,4,,3,0.0001,0.001,0.1,0.9897415228603517,2.377188562619777,2.0334436893463135,1.3500360909985687,0.994122581169982,1.797047461071034,0.9924357100248574,5.0,full
yacht,mean,streed,4,,3,0.0001,0.01,0.001,0.9820067778912343,4.21251259655733,1.8619382858276368,2.895912276867929,0.9873664822093019,3.835424429628753,0.9834715765325498,5.0,full
yacht,mean,streed,4,,3,0.0001,0.01,0.1,0.9784302278788026,5.010600446318026,1.8549214839935302,3.8667196102445773,0.9831202199090769,5.009603976474948,0.9782944784550743,5.0,full
yacht,mean,streed,4,,3,0.0001,0.1,0.001,0.8891897477777277,25.26267717376361,4.7193272590637205,10.842974209658383,0.9526432565589953,13.970589388722317,0.9385302331479013,6.0,full
yacht,mean,streed,4,,3,0.0001,0.1,0.1,0.8869397382312227,25.76533266550024,4.677981662750244,11.308251222317727,0.9506084974208312,14.361114441745224,0.9368681970334629,5.0,full
yacht,mean,streed,4,,3,0.0005,1e-05,0.001,0.991053374936927,2.0648995475623795,3.712391662597656,0.7998987729858138,0.9965280637487481,1.0805760758282017,0.9955979458535161,4.0,full
yacht,mean,streed,4,,3,0.0005,1e-05,0.1,0.9903056204505548,2.236077522369926,2.1156869888305665,1.1407514536338632,0.9950378175499157,1.525408502077998,0.9936208999414688,5.0,full
yacht,mean,streed,4,,3,0.0005,0.0001,0.001,0.9910409434971885,2.0691165415924413,3.6033676147460936,0.8006601270589624,0.9965247328041886,1.0815188179444017,0.9955959277950797,4.0,full
yacht,mean,streed,4,,3,0.0005,0.0001,0.1,0.9902530294765178,2.249242873577664,2.10573353767395,1.1575034674200135,0.9949645513967542,1.5471578213704515,0.9935263905919307,5.0,full
yacht,mean,streed,4,,3,0.0005,0.001,0.001,0.990783852765085,2.1412611074993917,2.9657630443573,0.8529440688283003,0.9962961236110335,1.1493063915981376,0.9953148653060019,4.0,full
yacht,mean,streed,4,,3,0.0005,0.001,0.1,0.989738833732547,2.377757973377514,1.9908985137939452,1.3500360909985687,0.994122581169982,1.797047461071034,0.9924357100248574,5.0,full
yacht,mean,streed,4,,3,0.0005,0.01,0.001,0.9816929826438395,4.2841884026398,1.7892842292785645,2.913891845469296,0.9872877122320297,3.8333935650370905,0.9834899575784579,4.0,full
yacht,mean,streed,4,,3,0.0005,0.01,0.1,0.9784334166523649,5.010040676032977,1.8399370193481441,3.8667196102445773,0.9831202199090769,5.009603976474948,0.9782944784550743,5.0,full
yacht,mean,streed,4,,3,0.0005,0.1,0.001,0.8891799686887959,25.264388264475972,4.626352596282959,10.854479745923715,0.9525927823641442,13.980061676862945,0.9384830253597516,5.0,full
yacht,mean,streed,4,,3,0.0005,0.1,0.1,0.8869397382312227,25.76533266550024,4.691116809844971,11.308251222317727,0.9506084974208312,14.361114441745224,0.9368681970334629,5.0,full
yacht,mean,streed,4,,3,0.001,1e-05,0.001,0.9909848634412091,2.0783491649167134,3.705608606338501,0.7998987729858138,0.9965280637487481,1.0805760758282017,0.9955979458535161,4.0,full
yacht,mean,streed,4,,3,0.001,1e-05,0.1,0.990237795733405,2.2513374780428874,2.1120285034179687,1.0918870787235382,0.9952514102197931,1.442732218214649,0.9940265813162394,4.0,full
yacht,mean,streed,4,,3,0.001,0.0001,0.001,0.9909717087386151,2.0826880904712795,3.70780234336853,0.8006601270589624,0.9965247328041886,1.0815188179444017,0.9955959277950797,4.0,full
yacht,mean,streed,4,,3,0.001,0.0001,0.1,0.9901856816671135,2.2644004108819695,2.0939844608306886,1.1084658033810375,0.9951789064367486,1.4641972742683809,0.9939334396157331,4.0,full
yacht,mean,streed,4,,3,0.001,0.001,0.001,0.9907324156348866,2.1497992968796527,2.9780357837677003,0.8529440688283003,0.9962961236110335,1.1493063915981376,0.9953148653060019,4.0,full
yacht,mean,streed,4,,3,0.001,0.001,0.1,0.9896555783694726,2.3953415198037193,1.9749467372894287,1.333010543622843,0.9942014930765458,1.7712826460777655,0.992556110283323,4.0,full
yacht,mean,streed,4,,3,0.001,0.01,0.001,0.9816092489132183,4.298087592715214,1.8242452144622803,2.913891845469296,0.9872877122320297,3.8333935650370905,0.9834899575784579,4.0,full
yacht,mean,streed,4,,3,0.001,0.01,0.1,0.9783878436467912,5.019710164298997,1.7951236724853517,3.886618931444591,0.9830388825161436,5.043913921218363,0.9781469756624898,4.0,full
yacht,mean,streed,4,,3,0.001,0.1,0.001,0.8890570684043706,25.294743318319416,4.544995641708374,10.927322332746025,0.9522741018301323,14.053027003146918,0.9381601250011338,4.0,full
yacht,mean,streed,4,,3,0.001,0.1,0.1,0.8869118899438717,25.771632066675682,4.634367990493774,11.308251222317727,0.9506084974208312,14.361114441745224,0.9368681970334629,5.0,full
yacht,mean,streed,4,,3,0.003,1e-05,0.001,0.9909848634412091,2.0783491649167134,0.43972949981689446,1.1989743364246412,0.9947894054786136,1.6862694755508882,0.9930213328131148,3.0,full
yacht,mean,streed,4,,3,0.003,1e-05,0.1,0.990237795733405,2.2513374780428874,2.201555776596069,1.4225264704898306,0.9938034303381411,1.9033263607838329,0.9919879833635201,3.0,full
yacht,mean,streed,4,,3,0.003,0.0001,0.001,0.9909717087386151,2.0826880904712795,0.5980479717254639,1.1995485043230223,0.9947869167180567,1.6879248603460628,0.9930174514196877,3.0,full
yacht,mean,streed,4,,3,0.003,0.0001,0.1,0.9901856816671135,2.2644004108819695,2.172880029678345,1.4349132794112864,0.9937493115073794,1.9189940109604713,0.9919208918738642,3.0,full
yacht,mean,streed,4,,3,0.003,0.001,0.001,0.9907324156348866,2.1497992968796527,1.852602767944336,1.2402150558240133,0.9946107553758321,1.7509201024736245,0.9927657957269137,3.0,full
yacht,mean,streed,4,,3,0.003,0.001,0.1,0.9896555783694726,2.3953415198037193,1.9792397499084473,1.5934629697169862,0.9930562317940319,2.021905253578803,0.9914699884597011,3.0,full
yacht,mean,streed,4,,3,0.003,0.01,0.001,0.9816092489132183,4.298087592715214,1.6903882503509522,3.296927292195072,0.9856320971957535,4.270811706369528,0.9814189261487659,3.0,full
yacht,mean,streed,4,,3,0.003,0.01,0.1,0.9783878436467912,5.019710164298997,1.692791795730591,4.369864848751654,0.9809195196894418,5.468110409314851,0.9762964504757777,3.0,full
yacht,mean,streed,4,,3,0.003,0.1,0.001,0.889020842150509,25.300756612895036,4.36258373260498,10.927322332746025,0.9522741018301323,14.053027003146918,0.9381601250011338,4.0,full
yacht,mean,streed,4,,3,0.003,0.1,0.1,0.8868503456648373,25.788094404403722,4.431805801391602,11.38720952418656,0.9502631304631312,14.440656338306207,0.9365150516814855,4.0,full
yacht,mean,streed,4,,3,0.005,1e-05,0.001,0.9909848634412091,2.0783491649167134,0.223331069946289,1.1989743364246412,0.9947894054786136,1.6862694755508882,0.9930213328131148,3.0,full
yacht,mean,streed,4,,3,0.005,1e-05,0.1,0.990237795733405,2.2513374780428874,2.9476363182067873,1.4225264704898306,0.9938034303381411,1.9033263607838329,0.9919879833635201,3.0,full
yacht,mean,streed,4,,3,0.005,0.0001,0.001,0.9909717087386151,2.0826880904712795,0.2237863540649414,1.1995485043230223,0.9947869167180567,1.6879248603460628,0.9930174514196877,3.0,full
yacht,mean,streed,4,,3,0.005,0.0001,0.1,0.9901856816671135,2.2644004108819695,2.9314170360565184,1.4349132794112864,0.9937493115073794,1.9189940109604713,0.9919208918738642,3.0,full
yacht,mean,streed,4,,3,0.005,0.001,0.001,0.9907324156348866,2.1497992968796527,0.27490696907043455,1.2402150558240133,0.9946107553758321,1.7509201024736245,0.9927657957269137,3.0,full
yacht,mean,streed,4,,3,0.005,0.001,0.1,0.9896555783694726,2.3953415198037193,2.5487945556640623,1.5934629697169862,0.9930562317940319,2.021905253578803,0.9914699884597011,3.0,full
yacht,mean,streed,4,,3,0.005,0.01,0.001,0.9816092489132183,4.298087592715214,2.2709170818328857,3.296927292195072,0.9856320971957535,4.270811706369528,0.9814189261487659,3.0,full
yacht,mean,streed,4,,3,0.005,0.01,0.1,0.9783878436467912,5.019710164298997,1.8040334701538085,4.369864848751654,0.9809195196894418,5.468110409314851,0.9762964504757777,3.0,full
yacht,mean,streed,4,,3,0.005,0.1,0.001,0.889020842150509,25.300756612895036,4.2807825088500975,11.398730225960426,0.9502131293139735,14.48993299907976,0.9362642247658505,3.0,full
yacht,mean,streed,4,,3,0.005,0.1,0.1,0.8868503456648373,25.788094404403722,4.293081140518188,11.84509455640586,0.9482616688166681,14.841264803531246,0.934818761538326,3.0,full
yacht,mean,streed,4,,3,0.008,1e-05,0.001,0.9839661162246592,3.627462547207911,0.024740695953369078,2.2415642971384067,0.9902215129916501,3.0749875777875237,0.987118944588936,2.4,full
yacht,mean,streed,4,,3,0.008,1e-05,0.1,0.9846359180452676,3.412515359038738,1.057352876663208,2.0428941145578627,0.991040120188789,2.992313444291047,0.9878472942646942,2.6,full
yacht,mean,streed,4,,3,0.008,0.0001,0.001,0.983967299282526,3.628274814497452,0.02542238235473628,2.2419117182722887,0.9902200002688455,3.07105749538357,0.9871382061604409,2.4,full
yacht,mean,streed,4,,3,0.008,0.0001,0.1,0.9846078133051982,3.4205130510430712,1.0537829399108887,2.051465974323533,0.9910031246983342,3.0038775230057535,0.9877933596489662,2.6,full
yacht,mean,streed,4,,3,0.008,0.001,0.001,0.9839090009448181,3.6523650268469856,0.21782712936401366,2.2667318446489007,0.9901120110242809,3.0635330111395125,0.9871904488668344,2.4,full
yacht,mean,streed,4,,3,0.008,0.001,0.1,0.9844222141240483,3.472687962445974,1.5713607311248778,1.8219518480015626,0.9919718296314837,2.7409704142950417,0.9890538344713345,2.8,full
yacht,mean,streed,4,,3,0.008,0.01,0.001,0.9793165908898294,4.763810881666101,3.118425226211548,3.296927292195072,0.9856320971957535,4.270811706369528,0.9814189261487659,3.0,full
yacht,mean,streed,4,,3,0.008,0.01,0.1,0.976040125387781,5.503188244652824,2.7088930130004885,4.369864848751654,0.9809195196894418,5.468110409314851,0.9762964504757777,3.0,full
yacht,mean,streed,4,,3,0.008,0.1,0.001,0.8851157866525503,26.077303336667104,4.143308925628662,11.398730225960426,0.9502131293139735,14.48993299907976,0.9362642247658505,3.0,full
yacht,mean,streed,4,,3,0.008,0.1,0.1,0.8857593946481288,25.993343915109627,4.190144300460815,11.84509455640586,0.9482616688166681,14.841264803531246,0.934818761538326,3.0,full
yacht,mean,streed,4,,3,0.01,1e-05,0.001,0.9823918998035612,3.965605342477302,0.02337617874145504,3.0247543987753387,0.9868307329084935,3.646613459689759,0.9845249350363954,2.0,full
yacht,mean,streed,4,,3,0.01,1e-05,0.1,0.9825428390256834,3.933190523217925,0.27123904228210444,3.101188754525648,0.9864955736530756,3.7015611055435125,0.9843919383419133,2.0,full
yacht,mean,streed,4,,3,0.01,0.0001,0.001,0.9823927214479775,3.9664330918325446,0.02352437973022458,3.0248870388071154,0.9868301507034101,3.6460822795410257,0.9845282331743977,2.0,full
yacht,mean,streed,4,,3,0.01,0.0001,0.1,0.9825224324008583,3.9390500457935422,0.27999124526977537,3.1047819408046187,0.9864798207419456,3.704908199364904,0.9843790501354844,2.0,full
yacht,mean,streed,4,,3,0.01,0.001,0.001,0.9823432640106381,3.9880823692077785,0.02419786453247068,3.0350858920790023,0.9867854586057103,3.6510360455958564,0.9845174985442657,2.0,full
yacht,mean,streed,4,,3,0.01,0.001,0.1,0.9821359488242403,4.041355383294731,0.9956665515899659,3.184611352987371,0.9861345056415086,3.976067829548339,0.9830952018862694,2.0,full
yacht,mean,streed,4,,3,0.01,0.01,0.001,0.9764114888008848,5.357926758970689,1.3256240844726563,3.296927292195072,0.9856320971957535,4.270811706369528,0.9814189261487659,3.0,full
yacht,mean,streed,4,,3,0.01,0.01,0.1,0.9712709321626185,6.468403280830145,3.0815197944641115,4.369864848751654,0.9809195196894418,5.468110409314851,0.9762964504757777,3.0,full
yacht,mean,streed,4,,3,0.01,0.1,0.001,0.8829005705781858,26.500325086713314,4.070946168899536,11.398730225960426,0.9502131293139735,14.48993299907976,0.9362642247658505,3.0,full
yacht,mean,streed,4,,3,0.01,0.1,0.1,0.8825616693964868,26.650704015466026,4.126751232147217,11.84509455640586,0.9482616688166681,14.841264803531246,0.934818761538326,3.0,full
yacht,mean,streed,4,,3,0.03,1e-05,0.001,0.9821428473634372,4.041009838001181,0.00397415161132808,3.0247543987753387,0.9868307329084935,3.646613459689759,0.9845249350363954,2.0,full
yacht,mean,streed,4,,3,0.03,1e-05,0.1,0.981609210233714,4.191543745637986,0.0043599128723144,3.101188754525648,0.9864955736530756,3.7015611055435125,0.9843919383419133,2.0,full
yacht,mean,streed,4,,3,0.03,0.0001,0.001,0.9821382406699,4.043481101006486,0.00397458076477044,3.0248870388071154,0.9868301507034101,3.6460822795410257,0.9845282331743977,2.0,full
yacht,mean,streed,4,,3,0.03,0.0001,0.1,0.9815863333081287,4.198154447245519,0.0043619155883788795,3.1047819408046187,0.9864798207419456,3.704908199364904,0.9843790501354844,2.0,full
yacht,mean,streed,4,,3,0.03,0.001,0.001,0.9820428758312643,4.079029557341086,0.004041576385497981,3.0350858920790023,0.9867854586057103,3.6510360455958564,0.9845174985442657,2.0,full
yacht,mean,streed,4,,3,0.03,0.001,0.1,0.9816895773731226,4.1765012749432735,0.02238197326660152,3.184611352987371,0.9861345056415086,3.976067829548339,0.9830952018862694,2.0,full
yacht,mean,streed,4,,3,0.03,0.01,0.001,0.974901261630641,5.7352357625348604,0.0228793621063232,3.8293764427357937,0.9833076057429769,4.496661718739681,0.981009739531779,2.0,full
yacht,mean,streed,4,,3,0.03,0.01,0.1,0.9701760564633041,6.7903111502992815,0.02335414886474604,5.042088753141824,0.9780721648675552,5.93964372820694,0.9744098220226884,2.0,full
yacht,mean,streed,4,,3,0.03,0.1,0.001,0.8816776510367154,26.838026792640413,0.4115923881530762,11.398730225960426,0.9502131293139735,14.48993299907976,0.9362642247658505,3.0,full
yacht,mean,streed,4,,3,0.03,0.1,0.1,0.8800382305022076,27.210826502600675,0.9992187976837158,11.84509455640586,0.9482616688166681,14.841264803531246,0.934818761538326,3.0,full
yacht,mean,streed,4,,3,0.05,1e-05,0.001,0.9821428473634372,4.041009838001181,0.0036856651306151804,3.0247543987753387,0.9868307329084935,3.646613459689759,0.9845249350363954,2.0,full
yacht,mean,streed,4,,3,0.05,1e-05,0.1,0.981609210233714,4.191543745637986,0.0036771297454833603,3.101188754525648,0.9864955736530756,3.7015611055435125,0.9843919383419133,2.0,full
yacht,mean,streed,4,,3,0.05,0.0001,0.001,0.9821382406699,4.043481101006486,0.00365190505981442,3.0248870388071154,0.9868301507034101,3.6460822795410257,0.9845282331743977,2.0,full
yacht,mean,streed,4,,3,0.05,0.0001,0.1,0.9815863333081287,4.198154447245519,0.0036939620971679,3.1047819408046187,0.9864798207419456,3.704908199364904,0.9843790501354844,2.0,full
yacht,mean,streed,4,,3,0.05,0.001,0.001,0.9820428758312643,4.079029557341086,0.0037260055541991797,3.0350858920790023,0.9867854586057103,3.6510360455958564,0.9845174985442657,2.0,full
yacht,mean,streed,4,,3,0.05,0.001,0.1,0.9816895773731226,4.1765012749432735,0.0038121700286864804,3.184611352987371,0.9861345056415086,3.976067829548339,0.9830952018862694,2.0,full
yacht,mean,streed,4,,3,0.05,0.01,0.001,0.974901261630641,5.7352357625348604,0.0037113666534423204,3.8293764427357937,0.9833076057429769,4.496661718739681,0.981009739531779,2.0,full
yacht,mean,streed,4,,3,0.05,0.01,0.1,0.9701760564633041,6.7903111502992815,0.02260546684265132,5.042088753141824,0.9780721648675552,5.93964372820694,0.9744098220226884,2.0,full
yacht,mean,streed,4,,3,0.05,0.1,0.001,0.8816776510367154,26.838026792640413,0.16910362243652338,19.100654713432043,0.916486986042844,21.97189125686917,0.9023077031310278,2.0,full
yacht,mean,streed,4,,3,0.05,0.1,0.1,0.8800382305022076,27.210826502600675,0.2652412414550781,19.493949930857237,0.9147685942964386,22.185165751780467,0.901536990777198,2.0,full
yacht,mean,streed,4,,3,0.08,1e-05,0.001,0.9821428473634372,4.041009838001181,0.00369434356689448,3.0247543987753387,0.9868307329084935,3.646613459689759,0.9845249350363954,2.0,full
yacht,mean,streed,4,,3,0.08,1e-05,0.1,0.981609210233714,4.191543745637986,0.0036591529846191004,3.101188754525648,0.9864955736530756,3.7015611055435125,0.9843919383419133,2.0,full
yacht,mean,streed,4,,3,0.08,0.0001,0.001,0.9821382406699,4.043481101006486,0.0036484241485595205,3.0248870388071154,0.9868301507034101,3.6460822795410257,0.9845282331743977,2.0,full
yacht,mean,streed,4,,3,0.08,0.0001,0.1,0.9815863333081287,4.198154447245519,0.00366425514221186,3.1047819408046187,0.9864798207419456,3.704908199364904,0.9843790501354844,2.0,full
yacht,mean,streed,4,,3,0.08,0.001,0.001,0.9820428758312643,4.079029557341086,0.0036492824554442997,3.0350858920790023,0.9867854586057103,3.6510360455958564,0.9845174985442657,2.0,full
yacht,mean,streed,4,,3,0.08,0.001,0.1,0.9816895773731226,4.1765012749432735,0.00364804267883296,3.184611352987371,0.9861345056415086,3.976067829548339,0.9830952018862694,2.0,full
yacht,mean,streed,4,,3,0.08,0.01,0.001,0.974901261630641,5.7352357625348604,0.00363955497741694,3.8293764427357937,0.9833076057429769,4.496661718739681,0.981009739531779,2.0,full
yacht,mean,streed,4,,3,0.08,0.01,0.1,0.9701760564633041,6.7903111502992815,0.0036883831024169403,5.042088753141824,0.9780721648675552,5.93964372820694,0.9744098220226884,2.0,full
yacht,mean,streed,4,,3,0.08,0.1,0.001,0.8816776510367154,26.838026792640413,0.02207064628601072,19.100654713432043,0.916486986042844,21.97189125686917,0.9023077031310278,2.0,full
yacht,mean,streed,4,,3,0.08,0.1,0.1,0.8800382305022076,27.210826502600675,0.02212991714477534,19.493949930857237,0.9147685942964386,22.185165751780467,0.901536990777198,2.0,full
yacht,mean,streed,4,,3,0.1,1e-05,0.001,0.9821428473634372,4.041009838001181,0.0035486221313476203,3.0247543987753387,0.9868307329084935,3.646613459689759,0.9845249350363954,2.0,full
yacht,mean,streed,4,,3,0.1,1e-05,0.1,0.981609210233714,4.191543745637986,0.0035911083221435,3.101188754525648,0.9864955736530756,3.7015611055435125,0.9843919383419133,2.0,full
yacht,mean,streed,4,,3,0.1,0.0001,0.001,0.9821382406699,4.043481101006486,0.00359396934509272,3.0248870388071154,0.9868301507034101,3.6460822795410257,0.9845282331743977,2.0,full
yacht,mean,streed,4,,3,0.1,0.0001,0.1,0.9815863333081287,4.198154447245519,0.0036051273345947,3.1047819408046187,0.9864798207419456,3.704908199364904,0.9843790501354844,2.0,full
yacht,mean,streed,4,,3,0.1,0.001,0.001,0.9820428758312643,4.079029557341086,0.0036089420318603004,3.0350858920790023,0.9867854586057103,3.6510360455958564,0.9845174985442657,2.0,full
yacht,mean,streed,4,,3,0.1,0.001,0.1,0.9816895773731226,4.1765012749432735,0.0035807609558105,3.184611352987371,0.9861345056415086,3.976067829548339,0.9830952018862694,2.0,full
yacht,mean,streed,4,,3,0.1,0.01,0.001,0.974901261630641,5.7352357625348604,0.00355157852172846,3.8293764427357937,0.9833076057429769,4.496661718739681,0.981009739531779,2.0,full
yacht,mean,streed,4,,3,0.1,0.01,0.1,0.9701760564633041,6.7903111502992815,0.00354442596435542,5.042088753141824,0.9780721648675552,5.93964372820694,0.9744098220226884,2.0,full
yacht,mean,streed,4,,3,0.1,0.1,0.001,0.8816776510367154,26.838026792640413,0.014544200897216742,19.100654713432043,0.916486986042844,21.97189125686917,0.9023077031310278,2.0,full
yacht,mean,streed,4,,3,0.1,0.1,0.1,0.8800382305022076,27.210826502600675,0.02181859016418452,19.493949930857237,0.9147685942964386,22.185165751780467,0.901536990777198,2.0,full
yacht,std,streed,4,,3,0.0001,1e-05,0.001,0.0015035714971983773,0.4381262507013271,0.38462669601015,0.16585327188102506,0.0005952401110982144,0.8356525975057657,0.002493648461544815,0.0,full
yacht,std,streed,4,,3,0.0001,1e-05,0.1,0.0017907424045176994,0.5105716484540701,0.17016020550805994,0.17125519857848795,0.0005361012454337363,0.958130077271343,0.0026430752405953526,0.0,full
yacht,std,streed,4,,3,0.0001,0.0001,0.001,0.0015128458526696793,0.4405207758601845,0.39050138899564046,0.16585534374511546,0.000595091361951359,0.8408040568751811,0.0025050562407551162,0.0,full
yacht,std,streed,4,,3,0.0001,0.0001,0.1,0.0017985979797366075,0.5132149121258761,0.17999714571487163,0.17144834410320328,0.0005333653354723291,0.9685303214437858,0.0026745147559560185,0.0,full
yacht,std,streed,4,,3,0.0001,0.001,0.001,0.0015981158469336814,0.4643455199987797,0.32337330472620784,0.1667781680953381,0.0005881109360855243,0.9014950707666775,0.0026478536130345267,0.0,full
yacht,std,streed,4,,3,0.0001,0.001,0.1,0.0018041020763064778,0.5346866066587525,0.148471907763109,0.1741937600200723,0.0005044361077417314,1.070334615480233,0.0029723557779436755,0.0,full
yacht,std,streed,4,,3,0.0001,0.01,0.001,0.0020019664777057074,0.6395145009438375,0.09789868180334325,0.22435189961250104,0.00042265582139198364,1.5136204795943196,0.003714403092874424,0.0,full
yacht,std,streed,4,,3,0.0001,0.01,0.1,0.001991963897893624,0.6915949896963963,0.09776046475092681,0.23390869795782557,0.0002625713886817875,1.8122269405038869,0.004585710972069262,0.0,full
yacht,std,streed,4,,3,0.0001,0.1,0.001,0.005289671410733685,1.7464054542975296,0.3253859797574266,0.5426842528387467,0.0006581418340034047,3.086658407508777,0.007084938709659962,0.0,full
yacht,std,streed,4,,3,0.0001,0.1,0.1,0.004899836588841488,1.7977218757147777,0.30638672831378877,0.5494037342849841,0.0006561906142135428,3.273483799005401,0.007367820501994679,0.0,full
yacht,std,streed,4,,3,0.0005,1e-05,0.001,0.0015573502297354547,0.45243876370988784,0.45508236272467484,0.16335535769364987,0.0005731381304688122,0.8221205756170071,0.0024277697899487043,0.0,full
yacht,std,streed,4,,3,0.0005,1e-05,0.1,0.0017947830947687429,0.5111099590234099,0.16326666379342575,0.17125519857848795,0.0005361012454337363,0.958130077271343,0.0026430752405953526,0.0,full
yacht,std,streed,4,,3,0.0005,0.0001,0.001,0.0015666989134874038,0.45483222889935065,0.43542045221120096,0.16335434049452138,0.0005729792049742371,0.8274258714923847,0.0024388540729578206,0.0,full
yacht,std,streed,4,,3,0.0005,0.0001,0.1,0.0018025457434901065,0.513739069154671,0.16471028286369752,0.17144834410320328,0.0005333653354723291,0.9685303214437858,0.0026745147559560185,0.0,full
yacht,std,streed,4,,3,0.0005,0.001,0.001,0.0016070741604439283,0.466384086325307,0.371276036203694,0.16423806632484547,0.0005659827115472682,0.8899765572913081,0.002582382670186025,0.0,full
yacht,std,streed,4,,3,0.0005,0.001,0.1,0.0018067174633458673,0.5350055955345882,0.13541453616112648,0.1741937600200723,0.0005044361077417314,1.070334615480233,0.0029723557779436755,0.0,full
yacht,std,streed,4,,3,0.0005,0.01,0.001,0.0020304616500997795,0.6419777415619028,0.09449403405978846,0.2232870123715787,0.000410627065207078,1.517770681096553,0.003661216238416371,0.0,full
yacht,std,streed,4,,3,0.0005,0.01,0.1,0.0019883151371596713,0.6912529361651051,0.08646248100435887,0.23390869795782557,0.0002625713886817875,1.8122269405038869,0.004585710972069262,0.0,full
yacht,std,streed,4,,3,0.0005,0.1,0.001,0.0052887025718625314,1.7430780818831793,0.31684797089012184,0.542007944702406,0.0006586259881258171,3.081238755778553,0.007088419365831492,0.0,full
yacht,std,streed,4,,3,0.0005,0.1,0.1,0.004899836588841488,1.7977218757147777,0.3189220240082381,0.5494037342849841,0.0006561906142135428,3.273483799005401,0.007367820501994679,0.0,full
yacht,std,streed,4,,3,0.001,1e-05,0.001,0.0015270718494954539,0.4456844806792218,0.4667943204143683,0.16335535769364987,0.0005731381304688122,0.8221205756170071,0.0024277697899487043,0.0,full
yacht,std,streed,4,,3,0.001,1e-05,0.1,0.0017870710972716732,0.5108444935371234,0.18250171271663967,0.17018230459678912,0.0005413090583028799,0.9998189076782988,0.002805220336450815,0.0,full
yacht,std,streed,4,,3,0.001,0.0001,0.001,0.0015367365015141275,0.4481908148331181,0.5244986955227554,0.16335434049452138,0.0005729792049742371,0.8274258714923847,0.0024388540729578206,0.0,full
yacht,std,streed,4,,3,0.001,0.0001,0.1,0.0017947182561277885,0.513459920196218,0.18269604596458805,0.17039406256150644,0.0005386999425981249,1.01001227294184,0.002833249469950552,0.0,full
yacht,std,streed,4,,3,0.001,0.001,0.001,0.0016249617943554448,0.4729181021823154,0.4076874306180163,0.16423806632484547,0.0005659827115472682,0.8899765572913081,0.002582382670186025,0.0,full
yacht,std,streed,4,,3,0.001,0.001,0.1,0.0018114356944141736,0.5381304465859972,0.15601467169701447,0.20362314846409355,0.0006429432956466325,1.0918816456798217,0.003101468558430814,0.0,full
yacht,std,streed,4,,3,0.001,0.01,0.001,0.0020043582252188114,0.6499464229060179,0.10502219119636651,0.2232870123715787,0.000410627065207078,1.517770681096553,0.003661216238416371,0.0,full
yacht,std,streed,4,,3,0.001,0.01,0.1,0.001953160108196399,0.689473375972158,0.0982849747193153,0.26685451249451464,0.00040417560741899894,1.8059764591101204,0.0044548915059619745,0.0,full
yacht,std,streed,4,,3,0.001,0.1,0.001,0.005323073990537374,1.7447618609081599,0.3060065463949445,0.541960908962199,0.0006516028060549936,3.0696426183148833,0.006877151361953067,0.0,full
yacht,std,streed,4,,3,0.001,0.1,0.1,0.004935335392922065,1.80561829863664,0.3177715472440703,0.5494037342849841,0.0006561906142135428,3.273483799005401,0.007367820501994679,0.0,full
yacht,std,streed,4,,3,0.003,1e-05,0.001,0.0015270718494954539,0.4456844806792218,0.3338708532402988,0.21297006425209147,0.0007245266427287593,1.1397333262810128,0.0032299327536821193,0.0,full
yacht,std,streed,4,,3,0.003,1e-05,0.1,0.0017870710972716732,0.5108444935371234,0.21854092353195187,0.17143052302644485,0.0004935813894034624,1.0994858219773782,0.003381836720219846,0.0,full
yacht,std,streed,4,,3,0.003,0.0001,0.001,0.0015367365015141275,0.4481908148331181,0.42711085405196464,0.21309444626588056,0.0007249886385227788,1.1490781625702386,0.0032625980300258904,0.0,full
yacht,std,streed,4,,3,0.003,0.0001,0.1,0.0017947182561277885,0.513459920196218,0.21122106723453649,0.17196126884594368,0.0004930738007516221,1.1081239075747644,0.0034034743906142047,0.0,full
yacht,std,streed,4,,3,0.003,0.001,0.001,0.0016249617943554448,0.4729181021823154,1.0892510199435448,0.2230604443689083,0.0007627882346049642,1.2358366601737754,0.0035545365959134293,0.0,full
yacht,std,streed,4,,3,0.003,0.001,0.1,0.0018114356944141736,0.5381304465859972,0.1720766301952488,0.17526288411357122,0.00047533094902345725,1.1895156148802626,0.0035795761485929384,0.0,full
yacht,std,streed,4,,3,0.003,0.01,0.001,0.0020043582252188114,0.6499464229060179,0.13177730367796683,0.40068897923447605,0.0012231992580274136,1.3517668655927833,0.002934711139943773,0.0,full
yacht,std,streed,4,,3,0.003,0.01,0.1,0.001953160108196399,0.689473375972158,0.09191831041478353,0.24003714339729015,0.00020285642196601422,1.9312906699008137,0.004796924247890722,0.0,full
yacht,std,streed,4,,3,0.003,0.1,0.001,0.005249629062697395,1.7423741527651178,0.31508188738699655,0.541960908962199,0.0006516028060549936,3.0696426183148833,0.006877151361953067,0.0,full
yacht,std,streed,4,,3,0.003,0.1,0.1,0.004879094971628666,1.7961504179089465,0.316726744337975,0.5493451784413027,0.0006438632283426205,3.2513077825564376,0.00704937975899439,0.0,full
yacht,std,streed,4,,3,0.005,1e-05,0.001,0.0015270718494954539,0.4456844806792218,0.11086707318792698,0.21297006425209147,0.0007245266427287593,1.1397333262810128,0.0032299327536821193,0.0,full
yacht,std,streed,4,,3,0.005,1e-05,0.1,0.0017870710972716732,0.5108444935371234,0.2488377024292888,0.17143052302644485,0.0004935813894034624,1.0994858219773782,0.003381836720219846,0.0,full
yacht,std,streed,4,,3,0.005,0.0001,0.001,0.0015367365015141275,0.4481908148331181,0.11248479905908482,0.21309444626588056,0.0007249886385227788,1.1490781625702386,0.0032625980300258904,0.0,full
yacht,std,streed,4,,3,0.005,0.0001,0.1,0.0017947182561277885,0.513459920196218,0.26608916744443184,0.17196126884594368,0.0004930738007516221,1.1081239075747644,0.0034034743906142047,0.0,full
yacht,std,streed,4,,3,0.005,0.001,0.001,0.0016249617943554448,0.4729181021823154,0.017018123715714713,0.2230604443689083,0.0007627882346049642,1.2358366601737754,0.0035545365959134293,0.0,full
yacht,std,streed,4,,3,0.005,0.001,0.1,0.0018114356944141736,0.5381304465859972,0.23899810644648384,0.17526288411357122,0.00047533094902345725,1.1895156148802626,0.0035795761485929384,0.0,full
yacht,std,streed,4,,3,0.005,0.01,0.001,0.0020043582252188114,0.6499464229060179,0.21441728674895444,0.40068897923447605,0.0012231992580274136,1.3517668655927833,0.002934711139943773,0.0,full
yacht,std,streed,4,,3,0.005,0.01,0.1,0.001953160108196399,0.689473375972158,0.12856765826848288,0.24003714339729015,0.00020285642196601422,1.9312906699008137,0.004796924247890722,0.0,full
yacht,std,streed,4,,3,0.005,0.1,0.001,0.005249629062697395,1.7423741527651178,0.2938016212443152,0.5547447200313628,0.000693356602313136,3.225310521995352,0.007307257964078381,0.0,full
yacht,std,streed,4,,3,0.005,0.1,0.1,0.004879094971628666,1.7961504179089465,0.29787127435926136,0.563530537045536,0.000682571261363365,3.47866651813856,0.007767192519941603,0.0,full
yacht,std,streed,4,,3,0.008,1e-05,0.001,0.003584673503278255,0.9419081089198904,0.0009994685562961876,0.9432603524917251,0.003992698483548382,2.3402906745334042,0.007661592676016098,0.5477225575051661,full
yacht,std,streed,4,,3,0.008,1e-05,0.1,0.0023769699521133097,0.6028604961234161,0.07266204334711282,0.8802485169475895,0.0038742819530890797,2.472846525985497,0.007194698767208341,0.5477225575051661,full
yacht,std,streed,4,,3,0.008,0.0001,0.001,0.003584650233356398,0.9425251472433038,0.000937069996408976,0.9429838530189748,0.003991452827012771,2.3465903444848406,0.007689232931306946,0.5477225575051661,full
yacht,std,streed,4,,3,0.008,0.0001,0.1,0.002375272304069387,0.6040260397866596,0.07061572366452075,0.8762126268271941,0.003856203303329807,2.4724164109033526,0.007181031902263974,0.5477225575051661,full
yacht,std,streed,4,,3,0.008,0.001,0.001,0.0035709507385861244,0.946884838717546,0.10943643086652345,0.9245249619243432,0.003907964782078645,2.393604957075625,0.007861645690133269,0.5477225575051661,full
yacht,std,streed,4,,3,0.008,0.001,0.1,0.002527895251491869,0.6432753845228295,0.7487125267469907,0.36949874528964205,0.002070448571440624,2.7218436119776785,0.008366347506583391,0.4472135954999579,full
yacht,std,streed,4,,3,0.008,0.01,0.001,0.0026686152228570957,0.8167527617292777,0.24525822447369366,0.40068897923447605,0.0012231992580274136,1.3517668655927833,0.002934711139943773,0.0,full
yacht,std,streed,4,,3,0.008,0.01,0.1,0.0035790928814831272,1.0057344831023072,0.23885244154216137,0.24003714339729015,0.00020285642196601422,1.9312906699008137,0.004796924247890722,0.0,full
yacht,std,streed,4,,3,0.008,0.1,0.001,0.005964702884713505,1.758828876195086,0.33580231128479154,0.5547447200313628,0.000693356602313136,3.225310521995352,0.007307257964078381,0.0,full
yacht,std,streed,4,,3,0.008,0.1,0.1,0.005271777398465797,1.4298144259798469,0.3018293940429012,0.563530537045536,0.000682571261363365,3.47866651813856,0.007767192519941603,0.0,full
yacht,std,streed,4,,3,0.01,1e-05,0.001,0.002319755868847649,0.722788789567458,0.0006900515453449832,0.40349767104823187,0.001256117014130731,1.873220224874499,0.004830029213328291,0.0,full
yacht,std,streed,4,,3,0.01,1e-05,0.1,0.0031479270989077266,0.9480449062350469,0.015615940273268536,0.3994669502937874,0.001223465296231487,2.08414342105084,0.005423810170892235,0.0,full
yacht,std,streed,4,,3,0.01,0.0001,0.001,0.0023168464371833533,0.7233541939581571,0.0008569460020873866,0.4034879541899102,0.001256051345501244,1.8755340321945044,0.0048348426074292334,0.0,full
yacht,std,streed,4,,3,0.01,0.0001,0.1,0.0031442755278711172,0.9484193389872771,0.021181285075027395,0.39927751488168944,0.0012219009120995813,2.0890269320772874,0.0054369426725664385,0.0,full
yacht,std,streed,4,,3,0.01,0.001,0.001,0.0022880928590512796,0.7291072232564466,0.0012197156563857668,0.40309840420163506,0.0012523369313991984,1.9037752245269457,0.004898244485787165,0.0,full
yacht,std,streed,4,,3,0.01,0.001,0.1,0.0024926833870670554,0.7990958949753071,0.06389502145244108,0.41046448525077955,0.0012342173839309518,2.1429981015557846,0.006183068251836866,0.0,full
yacht,std,streed,4,,3,0.01,0.01,0.001,0.0033240785352862275,0.9426324805548641,0.7962867861969609,0.40068897923447605,0.0012231992580274136,1.3517668655927833,0.002934711139943773,0.0,full
yacht,std,streed,4,,3,0.01,0.01,0.1,0.004906956115416766,1.3179962736702298,0.223812718760484,0.24003714339729015,0.00020285642196601422,1.9312906699008137,0.004796924247890722,0.0,full
yacht,std,streed,4,,3,0.01,0.1,0.001,0.004118023885082638,1.7048046443001594,0.29391523039276785,0.5547447200313628,0.000693356602313136,3.225310521995352,0.007307257964078381,0.0,full
yacht,std,streed,4,,3,0.01,0.1,0.1,0.00499138888639905,1.7404941834730503,0.3093586283779351,0.563530537045536,0.000682571261363365,3.47866651813856,0.007767192519941603,0.0,full
yacht,std,streed,4,,3,0.03,1e-05,0.001,0.002483631939573094,0.7429325455615727,0.0003274287249659406,0.40349767104823187,0.001256117014130731,1.873220224874499,0.004830029213328291,0.0,full
yacht,std,streed,4,,3,0.03,1e-05,0.1,0.002238035802814818,0.6871229821638095,4.633835446411454e-05,0.3994669502937874,0.001223465296231487,2.08414342105084,0.005423810170892235,0.0,full
yacht,std,streed,4,,3,0.03,0.0001,0.001,0.002483739990864268,0.7436988254825028,0.0003060059784894954,0.4034879541899102,0.001256051345501244,1.8755340321945044,0.0048348426074292334,0.0,full
yacht,std,streed,4,,3,0.03,0.0001,0.1,0.00223476923128645,0.6874589595086972,3.2740435853099626e-05,0.39927751488168944,0.0012219009120995813,2.0890269320772874,0.0054369426725664385,0.0,full
yacht,std,streed,4,,3,0.03,0.001,0.001,0.002480950777121629,0.7510541644228996,0.0003060958263012987,0.40309840420163506,0.0012523369313991984,1.9037752245269457,0.004898244485787165,0.0,full
yacht,std,streed,4,,3,0.03,0.001,0.1,0.0026362466174581936,0.8036267680980197,0.0007395941735060977,0.41046448525077955,0.0012342173839309518,2.1429981015557846,0.006183068251836866,0.0,full
yacht,std,streed,4,,3,0.03,0.01,0.001,0.00453097218621928,1.2477825518773011,0.0006162237089320969,0.3884316655287872,0.0010333376629907776,2.548985095469008,0.006557714769354072,0.0,full
yacht,std,streed,4,,3,0.03,0.01,0.1,0.0052646375398049715,1.4539277195025293,0.0011820895169369172,1.0138229987228131,0.0037861656743838814,2.369871162050401,0.005090730894307294,0.0,full
yacht,std,streed,4,,3,0.03,0.1,0.001,0.0043781836372559805,1.7404907171085304,0.31523115002604074,0.5547447200313628,0.000693356602313136,3.225310521995352,0.007307257964078381,0.0,full
yacht,std,streed,4,,3,0.03,0.1,0.1,0.004001046077047963,1.8119048526251824,0.05836554261632875,0.563530537045536,0.000682571261363365,3.47866651813856,0.007767192519941603,0.0,full
yacht,std,streed,4,,3,0.05,1e-05,0.001,0.002483631939573094,0.7429325455615727,3.060100373004748e-05,0.40349767104823187,0.001256117014130731,1.873220224874499,0.004830029213328291,0.0,full
yacht,std,streed,4,,3,0.05,1e-05,0.1,0.002238035802814818,0.6871229821638095,1.7037338947517104e-05,0.3994669502937874,0.001223465296231487,2.08414342105084,0.005423810170892235,0.0,full
yacht,std,streed,4,,3,0.05,0.0001,0.001,0.002483739990864268,0.7436988254825028,2.3524073866898147e-05,0.4034879541899102,0.001256051345501244,1.8755340321945044,0.0048348426074292334,0.0,full
yacht,std,streed,4,,3,0.05,0.0001,0.1,0.00223476923128645,0.6874589595086972,4.488023149060028e-05,0.39927751488168944,0.0012219009120995813,2.0890269320772874,0.0054369426725664385,0.0,full
yacht,std,streed,4,,3,0.05,0.001,0.001,0.002480950777121629,0.7510541644228996,6.49560469091948e-05,0.40309840420163506,0.0012523369313991984,1.9037752245269457,0.004898244485787165,0.0,full
yacht,std,streed,4,,3,0.05,0.001,0.1,0.0026362466174581936,0.8036267680980197,0.0002498735678458491,0.41046448525077955,0.0012342173839309518,2.1429981015557846,0.006183068251836866,0.0,full
yacht,std,streed,4,,3,0.05,0.01,0.001,0.00453097218621928,1.2477825518773011,2.5004755889146438e-05,0.3884316655287872,0.0010333376629907776,2.548985095469008,0.006557714769354072,0.0,full
yacht,std,streed,4,,3,0.05,0.01,0.1,0.0052646375398049715,1.4539277195025293,0.0010112481298157235,1.0138229987228131,0.0037861656743838814,2.369871162050401,0.005090730894307294,0.0,full
yacht,std,streed,4,,3,0.05,0.1,0.001,0.0043781836372559805,1.7404907171085304,0.13392077287933324,0.4932008948833951,0.00266280198566596,3.139220063803102,0.01066252470483008,0.0,full
yacht,std,streed,4,,3,0.05,0.1,0.1,0.004001046077047963,1.8119048526251824,0.017523301548718142,0.4988949431016013,0.002656055347012469,3.449166512444398,0.010408698319606864,0.0,full
yacht,std,streed,4,,3,0.08,1e-05,0.001,0.002483631939573094,0.7429325455615727,9.317979457721809e-05,0.40349767104823187,0.001256117014130731,1.873220224874499,0.004830029213328291,0.0,full
yacht,std,streed,4,,3,0.08,1e-05,0.1,0.002238035802814818,0.6871229821638095,4.316778903443805e-05,0.3994669502937874,0.001223465296231487,2.08414342105084,0.005423810170892235,0.0,full
yacht,std,streed,4,,3,0.08,0.0001,0.001,0.002483739990864268,0.7436988254825028,2.7407042705326773e-05,0.4034879541899102,0.001256051345501244,1.8755340321945044,0.0048348426074292334,0.0,full
yacht,std,streed,4,,3,0.08,0.0001,0.1,0.00223476923128645,0.6874589595086972,3.6105658094595034e-05,0.39927751488168944,0.0012219009120995813,2.0890269320772874,0.0054369426725664385,0.0,full
yacht,std,streed,4,,3,0.08,0.001,0.001,0.002480950777121629,0.7510541644228996,2.6371616877540506e-05,0.40309840420163506,0.0012523369313991984,1.9037752245269457,0.004898244485787165,0.0,full
yacht,std,streed,4,,3,0.08,0.001,0.1,0.0026362466174581936,0.8036267680980197,2.2161388470871228e-05,0.41046448525077955,0.0012342173839309518,2.1429981015557846,0.006183068251836866,0.0,full
yacht,std,streed,4,,3,0.08,0.01,0.001,0.00453097218621928,1.2477825518773011,4.4290895654888734e-05,0.3884316655287872,0.0010333376629907776,2.548985095469008,0.006557714769354072,0.0,full
yacht,std,streed,4,,3,0.08,0.01,0.1,0.0052646375398049715,1.4539277195025293,3.621035887471694e-05,1.0138229987228131,0.0037861656743838814,2.369871162050401,0.005090730894307294,0.0,full
yacht,std,streed,4,,3,0.08,0.1,0.001,0.0043781836372559805,1.7404907171085304,0.0007059599893426912,0.4932008948833951,0.00266280198566596,3.139220063803102,0.01066252470483008,0.0,full
yacht,std,streed,4,,3,0.08,0.1,0.1,0.004001046077047963,1.8119048526251824,0.0006718945758351252,0.4988949431016013,0.002656055347012469,3.449166512444398,0.010408698319606864,0.0,full
yacht,std,streed,4,,3,0.1,1e-05,0.001,0.002483631939573094,0.7429325455615727,3.1362240007006215e-05,0.40349767104823187,0.001256117014130731,1.873220224874499,0.004830029213328291,0.0,full
yacht,std,streed,4,,3,0.1,1e-05,0.1,0.002238035802814818,0.6871229821638095,2.8008551741778896e-05,0.3994669502937874,0.001223465296231487,2.08414342105084,0.005423810170892235,0.0,full
yacht,std,streed,4,,3,0.1,0.0001,0.001,0.002483739990864268,0.7436988254825028,2.515536339315568e-05,0.4034879541899102,0.001256051345501244,1.8755340321945044,0.0048348426074292334,0.0,full
yacht,std,streed,4,,3,0.1,0.0001,0.1,0.00223476923128645,0.6874589595086972,5.867931216180013e-05,0.39927751488168944,0.0012219009120995813,2.0890269320772874,0.0054369426725664385,0.0,full
yacht,std,streed,4,,3,0.1,0.001,0.001,0.002480950777121629,0.7510541644228996,1.6795400146948746e-05,0.40309840420163506,0.0012523369313991984,1.9037752245269457,0.004898244485787165,0.0,full
yacht,std,streed,4,,3,0.1,0.001,0.1,0.0026362466174581936,0.8036267680980197,6.708537059923632e-05,0.41046448525077955,0.0012342173839309518,2.1429981015557846,0.006183068251836866,0.0,full
yacht,std,streed,4,,3,0.1,0.01,0.001,0.00453097218621928,1.2477825518773011,2.737279958335627e-05,0.3884316655287872,0.0010333376629907776,2.548985095469008,0.006557714769354072,0.0,full
yacht,std,streed,4,,3,0.1,0.01,0.1,0.0052646375398049715,1.4539277195025293,6.990211556175332e-05,1.0138229987228131,0.0037861656743838814,2.369871162050401,0.005090730894307294,0.0,full
yacht,std,streed,4,,3,0.1,0.1,0.001,0.0043781836372559805,1.7404907171085304,0.010025883350677197,0.4932008948833951,0.00266280198566596,3.139220063803102,0.01066252470483008,0.0,full
yacht,std,streed,4,,3,0.1,0.1,0.1,0.004001046077047963,1.8119048526251824,0.0007291027926477691,0.4988949431016013,0.002656055347012469,3.449166512444398,0.010408698319606864,0.0,full
yacht,best_by_mean_val_r2,streed,4,,3,0.0001,1e-05,0.001,0.991376177717488,1.9917490335519155,3.7645077228546144,0.7536999014772838,0.9967307000411146,1.0408713013819484,0.995783471081811,5.0,full
