dataset,outer,method,depth,n_thresholds,cv_folds,cost_complexity,ridge_penalty,lasso_penalty,val_r2,val_mse,train_time_s,train_mse,train_r2,test_mse,test_r2,n_leaves,threshold_label
airfoil,outer_0,streed,4,1202.0,3,0.1,0.1,0.1,0.6399883634105347,16.710715498760344,599.0644137859344,16.483042287668752,0.6456263362521448,19.017059186613302,0.6322975488844962,2.0,full
airfoil,outer_0,streed,4,1202.0,3,0.1,0.1,0.001,0.6449078098221198,16.481844017712664,599.5821743011475,16.250271627476163,0.6506307395792639,18.728778906101425,0.6378715634948677,2.0,full
airfoil,outer_0,streed,4,1202.0,3,0.1,0.01,0.1,0.6492085202489936,16.282251639139478,208.2346053123474,16.012030189814556,0.6557527607236167,18.257940033979,0.6469754215446837,2.0,full
airfoil,outer_0,streed,4,1202.0,3,0.1,0.01,0.001,0.6491024254124065,16.288146759188173,195.7317440509796,15.939160142008143,0.6573194148259336,18.11707697574539,0.6496990651572873,2.0,full
airfoil,outer_0,streed,4,1202.0,3,0.1,0.001,0.1,0.649615815510289,16.26333245229047,205.4115536212921,15.987545978074603,0.6562791538291392,18.2017804961004,0.6480612886879069,2.0,full
airfoil,outer_0,streed,4,1202.0,3,0.1,0.001,0.001,0.6495404852607465,16.267049151465624,192.10660457611084,15.842116796803683,0.6594057775969724,17.739835011057657,0.6569931895388821,2.0,full
airfoil,outer_0,streed,4,1202.0,3,0.1,0.0001,0.1,0.649649284849729,16.261778519584663,206.8197219371796,15.985390444485718,0.6563254962653164,18.19642409595351,0.6481648568286925,2.0,full
airfoil,outer_0,streed,4,1202.0,3,0.1,0.0001,0.001,0.645650709497532,16.46495004715884,193.3036069869995,15.83863937446006,0.6594805396994292,17.725030401573292,0.6572794425889352,2.0,full
airfoil,outer_0,streed,4,1202.0,3,0.1,1e-05,0.1,0.649652554627158,16.261626720311003,207.0031490325928,15.9851779003425,0.6563300658129416,18.195891125851443,0.6481751620189419,2.0,full
airfoil,outer_0,streed,4,1202.0,3,0.1,1e-05,0.001,0.6455862511109328,16.4680409021305,193.51565718650815,15.838384685829544,0.6594860153235,17.7235679368621,0.6573077199294903,2.0,full
airfoil,outer_0,streed,4,1202.0,3,0.08,0.1,0.1,0.6399883634105347,16.710715498760344,599.1676697731018,16.483042287668752,0.6456263362521448,19.017059186613302,0.6322975488844962,2.0,full
airfoil,outer_0,streed,4,1202.0,3,0.08,0.1,0.001,0.6449078098221198,16.481844017712664,599.6246469020844,16.250271627476163,0.6506307395792639,18.728778906101425,0.6378715634948677,2.0,full
airfoil,outer_0,streed,4,1202.0,3,0.08,0.01,0.1,0.6492085202489936,16.282251639139478,599.43652176857,16.012030189814556,0.6557527607236167,18.257940033979,0.6469754215446837,2.0,full
airfoil,outer_0,streed,4,1202.0,3,0.08,0.01,0.001,0.6491024254124065,16.288146759188173,599.9537315368652,15.939160142008143,0.6573194148259336,18.11707697574539,0.6496990651572873,2.0,full
airfoil,outer_0,streed,4,1202.0,3,0.08,0.001,0.1,0.649615815510289,16.26333245229047,599.1639478206635,15.987545978074603,0.6562791538291392,18.2017804961004,0.6480612886879069,2.0,full
airfoil,outer_0,streed,4,1202.0,3,0.08,0.001,0.001,0.6495404852607465,16.267049151465624,599.7706928253174,15.842116796803683,0.6594057775969724,17.739835011057657,0.6569931895388821,2.0,full
airfoil,outer_0,streed,4,1202.0,3,0.08,0.0001,0.1,0.649649284849729,16.261778519584663,599.6713151931763,15.985390444485718,0.6563254962653164,18.19642409595351,0.6481648568286925,2.0,full
airfoil,outer_0,streed,4,1202.0,3,0.08,0.0001,0.001,0.6966738830270612,14.118567833214296,599.0546305179596,12.076543166968424,0.7403629273772248,14.21788111315279,0.7250915778473664,3.0,full
airfoil,outer_0,streed,4,1202.0,3,0.08,1e-05,0.1,0.649652554627158,16.261626720311003,599.2764039039612,15.9851779003425,0.6563300658129416,18.195891125851443,0.6481751620189419,2.0,full
airfoil,outer_0,streed,4,1202.0,3,0.08,1e-05,0.001,0.6965807224829544,14.12294747684417,599.9977216720581,12.078644928375637,0.7403177410046364,14.232940964961966,0.7248003895848002,3.0,full
airfoil,outer_0,streed,4,1202.0,3,0.05,0.1,0.1,0.6399883634105347,16.710715498760344,599.7106857299805,16.483042287668752,0.6456263362521448,19.017059186613302,0.6322975488844962,2.0,full
airfoil,outer_0,streed,4,1202.0,3,0.05,0.1,0.001,0.6449078098221198,16.481844017712664,599.4325749874115,16.250271627476163,0.6506307395792639,18.728778906101425,0.6378715634948677,2.0,full
airfoil,outer_0,streed,4,1202.0,3,0.05,0.01,0.1,0.6492085202489936,16.282251639139478,599.0432920455933,16.012030189814556,0.6557527607236167,18.257940033979,0.6469754215446837,2.0,full
airfoil,outer_0,streed,4,1202.0,3,0.05,0.01,0.001,0.7183849489623017,13.072920351898254,599.5554213523865,12.509539988172056,0.7310538042649277,15.081572941127735,0.7083917506533504,3.0,full
airfoil,outer_0,streed,4,1202.0,3,0.05,0.001,0.1,0.6964537402311152,14.034886893507144,599.4805157184601,15.987545978074603,0.6562791538291392,18.2017804961004,0.6480612886879069,2.0,full
airfoil,outer_0,streed,4,1202.0,3,0.05,0.001,0.001,0.7249262682669172,12.778775907366343,599.5365633964539,12.09007707747656,0.7400719579452533,14.275448513187545,0.723978489125845,3.0,full
airfoil,outer_0,streed,4,1202.0,3,0.05,0.0001,0.1,0.6893288730746653,14.374417523068814,599.7790038585663,12.498249531054991,0.7312965410476244,14.738436579393792,0.7150264295507713,3.0,full
airfoil,outer_0,streed,4,1202.0,3,0.05,0.0001,0.001,0.7244394389589375,12.801535175663892,599.7996566295624,12.076543166968424,0.7403629273772248,14.21788111315279,0.7250915778473664,3.0,full
airfoil,outer_0,streed,4,1202.0,3,0.05,1e-05,0.1,0.6893536313858072,14.37323997316077,599.4007186889648,12.493085840621877,0.7314075567124093,14.730022740559054,0.7151891144923527,3.0,full
airfoil,outer_0,streed,4,1202.0,3,0.05,1e-05,0.001,0.7243767141082759,12.804471131210562,599.1219029426575,12.078644928375637,0.7403177410046364,14.232940964961966,0.7248003895848002,3.0,full
airfoil,outer_0,streed,4,1202.0,3,0.03,0.1,0.1,0.7272156174342147,12.64228486446954,599.7094707489014,11.244620894469117,0.7582486634272726,12.394040580588952,0.7603562645524279,5.0,full
airfoil,outer_0,streed,4,1202.0,3,0.03,0.1,0.001,0.7362759034007915,12.221437352677272,599.6891112327576,10.761007858417443,0.7686459990908514,11.8144251487056,0.7715633609239798,5.0,full
airfoil,outer_0,streed,4,1202.0,3,0.03,0.01,0.1,0.7413602482105152,11.985144032219011,599.6946489810944,11.154197812409572,0.7601926952581433,12.799234982471605,0.7525216686094647,4.0,full
airfoil,outer_0,streed,4,1202.0,3,0.03,0.01,0.001,0.7578410957254488,11.244543370619958,599.709175825119,10.672354675510771,0.7705519793511246,13.41895861496734,0.7405390641254184,4.0,full
airfoil,outer_0,streed,4,1202.0,3,0.03,0.001,0.1,0.7423790702758436,11.93618957889983,599.7080550193787,11.056982571904737,0.7622827536556516,12.681679323277123,0.7547946543326588,4.0,full
airfoil,outer_0,streed,4,1202.0,3,0.03,0.001,0.001,0.7792772514651868,10.265593577957562,599.7186501026154,8.779404713704562,0.8112490546573304,11.727700841983458,0.7732402101066058,5.0,full
airfoil,outer_0,streed,4,1202.0,3,0.03,0.0001,0.1,0.7426409857889186,11.923676097262897,599.7152535915375,11.045902373797176,0.7625209700194697,12.66676144501118,0.7550830974799405,4.0,full
airfoil,outer_0,streed,4,1202.0,3,0.03,0.0001,0.001,0.7912229868975539,9.708085384043612,599.7284958362579,8.476264537568152,0.8177663524335423,11.306373487254051,0.7813867431502148,5.0,full
airfoil,outer_0,streed,4,1202.0,3,0.03,1e-05,0.1,0.7426548544899075,11.923013358506031,599.7125864028931,11.04511977800905,0.7625377952712545,12.6710422914709,0.7550003256001961,4.0,full
airfoil,outer_0,streed,4,1202.0,3,0.03,1e-05,0.001,0.791185379238141,9.710172266904998,599.7288551330566,8.472633388485876,0.8178444195513379,11.280018375544913,0.7818963297839723,5.0,full
airfoil,outer_0,streed,4,1202.0,3,0.01,0.1,0.1,0.7793788464088868,10.221138784608838,599.7238755226135,8.249264786901046,0.8226466853180809,10.651346351594958,0.7940519549984569,10.0,full
airfoil,outer_0,streed,4,1202.0,3,0.01,0.1,0.001,0.8000185898599718,9.276339309082193,599.7008800506592,7.802330441047468,0.8322554552787922,10.434087986852902,0.7982527324402833,9.0,full
airfoil,outer_0,streed,4,1202.0,3,0.01,0.01,0.1,0.8135848481897492,8.660289963082441,599.7068281173706,7.429302951287999,0.8402752804978066,10.020174855954842,0.8062559084985059,8.0,full
airfoil,outer_0,streed,4,1202.0,3,0.01,0.01,0.001,0.8255817611394095,8.104358932006797,599.7092883586884,6.905097980941401,0.8515453138238471,10.696027525601634,0.7931880266150118,8.0,full
airfoil,outer_0,streed,4,1202.0,3,0.01,0.001,0.1,0.8244470634462484,8.163394262844449,599.7085385322571,7.245953651524286,0.8442171597922303,8.269676601436185,0.840102492901683,8.0,full
airfoil,outer_0,streed,4,1202.0,3,0.01,0.001,0.001,0.8511394605931647,6.916809008851897,599.7256774902344,5.255410629401012,0.8870124163526817,6.700463259241675,0.8704438609642194,9.0,full
airfoil,outer_0,streed,4,1202.0,3,0.01,0.0001,0.1,0.82445552121506,8.163169793837845,599.7268223762512,7.23734478787212,0.8444022442262735,8.261418925675859,0.8402621583677151,8.0,full
airfoil,outer_0,streed,4,1202.0,3,0.01,0.0001,0.001,0.8520302457687313,6.878606846194511,599.7305979728699,5.968580440581647,0.8716797736007111,7.826419491750015,0.8486730465349551,7.0,full
airfoil,outer_0,streed,4,1202.0,3,0.01,1e-05,0.1,0.8244899219001782,8.16155453532543,599.7206737995148,7.236156467563677,0.8444277922661354,8.259666959260494,0.8402960333395959,8.0,full
airfoil,outer_0,streed,4,1202.0,3,0.01,1e-05,0.001,0.8520720952672596,6.876992969617888,599.7316360473633,5.945606569020801,0.8721736954686166,7.889139008330941,0.8474603395778342,7.0,full
airfoil,outer_0,streed,4,1202.0,3,0.008,0.1,0.1,0.7955785903040056,9.475225556904652,599.7151248455048,8.249264786901046,0.8226466853180809,10.651346351594958,0.7940519549984569,10.0,full
airfoil,outer_0,streed,4,1202.0,3,0.008,0.1,0.001,0.8006762058630824,9.241593723231754,599.7002642154694,7.670931267649525,0.8350804438748176,9.981910198467146,0.8069957709667905,10.0,full
airfoil,outer_0,streed,4,1202.0,3,0.008,0.01,0.1,0.808333791113642,8.883306600242358,599.7094597816467,7.225215607897535,0.8446630129527524,9.561330662044538,0.8151278446441169,9.0,full
airfoil,outer_0,streed,4,1202.0,3,0.008,0.01,0.001,0.8327464717090974,7.77374032942416,599.714465379715,6.502015195977261,0.8602113064730496,8.428564863874488,0.8370303247510379,9.0,full
airfoil,outer_0,streed,4,1202.0,3,0.008,0.001,0.1,0.8260862693836897,8.085676138759226,599.6989469528198,6.908489145341016,0.8514724062057212,9.020653561565648,0.8255820527925597,9.0,full
airfoil,outer_0,streed,4,1202.0,3,0.008,0.001,0.001,0.858843736806366,6.549710252796761,599.719696521759,5.255410629401012,0.8870124163526817,6.700463259241675,0.8704438609642194,9.0,full
airfoil,outer_0,streed,4,1202.0,3,0.008,0.0001,0.1,0.826341238566755,8.073710885891456,599.7153277397156,6.8944913578076985,0.8517733486631859,9.006812668550253,0.8258496719989494,9.0,full
airfoil,outer_0,streed,4,1202.0,3,0.008,0.0001,0.001,0.8627588645989369,6.3751712003498895,599.7258751392365,5.136239111081957,0.8895745190776569,6.463138866858918,0.8750326230820797,9.0,full
airfoil,outer_0,streed,4,1202.0,3,0.008,1e-05,0.1,0.8263764429568656,8.072057851547179,599.7016100883484,6.893066457629035,0.851803983001676,9.010254587413405,0.8257831211200726,9.0,full
airfoil,outer_0,streed,4,1202.0,3,0.008,1e-05,0.001,0.8610339808345246,6.450078176481946,599.7275311946869,5.123709844265959,0.8898438893861333,6.44016054289925,0.8754769181731127,9.0,full
airfoil,outer_0,streed,4,1202.0,3,0.005,0.1,0.1,0.8104591694609798,8.79172473781904,599.7188539505005,6.845588325734342,0.8528247290055866,8.751317524675864,0.8307897728699007,15.0,full
airfoil,outer_0,streed,4,1202.0,3,0.005,0.1,0.001,0.8165073040331166,8.504882471124594,599.700049161911,6.3544199214885575,0.863384499701557,8.187295289747139,0.841695368537023,15.0,full
airfoil,outer_0,streed,4,1202.0,3,0.005,0.01,0.1,0.836880611902913,7.579994417906506,599.6933352947235,5.98081994240827,0.8714166330330264,7.367908579143437,0.8575385385531598,14.0,full
airfoil,outer_0,streed,4,1202.0,3,0.005,0.01,0.001,0.8530843910289149,6.829196612800572,599.6972289085388,5.110927702212829,0.890118696332015,6.449737896255397,0.8752917362125531,13.0,full
airfoil,outer_0,streed,4,1202.0,3,0.005,0.001,0.1,0.8380849210686038,7.532287227757737,599.7161521911621,5.284533413444684,0.8863862972479691,6.386026927186574,0.8765236133003649,14.0,full
airfoil,outer_0,streed,4,1202.0,3,0.005,0.001,0.001,0.8649732097295514,6.27255639419577,599.7281827926636,4.398014441705288,0.9054458234273262,5.537272860959245,0.8929346128920226,12.0,full
airfoil,outer_0,streed,4,1202.0,3,0.005,0.0001,0.1,0.839150651101908,7.484258543439933,599.7196204662323,5.294091925443111,0.8861807960511788,6.27330926378834,0.8787030544383889,14.0,full
airfoil,outer_0,streed,4,1202.0,3,0.005,0.0001,0.001,0.8690386014860877,6.073419139517526,599.73521733284,3.942112980586687,0.9152473799764752,5.725302679535257,0.8892989810892951,13.0,full
airfoil,outer_0,streed,4,1202.0,3,0.005,1e-05,0.1,0.8392617899827176,7.479244540426709,599.7318527698517,5.292070420475297,0.886224256967509,6.27096524043972,0.8787483770680502,14.0,full
airfoil,outer_0,streed,4,1202.0,3,0.005,1e-05,0.001,0.8688470527686202,6.083464362303857,599.7357692718506,3.932901068466888,0.915445429522854,5.731043779763301,0.8891879746184608,13.0,full
airfoil,outer_0,streed,4,1202.0,3,0.003,0.1,0.1,0.810234342000737,8.802437474317353,599.7284486293793,6.643128935219113,0.8571774616337564,8.673700607175865,0.8322905270366054,16.0,full
airfoil,outer_0,streed,4,1202.0,3,0.003,0.1,0.001,0.8178079260708032,8.442818583395876,599.7174515724182,6.154992101326812,0.8676720557273543,8.18292052341198,0.8417799563951512,16.0,full
airfoil,outer_0,streed,4,1202.0,3,0.003,0.01,0.1,0.8360929119889934,7.606110496092939,599.7182624340057,5.3642131204737655,0.8846732403247715,7.249247808043944,0.8598328920573679,16.0,full
airfoil,outer_0,streed,4,1202.0,3,0.003,0.01,0.001,0.8503833054603126,6.954752629614771,599.7301275730133,4.695389719297265,0.8990524668618854,5.644057300918103,0.8908698930040229,15.0,full
airfoil,outer_0,streed,4,1202.0,3,0.003,0.001,0.1,0.8380965708159257,7.525276516646336,599.7229511737823,5.114849477839261,0.8900343809506139,6.982137343681005,0.8649975797990977,16.0,full
airfoil,outer_0,streed,4,1202.0,3,0.003,0.001,0.001,0.8596666144860731,6.523835541859266,599.7398619651794,3.707478499230579,0.9202918541304936,5.186280877786353,0.8997211833742459,15.0,full
airfoil,outer_0,streed,4,1202.0,3,0.003,0.0001,0.1,0.8409416145152081,7.39892069772054,599.7360284328461,5.134050602454572,0.8896215704536647,6.875812883173302,0.8670534058002985,16.0,full
airfoil,outer_0,streed,4,1202.0,3,0.003,0.0001,0.001,0.8771794758521315,5.690753702553448,599.7481980323792,3.592021295706449,0.9227741017341134,5.343157985032773,0.896687901714218,15.0,full
airfoil,outer_0,streed,4,1202.0,3,0.003,1e-05,0.1,0.8410334818272744,7.394823463480336,599.7335464954376,5.132994396673854,0.8896442781253222,6.874111729008364,0.8670862982969794,16.0,full
airfoil,outer_0,streed,4,1202.0,3,0.003,1e-05,0.001,0.8756781980290776,5.760054530864514,599.7483861446381,3.5855312075062726,0.9229136340057296,5.343682337700635,0.8966777631455083,15.0,full
airfoil,outer_0,streed,4,1202.0,3,0.001,0.1,0.1,0.810234342000737,8.802437474317353,599.7442393302917,6.643128935219113,0.8571774616337564,8.673700607175865,0.8322905270366054,16.0,full
airfoil,outer_0,streed,4,1202.0,3,0.001,0.1,0.001,0.8178098363345302,8.44272756181013,599.7285902500153,6.154992101326812,0.8676720557273543,8.18292052341198,0.8417799563951512,16.0,full
airfoil,outer_0,streed,4,1202.0,3,0.001,0.01,0.1,0.8411139666700773,7.367855293834173,599.7311372756958,5.3642131204737655,0.8846732403247715,7.249247808043944,0.8598328920573679,16.0,full
airfoil,outer_0,streed,4,1202.0,3,0.001,0.01,0.001,0.8543418297971644,6.772481045620965,599.741635799408,4.630346530965444,0.9004508490627388,6.080173795667099,0.8824374060186538,16.0,full
airfoil,outer_0,streed,4,1202.0,3,0.001,0.001,0.1,0.8354821826431983,7.636480068770777,599.7352659702301,5.114849477839261,0.8900343809506139,6.982137343681005,0.8649975797990977,16.0,full
airfoil,outer_0,streed,4,1202.0,3,0.001,0.001,0.001,0.8638537076600054,6.326545271842156,599.749566078186,3.794671636035327,0.9184172638210166,5.5906917622326215,0.8919017370545248,16.0,full
airfoil,outer_0,streed,4,1202.0,3,0.001,0.0001,0.1,0.8408082664550545,7.407781704053754,599.738578081131,5.134050602454572,0.8896215704536647,6.875812883173302,0.8670534058002985,16.0,full
airfoil,outer_0,streed,4,1202.0,3,0.001,0.0001,0.001,0.8807979157614004,5.524149728802356,599.7569646835327,3.4759041666277497,0.9252705372669088,4.95891764985437,0.9041173423904082,16.0,full
airfoil,outer_0,streed,4,1202.0,3,0.001,1e-05,0.1,0.8409342785248685,7.402131754326533,599.7422363758087,5.132994396673854,0.8896442781253222,6.874111729008364,0.8670862982969794,16.0,full
airfoil,outer_0,streed,4,1202.0,3,0.001,1e-05,0.001,0.8795649385945857,5.580276721295903,599.7535552978516,3.464470818534311,0.9255163461037764,4.966772525247536,0.9039654652306996,16.0,full
airfoil,outer_0,streed,4,1202.0,3,0.0005,0.1,0.1,0.810234342000737,8.802437474317353,599.741863489151,6.643128935219113,0.8571774616337564,8.673700607175865,0.8322905270366054,16.0,full
airfoil,outer_0,streed,4,1202.0,3,0.0005,0.1,0.001,0.8178098363345302,8.44272756181013,599.7317090034485,6.154992101326812,0.8676720557273543,8.18292052341198,0.8417799563951512,16.0,full
airfoil,outer_0,streed,4,1202.0,3,0.0005,0.01,0.1,0.8411139666700773,7.367855293834173,599.7274806499481,5.3642131204737655,0.8846732403247715,7.249247808043944,0.8598328920573679,16.0,full
airfoil,outer_0,streed,4,1202.0,3,0.0005,0.01,0.001,0.8543418297971644,6.772481045620965,599.7358787059784,4.630346530965444,0.9004508490627388,6.080173795667099,0.8824374060186538,16.0,full
airfoil,outer_0,streed,4,1202.0,3,0.0005,0.001,0.1,0.8354821826431983,7.636480068770777,599.7323026657104,5.114849477839261,0.8900343809506139,6.982137343681005,0.8649975797990977,16.0,full
airfoil,outer_0,streed,4,1202.0,3,0.0005,0.001,0.001,0.8725280229275604,5.915087402340529,599.7484579086304,3.794671636035327,0.9184172638210166,5.5906917622326215,0.8919017370545248,16.0,full
airfoil,outer_0,streed,4,1202.0,3,0.0005,0.0001,0.1,0.8408082664550545,7.407781704053754,599.7324030399323,5.134050602454572,0.8896215704536647,6.875812883173302,0.8670534058002985,16.0,full
airfoil,outer_0,streed,4,1202.0,3,0.0005,0.0001,0.001,0.8807979157614004,5.524149728802356,599.743492603302,3.4759041666277497,0.9252705372669088,4.95891764985437,0.9041173423904082,16.0,full
airfoil,outer_0,streed,4,1202.0,3,0.0005,1e-05,0.1,0.8409342785248685,7.402131754326533,599.7457084655762,5.132994396673854,0.8896442781253222,6.874111729008364,0.8670862982969794,16.0,full
airfoil,outer_0,streed,4,1202.0,3,0.0005,1e-05,0.001,0.8795649385945857,5.580276721295903,599.7664334774017,3.464470818534311,0.9255163461037764,4.966772525247536,0.9039654652306996,16.0,full
airfoil,outer_0,streed,4,1202.0,3,0.0001,0.1,0.1,0.810234342000737,8.802437474317353,599.7436640262604,6.643128935219113,0.8571774616337564,8.673700607175865,0.8322905270366054,16.0,full
airfoil,outer_0,streed,4,1202.0,3,0.0001,0.1,0.001,0.8178098363345302,8.44272756181013,599.7309265136719,6.154992101326812,0.8676720557273543,8.18292052341198,0.8417799563951512,16.0,full
airfoil,outer_0,streed,4,1202.0,3,0.0001,0.01,0.1,0.8411139666700773,7.367855293834173,599.7315232753754,5.3642131204737655,0.8846732403247715,7.249247808043944,0.8598328920573679,16.0,full
airfoil,outer_0,streed,4,1202.0,3,0.0001,0.01,0.001,0.8543418297971644,6.772481045620965,599.7574706077576,4.630346530965444,0.9004508490627388,6.080173795667099,0.8824374060186538,16.0,full
airfoil,outer_0,streed,4,1202.0,3,0.0001,0.001,0.1,0.8354821826431983,7.636480068770777,599.7434873580933,5.114849477839261,0.8900343809506139,6.982137343681005,0.8649975797990977,16.0,full
airfoil,outer_0,streed,4,1202.0,3,0.0001,0.001,0.001,0.8725280229275604,5.915087402340529,599.7402675151825,3.794671636035327,0.9184172638210166,5.5906917622326215,0.8919017370545248,16.0,full
airfoil,outer_0,streed,4,1202.0,3,0.0001,0.0001,0.1,0.8408082664550545,7.407781704053754,599.7529139518738,5.134050602454572,0.8896215704536647,6.875812883173302,0.8670534058002985,16.0,full
airfoil,outer_0,streed,4,1202.0,3,0.0001,0.0001,0.001,0.8807979157614004,5.524149728802356,599.7664768695831,3.4759041666277497,0.9252705372669088,4.95891764985437,0.9041173423904082,16.0,full
airfoil,outer_0,streed,4,1202.0,3,0.0001,1e-05,0.1,0.8409342785248685,7.402131754326533,599.7481188774109,5.132994396673854,0.8896442781253222,6.874111729008364,0.8670862982969794,16.0,full
airfoil,outer_0,streed,4,1202.0,3,0.0001,1e-05,0.001,0.8795649385945857,5.580276721295903,599.7596228122711,3.464470818534311,0.9255163461037764,4.966772525247536,0.9039654652306996,16.0,full
airfoil,outer_1,streed,4,1202.0,3,0.1,0.1,0.1,0.6321018272050679,17.453687351062097,599.6328191757202,17.00480185262378,0.6421178694295984,16.27747991569627,0.6588315784766239,2.0,full
airfoil,outer_1,streed,4,1202.0,3,0.1,0.1,0.001,0.6403705651156768,17.062553479893783,599.4820964336395,16.52733850112273,0.6521665370345147,17.01540291572044,0.6433650550081308,2.0,full
airfoil,outer_1,streed,4,1202.0,3,0.1,0.01,0.1,0.6443673369900614,16.87382400014945,227.2203357219696,16.21063563171436,0.6588318483179941,17.109880008244495,0.6413848590138191,2.0,full
airfoil,outer_1,streed,4,1202.0,3,0.1,0.01,0.001,0.6516101525649128,16.52218754991233,207.06141924858093,16.016355659178743,0.6629206540036352,17.2105265691702,0.639275353826246,2.0,full
airfoil,outer_1,streed,4,1202.0,3,0.1,0.001,0.1,0.6447349588588539,16.85641267554285,222.45002794265747,16.145552807262554,0.6602015778849846,17.128287667311042,0.6409990430263198,2.0,full
airfoil,outer_1,streed,4,1202.0,3,0.1,0.001,0.001,0.6517741804463332,16.511194637450462,205.5547697544098,15.948346423133948,0.6643519726690991,17.261458509589367,0.6382078440023713,2.0,full
airfoil,outer_1,streed,4,1202.0,3,0.1,0.0001,0.1,0.6447704671446924,16.854738627361375,222.26760172843933,16.136720664483843,0.6603874586792768,17.128583178553235,0.6409928492478871,2.0,full
airfoil,outer_1,streed,4,1202.0,3,0.1,0.0001,0.001,0.651598849887786,16.51880965135425,204.88062953948972,15.943806279915549,0.6644475242751794,17.27262151733085,0.637973872543009,2.0,full
airfoil,outer_1,streed,4,1202.0,3,0.1,1e-05,0.1,0.6447732009742454,16.85460914278239,221.7275607585907,16.135795004057954,0.6604069400780177,17.12858332768971,0.6409928461220558,2.0,full
airfoil,outer_1,streed,4,1202.0,3,0.1,1e-05,0.001,0.6515763532288752,16.51979855397561,198.5028531551361,15.943466292404224,0.6644546796337643,17.273929174723413,0.6379464646511963,2.0,full
airfoil,outer_1,streed,4,1202.0,3,0.08,0.1,0.1,0.6321018272050679,17.453687351062097,599.2882659435272,17.00480185262378,0.6421178694295984,16.27747991569627,0.6588315784766239,2.0,full
airfoil,outer_1,streed,4,1202.0,3,0.08,0.1,0.001,0.6403705651156768,17.062553479893783,599.8256514072418,16.52733850112273,0.6521665370345147,17.01540291572044,0.6433650550081308,2.0,full
airfoil,outer_1,streed,4,1202.0,3,0.08,0.01,0.1,0.6443673369900614,16.87382400014945,599.973554611206,16.21063563171436,0.6588318483179941,17.109880008244495,0.6413848590138191,2.0,full
airfoil,outer_1,streed,4,1202.0,3,0.08,0.01,0.001,0.6516101525649128,16.52218754991233,599.1843338012695,16.016355659178743,0.6629206540036352,17.2105265691702,0.639275353826246,2.0,full
airfoil,outer_1,streed,4,1202.0,3,0.08,0.001,0.1,0.6447349588588539,16.85641267554285,599.1271507740021,16.145552807262554,0.6602015778849846,17.128287667311042,0.6409990430263198,2.0,full
airfoil,outer_1,streed,4,1202.0,3,0.08,0.001,0.001,0.6755324999933782,15.394630724617334,599.8472423553467,15.948346423133948,0.6643519726690991,17.261458509589367,0.6382078440023713,2.0,full
airfoil,outer_1,streed,4,1202.0,3,0.08,0.0001,0.1,0.6447704671446924,16.854738627361375,599.7141711711884,16.136720664483843,0.6603874586792768,17.128583178553235,0.6409928492478871,2.0,full
airfoil,outer_1,streed,4,1202.0,3,0.08,0.0001,0.001,0.6750219864451409,15.41799825122483,599.6450624465942,15.943806279915549,0.6644475242751794,17.27262151733085,0.637973872543009,2.0,full
airfoil,outer_1,streed,4,1202.0,3,0.08,1e-05,0.1,0.6447732009742454,16.85460914278239,599.8293216228485,16.135795004057954,0.6604069400780177,17.12858332768971,0.6409928461220558,2.0,full
airfoil,outer_1,streed,4,1202.0,3,0.08,1e-05,0.001,0.6749523181831752,15.421204066097792,599.7011117935181,15.943466292404224,0.6644546796337643,17.273929174723413,0.6379464646511963,2.0,full
airfoil,outer_1,streed,4,1202.0,3,0.05,0.1,0.1,0.6529068587331865,16.457431841667884,599.9247324466705,17.00480185262378,0.6421178694295984,16.27747991569627,0.6588315784766239,2.0,full
airfoil,outer_1,streed,4,1202.0,3,0.05,0.1,0.001,0.6403705651156768,17.062553479893783,599.4970092773438,16.52733850112273,0.6521665370345147,17.01540291572044,0.6433650550081308,2.0,full
airfoil,outer_1,streed,4,1202.0,3,0.05,0.01,0.1,0.6443673369900614,16.87382400014945,599.4956378936768,16.21063563171436,0.6588318483179941,17.109880008244495,0.6413848590138191,2.0,full
airfoil,outer_1,streed,4,1202.0,3,0.05,0.01,0.001,0.7181592598534413,13.370169160700124,599.7491269111633,12.675685144198106,0.7332282231124465,13.91417486192445,0.7083653551391926,3.0,full
airfoil,outer_1,streed,4,1202.0,3,0.05,0.001,0.1,0.6912357772874026,14.685813194553234,599.5327458381653,12.768222690221087,0.7312806829755203,13.935791033441983,0.7079122902204085,3.0,full
airfoil,outer_1,streed,4,1202.0,3,0.05,0.001,0.001,0.7336560985694799,12.622434121529908,599.8045201301575,12.244334825397958,0.742306398350966,13.850806088673943,0.7096935352048858,3.0,full
airfoil,outer_1,streed,4,1202.0,3,0.05,0.0001,0.1,0.691957266848255,14.652112357837913,599.1847355365753,12.707593732425924,0.7325566767082345,13.914070972697589,0.7083675326091528,3.0,full
airfoil,outer_1,streed,4,1202.0,3,0.05,0.0001,0.001,0.7413500125913944,12.24591343886938,599.9899940490723,12.226112964875904,0.7426898946317876,13.897106402222583,0.7087231021297884,3.0,full
airfoil,outer_1,streed,4,1202.0,3,0.05,1e-05,0.1,0.6920282531180839,14.64879705091579,599.779139995575,12.701737679659551,0.7326799228747543,13.91238944333022,0.7084027766839716,3.0,full
airfoil,outer_1,streed,4,1202.0,3,0.05,1e-05,0.001,0.7414259232194643,12.242187535280816,599.6531915664673,12.225217559250057,0.7427087392896601,13.910557242943796,0.7084411787533943,3.0,full
airfoil,outer_1,streed,4,1202.0,3,0.03,0.1,0.1,0.7540186597836355,11.653860319387912,599.6907427310944,11.103602525730498,0.7663141879949525,12.459965160621149,0.738844915300051,5.0,full
airfoil,outer_1,streed,4,1202.0,3,0.03,0.1,0.001,0.7626736624337253,11.246430427886503,599.6632611751556,10.436925221334096,0.7803450421129912,13.427859983477024,0.7185582891991665,5.0,full
airfoil,outer_1,streed,4,1202.0,3,0.03,0.01,0.1,0.7772200523396902,10.55804065741074,599.6341066360474,9.527225881740812,0.7994905247039511,12.604826681263386,0.7358086850854875,5.0,full
airfoil,outer_1,streed,4,1202.0,3,0.03,0.01,0.001,0.8000292192809204,9.477500105615336,599.6545705795288,9.064656462628507,0.8092257354216862,12.365806048032653,0.7408184465825489,5.0,full
airfoil,outer_1,streed,4,1202.0,3,0.03,0.001,0.1,0.7847658755172523,10.19363068652798,599.5705435276031,9.271350799317826,0.8048756577064439,12.44041439420957,0.7392546902867662,5.0,full
airfoil,outer_1,streed,4,1202.0,3,0.03,0.001,0.001,0.7848398517226841,10.221984404302312,599.6986017227173,8.474538123674874,0.8216453337365472,11.965227930213723,0.7492143779466727,5.0,full
airfoil,outer_1,streed,4,1202.0,3,0.03,0.0001,0.1,0.7849241939128654,10.186326408979648,599.6775920391083,9.243628287022949,0.8054591041853174,12.425239983455397,0.7395727388908107,5.0,full
airfoil,outer_1,streed,4,1202.0,3,0.03,0.0001,0.001,0.7927700791691151,9.844101096596978,599.6942682266235,8.375858431452823,0.8237221411467441,12.316460919626635,0.7418526975633728,5.0,full
airfoil,outer_1,streed,4,1202.0,3,0.03,1e-05,0.1,0.7848719995151118,10.18873072172144,599.6840786933899,9.24080787656489,0.8055184623896976,12.4237002602265,0.7396050107748066,5.0,full
airfoil,outer_1,streed,4,1202.0,3,0.03,1e-05,0.001,0.7929486227147827,9.834792739840871,599.6896970272064,8.399878976003679,0.8232166060787189,12.747107219469736,0.7328265510644497,5.0,full
airfoil,outer_1,streed,4,1202.0,3,0.01,0.1,0.1,0.7872540257878424,10.082978789995622,599.6826961040497,7.611883702178039,0.8398007115519981,10.48305324451541,0.7802800711965219,12.0,full
airfoil,outer_1,streed,4,1202.0,3,0.01,0.1,0.001,0.8069222062288693,9.152210702553,599.657338142395,7.621792481335103,0.8395921719273195,9.884618060597802,0.7928229948025491,10.0,full
airfoil,outer_1,streed,4,1202.0,3,0.01,0.01,0.1,0.8311740493075948,8.00752405020908,599.675853729248,7.204451264837213,0.8483755123643069,8.65050803216453,0.818689368010649,8.0,full
airfoil,outer_1,streed,4,1202.0,3,0.01,0.01,0.001,0.8051861210066357,9.293210009816896,599.6872158050537,6.66475188173826,0.859733996089372,7.90042708552931,0.8344107163952678,8.0,full
airfoil,outer_1,streed,4,1202.0,3,0.01,0.001,0.1,0.794014717685171,9.829342145414891,599.7061610221863,7.113829704804688,0.8502827287647761,8.638414691828842,0.8189428388092393,8.0,full
airfoil,outer_1,streed,4,1202.0,3,0.01,0.001,0.001,0.8123454461616761,8.961490469138173,599.7334599494934,6.388138238213031,0.8655555917155731,8.899156472879676,0.8134778121388316,7.0,full
airfoil,outer_1,streed,4,1202.0,3,0.01,0.0001,0.1,0.7954611001761239,9.758719411110713,599.71075963974,7.102393119130798,0.8505234225219216,8.617017992175318,0.819391303699653,8.0,full
airfoil,outer_1,streed,4,1202.0,3,0.01,0.0001,0.001,0.8143709660780548,8.863561852724937,599.7337551116943,5.149433930261049,0.8916252948922784,6.23003129187703,0.869421436678209,9.0,full
airfoil,outer_1,streed,4,1202.0,3,0.01,1e-05,0.1,0.7956281428297785,9.750588871579907,599.7220683097839,7.101266742545096,0.8505471281819939,8.614768724284263,0.8194384473103316,8.0,full
airfoil,outer_1,streed,4,1202.0,3,0.01,1e-05,0.001,0.8146310518075911,8.850834421541903,599.7424392700195,5.140346457613031,0.8918165493450476,6.214740301753901,0.8697419287316999,9.0,full
airfoil,outer_1,streed,4,1202.0,3,0.008,0.1,0.1,0.7949412948617746,9.718768366190533,599.7115023136139,6.656972504757246,0.8598977204322138,9.195238536321332,0.8072720695577354,15.0,full
airfoil,outer_1,streed,4,1202.0,3,0.008,0.1,0.001,0.808591519526094,9.073653445541382,599.6873281002045,6.567667505397216,0.8617772285687125,9.228396482050524,0.8065770944102326,13.0,full
airfoil,outer_1,streed,4,1202.0,3,0.008,0.01,0.1,0.8265834497627177,8.22189995416086,599.7021567821503,6.828939654071513,0.856278509204815,8.7074264979114,0.8174963833954035,9.0,full
airfoil,outer_1,streed,4,1202.0,3,0.008,0.01,0.001,0.8087128736075572,9.136828002541428,599.7029092311859,6.203392932025498,0.8694437313342699,7.9950199785884,0.8324280932755072,9.0,full
airfoil,outer_1,streed,4,1202.0,3,0.008,0.001,0.1,0.794014717685171,9.829342145414891,599.699636220932,6.73942565461793,0.8581624159458618,8.706036218931672,0.8175255229973226,9.0,full
airfoil,outer_1,streed,4,1202.0,3,0.008,0.001,0.001,0.805101110623156,9.316218111974615,599.7350571155548,4.840792819202677,0.8981209388500551,6.279856041131632,0.8683771330670831,10.0,full
airfoil,outer_1,streed,4,1202.0,3,0.008,0.0001,0.1,0.7954611001761239,9.758719411110713,599.7170777320862,6.7280994486980585,0.858400786656736,8.6857402125851,0.8179509178670661,9.0,full
airfoil,outer_1,streed,4,1202.0,3,0.008,0.0001,0.001,0.8036022190904086,9.390866560647146,599.7279860973358,4.710995080803883,0.9008526549596556,6.201813648753102,0.8700128653768503,10.0,full
airfoil,outer_1,streed,4,1202.0,3,0.008,1e-05,0.1,0.7956281428297785,9.750588871579907,599.7128767967224,6.726984111699147,0.858424259978268,8.6836013350493,0.817995747747152,9.0,full
airfoil,outer_1,streed,4,1202.0,3,0.008,1e-05,0.001,0.8033722193228933,9.402136757988226,599.7456448078156,4.6964290589679685,0.9011592106592604,6.140492338501066,0.8712981315687169,10.0,full
airfoil,outer_1,streed,4,1202.0,3,0.005,0.1,0.1,0.8072730769412001,9.14309288153793,599.7199983596802,6.432874795853614,0.8646140685680789,9.543568602969817,0.7999712330877731,16.0,full
airfoil,outer_1,streed,4,1202.0,3,0.005,0.1,0.001,0.8164605153226026,8.705140585133337,599.7020089626312,5.921804184495873,0.8753700327274851,8.636640143798509,0.8189800325120461,16.0,full
airfoil,outer_1,streed,4,1202.0,3,0.005,0.01,0.1,0.8419386437088147,7.496062056608526,599.7080571651459,5.247228976979461,0.8895671056830099,8.075783478203489,0.830735327821451,15.0,full
airfoil,outer_1,streed,4,1202.0,3,0.005,0.01,0.001,0.8083354870067442,9.154218944057414,599.7281355857849,4.770788490508892,0.8995942461263887,7.444218716095627,0.8439726320045358,13.0,full
airfoil,outer_1,streed,4,1202.0,3,0.005,0.001,0.1,0.8065746074299017,9.241014591629318,599.7155656814575,4.997394053211738,0.8948251178365059,8.279989932287915,0.8264552553553386,15.0,full
airfoil,outer_1,streed,4,1202.0,3,0.005,0.001,0.001,0.8135971189308487,8.917753317331618,599.7441821098328,4.086877808785694,0.9139877929619368,5.8941182983819465,0.8764620170600284,13.0,full
airfoil,outer_1,streed,4,1202.0,3,0.005,0.0001,0.1,0.8147159402881602,8.841554699237513,599.7308971881866,4.966444833235306,0.8954764734289233,8.295089068908565,0.8261387844621835,15.0,full
airfoil,outer_1,streed,4,1202.0,3,0.005,0.0001,0.001,0.8079061471594432,9.185018312713886,599.7523145675659,3.8381404520628015,0.9192227057793833,5.927941012840674,0.8757531086686015,13.0,full
airfoil,outer_1,streed,4,1202.0,3,0.005,1e-05,0.1,0.8153737714009154,8.81068058531127,599.7233667373657,4.963452244373873,0.8955394552905724,8.293800995440773,0.8261657818840258,15.0,full
airfoil,outer_1,streed,4,1202.0,3,0.005,1e-05,0.001,0.8093551848529598,9.114593345973894,599.7500836849213,3.828500236181107,0.919425593236044,5.906115937830753,0.8762105521075938,13.0,full
airfoil,outer_1,streed,4,1202.0,3,0.003,0.1,0.1,0.8083786125903606,9.087760134097586,599.7386827468872,6.432874795853614,0.8646140685680789,9.543568602969817,0.7999712330877731,16.0,full
airfoil,outer_1,streed,4,1202.0,3,0.003,0.1,0.001,0.7864092142895451,10.200310158806206,599.718211889267,5.921804184495873,0.8753700327274851,8.636640143798509,0.8189800325120461,16.0,full
airfoil,outer_1,streed,4,1202.0,3,0.003,0.01,0.1,0.8088585821614376,9.125533709502196,599.7192394733429,5.078802715840762,0.893111795571356,7.403247953425029,0.8448313601676993,16.0,full
airfoil,outer_1,streed,4,1202.0,3,0.003,0.01,0.001,0.8226037929513703,8.481790715527113,599.738038778305,4.41066457198128,0.9071733944369076,6.642951632228463,0.8607668180602036,15.0,full
airfoil,outer_1,streed,4,1202.0,3,0.003,0.001,0.1,0.8211145750607326,8.532462341988365,599.7333033084869,4.99084471057488,0.8949629549437553,7.493293663014632,0.8429440439022365,16.0,full
airfoil,outer_1,streed,4,1202.0,3,0.003,0.001,0.001,0.8266490981240517,8.304669739588173,599.7465751171112,3.7168579530791472,0.9217752106255644,5.751858187424424,0.879443722935415,15.0,full
airfoil,outer_1,streed,4,1202.0,3,0.003,0.0001,0.1,0.8287060268888341,8.172830358035483,599.7371256351471,4.980508288555234,0.8951804947167515,7.513552997501864,0.8425194176576385,16.0,full
airfoil,outer_1,streed,4,1202.0,3,0.003,0.0001,0.001,0.8338096396160908,7.97539873656481,599.7588629722595,3.4427077054026167,0.927544961757345,5.6473945015223785,0.8816332332902301,15.0,full
airfoil,outer_1,streed,4,1202.0,3,0.003,1e-05,0.1,0.8295202154420144,8.13431741156265,599.735773563385,4.978779904983188,0.895216870182962,7.513263733346806,0.8425254805000253,16.0,full
airfoil,outer_1,streed,4,1202.0,3,0.003,1e-05,0.001,0.8339320923880117,7.970693473059768,599.7510430812836,3.436039722314718,0.927685295765044,5.635083968689249,0.8818912563427262,15.0,full
airfoil,outer_1,streed,4,1202.0,3,0.001,0.1,0.1,0.7960327874510403,9.692288379270035,599.746007680893,6.432874795853614,0.8646140685680789,9.543568602969817,0.7999712330877731,16.0,full
airfoil,outer_1,streed,4,1202.0,3,0.001,0.1,0.001,0.7864092142895451,10.200310158806206,599.7355258464813,5.921804184495873,0.8753700327274851,8.636640143798509,0.8189800325120461,16.0,full
airfoil,outer_1,streed,4,1202.0,3,0.001,0.01,0.1,0.8088585821614376,9.125533709502196,599.7295558452606,5.078802715840762,0.893111795571356,7.403247953425029,0.8448313601676993,16.0,full
airfoil,outer_1,streed,4,1202.0,3,0.001,0.01,0.001,0.8248310823130152,8.37770118590112,599.7453670501709,4.359864540845023,0.908242529116256,6.817536055475656,0.8571076096071569,16.0,full
airfoil,outer_1,streed,4,1202.0,3,0.001,0.001,0.1,0.8156286404093178,8.801087760745359,599.7464108467102,4.99084471057488,0.8949629549437553,7.493293663014632,0.8429440439022365,16.0,full
airfoil,outer_1,streed,4,1202.0,3,0.001,0.001,0.001,0.8269691533625396,8.286902568516167,599.7530410289764,3.610531271228864,0.9240129561616108,5.728091656061999,0.8799418583981523,16.0,full
airfoil,outer_1,streed,4,1202.0,3,0.001,0.0001,0.1,0.8166649303423746,8.749425511001343,599.7429718971252,4.980508288555234,0.8951804947167515,7.513552997501864,0.8425194176576385,16.0,full
airfoil,outer_1,streed,4,1202.0,3,0.001,0.0001,0.001,0.8359664629516015,7.866737835887021,599.7604920864105,3.331828305715101,0.9298785235442124,5.610256063571359,0.8824116377065905,16.0,full
airfoil,outer_1,streed,4,1202.0,3,0.001,1e-05,0.1,0.81732597056241,8.718408498332893,599.7387354373932,4.978779904983188,0.895216870182962,7.513263733346806,0.8425254805000253,16.0,full
airfoil,outer_1,streed,4,1202.0,3,0.001,1e-05,0.001,0.8363153489202718,7.851102373184072,599.7619938850403,3.3244054969355465,0.9300347435721708,5.596668056494723,0.8826964360261088,16.0,full
airfoil,outer_1,streed,4,1202.0,3,0.0005,0.1,0.1,0.7960327874510403,9.692288379270035,599.7456090450287,6.432874795853614,0.8646140685680789,9.543568602969817,0.7999712330877731,16.0,full
airfoil,outer_1,streed,4,1202.0,3,0.0005,0.1,0.001,0.8147838045404677,8.8109140626922,599.7467901706696,5.921804184495873,0.8753700327274851,8.636640143798509,0.8189800325120461,16.0,full
airfoil,outer_1,streed,4,1202.0,3,0.0005,0.01,0.1,0.8088585821614376,9.125533709502196,599.7417693138123,5.078802715840762,0.893111795571356,7.403247953425029,0.8448313601676993,16.0,full
airfoil,outer_1,streed,4,1202.0,3,0.0005,0.01,0.001,0.8248310823130152,8.37770118590112,599.7461843490601,4.359864540845023,0.908242529116256,6.817536055475656,0.8571076096071569,16.0,full
airfoil,outer_1,streed,4,1202.0,3,0.0005,0.001,0.1,0.8156286404093178,8.801087760745359,599.7497057914734,4.99084471057488,0.8949629549437553,7.493293663014632,0.8429440439022365,16.0,full
airfoil,outer_1,streed,4,1202.0,3,0.0005,0.001,0.001,0.8269691533625396,8.286902568516167,599.772812128067,3.610531271228864,0.9240129561616108,5.728091656061999,0.8799418583981523,16.0,full
airfoil,outer_1,streed,4,1202.0,3,0.0005,0.0001,0.1,0.8166649303423746,8.749425511001343,599.7499372959137,4.980508288555234,0.8951804947167515,7.513552997501864,0.8425194176576385,16.0,full
airfoil,outer_1,streed,4,1202.0,3,0.0005,0.0001,0.001,0.8359664629516015,7.866737835887021,599.7640283107758,3.331828305715101,0.9298785235442124,5.610256063571359,0.8824116377065905,16.0,full
airfoil,outer_1,streed,4,1202.0,3,0.0005,1e-05,0.1,0.81732597056241,8.718408498332893,599.7553355693817,4.978779904983188,0.895216870182962,7.513263733346806,0.8425254805000253,16.0,full
airfoil,outer_1,streed,4,1202.0,3,0.0005,1e-05,0.001,0.8363153489202718,7.851102373184072,599.7735214233398,3.3244054969355465,0.9300347435721708,5.596668056494723,0.8826964360261088,16.0,full
airfoil,outer_1,streed,4,1202.0,3,0.0001,0.1,0.1,0.7960327874510403,9.692288379270035,599.7553162574768,6.432874795853614,0.8646140685680789,9.543568602969817,0.7999712330877731,16.0,full
airfoil,outer_1,streed,4,1202.0,3,0.0001,0.1,0.001,0.8147838045404677,8.8109140626922,599.7332351207733,5.921804184495873,0.8753700327274851,8.636640143798509,0.8189800325120461,16.0,full
airfoil,outer_1,streed,4,1202.0,3,0.0001,0.01,0.1,0.8088585821614376,9.125533709502196,599.7452187538147,5.078802715840762,0.893111795571356,7.403247953425029,0.8448313601676993,16.0,full
airfoil,outer_1,streed,4,1202.0,3,0.0001,0.01,0.001,0.8248310823130152,8.37770118590112,599.7617728710175,4.359864540845023,0.908242529116256,6.817536055475656,0.8571076096071569,16.0,full
airfoil,outer_1,streed,4,1202.0,3,0.0001,0.001,0.1,0.8156286404093178,8.801087760745359,599.7431814670563,4.99084471057488,0.8949629549437553,7.493293663014632,0.8429440439022365,16.0,full
airfoil,outer_1,streed,4,1202.0,3,0.0001,0.001,0.001,0.8269691533625396,8.286902568516167,599.760733127594,3.610531271228864,0.9240129561616108,5.728091656061999,0.8799418583981523,16.0,full
airfoil,outer_1,streed,4,1202.0,3,0.0001,0.0001,0.1,0.8166649303423746,8.749425511001343,599.7589657306671,4.980508288555234,0.8951804947167515,7.513552997501864,0.8425194176576385,16.0,full
airfoil,outer_1,streed,4,1202.0,3,0.0001,0.0001,0.001,0.8359664629516015,7.866737835887021,599.7726089954376,3.331828305715101,0.9298785235442124,5.610256063571359,0.8824116377065905,16.0,full
airfoil,outer_1,streed,4,1202.0,3,0.0001,1e-05,0.1,0.81732597056241,8.718408498332893,599.7541046142578,4.978779904983188,0.895216870182962,7.513263733346806,0.8425254805000253,16.0,full
airfoil,outer_1,streed,4,1202.0,3,0.0001,1e-05,0.001,0.8363153489202718,7.851102373184072,599.7654304504395,3.3244054969355465,0.9300347435721708,5.596668056494723,0.8826964360261088,16.0,full
airfoil,outer_2,streed,4,1202.0,3,0.1,0.1,0.1,0.6329460645517403,17.818679394354877,599.0280327796936,17.2841964794283,0.6450093984289765,15.437067615569507,0.6414028523903629,2.0,full
airfoil,outer_2,streed,4,1202.0,3,0.1,0.1,0.001,0.6368692487712638,17.62546381645166,599.7788565158844,17.04668046462523,0.6498876091735748,15.226586740328091,0.6462922422257631,2.0,full
airfoil,outer_2,streed,4,1202.0,3,0.1,0.01,0.1,0.641269053725081,17.40399205433928,213.50975799560547,16.802487499899275,0.6549029541189213,14.940518272881128,0.6529375027766775,2.0,full
airfoil,outer_2,streed,4,1202.0,3,0.1,0.01,0.001,0.6351220634090667,17.700128722376775,197.81703329086304,16.725292578578863,0.6564884181345831,14.858125288539602,0.6548514601359183,2.0,full
airfoil,outer_2,streed,4,1202.0,3,0.1,0.001,0.1,0.6416244006494903,17.385507256020805,208.856463432312,16.778086075158317,0.6554041215557931,14.907609775805533,0.6537019545156546,2.0,full
airfoil,outer_2,streed,4,1202.0,3,0.1,0.001,0.001,0.6316034412550541,17.874095989662056,195.9472703933716,16.72037187290588,0.6565894818009841,14.8370461370639,0.6553411207231139,2.0,full
airfoil,outer_2,streed,4,1202.0,3,0.1,0.0001,0.1,0.6416532772583392,17.383979780756817,209.93965077400208,16.77595409675601,0.6554479090871645,14.904539959265897,0.6537732651740136,2.0,full
airfoil,outer_2,streed,4,1202.0,3,0.1,0.0001,0.001,0.6312966107756385,17.888426731465348,191.32029461860657,16.720226128243667,0.6565924751704113,14.834946360209605,0.6553898977324086,2.0,full
airfoil,outer_2,streed,4,1202.0,3,0.1,1e-05,0.1,0.6416560965035935,17.383830331978267,207.28055143356323,16.77574406613429,0.6554522227905433,14.904235253441904,0.6537803433731939,2.0,full
airfoil,outer_2,streed,4,1202.0,3,0.1,1e-05,0.001,0.6312526807445887,17.89050218447028,195.386492729187,16.720215431534378,0.656592694864238,14.83473554019286,0.6553947950003707,2.0,full
airfoil,outer_2,streed,4,1202.0,3,0.08,0.1,0.1,0.6329460645517403,17.818679394354877,599.6996922492981,17.2841964794283,0.6450093984289765,15.437067615569507,0.6414028523903629,2.0,full
airfoil,outer_2,streed,4,1202.0,3,0.08,0.1,0.001,0.6368692487712638,17.62546381645166,599.2543511390686,17.04668046462523,0.6498876091735748,15.226586740328091,0.6462922422257631,2.0,full
airfoil,outer_2,streed,4,1202.0,3,0.08,0.01,0.1,0.641269053725081,17.40399205433928,599.1805605888367,16.802487499899275,0.6549029541189213,14.940518272881128,0.6529375027766775,2.0,full
airfoil,outer_2,streed,4,1202.0,3,0.08,0.01,0.001,0.6351220634090667,17.700128722376775,599.8056259155273,16.725292578578863,0.6564884181345831,14.858125288539602,0.6548514601359183,2.0,full
airfoil,outer_2,streed,4,1202.0,3,0.08,0.001,0.1,0.6416244006494903,17.385507256020805,599.9513909816742,16.778086075158317,0.6554041215557931,14.907609775805533,0.6537019545156546,2.0,full
airfoil,outer_2,streed,4,1202.0,3,0.08,0.001,0.001,0.6512442231042435,16.94641714386991,599.4464819431305,16.72037187290588,0.6565894818009841,14.8370461370639,0.6553411207231139,2.0,full
airfoil,outer_2,streed,4,1202.0,3,0.08,0.0001,0.1,0.6416532772583392,17.383979780756817,599.882449388504,16.77595409675601,0.6554479090871645,14.904539959265897,0.6537732651740136,2.0,full
airfoil,outer_2,streed,4,1202.0,3,0.08,0.0001,0.001,0.6512004864078659,16.948321367276034,599.0579218864441,16.720226128243667,0.6565924751704113,14.834946360209605,0.6553898977324086,2.0,full
airfoil,outer_2,streed,4,1202.0,3,0.08,1e-05,0.1,0.6416560965035935,17.383830331978267,599.1223950386047,16.77574406613429,0.6554522227905433,14.904235253441904,0.6537803433731939,2.0,full
airfoil,outer_2,streed,4,1202.0,3,0.08,1e-05,0.001,0.6511915038853379,16.948746169883353,599.3366749286652,16.720215431534378,0.656592694864238,14.83473554019286,0.6553947950003707,2.0,full
airfoil,outer_2,streed,4,1202.0,3,0.05,0.1,0.1,0.6329460645517403,17.818679394354877,599.0230188369751,17.2841964794283,0.6450093984289765,15.437067615569507,0.6414028523903629,2.0,full
airfoil,outer_2,streed,4,1202.0,3,0.05,0.1,0.001,0.6368692487712638,17.62546381645166,599.2275469303131,17.04668046462523,0.6498876091735748,15.226586740328091,0.6462922422257631,2.0,full
airfoil,outer_2,streed,4,1202.0,3,0.05,0.01,0.1,0.6671020139770335,16.183842523941912,599.2495682239532,16.802487499899275,0.6549029541189213,14.940518272881128,0.6529375027766775,2.0,full
airfoil,outer_2,streed,4,1202.0,3,0.05,0.01,0.001,0.7221370897436655,13.432201041793972,599.0939180850983,13.304746111827669,0.7267411399998351,11.978158119346478,0.7217519905864325,3.0,full
airfoil,outer_2,streed,4,1202.0,3,0.05,0.001,0.1,0.6532600756305734,16.835927834012754,599.975400686264,16.778086075158317,0.6554041215557931,14.907609775805533,0.6537019545156546,2.0,full
airfoil,outer_2,streed,4,1202.0,3,0.05,0.001,0.001,0.7042788713003638,14.339964131290712,599.5989861488342,13.069928952487382,0.7315639204370178,11.701973807430226,0.728167646003256,3.0,full
airfoil,outer_2,streed,4,1202.0,3,0.05,0.0001,0.1,0.6534643529986178,16.826115781531268,599.9552271366119,16.77595409675601,0.6554479090871645,14.904539959265897,0.6537732651740136,2.0,full
airfoil,outer_2,streed,4,1202.0,3,0.05,0.0001,0.001,0.7046002453159379,14.32286313041629,599.9874942302704,13.048740393883818,0.7319991005840414,10.3593537196005,0.7593561946194161,3.0,full
airfoil,outer_2,streed,4,1202.0,3,0.05,1e-05,0.1,0.653483030345434,16.825217318509484,599.9366707801819,16.77574406613429,0.6554522227905433,14.904235253441904,0.6537803433731939,2.0,full
airfoil,outer_2,streed,4,1202.0,3,0.05,1e-05,0.001,0.7046106852778017,14.322245123187,599.0863955020905,13.047843138150988,0.7320175288258599,10.358918705663644,0.7593662998259755,3.0,full
airfoil,outer_2,streed,4,1202.0,3,0.03,0.1,0.1,0.7315953185647865,13.002218597893153,599.7114913463593,11.51937183269694,0.7634099599899568,10.71714945736942,0.751044737146663,5.0,full
airfoil,outer_2,streed,4,1202.0,3,0.03,0.1,0.001,0.7393736629275042,12.62732129934389,599.6950159072876,11.0562009329601,0.7729227722588677,10.332067804975742,0.7599900359290499,5.0,full
airfoil,outer_2,streed,4,1202.0,3,0.03,0.01,0.1,0.760633827020019,11.603316858273796,599.6975202560425,10.454792149995264,0.785274776351675,9.553608047149853,0.7780733569092407,5.0,full
airfoil,outer_2,streed,4,1202.0,3,0.03,0.01,0.001,0.768124070902636,11.23047388859664,599.7162585258484,11.1529915860846,0.7709348422894293,10.25451510732626,0.7617915552887558,4.0,full
airfoil,outer_2,streed,4,1202.0,3,0.03,0.001,0.1,0.7667403766192269,11.303252886557546,599.706191778183,11.4733044211744,0.7643561132085152,10.378175598182844,0.7589189696139704,4.0,full
airfoil,outer_2,streed,4,1202.0,3,0.03,0.001,0.001,0.7867836414248659,10.321618061706902,599.7123606204987,9.2341941886113,0.8103439662965923,9.407387524218864,0.7814700034583663,5.0,full
airfoil,outer_2,streed,4,1202.0,3,0.03,0.0001,0.1,0.7669910104671361,11.290865092365117,599.6941628456116,11.461401024120264,0.7646005905312542,10.378486688428184,0.7589117431071359,4.0,full
airfoil,outer_2,streed,4,1202.0,3,0.03,0.0001,0.001,0.8155650526256387,8.94319861885972,599.729082107544,7.38901493959434,0.8482410876579762,7.417754215164348,0.8276884205297843,6.0,full
airfoil,outer_2,streed,4,1202.0,3,0.03,1e-05,0.1,0.767035853918617,11.288676804909292,599.7198927402496,11.460176614162798,0.7646257380136893,10.37805311465056,0.7589218148593498,4.0,full
airfoil,outer_2,streed,4,1202.0,3,0.03,1e-05,0.001,0.8157387062648116,8.934805728209922,599.725063085556,7.385152129855038,0.8483204237818592,7.453497957164354,0.8268581071409145,6.0,full
airfoil,outer_2,streed,4,1202.0,3,0.01,0.1,0.1,0.786422893098095,10.35573181453515,599.7340559959412,8.004724035414194,0.8355953773076001,8.472210906848078,0.8031937968530498,11.0,full
airfoil,outer_2,streed,4,1202.0,3,0.01,0.1,0.001,0.7922470735302829,10.06023902064672,599.699259519577,7.295623987379811,0.8501591930409708,7.879830269544346,0.8169545713813708,11.0,full
airfoil,outer_2,streed,4,1202.0,3,0.01,0.01,0.1,0.8117756517429559,9.116494324992138,599.701012134552,7.57864723758588,0.8443463342269195,6.908046693922584,0.8395287303466649,8.0,full
airfoil,outer_2,streed,4,1202.0,3,0.01,0.01,0.001,0.830287268632801,8.222470567128815,599.7151596546173,7.115905320377063,0.8538503358597175,6.702818205044783,0.8442961092655464,8.0,full
airfoil,outer_2,streed,4,1202.0,3,0.01,0.001,0.1,0.8171658255696391,8.856329780815159,599.7081265449524,7.449306828193445,0.8470027857311773,6.800396302405127,0.842029407567142,8.0,full
airfoil,outer_2,streed,4,1202.0,3,0.01,0.001,0.001,0.8347451800393482,8.019763168607716,599.7470355033875,5.83548516942895,0.8801481808413875,6.542452988269645,0.8480213316162839,8.0,full
airfoil,outer_2,streed,4,1202.0,3,0.01,0.0001,0.1,0.8218581038889198,8.634266115018287,599.7253520488739,7.436672349388844,0.8472622783397413,6.78959044069012,0.8422804235816446,8.0,full
airfoil,outer_2,streed,4,1202.0,3,0.01,0.0001,0.001,0.8417807661271287,7.684971844844422,599.748931646347,5.161211311144714,0.8939967206251618,5.925793177422159,0.8623461020145412,9.0,full
airfoil,outer_2,streed,4,1202.0,3,0.01,1e-05,0.1,0.8174608947909574,8.8419122225968,599.7114207744598,7.435344559622124,0.8472895490831982,6.788492080269536,0.8423059380720695,8.0,full
airfoil,outer_2,streed,4,1202.0,3,0.01,1e-05,0.001,0.8526105555492901,7.12596057337966,599.7431573867798,5.137449705319493,0.8944847471733574,5.987911153834893,0.8609031252969668,9.0,full
airfoil,outer_2,streed,4,1202.0,3,0.008,0.1,0.1,0.7837766420946854,10.481437113058492,599.7212910652161,7.855702993054133,0.8386560385039191,8.215632945700055,0.8091540042770544,12.0,full
airfoil,outer_2,streed,4,1202.0,3,0.008,0.1,0.001,0.7970748947213343,9.831005765999686,599.7032904624939,7.295623987379811,0.8501591930409708,7.879830269544346,0.8169545713813708,11.0,full
airfoil,outer_2,streed,4,1202.0,3,0.008,0.01,0.1,0.8203130825411575,8.715719911361981,599.6979649066925,6.8185902584306906,0.8599567263316198,7.327029225808327,0.8297959271631796,11.0,full
airfoil,outer_2,streed,4,1202.0,3,0.008,0.01,0.001,0.838234133003876,7.848374283657061,599.7182457447052,6.538541147084,0.8657085009440362,6.860132649552451,0.840641755182045,9.0,full
airfoil,outer_2,streed,4,1202.0,3,0.008,0.001,0.1,0.8291948703006641,8.276224974746246,599.7092411518097,7.1281080535478685,0.8535997106371755,7.012675309726685,0.8370982478146162,9.0,full
airfoil,outer_2,streed,4,1202.0,3,0.008,0.001,0.001,0.8460197235448502,7.496378405777105,599.7334430217743,4.971383078746684,0.8978954982451886,5.806349037454467,0.8651207434786947,10.0,full
airfoil,outer_2,streed,4,1202.0,3,0.008,0.0001,0.1,0.8256741068264892,8.441947927332327,599.716940164566,7.115705950590067,0.8538544306060776,7.001427037473968,0.8373595408558732,9.0,full
airfoil,outer_2,streed,4,1202.0,3,0.008,0.0001,0.001,0.8500006627972677,7.307242403592762,599.737753868103,5.161211311144714,0.8939967206251618,5.925793177422159,0.8623461020145412,9.0,full
airfoil,outer_2,streed,4,1202.0,3,0.008,1e-05,0.1,0.825710104729751,8.440204591507106,599.7089531421661,7.114400867722174,0.8538812349850329,7.000283580308955,0.8373861029263387,9.0,full
airfoil,outer_2,streed,4,1202.0,3,0.008,1e-05,0.001,0.8659852483909475,6.492306587386274,599.7329869270325,5.137449705319493,0.8944847471733574,5.987911153834893,0.8609031252969668,9.0,full
airfoil,outer_2,streed,4,1202.0,3,0.005,0.1,0.1,0.7861299448707707,10.365297867422088,599.7340295314789,6.968590121063637,0.8568759616842717,7.8975445240355,0.8165430760578579,16.0,full
airfoil,outer_2,streed,4,1202.0,3,0.005,0.1,0.001,0.7938677993338114,9.990384014040751,599.7072336673737,6.5376383155940765,0.8657270437032617,5.974458947835736,0.8612156148720911,14.0,full
airfoil,outer_2,streed,4,1202.0,3,0.005,0.01,0.1,0.8229248640911395,8.578516948647296,599.7034659385681,5.798948803539284,0.880898581157759,5.537925334886971,0.871356122923068,14.0,full
airfoil,outer_2,streed,4,1202.0,3,0.005,0.01,0.001,0.8300838486754976,8.245250083607239,599.7221057415009,5.079008650469772,0.8956850358441231,5.701949880504999,0.8675458957697407,13.0,full
airfoil,outer_2,streed,4,1202.0,3,0.005,0.001,0.1,0.8343780573545055,8.031821077221075,599.7139258384705,5.583033504360579,0.8853331466890559,5.34803682839948,0.8757671599468089,14.0,full
airfoil,outer_2,streed,4,1202.0,3,0.005,0.001,0.001,0.8557023633639768,6.998465868933928,599.7413914203644,4.717039255051573,0.903119326097809,5.623182425096369,0.8693756334853102,11.0,full
airfoil,outer_2,streed,4,1202.0,3,0.005,0.0001,0.1,0.8439372913151617,7.577283385389156,599.7208490371704,5.546442767758827,0.8860846636955677,5.331328270636857,0.8761552933218486,14.0,full
airfoil,outer_2,streed,4,1202.0,3,0.005,0.0001,0.001,0.8577961427106776,6.891188389390018,599.7637252807617,4.73796327287628,0.9026895792082896,5.726964821913326,0.8669648082950961,10.0,full
airfoil,outer_2,streed,4,1202.0,3,0.005,1e-05,0.1,0.8440102165158981,7.573785827818791,599.7433321475983,5.5416298870537375,0.8861835128042794,5.329089478041959,0.876207299613368,14.0,full
airfoil,outer_2,streed,4,1202.0,3,0.005,1e-05,0.001,0.8564487701446396,6.960100143812434,599.7611627578735,4.720854953584909,0.9030409575650644,5.714566838355099,0.8672528086880987,10.0,full
airfoil,outer_2,streed,4,1202.0,3,0.003,0.1,0.1,0.7988153570278363,9.740856517342587,599.7443997859955,6.968590121063637,0.8568759616842717,7.8975445240355,0.8165430760578579,16.0,full
airfoil,outer_2,streed,4,1202.0,3,0.003,0.1,0.001,0.8075254118378679,9.310971355205243,599.7351741790771,6.5241001216510375,0.8660050972198221,7.361482344533931,0.8289955944569345,16.0,full
airfoil,outer_2,streed,4,1202.0,3,0.003,0.01,0.1,0.8293745670951477,8.265173397495117,599.7320032119751,5.444557132723615,0.8881772366951657,6.170934118415544,0.8566515721730117,16.0,full
airfoil,outer_2,streed,4,1202.0,3,0.003,0.01,0.001,0.8505612161350209,7.268197721724029,599.7460677623749,4.600471472346035,0.9055134476501584,5.415074206932305,0.8742099074087133,16.0,full
airfoil,outer_2,streed,4,1202.0,3,0.003,0.001,0.1,0.8225095827068953,8.624002406695892,599.742192029953,5.198943711582332,0.8932217556132788,5.906370404104789,0.862797285573733,15.0,full
airfoil,outer_2,streed,4,1202.0,3,0.003,0.001,0.001,0.8608748759637628,6.731222343841598,599.7495291233063,3.803909173046309,0.9218736024397526,4.663774383475733,0.8916623135521848,16.0,full
airfoil,outer_2,streed,4,1202.0,3,0.003,0.0001,0.1,0.832202675347637,8.162774069495951,599.7359075546265,5.157970590898627,0.8940632799952228,5.89713228461557,0.8630118835388783,15.0,full
airfoil,outer_2,streed,4,1202.0,3,0.003,0.0001,0.001,0.8658146359603413,6.491348866923346,599.7505900859833,3.57109814291796,0.9266551800928416,4.457855969171419,0.8964457191735575,16.0,full
airfoil,outer_2,streed,4,1202.0,3,0.003,1e-05,0.1,0.8344631283998977,8.055348261867042,599.7456359863281,5.152702008837306,0.8941714885033593,5.895718388586751,0.8630447278002094,15.0,full
airfoil,outer_2,streed,4,1202.0,3,0.003,1e-05,0.001,0.8623702969402607,6.677148076381697,599.7707517147064,3.560188826747922,0.9268792405352544,4.463088391012952,0.8963241720252136,16.0,full
airfoil,outer_2,streed,4,1202.0,3,0.001,0.1,0.1,0.7979678472107595,9.781112398545266,599.7507286071777,6.968590121063637,0.8568759616842717,7.8975445240355,0.8165430760578579,16.0,full
airfoil,outer_2,streed,4,1202.0,3,0.001,0.1,0.001,0.8100978387873218,9.1887836098916,599.747284412384,6.5241001216510375,0.8660050972198221,7.361482344533931,0.8289955944569345,16.0,full
airfoil,outer_2,streed,4,1202.0,3,0.001,0.01,0.1,0.8272523649362736,8.36577817372311,599.7478046417236,5.444557132723615,0.8881772366951657,6.170934118415544,0.8566515721730117,16.0,full
airfoil,outer_2,streed,4,1202.0,3,0.001,0.01,0.001,0.8491590977044868,7.334756239854554,599.7643263339996,4.600471472346035,0.9055134476501584,5.415074206932305,0.8742099074087133,16.0,full
airfoil,outer_2,streed,4,1202.0,3,0.001,0.001,0.1,0.8255821147300124,8.461011298398551,599.7597422599792,5.127215173081646,0.894694948599859,5.945148877036185,0.8618964765516989,16.0,full
airfoil,outer_2,streed,4,1202.0,3,0.001,0.001,0.001,0.8746576808770392,6.078787571228683,599.7692863941193,3.803909173046309,0.9218736024397526,4.663774383475733,0.8916623135521848,16.0,full
airfoil,outer_2,streed,4,1202.0,3,0.001,0.0001,0.1,0.8350078983693677,8.013010368714122,599.7614924907684,5.090643899774316,0.8954460658604756,5.938503792087822,0.86205083932107,16.0,full
airfoil,outer_2,streed,4,1202.0,3,0.001,0.0001,0.001,0.8760377412831426,6.008287972870707,599.7779479026794,3.57109814291796,0.9266551800928416,4.457855969171419,0.8964457191735575,16.0,full
airfoil,outer_2,streed,4,1202.0,3,0.001,1e-05,0.1,0.8350506667789248,8.010964280040435,599.7638449668884,5.08581014403595,0.8955453437100102,5.937341435349852,0.8620778404213514,16.0,full
airfoil,outer_2,streed,4,1202.0,3,0.001,1e-05,0.001,0.8762034574507251,6.000562766892243,599.7819972038269,3.560188826747922,0.9268792405352544,4.463088391012952,0.8963241720252136,16.0,full
airfoil,outer_2,streed,4,1202.0,3,0.0005,0.1,0.1,0.7979678472107595,9.781112398545266,599.759480714798,6.968590121063637,0.8568759616842717,7.8975445240355,0.8165430760578579,16.0,full
airfoil,outer_2,streed,4,1202.0,3,0.0005,0.1,0.001,0.8100978387873218,9.1887836098916,599.7560389041901,6.5241001216510375,0.8660050972198221,7.361482344533931,0.8289955944569345,16.0,full
airfoil,outer_2,streed,4,1202.0,3,0.0005,0.01,0.1,0.8272523649362736,8.36577817372311,599.7570571899414,5.444557132723615,0.8881772366951657,6.170934118415544,0.8566515721730117,16.0,full
airfoil,outer_2,streed,4,1202.0,3,0.0005,0.01,0.001,0.8491590977044868,7.334756239854554,599.7687056064606,4.600471472346035,0.9055134476501584,5.415074206932305,0.8742099074087133,16.0,full
airfoil,outer_2,streed,4,1202.0,3,0.0005,0.001,0.1,0.8255821147300124,8.461011298398551,599.7623341083527,5.127215173081646,0.894694948599859,5.945148877036185,0.8618964765516989,16.0,full
airfoil,outer_2,streed,4,1202.0,3,0.0005,0.001,0.001,0.8746576808770392,6.078787571228683,599.7722024917603,3.803909173046309,0.9218736024397526,4.663774383475733,0.8916623135521848,16.0,full
airfoil,outer_2,streed,4,1202.0,3,0.0005,0.0001,0.1,0.8350078983693677,8.013010368714122,599.7629971504211,5.090643899774316,0.8954460658604756,5.938503792087822,0.86205083932107,16.0,full
airfoil,outer_2,streed,4,1202.0,3,0.0005,0.0001,0.001,0.8760377412831426,6.008287972870707,599.7833752632141,3.57109814291796,0.9266551800928416,4.457855969171419,0.8964457191735575,16.0,full
airfoil,outer_2,streed,4,1202.0,3,0.0005,1e-05,0.1,0.8350506667789248,8.010964280040435,599.7628560066223,5.08581014403595,0.8955453437100102,5.937341435349852,0.8620778404213514,16.0,full
airfoil,outer_2,streed,4,1202.0,3,0.0005,1e-05,0.001,0.8759881031845905,6.010791882330587,599.7800607681274,3.560188826747922,0.9268792405352544,4.463088391012952,0.8963241720252136,16.0,full
airfoil,outer_2,streed,4,1202.0,3,0.0001,0.1,0.1,0.7979678472107595,9.781112398545266,599.7641031742096,6.968590121063637,0.8568759616842717,7.8975445240355,0.8165430760578579,16.0,full
airfoil,outer_2,streed,4,1202.0,3,0.0001,0.1,0.001,0.8100978387873218,9.1887836098916,599.7489178180695,6.5241001216510375,0.8660050972198221,7.361482344533931,0.8289955944569345,16.0,full
airfoil,outer_2,streed,4,1202.0,3,0.0001,0.01,0.1,0.8272523649362736,8.36577817372311,599.7657120227814,5.444557132723615,0.8881772366951657,6.170934118415544,0.8566515721730117,16.0,full
airfoil,outer_2,streed,4,1202.0,3,0.0001,0.01,0.001,0.8491590977044868,7.334756239854554,599.765638589859,4.600471472346035,0.9055134476501584,5.415074206932305,0.8742099074087133,16.0,full
airfoil,outer_2,streed,4,1202.0,3,0.0001,0.001,0.1,0.8255821147300124,8.461011298398551,599.7617638111115,5.127215173081646,0.894694948599859,5.945148877036185,0.8618964765516989,16.0,full
airfoil,outer_2,streed,4,1202.0,3,0.0001,0.001,0.001,0.8746576808770392,6.078787571228683,599.7822542190552,3.803909173046309,0.9218736024397526,4.663774383475733,0.8916623135521848,16.0,full
airfoil,outer_2,streed,4,1202.0,3,0.0001,0.0001,0.1,0.8350078983693677,8.013010368714122,599.7627515792847,5.090643899774316,0.8954460658604756,5.938503792087822,0.86205083932107,16.0,full
airfoil,outer_2,streed,4,1202.0,3,0.0001,0.0001,0.001,0.8760377412831426,6.008287972870707,599.7798292636871,3.57109814291796,0.9266551800928416,4.457855969171419,0.8964457191735575,16.0,full
airfoil,outer_2,streed,4,1202.0,3,0.0001,1e-05,0.1,0.8350506667789248,8.010964280040435,599.7674577236176,5.08581014403595,0.8955453437100102,5.937341435349852,0.8620778404213514,16.0,full
airfoil,outer_2,streed,4,1202.0,3,0.0001,1e-05,0.001,0.8759881031845905,6.010791882330587,599.7738738059998,3.560188826747922,0.9268792405352544,4.463088391012952,0.8963241720252136,16.0,full
airfoil,outer_3,streed,4,1203.0,3,0.1,0.1,0.1,0.6448923302841533,16.87719160007647,599.1430821418762,16.62141676078742,0.6513722477782173,17.975183277948283,0.6182090772300641,2.0,full
airfoil,outer_3,streed,4,1203.0,3,0.1,0.1,0.001,0.6486351610218833,16.698384314610156,221.48563885688785,16.392050790491602,0.6561831098010652,17.739272424080532,0.6232197979107321,2.0,full
airfoil,outer_3,streed,4,1203.0,3,0.1,0.01,0.1,0.6530191200314565,16.487002000747513,208.41800832748413,16.145045755873117,0.6613639443379659,17.623920228072926,0.6256698659115024,2.0,full
airfoil,outer_3,streed,4,1203.0,3,0.1,0.01,0.001,0.6540067369619311,16.435741521520068,199.1412596702576,15.79616511368091,0.6686815801226664,18.06858007120304,0.6162253395774846,2.0,full
airfoil,outer_3,streed,4,1203.0,3,0.1,0.001,0.1,0.6529277837501438,16.489961331264524,208.63335490226743,16.12037851731953,0.6618813300731423,17.612406422045964,0.6259144178896189,2.0,full
airfoil,outer_3,streed,4,1203.0,3,0.1,0.001,0.001,0.6532937499897018,16.465344778423866,197.8230710029602,15.723620611462202,0.6702031728429827,18.0848799675876,0.6158791315647212,2.0,full
airfoil,outer_3,streed,4,1203.0,3,0.1,0.0001,0.1,0.65298292943278,16.48722331714582,207.59155821800232,16.11821988229766,0.6619266066031984,17.61157793086146,0.6259320149515764,2.0,full
airfoil,outer_3,streed,4,1203.0,3,0.1,0.0001,0.001,0.653028743410842,16.477144959465864,192.99720740318295,15.718645348494116,0.6703075270487787,18.095309382161687,0.615657611942216,2.0,full
airfoil,outer_3,streed,4,1203.0,3,0.1,1e-05,0.1,0.6529886262290421,16.486940191264686,203.20827555656436,16.118007185970995,0.661931067825929,17.611498400594314,0.625933704165734,2.0,full
airfoil,outer_3,streed,4,1203.0,3,0.1,1e-05,0.001,0.6529973413568351,16.47855127685571,198.57862854003903,15.718269362939353,0.670315413199563,18.096592504841357,0.6156303585571283,2.0,full
airfoil,outer_3,streed,4,1203.0,3,0.08,0.1,0.1,0.6448923302841533,16.87719160007647,599.2112922668457,16.62141676078742,0.6513722477782173,17.975183277948283,0.6182090772300641,2.0,full
airfoil,outer_3,streed,4,1203.0,3,0.08,0.1,0.001,0.6486351610218833,16.698384314610156,599.4110882282257,16.392050790491602,0.6561831098010652,17.739272424080532,0.6232197979107321,2.0,full
airfoil,outer_3,streed,4,1203.0,3,0.08,0.01,0.1,0.6530191200314565,16.487002000747513,599.1627390384674,16.145045755873117,0.6613639443379659,17.623920228072926,0.6256698659115024,2.0,full
airfoil,outer_3,streed,4,1203.0,3,0.08,0.01,0.001,0.6540067369619311,16.435741521520068,599.9458243846893,15.79616511368091,0.6686815801226664,18.06858007120304,0.6162253395774846,2.0,full
airfoil,outer_3,streed,4,1203.0,3,0.08,0.001,0.1,0.6529277837501438,16.489961331264524,599.2448143959045,16.12037851731953,0.6618813300731423,17.612406422045964,0.6259144178896189,2.0,full
airfoil,outer_3,streed,4,1203.0,3,0.08,0.001,0.001,0.6739741909621788,15.42462433688916,599.8786120414734,15.723620611462202,0.6702031728429827,18.0848799675876,0.6158791315647212,2.0,full
airfoil,outer_3,streed,4,1203.0,3,0.08,0.0001,0.1,0.65298292943278,16.48722331714582,599.9909918308258,16.11821988229766,0.6619266066031984,17.61157793086146,0.6259320149515764,2.0,full
airfoil,outer_3,streed,4,1203.0,3,0.08,0.0001,0.001,0.6733598550725645,15.454004131200207,599.2401883602142,11.869865831151742,0.751034180572912,14.904749816902592,0.6834247474276771,3.0,full
airfoil,outer_3,streed,4,1203.0,3,0.08,1e-05,0.1,0.6529886262290421,16.486940191264686,599.9009778499603,16.118007185970995,0.661931067825929,17.611498400594314,0.625933704165734,2.0,full
airfoil,outer_3,streed,4,1203.0,3,0.08,1e-05,0.001,0.6732816973877567,15.457763374274569,599.3903851509094,11.869044423420911,0.7510514092806075,14.904452159907438,0.6834310696296314,3.0,full
airfoil,outer_3,streed,4,1203.0,3,0.05,0.1,0.1,0.6448923302841533,16.87719160007647,599.0394415855408,16.62141676078742,0.6513722477782173,17.975183277948283,0.6182090772300641,2.0,full
airfoil,outer_3,streed,4,1203.0,3,0.05,0.1,0.001,0.6486351610218833,16.698384314610156,599.9810795783997,16.392050790491602,0.6561831098010652,17.739272424080532,0.6232197979107321,2.0,full
airfoil,outer_3,streed,4,1203.0,3,0.05,0.01,0.1,0.7223211685839993,13.153200438156858,599.840603351593,16.145045755873117,0.6613639443379659,17.623920228072926,0.6256698659115024,2.0,full
airfoil,outer_3,streed,4,1203.0,3,0.05,0.01,0.001,0.7330500388395985,12.698575125500724,599.1502509117126,12.29058713577569,0.7422097148336922,15.150825482325478,0.6781981272636265,3.0,full
airfoil,outer_3,streed,4,1203.0,3,0.05,0.001,0.1,0.7087608302990883,13.837785777982306,599.2530891895294,12.372810583039335,0.7404851100053556,15.148626083083563,0.6782448422624738,3.0,full
airfoil,outer_3,streed,4,1203.0,3,0.05,0.001,0.001,0.7399523360775971,12.373155747455304,599.5713636875153,11.88661263907484,0.7506829227898275,14.914085699778475,0.6832264542985924,3.0,full
airfoil,outer_3,streed,4,1203.0,3,0.05,0.0001,0.1,0.7012424533711776,14.18159189701796,599.8352673053741,12.271379002331336,0.7426125979623363,15.10570008860391,0.6791565856805957,3.0,full
airfoil,outer_3,streed,4,1203.0,3,0.05,0.0001,0.001,0.7400083430277462,12.371348506748951,599.8767688274384,11.869865831151742,0.751034180572912,14.904749816902592,0.6834247474276771,3.0,full
airfoil,outer_3,streed,4,1203.0,3,0.05,1e-05,0.1,0.7012791326894545,14.179800221786657,599.898556470871,12.265301022705357,0.7427400812211673,15.101671393669372,0.6792421547194663,3.0,full
airfoil,outer_3,streed,4,1203.0,3,0.05,1e-05,0.001,0.739992017210386,12.372227240976477,599.4656803607941,11.869044423420911,0.7510514092806075,14.904452159907438,0.6834310696296314,3.0,full
airfoil,outer_3,streed,4,1203.0,3,0.03,0.1,0.1,0.750388453064145,11.86100705422737,599.7057309150696,10.886851874946544,0.7716525159944122,12.909819407331378,0.7257968506855269,5.0,full
airfoil,outer_3,streed,4,1203.0,3,0.03,0.1,0.001,0.7609569799663202,11.35969565728266,599.7013776302338,10.372916268668744,0.7824321154582837,12.478605740953634,0.7349557816990058,5.0,full
airfoil,outer_3,streed,4,1203.0,3,0.03,0.01,0.1,0.7746712409684965,10.700961282202885,599.6729753017426,10.784716856119651,0.7737947582923583,13.483502583867123,0.7136118828907412,4.0,full
airfoil,outer_3,streed,4,1203.0,3,0.03,0.01,0.001,0.7745070872104008,10.702873878267662,599.6842691898346,10.427949095794997,0.7812778233124603,13.261090966029466,0.7183358812776264,4.0,full
airfoil,outer_3,streed,4,1203.0,3,0.03,0.001,0.1,0.7700247570506925,10.91697204514307,599.6969263553619,10.670177873120515,0.7761971689147165,13.456238327341854,0.7141909727112155,4.0,full
airfoil,outer_3,streed,4,1203.0,3,0.03,0.001,0.001,0.7784463950175603,10.522008325692022,599.7086102962494,10.211840025237075,0.7858106270191269,13.077818946310396,0.7222285588901153,4.0,full
airfoil,outer_3,streed,4,1203.0,3,0.03,0.0001,0.1,0.7703025998106355,10.90427357708908,599.7070660591125,10.637189660136269,0.7768890838524156,13.43861643498786,0.7145652597734808,4.0,full
airfoil,outer_3,streed,4,1203.0,3,0.03,0.0001,0.001,0.7995959002115267,9.531439271464333,599.7199575901031,6.958109464387344,0.854056360104916,8.797581107994962,0.8131403414681547,6.0,full
airfoil,outer_3,streed,4,1203.0,3,0.03,1e-05,0.1,0.7703458062578331,10.902236213326583,599.6916909217834,10.635949488986656,0.7769150959599563,13.43845979047056,0.7145685868858602,4.0,full
airfoil,outer_3,streed,4,1203.0,3,0.03,1e-05,0.001,0.8152074362772934,8.81482932439137,599.7082731723785,6.953663348214794,0.8541496156624694,8.832540309358231,0.812397811862676,6.0,full
airfoil,outer_3,streed,4,1203.0,3,0.01,0.1,0.1,0.8059803176598047,9.243525225022372,599.7100517749786,7.505920739032389,0.8425662316718328,10.3524719843682,0.7801146296677435,11.0,full
airfoil,outer_3,streed,4,1203.0,3,0.01,0.1,0.001,0.8122039960469144,8.92334553938796,599.6682434082031,7.1345347428922565,0.8503559085028978,10.074207282051244,0.7860249414475529,11.0,full
airfoil,outer_3,streed,4,1203.0,3,0.01,0.01,0.1,0.8388930895645963,7.680356003991101,599.6541550159454,7.07297442702739,0.8516471121863686,9.049383752503388,0.8077920808959957,8.0,full
airfoil,outer_3,streed,4,1203.0,3,0.01,0.01,0.001,0.8502041273140984,7.134432462346382,599.6727976799011,6.492422173838676,0.8638239699109134,8.484720568622143,0.8197854650353779,8.0,full
airfoil,outer_3,streed,4,1203.0,3,0.01,0.001,0.1,0.8417753851416515,7.538109566628379,599.6750338077545,6.98611327658401,0.853468991035223,8.680790861532767,0.8156209535029723,8.0,full
airfoil,outer_3,streed,4,1203.0,3,0.01,0.001,0.001,0.8605395537096673,6.627804420189114,599.7179210186005,5.165180700050541,0.8916623436381096,7.330222303753568,0.8443068816498722,9.0,full
airfoil,outer_3,streed,4,1203.0,3,0.01,0.0001,0.1,0.8420140833934252,7.527016235996629,599.6626629829407,6.962694311018685,0.8539601947299441,8.659213123850707,0.8160792622864509,8.0,full
airfoil,outer_3,streed,4,1203.0,3,0.01,0.0001,0.001,0.8707876320959889,6.147675566980598,599.7327783107758,4.9849986798070445,0.8954415914370375,6.819738337523665,0.8551495051443024,9.0,full
airfoil,outer_3,streed,4,1203.0,3,0.01,1e-05,0.1,0.842051638579374,7.525225411931931,599.7142260074615,6.907283313433783,0.8551224188540612,9.004869306251672,0.8087375628556643,8.0,full
airfoil,outer_3,streed,4,1203.0,3,0.01,1e-05,0.001,0.8660536226350816,6.365507494094717,599.7108886241913,4.973125667350684,0.8956906232557046,6.827718531492295,0.8549800066990263,9.0,full
airfoil,outer_3,streed,4,1203.0,3,0.008,0.1,0.1,0.8148720707014485,8.816950004769362,599.7231049537659,7.505920739032389,0.8425662316718328,10.3524719843682,0.7801146296677435,11.0,full
airfoil,outer_3,streed,4,1203.0,3,0.008,0.1,0.001,0.825118618847953,8.311954250599113,599.6943817138672,7.1345347428922565,0.8503559085028978,10.074207282051244,0.7860249414475529,11.0,full
airfoil,outer_3,streed,4,1203.0,3,0.008,0.01,0.1,0.8303178087081545,8.07674420998447,599.6989243030548,6.672876935908329,0.8600390014582554,8.99923079937098,0.8088573241238382,10.0,full
airfoil,outer_3,streed,4,1203.0,3,0.008,0.01,0.001,0.8542555933756878,6.938455240133106,599.7086157798767,6.479188361164828,0.8641015439849051,8.543675930721443,0.8185332596058098,8.0,full
airfoil,outer_3,streed,4,1203.0,3,0.008,0.001,0.1,0.8427645360162831,7.487920770642397,599.7105798721313,6.216033702931663,0.8696211105962759,8.901325952435442,0.8109368123425216,10.0,full
airfoil,outer_3,streed,4,1203.0,3,0.008,0.001,0.001,0.8664213504078399,6.356032247929356,599.7294135093689,4.765540291845527,0.9000446457736412,7.202771505731141,0.8470139226314484,10.0,full
airfoil,outer_3,streed,4,1203.0,3,0.008,0.0001,0.1,0.8431436453284428,7.469946142292077,599.7139420509338,6.19197824753914,0.8701256644175813,8.87168445444004,0.8115663945112792,10.0,full
airfoil,outer_3,streed,4,1203.0,3,0.008,0.0001,0.001,0.8709515854065043,6.137917778816203,599.7359812259674,4.561446689918909,0.9043254296987748,6.621557589396298,0.8593588425142088,10.0,full
airfoil,outer_3,streed,4,1203.0,3,0.008,1e-05,0.1,0.8430385276964837,7.475354717875319,599.7073698043823,6.190543073897305,0.8701557666265568,8.871362491188817,0.8115732329754485,10.0,full
airfoil,outer_3,streed,4,1203.0,3,0.008,1e-05,0.001,0.8730341156943265,6.041309548397404,599.7396659851074,4.533137611321038,0.90491920161251,6.610790957759596,0.8595875245901654,10.0,full
airfoil,outer_3,streed,4,1203.0,3,0.005,0.1,0.1,0.8147130611897483,8.80267136335245,599.7268528938293,6.790969970707247,0.8575620459816247,8.696477270585941,0.8152877758938903,15.0,full
airfoil,outer_3,streed,4,1203.0,3,0.005,0.1,0.001,0.8262703332068214,8.24909298061028,599.7155065536499,6.061411479388819,0.8728642516000228,7.741292809453225,0.8355757891615352,14.0,full
airfoil,outer_3,streed,4,1203.0,3,0.005,0.01,0.1,0.8435215009439264,7.435239543666767,599.7109808921814,5.548315534713773,0.8836262394883343,7.774628898251533,0.8348677342890455,14.0,full
airfoil,outer_3,streed,4,1203.0,3,0.005,0.01,0.001,0.8527672912184094,6.991396575941677,599.7226204872131,4.805243348405652,0.8992118896034484,7.892066164872652,0.8323733796169648,13.0,full
airfoil,outer_3,streed,4,1203.0,3,0.005,0.001,0.1,0.8452283260471903,7.341878981161127,599.7185180187225,5.214453360640128,0.8906288687451714,7.789578959288721,0.8345501966311204,14.0,full
airfoil,outer_3,streed,4,1203.0,3,0.005,0.001,0.001,0.8624769936519355,6.535085728036055,599.7368123531342,3.766335678262082,0.9210025739368436,7.417499561084179,0.8424531222696292,14.0,full
airfoil,outer_3,streed,4,1203.0,3,0.005,0.0001,0.1,0.8455911374774577,7.324946162740986,599.7267019748688,5.186793562141663,0.8912090222613372,7.754078651883354,0.8353042192696287,14.0,full
airfoil,outer_3,streed,4,1203.0,3,0.005,0.0001,0.001,0.8755938095516166,5.906514781241962,599.7409722805023,3.810148609365005,0.920083614746512,6.514229750149059,0.8616384740568467,13.0,full
airfoil,outer_3,streed,4,1203.0,3,0.005,1e-05,0.1,0.8454650299788775,7.331358325876547,599.7323703765869,5.184921484069356,0.8912482883708226,7.753028072871598,0.8353265334526966,14.0,full
airfoil,outer_3,streed,4,1203.0,3,0.005,1e-05,0.001,0.8749377909835259,5.938126669127229,599.742517709732,3.8050658072049046,0.9201902245450366,6.520836672541037,0.8614981437493501,13.0,full
airfoil,outer_3,streed,4,1203.0,3,0.003,0.1,0.1,0.8215494796722415,8.498286516985429,599.7291247844696,6.603961623542081,0.8614844733328665,8.664450226802801,0.8159680267937273,16.0,full
airfoil,outer_3,streed,4,1203.0,3,0.003,0.1,0.001,0.8368118387324549,7.761468748168592,599.7172114849091,5.824379690682775,0.8778359011826653,8.0344865744602,0.829348385726393,16.0,full
airfoil,outer_3,streed,4,1203.0,3,0.003,0.01,0.1,0.842516914557844,7.476165238593697,599.7124462127686,5.134001582852915,0.8923163134952707,7.81217928725507,0.8340701681420779,16.0,full
airfoil,outer_3,streed,4,1203.0,3,0.003,0.01,0.001,0.8552931696462772,6.8585803009670885,599.7209014892578,4.316598256910672,0.9094610303556374,6.613647741819291,0.8595268468098368,16.0,full
airfoil,outer_3,streed,4,1203.0,3,0.003,0.001,0.1,0.8480404665033573,7.20624320083643,599.730304479599,4.920945190762473,0.8967850884583175,7.612428155661849,0.8383128602846872,16.0,full
airfoil,outer_3,streed,4,1203.0,3,0.003,0.001,0.001,0.8789497024570601,5.75085966143476,599.7446994781494,3.577774149485573,0.9249575786683262,6.534087659297359,0.8612166942429345,15.0,full
airfoil,outer_3,streed,4,1203.0,3,0.003,0.0001,0.1,0.8486240731594324,7.1786594947311855,599.7319383621216,4.79144092394415,0.899501390088544,7.226281816972852,0.84651456619737,16.0,full
airfoil,outer_3,streed,4,1203.0,3,0.003,0.0001,0.001,0.8782796578142635,5.767427089425998,599.7513935565948,3.2938472699749077,0.9309128345423422,6.379617863878951,0.8644976157679587,16.0,full
airfoil,outer_3,streed,4,1203.0,3,0.003,1e-05,0.1,0.8485250044729078,7.183759958562305,599.7354323863983,4.788881242487455,0.8995550784115971,7.224666789200022,0.8465488692102602,16.0,full
airfoil,outer_3,streed,4,1203.0,3,0.003,1e-05,0.001,0.8770923875227377,5.822153164172863,599.7541947364807,3.2646837094221968,0.9315245288827584,6.055850975734194,0.871374388987778,16.0,full
airfoil,outer_3,streed,4,1203.0,3,0.001,0.1,0.1,0.8235939263633512,8.404479715382204,599.7443652153015,6.603961623542081,0.8614844733328665,8.664450226802801,0.8159680267937273,16.0,full
airfoil,outer_3,streed,4,1203.0,3,0.001,0.1,0.001,0.841486188323683,7.546992241329263,599.7388899326324,5.824379690682775,0.8778359011826653,8.0344865744602,0.829348385726393,16.0,full
airfoil,outer_3,streed,4,1203.0,3,0.001,0.01,0.1,0.8476555235261051,7.237051830245135,599.7282021045685,5.134001582852915,0.8923163134952707,7.81217928725507,0.8340701681420779,16.0,full
airfoil,outer_3,streed,4,1203.0,3,0.001,0.01,0.001,0.8588667939071502,6.688270898064899,599.748229265213,4.316598256910672,0.9094610303556374,6.613647741819291,0.8595268468098368,16.0,full
airfoil,outer_3,streed,4,1203.0,3,0.001,0.001,0.1,0.8559225074140446,6.838971415114931,599.7393729686737,4.920945190762473,0.8967850884583175,7.612428155661849,0.8383128602846872,16.0,full
airfoil,outer_3,streed,4,1203.0,3,0.001,0.001,0.001,0.8800438669867795,5.700655332113288,599.7554149627686,3.440977756989181,0.9278268297986256,6.824725211310471,0.8550435844916248,16.0,full
airfoil,outer_3,streed,4,1203.0,3,0.001,0.0001,0.1,0.8589131869241992,6.696110827750104,599.7460114955902,4.79144092394415,0.899501390088544,7.226281816972852,0.84651456619737,16.0,full
airfoil,outer_3,streed,4,1203.0,3,0.001,0.0001,0.001,0.8860487268147025,5.401980170842971,599.7605266571045,3.2938472699749077,0.9309128345423422,6.379617863878951,0.8644976157679587,16.0,full
airfoil,outer_3,streed,4,1203.0,3,0.001,1e-05,0.1,0.8587925356853218,6.702220071443997,599.7477717399597,4.788881242487455,0.8995550784115971,7.224666789200022,0.8465488692102602,16.0,full
airfoil,outer_3,streed,4,1203.0,3,0.001,1e-05,0.001,0.8849424627742586,5.4542257833678205,599.7693815231323,3.2646837094221968,0.9315245288827584,6.055850975734194,0.871374388987778,16.0,full
airfoil,outer_3,streed,4,1203.0,3,0.0005,0.1,0.1,0.8235939263633512,8.404479715382204,599.7439503669739,6.603961623542081,0.8614844733328665,8.664450226802801,0.8159680267937273,16.0,full
airfoil,outer_3,streed,4,1203.0,3,0.0005,0.1,0.001,0.841486188323683,7.546992241329263,599.7348673343658,5.824379690682775,0.8778359011826653,8.0344865744602,0.829348385726393,16.0,full
airfoil,outer_3,streed,4,1203.0,3,0.0005,0.01,0.1,0.8476555235261051,7.237051830245135,599.7351479530334,5.134001582852915,0.8923163134952707,7.81217928725507,0.8340701681420779,16.0,full
airfoil,outer_3,streed,4,1203.0,3,0.0005,0.01,0.001,0.8588667939071502,6.688270898064899,599.7551989555359,4.316598256910672,0.9094610303556374,6.613647741819291,0.8595268468098368,16.0,full
airfoil,outer_3,streed,4,1203.0,3,0.0005,0.001,0.1,0.8559225074140446,6.838971415114931,599.7455682754517,4.920945190762473,0.8967850884583175,7.612428155661849,0.8383128602846872,16.0,full
airfoil,outer_3,streed,4,1203.0,3,0.0005,0.001,0.001,0.8800438669867795,5.700655332113288,599.7546424865723,3.440977756989181,0.9278268297986256,6.824725211310471,0.8550435844916248,16.0,full
airfoil,outer_3,streed,4,1203.0,3,0.0005,0.0001,0.1,0.8589131869241992,6.696110827750104,599.7478892803192,4.79144092394415,0.899501390088544,7.226281816972852,0.84651456619737,16.0,full
airfoil,outer_3,streed,4,1203.0,3,0.0005,0.0001,0.001,0.8860487268147025,5.401980170842971,599.7686455249786,3.2938472699749077,0.9309128345423422,6.379617863878951,0.8644976157679587,16.0,full
airfoil,outer_3,streed,4,1203.0,3,0.0005,1e-05,0.1,0.8587925356853218,6.702220071443997,599.7458117008209,4.788881242487455,0.8995550784115971,7.224666789200022,0.8465488692102602,16.0,full
airfoil,outer_3,streed,4,1203.0,3,0.0005,1e-05,0.001,0.8849424627742586,5.4542257833678205,599.76584649086,3.2646837094221968,0.9315245288827584,6.055850975734194,0.871374388987778,16.0,full
airfoil,outer_3,streed,4,1203.0,3,0.0001,0.1,0.1,0.8235939263633512,8.404479715382204,599.7389509677887,6.603961623542081,0.8614844733328665,8.664450226802801,0.8159680267937273,16.0,full
airfoil,outer_3,streed,4,1203.0,3,0.0001,0.1,0.001,0.841486188323683,7.546992241329263,599.6989183425903,5.824379690682775,0.8778359011826653,8.0344865744602,0.829348385726393,16.0,full
airfoil,outer_3,streed,4,1203.0,3,0.0001,0.01,0.1,0.8476555235261051,7.237051830245135,599.7495205402374,5.134001582852915,0.8923163134952707,7.81217928725507,0.8340701681420779,16.0,full
airfoil,outer_3,streed,4,1203.0,3,0.0001,0.01,0.001,0.8588667939071502,6.688270898064899,599.755487203598,4.316598256910672,0.9094610303556374,6.613647741819291,0.8595268468098368,16.0,full
airfoil,outer_3,streed,4,1203.0,3,0.0001,0.001,0.1,0.8559225074140446,6.838971415114931,599.7456390857697,4.920945190762473,0.8967850884583175,7.612428155661849,0.8383128602846872,16.0,full
airfoil,outer_3,streed,4,1203.0,3,0.0001,0.001,0.001,0.8800438669867795,5.700655332113288,599.7730786800385,3.440977756989181,0.9278268297986256,6.824725211310471,0.8550435844916248,16.0,full
airfoil,outer_3,streed,4,1203.0,3,0.0001,0.0001,0.1,0.8589131869241992,6.696110827750104,599.7495601177216,4.79144092394415,0.899501390088544,7.226281816972852,0.84651456619737,16.0,full
airfoil,outer_3,streed,4,1203.0,3,0.0001,0.0001,0.001,0.8860487268147025,5.401980170842971,599.7737829685211,3.2938472699749077,0.9309128345423422,6.379617863878951,0.8644976157679587,16.0,full
airfoil,outer_3,streed,4,1203.0,3,0.0001,1e-05,0.1,0.8587925356853218,6.702220071443997,599.7602410316467,4.788881242487455,0.8995550784115971,7.224666789200022,0.8465488692102602,16.0,full
airfoil,outer_3,streed,4,1203.0,3,0.0001,1e-05,0.001,0.8849424627742586,5.4542257833678205,599.7688879966736,3.2646837094221968,0.9315245288827584,6.055850975734194,0.871374388987778,16.0,full
airfoil,outer_4,streed,4,1203.0,3,0.1,0.1,0.1,0.6315878869255876,17.477931247135988,599.5070836544037,17.091883092750844,0.6394150089856785,16.589732970172474,0.6555892069787854,2.0,full
airfoil,outer_4,streed,4,1203.0,3,0.1,0.1,0.001,0.6368473823773682,17.22156769883747,599.2204751968384,16.839306421431225,0.6447435825702263,16.312819213076157,0.6613380690521835,2.0,full
airfoil,outer_4,streed,4,1203.0,3,0.1,0.01,0.1,0.6408295591524905,17.04059691854192,194.9411671161652,16.5923874519697,0.6499527964351581,16.01882160751431,0.6674415999926723,2.0,full
airfoil,outer_4,streed,4,1203.0,3,0.1,0.01,0.001,0.6388199258251693,17.117683850074624,173.91683983802795,16.493732223987976,0.6520341115425843,15.938691538568486,0.669105138558368,2.0,full
airfoil,outer_4,streed,4,1203.0,3,0.1,0.001,0.1,0.6412648725949398,17.019827088008117,187.23652839660645,16.566462004117533,0.650499741867097,15.98794958548714,0.6680825179391916,2.0,full
airfoil,outer_4,streed,4,1203.0,3,0.1,0.001,0.001,0.6378423663040846,17.159429241859367,168.37701749801636,16.484861548925892,0.6522212548942089,15.944914965588431,0.6689759372361344,2.0,full
airfoil,outer_4,streed,4,1203.0,3,0.1,0.0001,0.1,0.6413015796374985,17.018071006003407,183.18717455863955,16.564184253880388,0.6505477952351395,15.985203944316156,0.6681395187634213,2.0,full
airfoil,outer_4,streed,4,1203.0,3,0.1,0.0001,0.001,0.6378487777238523,17.159050146296362,172.67115950584412,16.48439997564545,0.652230992639095,15.947123166664738,0.6689300939253826,2.0,full
airfoil,outer_4,streed,4,1203.0,3,0.1,1e-05,0.1,0.6413051802072479,17.017898695812452,189.29849791526797,16.56395971752508,0.6505525322462238,15.9849328918408,0.6681451459424816,2.0,full
airfoil,outer_4,streed,4,1203.0,3,0.1,1e-05,0.001,0.6378468668750442,17.159124186070517,169.68269205093384,16.48436054816808,0.6522318244348951,15.947369514017828,0.6689249796364793,2.0,full
airfoil,outer_4,streed,4,1203.0,3,0.08,0.1,0.1,0.6315878869255876,17.477931247135988,599.5995597839355,17.091883092750844,0.6394150089856785,16.589732970172474,0.6555892069787854,2.0,full
airfoil,outer_4,streed,4,1203.0,3,0.08,0.1,0.001,0.6368473823773682,17.22156769883747,599.5051779747009,16.839306421431225,0.6447435825702263,16.312819213076157,0.6613380690521835,2.0,full
airfoil,outer_4,streed,4,1203.0,3,0.08,0.01,0.1,0.6408295591524905,17.04059691854192,599.9707329273224,16.5923874519697,0.6499527964351581,16.01882160751431,0.6674415999926723,2.0,full
airfoil,outer_4,streed,4,1203.0,3,0.08,0.01,0.001,0.6388199258251693,17.117683850074624,599.2141871452332,16.493732223987976,0.6520341115425843,15.938691538568486,0.669105138558368,2.0,full
airfoil,outer_4,streed,4,1203.0,3,0.08,0.001,0.1,0.6412648725949398,17.019827088008117,599.7818126678467,16.566462004117533,0.650499741867097,15.98794958548714,0.6680825179391916,2.0,full
airfoil,outer_4,streed,4,1203.0,3,0.08,0.001,0.001,0.6378423663040846,17.159429241859367,589.5780205726624,16.484861548925892,0.6522212548942089,15.944914965588431,0.6689759372361344,2.0,full
airfoil,outer_4,streed,4,1203.0,3,0.08,0.0001,0.1,0.6413015796374985,17.018071006003407,599.0547730922699,16.564184253880388,0.6505477952351395,15.985203944316156,0.6681395187634213,2.0,full
airfoil,outer_4,streed,4,1203.0,3,0.08,0.0001,0.001,0.6378487777238523,17.159050146296362,581.6569159030914,16.48439997564545,0.652230992639095,15.947123166664738,0.6689300939253826,2.0,full
airfoil,outer_4,streed,4,1203.0,3,0.08,1e-05,0.1,0.6413051802072479,17.017898695812452,599.1813232898712,16.56395971752508,0.6505525322462238,15.9849328918408,0.6681451459424816,2.0,full
airfoil,outer_4,streed,4,1203.0,3,0.08,1e-05,0.001,0.6378468668750442,17.159124186070517,599.2000150680542,16.48436054816808,0.6522318244348951,15.947369514017828,0.6689249796364793,2.0,full
airfoil,outer_4,streed,4,1203.0,3,0.05,0.1,0.1,0.6369053852160337,17.242932203163786,600.0196928977966,17.091883092750844,0.6394150089856785,16.589732970172474,0.6555892069787854,2.0,full
airfoil,outer_4,streed,4,1203.0,3,0.05,0.1,0.001,0.6368473823773682,17.22156769883747,599.2722222805023,16.839306421431225,0.6447435825702263,16.312819213076157,0.6613380690521835,2.0,full
airfoil,outer_4,streed,4,1203.0,3,0.05,0.01,0.1,0.677828957104623,15.4167322807485,599.6711452007294,16.5923874519697,0.6499527964351581,16.01882160751431,0.6674415999926723,2.0,full
airfoil,outer_4,streed,4,1203.0,3,0.05,0.01,0.001,0.7259001691938297,13.086146559982591,599.1580295562744,11.190873898642703,0.7639077483571162,10.340934639445264,0.7853172497619252,4.0,full
airfoil,outer_4,streed,4,1203.0,3,0.05,0.001,0.1,0.6622253940908305,16.098970213420582,599.7652368545532,16.566462004117533,0.650499741867097,15.98794958548714,0.6680825179391916,2.0,full
airfoil,outer_4,streed,4,1203.0,3,0.05,0.001,0.001,0.6992807768903436,14.237313801551954,599.1324501037598,13.079371514673795,0.7240663866878478,10.39555766425733,0.7841832496350658,3.0,full
airfoil,outer_4,streed,4,1203.0,3,0.05,0.0001,0.1,0.663216343571735,16.055391227868384,599.8487319946289,16.564184253880388,0.6505477952351395,15.985203944316156,0.6681395187634213,2.0,full
airfoil,outer_4,streed,4,1203.0,3,0.05,0.0001,0.001,0.6988855932042837,14.252756189487137,599.9114344120026,13.062241100905462,0.7244277845549645,10.361478124051123,0.7848907571934647,3.0,full
airfoil,outer_4,streed,4,1203.0,3,0.05,1e-05,0.1,0.6632628237364593,16.053339679677638,599.7136099338531,16.56395971752508,0.6505525322462238,15.9849328918408,0.6681451459424816,2.0,full
airfoil,outer_4,streed,4,1203.0,3,0.05,1e-05,0.001,0.7129721491277182,13.635161193875946,600.0059833526611,13.061321085106616,0.7244471939955017,10.359035296022226,0.7849414714719983,3.0,full
airfoil,outer_4,streed,4,1203.0,3,0.03,0.1,0.1,0.7321704665487007,12.649894784592854,599.685907125473,11.312644570225782,0.7613387700719081,11.909355256781758,0.7527560874105539,5.0,full
airfoil,outer_4,streed,4,1203.0,3,0.03,0.1,0.001,0.7421923758577759,12.171733367289823,599.6638178825378,10.784370919621084,0.7724836830415731,11.243696835454363,0.7665754746895905,5.0,full
airfoil,outer_4,streed,4,1203.0,3,0.03,0.01,0.1,0.7610884243150956,11.304709105883193,599.6624803543091,9.952204850611906,0.7900397705064683,10.478880465399268,0.7824534284215694,5.0,full
airfoil,outer_4,streed,4,1203.0,3,0.03,0.01,0.001,0.7793693439771526,10.437145474177514,599.6875336170197,9.359074908447097,0.8025529472995236,9.864586564193054,0.7952064636900044,5.0,full
airfoil,outer_4,streed,4,1203.0,3,0.03,0.001,0.1,0.7639499827650494,11.15512328865818,599.6823859214783,9.66621311713007,0.7960732968352001,10.216103047953355,0.7879088133209728,5.0,full
airfoil,outer_4,streed,4,1203.0,3,0.03,0.001,0.001,0.7860963889167794,10.07672608554198,599.7265076637268,9.025082684892066,0.8095991330401997,9.860939637744556,0.7952821756277719,5.0,full
airfoil,outer_4,streed,4,1203.0,3,0.03,0.0001,0.1,0.7669088382027867,11.021325480820376,599.6810154914856,9.637471452843965,0.7966796555788273,10.20387392300021,0.7881626958054372,5.0,full
airfoil,outer_4,streed,4,1203.0,3,0.03,0.0001,0.001,0.793271159119853,9.68019363689441,599.6978647708893,8.918868690978892,0.811839914341648,9.80344281404296,0.796475837194409,5.0,full
airfoil,outer_4,streed,4,1203.0,3,0.03,1e-05,0.1,0.7669518804097418,11.019058653285684,599.6761183738708,9.634532064998831,0.796741667420002,10.202971459967127,0.7881814313697441,5.0,full
airfoil,outer_4,streed,4,1203.0,3,0.03,1e-05,0.001,0.7930752262794796,9.68678720669275,599.6982131004333,7.461115891156321,0.8425939147857573,7.791255505774229,0.8382498083483794,6.0,full
airfoil,outer_4,streed,4,1203.0,3,0.01,0.1,0.1,0.7660335526112657,11.029545667137985,599.6591091156006,8.377544166643062,0.8232601597109984,8.701329173800676,0.8193562436191422,10.0,full
airfoil,outer_4,streed,4,1203.0,3,0.01,0.1,0.001,0.7720540989423998,10.736283917373568,599.6687579154968,7.896213615088076,0.8334147208945456,8.32645854297248,0.8271387372539725,10.0,full
airfoil,outer_4,streed,4,1203.0,3,0.01,0.01,0.1,0.8082310915138416,9.116337901134331,599.6701917648315,7.5983761879335185,0.8396981541131945,7.391852293118263,0.8465416101183889,9.0,full
airfoil,outer_4,streed,4,1203.0,3,0.01,0.01,0.001,0.8145648742561934,8.766908452566334,599.6999912261963,6.972152018854644,0.8529095150355044,7.042591937526453,0.8537924221873066,8.0,full
airfoil,outer_4,streed,4,1203.0,3,0.01,0.001,0.1,0.8180761700259825,8.605713269265097,599.7041435241699,7.5006330038178,0.8417602279628001,6.627956355915847,0.8624004552240093,8.0,full
airfoil,outer_4,streed,4,1203.0,3,0.01,0.001,0.001,0.8378978684585893,7.626107569248849,599.7257232666016,4.813137571566218,0.8984579312545151,5.846573304624071,0.8786223411839941,10.0,full
airfoil,outer_4,streed,4,1203.0,3,0.01,0.0001,0.1,0.8193073856004395,8.549324299253179,599.7100231647491,7.486063661424995,0.8420675952767049,6.622940032420817,0.862504596499585,8.0,full
airfoil,outer_4,streed,4,1203.0,3,0.01,0.0001,0.001,0.8648177094382729,6.4164613659088126,599.7410135269165,4.731725553342517,0.9001754688541083,6.05361484979419,0.8743240596571855,10.0,full
airfoil,outer_4,streed,4,1203.0,3,0.01,1e-05,0.1,0.8193200578041058,8.548576062450778,599.6984493732452,7.484591979406375,0.8420986431398678,6.622605944425804,0.8625115323261898,8.0,full
airfoil,outer_4,streed,4,1203.0,3,0.01,1e-05,0.001,0.8650427033993621,6.404224054758369,599.7440180778503,4.72971580515277,0.9002178682216331,6.0841627281676125,0.873689871087989,10.0,full
airfoil,outer_4,streed,4,1203.0,3,0.008,0.1,0.1,0.7716304339532564,10.783184013266933,599.7196791172028,7.611848499523604,0.8394139306998181,8.822627902304905,0.8168380239858474,13.0,full
airfoil,outer_4,streed,4,1203.0,3,0.008,0.1,0.001,0.7919004244164327,9.861901299520191,599.7010090351105,7.061751524973783,0.851019247185348,8.653003186370555,0.8203595142374377,13.0,full
airfoil,outer_4,streed,4,1203.0,3,0.008,0.01,0.1,0.7985138697861077,9.552620735368444,599.6952877044678,7.187728349180779,0.8483615323052387,7.3097506232997,0.8482460800614204,10.0,full
airfoil,outer_4,streed,4,1203.0,3,0.008,0.01,0.001,0.8230966964063473,8.353946358369127,599.7157049179077,5.473192071176209,0.8845328567311715,5.62707028039981,0.8831793289775624,12.0,full
airfoil,outer_4,streed,4,1203.0,3,0.008,0.001,0.1,0.7964554513378023,9.560839605360671,599.7077729701996,6.900073576448973,0.8544301435330277,6.92328642595951,0.8562692616834244,10.0,full
airfoil,outer_4,streed,4,1203.0,3,0.008,0.001,0.001,0.8556694330476552,6.840719317065592,599.740172624588,4.813137571566218,0.8984579312545151,5.846573304624071,0.8786223411839941,10.0,full
airfoil,outer_4,streed,4,1203.0,3,0.008,0.0001,0.1,0.7967913683841621,9.544456686757163,599.7114045619965,6.14602347041124,0.8703382298003206,7.001809311914346,0.8546390890055011,11.0,full
airfoil,outer_4,streed,4,1203.0,3,0.008,0.0001,0.001,0.8648177094382729,6.4164613659088126,599.7283866405487,4.731725553342517,0.9001754688541083,6.05361484979419,0.8743240596571855,10.0,full
airfoil,outer_4,streed,4,1203.0,3,0.008,1e-05,0.1,0.7968992292739531,9.539510091827218,599.7167842388153,6.142705844576377,0.8704082212737797,7.0002315211563095,0.8546718446964561,11.0,full
airfoil,outer_4,streed,4,1203.0,3,0.008,1e-05,0.001,0.8650427033993621,6.404224054758369,599.7440602779388,4.72971580515277,0.9002178682216331,6.0841627281676125,0.873689871087989,10.0,full
airfoil,outer_4,streed,4,1203.0,3,0.005,0.1,0.1,0.7800767520659416,10.38911609442406,599.7279508113861,7.120305354487788,0.8497839454942128,8.46567886238245,0.8242484568197507,15.0,full
airfoil,outer_4,streed,4,1203.0,3,0.005,0.1,0.001,0.7919776877466149,9.819079854083236,599.7107417583466,6.5954178859385655,0.860857420669726,7.951146206077272,0.834930400918067,15.0,full
airfoil,outer_4,streed,4,1203.0,3,0.005,0.01,0.1,0.790395417388481,9.83606233382386,599.7039883136749,5.371541549240597,0.8866773631228809,6.2902779045356825,0.8694108214206877,15.0,full
airfoil,outer_4,streed,4,1203.0,3,0.005,0.01,0.001,0.8298228276582668,7.991476361027764,599.7238268852234,4.84861064132924,0.8977095610209757,4.943313119908116,0.8973744547401218,14.0,full
airfoil,outer_4,streed,4,1203.0,3,0.005,0.001,0.1,0.7991314893028099,9.397451780642616,599.7120475769043,5.248519045065844,0.8892727511396189,6.20031703982704,0.8712784520094913,15.0,full
airfoil,outer_4,streed,4,1203.0,3,0.005,0.001,0.001,0.8620777445876179,6.541418895686505,599.7466168403625,4.096415357914492,0.9135785163630676,5.573865410949927,0.8842838875206547,13.0,full
airfoil,outer_4,streed,4,1203.0,3,0.005,0.0001,0.1,0.8098011704380457,8.923383593238395,599.7231156826019,5.237524607491571,0.889504699202475,6.1854561741083405,0.8715869706912784,15.0,full
airfoil,outer_4,streed,4,1203.0,3,0.005,0.0001,0.001,0.8719108569814372,6.10272676605975,599.7517080307007,3.875645954408742,0.918236056608772,5.79250239979209,0.8797448790359318,13.0,full
airfoil,outer_4,streed,4,1203.0,3,0.005,1e-05,0.1,0.8099546495453822,8.916365027481218,599.7213802337646,5.236123663913868,0.8895342547069585,6.183750617519948,0.8716223788619951,15.0,full
airfoil,outer_4,streed,4,1203.0,3,0.005,1e-05,0.001,0.8695598542220403,6.203621926299149,599.7458164691925,3.8600339681603466,0.9185654204296304,5.614570995169665,0.8834388201186224,13.0,full
airfoil,outer_4,streed,4,1203.0,3,0.003,0.1,0.1,0.7737604556650733,10.659627637466093,599.729485988617,7.01755474686474,0.8519516602349125,8.221029314471874,0.8293274984751926,16.0,full
airfoil,outer_4,streed,4,1203.0,3,0.003,0.1,0.001,0.7940027109729456,9.658599341480391,599.7154684066772,6.5954178859385655,0.860857420669726,7.951146206077272,0.834930400918067,15.0,full
airfoil,outer_4,streed,4,1203.0,3,0.003,0.01,0.1,0.8094949010287706,8.942559752643966,599.6954920291901,5.371541549240597,0.8866773631228809,6.2902779045356825,0.8694108214206877,15.0,full
airfoil,outer_4,streed,4,1203.0,3,0.003,0.01,0.001,0.8365825512038844,7.662593621773293,599.7389802932739,4.858363734185303,0.8975038014284966,5.347361179936819,0.8889862237165502,15.0,full
airfoil,outer_4,streed,4,1203.0,3,0.003,0.001,0.1,0.8275069377268256,8.073766388354304,599.7251613140106,5.248519045065844,0.8892727511396189,6.20031703982704,0.8712784520094913,15.0,full
airfoil,outer_4,streed,4,1203.0,3,0.003,0.001,0.001,0.866635520045426,6.296093737214304,599.74928855896,3.9503622407821055,0.9166597778977392,5.401791305609198,0.887856228268114,14.0,full
airfoil,outer_4,streed,4,1203.0,3,0.003,0.0001,0.1,0.8289737799594262,8.007505129262864,599.7324163913727,5.237524607491571,0.889504699202475,6.1854561741083405,0.8715869706912784,15.0,full
airfoil,outer_4,streed,4,1203.0,3,0.003,0.0001,0.001,0.8698669507165877,6.173857686076776,599.7557826042175,3.5313228774457825,0.9255001908729112,5.631001090486084,0.8830977234796641,15.0,full
airfoil,outer_4,streed,4,1203.0,3,0.003,1e-05,0.1,0.8289706891196947,8.008215075316608,599.7409381866455,5.236123663913868,0.8895342547069585,6.183750617519948,0.8716223788619951,15.0,full
airfoil,outer_4,streed,4,1203.0,3,0.003,1e-05,0.001,0.8698883295684586,6.17320226501126,599.753232717514,3.5128531966363483,0.9258898430635192,5.453188218016209,0.8867892037781618,15.0,full
airfoil,outer_4,streed,4,1203.0,3,0.001,0.1,0.1,0.7737604556650733,10.659627637466093,599.7463555335999,7.01755474686474,0.8519516602349125,8.221029314471874,0.8293274984751926,16.0,full
airfoil,outer_4,streed,4,1203.0,3,0.001,0.1,0.001,0.793735064883543,9.670100901460875,599.7276394367218,6.501466469336181,0.8628395001473069,7.700755892332851,0.8401286236186131,16.0,full
airfoil,outer_4,streed,4,1203.0,3,0.001,0.01,0.1,0.8058582410262375,9.101955898218373,599.7365913391113,5.255049029285566,0.8891349890049018,6.375524329302331,0.8676410648604771,16.0,full
airfoil,outer_4,streed,4,1203.0,3,0.001,0.01,0.001,0.8411818874905092,7.458650848897889,599.748037815094,4.705437519825825,0.9007300637034856,5.837676951101924,0.8788070337391466,16.0,full
airfoil,outer_4,streed,4,1203.0,3,0.001,0.001,0.1,0.8278251965658168,8.059816986376992,599.736720085144,5.131076680302252,0.8917504157604904,6.285533861876736,0.8695093100158466,16.0,full
airfoil,outer_4,streed,4,1203.0,3,0.001,0.001,0.001,0.8694618357831002,6.17145908910253,599.7604374885559,3.680247763917747,0.9223583440349185,5.332681864720553,0.8892909733230528,16.0,full
airfoil,outer_4,streed,4,1203.0,3,0.001,0.0001,0.1,0.8422406368245753,7.42601391294923,599.7482316493988,5.120327151700914,0.8919771970140883,6.270684039731963,0.8698175994277558,16.0,full
airfoil,outer_4,streed,4,1203.0,3,0.001,0.0001,0.001,0.868932158302472,6.230487864860511,599.7649099826813,3.392405169427457,0.9284309177112408,5.098338063396525,0.8941560627490688,16.0,full
airfoil,outer_4,streed,4,1203.0,3,0.001,1e-05,0.1,0.8422836733489049,7.424702079669264,599.7555899620056,5.118951184346252,0.8920062255987986,6.268979874013964,0.8698529787233377,16.0,full
airfoil,outer_4,streed,4,1203.0,3,0.001,1e-05,0.001,0.8689991551791296,6.230079422254716,599.7660562992096,3.3771874662476256,0.9287519633991022,5.116702673151943,0.8937748046648814,16.0,full
airfoil,outer_4,streed,4,1203.0,3,0.0005,0.1,0.1,0.7737604556650733,10.659627637466093,599.7463829517365,7.01755474686474,0.8519516602349125,8.221029314471874,0.8293274984751926,16.0,full
airfoil,outer_4,streed,4,1203.0,3,0.0005,0.1,0.001,0.793735064883543,9.670100901460875,599.7338421344757,6.501466469336181,0.8628395001473069,7.700755892332851,0.8401286236186131,16.0,full
airfoil,outer_4,streed,4,1203.0,3,0.0005,0.01,0.1,0.8058582410262375,9.101955898218373,599.7332036495209,5.255049029285566,0.8891349890049018,6.375524329302331,0.8676410648604771,16.0,full
airfoil,outer_4,streed,4,1203.0,3,0.0005,0.01,0.001,0.8411818874905092,7.458650848897889,599.7548172473907,4.705437519825825,0.9007300637034856,5.837676951101924,0.8788070337391466,16.0,full
airfoil,outer_4,streed,4,1203.0,3,0.0005,0.001,0.1,0.8251478515923795,8.177166001363727,599.7389461994171,5.131076680302252,0.8917504157604904,6.285533861876736,0.8695093100158466,16.0,full
airfoil,outer_4,streed,4,1203.0,3,0.0005,0.001,0.001,0.8694618357831002,6.17145908910253,599.7653679847717,3.680247763917747,0.9223583440349185,5.332681864720553,0.8892909733230528,16.0,full
airfoil,outer_4,streed,4,1203.0,3,0.0005,0.0001,0.1,0.8301128075401025,7.957581131436208,599.7528421878815,5.120327151700914,0.8919771970140883,6.270684039731963,0.8698175994277558,16.0,full
airfoil,outer_4,streed,4,1203.0,3,0.0005,0.0001,0.001,0.868932158302472,6.230487864860511,599.7611315250397,3.392405169427457,0.9284309177112408,5.098338063396525,0.8941560627490688,16.0,full
airfoil,outer_4,streed,4,1203.0,3,0.0005,1e-05,0.1,0.8301384835650341,7.957030215230528,599.751131772995,5.118951184346252,0.8920062255987986,6.268979874013964,0.8698529787233377,16.0,full
airfoil,outer_4,streed,4,1203.0,3,0.0005,1e-05,0.001,0.8689991551791296,6.230079422254716,599.7649478912354,3.3771874662476256,0.9287519633991022,5.116702673151943,0.8937748046648814,16.0,full
airfoil,outer_4,streed,4,1203.0,3,0.0001,0.1,0.1,0.7737604556650733,10.659627637466093,599.7472705841064,7.01755474686474,0.8519516602349125,8.221029314471874,0.8293274984751926,16.0,full
airfoil,outer_4,streed,4,1203.0,3,0.0001,0.1,0.001,0.793735064883543,9.670100901460875,599.7428097724915,6.501466469336181,0.8628395001473069,7.700755892332851,0.8401286236186131,16.0,full
airfoil,outer_4,streed,4,1203.0,3,0.0001,0.01,0.1,0.8058582410262375,9.101955898218373,599.7271001338959,5.255049029285566,0.8891349890049018,6.375524329302331,0.8676410648604771,16.0,full
airfoil,outer_4,streed,4,1203.0,3,0.0001,0.01,0.001,0.8411818874905092,7.458650848897889,599.7424960136414,4.705437519825825,0.9007300637034856,5.837676951101924,0.8788070337391466,16.0,full
airfoil,outer_4,streed,4,1203.0,3,0.0001,0.001,0.1,0.8251478515923795,8.177166001363727,599.7344543933868,5.131076680302252,0.8917504157604904,6.285533861876736,0.8695093100158466,16.0,full
airfoil,outer_4,streed,4,1203.0,3,0.0001,0.001,0.001,0.8694618357831002,6.17145908910253,599.7611775398254,3.680247763917747,0.9223583440349185,5.332681864720553,0.8892909733230528,16.0,full
airfoil,outer_4,streed,4,1203.0,3,0.0001,0.0001,0.1,0.8301128075401025,7.957581131436208,599.7508676052094,5.120327151700914,0.8919771970140883,6.270684039731963,0.8698175994277558,16.0,full
airfoil,outer_4,streed,4,1203.0,3,0.0001,0.0001,0.001,0.868932158302472,6.230487864860511,599.768646478653,3.392405169427457,0.9284309177112408,5.098338063396525,0.8941560627490688,16.0,full
airfoil,outer_4,streed,4,1203.0,3,0.0001,1e-05,0.1,0.8301384835650341,7.957030215230528,599.7527010440826,5.118951184346252,0.8920062255987986,6.268979874013964,0.8698529787233377,16.0,full
airfoil,outer_4,streed,4,1203.0,3,0.0001,1e-05,0.001,0.8689991551791296,6.230079422254716,599.7755477428436,3.3771874662476256,0.9287519633991022,5.116702673151943,0.8937748046648814,16.0,full
airfoil,mean,streed,4,,3,0.0001,1e-05,0.001,0.8691620017305672,6.22529523648662,599.7686725616455,3.3981872635775203,0.9285413644986125,5.23981652432827,0.8896270533869363,16.0,full
airfoil,mean,streed,4,,3,0.0001,1e-05,0.1,0.8364483870233117,7.758150963874877,599.7565246582031,5.02108337450534,0.894393559205738,6.763672712183802,0.8576182934303909,16.0,full
airfoil,mean,streed,4,,3,0.0001,0.0001,0.001,0.8695566010226639,6.206328714652713,599.7722689151764,3.4130166109326354,0.9282295986315091,5.300997121974525,0.8883256755575168,16.0,full
airfoil,mean,streed,4,,3,0.0001,0.0001,0.1,0.8363014179262198,7.7647819085911065,599.7550117969513,5.023394173285837,0.8943453436267049,6.764967105893561,0.8575911656808266,16.0,full
airfoil,mean,streed,4,,3,0.0001,0.001,0.001,0.8647321119874037,6.43057839266024,599.7635022163391,3.666067520243486,0.9228977992511848,5.627992975560276,0.881568093363908,16.0,full
airfoil,mean,streed,4,,3,0.0001,0.001,0.1,0.8315526593577905,7.982943308878669,599.7457052230835,5.0569862465121025,0.8936455577426072,6.8637083802540815,0.8555320541107134,16.0,full
airfoil,mean,streed,4,,3,0.0001,0.01,0.001,0.8456761382424652,7.326372043667885,599.7565730571747,4.5225436641786,0.9048795839776552,6.152821750199255,0.8704177607167015,16.0,full
airfoil,mean,streed,4,,3,0.0001,0.01,0.1,0.8261477356640261,8.239634981104597,599.743814945221,5.255324716235324,0.8894827150182932,7.002226699288383,0.8526054114801267,16.0,full
airfoil,mean,streed,4,,3,0.0001,0.1,0.001,0.8155825465739092,8.731903675436815,599.7309615135193,6.1853485134985355,0.8699445174009268,7.9832570957074935,0.8318465185418276,16.0,full
airfoil,mean,streed,4,,3,0.0001,0.1,0.1,0.8003178717381922,9.46798912099619,599.7498610019684,6.733222044508636,0.8584207250907772,8.600058655091171,0.8188200722902312,16.0,full
airfoil,mean,streed,4,,3,0.0005,1e-05,0.001,0.8691620017305672,6.22529523648662,599.7701620101928,3.3981872635775203,0.9285413644986125,5.23981652432827,0.8896270533869363,16.0,full
airfoil,mean,streed,4,,3,0.0005,1e-05,0.1,0.8364483870233117,7.758150963874877,599.7521687030792,5.02108337450534,0.894393559205738,6.763672712183802,0.8576182934303909,16.0,full
airfoil,mean,streed,4,,3,0.0005,0.0001,0.001,0.8695566010226639,6.206328714652713,599.764134645462,3.4130166109326354,0.9282295986315091,5.300997121974525,0.8883256755575168,16.0,full
airfoil,mean,streed,4,,3,0.0005,0.0001,0.1,0.8363014179262198,7.7647819085911065,599.7492137908936,5.023394173285837,0.8943453436267049,6.764967105893561,0.8575911656808266,16.0,full
airfoil,mean,streed,4,,3,0.0005,0.001,0.001,0.8647321119874037,6.43057839266024,599.7626965999603,3.666067520243486,0.9228977992511848,5.627992975560276,0.881568093363908,16.0,full
airfoil,mean,streed,4,,3,0.0005,0.001,0.1,0.8315526593577905,7.982943308878669,599.745771408081,5.0569862465121025,0.8936455577426072,6.8637083802540815,0.8555320541107134,16.0,full
airfoil,mean,streed,4,,3,0.0005,0.01,0.001,0.8456761382424652,7.326372043667885,599.7521569728851,4.5225436641786,0.9048795839776552,6.152821750199255,0.8704177607167015,16.0,full
airfoil,mean,streed,4,,3,0.0005,0.01,0.1,0.8261477356640261,8.239634981104597,599.7389317512512,5.255324716235324,0.8894827150182932,7.002226699288383,0.8526054114801267,16.0,full
airfoil,mean,streed,4,,3,0.0005,0.1,0.001,0.8155825465739092,8.731903675436815,599.7406495094299,6.1853485134985355,0.8699445174009268,7.9832570957074935,0.8318465185418276,16.0,full
airfoil,mean,streed,4,,3,0.0005,0.1,0.1,0.8003178717381922,9.46798912099619,599.7474573135376,6.733222044508636,0.8584207250907772,8.600058655091171,0.8188200722902312,16.0,full
airfoil,mean,streed,4,,3,0.001,1e-05,0.001,0.8692050725837941,6.223249413398951,599.7665968418121,3.3981872635775203,0.9285413644986125,5.23981652432827,0.8896270533869363,16.0,full
airfoil,mean,streed,4,,3,0.001,1e-05,0.1,0.8388774249800861,7.651685336762624,599.7496356964111,5.02108337450534,0.894393559205738,6.763672712183802,0.8576182934303909,16.0,full
airfoil,mean,streed,4,,3,0.001,0.0001,0.001,0.8695566010226639,6.206328714652713,599.7641682624817,3.4130166109326354,0.9282295986315091,5.300997121974525,0.8883256755575168,16.0,full
airfoil,mean,streed,4,,3,0.001,0.0001,0.1,0.8387269837831143,7.65846846489371,599.7474571228028,5.023394173285837,0.8943453436267049,6.764967105893561,0.8575911656808266,16.0,full
airfoil,mean,streed,4,,3,0.001,0.001,0.001,0.8629972489338927,6.512869966560565,599.7575491905212,3.666067520243486,0.9228977992511848,5.627992975560276,0.881568093363908,16.0,full
airfoil,mean,streed,4,,3,0.001,0.001,0.1,0.832088128352478,7.959473505881323,599.7435024261474,5.0569862465121025,0.8936455577426072,6.8637083802540815,0.8555320541107134,16.0,full
airfoil,mean,streed,4,,3,0.001,0.01,0.001,0.8456761382424652,7.326372043667885,599.7495192527771,4.5225436641786,0.9048795839776552,6.152821750199255,0.8704177607167015,16.0,full
airfoil,mean,streed,4,,3,0.001,0.01,0.1,0.8261477356640261,8.239634981104597,599.734658241272,5.255324716235324,0.8894827150182932,7.002226699288383,0.8526054114801267,16.0,full
airfoil,mean,streed,4,,3,0.001,0.1,0.001,0.8099076285237246,9.009782894659613,599.7355859756469,6.1853485134985355,0.8699445174009268,7.9832570957074935,0.8318465185418276,16.0,full
airfoil,mean,streed,4,,3,0.001,0.1,0.1,0.8003178717381922,9.46798912099619,599.7463392734528,6.733222044508636,0.8584207250907772,8.600058655091171,0.8188200722902312,16.0,full
airfoil,mean,streed,4,,3,0.003,1e-05,0.001,0.8637922608897093,6.480650301898021,599.7555216789245,3.4718593325254914,0.9269785084504611,5.390178778230648,0.8866113568558776,15.4,full
airfoil,mean,streed,4,,3,0.003,1e-05,0.1,0.8365025038523578,7.755292834157788,599.7382653236389,5.057896243379134,0.8936243939860399,6.738302251532377,0.8581655509338939,15.6,full
airfoil,mean,streed,4,,3,0.003,0.0001,0.001,0.8649900719918829,6.419757216308875,599.7529654502869,3.4861994582895433,0.9266774537999106,5.4918054820183215,0.8844724386851256,15.4,full
airfoil,mean,streed,4,,3,0.003,0.0001,0.1,0.8358896339741075,7.784137949849205,599.7346832752228,5.060299002668831,0.8935742868913316,6.739647231274385,0.8581372487770927,15.6,full
airfoil,mean,streed,4,,3,0.003,0.001,0.001,0.8585551622152747,6.721336204787621,599.7459908485413,3.7512764031247428,0.9211116047523753,5.507558482718613,0.8839800284745788,15.0,full
airfoil,mean,streed,4,,3,0.003,0.001,0.1,0.8314536265627472,7.992350170904265,599.7307824611664,5.094820427164958,0.8928553862211169,6.838909321257863,0.8560660443138491,15.6,full
airfoil,mean,streed,4,,3,0.003,0.01,0.001,0.843084807079373,7.445182997921259,599.734823179245,4.576297550944111,0.903740828146617,5.932618412366996,0.8748719377998654,15.4,full
airfoil,mean,streed,4,,3,0.003,0.01,0.1,0.8252675753664386,8.283108518865584,599.7154886722565,5.278623220226331,0.888991189841889,6.985177414335054,0.8529593627921688,15.8,full
airfoil,mean,streed,4,,3,0.003,0.1,0.001,0.8085114203807233,9.074833637411263,599.7207035064697,6.204138796819012,0.8695481015054106,8.033335158456378,0.8308068740017184,15.8,full
airfoil,mean,streed,4,,3,0.003,0.1,0.1,0.8025476493912498,9.35779365604181,599.7340283870697,6.733222044508636,0.8584207250907772,8.600058655091171,0.8188200722902312,16.0,full
airfoil,mean,streed,4,,3,0.005,1e-05,0.001,0.8558297305943572,6.859981289503312,599.747069978714,4.029471206719631,0.9153335250597259,5.897426844731971,0.8755176598564252,12.4,full
airfoil,mean,streed,4,,3,0.005,1e-05,0.1,0.8308130914847581,8.022286861382906,599.7304604530334,5.243639539977226,0.8897459536280283,6.7661268808627995,0.8576140741760272,14.4,full
airfoil,mean,streed,4,,3,0.005,0.0001,0.001,0.8564491115778525,6.831773477784628,599.7487874984741,4.040802253859903,0.9150958672638865,5.937388132846081,0.8746800502291542,12.4,full
airfoil,mean,streed,4,,3,0.005,0.0001,0.1,0.8306392381241465,8.030285276809195,599.724236869812,5.246259539214096,0.8896911309278964,6.767852285865091,0.8575776644366655,14.4,full
airfoil,mean,streed,4,,3,0.005,0.001,0.001,0.8517654860527861,7.053056040836775,599.7394371032715,4.212936508343826,0.9114268065573967,6.0091877112943335,0.873101854645529,12.6,full
airfoil,mean,streed,4,,3,0.005,0.001,0.1,0.8246794802406022,8.308890731682375,599.7152418613434,5.265586675344595,0.8892892363316642,6.800789937397946,0.8569149354486247,14.4,full
airfoil,mean,streed,4,,3,0.005,0.01,0.001,0.8348187691175666,7.842307715486934,599.7187835216522,4.922915766585277,0.8964638857853903,6.486257155527357,0.8633116196687831,13.2,full
airfoil,mean,streed,4,,3,0.005,0.01,0.1,0.8271322076070549,8.185175060130591,599.7039655208588,5.589370961376277,0.882437184497002,7.009304839004223,0.8527817090014824,14.4,full
airfoil,mean,streed,4,,3,0.005,0.1,0.001,0.8090167279285934,9.05371598099844,599.7071080207825,6.294138357381178,0.8676406496804105,7.698166679382377,0.8384794412001526,14.8,full
airfoil,mean,streed,4,,3,0.005,0.1,0.1,0.7997304009057281,9.498380588911115,599.725537109375,6.831665713569325,0.8563321501467549,8.670917356929914,0.8173680629458346,15.4,full
airfoil,mean,streed,4,,3,0.008,1e-05,0.001,0.8536936535284108,6.958011025002444,599.7379778385163,4.844088405005445,0.8981249834105789,6.252703544232483,0.8681911141433902,9.6,full
airfoil,mean,streed,4,,3,0.008,1e-05,0.1,0.8175304894973664,8.655543224867346,599.7095188140869,6.613540071104808,0.8609346931730627,8.113146703023357,0.8294820098930936,9.6,full
airfoil,mean,streed,4,,3,0.008,0.0001,0.001,0.850426208266278,7.125531861862963,599.7311965942383,4.860323549258396,0.8977849586430715,6.253183626444934,0.868214898528973,9.6,full
airfoil,mean,streed,4,,3,0.008,0.0001,0.1,0.8174822918563945,8.657756210676748,599.7149384498596,6.61525969500924,0.8608984920287803,8.113494736992742,0.8294731228477339,9.6,full
airfoil,mean,streed,4,,3,0.008,0.001,0.001,0.8464110708859736,7.311811667108685,599.731556558609,4.929252878152424,0.8963062860952163,6.367202629636597,0.865915600265088,9.8,full
airfoil,mean,streed,4,,3,0.008,0.001,0.1,0.8177031689447221,8.648000726984687,599.7052354335785,6.77842602657749,0.8574571573836124,8.112795493723791,0.8294823795260889,9.4,full
airfoil,mean,streed,4,,3,0.008,0.01,0.001,0.8314091536205132,8.010268842824976,599.7119882106781,6.239265941485559,0.8687995878934865,7.490892740627319,0.8423625523583924,9.4,full
airfoil,mean,streed,4,,3,0.008,0.01,0.1,0.8168124003823559,8.690058282223623,599.7007586956024,6.946670161097769,0.8538597564505362,8.38095356168699,0.8239047118775918,9.8,full
airfoil,mean,streed,4,,3,0.008,0.1,0.001,0.8046723326749794,9.264021696978425,599.697254705429,7.1461018056585175,0.8496784042345494,9.163469483696762,0.807382378488677,11.6,full
airfoil,mean,streed,4,,3,0.008,0.1,0.1,0.7921598063830342,9.855113010837993,599.7181404590607,7.575941904653684,0.840636121325173,9.447463544057891,0.8014861364973676,12.2,full
airfoil,mean,streed,4,,3,0.01,1e-05,0.001,0.8500820057317169,7.124703902678507,599.7344278812409,5.185248840891356,0.8908766966928718,6.600734344715929,0.8613550542787032,8.8,full
airfoil,mean,streed,4,,3,0.01,1e-05,0.1,0.8197901311808788,8.565571420776969,599.7133676528931,7.232928612514212,0.8478971063050512,7.8580806028983545,0.8346579027807703,8.0,full
airfoil,mean,streed,4,,3,0.01,0.0001,0.001,0.8487574639016353,7.198255495330656,599.7374153137207,5.199189983027394,0.8905837698818594,6.571119429673412,0.8619828300058388,8.8,full
airfoil,mean,streed,4,,3,0.01,0.0001,0.1,0.8206192388547937,8.52649917104333,599.7071240425109,7.245033645767089,0.8476431470189171,7.790036102962564,0.8361035488870098,8.0,full
airfoil,mean,streed,4,,3,0.01,0.001,0.001,0.839333501792489,7.630394927207149,599.7299634456634,5.49147046173195,0.8845672927604534,7.063773665753727,0.8509744455106402,8.6,full
airfoil,mean,streed,4,,3,0.01,0.001,0.1,0.8190958323737385,8.598577804993596,599.7004006862641,7.259167292984846,0.8473463786572413,7.803446962623754,0.8358192296010092,8.0,full
airfoil,mean,streed,4,,3,0.01,0.01,0.001,0.8251648304698277,8.304276084773045,599.6968905448914,6.83006587515001,0.8563726261438708,8.165317064464864,0.829094547899702,8.0,full
airfoil,mean,streed,4,,3,0.01,0.01,0.1,0.8207317460637477,8.516200448681818,599.6816081523896,7.376750413734401,0.8448684786777193,8.403993125532722,0.823761539574041,8.2,full
airfoil,mean,streed,4,,3,0.01,0.1,0.001,0.7966891929216876,9.629683697808687,599.6788958072663,7.550099053548543,0.8411554899289051,9.319840428403754,0.8042387954651457,10.2,full
airfoil,mean,streed,4,,3,0.01,0.1,0.1,0.785013927113179,10.186584056259992,599.7019577026367,7.949867486033746,0.8327738331121021,9.732082332225465,0.7953993392669829,10.8,full
airfoil,mean,streed,4,,3,0.03,1e-05,0.001,0.8016310741549016,9.396277453207983,599.7100203037262,7.734488746743142,0.8372249959720286,9.620883873462294,0.7984457216400783,5.6,full
airfoil,mean,streed,4,,3,0.03,1e-05,0.1,0.7663720789182422,11.064343150349806,599.6968734264374,10.403317164544445,0.7812677518109199,11.82284538335713,0.7512554338979914,4.4,full
airfoil,mean,streed,4,,3,0.03,0.0001,0.001,0.7984850356047375,9.54140360157181,599.7139337062836,8.02362321279631,0.8311251711369654,9.928322508816592,0.7921088079811871,5.4,full
airfoil,mean,streed,4,,3,0.03,0.0001,0.1,0.7663535256364684,11.065293331303424,599.6950180053711,10.405118559584125,0.7812298808334568,11.822595694976567,0.751259107011361,4.4,full
airfoil,mean,streed,4,,3,0.03,0.001,0.001,0.7830887057094154,10.281586091040156,599.7129460811615,9.145011947223974,0.8077296229499593,11.2078149760942,0.7642870652059064,4.8,full
airfoil,mean,streed,4,,3,0.03,0.001,0.1,0.7655720124456129,11.101033697157321,599.672820520401,10.42760575652951,0.7807569980641055,11.834522138192948,0.7510136200531168,4.4,full
airfoil,mean,streed,4,,3,0.03,0.01,0.001,0.7759741634193118,10.618507343455423,599.69036154747,10.135405345693195,0.7869086655348448,11.832991460109755,0.7513382821928707,4.4,full
airfoil,mean,streed,4,,3,0.03,0.01,0.1,0.7629947585707633,11.230434387197926,599.6723463058472,10.37462751017544,0.7817585050225192,11.784010552030248,0.7524938043833007,4.6,full
airfoil,mean,streed,4,,3,0.03,0.1,0.001,0.7482945169172235,11.92532362089603,599.6825167655945,10.682284240200293,0.7753659223925135,11.859331102713274,0.7503285884881585,5.0,full
airfoil,mean,streed,4,,3,0.03,0.1,0.1,0.7390777030790965,12.361853124114166,599.7006685733795,11.213418339613776,0.7641928194957004,12.07806597253853,0.7457597710190444,5.0,full
airfoil,mean,streed,4,,3,0.05,1e-05,0.001,0.7246754977887292,13.07525844490616,599.466630744934,12.456414226860842,0.7381085224792532,12.753180873899813,0.73219608185316,3.0,full
airfoil,mean,streed,4,,3,0.05,1e-05,0.1,0.6798813742550478,15.216078848810067,599.7457391738892,14.15996566532923,0.7025664631690196,14.92665034456827,0.6849519070422933,2.6,full
airfoil,mean,streed,4,,3,0.05,0.0001,0.001,0.7218567266196599,13.19888328823713,599.9130696296692,12.45670069155707,0.7381027775441861,12.748113835185919,0.7322972758435425,3.0,full
airfoil,mean,streed,4,,3,0.05,0.0001,0.1,0.6798418579728901,15.217925757464865,599.7205931663514,14.163472123289731,0.7024923040080998,14.92959030885547,0.684892666355591,2.6,full
airfoil,mean,streed,4,,3,0.05,0.001,0.001,0.7204188702209404,13.270328741838844,599.5287766933441,12.474065001822108,0.7377383172421824,13.027574354665504,0.725849874853529,3.0,full
airfoil,mean,streed,4,,3,0.05,0.001,0.1,0.682387163507802,15.098676782695204,599.6013976573944,14.894625466122175,0.686789762046581,15.636351394783725,0.6712005787251271,2.4,full
airfoil,mean,streed,4,,3,0.05,0.01,0.001,0.7235263013185673,13.132002447975134,599.341349363327,12.394286455723243,0.7394281261136035,13.293133208833883,0.7204048946809054,3.2,full
airfoil,mean,streed,4,,3,0.05,0.01,0.1,0.6721655993809421,15.58197017642724,599.4600493431092,16.3525173058542,0.6561608607867312,16.790216030138374,0.646881849847871,2.0,full
airfoil,mean,streed,4,,3,0.05,0.1,0.001,0.6415260334216624,17.017962665501148,599.4820866107941,16.61112956102939,0.650722315631729,17.00457203986133,0.6424173455383355,2.0,full
airfoil,mean,streed,4,,3,0.05,0.1,0.1,0.6415278004391297,17.02139010760467,599.5435142993927,16.89706809465182,0.644708172174923,17.059304593199965,0.6412660527920665,2.0,full
airfoil,mean,streed,4,,3,0.08,1e-05,0.001,0.6667706217628536,15.82195705463408,599.525181722641,14.619146324780647,0.6929296698436282,15.4386854707607,0.6740995397004956,2.4,full
airfoil,mean,streed,4,,3,0.08,1e-05,0.1,0.6460751317082574,16.80098101642976,599.4620843410491,16.31573677480616,0.6569345657507311,16.765028199883634,0.6474054403244814,2.0,full
airfoil,mean,streed,4,,3,0.08,0.0001,0.001,0.6668209977352969,15.819588345842345,595.7309438228607,14.618968276384965,0.6929336200069646,15.435464394852115,0.6741620378951687,2.4,full
airfoil,mean,streed,4,,3,0.08,0.0001,0.1,0.6460715076646079,16.801158250170417,599.6627401351928,16.316093868380722,0.6569270531740191,16.765265821790052,0.6474005009931181,2.0,full
airfoil,mean,streed,4,,3,0.08,0.001,0.001,0.6576267531249262,16.23843011974028,597.704209947586,16.14386345064632,0.6605543319608495,16.773626918177392,0.6470794446130446,2.0,full
airfoil,mean,streed,4,,3,0.08,0.001,0.1,0.6460335662727433,16.803008160625353,599.4538233280182,16.319605076386505,0.6568531850420312,16.767606789350015,0.6473518444117383,2.0,full
airfoil,mean,streed,4,,3,0.08,0.01,0.001,0.6457322608346974,16.812777680614396,599.6207405567169,16.194141143486927,0.6594888357258805,16.838600088645343,0.6458312714510608,2.0,full
airfoil,mean,streed,4,,3,0.08,0.01,0.1,0.6457387180296166,16.81753332258353,599.5448217868804,16.3525173058542,0.6561608607867312,16.790216030138374,0.646881849847871,2.0,full
airfoil,mean,streed,4,,3,0.08,0.1,0.001,0.6415260334216624,17.017962665501148,599.5241831302643,16.61112956102939,0.650722315631729,17.00457203986133,0.6424173455383355,2.0,full
airfoil,mean,streed,4,,3,0.08,0.1,0.1,0.6363032944754168,17.267641018277953,599.3932960033417,16.89706809465182,0.644708172174923,17.059304593199965,0.6412660527920665,2.0,full
airfoil,mean,streed,4,,3,0.1,1e-05,0.001,0.6438518986632552,16.903203420700525,191.13326473236083,16.140939264175117,0.6606161254911921,16.77523893412751,0.647040863554933,2.0,full
airfoil,mean,streed,4,,3,0.1,1e-05,0.1,0.6460751317082574,16.80098101642976,205.7036069393158,16.31573677480616,0.6569345657507311,16.765028199883634,0.6474054403244814,2.0,full
airfoil,mean,streed,4,,3,0.1,0.0001,0.001,0.6438847382591302,16.901676307148133,191.03457961082458,16.141143421351767,0.6606118117665787,16.775006165588035,0.6470461837463903,2.0,full
airfoil,mean,streed,4,,3,0.1,0.0001,0.1,0.6460715076646079,16.801158250170417,205.96114144325256,16.316093868380722,0.6569270531740191,16.765265821790052,0.6474005009931181,2.0,full
airfoil,mean,streed,4,,3,0.1,0.001,0.001,0.644810844651184,16.855422759772274,191.96174664497374,16.14386345064632,0.6605543319608495,16.773626918177392,0.6470794446130446,2.0,full
airfoil,mean,streed,4,,3,0.1,0.001,0.1,0.6460335662727433,16.803008160625353,206.5175856590271,16.319605076386505,0.6568531850420312,16.767606789350015,0.6473518444117383,2.0,full
airfoil,mean,streed,4,,3,0.1,0.01,0.001,0.6457322608346974,16.812777680614396,194.7336592197418,16.194141143486927,0.6594888357258805,16.838600088645343,0.6458312714510608,2.0,full
airfoil,mean,streed,4,,3,0.1,0.01,0.1,0.6457387180296166,16.81753332258353,210.46477489471437,16.3525173058542,0.6561608607867312,16.790216030138374,0.646881849847871,2.0,full
airfoil,mean,streed,4,,3,0.1,0.1,0.001,0.6415260334216624,17.017962665501148,523.9098482608795,16.61112956102939,0.650722315631729,17.00457203986133,0.6424173455383355,2.0,full
airfoil,mean,streed,4,,3,0.1,0.1,0.1,0.6363032944754168,17.267641018277953,599.2750863075256,16.89706809465182,0.644708172174923,17.059304593199965,0.6412660527920665,2.0,full
airfoil,std,streed,4,,3,0.0001,1e-05,0.001,0.01925336871204777,0.9617536599340007,0.006457103073406826,0.1165610952206762,0.0024024568183284587,0.6095637539995055,0.012736154321367326,0.0,full
airfoil,std,streed,4,,3,0.0001,1e-05,0.1,0.015221855314253468,0.7528781091735736,0.007491280586365328,0.14317747154055885,0.00377162967275321,0.6546264961220181,0.012344465910398913,0.0,full
airfoil,std,streed,4,,3,0.0001,0.0001,0.001,0.019805616965999785,0.9885730876479353,0.005153559940441135,0.11198473072862353,0.0023018511891058626,0.7293901323441255,0.015427714846403925,0.0,full
airfoil,std,streed,4,,3,0.0001,0.0001,0.1,0.015469062001826926,0.7644963959329228,0.005631028058540726,0.14300776405746435,0.003755530364174585,0.6543768495054653,0.012336500758070147,0.0,full
airfoil,std,streed,4,,3,0.0001,0.001,0.001,0.02146016261365137,1.0530144439662181,0.015781869138813263,0.14957447612574978,0.0034261533040851016,0.7842998973518439,0.015608607874159356,0.0,full
airfoil,std,streed,4,,3,0.0001,0.001,0.1,0.015326235616345515,0.768820569357283,0.009946759045786315,0.09572293308234954,0.0027076544566827926,0.7329770945238502,0.013968038241189612,0.0,full
airfoil,std,streed,4,,3,0.0001,0.01,0.001,0.013378464599150708,0.6776483697510275,0.008794455306163863,0.173221225424372,0.0041693238518742265,0.5707607006188978,0.011456485934278171,0.0,full
airfoil,std,streed,4,,3,0.0001,0.01,0.1,0.01869740380753909,0.909601399465313,0.01536616871549952,0.15292562518092737,0.003396900787832865,0.700297059246012,0.013216182162693811,0.0,full
airfoil,std,streed,4,,3,0.0001,0.1,0.001,0.01720459197517862,0.8035598736391621,0.01933096888341967,0.3222416911974912,0.006381115461751017,0.4836863969799418,0.009316401539015699,0.0,full
airfoil,std,streed,4,,3,0.0001,0.1,0.1,0.018501972952158344,0.8863365540761293,0.009959177943454163,0.25063754289554874,0.004835412465182383,0.6198729262404326,0.012849676754134924,0.0,full
airfoil,std,streed,4,,3,0.0005,1e-05,0.001,0.01925336871204777,0.9617536599340007,0.006499687794990377,0.1165610952206762,0.0024024568183284587,0.6095637539995055,0.012736154321367326,0.0,full
airfoil,std,streed,4,,3,0.0005,1e-05,0.1,0.015221855314253468,0.7528781091735736,0.007201889847595964,0.14317747154055885,0.00377162967275321,0.6546264961220181,0.012344465910398913,0.0,full
airfoil,std,streed,4,,3,0.0005,0.0001,0.001,0.019805616965999785,0.9885730876479353,0.014367266174955805,0.11198473072862353,0.0023018511891058626,0.7293901323441255,0.015427714846403925,0.0,full
airfoil,std,streed,4,,3,0.0005,0.0001,0.1,0.015469062001826926,0.7644963959329228,0.011045648467003066,0.14300776405746435,0.003755530364174585,0.6543768495054653,0.012336500758070147,0.0,full
airfoil,std,streed,4,,3,0.0005,0.001,0.001,0.02146016261365137,1.0530144439662181,0.010810079299630123,0.14957447612574978,0.0034261533040851016,0.7842998973518439,0.015608607874159356,0.0,full
airfoil,std,streed,4,,3,0.0005,0.001,0.1,0.015326235616345515,0.768820569357283,0.011377984994951929,0.09572293308234954,0.0027076544566827926,0.7329770945238502,0.013968038241189612,0.0,full
airfoil,std,streed,4,,3,0.0005,0.01,0.001,0.013378464599150708,0.6776483697510275,0.012153622926425337,0.173221225424372,0.0041693238518742265,0.5707607006188978,0.011456485934278171,0.0,full
airfoil,std,streed,4,,3,0.0005,0.01,0.1,0.01869740380753909,0.909601399465313,0.011345035130394312,0.15292562518092737,0.003396900787832865,0.700297059246012,0.013216182162693811,0.0,full
airfoil,std,streed,4,,3,0.0005,0.1,0.001,0.01720459197517862,0.8035598736391621,0.01041930589082544,0.3222416911974912,0.006381115461751017,0.4836863969799418,0.009316401539015699,0.0,full
airfoil,std,streed,4,,3,0.0005,0.1,0.1,0.018501972952158344,0.8863365540761293,0.006941218788821772,0.25063754289554874,0.004835412465182383,0.6198729262404326,0.012849676754134924,0.0,full
airfoil,std,streed,4,,3,0.001,1e-05,0.001,0.019272687858434362,0.9623347230266414,0.010446134051243429,0.1165610952206762,0.0024024568183284587,0.6095637539995055,0.012736154321367326,0.0,full
airfoil,std,streed,4,,3,0.001,1e-05,0.1,0.014929451385632762,0.7553579188151899,0.010178366420429361,0.14317747154055885,0.00377162967275321,0.6546264961220181,0.012344465910398913,0.0,full
airfoil,std,streed,4,,3,0.001,0.0001,0.001,0.019805616965999785,0.9885730876479353,0.008202068988020542,0.11198473072862353,0.0023018511891058626,0.7293901323441255,0.015427714846403925,0.0,full
airfoil,std,streed,4,,3,0.001,0.0001,0.1,0.015204654639667308,0.7679352887068766,0.008640542717410995,0.14300776405746435,0.003755530364174585,0.6543768495054653,0.012336500758070147,0.0,full
airfoil,std,streed,4,,3,0.001,0.001,0.001,0.021018449843653968,1.01815888866342,0.007660168813557584,0.14957447612574978,0.0034261533040851016,0.7842998973518439,0.015608607874159356,0.0,full
airfoil,std,streed,4,,3,0.001,0.001,0.1,0.01509149407616151,0.7631797332902203,0.010038462128810462,0.09572293308234954,0.0027076544566827926,0.7329770945238502,0.013968038241189612,0.0,full
airfoil,std,streed,4,,3,0.001,0.01,0.001,0.013378464599150708,0.6776483697510275,0.008696234865744171,0.173221225424372,0.0041693238518742265,0.5707607006188978,0.011456485934278171,0.0,full
airfoil,std,streed,4,,3,0.001,0.01,0.1,0.01869740380753909,0.909601399465313,0.008010587632499042,0.15292562518092737,0.003396900787832865,0.700297059246012,0.013216182162693811,0.0,full
airfoil,std,streed,4,,3,0.001,0.1,0.001,0.021641475189355157,1.0424399909370798,0.00806009967947749,0.3222416911974912,0.006381115461751017,0.4836863969799418,0.009316401539015699,0.0,full
airfoil,std,streed,4,,3,0.001,0.1,0.1,0.018501972952158344,0.8863365540761293,0.0026307382723908534,0.25063754289554874,0.004835412465182383,0.6198729262404326,0.012849676754134924,0.0,full
airfoil,std,streed,4,,3,0.003,1e-05,0.001,0.017670473733709984,0.9091535992768102,0.00880238315583516,0.1290432823608675,0.0031178558647757936,0.5849629734859877,0.010608339670951329,0.547722557505166,full
airfoil,std,streed,4,,3,0.003,1e-05,0.1,0.008287187692890432,0.43423799497814497,0.004949055649710153,0.17679178779625473,0.004200561634805914,0.684294354947344,0.012884403514907907,0.547722557505166,full
airfoil,std,streed,4,,3,0.003,0.0001,0.001,0.01817881921889846,0.9277113236962587,0.004288315536069647,0.12179190018314175,0.002971263264860933,0.6933508958796414,0.01324312522039734,0.547722557505166,full
airfoil,std,streed,4,,3,0.003,0.0001,0.1,0.0086705732246155,0.4635020191627188,0.0023423674675767895,0.17680439557414665,0.0041873345142941125,0.6839670319067728,0.012875930441301918,0.547722557505166,full
airfoil,std,streed,4,,3,0.003,0.001,0.001,0.019402595046510568,0.9576932190754648,0.003967571701669276,0.13748754246502187,0.003012610247709133,0.6963874814725289,0.014667769425806743,0.7071067811865475,full
airfoil,std,streed,4,,3,0.003,0.001,0.1,0.011420597913316044,0.619164007289002,0.007577726488322847,0.13775851502525896,0.0031942126177119754,0.7623144781239296,0.014524649056836984,0.547722557505166,full
airfoil,std,streed,4,,3,0.003,0.01,0.001,0.013416036660753363,0.6591227878372706,0.009616710639707558,0.2174894605543131,0.0052088059661589544,0.6445967302400158,0.014916535642144095,0.547722557505166,full
airfoil,std,streed,4,,3,0.003,0.01,0.1,0.015408011798698803,0.7507265781467245,0.013262867137337138,0.16150631735113052,0.0036296294828476196,0.7201259820286724,0.013733120611042919,0.44721359549995815,full
airfoil,std,streed,4,,3,0.003,0.1,0.001,0.0199205990908378,0.9730893047430207,0.008151442839904547,0.3470661985332719,0.006967475639743319,0.459482110635188,0.008406754913511009,0.44721359549995815,full
airfoil,std,streed,4,,3,0.003,0.1,0.1,0.01800546762822438,0.8604649883262242,0.0071596330044849926,0.25063754289554874,0.004835412465182383,0.6198729262404326,0.012849676754134924,0.0,full
airfoil,std,streed,4,,3,0.005,1e-05,0.001,0.026848424325694595,1.320691239765418,0.009456337348054875,0.38948471381197375,0.007104530909073787,0.36395186894009113,0.011346331807850898,1.3416407864998738,full
airfoil,std,streed,4,,3,0.005,1e-05,0.1,0.016835016497037416,0.7736877295876364,0.008718343578569043,0.20805829485790642,0.0039038384834005502,1.220367344541973,0.024871313549186206,0.5477225575051662,full
airfoil,std,streed,4,,3,0.005,0.0001,0.001,0.027938835762166398,1.3696719908992383,0.011060448587443822,0.39284938970614985,0.007171264700624259,0.33282337074703194,0.010841180193008972,1.3416407864998738,full
airfoil,std,streed,4,,3,0.005,0.0001,0.1,0.017033923085160614,0.7836839049633493,0.004595710950728326,0.20875025689521506,0.003909539473746468,1.2198825675564229,0.024860513837785626,0.5477225575051662,full
airfoil,std,streed,4,,3,0.005,0.001,0.001,0.02160929364634572,1.0746303470825207,0.007270348819105379,0.3596156616156376,0.007205383718893119,0.7996549956329927,0.019254196754996396,1.140175425099138,full
airfoil,std,streed,4,,3,0.005,0.001,0.1,0.020472600996572686,0.9577072059055034,0.0024291014953144916,0.20974071527688218,0.0037589417189057544,1.2050751019911274,0.02436283479697131,0.5477225575051662,full
airfoil,std,streed,4,,3,0.005,0.01,0.001,0.01873849996285488,0.9560555400023547,0.012280649571173483,0.15986262391798645,0.0038655667136703533,1.2135832457320914,0.0257531559278689,0.44721359549995815,full
airfoil,std,streed,4,,3,0.005,0.01,0.1,0.022080332693697358,1.0348514690408597,0.006693444506203487,0.30139322944182734,0.0069650663578339385,1.0646186668944526,0.019046765295567532,0.5477225575051662,full
airfoil,std,streed,4,,3,0.005,0.1,0.001,0.01523995180549009,0.7958124878486318,0.006316309695411925,0.2943170004378493,0.006221299614884507,1.0194368652233827,0.015235891860567395,0.8366600265340756,full
airfoil,std,streed,4,,3,0.005,0.1,0.1,0.01555407392575211,0.8146407923101551,0.006225368263067749,0.2563909682235025,0.005603113748700819,0.5934783213559525,0.011566546630694908,0.5477225575051662,full
airfoil,std,streed,4,,3,0.008,1e-05,0.001,0.02846078380636417,1.3780102145926565,0.0076267603085370785,0.27194841973171524,0.005949284429847942,0.2619537618835002,0.007418041523922118,0.5477225575051662,full
airfoil,std,streed,4,,3,0.008,1e-05,0.1,0.020622673800204164,0.9695608813013092,0.0057347322104873266,0.4308356465100796,0.008862834560391568,1.0225161070596664,0.017053905352039857,0.894427190999916,full
airfoil,std,streed,4,,3,0.008,0.0001,0.001,0.0272633814678208,1.3421963051378374,0.005301215774603349,0.2714897123292865,0.005909000053477918,0.2869806861493708,0.007069448408875512,0.5477225575051662,full
airfoil,std,streed,4,,3,0.008,0.0001,0.1,0.02071918813860521,0.974285971636492,0.002356698487886171,0.4302613753563012,0.008851199556883505,1.0213805010212453,0.017044522324185723,0.894427190999916,full
airfoil,std,streed,4,,3,0.008,0.001,0.001,0.024224810154081393,1.2008279376470752,0.007669784372590159,0.19765094856206925,0.005263066706927433,0.5921315450119012,0.011682580709668865,0.44721359549995804,full
airfoil,std,streed,4,,3,0.008,0.001,0.1,0.021465180636900307,1.0036251818228676,0.005521414370633645,0.34343784588593307,0.007216631872175379,1.0515604304125852,0.01787215385968607,0.5477225575051661,full
airfoil,std,streed,4,,3,0.008,0.01,0.001,0.016989310198651752,0.8090410619812102,0.006182802141791896,0.44841990211886174,0.009398612689432137,1.236266373385524,0.02431014046707559,1.51657508881031,full
airfoil,std,streed,4,,3,0.008,0.01,0.1,0.013198932463747998,0.5868014546129321,0.0054489801989131776,0.24542019063549367,0.007000304193364696,1.0173954074916587,0.015586312690814135,0.8366600265340757,full
airfoil,std,streed,4,,3,0.008,0.1,0.001,0.012944326724110299,0.6368097167278876,0.006449303783836694,0.39988681320840025,0.009512754946149326,0.923554211846334,0.013388157022208635,1.3416407864998738,full
airfoil,std,streed,4,,3,0.008,0.1,0.1,0.01602345380973732,0.7896651875195628,0.004746021907692683,0.5878620109083923,0.013264320674912346,1.0295408865241131,0.014491049184342849,1.9235384061671346,full
airfoil,std,streed,4,,3,0.01,1e-05,0.001,0.020892816803152976,1.0169020665477306,0.014091215765248194,0.4568783874057294,0.010887320383755054,0.7910275434171951,0.010681712607011949,1.095445115010332,full
airfoil,std,streed,4,,3,0.01,1e-05,0.1,0.01663663680463142,0.8256011297097889,0.009436145725892115,0.23858792600646145,0.005129697801420367,1.0862078627349259,0.021033315748583834,0.0,full
airfoil,std,streed,4,,3,0.01,0.0001,0.001,0.022277098346318015,1.0985483119106376,0.007532397805881076,0.4637565708095793,0.011019224132821245,0.7807348600799437,0.010387678395470697,1.095445115010332,full
airfoil,std,streed,4,,3,0.01,0.0001,0.1,0.016648153970401793,0.8157015070651314,0.026070543066776048,0.22076106965158965,0.0047417393393359925,1.0030670796747305,0.018925738571528388,0.0,full
airfoil,std,streed,4,,3,0.01,0.001,0.001,0.018306735013574334,0.9270698380159755,0.011011917134955225,0.6214265812206207,0.012552305972247164,1.1537949714715436,0.025508033425761294,1.140175425099138,full
airfoil,std,streed,4,,3,0.01,0.001,0.1,0.017152439617531993,0.8507710410977004,0.014287951748959608,0.21812544732831313,0.004669680949219691,1.0089799670084494,0.019080468639317033,0.0,full
airfoil,std,streed,4,,3,0.01,0.01,0.001,0.01706522409695983,0.8073431933589647,0.01711101338350736,0.24942657388147885,0.005207671334354739,1.579247871771514,0.023692147455970876,0.0,full
airfoil,std,streed,4,,3,0.01,0.01,0.1,0.013476203412614449,0.6516646188829799,0.021964079474184387,0.23162951414085237,0.005156343616687732,1.2601217041630604,0.01840335277236728,0.44721359549995815,full
airfoil,std,streed,4,,3,0.01,0.1,0.001,0.015677442723448183,0.7519455173497152,0.019868134705254566,0.32634612213489606,0.008764822543233299,1.1390816008017055,0.017204623103712968,0.8366600265340756,full
airfoil,std,streed,4,,3,0.01,0.1,0.1,0.014479308603566698,0.6404067615913673,0.030753926024940658,0.383039515009896,0.009304546010333528,1.0539941948350404,0.016573449354963174,0.8366600265340757,full
airfoil,std,streed,4,,3,0.03,1e-05,0.001,0.012659412806270897,0.481211909407751,0.016856261204151676,0.6697123939398114,0.015891965650752918,2.3017703487860577,0.04232625576385763,0.5477225575051663,full
airfoil,std,streed,4,,3,0.03,1e-05,0.1,0.015176635601019697,0.6290203861594903,0.018695736096550803,0.9388075765559045,0.019197998176987956,1.4493180049472532,0.027009183636452987,0.547722557505166,full
airfoil,std,streed,4,,3,0.03,0.0001,0.001,0.0100690564117882,0.3523562661651557,0.016753795401135654,0.8167719223908962,0.018867816816516204,1.9493174304836496,0.03304521327907412,0.5477225575051663,full
airfoil,std,streed,4,,3,0.03,0.0001,0.1,0.01519427698215953,0.6301085176275962,0.0162411555929322,0.9378879558476353,0.01917778638261142,1.4485363286761863,0.027009582712281537,0.547722557505166,full
airfoil,std,streed,4,,3,0.03,0.001,0.001,0.003932030410377005,0.16215821978847253,0.010504222919735745,0.6602390562223922,0.013198538252077894,1.5326841432405933,0.028862661413123852,0.4472135954999579,full
airfoil,std,streed,4,,3,0.03,0.001,0.1,0.015249097807312931,0.6321713665456798,0.058069532021669,0.9307371248273663,0.019022207570164117,1.453871531165981,0.027075015441781425,0.547722557505166,full
airfoil,std,streed,4,,3,0.03,0.01,0.001,0.01567448063444838,0.7260047376408257,0.024242204576641974,0.8886183522086517,0.018008371361596626,1.6736828276860098,0.02894018307038555,0.547722557505166,full
airfoil,std,streed,4,,3,0.03,0.01,0.1,0.014282501274340586,0.6013733898605531,0.025938109383707643,0.6478541349034899,0.015197643376803332,1.6785970932044274,0.028905407717642786,0.5477225575051662,full
airfoil,std,streed,4,,3,0.03,0.1,0.001,0.012533581177452053,0.5962450852102535,0.017859687468465845,0.2794379990504705,0.005791294610565329,1.1787004712502862,0.022659962178836746,0.0,full
airfoil,std,streed,4,,3,0.03,0.1,0.1,0.012202154756686567,0.5752778668703168,0.01158296919663503,0.23618433109801068,0.00510486862337126,0.8393535884762273,0.013567151058228356,0.0,full
airfoil,std,streed,4,,3,0.05,1e-05,0.001,0.016239049094483437,0.8845977401529896,0.38377179950654894,0.5605500183409191,0.01021387609547615,2.2148139036406853,0.040364944485598506,0.0,full
airfoil,std,streed,4,,3,0.05,1e-05,0.1,0.020421699058788215,1.1615067493266122,0.21271756069396086,2.297615903568687,0.04549106883804098,0.7447288674811311,0.02622483018610325,0.5477225575051661,full
airfoil,std,streed,4,,3,0.05,0.0001,0.001,0.01963160014238719,1.015483831549817,0.0800614111913395,0.56108283547736,0.010218016079743106,2.209846342825574,0.04029406640400623,0.0,full
airfoil,std,streed,4,,3,0.05,0.0001,0.1,0.020414165234773612,1.1611699254012113,0.3062588879638609,2.2946157273442678,0.045427402659070075,0.7439391091187812,0.02617776124681436,0.5477225575051661,full
airfoil,std,streed,4,,3,0.05,0.001,0.001,0.01791937285927342,0.9414737094086261,0.24490450231429517,0.5627550045764853,0.010233778844123933,1.9025347649940103,0.03704537775381984,0.0,full
airfoil,std,streed,4,,3,0.05,0.001,0.1,0.023593542764822947,1.314399060347959,0.2772029276359411,2.145814273819581,0.04498764731835166,1.6098053943768433,0.023710347453232788,0.5477225575051661,full
airfoil,std,streed,4,,3,0.05,0.01,0.001,0.0061948642438354,0.29167416717494615,0.2930257464508732,0.7714208830962196,0.014803013386577026,2.090446475814662,0.039642483105762336,0.44721359549995787,full
airfoil,std,streed,4,,3,0.05,0.01,0.1,0.031116978942992313,1.4532512476592974,0.31962411750480413,0.33132959127721334,0.004315529824743375,1.3198383090799695,0.015326025127374611,0.0,full
airfoil,std,streed,4,,3,0.05,0.1,0.001,0.005169299583587581,0.44778748463948803,0.3002089083517243,0.32672777922719015,0.004133897025976061,1.3372121165651687,0.013812283710213103,0.0,full
airfoil,std,streed,4,,3,0.05,0.1,0.1,0.007716634765852026,0.5291767083743727,0.480890956414244,0.3342262927643236,0.00447411753968489,1.426099309331696,0.016776302758417457,0.0,full
airfoil,std,streed,4,,3,0.08,1e-05,0.001,0.022788532629930778,1.2487536974614546,0.3215912288973208,2.4323109731347294,0.04850587934095905,1.1969606792958125,0.032944430528855644,0.5477225575051661,full
airfoil,std,streed,4,,3,0.08,1e-05,0.1,0.005112966221475599,0.44135226203463285,0.3728885718544558,0.3368851948419109,0.004480946577881616,1.3197681542331767,0.015600673603762742,0.0,full
airfoil,std,streed,4,,3,0.08,0.0001,0.001,0.022828696512620435,1.250659161704553,7.87129373090584,2.4326839813044767,0.04851302574675014,1.2001801856908707,0.03304907571769093,0.5477225575051661,full
airfoil,std,streed,4,,3,0.08,0.0001,0.1,0.00511209155300156,0.4413299709168813,0.36344323492119024,0.33679143554997526,0.004478130484557113,1.3197779132819247,0.015598534506722621,0.0,full
airfoil,std,streed,4,,3,0.08,0.001,0.001,0.01647271132868531,0.8253152927319239,4.5459165553865954,0.4343166065799581,0.006964222724633682,1.3535168009722283,0.020604361501293612,0.0,full
airfoil,std,streed,4,,3,0.08,0.001,0.1,0.005104662239732398,0.44113939779879396,0.38391993892630477,0.33592849983299183,0.0044522329813889054,1.3198565814316487,0.015576499733160078,0.0,full
airfoil,std,streed,4,,3,0.08,0.01,0.001,0.008287509281260971,0.5878341893200547,0.38938464805413375,0.39588021305755733,0.006433617404860294,1.415785916691907,0.019732509851759505,0.0,full
airfoil,std,streed,4,,3,0.08,0.01,0.1,0.005267879236033787,0.4451508979044756,0.4048501189353801,0.33132959127721334,0.004315529824743375,1.3198383090799695,0.015326025127374611,0.0,full
airfoil,std,streed,4,,3,0.08,0.1,0.001,0.005169299583587581,0.44778748463948803,0.21618108598454333,0.32672777922719015,0.004133897025976061,1.3372121165651687,0.013812283710213103,0.0,full
airfoil,std,streed,4,,3,0.08,0.1,0.1,0.0058845062988656,0.45964532323002244,0.24056562309297294,0.3342262927643236,0.00447411753968489,1.426099309331696,0.016776302758417457,0.0,full
airfoil,std,streed,4,,3,0.1,1e-05,0.001,0.00923464939440201,0.623888900317477,12.182334405908563,0.43665883399925487,0.0070102126779233356,1.3550753033462812,0.02075716119029079,0.0,full
airfoil,std,streed,4,,3,0.1,1e-05,0.1,0.005112966221475599,0.44135226203463285,11.579042926695514,0.3368851948419109,0.004480946577881616,1.3197681542331767,0.015600673603762742,0.0,full
airfoil,std,streed,4,,3,0.1,0.0001,0.001,0.009234890036876867,0.6239914383258903,11.597524765331714,0.4364965952992442,0.007007006452346853,1.3548606920358497,0.020741214675242668,0.0,full
airfoil,std,streed,4,,3,0.1,0.0001,0.1,0.00511209155300156,0.4413299709168813,14.175490913127321,0.33679143554997526,0.004478130484557113,1.3197779132819247,0.015598534506722621,0.0,full
airfoil,std,streed,4,,3,0.1,0.001,0.001,0.009563111727047595,0.6608616392874701,14.06476299825014,0.4343166065799581,0.006964222724633682,1.3535168009722283,0.020604361501293612,0.0,full
airfoil,std,streed,4,,3,0.1,0.001,0.1,0.005104662239732398,0.44113939779879396,12.61717105649541,0.33592849983299183,0.0044522329813889054,1.3198565814316487,0.015576499733160078,0.0,full
airfoil,std,streed,4,,3,0.1,0.01,0.001,0.008287509281260971,0.5878341893200547,12.40205574918668,0.39588021305755733,0.006433617404860294,1.415785916691907,0.019732509851759505,0.0,full
airfoil,std,streed,4,,3,0.1,0.01,0.1,0.005267879236033787,0.4451508979044756,11.620736303367801,0.33132959127721334,0.004315529824743375,1.3198383090799695,0.015326025127374611,0.0,full
airfoil,std,streed,4,,3,0.1,0.1,0.001,0.005169299583587581,0.44778748463948803,169.06039231510172,0.32672777922719015,0.004133897025976061,1.3372121165651687,0.013812283710213103,0.0,full
airfoil,std,streed,4,,3,0.1,0.1,0.1,0.0058845062988656,0.45964532323002244,0.2759705739122478,0.3342262927643236,0.00447411753968489,1.426099309331696,0.016776302758417457,0.0,full
airfoil,best_by_mean_val_r2,streed,4,,3,0.0001,0.0001,0.001,0.8695566010226639,6.206328714652713,599.7722689151764,3.4130166109326354,0.9282295986315091,5.300997121974525,0.8883256755575168,16.0,full
