dataset,outer,method,depth,n_thresholds,cv_folds,cost_complexity,ridge_penalty,lasso_penalty,val_r2,val_mse,train_time_s,train_mse,train_r2,test_mse,test_r2,n_leaves,threshold_label
insurance,outer_0,streed,4,1070.0,3,0.1,0.1,0.1,0.8329248053312087,24416385.047694016,5.281698703765869,23945234.68067612,0.8355146030747372,24050212.317803256,0.8398582346174905,2.0,full
insurance,outer_0,streed,4,1070.0,3,0.1,0.1,0.001,0.8329247433768426,24416394.812139686,5.204469442367554,23945147.315514453,0.8355152032063913,24050012.331435632,0.8398595662552134,2.0,full
insurance,outer_0,streed,4,1070.0,3,0.1,0.01,0.1,0.8336210249242906,24322120.84333418,5.306415796279907,23732760.920546167,0.8369741348453481,23232263.752739545,0.8453046616789444,2.0,full
insurance,outer_0,streed,4,1070.0,3,0.1,0.01,0.001,0.8336202601008743,24322232.79692669,5.316029071807861,23732750.804342788,0.8369742043359064,23232140.23121247,0.8453054841646317,2.0,full
insurance,outer_0,streed,4,1070.0,3,0.1,0.001,0.1,0.8335437052787054,24334174.881353933,5.469024896621704,23730276.24979641,0.8369912026277253,23164347.111326665,0.8457568943125273,2.0,full
insurance,outer_0,streed,4,1070.0,3,0.1,0.001,0.001,0.8335428566856109,24334299.01677636,5.355642795562744,23730275.254123323,0.8369912094672358,23164232.700653546,0.8457576561322955,2.0,full
insurance,outer_0,streed,4,1070.0,3,0.1,0.0001,0.1,0.833534216309415,24335637.092557084,5.387501239776611,23730252.266771004,0.8369913673727156,23157727.59156406,0.8458009713280131,2.0,full
insurance,outer_0,streed,4,1070.0,3,0.1,0.0001,0.001,0.8335333591846078,24335762.468696967,5.444468259811401,23730252.198948428,0.8369913678386046,23157614.108590577,0.8458017269705611,2.0,full
insurance,outer_0,streed,4,1070.0,3,0.1,1e-05,0.1,0.8335332495124654,24335785.92994693,5.488429069519043,23730252.155491237,0.8369913681371223,23157067.39953525,0.8458053673107009,2.0,full
insurance,outer_0,streed,4,1070.0,3,0.1,1e-05,0.001,0.8335323915329168,24335911.430387188,5.576584100723267,23730252.180613738,0.8369913679645499,23156954.00950008,0.8458061223344058,2.0,full
insurance,outer_0,streed,4,1070.0,3,0.08,0.1,0.1,0.8329248053312087,24416385.047694016,452.182492017746,23945234.68067612,0.8355146030747372,24050212.317803256,0.8398582346174905,2.0,full
insurance,outer_0,streed,4,1070.0,3,0.08,0.1,0.001,0.8329247433768426,24416394.812139686,488.0759754180908,23945147.315514453,0.8355152032063913,24050012.331435632,0.8398595662552134,2.0,full
insurance,outer_0,streed,4,1070.0,3,0.08,0.01,0.1,0.8336210249242906,24322120.84333418,490.80749440193176,23732760.920546167,0.8369741348453481,23232263.752739545,0.8453046616789444,2.0,full
insurance,outer_0,streed,4,1070.0,3,0.08,0.01,0.001,0.8336202601008743,24322232.79692669,481.1165134906769,23732750.804342788,0.8369742043359064,23232140.23121247,0.8453054841646317,2.0,full
insurance,outer_0,streed,4,1070.0,3,0.08,0.001,0.1,0.8335437052787054,24334174.881353933,492.6003043651581,23730276.24979641,0.8369912026277253,23164347.111326665,0.8457568943125273,2.0,full
insurance,outer_0,streed,4,1070.0,3,0.08,0.001,0.001,0.8335428566856109,24334299.01677636,513.4119925498962,23730275.254123323,0.8369912094672358,23164232.700653546,0.8457576561322955,2.0,full
insurance,outer_0,streed,4,1070.0,3,0.08,0.0001,0.1,0.833534216309415,24335637.092557084,515.620566368103,23730252.266771004,0.8369913673727156,23157727.59156406,0.8458009713280131,2.0,full
insurance,outer_0,streed,4,1070.0,3,0.08,0.0001,0.001,0.8335333591846078,24335762.468696967,513.3531048297882,23730252.198948428,0.8369913678386046,23157614.108590577,0.8458017269705611,2.0,full
insurance,outer_0,streed,4,1070.0,3,0.08,1e-05,0.1,0.8335332495124654,24335785.92994693,515.987327337265,23730252.155491237,0.8369913681371223,23157067.39953525,0.8458053673107009,2.0,full
insurance,outer_0,streed,4,1070.0,3,0.08,1e-05,0.001,0.8335323915329168,24335911.430387188,524.1529912948608,23730252.180613738,0.8369913679645499,23156954.00950008,0.8458061223344058,2.0,full
insurance,outer_0,streed,4,1070.0,3,0.05,0.1,0.1,0.8329248053312087,24416385.047694016,599.8036787509918,23945234.68067612,0.8355146030747372,24050212.317803256,0.8398582346174905,2.0,full
insurance,outer_0,streed,4,1070.0,3,0.05,0.1,0.001,0.8329247433768426,24416394.812139686,599.8059177398682,23945147.315514453,0.8355152032063913,24050012.331435632,0.8398595662552134,2.0,full
insurance,outer_0,streed,4,1070.0,3,0.05,0.01,0.1,0.8336210249242906,24322120.84333418,600.0563242435455,23732760.920546167,0.8369741348453481,23232263.752739545,0.8453046616789444,2.0,full
insurance,outer_0,streed,4,1070.0,3,0.05,0.01,0.001,0.8336202601008743,24322232.79692669,599.7591342926025,23732750.804342788,0.8369742043359064,23232140.23121247,0.8453054841646317,2.0,full
insurance,outer_0,streed,4,1070.0,3,0.05,0.001,0.1,0.8335437052787054,24334174.881353933,599.3646969795227,23730276.24979641,0.8369912026277253,23164347.111326665,0.8457568943125273,2.0,full
insurance,outer_0,streed,4,1070.0,3,0.05,0.001,0.001,0.8335428566856109,24334299.01677636,599.4814078807831,23730275.254123323,0.8369912094672358,23164232.700653546,0.8457576561322955,2.0,full
insurance,outer_0,streed,4,1070.0,3,0.05,0.0001,0.1,0.833534216309415,24335637.092557084,599.3544805049896,23730252.266771004,0.8369913673727156,23157727.59156406,0.8458009713280131,2.0,full
insurance,outer_0,streed,4,1070.0,3,0.05,0.0001,0.001,0.8335333591846078,24335762.468696967,599.2793085575104,23730252.198948428,0.8369913678386046,23157614.108590577,0.8458017269705611,2.0,full
insurance,outer_0,streed,4,1070.0,3,0.05,1e-05,0.1,0.8335332495124654,24335785.92994693,599.3121736049652,23730252.155491237,0.8369913681371223,23157067.39953525,0.8458053673107009,2.0,full
insurance,outer_0,streed,4,1070.0,3,0.05,1e-05,0.001,0.8335323915329168,24335911.430387188,599.8741080760956,23730252.180613738,0.8369913679645499,23156954.00950008,0.8458061223344058,2.0,full
insurance,outer_0,streed,4,1070.0,3,0.03,0.1,0.1,0.8614565626470574,20255746.42999323,599.817277431488,19539157.2231018,0.8657809758690465,19897523.390992258,0.8675095055100818,3.0,full
insurance,outer_0,streed,4,1070.0,3,0.03,0.1,0.001,0.8614567415872716,20255719.449537203,599.8151137828827,19539078.198151093,0.8657815187098479,19897378.845206387,0.8675104679887918,3.0,full
insurance,outer_0,streed,4,1070.0,3,0.03,0.01,0.1,0.8511223776357237,21809975.06186514,599.7715873718262,19410878.37025456,0.8666621532017842,19542245.62233634,0.8698751731525084,3.0,full
insurance,outer_0,streed,4,1070.0,3,0.03,0.01,0.001,0.8511216567948819,21810080.28510229,599.7616786956787,19410868.77147236,0.8666622191380559,19542164.73686244,0.8698757117399609,3.0,full
insurance,outer_0,streed,4,1070.0,3,0.03,0.001,0.1,0.8509649189716503,21833366.608226363,599.767329454422,23730276.24979641,0.8369912026277253,23164347.111326665,0.8457568943125273,2.0,full
insurance,outer_0,streed,4,1070.0,3,0.03,0.001,0.001,0.8509641222076869,21833482.866667744,599.7635869979858,23730275.254123323,0.8369912094672358,23164232.700653546,0.8457576561322955,2.0,full
insurance,outer_0,streed,4,1070.0,3,0.03,0.0001,0.1,0.8509477445588433,21835915.299013432,599.7580485343933,23730252.266771004,0.8369913673727156,23157727.59156406,0.8458009713280131,2.0,full
insurance,outer_0,streed,4,1070.0,3,0.03,0.0001,0.001,0.8509469400352644,21836032.68518467,599.7578520774841,23730252.198948428,0.8369913678386046,23157614.108590577,0.8458017269705611,2.0,full
insurance,outer_0,streed,4,1070.0,3,0.03,1e-05,0.1,0.8509460125417844,21836172.30587753,599.7558214664459,23730252.155491237,0.8369913681371223,23157067.39953525,0.8458053673107009,2.0,full
insurance,outer_0,streed,4,1070.0,3,0.03,1e-05,0.001,0.8509452072405335,21836289.8050692,599.7558660507202,23730252.180613738,0.8369913679645499,23156954.00950008,0.8458061223344058,2.0,full
insurance,outer_0,streed,4,1070.0,3,0.01,0.1,0.1,0.8614565626470574,20255746.42999323,599.8153409957886,19539157.2231018,0.8657809758690465,19897523.390992258,0.8675095055100818,3.0,full
insurance,outer_0,streed,4,1070.0,3,0.01,0.1,0.001,0.8614567415872716,20255719.449537203,599.798552274704,19539078.198151093,0.8657815187098479,19897378.845206387,0.8675104679887918,3.0,full
insurance,outer_0,streed,4,1070.0,3,0.01,0.01,0.1,0.862023310610948,20172044.42934376,599.7870264053345,19410878.37025456,0.8666621532017842,19542245.62233634,0.8698751731525084,3.0,full
insurance,outer_0,streed,4,1070.0,3,0.01,0.01,0.001,0.862022724305429,20172129.43784083,599.7908537387848,19410868.77147236,0.8666622191380559,19542164.73686244,0.8698757117399609,3.0,full
insurance,outer_0,streed,4,1070.0,3,0.01,0.001,0.1,0.8619879996319373,20177082.552607115,599.7888486385345,19409362.831126694,0.8666725637932161,19514950.299474098,0.8700569229488131,3.0,full
insurance,outer_0,streed,4,1070.0,3,0.01,0.001,0.001,0.8619873347573573,20177178.99387672,599.785368680954,19409361.990006942,0.8666725695710636,19514877.18352513,0.8700574098017768,3.0,full
insurance,outer_0,streed,4,1070.0,3,0.01,0.0001,0.1,0.8619832859131843,20177758.949294213,599.7867147922516,19409353.931677032,0.8666726249256096,19512323.48721197,0.8700744139525276,3.0,full
insurance,outer_0,streed,4,1070.0,3,0.01,0.0001,0.001,0.8619826129599714,20177856.566227984,599.788467168808,19409353.98947669,0.8666726245285703,19512251.165354226,0.8700748955179218,3.0,full
insurance,outer_0,streed,4,1070.0,3,0.01,1e-05,0.1,0.8619828023790345,20177828.364104893,599.790210723877,19409354.504855,0.8666726209883167,19512061.8573757,0.8700761560520693,3.0,full
insurance,outer_0,streed,4,1070.0,3,0.01,1e-05,0.001,0.8619821286156729,20177926.098938905,599.786863565445,19409354.652784877,0.8666726199721518,19511989.6151026,0.8700766370875378,3.0,full
insurance,outer_0,streed,4,1070.0,3,0.008,0.1,0.1,0.8614565626470574,20255746.42999323,599.7902245521545,19539157.2231018,0.8657809758690465,19897523.390992258,0.8675095055100818,3.0,full
insurance,outer_0,streed,4,1070.0,3,0.008,0.1,0.001,0.8614567415872716,20255719.449537203,599.7949779033661,19539078.198151093,0.8657815187098479,19897378.845206387,0.8675104679887918,3.0,full
insurance,outer_0,streed,4,1070.0,3,0.008,0.01,0.1,0.862023310610948,20172044.42934376,599.7904632091522,19410878.37025456,0.8666621532017842,19542245.62233634,0.8698751731525084,3.0,full
insurance,outer_0,streed,4,1070.0,3,0.008,0.01,0.001,0.862022724305429,20172129.43784083,599.7944877147675,19410868.77147236,0.8666622191380559,19542164.73686244,0.8698757117399609,3.0,full
insurance,outer_0,streed,4,1070.0,3,0.008,0.001,0.1,0.8619879996319373,20177082.552607115,599.8039739131927,19409362.831126694,0.8666725637932161,19514950.299474098,0.8700569229488131,3.0,full
insurance,outer_0,streed,4,1070.0,3,0.008,0.001,0.001,0.8619873347573573,20177178.99387672,599.7861919403076,19409361.990006942,0.8666725695710636,19514877.18352513,0.8700574098017768,3.0,full
insurance,outer_0,streed,4,1070.0,3,0.008,0.0001,0.1,0.8619832859131843,20177758.949294213,599.797598361969,19409353.931677032,0.8666726249256096,19512323.48721197,0.8700744139525276,3.0,full
insurance,outer_0,streed,4,1070.0,3,0.008,0.0001,0.001,0.8619826129599714,20177856.566227984,599.8063085079193,19409353.98947669,0.8666726245285703,19512251.165354226,0.8700748955179218,3.0,full
insurance,outer_0,streed,4,1070.0,3,0.008,1e-05,0.1,0.8619828023790345,20177828.364104893,599.7954986095428,19409354.504855,0.8666726209883167,19512061.8573757,0.8700761560520693,3.0,full
insurance,outer_0,streed,4,1070.0,3,0.008,1e-05,0.001,0.8619821286156729,20177926.098938905,599.7990622520447,19409354.652784877,0.8666726199721518,19511989.6151026,0.8700766370875378,3.0,full
insurance,outer_0,streed,4,1070.0,3,0.005,0.1,0.1,0.8593579231602746,20556203.74213143,599.7990276813507,19539157.2231018,0.8657809758690465,19897523.390992258,0.8675095055100818,3.0,full
insurance,outer_0,streed,4,1070.0,3,0.005,0.1,0.001,0.8593587529325268,20556079.60531715,599.79212641716,19539078.198151093,0.8657815187098479,19897378.845206387,0.8675104679887918,3.0,full
insurance,outer_0,streed,4,1070.0,3,0.005,0.01,0.1,0.862023310610948,20172044.42934376,599.788332939148,19410878.37025456,0.8666621532017842,19542245.62233634,0.8698751731525084,3.0,full
insurance,outer_0,streed,4,1070.0,3,0.005,0.01,0.001,0.862022724305429,20172129.43784083,599.7894229888916,19410868.77147236,0.8666622191380559,19542164.73686244,0.8698757117399609,3.0,full
insurance,outer_0,streed,4,1070.0,3,0.005,0.001,0.1,0.8619879996319373,20177082.552607115,599.7889018058777,19409362.831126694,0.8666725637932161,19514950.299474098,0.8700569229488131,3.0,full
insurance,outer_0,streed,4,1070.0,3,0.005,0.001,0.001,0.8619873347573573,20177178.99387672,599.780773639679,19409361.990006942,0.8666725695710636,19514877.18352513,0.8700574098017768,3.0,full
insurance,outer_0,streed,4,1070.0,3,0.005,0.0001,0.1,0.8619832859131843,20177758.949294213,599.7959585189819,19409353.931677032,0.8666726249256096,19512323.48721197,0.8700744139525276,3.0,full
insurance,outer_0,streed,4,1070.0,3,0.005,0.0001,0.001,0.8619826129599714,20177856.566227984,599.7796335220337,19409353.98947669,0.8666726245285703,19512251.165354226,0.8700748955179218,3.0,full
insurance,outer_0,streed,4,1070.0,3,0.005,1e-05,0.1,0.8619828023790345,20177828.364104893,599.7825512886047,19409354.504855,0.8666726209883167,19512061.8573757,0.8700761560520693,3.0,full
insurance,outer_0,streed,4,1070.0,3,0.005,1e-05,0.001,0.8619821286156729,20177926.098938905,599.7839131355286,19409354.652784877,0.8666726199721518,19511989.6151026,0.8700766370875378,3.0,full
insurance,outer_0,streed,4,1070.0,3,0.003,0.1,0.1,0.8509206383585769,21803188.087697648,599.7949302196503,19041820.70774725,0.8691972962862164,19112860.507617384,0.8727342951174801,5.0,full
insurance,outer_0,streed,4,1070.0,3,0.003,0.1,0.001,0.8509216704571583,21803033.680043746,599.7864720821381,19245663.03746833,0.8677970558224468,19206454.99750088,0.8721110828712862,4.0,full
insurance,outer_0,streed,4,1070.0,3,0.003,0.01,0.1,0.8515334566174518,21706334.42658725,599.7831456661224,18463446.730797663,0.8731702819110585,19759180.18428628,0.8684306834630171,5.0,full
insurance,outer_0,streed,4,1070.0,3,0.003,0.01,0.001,0.8515330687880228,21706385.85693157,599.7782127857208,18463417.88442296,0.8731704800635283,19759171.93900585,0.8684307383653915,5.0,full
insurance,outer_0,streed,4,1070.0,3,0.003,0.001,0.1,0.851162068983319,21757144.29622863,599.7724964618683,18457553.918229237,0.8732107610137798,19739238.83341818,0.8685634657890078,5.0,full
insurance,outer_0,streed,4,1070.0,3,0.003,0.001,0.001,0.8511615787390642,21757209.48120933,599.7835602760315,18457550.59480239,0.8732107838431732,19739254.34327025,0.868563362514448,5.0,full
insurance,outer_0,streed,4,1070.0,3,0.003,0.0001,0.1,0.8511214110521931,21762692.377019837,599.7787027359009,18457436.32570563,0.8732115687842267,19737660.847792987,0.8685739730311239,5.0,full
insurance,outer_0,streed,4,1070.0,3,0.003,0.0001,0.001,0.8511209253568732,21762756.731981397,599.7751677036285,18457435.76424885,0.8732115726410041,19737678.950543374,0.8685738524913812,5.0,full
insurance,outer_0,streed,4,1070.0,3,0.003,1e-05,0.1,0.8511173231603447,21763249.9522676,599.7782461643219,18457429.663655456,0.8732116145474018,19737507.616843984,0.8685749933412301,5.0,full
insurance,outer_0,streed,4,1070.0,3,0.003,1e-05,0.001,0.851116838663271,21763314.113519996,599.7824592590332,18457429.38065147,0.8732116164914221,19737525.98123554,0.8685748710593124,5.0,full
insurance,outer_0,streed,4,1070.0,3,0.001,0.1,0.1,0.8484613251379614,22153865.868413582,599.7887277603149,18677097.26036571,0.8717026666369575,19368106.03014776,0.871034706438434,6.0,full
insurance,outer_0,streed,4,1070.0,3,0.001,0.1,0.001,0.8484625024057474,22153690.70031291,599.7958419322968,18676973.27143633,0.8717035183458063,19367958.84542199,0.8710356864889013,6.0,full
insurance,outer_0,streed,4,1070.0,3,0.001,0.01,0.1,0.8501579176881356,21895469.577726763,599.7871499061584,18239849.108434908,0.8747062260835148,20128323.899452686,0.8659726874401359,6.0,full
insurance,outer_0,streed,4,1070.0,3,0.001,0.01,0.001,0.8501577743703373,21895483.991394863,599.7844982147217,18239817.85386413,0.8747064407784446,20128318.231529597,0.8659727251808094,6.0,full
insurance,outer_0,streed,4,1070.0,3,0.001,0.001,0.1,0.845707190147361,22560637.95426477,599.7888371944427,18229623.73647495,0.8747764665463029,20552324.414853077,0.8631494195969225,6.0,full
insurance,outer_0,streed,4,1070.0,3,0.001,0.001,0.001,0.8457025203511566,22561331.893087074,599.7862501144409,18229618.85924463,0.8747765000491345,20552313.15959124,0.863149494541687,6.0,full
insurance,outer_0,streed,4,1070.0,3,0.001,0.0001,0.1,0.8439910950327213,22818312.67774622,599.7887320518494,18229517.95596564,0.8747771931772712,20552997.15756996,0.8631449400436899,6.0,full
insurance,outer_0,streed,4,1070.0,3,0.001,0.0001,0.001,0.84398420487851,22819340.281945582,599.7840957641602,18229516.387634996,0.8747772039504998,20552990.36898572,0.8631449852464453,6.0,full
insurance,outer_0,streed,4,1070.0,3,0.001,1e-05,0.1,0.8435889766505157,22878720.47955882,599.7880396842957,18229513.22394405,0.8747772256826302,20553073.283908464,0.8631444331456186,6.0,full
insurance,outer_0,streed,4,1070.0,3,0.001,1e-05,0.001,0.8435814908599061,22879837.585576743,599.7863404750824,18229511.99251232,0.8747772341416217,20553066.951015044,0.8631444753140917,6.0,full
insurance,outer_0,streed,4,1070.0,3,0.0005,0.1,0.1,0.8482628190708977,22183692.596889388,599.7965219020844,18530087.08738862,0.8727125137725842,19497129.013290785,0.8701755885220342,8.0,full
insurance,outer_0,streed,4,1070.0,3,0.0005,0.1,0.001,0.8482639768101613,22183520.363066483,599.8001775741577,18529954.59158743,0.8727134239171177,19496967.747963253,0.8701766623301946,8.0,full
insurance,outer_0,streed,4,1070.0,3,0.0005,0.01,0.1,0.8492931912986984,22025061.460500345,599.7971000671387,18078760.199773755,0.875812783335291,20266770.45863068,0.8650508213000401,8.0,full
insurance,outer_0,streed,4,1070.0,3,0.0005,0.01,0.001,0.849292840724399,22025106.91389107,599.7891988754272,18078725.978595898,0.8758130184085362,20266760.276155774,0.8650508891015001,8.0,full
insurance,outer_0,streed,4,1070.0,3,0.0005,0.001,0.1,0.8449044273512026,22680901.12222463,599.791469335556,18041174.64066256,0.8760709672993033,20814931.98041629,0.8614008097054012,8.0,full
insurance,outer_0,streed,4,1070.0,3,0.0005,0.001,0.001,0.844899343805085,22681657.10753031,599.7941131591797,18041146.95060236,0.8760711575087795,20814966.07105168,0.8614005827080482,8.0,full
insurance,outer_0,streed,4,1070.0,3,0.0005,0.0001,0.1,0.8431749578860229,22940583.419742253,599.7875082492828,18037364.287062917,0.8760971415060974,20826025.37969299,0.8613269427257343,8.0,full
insurance,outer_0,streed,4,1070.0,3,0.0005,0.0001,0.001,0.8431676357680353,22941675.80488875,599.7906229496002,18037357.417688347,0.8760971886934321,20826085.70289549,0.8613265410550957,8.0,full
insurance,outer_0,streed,4,1070.0,3,0.0005,1e-05,0.1,0.842771454660847,23001199.100419104,599.7924411296844,18037294.518512007,0.8760976207625316,20827763.24940199,0.861315370872666,8.0,full
insurance,outer_0,streed,4,1070.0,3,0.0005,1e-05,0.001,0.8427635350007886,23002381.27349202,599.7926256656647,18037291.876420207,0.8760976389116758,20827827.63218788,0.8613149421707129,8.0,full
insurance,outer_0,streed,4,1070.0,3,0.0001,0.1,0.1,0.8482628190708977,22183692.596889388,599.8066985607147,18530087.08738862,0.8727125137725842,19497129.013290785,0.8701755885220342,8.0,full
insurance,outer_0,streed,4,1070.0,3,0.0001,0.1,0.001,0.8482639768101613,22183520.363066483,599.8184771537781,18529954.59158743,0.8727134239171177,19496967.747963253,0.8701766623301946,8.0,full
insurance,outer_0,streed,4,1070.0,3,0.0001,0.01,0.1,0.8492931912986984,22025061.460500345,599.7996456623077,18078760.199773755,0.875812783335291,20266770.45863068,0.8650508213000401,8.0,full
insurance,outer_0,streed,4,1070.0,3,0.0001,0.01,0.001,0.849292840724399,22025106.91389107,599.7978734970093,18078725.978595898,0.8758130184085362,20266760.276155774,0.8650508891015001,8.0,full
insurance,outer_0,streed,4,1070.0,3,0.0001,0.001,0.1,0.8449044273512026,22680901.12222463,599.8026173114777,18041174.64066256,0.8760709672993033,20814931.98041629,0.8614008097054012,8.0,full
insurance,outer_0,streed,4,1070.0,3,0.0001,0.001,0.001,0.844899343805085,22681657.10753031,599.7994356155396,18041146.95060236,0.8760711575087795,20814966.07105168,0.8614005827080482,8.0,full
insurance,outer_0,streed,4,1070.0,3,0.0001,0.0001,0.1,0.8431749578860229,22940583.419742253,599.7981157302856,18037364.287062917,0.8760971415060974,20826025.37969299,0.8613269427257343,8.0,full
insurance,outer_0,streed,4,1070.0,3,0.0001,0.0001,0.001,0.8431676357680353,22941675.80488875,599.8027861118317,18037357.417688347,0.8760971886934321,20826085.70289549,0.8613265410550957,8.0,full
insurance,outer_0,streed,4,1070.0,3,0.0001,1e-05,0.1,0.842771454660847,23001199.100419104,599.7894177436829,18037294.518512007,0.8760976207625316,20827763.24940199,0.861315370872666,8.0,full
insurance,outer_0,streed,4,1070.0,3,0.0001,1e-05,0.001,0.8427635350007886,23002381.27349202,599.7935073375702,18037291.876420207,0.8760976389116758,20827827.63218788,0.8613149421707129,8.0,full
insurance,outer_1,streed,4,1070.0,3,0.1,0.1,0.1,0.8242545237717501,24241050.349955127,5.3964715003967285,23661751.06976522,0.828964640713973,24709780.76641384,0.8618923826692477,2.0,full
insurance,outer_1,streed,4,1070.0,3,0.1,0.1,0.001,0.8242549702101553,24240989.54581253,5.1641106605529785,23661659.650590524,0.8289653015235362,24709721.18025196,0.8618927157075261,2.0,full
insurance,outer_1,streed,4,1070.0,3,0.1,0.01,0.1,0.8257772745886279,24029341.19963627,5.526545763015747,23430758.45209353,0.8306343356253686,24504743.207988955,0.8630383761899942,2.0,full
insurance,outer_1,streed,4,1070.0,3,0.1,0.01,0.001,0.8257768022697931,24029404.493567877,5.552665710449219,23430747.648819093,0.8306344137151904,24504773.88883847,0.8630382047089493,2.0,full
insurance,outer_1,streed,4,1070.0,3,0.1,0.001,0.1,0.8257792985639206,24028902.02054441,5.537663459777832,23427977.736449186,0.8306544356043559,24505412.1361221,0.863034637424705,2.0,full
insurance,outer_1,streed,4,1070.0,3,0.1,0.001,0.001,0.8257787450148083,24028976.48379234,5.712207317352295,23427976.4895087,0.830654444617675,24505453.48542513,0.8630344063156646,2.0,full
insurance,outer_1,streed,4,1070.0,3,0.1,0.0001,0.1,0.825777698793079,24029106.78275501,5.648082971572876,23427943.37248755,0.8306546839990122,24505734.981797203,0.8630328329794379,2.0,full
insurance,outer_1,streed,4,1070.0,3,0.1,0.0001,0.001,0.8257771369702721,24029182.38360634,5.585068225860596,23427943.09800177,0.8306546859830908,24505777.41649845,0.8630325958039027,2.0,full
insurance,outer_1,streed,4,1070.0,3,0.1,1e-05,0.1,0.8257775204503535,24029129.79325148,5.624334096908569,23427942.419361707,0.830654690888537,24505769.87380099,0.8630326379614589,2.0,full
insurance,outer_1,streed,4,1070.0,3,0.1,1e-05,0.001,0.8257769577986486,24029205.508072857,5.647288799285889,23427942.24229184,0.8306546921684594,24505812.41723003,0.8630324001782235,2.0,full
insurance,outer_1,streed,4,1070.0,3,0.08,0.1,0.1,0.8242545237717501,24241050.349955127,500.6181356906891,23661751.06976522,0.828964640713973,24709780.76641384,0.8618923826692477,2.0,full
insurance,outer_1,streed,4,1070.0,3,0.08,0.1,0.001,0.8242549702101553,24240989.54581253,534.663533449173,23661659.650590524,0.8289653015235362,24709721.18025196,0.8618927157075261,2.0,full
insurance,outer_1,streed,4,1070.0,3,0.08,0.01,0.1,0.8257772745886279,24029341.19963627,541.9532508850098,23430758.45209353,0.8306343356253686,24504743.207988955,0.8630383761899942,2.0,full
insurance,outer_1,streed,4,1070.0,3,0.08,0.01,0.001,0.8257768022697931,24029404.493567877,529.0568611621857,23430747.648819093,0.8306344137151904,24504773.88883847,0.8630382047089493,2.0,full
insurance,outer_1,streed,4,1070.0,3,0.08,0.001,0.1,0.8257792985639206,24028902.02054441,525.0066812038422,23427977.736449186,0.8306544356043559,24505412.1361221,0.863034637424705,2.0,full
insurance,outer_1,streed,4,1070.0,3,0.08,0.001,0.001,0.8257787450148083,24028976.48379234,524.7297270298004,23427976.4895087,0.830654444617675,24505453.48542513,0.8630344063156646,2.0,full
insurance,outer_1,streed,4,1070.0,3,0.08,0.0001,0.1,0.825777698793079,24029106.78275501,543.0525500774384,23427943.37248755,0.8306546839990122,24505734.981797203,0.8630328329794379,2.0,full
insurance,outer_1,streed,4,1070.0,3,0.08,0.0001,0.001,0.8257771369702721,24029182.38360634,539.7893490791321,23427943.09800177,0.8306546859830908,24505777.41649845,0.8630325958039027,2.0,full
insurance,outer_1,streed,4,1070.0,3,0.08,1e-05,0.1,0.8257775204503535,24029129.79325148,537.2193293571472,23427942.419361707,0.830654690888537,24505769.87380099,0.8630326379614589,2.0,full
insurance,outer_1,streed,4,1070.0,3,0.08,1e-05,0.001,0.8257769577986486,24029205.508072857,538.6414527893066,23427942.24229184,0.8306546921684594,24505812.41723003,0.8630324001782235,2.0,full
insurance,outer_1,streed,4,1070.0,3,0.05,0.1,0.1,0.8242545237717501,24241050.349955127,599.8135554790497,23661751.06976522,0.828964640713973,24709780.76641384,0.8618923826692477,2.0,full
insurance,outer_1,streed,4,1070.0,3,0.05,0.1,0.001,0.8242549702101553,24240989.54581253,599.8235309123993,23661659.650590524,0.8289653015235362,24709721.18025196,0.8618927157075261,2.0,full
insurance,outer_1,streed,4,1070.0,3,0.05,0.01,0.1,0.8257772745886279,24029341.19963627,599.8387198448181,23430758.45209353,0.8306343356253686,24504743.207988955,0.8630383761899942,2.0,full
insurance,outer_1,streed,4,1070.0,3,0.05,0.01,0.001,0.8257768022697931,24029404.493567877,599.8305015563965,23430747.648819093,0.8306344137151904,24504773.88883847,0.8630382047089493,2.0,full
insurance,outer_1,streed,4,1070.0,3,0.05,0.001,0.1,0.8257792985639206,24028902.02054441,599.8291440010071,23427977.736449186,0.8306544356043559,24505412.1361221,0.863034637424705,2.0,full
insurance,outer_1,streed,4,1070.0,3,0.05,0.001,0.001,0.8257787450148083,24028976.48379234,599.8371157646179,23427976.4895087,0.830654444617675,24505453.48542513,0.8630344063156646,2.0,full
insurance,outer_1,streed,4,1070.0,3,0.05,0.0001,0.1,0.825777698793079,24029106.78275501,599.8420884609222,23427943.37248755,0.8306546839990122,24505734.981797203,0.8630328329794379,2.0,full
insurance,outer_1,streed,4,1070.0,3,0.05,0.0001,0.001,0.8257771369702721,24029182.38360634,599.8390777111053,23427943.09800177,0.8306546859830908,24505777.41649845,0.8630325958039027,2.0,full
insurance,outer_1,streed,4,1070.0,3,0.05,1e-05,0.1,0.8257775204503535,24029129.79325148,599.8320600986481,23427942.419361707,0.830654690888537,24505769.87380099,0.8630326379614589,2.0,full
insurance,outer_1,streed,4,1070.0,3,0.05,1e-05,0.001,0.8257769577986486,24029205.508072857,599.832840681076,23427942.24229184,0.8306546921684594,24505812.41723003,0.8630324001782235,2.0,full
insurance,outer_1,streed,4,1070.0,3,0.03,0.1,0.1,0.8390285208045732,22281158.29238601,599.8617622852325,19802908.816187084,0.8568576934860554,18759607.078325365,0.8951490237756309,3.0,full
insurance,outer_1,streed,4,1070.0,3,0.03,0.1,0.001,0.8390291224268257,22281075.39949688,599.8536043167114,19802822.346658558,0.8568583185178561,18759614.79856057,0.8951489806257827,3.0,full
insurance,outer_1,streed,4,1070.0,3,0.03,0.01,0.1,0.832316892727344,23116743.69751628,599.8524904251099,23430758.45209353,0.8306343356253686,24504743.207988955,0.8630383761899942,2.0,full
insurance,outer_1,streed,4,1070.0,3,0.03,0.01,0.001,0.8323166421498823,23116776.047649782,599.8513376712799,23430747.648819093,0.8306344137151904,24504773.88883847,0.8630382047089493,2.0,full
insurance,outer_1,streed,4,1070.0,3,0.03,0.001,0.1,0.8324056421353486,23104202.066632185,599.8515350818634,23427977.736449186,0.8306544356043559,24505412.1361221,0.863034637424705,2.0,full
insurance,outer_1,streed,4,1070.0,3,0.03,0.001,0.001,0.8324053110230967,23104245.489027496,599.850439786911,23427976.4895087,0.830654444617675,24505453.48542513,0.8630344063156646,2.0,full
insurance,outer_1,streed,4,1070.0,3,0.03,0.0001,0.1,0.8324130361705717,23103151.75174579,599.8565344810486,23427943.37248755,0.8306546839990122,24505734.981797203,0.8630328329794379,2.0,full
insurance,outer_1,streed,4,1070.0,3,0.03,0.0001,0.001,0.8324126968139228,23103196.30765599,599.8513300418854,23427943.09800177,0.8306546859830908,24505777.41649845,0.8630325958039027,2.0,full
insurance,outer_1,streed,4,1070.0,3,0.03,1e-05,0.1,0.8324137604186473,23103048.806552928,599.856100320816,23427942.419361707,0.830654690888537,24505769.87380099,0.8630326379614589,2.0,full
insurance,outer_1,streed,4,1070.0,3,0.03,1e-05,0.001,0.8324134202355995,23103093.476084422,599.8550207614899,23427942.24229184,0.8306546921684594,24505812.41723003,0.8630324001782235,2.0,full
insurance,outer_1,streed,4,1070.0,3,0.01,0.1,0.1,0.8510882650287961,20509798.98199509,599.8593165874481,19802908.816187084,0.8568576934860554,18759607.078325365,0.8951490237756309,3.0,full
insurance,outer_1,streed,4,1070.0,3,0.01,0.1,0.001,0.8510890261179487,20509692.666289285,599.8355159759521,19802822.346658558,0.8568583185178561,18759614.79856057,0.8951489806257827,3.0,full
insurance,outer_1,streed,4,1070.0,3,0.01,0.01,0.1,0.8520871486847607,20369137.383204028,599.8310759067535,19655742.556141805,0.8579214623545306,18677521.539429,0.895607815308484,3.0,full
insurance,outer_1,streed,4,1070.0,3,0.01,0.01,0.001,0.8520869684592389,20369158.962943196,599.8316657543182,19655731.337451894,0.8579215434471198,18677631.61171737,0.8956072000937387,3.0,full
insurance,outer_1,streed,4,1070.0,3,0.01,0.001,0.1,0.8520871809120026,20368892.147811025,599.8337879180908,19653784.89600384,0.8579356130023026,18687940.114686456,0.895549583929647,3.0,full
insurance,outer_1,streed,4,1070.0,3,0.01,0.001,0.001,0.8520869169229033,20368925.263610218,599.8254625797272,19653783.596811447,0.8579356223933167,18688063.713163484,0.8955488931144865,3.0,full
insurance,outer_1,streed,4,1070.0,3,0.01,0.0001,0.1,0.8520858192355926,20369057.05789404,599.8179624080658,19653759.319523048,0.8579357978779937,18689237.200645104,0.8955423342719946,3.0,full
insurance,outer_1,streed,4,1070.0,3,0.01,0.0001,0.001,0.8520855465847966,20369091.366798263,599.8282217979431,19653759.045086544,0.8579357998617161,18689362.196595795,0.8955416356460906,3.0,full
insurance,outer_1,streed,4,1070.0,3,0.01,1e-05,0.1,0.8520856689184345,20369075.51330556,599.8290281295776,19653758.52165375,0.8579358036452702,18689369.55628682,0.8955415945113917,3.0,full
insurance,outer_1,streed,4,1070.0,3,0.01,1e-05,0.001,0.852085395398504,20369109.941930767,599.8231537342072,19653758.350033693,0.8579358048857997,18689494.69245039,0.8955408951018116,3.0,full
insurance,outer_1,streed,4,1070.0,3,0.008,0.1,0.1,0.8490961285502352,20764744.509454686,599.8287923336029,19802908.816187084,0.8568576934860554,18759607.078325365,0.8951490237756309,3.0,full
insurance,outer_1,streed,4,1070.0,3,0.008,0.1,0.001,0.8490970042450018,20764623.52698831,599.8253552913666,19802822.346658558,0.8568583185178561,18759614.79856057,0.8951489806257827,3.0,full
insurance,outer_1,streed,4,1070.0,3,0.008,0.01,0.1,0.8520871486847607,20369137.383204028,599.82617354393,19655742.556141805,0.8579214623545306,18677521.539429,0.895607815308484,3.0,full
insurance,outer_1,streed,4,1070.0,3,0.008,0.01,0.001,0.8520869684592389,20369158.962943196,599.825145483017,19655731.337451894,0.8579215434471198,18677631.61171737,0.8956072000937387,3.0,full
insurance,outer_1,streed,4,1070.0,3,0.008,0.001,0.1,0.8520871809120026,20368892.147811025,599.8212656974792,19653784.89600384,0.8579356130023026,18687940.114686456,0.895549583929647,3.0,full
insurance,outer_1,streed,4,1070.0,3,0.008,0.001,0.001,0.8520869169229033,20368925.263610218,599.8200464248657,19653783.596811447,0.8579356223933167,18688063.713163484,0.8955488931144865,3.0,full
insurance,outer_1,streed,4,1070.0,3,0.008,0.0001,0.1,0.8520858192355926,20369057.05789404,599.8228104114532,19653759.319523048,0.8579357978779937,18689237.200645104,0.8955423342719946,3.0,full
insurance,outer_1,streed,4,1070.0,3,0.008,0.0001,0.001,0.8520855465847966,20369091.366798263,599.8195693492889,19653759.045086544,0.8579357998617161,18689362.196595795,0.8955416356460906,3.0,full
insurance,outer_1,streed,4,1070.0,3,0.008,1e-05,0.1,0.8520856689184345,20369075.51330556,599.8276073932648,19653758.52165375,0.8579358036452702,18689369.55628682,0.8955415945113917,3.0,full
insurance,outer_1,streed,4,1070.0,3,0.008,1e-05,0.001,0.852085395398504,20369109.941930767,599.8257782459259,19653758.350033693,0.8579358048857997,18689494.69245039,0.8955408951018116,3.0,full
insurance,outer_1,streed,4,1070.0,3,0.005,0.1,0.1,0.8500291047866432,20627074.529115725,599.8225147724152,19382429.51481775,0.8598970639946031,18852049.836621888,0.89463234379338,4.0,full
insurance,outer_1,streed,4,1070.0,3,0.005,0.1,0.001,0.8500302327465845,20626917.776612997,599.8149840831757,19382314.649892285,0.8598978942782004,18851942.00167417,0.894632946503207,4.0,full
insurance,outer_1,streed,4,1070.0,3,0.005,0.01,0.1,0.8498755467690403,20661527.993910126,599.8186089992523,19655742.556141805,0.8579214623545306,18677521.539429,0.895607815308484,3.0,full
insurance,outer_1,streed,4,1070.0,3,0.005,0.01,0.001,0.8498754291095661,20661546.343153115,599.8178944587708,19655731.337451894,0.8579215434471198,18677631.61171737,0.8956072000937387,3.0,full
insurance,outer_1,streed,4,1070.0,3,0.005,0.001,0.1,0.8496700197324233,20691066.10089344,599.8196504116058,19653784.89600384,0.8579356130023026,18687940.114686456,0.895549583929647,3.0,full
insurance,outer_1,streed,4,1070.0,3,0.005,0.001,0.001,0.849670199951297,20691042.747842755,599.8136224746704,19653783.596811447,0.8579356223933167,18688063.713163484,0.8955488931144865,3.0,full
insurance,outer_1,streed,4,1070.0,3,0.005,0.0001,0.1,0.8496687350053233,20691334.25016313,599.8225684165955,19653759.319523048,0.8579357978779937,18689237.200645104,0.8955423342719946,3.0,full
insurance,outer_1,streed,4,1070.0,3,0.005,0.0001,0.001,0.8496689108525225,20691311.487334702,599.8181521892548,19653759.045086544,0.8579357998617161,18689362.196595795,0.8955416356460906,3.0,full
insurance,outer_1,streed,4,1070.0,3,0.005,1e-05,0.1,0.8496686012807412,20691361.825327795,599.8143606185913,19653758.52165375,0.8579358036452702,18689369.55628682,0.8955415945113917,3.0,full
insurance,outer_1,streed,4,1070.0,3,0.005,1e-05,0.001,0.849668776688118,20691339.121810824,599.8156344890594,19653758.350033693,0.8579358048857997,18689494.69245039,0.8955408951018116,3.0,full
insurance,outer_1,streed,4,1070.0,3,0.003,0.1,0.1,0.8461904492618663,21177154.30441973,599.8090596199036,19382429.51481775,0.8598970639946031,18852049.836621888,0.89463234379338,4.0,full
insurance,outer_1,streed,4,1070.0,3,0.003,0.1,0.001,0.8461916555747203,21176984.75072485,599.8085896968842,19382314.649892285,0.8598978942782004,18851942.00167417,0.894632946503207,4.0,full
insurance,outer_1,streed,4,1070.0,3,0.003,0.01,0.1,0.841010489056428,21861986.73835516,599.8104729652405,19183828.225021698,0.8613326231319968,18573564.947131343,0.8961888482769177,4.0,full
insurance,outer_1,streed,4,1070.0,3,0.003,0.01,0.001,0.8410090391822104,21862188.177880496,599.8048815727234,19183791.98929552,0.8613328850564177,18573505.778380662,0.8961891789822062,4.0,full
insurance,outer_1,streed,4,1070.0,3,0.003,0.001,0.1,0.8414006907604485,21792863.25564716,599.8045823574066,19169813.583174866,0.8614339258334103,18166253.49412713,0.8984653886808049,4.0,full
insurance,outer_1,streed,4,1070.0,3,0.003,0.001,0.001,0.8413989477043887,21793102.029731307,599.8030591011047,19169804.85966638,0.8614339888899609,18166360.03175745,0.8984647932219291,4.0,full
insurance,outer_1,streed,4,1070.0,3,0.003,0.0001,0.1,0.8412693599301332,21810215.62216012,599.8026967048645,19169523.21750785,0.8614360246973546,18167379.958187383,0.8984590926610693,4.0,full
insurance,outer_1,streed,4,1070.0,3,0.003,0.0001,0.001,0.8412675355092483,21810465.28403296,599.8098568916321,19169517.563138276,0.8614360655691028,18167490.289515708,0.8984584759985008,4.0,full
insurance,outer_1,streed,4,1070.0,3,0.003,1e-05,0.1,0.8412554680083723,21812049.063527387,599.8104455471039,19169500.211793076,0.8614361909906556,18167500.296906546,0.8984584200653092,4.0,full
insurance,outer_1,streed,4,1070.0,3,0.003,1e-05,0.001,0.8412536348940125,21812299.886793364,599.8011507987976,19169494.867450103,0.8614362296214237,18167611.01127179,0.8984578012618754,4.0,full
insurance,outer_1,streed,4,1070.0,3,0.001,0.1,0.1,0.8409487967980919,21874495.04046849,599.7999863624573,18945107.032634795,0.8630581828671449,18367553.370632555,0.8973402857680779,7.0,full
insurance,outer_1,streed,4,1070.0,3,0.001,0.1,0.001,0.8409497242058285,21874359.675426003,599.8022582530975,18944998.976282645,0.8630589639360082,18367592.96270028,0.8973400644805566,7.0,full
insurance,outer_1,streed,4,1070.0,3,0.001,0.01,0.1,0.8392233586482019,22112193.5903312,599.800733089447,18556681.979535047,0.8658658541302197,18520315.948780384,0.8964864669550039,6.0,full
insurance,outer_1,streed,4,1070.0,3,0.001,0.01,0.001,0.8392216585389116,22112429.751170386,599.7946918010712,18556637.974638287,0.8658661722129053,18520235.14074513,0.8964869186063283,6.0,full
insurance,outer_1,streed,4,1070.0,3,0.001,0.001,0.1,0.838245240661123,22243354.169949804,599.7998323440552,18506655.749750547,0.8662274611034183,19083887.625692464,0.8933365587373148,6.0,full
insurance,outer_1,streed,4,1070.0,3,0.001,0.001,0.001,0.8382431487758404,22243642.579391133,599.7980134487152,18506651.33833388,0.8662274929906709,19084179.13227136,0.8933349294521573,6.0,full
insurance,outer_1,streed,4,1070.0,3,0.001,0.0001,0.1,0.8380800100193424,22265483.04810516,599.7983136177063,18506519.53693242,0.8662284456970022,19088478.09260574,0.8933109017533932,6.0,full
insurance,outer_1,streed,4,1070.0,3,0.001,0.0001,0.001,0.838077784965142,22265789.67779968,599.8012819290161,18506518.59261797,0.8662284525228352,19088774.987941384,0.8933092423494596,6.0,full
insurance,outer_1,streed,4,1070.0,3,0.001,1e-05,0.1,0.8380624432373073,22267834.88949214,599.7998042106628,18506511.905051693,0.8662285008628883,19088947.44164442,0.8933082784732419,6.0,full
insurance,outer_1,streed,4,1070.0,3,0.001,1e-05,0.001,0.8380602031410976,22268143.58133998,599.7934093475342,18506511.310456008,0.8662285051608325,19089244.880451087,0.8933066160317464,6.0,full
insurance,outer_1,streed,4,1070.0,3,0.0005,0.1,0.1,0.8411526561235201,21848405.95279393,599.7959070205688,18875310.632305708,0.8635626955032536,18765443.222885344,0.8951164044647921,8.0,full
insurance,outer_1,streed,4,1070.0,3,0.0005,0.1,0.001,0.8411535586301543,21848273.774493307,599.8008675575256,18875200.213466097,0.8635634936489973,18765470.75557263,0.8951162505794188,8.0,full
insurance,outer_1,streed,4,1070.0,3,0.0005,0.01,0.1,0.8383965904795373,22224092.439513758,599.8005447387695,18346449.90115085,0.8673854846492743,18934366.8714485,0.8941722583861841,8.0,full
insurance,outer_1,streed,4,1070.0,3,0.0005,0.01,0.001,0.8383948568527214,22224332.23276984,599.7973165512085,18346399.5290436,0.86738584875637,18934344.48464848,0.8941723835102247,8.0,full
insurance,outer_1,streed,4,1070.0,3,0.0005,0.001,0.1,0.8380297337363277,22276890.739431083,599.8022181987762,18259413.842112143,0.868014611529387,19775169.02444348,0.8894728568376873,8.0,full
insurance,outer_1,streed,4,1070.0,3,0.0005,0.001,0.001,0.8380276995761454,22277171.15258941,599.7967927455902,18259406.106707543,0.8680146674435796,19775647.621689063,0.8894701818675661,8.0,full
insurance,outer_1,streed,4,1070.0,3,0.0005,0.0001,0.1,0.8378654870491236,22298881.09888329,599.8012554645538,18259038.504713263,0.8680173245985374,19796356.621667776,0.8893544353673686,8.0,full
insurance,outer_1,streed,4,1070.0,3,0.0005,0.0001,0.001,0.8378633172233783,22299180.05710312,599.8033466339111,18259037.37653552,0.8680173327533982,19796849.378008924,0.8893516812593963,8.0,full
insurance,outer_1,streed,4,1070.0,3,0.0005,1e-05,0.1,0.8378480109712921,22301220.08356316,599.8032703399658,18259029.697893117,0.8680173882572938,19798580.264008887,0.8893420070116325,8.0,full
insurance,outer_1,streed,4,1070.0,3,0.0005,1e-05,0.001,0.8378458258501956,22301521.136892878,599.7968347072601,18259029.26387457,0.8680173913945306,19799074.50351189,0.8893392446139893,8.0,full
insurance,outer_1,streed,4,1070.0,3,0.0001,0.1,0.1,0.8411526561235201,21848405.95279393,599.7993743419647,18875310.632305708,0.8635626955032536,18765443.222885344,0.8951164044647921,8.0,full
insurance,outer_1,streed,4,1070.0,3,0.0001,0.1,0.001,0.8411535586301543,21848273.774493307,599.8072755336761,18875200.213466097,0.8635634936489973,18765470.75557263,0.8951162505794188,8.0,full
insurance,outer_1,streed,4,1070.0,3,0.0001,0.01,0.1,0.8383965904795373,22224092.439513758,599.804520368576,18346449.90115085,0.8673854846492743,18934366.8714485,0.8941722583861841,8.0,full
insurance,outer_1,streed,4,1070.0,3,0.0001,0.01,0.001,0.8383948568527214,22224332.23276984,599.8049614429474,18346399.5290436,0.86738584875637,18934344.48464848,0.8941723835102247,8.0,full
insurance,outer_1,streed,4,1070.0,3,0.0001,0.001,0.1,0.8380297337363277,22276890.739431083,599.8031005859375,18259413.842112143,0.868014611529387,19775169.02444348,0.8894728568376873,8.0,full
insurance,outer_1,streed,4,1070.0,3,0.0001,0.001,0.001,0.8380276995761454,22277171.15258941,599.7901651859283,18259406.106707543,0.8680146674435796,19775647.621689063,0.8894701818675661,8.0,full
insurance,outer_1,streed,4,1070.0,3,0.0001,0.0001,0.1,0.8378654870491236,22298881.09888329,599.8026082515717,18259038.504713263,0.8680173245985374,19796356.621667776,0.8893544353673686,8.0,full
insurance,outer_1,streed,4,1070.0,3,0.0001,0.0001,0.001,0.8378633172233783,22299180.05710312,599.7971765995026,18259037.37653552,0.8680173327533982,19796849.378008924,0.8893516812593963,8.0,full
insurance,outer_1,streed,4,1070.0,3,0.0001,1e-05,0.1,0.8378480109712921,22301220.08356316,599.7987475395203,18259029.697893117,0.8680173882572938,19798580.264008887,0.8893420070116325,8.0,full
insurance,outer_1,streed,4,1070.0,3,0.0001,1e-05,0.001,0.8378458258501956,22301521.136892878,599.7982430458069,18259029.26387457,0.8680173913945306,19799074.50351189,0.8893392446139893,8.0,full
insurance,outer_2,streed,4,1070.0,3,0.1,0.1,0.1,0.828840239957969,25002723.888508976,5.581132173538208,24614273.060414877,0.8317066706882111,21002719.963529,0.8576893331678526,2.0,full
insurance,outer_2,streed,4,1070.0,3,0.1,0.1,0.001,0.8288405890267879,25002678.52485117,5.469308614730835,24614182.0838074,0.831707292715769,21002523.87889318,0.857690661802207,2.0,full
insurance,outer_2,streed,4,1070.0,3,0.1,0.01,0.1,0.8304720651907903,24771112.187937822,5.523937702178955,24377568.308114853,0.8333250743977465,20561698.938789025,0.8606776126015035,2.0,full
insurance,outer_2,streed,4,1070.0,3,0.1,0.01,0.001,0.8304717492723359,24771164.348127183,5.539221286773682,24377553.85194969,0.833325173237804,20562302.37166272,0.8606735238484853,2.0,full
insurance,outer_2,streed,4,1070.0,3,0.1,0.001,0.1,0.8304892134540652,24769296.3882245,5.639767169952393,24374756.076627854,0.833344302257882,20534727.832057346,0.860860363987555,2.0,full
insurance,outer_2,streed,4,1070.0,3,0.1,0.001,0.001,0.8304888196631225,24769359.97551086,5.620643854141235,24374754.803958,0.8333443109594125,20534672.27538538,0.8608607404296087,2.0,full
insurance,outer_2,streed,4,1070.0,3,0.1,0.0001,0.1,0.8304891724150241,24769371.402743395,5.646678686141968,24374725.60688052,0.8333445105864079,20532163.25387542,0.860877741109749,2.0,full
insurance,outer_2,streed,4,1070.0,3,0.1,0.0001,0.001,0.8304887706847729,24769436.15493058,5.61460018157959,24374725.440447196,0.8333445117243501,20532108.7313389,0.8608781105446862,2.0,full
insurance,outer_2,streed,4,1070.0,3,0.1,1e-05,0.1,0.8304891504129895,24769381.51969284,5.636111259460449,24374725.11317621,0.8333445139619755,20531908.830720488,0.8608794650354548,2.0,full
insurance,outer_2,streed,4,1070.0,3,0.1,1e-05,0.001,0.8304887478872637,24769446.388595384,5.713135719299316,24374725.057592217,0.8333445143420157,20531854.411813542,0.8608798337682165,2.0,full
insurance,outer_2,streed,4,1070.0,3,0.08,0.1,0.1,0.828840239957969,25002723.888508976,458.8483033180237,24614273.060414877,0.8317066706882111,21002719.963529,0.8576893331678526,2.0,full
insurance,outer_2,streed,4,1070.0,3,0.08,0.1,0.001,0.8288405890267879,25002678.52485117,514.3393955230713,24614182.0838074,0.831707292715769,21002523.87889318,0.857690661802207,2.0,full
insurance,outer_2,streed,4,1070.0,3,0.08,0.01,0.1,0.8304720651907903,24771112.187937822,486.7169790267944,24377568.308114853,0.8333250743977465,20561698.938789025,0.8606776126015035,2.0,full
insurance,outer_2,streed,4,1070.0,3,0.08,0.01,0.001,0.8304717492723359,24771164.348127183,477.0711214542389,24377553.85194969,0.833325173237804,20562302.37166272,0.8606735238484853,2.0,full
insurance,outer_2,streed,4,1070.0,3,0.08,0.001,0.1,0.8304892134540652,24769296.3882245,477.42524909973145,24374756.076627854,0.833344302257882,20534727.832057346,0.860860363987555,2.0,full
insurance,outer_2,streed,4,1070.0,3,0.08,0.001,0.001,0.8304888196631225,24769359.97551086,477.9684569835663,24374754.803958,0.8333443109594125,20534672.27538538,0.8608607404296087,2.0,full
insurance,outer_2,streed,4,1070.0,3,0.08,0.0001,0.1,0.8304891724150241,24769371.402743395,497.2394289970398,24374725.60688052,0.8333445105864079,20532163.25387542,0.860877741109749,2.0,full
insurance,outer_2,streed,4,1070.0,3,0.08,0.0001,0.001,0.8304887706847729,24769436.15493058,505.7371451854706,24374725.440447196,0.8333445117243501,20532108.7313389,0.8608781105446862,2.0,full
insurance,outer_2,streed,4,1070.0,3,0.08,1e-05,0.1,0.8304891504129895,24769381.51969284,500.2215733528137,24374725.11317621,0.8333445139619755,20531908.830720488,0.8608794650354548,2.0,full
insurance,outer_2,streed,4,1070.0,3,0.08,1e-05,0.001,0.8304887478872637,24769446.388595384,502.1031982898712,24374725.057592217,0.8333445143420157,20531854.411813542,0.8608798337682165,2.0,full
insurance,outer_2,streed,4,1070.0,3,0.05,0.1,0.1,0.828840239957969,25002723.888508976,599.8223814964294,24614273.060414877,0.8317066706882111,21002719.963529,0.8576893331678526,2.0,full
insurance,outer_2,streed,4,1070.0,3,0.05,0.1,0.001,0.8288405890267879,25002678.52485117,599.8009383678436,24614182.0838074,0.831707292715769,21002523.87889318,0.857690661802207,2.0,full
insurance,outer_2,streed,4,1070.0,3,0.05,0.01,0.1,0.8304720651907903,24771112.187937822,599.8262922763824,24377568.308114853,0.8333250743977465,20561698.938789025,0.8606776126015035,2.0,full
insurance,outer_2,streed,4,1070.0,3,0.05,0.01,0.001,0.8304717492723359,24771164.348127183,599.8108983039856,24377553.85194969,0.833325173237804,20562302.37166272,0.8606735238484853,2.0,full
insurance,outer_2,streed,4,1070.0,3,0.05,0.001,0.1,0.8304892134540652,24769296.3882245,599.8079850673676,24374756.076627854,0.833344302257882,20534727.832057346,0.860860363987555,2.0,full
insurance,outer_2,streed,4,1070.0,3,0.05,0.001,0.001,0.8304888196631225,24769359.97551086,599.8225929737091,24374754.803958,0.8333443109594125,20534672.27538538,0.8608607404296087,2.0,full
insurance,outer_2,streed,4,1070.0,3,0.05,0.0001,0.1,0.8304891724150241,24769371.402743395,599.8092451095581,24374725.60688052,0.8333445105864079,20532163.25387542,0.860877741109749,2.0,full
insurance,outer_2,streed,4,1070.0,3,0.05,0.0001,0.001,0.8304887706847729,24769436.15493058,599.812536239624,24374725.440447196,0.8333445117243501,20532108.7313389,0.8608781105446862,2.0,full
insurance,outer_2,streed,4,1070.0,3,0.05,1e-05,0.1,0.8304891504129895,24769381.51969284,599.8149807453156,24374725.11317621,0.8333445139619755,20531908.830720488,0.8608794650354548,2.0,full
insurance,outer_2,streed,4,1070.0,3,0.05,1e-05,0.001,0.8304887478872637,24769446.388595384,599.8118920326233,24374725.057592217,0.8333445143420157,20531854.411813542,0.8608798337682165,2.0,full
insurance,outer_2,streed,4,1070.0,3,0.03,0.1,0.1,0.8587102708268084,20710495.64498966,599.8347840309143,20085792.592583444,0.8626689116930208,17618519.82399643,0.880620066872184,3.0,full
insurance,outer_2,streed,4,1070.0,3,0.03,0.1,0.001,0.8587106218519552,20710448.66440406,599.8289473056793,20085707.301657405,0.8626694948462941,17618398.8862821,0.8806208863244644,3.0,full
insurance,outer_2,streed,4,1070.0,3,0.03,0.01,0.1,0.8474976587565687,22258571.780006345,599.8314530849457,19942551.99863036,0.8636482798990123,17387871.002019744,0.8821829019581419,3.0,full
insurance,outer_2,streed,4,1070.0,3,0.03,0.01,0.001,0.8474973564611,22258619.49827433,599.8290328979492,19942537.14492005,0.8636483814571755,17388553.59346234,0.8821782768408457,3.0,full
insurance,outer_2,streed,4,1070.0,3,0.03,0.001,0.1,0.8474901744623592,22259904.687422384,599.8244681358337,19940692.64239301,0.8636609927364294,17376793.11915862,0.8822579637072768,3.0,full
insurance,outer_2,streed,4,1070.0,3,0.03,0.001,0.001,0.8474897972558356,22259963.30818863,599.8229823112488,19940691.182777543,0.8636610027161492,17376812.894997675,0.8822578297097352,3.0,full
insurance,outer_2,streed,4,1070.0,3,0.03,0.0001,0.1,0.8474880519429324,22260235.51571909,599.8168435096741,19940668.552173443,0.863661157446687,17375763.948348183,0.8822649371842632,3.0,full
insurance,outer_2,streed,4,1070.0,3,0.03,0.0001,0.001,0.8474876670454775,22260295.25577761,599.8226749897003,19940668.22851067,0.8636611596596423,17375784.87310097,0.882264795401888,3.0,full
insurance,outer_2,streed,4,1070.0,3,0.03,1e-05,0.1,0.8474878256082667,22260270.622929797,599.8197524547577,19940667.807117924,0.8636611625407994,17375662.533886313,0.8822656243504836,3.0,full
insurance,outer_2,streed,4,1070.0,3,0.03,1e-05,0.001,0.8474874399396596,22260330.47521684,599.8205540180206,19940667.59742417,0.8636611639745229,17375683.573888198,0.8822654817872011,3.0,full
insurance,outer_2,streed,4,1070.0,3,0.01,0.1,0.1,0.8587102708268084,20710495.64498966,599.8178961277008,20085792.592583444,0.8626689116930208,17618519.82399643,0.880620066872184,3.0,full
insurance,outer_2,streed,4,1070.0,3,0.01,0.1,0.001,0.8587106218519552,20710448.66440406,599.803076505661,20085707.301657405,0.8626694948462941,17618398.8862821,0.8806208863244644,3.0,full
insurance,outer_2,streed,4,1070.0,3,0.01,0.01,0.1,0.8596273788590482,20580561.65772968,599.798889875412,19942551.99863036,0.8636482798990123,17387871.002019744,0.8821829019581419,3.0,full
insurance,outer_2,streed,4,1070.0,3,0.01,0.01,0.001,0.8596271195256623,20580603.432677533,599.7932782173157,19942537.14492005,0.8636483814571755,17388553.59346234,0.8821782768408457,3.0,full
insurance,outer_2,streed,4,1070.0,3,0.01,0.001,0.1,0.8596270997665915,20580897.8066573,599.7996399402618,19940692.64239301,0.8636609927364294,17376793.11915862,0.8822579637072768,3.0,full
insurance,outer_2,streed,4,1070.0,3,0.01,0.001,0.001,0.8596267630941892,20580950.819984507,599.7983300685883,19940691.182777543,0.8636610027161492,17376812.894997675,0.8822578297097352,3.0,full
insurance,outer_2,streed,4,1070.0,3,0.01,0.0001,0.1,0.8596258738511763,20581104.59989016,599.7912993431091,19940668.552173443,0.863661157446687,17375763.948348183,0.8822649371842632,3.0,full
insurance,outer_2,streed,4,1070.0,3,0.01,0.0001,0.001,0.8596255292058156,20581158.771524925,599.7903189659119,19940668.22851067,0.8636611596596423,17375784.87310097,0.882264795401888,3.0,full
insurance,outer_2,streed,4,1070.0,3,0.01,1e-05,0.1,0.8596257389174139,20581127.062815625,599.7943923473358,19940667.807117924,0.8636611625407994,17375662.533886313,0.8822656243504836,3.0,full
insurance,outer_2,streed,4,1070.0,3,0.01,1e-05,0.001,0.8596253934722858,20581181.35063751,599.7847995758057,19940667.59742417,0.8636611639745229,17375683.573888198,0.8822654817872011,3.0,full
insurance,outer_2,streed,4,1070.0,3,0.008,0.1,0.1,0.8541708147969612,21443893.228415485,599.7992260456085,20085792.592583444,0.8626689116930208,17618519.82399643,0.880620066872184,3.0,full
insurance,outer_2,streed,4,1070.0,3,0.008,0.1,0.001,0.8541709951604074,21443873.82004954,599.795946598053,20085707.301657405,0.8626694948462941,17618398.8862821,0.8806208863244644,3.0,full
insurance,outer_2,streed,4,1070.0,3,0.008,0.01,0.1,0.8596273788590482,20580561.65772968,599.7910120487213,19942551.99863036,0.8636482798990123,17387871.002019744,0.8821829019581419,3.0,full
insurance,outer_2,streed,4,1070.0,3,0.008,0.01,0.001,0.8596271195256623,20580603.432677533,599.7921884059906,19942537.14492005,0.8636483814571755,17388553.59346234,0.8821782768408457,3.0,full
insurance,outer_2,streed,4,1070.0,3,0.008,0.001,0.1,0.8596270997665915,20580897.8066573,599.7909393310547,19940692.64239301,0.8636609927364294,17376793.11915862,0.8822579637072768,3.0,full
insurance,outer_2,streed,4,1070.0,3,0.008,0.001,0.001,0.8596267630941892,20580950.819984507,599.7870357036591,19940691.182777543,0.8636610027161492,17376812.894997675,0.8822578297097352,3.0,full
insurance,outer_2,streed,4,1070.0,3,0.008,0.0001,0.1,0.8596258738511763,20581104.59989016,599.7939777374268,19940668.552173443,0.863661157446687,17375763.948348183,0.8822649371842632,3.0,full
insurance,outer_2,streed,4,1070.0,3,0.008,0.0001,0.001,0.8596255292058156,20581158.771524925,599.7897629737854,19940668.22851067,0.8636611596596423,17375784.87310097,0.882264795401888,3.0,full
insurance,outer_2,streed,4,1070.0,3,0.008,1e-05,0.1,0.8596257389174139,20581127.062815625,599.7912440299988,19940667.807117924,0.8636611625407994,17375662.533886313,0.8822656243504836,3.0,full
insurance,outer_2,streed,4,1070.0,3,0.008,1e-05,0.001,0.8596253934722858,20581181.35063751,599.7877368927002,19940667.59742417,0.8636611639745229,17375683.573888198,0.8822654817872011,3.0,full
insurance,outer_2,streed,4,1070.0,3,0.005,0.1,0.1,0.8536776362974047,21500091.274737105,599.7921109199524,19646026.39383361,0.8656756922517943,17939479.688473187,0.8784453003457836,4.0,full
insurance,outer_2,streed,4,1070.0,3,0.005,0.1,0.001,0.8536784456573526,21499983.08048085,599.7888131141663,19645861.956865303,0.8656768165443863,17939382.774450902,0.8784459570178318,4.0,full
insurance,outer_2,streed,4,1070.0,3,0.005,0.01,0.1,0.8522587095926957,21740976.92487317,599.7857413291931,19942551.99863036,0.8636482798990123,17387871.002019744,0.8821829019581419,3.0,full
insurance,outer_2,streed,4,1070.0,3,0.005,0.01,0.001,0.8522579175576855,21741107.976841915,599.7781119346619,19942537.14492005,0.8636483814571755,17388553.59346234,0.8821782768408457,3.0,full
insurance,outer_2,streed,4,1070.0,3,0.005,0.001,0.1,0.8492650381882335,22159554.09268769,599.7633447647095,19940692.64239301,0.8636609927364294,17376793.11915862,0.8822579637072768,3.0,full
insurance,outer_2,streed,4,1070.0,3,0.005,0.001,0.001,0.8492632284280227,22159838.977604035,599.7733161449432,19940691.182777543,0.8636610027161492,17376812.894997675,0.8822578297097352,3.0,full
insurance,outer_2,streed,4,1070.0,3,0.005,0.0001,0.1,0.8492085928530608,22168409.687751908,599.7759671211243,19940668.552173443,0.863661157446687,17375763.948348183,0.8822649371842632,3.0,full
insurance,outer_2,streed,4,1070.0,3,0.005,0.0001,0.001,0.8492066453529189,22168716.57705676,599.7769367694855,19940668.22851067,0.8636611596596423,17375784.87310097,0.882264795401888,3.0,full
insurance,outer_2,streed,4,1070.0,3,0.005,1e-05,0.1,0.8492026287115793,22169346.42637361,599.7752006053925,19940667.807117924,0.8636611625407994,17375662.533886313,0.8822656243504836,3.0,full
insurance,outer_2,streed,4,1070.0,3,0.005,1e-05,0.001,0.8492006658413026,22169655.773543943,599.7755169868469,19940667.59742417,0.8636611639745229,17375683.573888198,0.8822654817872011,3.0,full
insurance,outer_2,streed,4,1070.0,3,0.003,0.1,0.1,0.8518590966164,21768545.248825897,599.7823572158813,19341638.302748684,0.8677568621943642,18634683.11415406,0.8737347265122783,5.0,full
insurance,outer_2,streed,4,1070.0,3,0.003,0.1,0.001,0.8518598286955209,21768446.757988103,599.7761027812958,19341497.023207344,0.8677578281544117,18634546.862847645,0.8737356497267147,5.0,full
insurance,outer_2,streed,4,1070.0,3,0.003,0.01,0.1,0.8377753295691562,23756230.38297613,599.7700963020325,19357196.235425517,0.8676504891042077,17582112.542234052,0.8808667560893019,4.0,full
insurance,outer_2,streed,4,1070.0,3,0.003,0.01,0.001,0.8377729844148106,23756579.837098014,599.7738673686981,19357161.319061715,0.867650727835252,17582120.252138387,0.8808667038483717,4.0,full
insurance,outer_2,streed,4,1070.0,3,0.003,0.001,0.1,0.8358116791043112,24040571.303714763,599.7711260318756,19349961.82943199,0.867699952367545,17556649.375440035,0.8810392899445553,4.0,full
insurance,outer_2,streed,4,1070.0,3,0.003,0.001,0.001,0.8358079330991429,24041144.5950134,599.7703006267548,19349954.59754189,0.8677000018136065,17556679.19938763,0.8810390878628307,4.0,full
insurance,outer_2,streed,4,1070.0,3,0.003,0.0001,0.1,0.8355698472841452,24077354.15520042,599.7707059383392,19349741.378971208,0.8677014596370021,17554398.427485537,0.88105454196453,4.0,full
insurance,outer_2,streed,4,1070.0,3,0.003,0.0001,0.001,0.8355656984660892,24077991.89083072,599.7661437988281,19349737.19079122,0.867701488272532,17554430.681884877,0.8810543234145001,4.0,full
insurance,outer_2,streed,4,1070.0,3,0.003,1e-05,0.1,0.835543055536201,24081451.5634065,599.7664160728455,19349724.912517663,0.8677015722218541,17554176.671276115,0.8810560445448669,4.0,full
insurance,outer_2,streed,4,1070.0,3,0.003,1e-05,0.001,0.8355388589610858,24082096.95021066,599.7638041973114,19349721.0316891,0.8677015987559531,17554209.171094503,0.8810558243319213,4.0,full
insurance,outer_2,streed,4,1070.0,3,0.001,0.1,0.1,0.8412198702900336,23257418.746604946,599.7754368782043,18893878.18488331,0.8708182989787716,18458365.56295155,0.8749294226435134,8.0,full
insurance,outer_2,streed,4,1070.0,3,0.001,0.1,0.001,0.8412202619880503,23257365.73218301,599.7876300811768,18893784.819141924,0.8708189373413763,18458242.78930356,0.8749302545357514,8.0,full
insurance,outer_2,streed,4,1070.0,3,0.001,0.01,0.1,0.8375382539128355,23791224.887165185,599.7825348377228,18317583.528615497,0.8747585553548122,18664428.05572462,0.8735331801184236,8.0,full
insurance,outer_2,streed,4,1070.0,3,0.001,0.01,0.001,0.8375362183388458,23791532.40409742,599.7795321941376,18317524.54547955,0.8747589586357987,18664526.774112266,0.873532511220319,8.0,full
insurance,outer_2,streed,4,1070.0,3,0.001,0.001,0.1,0.8355491172231343,24079736.945517465,599.7795968055725,18303879.90170972,0.8748522501387271,18769007.641351447,0.8728245675866455,8.0,full
insurance,outer_2,streed,4,1070.0,3,0.001,0.001,0.001,0.8355452220343721,24080331.624594748,599.7801432609558,18303857.810775623,0.8748524011794196,18769414.6477321,0.8728218097843448,8.0,full
insurance,outer_2,streed,4,1070.0,3,0.001,0.0001,0.1,0.8350590795377828,24155505.37045924,599.7782173156738,18303311.43331711,0.8748561368851757,18792814.88497937,0.8726632539700279,8.0,full
insurance,outer_2,streed,4,1070.0,3,0.001,0.0001,0.001,0.8350544488277465,24156217.5248048,599.7827444076538,18303303.256590903,0.8748561927912946,18793361.73439124,0.8726595486164072,8.0,full
insurance,outer_2,streed,4,1070.0,3,0.001,1e-05,0.1,0.8350200072889439,24161471.07533573,599.7814650535583,18303282.99925084,0.8748563312952916,18795831.63239322,0.872642813030146,8.0,full
insurance,outer_2,streed,4,1070.0,3,0.001,1e-05,0.001,0.8350153073647374,24162194.27233088,599.7798767089844,18303276.97634822,0.8748563724752335,18796398.52768022,0.8726389718492676,8.0,full
insurance,outer_2,streed,4,1070.0,3,0.0005,0.1,0.1,0.8413493969426132,23236492.333094925,599.7786874771118,18893878.18488331,0.8708182989787716,18458365.56295155,0.8749294226435134,8.0,full
insurance,outer_2,streed,4,1070.0,3,0.0005,0.1,0.001,0.8413497765149147,23236441.277711734,599.7726724147797,18893784.819141924,0.8708189373413763,18458242.78930356,0.8749302545357514,8.0,full
insurance,outer_2,streed,4,1070.0,3,0.0005,0.01,0.1,0.8370738423365437,23866255.53522697,599.7796196937561,18317583.528615497,0.8747585553548122,18664428.05572462,0.8735331801184236,8.0,full
insurance,outer_2,streed,4,1070.0,3,0.0005,0.01,0.001,0.8370718213635588,23866560.693211,599.779239654541,18317524.54547955,0.8747589586357987,18664526.774112266,0.873532511220319,8.0,full
insurance,outer_2,streed,4,1070.0,3,0.0005,0.001,0.1,0.8347822272678282,24203636.204872984,599.7802555561066,18303879.90170972,0.8748522501387271,18769007.641351447,0.8728245675866455,8.0,full
insurance,outer_2,streed,4,1070.0,3,0.0005,0.001,0.001,0.8347779055757183,24204299.79011932,599.7789537906647,18303857.810775623,0.8748524011794196,18769414.6477321,0.8728218097843448,8.0,full
insurance,outer_2,streed,4,1070.0,3,0.0005,0.0001,0.1,0.8344107492558503,24260250.0488755,599.7810163497925,18303311.43331711,0.8748561368851757,18792814.88497937,0.8726632539700279,8.0,full
insurance,outer_2,streed,4,1070.0,3,0.0005,0.0001,0.001,0.8344059207399396,24260994.160871785,599.7737350463867,18303303.256590903,0.8748561927912946,18793361.73439124,0.8726595486164072,8.0,full
insurance,outer_2,streed,4,1070.0,3,0.0005,1e-05,0.1,0.8343694272029532,24266579.2336158,599.7718710899353,18303282.99925084,0.8748563312952916,18795831.63239322,0.872642813030146,8.0,full
insurance,outer_2,streed,4,1070.0,3,0.0005,1e-05,0.001,0.834364539289922,24267332.802212454,599.777708530426,18303276.97634822,0.8748563724752335,18796398.52768022,0.8726389718492676,8.0,full
insurance,outer_2,streed,4,1070.0,3,0.0001,0.1,0.1,0.8413493969426132,23236492.333094925,599.7801332473755,18893878.18488331,0.8708182989787716,18458365.56295155,0.8749294226435134,8.0,full
insurance,outer_2,streed,4,1070.0,3,0.0001,0.1,0.001,0.8413497765149147,23236441.277711734,599.7838363647461,18893784.819141924,0.8708189373413763,18458242.78930356,0.8749302545357514,8.0,full
insurance,outer_2,streed,4,1070.0,3,0.0001,0.01,0.1,0.8370738423365437,23866255.53522697,599.7781593799591,18317583.528615497,0.8747585553548122,18664428.05572462,0.8735331801184236,8.0,full
insurance,outer_2,streed,4,1070.0,3,0.0001,0.01,0.001,0.8370718213635588,23866560.693211,599.7772569656372,18317524.54547955,0.8747589586357987,18664526.774112266,0.873532511220319,8.0,full
insurance,outer_2,streed,4,1070.0,3,0.0001,0.001,0.1,0.8347822272678282,24203636.204872984,599.7720358371735,18303879.90170972,0.8748522501387271,18769007.641351447,0.8728245675866455,8.0,full
insurance,outer_2,streed,4,1070.0,3,0.0001,0.001,0.001,0.8347779055757183,24204299.79011932,599.7691495418549,18303857.810775623,0.8748524011794196,18769414.6477321,0.8728218097843448,8.0,full
insurance,outer_2,streed,4,1070.0,3,0.0001,0.0001,0.1,0.8344107492558503,24260250.0488755,599.7713131904602,18303311.43331711,0.8748561368851757,18792814.88497937,0.8726632539700279,8.0,full
insurance,outer_2,streed,4,1070.0,3,0.0001,0.0001,0.001,0.8344059207399396,24260994.160871785,599.7756452560425,18303303.256590903,0.8748561927912946,18793361.73439124,0.8726595486164072,8.0,full
insurance,outer_2,streed,4,1070.0,3,0.0001,1e-05,0.1,0.8343694272029532,24266579.2336158,599.7641289234161,18303282.99925084,0.8748563312952916,18795831.63239322,0.872642813030146,8.0,full
insurance,outer_2,streed,4,1070.0,3,0.0001,1e-05,0.001,0.834364539289922,24267332.802212454,599.778519153595,18303276.97634822,0.8748563724752335,18796398.52768022,0.8726389718492676,8.0,full
insurance,outer_3,streed,4,1071.0,3,0.1,0.1,0.1,0.8499723925422207,22080892.618142005,5.1829893589019775,21791584.010502297,0.8523932960730441,31407722.17958199,0.7789006723517208,2.0,full
insurance,outer_3,streed,4,1071.0,3,0.1,0.1,0.001,0.8499727312776315,22080843.97930045,5.02897310256958,21791477.056209583,0.8523940205348643,31407867.230142303,0.7788996512467461,2.0,full
insurance,outer_3,streed,4,1071.0,3,0.1,0.01,0.1,0.8515434032449138,21845694.688278303,5.104295969009399,21530611.79883804,0.8541610082302569,32324652.067752536,0.772445808142978,2.0,full
insurance,outer_3,streed,4,1071.0,3,0.1,0.01,0.001,0.8515431990337046,21845725.00698177,5.095761060714722,21530598.61210566,0.8541610975514418,32324924.397799157,0.7724438910351451,2.0,full
insurance,outer_3,streed,4,1071.0,3,0.1,0.001,0.1,0.8515404389515476,21845798.407185502,5.137176990509033,21527385.10171376,0.8541828644719536,32454730.580158733,0.7715301011244922,2.0,full
insurance,outer_3,streed,4,1071.0,3,0.1,0.001,0.001,0.8515401604892299,21845839.610907447,5.152837753295898,21527383.3279244,0.8541828764868306,32455018.139848445,0.7715280768053234,2.0,full
insurance,outer_3,streed,4,1071.0,3,0.1,0.0001,0.1,0.8515380843075165,21846112.25662908,5.141541957855225,21527338.28780182,0.8541831815690143,32468189.057405423,0.7714353581739082,2.0,full
insurance,outer_3,streed,4,1071.0,3,0.1,0.0001,0.001,0.8515377973174529,21846154.7182114,5.180538177490234,21527337.678939834,0.8541831856931803,32468478.16897396,0.7714333229300578,2.0,full
insurance,outer_3,streed,4,1071.0,3,0.1,1e-05,0.1,0.8515378289622845,21846146.5760025,5.250516653060913,21527336.41923751,0.8541831942258555,32469539.48768236,0.7714258516192922,2.0,full
insurance,outer_3,streed,4,1071.0,3,0.1,1e-05,0.001,0.8515375411176804,21846189.163631264,5.210225582122803,21527335.927108336,0.8541831975593244,32469828.75473239,0.7714238152809068,2.0,full
insurance,outer_3,streed,4,1071.0,3,0.08,0.1,0.1,0.8499723925422207,22080892.618142005,448.93685817718506,21791584.010502297,0.8523932960730441,31407722.17958199,0.7789006723517208,2.0,full
insurance,outer_3,streed,4,1071.0,3,0.08,0.1,0.001,0.8499727312776315,22080843.97930045,476.528981924057,21791477.056209583,0.8523940205348643,31407867.230142303,0.7788996512467461,2.0,full
insurance,outer_3,streed,4,1071.0,3,0.08,0.01,0.1,0.8515434032449138,21845694.688278303,6.225847005844116,21530611.79883804,0.8541610082302569,32324652.067752536,0.772445808142978,2.0,full
insurance,outer_3,streed,4,1071.0,3,0.08,0.01,0.001,0.8515431990337046,21845725.00698177,6.277777433395386,21530598.61210566,0.8541610975514418,32324924.397799157,0.7724438910351451,2.0,full
insurance,outer_3,streed,4,1071.0,3,0.08,0.001,0.1,0.8515404389515476,21845798.407185502,5.937114000320435,21527385.10171376,0.8541828644719536,32454730.580158733,0.7715301011244922,2.0,full
insurance,outer_3,streed,4,1071.0,3,0.08,0.001,0.001,0.8515401604892299,21845839.610907447,5.78793478012085,21527383.3279244,0.8541828764868306,32455018.139848445,0.7715280768053234,2.0,full
insurance,outer_3,streed,4,1071.0,3,0.08,0.0001,0.1,0.8515380843075165,21846112.25662908,5.857929468154907,21527338.28780182,0.8541831815690143,32468189.057405423,0.7714353581739082,2.0,full
insurance,outer_3,streed,4,1071.0,3,0.08,0.0001,0.001,0.8515377973174529,21846154.7182114,5.786586046218872,21527337.678939834,0.8541831856931803,32468478.16897396,0.7714333229300578,2.0,full
insurance,outer_3,streed,4,1071.0,3,0.08,1e-05,0.1,0.8515378289622845,21846146.5760025,5.985164165496826,21527336.41923751,0.8541831942258555,32469539.48768236,0.7714258516192922,2.0,full
insurance,outer_3,streed,4,1071.0,3,0.08,1e-05,0.001,0.8515375411176804,21846189.163631264,5.964363098144531,21527335.927108336,0.8541831975593244,32469828.75473239,0.7714238152809068,2.0,full
insurance,outer_3,streed,4,1071.0,3,0.05,0.1,0.1,0.8499723925422207,22080892.618142005,599.8066537380219,21791584.010502297,0.8523932960730441,31407722.17958199,0.7789006723517208,2.0,full
insurance,outer_3,streed,4,1071.0,3,0.05,0.1,0.001,0.8499727312776315,22080843.97930045,599.7928636074066,21791477.056209583,0.8523940205348643,31407867.230142303,0.7788996512467461,2.0,full
insurance,outer_3,streed,4,1071.0,3,0.05,0.01,0.1,0.8515434032449138,21845694.688278303,492.3983929157257,21530611.79883804,0.8541610082302569,32324652.067752536,0.772445808142978,2.0,full
insurance,outer_3,streed,4,1071.0,3,0.05,0.01,0.001,0.8515431990337046,21845725.00698177,503.43098044395447,21530598.61210566,0.8541610975514418,32324924.397799157,0.7724438910351451,2.0,full
insurance,outer_3,streed,4,1071.0,3,0.05,0.001,0.1,0.8515404389515476,21845798.407185502,506.0864312648773,21527385.10171376,0.8541828644719536,32454730.580158733,0.7715301011244922,2.0,full
insurance,outer_3,streed,4,1071.0,3,0.05,0.001,0.001,0.8515401604892299,21845839.610907447,497.9682471752167,21527383.3279244,0.8541828764868306,32455018.139848445,0.7715280768053234,2.0,full
insurance,outer_3,streed,4,1071.0,3,0.05,0.0001,0.1,0.8515380843075165,21846112.25662908,495.1292073726654,21527338.28780182,0.8541831815690143,32468189.057405423,0.7714353581739082,2.0,full
insurance,outer_3,streed,4,1071.0,3,0.05,0.0001,0.001,0.8515377973174529,21846154.7182114,495.8574013710022,21527337.678939834,0.8541831856931803,32468478.16897396,0.7714333229300578,2.0,full
insurance,outer_3,streed,4,1071.0,3,0.05,1e-05,0.1,0.8515378289622845,21846146.5760025,500.64145493507385,21527336.41923751,0.8541831942258555,32469539.48768236,0.7714258516192922,2.0,full
insurance,outer_3,streed,4,1071.0,3,0.05,1e-05,0.001,0.8515375411176804,21846189.163631264,494.8870368003845,21527335.927108336,0.8541831975593244,32469828.75473239,0.7714238152809068,2.0,full
insurance,outer_3,streed,4,1071.0,3,0.03,0.1,0.1,0.8759071389832455,18290121.06126226,599.8087763786316,17685107.57495361,0.8802087798448035,26982411.99657597,0.8100533010111078,3.0,full
insurance,outer_3,streed,4,1071.0,3,0.03,0.1,0.001,0.8759076343819024,18290048.743648637,599.7915008068085,17685010.13721053,0.8802094398456591,26982440.31393821,0.8100531016668282,3.0,full
insurance,outer_3,streed,4,1071.0,3,0.03,0.01,0.1,0.8569247855614656,21009342.922380045,599.7815690040588,21530611.79883804,0.8541610082302569,32324652.067752536,0.772445808142978,2.0,full
insurance,outer_3,streed,4,1071.0,3,0.03,0.01,0.001,0.8569247580067932,21009345.785868853,599.7761154174805,21530598.61210566,0.8541610975514418,32324924.397799157,0.7724438910351451,2.0,full
insurance,outer_3,streed,4,1071.0,3,0.03,0.001,0.1,0.8515404389515476,21845798.407185502,599.7715127468109,21527385.10171376,0.8541828644719536,32454730.580158733,0.7715301011244922,2.0,full
insurance,outer_3,streed,4,1071.0,3,0.03,0.001,0.001,0.8515401604892299,21845839.610907447,599.7593717575073,21527383.3279244,0.8541828764868306,32455018.139848445,0.7715280768053234,2.0,full
insurance,outer_3,streed,4,1071.0,3,0.03,0.0001,0.1,0.8515380843075165,21846112.25662908,599.76789021492,21527338.28780182,0.8541831815690143,32468189.057405423,0.7714353581739082,2.0,full
insurance,outer_3,streed,4,1071.0,3,0.03,0.0001,0.001,0.8515377973174529,21846154.7182114,599.7845430374146,21527337.678939834,0.8541831856931803,32468478.16897396,0.7714333229300578,2.0,full
insurance,outer_3,streed,4,1071.0,3,0.03,1e-05,0.1,0.8515378289622845,21846146.5760025,599.7654156684875,21527336.41923751,0.8541831942258555,32469539.48768236,0.7714258516192922,2.0,full
insurance,outer_3,streed,4,1071.0,3,0.03,1e-05,0.001,0.8515375411176804,21846189.163631264,599.7765305042267,21527335.927108336,0.8541831975593244,32469828.75473239,0.7714238152809068,2.0,full
insurance,outer_3,streed,4,1071.0,3,0.01,0.1,0.1,0.8759071389832455,18290121.06126226,599.8346054553986,17685107.57495361,0.8802087798448035,26982411.99657597,0.8100533010111078,3.0,full
insurance,outer_3,streed,4,1071.0,3,0.01,0.1,0.001,0.8759076343819024,18290048.743648637,599.7960338592529,17685010.13721053,0.8802094398456591,26982440.31393821,0.8100531016668282,3.0,full
insurance,outer_3,streed,4,1071.0,3,0.01,0.01,0.1,0.8766961117198475,18170644.70873813,599.7915093898773,17529745.893223483,0.8812611322458809,27283584.15486733,0.8079331548469302,3.0,full
insurance,outer_3,streed,4,1071.0,3,0.01,0.01,0.001,0.8766961176201938,18170642.73562724,599.7965996265411,17529732.962375402,0.8812612198338168,27283726.89121393,0.8079321500332068,3.0,full
insurance,outer_3,streed,4,1071.0,3,0.01,0.001,0.1,0.8766640080449659,18174893.007127263,599.7823252677917,17527661.23175692,0.881275252835175,27333633.036401656,0.8075808283078225,3.0,full
insurance,outer_3,streed,4,1071.0,3,0.01,0.001,0.001,0.8766639349859561,18174902.50257783,599.7807459831238,17527659.47691863,0.8812752647216857,27333790.89368116,0.807579717048045,3.0,full
insurance,outer_3,streed,4,1071.0,3,0.01,0.0001,0.1,0.8766592802477419,18175539.099029187,599.7909662723541,17527626.82279591,0.8812754859064983,27338892.60703336,0.8075438027787587,3.0,full
insurance,outer_3,streed,4,1071.0,3,0.01,0.0001,0.001,0.8766591980773559,18175549.926946264,599.7810742855072,17527626.221439358,0.8812754899798259,27339052.025034714,0.8075426805320477,3.0,full
insurance,outer_3,streed,4,1071.0,3,0.01,1e-05,0.1,0.876658791709542,18175606.005925216,599.78559923172,17527625.17333836,0.8812754970792057,27339421.18258395,0.8075400817926209,3.0,full
insurance,outer_3,streed,4,1071.0,3,0.01,1e-05,0.001,0.8766587086244102,18175616.967615407,599.7842266559601,17527624.6877006,0.8812755003687045,27339580.757159863,0.8075389584436801,3.0,full
insurance,outer_3,streed,4,1071.0,3,0.008,0.1,0.1,0.8754183745097951,18366082.77638166,599.7968187332153,17685107.57495361,0.8802087798448035,26982411.99657597,0.8100533010111078,3.0,full
insurance,outer_3,streed,4,1071.0,3,0.008,0.1,0.001,0.8754191234139759,18365971.06000764,599.7803726196289,17685010.13721053,0.8802094398456591,26982440.31393821,0.8100531016668282,3.0,full
insurance,outer_3,streed,4,1071.0,3,0.008,0.01,0.1,0.8766961117198475,18170644.70873813,599.7874999046326,17529745.893223483,0.8812611322458809,27283584.15486733,0.8079331548469302,3.0,full
insurance,outer_3,streed,4,1071.0,3,0.008,0.01,0.001,0.8766961176201938,18170642.73562724,599.7695491313934,17529732.962375402,0.8812612198338168,27283726.89121393,0.8079321500332068,3.0,full
insurance,outer_3,streed,4,1071.0,3,0.008,0.001,0.1,0.8766640080449659,18174893.007127263,599.7827532291412,17527661.23175692,0.881275252835175,27333633.036401656,0.8075808283078225,3.0,full
insurance,outer_3,streed,4,1071.0,3,0.008,0.001,0.001,0.8766639349859561,18174902.50257783,599.7804770469666,17527659.47691863,0.8812752647216857,27333790.89368116,0.807579717048045,3.0,full
insurance,outer_3,streed,4,1071.0,3,0.008,0.0001,0.1,0.8766592802477419,18175539.099029187,599.787828207016,17527626.82279591,0.8812754859064983,27338892.60703336,0.8075438027787587,3.0,full
insurance,outer_3,streed,4,1071.0,3,0.008,0.0001,0.001,0.8766591980773559,18175549.926946264,599.7947919368744,17527626.221439358,0.8812754899798259,27339052.025034714,0.8075426805320477,3.0,full
insurance,outer_3,streed,4,1071.0,3,0.008,1e-05,0.1,0.876658791709542,18175606.005925216,599.7883841991425,17527625.17333836,0.8812754970792057,27339421.18258395,0.8075400817926209,3.0,full
insurance,outer_3,streed,4,1071.0,3,0.008,1e-05,0.001,0.8766587086244102,18175616.967615407,599.7975845336914,17527624.6877006,0.8812755003687045,27339580.757159863,0.8075389584436801,3.0,full
insurance,outer_3,streed,4,1071.0,3,0.005,0.1,0.1,0.8753864756782508,18372544.874169152,599.7921671867371,17349787.00013069,0.8824800954492427,27711685.78309169,0.8049194698167221,4.0,full
insurance,outer_3,streed,4,1071.0,3,0.005,0.1,0.001,0.8753875541044707,18372385.53701206,599.7915732860565,17349625.632636297,0.8824811884824044,27711545.444244508,0.804920457752892,4.0,full
insurance,outer_3,streed,4,1071.0,3,0.005,0.01,0.1,0.875722788389535,18321914.51976661,599.7887723445892,17529745.893223483,0.8812611322458809,27283584.15486733,0.8079331548469302,3.0,full
insurance,outer_3,streed,4,1071.0,3,0.005,0.01,0.001,0.8757227529610278,18321918.969812047,599.7889266014099,17529732.962375402,0.8812612198338168,27283726.89121393,0.8079321500332068,3.0,full
insurance,outer_3,streed,4,1071.0,3,0.005,0.001,0.1,0.8762508461938209,18239104.88122962,599.7763888835907,17527661.23175692,0.881275252835175,27333633.036401656,0.8075808283078225,3.0,full
insurance,outer_3,streed,4,1071.0,3,0.005,0.001,0.001,0.8762502697183455,18239192.61554617,599.7888679504395,17527659.47691863,0.8812752647216857,27333790.89368116,0.807579717048045,3.0,full
insurance,outer_3,streed,4,1071.0,3,0.005,0.0001,0.1,0.8762305418155326,18242171.81973064,599.7912611961365,17527626.82279591,0.8812754859064983,27338892.60703336,0.8075438027787587,3.0,full
insurance,outer_3,streed,4,1071.0,3,0.005,0.0001,0.001,0.8762299465668478,18242262.38811518,599.7784342765808,17527626.221439358,0.8812754899798259,27339052.025034714,0.8075426805320477,3.0,full
insurance,outer_3,streed,4,1071.0,3,0.005,1e-05,0.1,0.8762284695493175,18242484.86296198,599.7812347412109,17527625.17333836,0.8812754970792057,27339421.18258395,0.8075400817926209,3.0,full
insurance,outer_3,streed,4,1071.0,3,0.005,1e-05,0.001,0.8762278723987625,18242575.71853432,599.7889449596405,17527624.6877006,0.8812755003687045,27339580.757159863,0.8075389584436801,3.0,full
insurance,outer_3,streed,4,1071.0,3,0.003,0.1,0.1,0.8713721666274706,18995801.215017397,599.7865505218506,17028649.62835638,0.8846553402103636,28131847.099066228,0.801961681794572,5.0,full
insurance,outer_3,streed,4,1071.0,3,0.003,0.1,0.001,0.8713729653666786,18995682.912700128,599.7813701629639,17028523.70511164,0.8846561931596074,28131750.25702483,0.8019623635285137,5.0,full
insurance,outer_3,streed,4,1071.0,3,0.003,0.01,0.1,0.8695049987690483,19268386.09883972,599.7798428535461,17026341.83697822,0.8846709721845477,27111170.74844804,0.8091468846430259,4.0,full
insurance,outer_3,streed,4,1071.0,3,0.003,0.01,0.001,0.8695047456910167,19268428.684343383,599.7745957374573,17026304.435410473,0.8846712255264861,27111275.75133909,0.8091461454595703,4.0,full
insurance,outer_3,streed,4,1071.0,3,0.003,0.001,0.1,0.868953189715338,19352411.15756544,599.7684869766235,17017140.76809553,0.8847332962198139,27105505.23847576,0.8091867678424025,4.0,full
insurance,outer_3,streed,4,1071.0,3,0.003,0.001,0.001,0.8689529775485356,19352451.011514347,599.7762241363525,17017136.856997058,0.8847333227118924,27105654.069743115,0.8091857201225788,4.0,full
insurance,outer_3,streed,4,1071.0,3,0.003,0.0001,0.1,0.8689007889991073,19360433.2190741,599.7721514701843,17017045.658689383,0.8847339404495288,27106160.84100151,0.8091821526309962,4.0,full
insurance,outer_3,streed,4,1071.0,3,0.003,0.0001,0.001,0.8689006196459056,19360467.241024014,599.7708745002747,17017045.05348697,0.8847339445489065,27106314.035242066,0.8091810741973744,4.0,full
insurance,outer_3,streed,4,1071.0,3,0.003,1e-05,0.1,0.8680486920859946,19483891.816715192,599.7830662727356,17017042.667855706,0.8847339607081341,27106234.35399527,0.8091816351253522,4.0,full
insurance,outer_3,streed,4,1071.0,3,0.003,1e-05,0.001,0.8680465445057209,19484212.39470743,599.7747783660889,17017042.39669807,0.884733962544838,27106387.9887837,0.8091805535904282,4.0,full
insurance,outer_3,streed,4,1071.0,3,0.001,0.1,0.1,0.864563936825288,19988888.785609163,599.7893471717834,16653446.802528132,0.88719680082185,28634704.262310997,0.7984217440664926,6.0,full
insurance,outer_3,streed,4,1071.0,3,0.001,0.1,0.001,0.8645641171973422,19988861.370926365,599.7903661727905,16653305.341741908,0.8871977590156361,28634619.88170652,0.7984223380762973,6.0,full
insurance,outer_3,streed,4,1071.0,3,0.001,0.01,0.1,0.8620133616525759,20359689.3782935,599.7850866317749,16401461.460843248,0.888903639833924,27398655.060118653,0.8071230961092263,6.0,full
insurance,outer_3,streed,4,1071.0,3,0.001,0.01,0.001,0.8620129826619706,20359752.78464392,599.7718906402588,16401428.108101357,0.8889038657508787,27398577.02115308,0.8071236454761215,6.0,full
insurance,outer_3,streed,4,1071.0,3,0.001,0.001,0.1,0.8606282168776541,20550807.748165708,599.770355463028,16380247.806953238,0.8890473318907952,27996460.07713219,0.8029147588547536,6.0,full
insurance,outer_3,streed,4,1071.0,3,0.001,0.001,0.001,0.8606266392032323,20551044.073303346,599.7809963226318,16380240.555319542,0.8890473810102052,27996496.04539319,0.8029145056508352,6.0,full
insurance,outer_3,streed,4,1071.0,3,0.001,0.0001,0.1,0.8604509656600992,20576901.9401502,599.7624952793121,16380067.908343645,0.8890485504456644,27993221.08405689,0.8029375602278399,6.0,full
insurance,outer_3,streed,4,1071.0,3,0.001,0.0001,0.001,0.8604476273545852,20577393.442194548,599.7764294147491,16380066.225838142,0.8890485618422242,27993250.29307061,0.8029373546066472,6.0,full
insurance,outer_3,streed,4,1071.0,3,0.001,1e-05,0.1,0.8601407386271361,20621876.832916923,599.7848575115204,16380064.350447226,0.889048574545306,27992808.367917623,0.8029404656044342,6.0,full
insurance,outer_3,streed,4,1071.0,3,0.001,1e-05,0.001,0.8601368234028725,20622451.91061415,599.784405708313,16380063.269970162,0.8890485818639873,27992836.84585025,0.8029402651297955,6.0,full
insurance,outer_3,streed,4,1071.0,3,0.0005,0.1,0.1,0.8643656603946398,20017606.27377103,599.7846901416779,16429535.459724505,0.8887134787864795,28673212.062336314,0.7981506626857375,8.0,full
insurance,outer_3,streed,4,1071.0,3,0.0005,0.1,0.001,0.8643658436822852,20017578.43680681,599.7940039634705,16429395.032174556,0.8887144299815729,28673149.293860205,0.7981511045537528,8.0,full
insurance,outer_3,streed,4,1071.0,3,0.0005,0.01,0.1,0.8618689127087932,20380610.729457185,599.7904975414276,16124043.369679634,0.89078274921976,28606656.57637087,0.7986191899197128,8.0,full
insurance,outer_3,streed,4,1071.0,3,0.0005,0.01,0.001,0.8618685708620358,20380668.756055657,599.7747011184692,16123999.805864643,0.8907830443020788,28606870.668437164,0.7986176827867968,8.0,full
insurance,outer_3,streed,4,1071.0,3,0.0005,0.001,0.1,0.8596258664814252,20706051.12205233,599.7778038978577,16096339.68608219,0.890970401912675,29479592.098130923,0.7924740305911283,8.0,full
insurance,outer_3,streed,4,1071.0,3,0.0005,0.001,0.001,0.8596240744236785,20706319.594364967,599.78262758255,16096329.148200482,0.8909704732916984,29479987.778706405,0.7924712451389169,8.0,full
insurance,outer_3,streed,4,1071.0,3,0.0005,0.0001,0.1,0.8596234961602471,20706784.487463787,599.7727646827698,16095856.083645849,0.8909736776250603,29509445.438078918,0.7922638735681893,8.0,full
insurance,outer_3,streed,4,1071.0,3,0.0005,0.0001,0.001,0.8596200935196027,20707286.41257217,599.7744114398956,16095852.00540384,0.8909737052492964,29509842.43795524,0.7922610788285634,8.0,full
insurance,outer_3,streed,4,1071.0,3,0.0005,1e-05,0.1,0.8593119614989639,20751945.576856297,599.7777290344238,16095826.604736336,0.8909738773023608,29512407.177492432,0.7922430239634566,8.0,full
insurance,outer_3,streed,4,1071.0,3,0.0005,1e-05,0.001,0.859307977135782,20752531.774205744,599.7799365520477,16095823.219921757,0.8909739002296213,29512804.2695074,0.7922402285752072,8.0,full
insurance,outer_3,streed,4,1071.0,3,0.0001,0.1,0.1,0.8643656603946398,20017606.27377103,599.7850465774536,16429535.459724505,0.8887134787864795,28673212.062336314,0.7981506626857375,8.0,full
insurance,outer_3,streed,4,1071.0,3,0.0001,0.1,0.001,0.8643658436822852,20017578.43680681,599.7875204086304,16429395.032174556,0.8887144299815729,28673149.293860205,0.7981511045537528,8.0,full
insurance,outer_3,streed,4,1071.0,3,0.0001,0.01,0.1,0.8618689127087932,20380610.729457185,599.7891533374786,16124043.369679634,0.89078274921976,28606656.57637087,0.7986191899197128,8.0,full
insurance,outer_3,streed,4,1071.0,3,0.0001,0.01,0.001,0.8618685708620358,20380668.756055657,599.7760851383209,16123999.805864643,0.8907830443020788,28606870.668437164,0.7986176827867968,8.0,full
insurance,outer_3,streed,4,1071.0,3,0.0001,0.001,0.1,0.8596258664814252,20706051.12205233,599.777485370636,16096339.68608219,0.890970401912675,29479592.098130923,0.7924740305911283,8.0,full
insurance,outer_3,streed,4,1071.0,3,0.0001,0.001,0.001,0.8596240744236785,20706319.594364967,599.7807440757751,16096329.148200482,0.8909704732916984,29479987.778706405,0.7924712451389169,8.0,full
insurance,outer_3,streed,4,1071.0,3,0.0001,0.0001,0.1,0.8596234961602471,20706784.487463787,599.7788050174713,16095856.083645849,0.8909736776250603,29509445.438078918,0.7922638735681893,8.0,full
insurance,outer_3,streed,4,1071.0,3,0.0001,0.0001,0.001,0.8596200935196027,20707286.41257217,599.7733702659607,16095852.00540384,0.8909737052492964,29509842.43795524,0.7922610788285634,8.0,full
insurance,outer_3,streed,4,1071.0,3,0.0001,1e-05,0.1,0.8593119614989639,20751945.576856297,599.7778034210205,16095826.604736336,0.8909738773023608,29512407.177492432,0.7922430239634566,8.0,full
insurance,outer_3,streed,4,1071.0,3,0.0001,1e-05,0.001,0.859307977135782,20752531.774205744,599.7822229862213,16095823.219921757,0.8909739002296213,29512804.2695074,0.7922402285752072,8.0,full
insurance,outer_4,streed,4,1071.0,3,0.1,0.1,0.1,0.8357612535179246,25535784.304974034,5.16470742225647,24847373.13308813,0.8395110411603548,20065689.938106667,0.8219753072003276,2.0,full
insurance,outer_4,streed,4,1071.0,3,0.1,0.1,0.001,0.8357617416965503,25535709.3654269,5.131040334701538,24847282.55144527,0.8395116262263687,20065665.74068908,0.8219755218820977,2.0,full
insurance,outer_4,streed,4,1071.0,3,0.1,0.01,0.1,0.8375800485220619,25258872.59931753,5.226421594619751,24616673.20267726,0.8410011299290028,19591756.86202845,0.8261800861307644,2.0,full
insurance,outer_4,streed,4,1071.0,3,0.1,0.01,0.001,0.8375797202366,25258923.8350036,5.263019561767578,24616662.420421757,0.8410011995714938,19591811.159231577,0.8261796044008595,2.0,full
insurance,outer_4,streed,4,1071.0,3,0.1,0.001,0.1,0.8376267196264644,25251890.79688631,5.32463264465332,24613833.72132327,0.8410194701134441,19562521.684615467,0.8264394633808836,2.0,full
insurance,outer_4,streed,4,1071.0,3,0.1,0.001,0.001,0.8376263309403473,25251951.348010525,5.343706130981445,24613832.358364947,0.8410194789167798,19562585.21206036,0.8264388997594035,2.0,full
insurance,outer_4,streed,4,1071.0,3,0.1,0.0001,0.1,0.8376297448477991,25251443.93804099,5.407900094985962,24613793.063466422,0.8410197327221747,19559817.885949023,0.8264634517375496,2.0,full
insurance,outer_4,streed,4,1071.0,3,0.1,0.0001,0.001,0.8376293500176621,25251505.436716408,5.36581015586853,24613792.6585944,0.8410197353372395,19559882.35186217,0.8264628797898909,2.0,full
insurance,outer_4,streed,4,1071.0,3,0.1,1e-05,0.1,0.8376300306150327,25251401.81662807,5.392008304595947,24613791.477116883,0.8410197429683921,19559549.74785488,0.8264658306839994,2.0,full
insurance,outer_4,streed,4,1071.0,3,0.1,1e-05,0.001,0.8376296351694404,25251463.4102208,5.382832288742065,24613791.16821713,0.8410197449635728,19559614.30777125,0.8264652579023349,2.0,full
insurance,outer_4,streed,4,1071.0,3,0.08,0.1,0.1,0.8357612535179246,25535784.304974034,430.5485918521881,24847373.13308813,0.8395110411603548,20065689.938106667,0.8219753072003276,2.0,full
insurance,outer_4,streed,4,1071.0,3,0.08,0.1,0.001,0.8357617416965503,25535709.3654269,439.8076927661896,24847282.55144527,0.8395116262263687,20065665.74068908,0.8219755218820977,2.0,full
insurance,outer_4,streed,4,1071.0,3,0.08,0.01,0.1,0.8375800485220619,25258872.59931753,449.74351477622986,24616673.20267726,0.8410011299290028,19591756.86202845,0.8261800861307644,2.0,full
insurance,outer_4,streed,4,1071.0,3,0.08,0.01,0.001,0.8375797202366,25258923.8350036,449.2436447143554,24616662.420421757,0.8410011995714938,19591811.159231577,0.8261796044008595,2.0,full
insurance,outer_4,streed,4,1071.0,3,0.08,0.001,0.1,0.8376267196264644,25251890.79688631,5.883030414581299,24613833.72132327,0.8410194701134441,19562521.684615467,0.8264394633808836,2.0,full
insurance,outer_4,streed,4,1071.0,3,0.08,0.001,0.001,0.8376263309403473,25251951.348010525,5.817379951477051,24613832.358364947,0.8410194789167798,19562585.21206036,0.8264388997594035,2.0,full
insurance,outer_4,streed,4,1071.0,3,0.08,0.0001,0.1,0.8376297448477991,25251443.93804099,5.822520732879639,24613793.063466422,0.8410197327221747,19559817.885949023,0.8264634517375496,2.0,full
insurance,outer_4,streed,4,1071.0,3,0.08,0.0001,0.001,0.8376293500176621,25251505.436716408,5.865829229354858,24613792.6585944,0.8410197353372395,19559882.35186217,0.8264628797898909,2.0,full
insurance,outer_4,streed,4,1071.0,3,0.08,1e-05,0.1,0.8376300306150327,25251401.81662807,5.836442232131958,24613791.477116883,0.8410197429683921,19559549.74785488,0.8264658306839994,2.0,full
insurance,outer_4,streed,4,1071.0,3,0.08,1e-05,0.001,0.8376296351694404,25251463.4102208,5.775320291519165,24613791.16821713,0.8410197449635728,19559614.30777125,0.8264652579023349,2.0,full
insurance,outer_4,streed,4,1071.0,3,0.05,0.1,0.1,0.8357612535179246,25535784.304974034,599.8266303539276,24847373.13308813,0.8395110411603548,20065689.938106667,0.8219753072003276,2.0,full
insurance,outer_4,streed,4,1071.0,3,0.05,0.1,0.001,0.8357617416965503,25535709.3654269,599.8047976493835,24847282.55144527,0.8395116262263687,20065665.74068908,0.8219755218820977,2.0,full
insurance,outer_4,streed,4,1071.0,3,0.05,0.01,0.1,0.8375800485220619,25258872.59931753,599.7945764064789,24616673.20267726,0.8410011299290028,19591756.86202845,0.8261800861307644,2.0,full
insurance,outer_4,streed,4,1071.0,3,0.05,0.01,0.001,0.8375797202366,25258923.8350036,599.7908382415771,24616662.420421757,0.8410011995714938,19591811.159231577,0.8261796044008595,2.0,full
insurance,outer_4,streed,4,1071.0,3,0.05,0.001,0.1,0.8376267196264644,25251890.79688631,599.793972492218,24613833.72132327,0.8410194701134441,19562521.684615467,0.8264394633808836,2.0,full
insurance,outer_4,streed,4,1071.0,3,0.05,0.001,0.001,0.8376263309403473,25251951.348010525,599.7868328094482,24613832.358364947,0.8410194789167798,19562585.21206036,0.8264388997594035,2.0,full
insurance,outer_4,streed,4,1071.0,3,0.05,0.0001,0.1,0.8376297448477991,25251443.93804099,599.7988159656525,24613793.063466422,0.8410197327221747,19559817.885949023,0.8264634517375496,2.0,full
insurance,outer_4,streed,4,1071.0,3,0.05,0.0001,0.001,0.8376293500176621,25251505.436716408,599.7891330718994,24613792.6585944,0.8410197353372395,19559882.35186217,0.8264628797898909,2.0,full
insurance,outer_4,streed,4,1071.0,3,0.05,1e-05,0.1,0.8376300306150327,25251401.81662807,599.7824625968933,24613791.477116883,0.8410197429683921,19559549.74785488,0.8264658306839994,2.0,full
insurance,outer_4,streed,4,1071.0,3,0.05,1e-05,0.001,0.8376296351694404,25251463.4102208,599.7790834903717,24613791.16821713,0.8410197449635728,19559614.30777125,0.8264652579023349,2.0,full
insurance,outer_4,streed,4,1071.0,3,0.03,0.1,0.1,0.8606450758922831,21648500.33984333,599.8511819839478,20482295.98320265,0.8677050350802578,17138576.87391528,0.8479449302558979,3.0,full
insurance,outer_4,streed,4,1071.0,3,0.03,0.1,0.001,0.8606455166550333,21648433.92620586,599.8413076400757,20482213.93463603,0.8677055650312091,17138532.143286802,0.8479453271102507,3.0,full
insurance,outer_4,streed,4,1071.0,3,0.03,0.01,0.1,0.8375800485220619,25258872.59931753,599.8382532596588,24616673.20267726,0.8410011299290028,19591756.86202845,0.8261800861307644,2.0,full
insurance,outer_4,streed,4,1071.0,3,0.03,0.01,0.001,0.8375797202366,25258923.8350036,599.8394992351532,24616662.420421757,0.8410011995714938,19591811.159231577,0.8261796044008595,2.0,full
insurance,outer_4,streed,4,1071.0,3,0.03,0.001,0.1,0.8376267196264644,25251890.79688631,599.8435771465302,24613833.72132327,0.8410194701134441,19562521.684615467,0.8264394633808836,2.0,full
insurance,outer_4,streed,4,1071.0,3,0.03,0.001,0.001,0.8376263309403473,25251951.348010525,599.8330960273743,24613832.358364947,0.8410194789167798,19562585.21206036,0.8264388997594035,2.0,full
insurance,outer_4,streed,4,1071.0,3,0.03,0.0001,0.1,0.8376297448477991,25251443.93804099,599.838611125946,24613793.063466422,0.8410197327221747,19559817.885949023,0.8264634517375496,2.0,full
insurance,outer_4,streed,4,1071.0,3,0.03,0.0001,0.001,0.8376293500176621,25251505.436716408,599.8456799983978,24613792.6585944,0.8410197353372395,19559882.35186217,0.8264628797898909,2.0,full
insurance,outer_4,streed,4,1071.0,3,0.03,1e-05,0.1,0.8376300306150327,25251401.81662807,599.8434171676636,24613791.477116883,0.8410197429683921,19559549.74785488,0.8264658306839994,2.0,full
insurance,outer_4,streed,4,1071.0,3,0.03,1e-05,0.001,0.8376296351694404,25251463.4102208,599.8404712677002,24613791.16821713,0.8410197449635728,19559614.30777125,0.8264652579023349,2.0,full
insurance,outer_4,streed,4,1071.0,3,0.01,0.1,0.1,0.8606450758922831,21648500.33984333,599.8191905021667,20482295.98320265,0.8677050350802578,17138576.87391528,0.8479449302558979,3.0,full
insurance,outer_4,streed,4,1071.0,3,0.01,0.1,0.001,0.8606455166550333,21648433.92620586,599.791582107544,20482213.93463603,0.8677055650312091,17138532.143286802,0.8479453271102507,3.0,full
insurance,outer_4,streed,4,1071.0,3,0.01,0.01,0.1,0.8617360005838614,21482357.973681312,599.787947177887,20343014.84126367,0.8686046507191446,16896723.062077634,0.8500906800749988,3.0,full
insurance,outer_4,streed,4,1071.0,3,0.01,0.01,0.001,0.8617356351772537,21482416.955215205,599.7900602817535,20343004.326123577,0.8686047186363396,16896742.74864389,0.8500905054139271,3.0,full
insurance,outer_4,streed,4,1071.0,3,0.01,0.001,0.1,0.8617678899979789,21477752.636806987,599.786164522171,20341171.275766067,0.868616558292057,16881902.00283316,0.8502221739098532,3.0,full
insurance,outer_4,streed,4,1071.0,3,0.01,0.001,0.001,0.8617674598657142,21477821.70420773,599.7855703830719,20341169.940999627,0.8686165669133014,16881930.100223172,0.8502219246271603,3.0,full
insurance,outer_4,streed,4,1071.0,3,0.01,0.0001,0.1,0.8617700624703634,21477450.25759873,599.7917952537537,20341142.06188168,0.8686167469842727,16880541.883205343,0.8502342410194149,3.0,full
insurance,outer_4,streed,4,1071.0,3,0.01,0.0001,0.001,0.8617696256718156,21477520.36375009,599.7802290916443,20341141.67204213,0.8686167495022428,16880570.848801807,0.8502339840339124,3.0,full
insurance,outer_4,streed,4,1071.0,3,0.01,1e-05,0.1,0.8617702692283983,21477421.65183029,599.7825675010681,20341140.735805903,0.8686167555493841,16880407.127990965,0.8502354365803808,3.0,full
insurance,outer_4,streed,4,1071.0,3,0.01,1e-05,0.001,0.8617698317612165,21477491.86216908,599.7847261428833,20341140.44073729,0.8686167574552296,16880436.180690177,0.8502351788220944,3.0,full
insurance,outer_4,streed,4,1071.0,3,0.008,0.1,0.1,0.8606450758922831,21648500.33984333,599.7900784015656,20482295.98320265,0.8677050350802578,17138576.87391528,0.8479449302558979,3.0,full
insurance,outer_4,streed,4,1071.0,3,0.008,0.1,0.001,0.8606455166550333,21648433.92620586,599.789763212204,20482213.93463603,0.8677055650312091,17138532.143286802,0.8479453271102507,3.0,full
insurance,outer_4,streed,4,1071.0,3,0.008,0.01,0.1,0.8617360005838614,21482357.973681312,599.8077909946442,20343014.84126367,0.8686046507191446,16896723.062077634,0.8500906800749988,3.0,full
insurance,outer_4,streed,4,1071.0,3,0.008,0.01,0.001,0.8617356351772537,21482416.955215205,599.791844367981,20343004.326123577,0.8686047186363396,16896742.74864389,0.8500905054139271,3.0,full
insurance,outer_4,streed,4,1071.0,3,0.008,0.001,0.1,0.8617678899979789,21477752.636806987,599.7926287651062,20341171.275766067,0.868616558292057,16881902.00283316,0.8502221739098532,3.0,full
insurance,outer_4,streed,4,1071.0,3,0.008,0.001,0.001,0.8617674598657142,21477821.70420773,599.7947044372559,20341169.940999627,0.8686165669133014,16881930.100223172,0.8502219246271603,3.0,full
insurance,outer_4,streed,4,1071.0,3,0.008,0.0001,0.1,0.8617700624703634,21477450.25759873,599.7955241203308,20341142.06188168,0.8686167469842727,16880541.883205343,0.8502342410194149,3.0,full
insurance,outer_4,streed,4,1071.0,3,0.008,0.0001,0.001,0.8617696256718156,21477520.36375009,599.8097276687622,20341141.67204213,0.8686167495022428,16880570.848801807,0.8502339840339124,3.0,full
insurance,outer_4,streed,4,1071.0,3,0.008,1e-05,0.1,0.8617702692283983,21477421.65183029,599.8020734786987,20341140.735805903,0.8686167555493841,16880407.127990965,0.8502354365803808,3.0,full
insurance,outer_4,streed,4,1071.0,3,0.008,1e-05,0.001,0.8617698317612165,21477491.86216908,599.8004541397095,20341140.44073729,0.8686167574552296,16880436.180690177,0.8502351788220944,3.0,full
insurance,outer_4,streed,4,1071.0,3,0.005,0.1,0.1,0.8606676710906015,21645699.76664583,599.7981371879578,20028790.23610164,0.8706342246082692,17526694.081836086,0.8445015177979415,4.0,full
insurance,outer_4,streed,4,1071.0,3,0.005,0.1,0.001,0.8606681288535802,21645629.22025456,599.7967948913574,20028648.726432864,0.870635138617943,17526548.613753986,0.8445028084044797,4.0,full
insurance,outer_4,streed,4,1071.0,3,0.005,0.01,0.1,0.8615247110943934,21515107.80281601,599.7943694591522,20343014.84126367,0.8686046507191446,16896723.062077634,0.8500906800749988,3.0,full
insurance,outer_4,streed,4,1071.0,3,0.005,0.01,0.001,0.8615244897285441,21515144.45806081,599.7887811660767,20343004.326123577,0.8686047186363396,16896742.74864389,0.8500905054139271,3.0,full
insurance,outer_4,streed,4,1071.0,3,0.005,0.001,0.1,0.8615427443007796,21512650.17540329,599.7821016311646,20341171.275766067,0.868616558292057,16881902.00283316,0.8502221739098532,3.0,full
insurance,outer_4,streed,4,1071.0,3,0.005,0.001,0.001,0.8615424512386634,21512697.996958047,599.7852506637573,20341169.940999627,0.8686165669133014,16881930.100223172,0.8502219246271603,3.0,full
insurance,outer_4,streed,4,1071.0,3,0.005,0.0001,0.1,0.8615434754281192,21512571.204392284,599.7901835441589,20341142.06188168,0.8686167469842727,16880541.883205343,0.8502342410194149,3.0,full
insurance,outer_4,streed,4,1071.0,3,0.005,0.0001,0.001,0.8615431746097197,21512620.23364751,599.784660577774,20341141.67204213,0.8686167495022428,16880570.848801807,0.8502339840339124,3.0,full
insurance,outer_4,streed,4,1071.0,3,0.005,1e-05,0.1,0.8615435376258707,21512565.00543923,599.7877817153931,20341140.735805903,0.8686167555493841,16880407.127990965,0.8502354365803808,3.0,full
insurance,outer_4,streed,4,1071.0,3,0.005,1e-05,0.001,0.8615432360245615,21512614.15659459,599.7774534225464,20341140.44073729,0.8686167574552296,16880436.180690177,0.8502351788220944,3.0,full
insurance,outer_4,streed,4,1071.0,3,0.003,0.1,0.1,0.8611700129202452,21580979.87929523,599.7914197444916,20028790.23610164,0.8706342246082692,17526694.081836086,0.8445015177979415,4.0,full
insurance,outer_4,streed,4,1071.0,3,0.003,0.1,0.001,0.8611708468706297,21580852.352761973,599.7934641838074,20028648.726432864,0.870635138617943,17526548.613753986,0.8445028084044797,4.0,full
insurance,outer_4,streed,4,1071.0,3,0.003,0.01,0.1,0.8511342317337798,23073046.354163688,599.7738351821899,19776392.29406947,0.8722644606381726,17068308.536557984,0.8485683575693949,4.0,full
insurance,outer_4,streed,4,1071.0,3,0.003,0.01,0.001,0.8511331995071575,23073203.787776724,599.7810988426208,19776359.958776213,0.8722646694915399,17068229.09596271,0.8485690623738453,4.0,full
insurance,outer_4,streed,4,1071.0,3,0.003,0.001,0.1,0.849370562276908,23331834.78431764,599.7855246067047,19749397.58506188,0.8724388192200477,16870796.24426917,0.850320705246815,4.0,full
insurance,outer_4,streed,4,1071.0,3,0.003,0.001,0.001,0.8493675879960486,23332277.932243723,599.7766768932343,19749393.638561003,0.8724388447104613,16871031.58267237,0.8503186173023156,4.0,full
insurance,outer_4,streed,4,1071.0,3,0.003,0.0001,0.1,0.8468701137479538,23700197.986252293,599.7774794101715,19749300.227380536,0.8724394480524329,16876609.55199271,0.8502691290326492,4.0,full
insurance,outer_4,streed,4,1071.0,3,0.003,0.0001,0.001,0.8468631124114916,23701239.73215641,599.7753088474274,19749299.92523809,0.8724394500039683,16876849.731487524,0.8502669981375286,4.0,full
insurance,outer_4,streed,4,1071.0,3,0.003,1e-05,0.1,0.8463494340594192,23776326.429712538,599.7780311107635,19749297.13961439,0.8724394679962867,16877202.155966476,0.8502638713943269,4.0,full
insurance,outer_4,streed,4,1071.0,3,0.003,1e-05,0.001,0.8463417107159712,23777473.62445046,599.7823495864868,19749297.208582312,0.8724394675508235,16877442.82713077,0.8502617361370683,4.0,full
insurance,outer_4,streed,4,1071.0,3,0.001,0.1,0.1,0.8527459144416332,22887480.262969945,599.7909631729126,19323325.83741091,0.8751908127931806,17638559.961404562,0.8435090331683887,7.0,full
insurance,outer_4,streed,4,1071.0,3,0.001,0.1,0.001,0.8527464614061465,22887395.430062942,599.7904393672943,19323188.00473691,0.8751917030531782,17638383.250549886,0.8435106009637505,7.0,full
insurance,outer_4,streed,4,1071.0,3,0.001,0.01,0.1,0.8492241017135561,23350485.458078,599.7825701236725,19046442.3702694,0.8769792006088035,16922620.258967597,0.849860917702764,6.0,full
insurance,outer_4,streed,4,1071.0,3,0.001,0.01,0.001,0.8492230294276886,23350648.53450345,599.7827451229095,19046392.79773134,0.8769795207973795,16922706.90084482,0.8498601490078611,6.0,full
insurance,outer_4,streed,4,1071.0,3,0.001,0.001,0.1,0.8433542204560941,24273836.735958155,599.7820756435394,19025289.80805428,0.8771158248172667,16986304.884052325,0.8492959017052207,6.0,full
insurance,outer_4,streed,4,1071.0,3,0.001,0.001,0.001,0.8433506875226989,24274369.72423696,599.7785573005676,19025281.68487299,0.8771158772848213,16986455.883977607,0.8492945620196484,6.0,full
insurance,outer_4,streed,4,1071.0,3,0.001,0.0001,0.1,0.8399207437828426,24778575.21818556,599.7797842025757,19024727.06696182,0.8771194595569045,16992747.268610004,0.849238744262077,6.0,full
insurance,outer_4,streed,4,1071.0,3,0.001,0.0001,0.001,0.8399124355897488,24779815.94540638,599.781097650528,19024724.411998324,0.8771194767052898,16992905.985471424,0.8492373361111196,6.0,full
insurance,outer_4,streed,4,1071.0,3,0.001,1e-05,0.1,0.8393966848316733,24855222.88035948,599.7768740653992,19024710.105685208,0.8771195691096372,16993858.824552458,0.849228882432965,6.0,full
insurance,outer_4,streed,4,1071.0,3,0.001,1e-05,0.001,0.8393876524396354,24856569.37518968,599.7797703742981,19024708.28806168,0.877119580849651,16994018.601272088,0.8492274648788456,6.0,full
insurance,outer_4,streed,4,1071.0,3,0.0005,0.1,0.1,0.8527459144416332,22887480.262969945,599.7809157371521,19292692.38614175,0.8753886739784865,17992258.144323826,0.8403709895450581,8.0,full
insurance,outer_4,streed,4,1071.0,3,0.0005,0.1,0.001,0.8527464614061465,22887395.430062942,599.7864475250244,19292546.80258665,0.8753896143013552,17992043.24612647,0.8403728961421243,8.0,full
insurance,outer_4,streed,4,1071.0,3,0.0005,0.01,0.1,0.8445710602911006,24063081.899575472,599.7829117774963,18852837.812034715,0.8782296907033205,17146535.363540225,0.8478743217856684,8.0,full
insurance,outer_4,streed,4,1071.0,3,0.0005,0.01,0.001,0.844570173542602,24063213.610180996,599.7817120552063,18852787.12078153,0.8782300181176674,17146565.52029676,0.8478740542320814,8.0,full
insurance,outer_4,streed,4,1071.0,3,0.0005,0.001,0.1,0.8396669262643758,24845003.19405924,599.7734231948853,18825108.160703115,0.8784087962710342,16997090.88952102,0.8492002072478648,8.0,full
insurance,outer_4,streed,4,1071.0,3,0.0005,0.001,0.001,0.8396628571416372,24845610.45219146,599.7793970108032,18825099.25930945,0.8784088537650555,16997246.425730314,0.849198827315953,8.0,full
insurance,outer_4,streed,4,1071.0,3,0.0005,0.0001,0.1,0.8371283841746483,25219135.594899826,599.7773380279541,18824512.874115992,0.8784126412217285,17005701.117213648,0.849123816496057,8.0,full
insurance,outer_4,streed,4,1071.0,3,0.0005,0.0001,0.001,0.837120258890033,25220345.737633254,599.7802948951721,18824510.26831652,0.8784126580525637,17005864.858239606,0.8491223637702382,8.0,full
insurance,outer_4,streed,4,1071.0,3,0.0005,1e-05,0.1,0.8366043495714792,25295774.692059416,599.7820179462433,18824495.21819435,0.878412755261167,17007033.30138778,0.849111997232474,8.0,full
insurance,outer_4,streed,4,1071.0,3,0.0005,1e-05,0.001,0.8365954995179304,25297090.69070485,599.7804288864136,18824493.53453509,0.8784127661359069,17007198.152117424,0.8491105346612595,8.0,full
insurance,outer_4,streed,4,1071.0,3,0.0001,0.1,0.1,0.8527459144416332,22887480.262969945,599.7893304824829,19292692.38614175,0.8753886739784865,17992258.144323826,0.8403709895450581,8.0,full
insurance,outer_4,streed,4,1071.0,3,0.0001,0.1,0.001,0.8527464614061465,22887395.430062942,599.7938649654388,19292546.80258665,0.8753896143013552,17992043.24612647,0.8403728961421243,8.0,full
insurance,outer_4,streed,4,1071.0,3,0.0001,0.01,0.1,0.8445710602911006,24063081.899575472,599.7909047603607,18852837.812034715,0.8782296907033205,17146535.363540225,0.8478743217856684,8.0,full
insurance,outer_4,streed,4,1071.0,3,0.0001,0.01,0.001,0.844570173542602,24063213.610180996,599.7791891098022,18852787.12078153,0.8782300181176674,17146565.52029676,0.8478740542320814,8.0,full
insurance,outer_4,streed,4,1071.0,3,0.0001,0.001,0.1,0.8396669262643758,24845003.19405924,599.7855229377747,18825108.160703115,0.8784087962710342,16997090.88952102,0.8492002072478648,8.0,full
insurance,outer_4,streed,4,1071.0,3,0.0001,0.001,0.001,0.8396628571416372,24845610.45219146,599.7848269939423,18825099.25930945,0.8784088537650555,16997246.425730314,0.849198827315953,8.0,full
insurance,outer_4,streed,4,1071.0,3,0.0001,0.0001,0.1,0.8371283841746483,25219135.594899826,599.78870677948,18824512.874115992,0.8784126412217285,17005701.117213648,0.849123816496057,8.0,full
insurance,outer_4,streed,4,1071.0,3,0.0001,0.0001,0.001,0.837120258890033,25220345.737633254,599.7894744873047,18824510.26831652,0.8784126580525637,17005864.858239606,0.8491223637702382,8.0,full
insurance,outer_4,streed,4,1071.0,3,0.0001,1e-05,0.1,0.8366043495714792,25295774.692059416,599.790420293808,18824495.21819435,0.878412755261167,17007033.30138778,0.849111997232474,8.0,full
insurance,outer_4,streed,4,1071.0,3,0.0001,1e-05,0.001,0.8365954995179304,25297090.69070485,599.791538476944,18824493.53453509,0.8784127661359069,17007198.152117424,0.8491105346612595,8.0,full
insurance,mean,streed,4,,3,0.0001,1e-05,0.001,0.8421754753589237,23124171.535501588,599.7888062000275,17903982.97421997,0.8776716138293936,21188660.61700096,0.8529287843740873,8.0,full
insurance,mean,streed,4,,3,0.0001,1e-05,0.1,0.8421810407811071,23123343.737302758,599.7841035842896,17903985.80771733,0.8776715945757289,21188323.12493686,0.852931042422075,8.0,full
insurance,mean,streed,4,,3,0.0001,0.0001,0.001,0.8424354452281978,23085896.434613816,599.7876905441284,17904012.064907026,0.877671415507997,21186400.822298102,0.85294424270594,8.0,full
insurance,mean,streed,4,,3,0.0001,0.0001,0.1,0.8424406149051784,23085126.92997293,599.7879097938537,17904016.636571027,0.8776713843673198,21186068.68832654,0.8529464644254754,8.0,full
insurance,mean,streed,4,,3,0.0001,0.001,0.001,0.8433983761044528,22943011.619359095,599.784864282608,17905167.85511909,0.8776635106377066,21167452.508981913,0.8530725293629657,8.0,full
insurance,mean,streed,4,,3,0.0001,0.001,0.1,0.843401836220232,22942496.476528056,599.7881524085999,17905183.246253945,0.8776634054302253,21167158.326772634,0.8530744943937455,8.0,full
insurance,mean,streed,4,,3,0.0001,0.01,0.001,0.8462396526690634,22511976.441221714,599.7870732307434,17943887.395953044,0.8773941776440901,20723813.54473009,0.8558495041701845,8.0,full
insurance,mean,streed,4,,3,0.0001,0.01,0.1,0.8462407194229347,22511820.412854746,599.7924767017364,17943934.96225089,0.8773938526524916,20723751.465142976,0.8558499543020058,8.0,full
insurance,mean,streed,4,,3,0.0001,0.1,0.001,0.8495759234087323,22034641.856428254,599.7981948852539,18404176.29179133,0.874239979838084,20677174.766565222,0.8557494336282485,8.0,full
insurance,mean,streed,4,,3,0.0001,0.1,0.1,0.8495752893946609,22034735.483903844,599.7921166419983,18404300.750088777,0.874239132203915,20677281.601157565,0.8557486135722272,8.0,full
insurance,mean,streed,4,,3,0.0005,1e-05,0.001,0.8421754753589237,23124171.535501588,599.7855068683624,17903982.97421997,0.8776716138293936,21188660.61700096,0.8529287843740873,8.0,full
insurance,mean,streed,4,,3,0.0005,1e-05,0.1,0.8421810407811071,23123343.737302758,599.7854659080506,17903985.80771733,0.8776715945757289,21188323.12493686,0.852931042422075,8.0,full
insurance,mean,streed,4,,3,0.0005,0.0001,0.001,0.8424354452281978,23085896.434613816,599.7844821929932,17904012.064907026,0.877671415507997,21186400.822298102,0.85294424270594,8.0,full
insurance,mean,streed,4,,3,0.0005,0.0001,0.1,0.8424406149051784,23085126.92997293,599.7839765548706,17904016.636571027,0.8776713843673198,21186068.68832654,0.8529464644254754,8.0,full
insurance,mean,streed,4,,3,0.0005,0.001,0.001,0.8433983761044528,22943011.619359095,599.7863768577575,17905167.85511909,0.8776635106377066,21167452.508981913,0.8530725293629657,8.0,full
insurance,mean,streed,4,,3,0.0005,0.001,0.1,0.843401836220232,22942496.476528056,599.7850340366364,17905183.246253945,0.8776634054302253,21167158.326772634,0.8530744943937455,8.0,full
insurance,mean,streed,4,,3,0.0005,0.01,0.001,0.8462396526690634,22511976.441221714,599.7844336509704,17943887.395953044,0.8773941776440901,20723813.54473009,0.8558495041701845,8.0,full
insurance,mean,streed,4,,3,0.0005,0.01,0.1,0.8462407194229347,22511820.412854746,599.7901347637177,17943934.96225089,0.8773938526524916,20723751.465142976,0.8558499543020058,8.0,full
insurance,mean,streed,4,,3,0.0005,0.1,0.001,0.8495759234087323,22034641.856428254,599.7908338069916,18404176.29179133,0.874239979838084,20677174.766565222,0.8557494336282485,8.0,full
insurance,mean,streed,4,,3,0.0005,0.1,0.1,0.8495752893946609,22034735.483903844,599.787344455719,18404300.750088777,0.874239132203915,20677281.601157565,0.8557486135722272,8.0,full
insurance,mean,streed,4,,3,0.001,1e-05,0.001,0.8432362954416497,22957839.345010288,599.7847605228424,18088814.367469676,0.8764060548982652,20685113.16125374,0.8562515586407494,6.4,full
insurance,mean,streed,4,,3,0.001,1e-05,0.1,0.8432417701271152,22957025.23153262,599.7862081050873,18088816.516875803,0.8764060402991506,20684903.910083238,0.8562529745372812,6.4,full
insurance,mean,streed,4,,3,0.001,0.0001,0.001,0.8434953003231465,22919711.3744302,599.7851298332214,18088825.77493607,0.8764059775624288,20684256.673972078,0.8562576933860158,6.4,full
insurance,mean,streed,4,,3,0.001,0.0001,0.1,0.8435003788065577,22918955.65092928,599.7815084934234,18088828.780304126,0.8764059571524037,20684051.697564393,0.8562590800514055,6.4,full
insurance,mean,streed,4,,3,0.001,0.001,0.001,0.8446936435774601,22742143.978922654,599.7847920894623,18089130.04970933,0.8764039305028504,20677771.7737931,0.8563030602897346,6.4,full
insurance,mean,streed,4,,3,0.001,0.001,0.1,0.8446967970730732,22741674.71077118,599.7841394901276,18089139.40058855,0.876403866899302,20677596.9286163,0.8563042412961714,6.4,full
insurance,mean,streed,4,,3,0.001,0.01,0.001,0.8476303326675507,22301969.493162006,599.7826715946197,18112360.25596293,0.8762429916350813,20326872.813676976,0.8585951898982879,6.4,full
insurance,mean,streed,4,,3,0.001,0.01,0.1,0.8476313987230609,22301812.57831893,599.7876149177551,18112403.68953962,0.8762426952022547,20326868.64460879,0.8585952696651107,6.4,full
insurance,mean,streed,4,,3,0.001,0.1,0.001,0.8495886134406231,22032334.581782244,599.7933071613312,18498450.082667943,0.8735941763384011,20493359.545936447,0.8570477889090513,6.8,full
insurance,mean,streed,4,,3,0.001,0.1,0.1,0.8495879686986015,22032429.740813226,599.7888922691345,18498571.02356457,0.8735933524195809,20493457.837489486,0.8570470384169813,6.8,full
insurance,mean,streed,4,,3,0.003,1e-05,0.001,0.8484595175480123,22183879.393936384,599.7809084415436,18748596.97701421,0.871904574992892,19888635.39590326,0.8615061572761211,4.2,full
insurance,mean,streed,4,,3,0.003,1e-05,0.1,0.8484627945700665,22183393.765125845,599.7832410335541,18748598.919087257,0.8719045612928664,19888524.21899768,0.8615069928942172,4.2,full
insurance,mean,streed,4,,3,0.003,0.0001,0.001,0.8487435782779216,22142584.176005103,599.7794703483581,18748607.09938068,0.8719045042071027,19888552.737734713,0.861506944847857,4.2,full
insurance,mean,streed,4,,3,0.003,0.0001,0.1,0.8487463042027065,22142178.671941355,599.7803472518921,18748609.36165092,0.8719044883241089,19888441.925292026,0.8615077778640737,4.2,full
insurance,mean,streed,4,,3,0.003,0.001,0.001,0.849337805017436,22055237.00994242,599.7819642066955,18748768.109513745,0.8719033883938188,19887795.84536616,0.8615143162048204,4.2,full
insurance,mean,streed,4,,3,0.003,0.001,0.1,0.849339638168065,22054964.95949473,599.7804432868958,18748773.5367987,0.8719033509309193,19887688.637146056,0.8615151235007172,4.2,full
insurance,mean,streed,4,,3,0.003,0.01,0.001,0.8501906075166437,21933357.268806037,599.7825312614441,18761407.11739338,0.8718179975946448,20018860.56336534,0.860640365805877,4.2,full
insurance,mean,streed,4,,3,0.003,0.01,0.1,0.8501917011491728,21933196.80018439,599.7834785938263,18761441.06445851,0.8718177653939966,20018867.391731538,0.8606403060083314,4.2,full
insurance,mean,streed,4,,3,0.003,0.1,0.001,0.8563033933929416,21065000.09084376,599.7891997814179,19005329.428422492,0.8701488220065219,20470248.546560302,0.8573889702068402,4.4,full
insurance,mean,streed,4,,3,0.003,0.1,0.1,0.8563024727569118,21065133.74705118,599.7928634643555,18964665.67795434,0.8704281574587632,20451626.927859128,0.8575129130031304,4.6,full
insurance,mean,streed,4,,3,0.005,1e-05,0.001,0.8597245359136835,20558822.17388452,599.7882925987244,19374509.145736124,0.8676323693312817,19959436.963858247,0.8611314302484651,3.0,full
insurance,mean,streed,4,,3,0.005,1e-05,0.1,0.8597252079093087,20558717.296841502,599.7882257938385,19374509.348554187,0.8676323679605952,19959384.45162475,0.8611317786573892,3.0,full
insurance,mean,streed,4,,3,0.005,0.0001,0.001,0.859726258068396,20558553.450476427,599.7875634670257,19374509.831311077,0.8676323647063995,19959404.221777502,0.8611315982263721,3.0,full
insurance,mean,streed,4,,3,0.005,0.0001,0.1,0.859726926203044,20558449.182266437,599.7951877593994,19374510.13761022,0.8676323626282123,19959351.82528879,0.8611319458413919,3.0,full
insurance,mean,streed,4,,3,0.005,0.001,0.001,0.8597426968187373,20555990.266365547,599.7883661746979,19374533.237502836,0.8676322052631033,19959094.957118124,0.8611331548602408,3.0,full
insurance,mean,streed,4,,3,0.005,0.001,0.1,0.8597433296094389,20555891.56056423,599.7860774993896,19374534.575409304,0.867632196131836,19959043.7145108,0.8611334945606826,3.0,full
insurance,mean,streed,4,,3,0.005,0.01,0.001,0.8602806627324504,20482369.437141743,599.7926274299622,19376374.908468656,0.8676196165025015,19957763.916379996,0.8611367688243359,3.0,full
insurance,mean,streed,4,,3,0.005,0.01,0.1,0.8602810132913226,20482314.334141932,599.795165014267,19376386.731902774,0.8676195356840705,19957589.07614601,0.8611379450682126,3.0,full
insurance,mean,streed,4,,3,0.005,0.1,0.001,0.859824622858903,20540199.043935522,599.7968583583831,19189105.832795568,0.8688945113265565,20385359.535865992,0.8580025275334405,3.8,full
insurance,mean,streed,4,,3,0.005,0.1,0.1,0.859823762202635,20540322.83735985,599.8007915496826,19189238.073597096,0.8688936104345911,20385486.556203023,0.8580016274527817,3.8,full
insurance,mean,streed,4,,3,0.008,1e-05,0.001,0.862424291574418,20156265.244258333,599.8021232128143,19374509.145736124,0.8676323693312817,19959436.963858247,0.8611314302484651,3.0,full
insurance,mean,streed,4,,3,0.008,1e-05,0.1,0.8624246542305647,20156211.71959632,599.8009615421295,19374509.348554187,0.8676323679605952,19959384.45162475,0.8611317786573892,3.0,full
insurance,mean,streed,4,,3,0.008,0.0001,0.001,0.8624245024999511,20156235.399049506,599.804032087326,19374509.831311077,0.8676323647063995,19959404.221777502,0.8611315982263721,3.0,full
insurance,mean,streed,4,,3,0.008,0.0001,0.1,0.8624248643436117,20156181.992741264,599.7995477676392,19374510.13761022,0.8676323626282123,19959351.82528879,0.8611319458413919,3.0,full
insurance,mean,streed,4,,3,0.008,0.001,0.001,0.862426481925224,20155955.856851403,599.793691110611,19374533.237502836,0.8676322052631033,19959094.957118124,0.8611331548602408,3.0,full
insurance,mean,streed,4,,3,0.008,0.001,0.1,0.8624268356706952,20155903.63020194,599.7983121871948,19374534.575409304,0.867632196131836,19959043.7145108,0.8611334945606826,3.0,full
insurance,mean,streed,4,,3,0.008,0.01,0.001,0.8624337130175557,20154990.3048608,599.7946430206299,19376374.908468656,0.8676196165025015,19957763.916379996,0.8611367688243359,3.0,full
insurance,mean,streed,4,,3,0.008,0.01,0.1,0.8624339900916931,20154949.23053938,599.800587940216,19376386.731902774,0.8676195356840705,19957589.07614601,0.8611379450682126,3.0,full
insurance,mean,streed,4,,3,0.008,0.1,0.001,0.860157876212338,20495724.35655771,599.7972831249238,19518966.383662723,0.8666448673901733,20079272.997454815,0.8602557527432235,3.0,full
insurance,mean,streed,4,,3,0.008,0.1,0.1,0.8601573912792665,20495793.45681768,599.8010280132294,19519052.438005716,0.8666442791946368,20079327.83276106,0.8602553654849805,3.0,full
insurance,mean,streed,4,,3,0.01,1e-05,0.001,0.862424291574418,20156265.244258333,599.7927539348602,19374509.145736124,0.8676323693312817,19959436.963858247,0.8611314302484651,3.0,full
insurance,mean,streed,4,,3,0.01,1e-05,0.1,0.8624246542305647,20156211.71959632,599.7963595867157,19374509.348554187,0.8676323679605952,19959384.45162475,0.8611317786573892,3.0,full
insurance,mean,streed,4,,3,0.01,0.0001,0.001,0.8624245024999511,20156235.399049506,599.7936622619629,19374509.831311077,0.8676323647063995,19959404.221777502,0.8611315982263721,3.0,full
insurance,mean,streed,4,,3,0.01,0.0001,0.1,0.8624248643436117,20156181.992741264,599.7957476139069,19374510.13761022,0.8676323626282123,19959351.82528879,0.8611319458413919,3.0,full
insurance,mean,streed,4,,3,0.01,0.001,0.001,0.862426481925224,20155955.856851403,599.795095539093,19374533.237502836,0.8676322052631033,19959094.957118124,0.8611331548602408,3.0,full
insurance,mean,streed,4,,3,0.01,0.001,0.1,0.8624268356706952,20155903.63020194,599.79815325737,19374534.575409304,0.867632196131836,19959043.7145108,0.8611334945606826,3.0,full
insurance,mean,streed,4,,3,0.01,0.01,0.001,0.8624337130175557,20154990.3048608,599.8004915237427,19376374.908468656,0.8676196165025015,19957763.916379996,0.8611367688243359,3.0,full
insurance,mean,streed,4,,3,0.01,0.01,0.1,0.8624339900916931,20154949.23053938,599.7992897510528,19376386.731902774,0.8676195356840705,19957589.07614601,0.8611379450682126,3.0,full
insurance,mean,streed,4,,3,0.01,0.1,0.001,0.8615619081188223,20282868.690017007,599.8049521446228,19518966.383662723,0.8666448673901733,20079272.997454815,0.8602557527432235,3.0,full
insurance,mean,streed,4,,3,0.01,0.1,0.1,0.861561462675638,20282932.491616715,599.8292699337005,19519052.438005716,0.8666442791946368,20079327.83276106,0.8602553654849805,3.0,full
insurance,mean,streed,4,,3,0.03,1e-05,0.001,0.8440026487405827,22859473.266044505,599.8096885204316,22647997.823131043,0.8453020333260859,23413578.61262439,0.8377986154966145,2.2,full
insurance,mean,streed,4,,3,0.03,1e-05,0.1,0.8440030916292031,22859408.025598165,599.8081014156342,22647998.055665053,0.8453020317521412,23413517.80855196,0.837799062385187,2.2,full
insurance,mean,streed,4,,3,0.03,0.0001,0.001,0.844002890245956,22859436.880709216,599.8124160289765,22647998.77259902,0.8453020269023515,23413507.383805223,0.83779906417926,2.2,full
insurance,mean,streed,4,,3,0.03,0.0001,0.1,0.8440033323655326,22859371.752229676,599.8075855731964,22647999.108540047,0.8453020246219207,23413446.69301278,0.8377995102806345,2.2,full
insurance,mean,streed,4,,3,0.03,0.001,0.001,0.8440051443832394,22859096.52456037,599.8058953762054,22648031.722539783,0.845301802440934,23412820.48659703,0.8378033737444845,2.2,full
insurance,mean,streed,4,,3,0.03,0.001,0.1,0.844005578829474,22859032.51327055,599.811684513092,22648033.090335127,0.8453017931107816,23412760.92627632,0.837803811989977,2.2,full
insurance,mean,streed,4,,3,0.03,0.01,0.001,0.8450880267298515,22690749.09037977,599.8115327835083,21786282.919547785,0.8512214622866715,22670445.555238795,0.8427431377451521,2.4,full
insurance,mean,streed,4,,3,0.03,0.01,0.1,0.8450883526406328,22690701.21221707,599.8150706291199,21786294.76449875,0.8512213813770849,22670253.752425205,0.8427444691148773,2.4,full
insurance,mean,streed,4,,3,0.03,0.1,0.001,0.8591499273805976,20637145.23665853,599.8260947704315,19518966.383662723,0.8666448673901733,20079272.997454815,0.8602557527432235,3.0,full
insurance,mean,streed,4,,3,0.03,0.1,0.1,0.8591495138307936,20637204.353694897,599.8347564220428,19519052.438005716,0.8666442791946368,20079327.83276106,0.8602553654849805,3.0,full
insurance,mean,streed,4,,3,0.05,1e-05,0.001,0.83579305470119,24046443.180181496,578.8369922161103,23534809.31516465,0.8392387033995844,24044812.78020946,0.8335214858928175,2.0,full
insurance,mean,streed,4,,3,0.05,1e-05,0.1,0.8357935559906251,24046369.127104364,579.8766263961792,23534809.51687671,0.8392387020363765,24044767.067918796,0.8335218305221812,2.0,full
insurance,mean,streed,4,,3,0.05,0.0001,0.001,0.8357932828349537,24046408.23243234,578.9154913902282,23534810.214986324,0.8392386973152931,24044772.15545281,0.8335217272078197,2.0,full
insurance,mean,streed,4,,3,0.05,0.0001,0.1,0.8357937833345668,24046334.29454511,578.7867674827576,23534810.51948146,0.8392386952498649,24044726.554118223,0.8335220710657316,2.0,full
insurance,mean,streed,4,,3,0.05,0.001,0.001,0.8357953825586237,24046085.286999505,579.379239320755,23534844.446775876,0.8392384640895868,24044392.36267457,0.8335239558884592,2.0,full
insurance,mean,streed,4,,3,0.05,0.001,0.1,0.8357958751749406,24046012.49883893,580.9764459609985,23534845.777182095,0.8392384550150721,24044347.86885606,0.8335242920460326,2.0,full
insurance,mean,streed,4,,3,0.05,0.01,0.001,0.8357983461826615,24045490.096121423,580.5244705677032,23537662.6675278,0.8392192176823674,24043190.40974888,0.8335281416316143,2.0,full
insurance,mean,streed,4,,3,0.05,0.01,0.1,0.835798763294137,24045428.30370082,578.3828611373901,23537674.53645397,0.8392191366055446,24043022.965859704,0.8335293089488369,2.0,full
insurance,mean,streed,4,,3,0.05,0.1,0.001,0.8343509551175934,24255323.245506145,599.8056096553803,23771949.731513448,0.8376186888413859,24247158.07228243,0.8320636233787579,2.0,full
insurance,mean,streed,4,,3,0.05,0.1,0.1,0.8343506430242146,24255367.24185483,599.8145799636841,23772043.19088933,0.837618050342064,24247225.033086948,0.8320631860013279,2.0,full
insurance,mean,streed,4,,3,0.08,1e-05,0.001,0.83579305470119,24046443.180181496,315.3274651527405,23534809.31516465,0.8392387033995844,24044812.78020946,0.8335214858928175,2.0,full
insurance,mean,streed,4,,3,0.08,1e-05,0.1,0.8357935559906251,24046369.127104364,313.04996728897095,23534809.51687671,0.8392387020363765,24044767.067918796,0.8335218305221812,2.0,full
insurance,mean,streed,4,,3,0.08,0.0001,0.001,0.8357932828349537,24046408.23243234,314.1064028739929,23534810.214986324,0.8392386973152931,24044772.15545281,0.8335217272078197,2.0,full
insurance,mean,streed,4,,3,0.08,0.0001,0.1,0.8357937833345668,24046334.29454511,313.51859912872317,23534810.51948146,0.8392386952498649,24044726.554118223,0.8335220710657316,2.0,full
insurance,mean,streed,4,,3,0.08,0.001,0.001,0.8357953825586237,24046085.286999505,305.5430982589722,23534844.446775876,0.8392384640895868,24044392.36267457,0.8335239558884592,2.0,full
insurance,mean,streed,4,,3,0.08,0.001,0.1,0.8357958751749406,24046012.49883893,301.3704758167267,23534845.777182095,0.8392384550150721,24044347.86885606,0.8335242920460326,2.0,full
insurance,mean,streed,4,,3,0.08,0.01,0.001,0.8357983461826615,24045490.096121423,388.5531836509705,23537662.6675278,0.8392192176823674,24043190.40974888,0.8335281416316143,2.0,full
insurance,mean,streed,4,,3,0.08,0.01,0.1,0.835798763294137,24045428.30370082,395.089417219162,23537674.53645397,0.8392191366055446,24043022.965859704,0.8335293089488369,2.0,full
insurance,mean,streed,4,,3,0.08,0.1,0.001,0.8343509551175934,24255323.245506145,490.68311581611636,23771949.731513448,0.8376186888413859,24247158.07228243,0.8320636233787579,2.0,full
insurance,mean,streed,4,,3,0.08,0.1,0.1,0.8343506430242146,24255367.24185483,458.22687621116637,23772043.19088933,0.837618050342064,24247225.033086948,0.8320631860013279,2.0,full
insurance,mean,streed,4,,3,0.1,1e-05,0.001,0.83579305470119,24046443.180181496,5.506013298034668,23534809.31516465,0.8392387033995844,24044812.78020946,0.8335214858928175,2.0,full
insurance,mean,streed,4,,3,0.1,1e-05,0.1,0.8357935559906251,24046369.127104364,5.478279876708984,23534809.51687671,0.8392387020363765,24044767.067918796,0.8335218305221812,2.0,full
insurance,mean,streed,4,,3,0.1,0.0001,0.001,0.8357932828349537,24046408.23243234,5.43809700012207,23534810.214986324,0.8392386973152931,24044772.15545281,0.8335217272078197,2.0,full
insurance,mean,streed,4,,3,0.1,0.0001,0.1,0.8357937833345668,24046334.29454511,5.4463409900665285,23534810.51948146,0.8392386952498649,24044726.554118223,0.8335220710657316,2.0,full
insurance,mean,streed,4,,3,0.1,0.001,0.001,0.8357953825586237,24046085.286999505,5.437007570266724,23534844.446775876,0.8392384640895868,24044392.36267457,0.8335239558884592,2.0,full
insurance,mean,streed,4,,3,0.1,0.001,0.1,0.8357958751749406,24046012.49883893,5.4216530323028564,23534845.777182095,0.8392384550150721,24044347.86885606,0.8335242920460326,2.0,full
insurance,mean,streed,4,,3,0.1,0.01,0.001,0.8357983461826615,24045490.096121423,5.353339338302613,23537662.6675278,0.8392192176823674,24043190.40974888,0.8335281416316143,2.0,full
insurance,mean,streed,4,,3,0.1,0.01,0.1,0.835798763294137,24045428.30370082,5.337523365020752,23537674.53645397,0.8392191366055446,24043022.965859704,0.8335293089488369,2.0,full
insurance,mean,streed,4,,3,0.1,0.1,0.001,0.8343509551175934,24255323.245506145,5.199580430984497,23771949.731513448,0.8376186888413859,24247158.07228243,0.8320636233787579,2.0,full
insurance,mean,streed,4,,3,0.1,0.1,0.1,0.8343506430242146,24255367.24185483,5.321399831771851,23772043.19088933,0.837618050342064,24247225.033086948,0.8320631860013279,2.0,full
insurance,std,streed,4,,3,0.0001,1e-05,0.001,0.010059338308320438,1756748.206229914,0.00818202477890463,1051195.2982265432,0.008383124744996986,4862099.952863093,0.03702100952027593,0.0,full
insurance,std,streed,4,,3,0.0001,1e-05,0.1,0.010058739633591917,1756472.2815163848,0.013428194854667513,1051194.9036207628,0.00838312062185987,4862071.680049688,0.03702104096661934,0.0,full
insurance,std,streed,4,,3,0.0001,0.0001,0.001,0.01011776980978663,1748873.664609284,0.01295379477193527,1051191.8419137725,0.008383098110369625,4861683.801778094,0.03701861333015108,0.0,full
insurance,std,streed,4,,3,0.0001,0.0001,0.1,0.01011707715226097,1748606.2616880315,0.013030590748346978,1051191.7482015982,0.008383096036521754,4861652.705805794,0.0370186237755271,0.0,full
insurance,std,streed,4,,3,0.0001,0.001,0.001,0.009780554309635413,1637465.3500996921,0.01122891235986676,1051320.596928088,0.008384045731488248,4855430.323473061,0.036985473076193806,0.0,full
insurance,std,streed,4,,3,0.0001,0.001,0.1,0.009779872621758293,1637311.5292199894,0.0142576743480994,1051321.6528334722,0.008384053910610237,4855379.541325694,0.03698533500042831,0.0,full
insurance,std,streed,4,,3,0.0001,0.01,0.001,0.010024496919843954,1508599.4188522303,0.01337806493856887,1055686.0009623603,0.00850839982836492,4543980.970880227,0.03607314265653816,0.0,full
insurance,std,streed,4,,3,0.0001,0.01,0.1,0.010023818707790979,1508532.6545890598,0.01018510381846662,1055689.2500771428,0.008508424922642832,4543902.777327861,0.03607257450240889,0.0,full
insurance,std,streed,4,,3,0.0001,0.1,0.001,0.009606260692260732,1254686.5362334468,0.014428170017520323,1136481.7875056604,0.009203975071203763,4503240.496445889,0.03768222562696829,0.0,full
insurance,std,streed,4,,3,0.0001,0.1,0.1,0.009606463627540628,1254702.190645835,0.010801120386934317,1136474.3978081604,0.009203900256087598,4503213.558217195,0.03768242053542892,0.0,full
insurance,std,streed,4,,3,0.0005,1e-05,0.001,0.010059338308320438,1756748.206229914,0.008611411153400667,1051195.2982265432,0.008383124744996986,4862099.952863093,0.03702100952027593,0.0,full
insurance,std,streed,4,,3,0.0005,1e-05,0.1,0.010058739633591917,1756472.2815163848,0.012472151442272046,1051194.9036207628,0.00838312062185987,4862071.680049688,0.03702104096661934,0.0,full
insurance,std,streed,4,,3,0.0005,0.0001,0.001,0.01011776980978663,1748873.664609284,0.01253027048819099,1051191.8419137725,0.008383098110369625,4861683.801778094,0.03701861333015108,0.0,full
insurance,std,streed,4,,3,0.0005,0.0001,0.1,0.01011707715226097,1748606.2616880315,0.01106314280609948,1051191.7482015982,0.008383096036521754,4861652.705805794,0.0370186237755271,0.0,full
insurance,std,streed,4,,3,0.0005,0.001,0.001,0.009780554309635413,1637465.3500996921,0.008458994210148353,1051320.596928088,0.008384045731488248,4855430.323473061,0.036985473076193806,0.0,full
insurance,std,streed,4,,3,0.0005,0.001,0.1,0.009779872621758293,1637311.5292199894,0.011690048435931633,1051321.6528334722,0.008384053910610237,4855379.541325694,0.03698533500042831,0.0,full
insurance,std,streed,4,,3,0.0005,0.01,0.001,0.010024496919843954,1508599.4188522303,0.008913239506030228,1055686.0009623603,0.00850839982836492,4543980.970880227,0.03607314265653816,0.0,full
insurance,std,streed,4,,3,0.0005,0.01,0.1,0.010023818707790979,1508532.6545890598,0.008940817443660272,1055689.2500771428,0.008508424922642832,4543902.777327861,0.03607257450240889,0.0,full
insurance,std,streed,4,,3,0.0005,0.1,0.001,0.009606260692260732,1254686.5362334468,0.011695166344529601,1136481.7875056604,0.009203975071203763,4503240.496445889,0.03768222562696829,0.0,full
insurance,std,streed,4,,3,0.0005,0.1,0.1,0.009606463627540628,1254702.190645835,0.00837944095156994,1136474.3978081604,0.009203900256087598,4503213.558217195,0.03768242053542892,0.0,full
insurance,std,streed,4,,3,0.001,1e-05,0.001,0.009936493781339314,1657667.4506743874,0.00561643862411645,1004488.4907611716,0.008200300279406743,4276636.506634746,0.033839949760488486,0.8944271909999159,full
insurance,std,streed,4,,3,0.001,1e-05,0.1,0.009936085507663934,1657398.3460507772,0.00865525428435152,1004488.8810477795,0.008200300902358931,4276749.11064885,0.03384071525530991,0.8944271909999159,full
insurance,std,streed,4,,3,0.001,0.0001,0.001,0.010013176141521507,1651747.3862612962,0.009481633975589765,1004493.3031222741,0.008200316618062725,4277433.049018238,0.03384382095957015,0.8944271909999159,full
insurance,std,streed,4,,3,0.001,0.0001,0.1,0.010012653433674776,1651485.02707858,0.013321968128301052,1004493.7955602907,0.008200317146797696,4277542.88728436,0.03384456777723515,0.8944271909999159,full
insurance,std,streed,4,,3,0.001,0.001,0.001,0.00977220820536691,1518270.1803168503,0.007934453702183918,1004595.9799201953,0.008200295154973527,4283300.195342667,0.0338768316660787,0.8944271909999159,full
insurance,std,streed,4,,3,0.001,0.001,0.1,0.009771593650735452,1518134.2769931683,0.010991234450873723,1004596.5978272657,0.008200293782408082,4283389.731198818,0.03387744028464579,0.8944271909999159,full
insurance,std,streed,4,,3,0.001,0.01,0.001,0.00985370755192344,1350174.703248728,0.008275145359156657,1006904.429419143,0.008262595421255672,4112909.6731732525,0.03331274352318741,0.8944271909999159,full
insurance,std,streed,4,,3,0.001,0.01,0.1,0.009853014369513687,1350090.4000563878,0.007582085049524837,1006910.6051628658,0.00826262970025206,4112962.1791336117,0.03331284980517766,0.8944271909999159,full
insurance,std,streed,4,,3,0.001,0.1,0.001,0.009748917322561543,1269576.358056444,0.005823444061957626,1057392.7548745954,0.00880165883171886,4592333.8298258595,0.03794440100045945,0.8366600265340756,full
insurance,std,streed,4,,3,0.001,0.1,0.1,0.009749127274559259,1269592.3753322312,0.008784205908431889,1057383.287936623,0.008801577982171141,4592325.725896323,0.03794464068940669,0.8366600265340756,full
insurance,std,streed,4,,3,0.003,1e-05,0.001,0.01239018007811605,1853774.5854352054,0.013641553766595477,1075054.178928681,0.008570865133550609,4171256.943807082,0.03413936876106466,0.44721359549995787,full
insurance,std,streed,4,,3,0.003,1e-05,0.1,0.012389364481876136,1853495.7755470134,0.016395787689240906,1075055.100126624,0.008570879427796281,4171250.052089755,0.03413898382875604,0.44721359549995787,full
insurance,std,streed,4,,3,0.003,0.0001,0.001,0.012698838328104667,1882150.1435110606,0.017397258264262215,1075057.7894006947,0.008570920091276883,4171312.0767801916,0.034138651072606885,0.44721359549995787,full
insurance,std,streed,4,,3,0.003,0.0001,0.1,0.012697324453986372,1881797.373109938,0.012947516769349483,1075058.7169231807,0.008570934370415987,4171305.217454212,0.034138266834129675,0.44721359549995787,full
insurance,std,streed,4,,3,0.003,0.001,0.001,0.012591315663987034,1805356.5965416965,0.012693356487505776,1075093.3707491392,0.008571464222176346,4171865.7282818393,0.03413161714531895,0.44721359549995787,full
insurance,std,streed,4,,3,0.003,0.001,0.1,0.012590136784859858,1805146.8504460133,0.015011921600709166,1075094.3541964954,0.008571478356800302,4171859.1939353454,0.03413123974881654,0.44721359549995787,full
insurance,std,streed,4,,3,0.003,0.01,0.001,0.012391783325288086,1716232.504786019,0.012828416201923662,1079680.5336578642,0.008581053476508812,4095814.0593624846,0.03365592024106987,0.44721359549995787,full
insurance,std,streed,4,,3,0.003,0.01,0.1,0.012391056001189647,1716133.876854762,0.01592252066988059,1079679.4764799448,0.00858105707795631,4095750.091868484,0.03365561804588939,0.44721359549995787,full
insurance,std,streed,4,,3,0.003,0.1,0.001,0.010021720829169575,1183242.2085354123,0.01259393336317693,1147587.687937401,0.009041978443578862,4328679.609110201,0.03573943968805676,0.5477225575051663,full
insurance,std,streed,4,,3,0.003,0.1,0.1,0.01002184330319957,1183247.1124128837,0.01023359368821699,1140516.0127559144,0.00897231798205041,4335701.824759743,0.035804767640501015,0.547722557505166,full
insurance,std,streed,4,,3,0.005,1e-05,0.001,0.01109768720211586,1502676.2987577182,0.01618555095451556,1089161.1430005338,0.008628716552103037,4255452.746634508,0.0342839520060873,0.0,full
insurance,std,streed,4,,3,0.005,1e-05,0.1,0.011097530247319598,1502627.3059102609,0.01528035201712373,1089161.0396631553,0.008628715682682572,4255399.446458167,0.034283658612262895,0.0,full
insurance,std,streed,4,,3,0.005,0.0001,0.001,0.011097032732594188,1502550.1506231758,0.017343943755526742,1089160.8872659719,0.008628713999956336,4255186.781420998,0.034282558828314866,0.0,full
insurance,std,streed,4,,3,0.005,0.0001,0.1,0.011096878898419121,1502501.745196548,0.01703076234169712,1089160.7780218835,0.00862871311890884,4255133.506176836,0.03428226559844643,0.0,full
insurance,std,streed,4,,3,0.005,0.001,0.001,0.011091121780279916,1501408.4119649744,0.015264246290321588,1089157.6823690694,0.008628689195495,4252532.01678431,0.03426865513865095,0.0,full
insurance,std,streed,4,,3,0.005,0.001,0.1,0.011090995260920543,1501365.170637238,0.020985537711114086,1089157.5142890874,0.008628688198300581,4252478.989961475,0.03426836354245516,0.0,full
insurance,std,streed,4,,3,0.005,0.01,0.001,0.010194034550091047,1364454.6894052618,0.01489866327101126,1089062.4898427317,0.008628495033162445,4226460.906503495,0.03413237543312624,0.0,full
insurance,std,streed,4,,3,0.005,0.01,0.1,0.01019389391423183,1364423.5205633556,0.013477784094063828,1089062.0675363224,0.008628494776326961,4226512.708877092,0.03413280345136514,0.0,full
insurance,std,streed,4,,3,0.005,0.1,0.001,0.009706169918803747,1308658.569217996,0.01053084919490455,1055575.2149215299,0.008494277199421042,4195774.560749095,0.0348212251487303,0.447213595499958,full
insurance,std,streed,4,,3,0.005,0.1,0.1,0.009706150324514301,1308630.2921411148,0.012567699096057643,1055562.6460445481,0.00849416935273279,4195782.86330766,0.03482140615385207,0.447213595499958,full
insurance,std,streed,4,,3,0.008,1e-05,0.001,0.008915843471101588,1213974.1684914127,0.014135785192008154,1089161.1430005338,0.008628716552103037,4255452.746634508,0.0342839520060873,0.0,full
insurance,std,streed,4,,3,0.008,1e-05,0.1,0.008915753848873628,1213952.8410275658,0.01576151179874426,1089161.0396631553,0.008628715682682572,4255399.446458167,0.034283658612262895,0.0,full
insurance,std,streed,4,,3,0.008,0.0001,0.001,0.008915982126548818,1214006.1684045275,0.0119165455304893,1089160.8872659719,0.008628713999956336,4255186.781420998,0.034282558828314866,0.0,full
insurance,std,streed,4,,3,0.008,0.0001,0.1,0.008915892477166528,1213984.8311053675,0.013504757079611447,1089160.7780218835,0.00862871311890884,4255133.506176836,0.03428226559844643,0.0,full
insurance,std,streed,4,,3,0.008,0.001,0.001,0.008917360314809839,1214323.764419372,0.015578614310071159,1089157.6823690694,0.008628689195495,4252532.01678431,0.03426865513865095,0.0,full
insurance,std,streed,4,,3,0.008,0.001,0.1,0.008917270397168662,1214302.3295709768,0.01489681380083226,1089157.5142890874,0.008628688198300581,4252478.989961475,0.03426836354245516,0.0,full
insurance,std,streed,4,,3,0.008,0.01,0.001,0.008930348529393525,1217272.08196733,0.0198367411529368,1089062.4898427317,0.008628495033162445,4226460.906503495,0.03413237543312624,0.0,full
insurance,std,streed,4,,3,0.008,0.01,0.1,0.008930259711181967,1217250.2983521307,0.016370794597186912,1089062.0675363224,0.008628494776326961,4226512.708877092,0.03413280345136514,0.0,full
insurance,std,streed,4,,3,0.008,0.1,0.001,0.009912317388240055,1312772.3508377552,0.016864616479039203,1083214.5816153944,0.008623343348471688,4004127.882770119,0.03300287739540117,0.0,full
insurance,std,streed,4,,3,0.008,0.1,0.1,0.009912289377665032,1312750.0867685732,0.016034582767650924,1083208.767586789,0.008623325637095315,4004087.8785124053,0.03300267069483438,0.0,full
insurance,std,streed,4,,3,0.01,1e-05,0.001,0.008915843471101588,1213974.1684914127,0.01702407126406049,1089161.1430005338,0.008628716552103037,4255452.746634508,0.0342839520060873,0.0,full
insurance,std,streed,4,,3,0.01,1e-05,0.1,0.008915753848873628,1213952.8410275658,0.01880770522853156,1089161.0396631553,0.008628715682682572,4255399.446458167,0.034283658612262895,0.0,full
insurance,std,streed,4,,3,0.01,0.0001,0.001,0.008915982126548818,1214006.1684045275,0.019820667020812813,1089160.8872659719,0.008628713999956336,4255186.781420998,0.034282558828314866,0.0,full
insurance,std,streed,4,,3,0.01,0.0001,0.1,0.008915892477166528,1213984.8311053675,0.012583306774198829,1089160.7780218835,0.00862871311890884,4255133.506176836,0.03428226559844643,0.0,full
insurance,std,streed,4,,3,0.01,0.001,0.001,0.008917360314809839,1214323.764419372,0.01819250849202286,1089157.6823690694,0.008628689195495,4252532.01678431,0.03426865513865095,0.0,full
insurance,std,streed,4,,3,0.01,0.001,0.1,0.008917270397168662,1214302.3295709768,0.020933646529826072,1089157.5142890874,0.008628688198300581,4252478.989961475,0.03426836354245516,0.0,full
insurance,std,streed,4,,3,0.01,0.01,0.001,0.008930348529393525,1217272.08196733,0.017611849801670416,1089062.4898427317,0.008628495033162445,4226460.906503495,0.03413237543312624,0.0,full
insurance,std,streed,4,,3,0.01,0.01,0.1,0.008930259711181967,1217250.2983521307,0.018371834618579004,1089062.0675363224,0.008628494776326961,4226512.708877092,0.03413280345136514,0.0,full
insurance,std,streed,4,,3,0.01,0.1,0.001,0.00900641141228482,1231981.1874475377,0.01758492143464858,1083214.5816153944,0.008623343348471688,4004127.882770119,0.03300287739540117,0.0,full
insurance,std,streed,4,,3,0.01,0.1,0.1,0.009006474912306148,1231979.1680043784,0.018413601681469022,1083208.767586789,0.008623325637095315,4004087.8785124053,0.03300267069483438,0.0,full
insurance,std,streed,4,,3,0.03,1e-05,0.001,0.008544632974556692,1432967.9695821898,0.0421810411532854,1886097.247166643,0.013396664805681866,5800511.073801179,0.04246241087966778,0.4472135954999579,full
insurance,std,streed,4,,3,0.03,1e-05,0.1,0.008544710249330126,1432975.1268859284,0.0453930337422751,1886097.1940050418,0.013396664244538612,5800411.109781064,0.042461613947493766,0.4472135954999579,full
insurance,std,streed,4,,3,0.03,0.0001,0.001,0.008545363073453887,1433045.5514256102,0.04024974160954372,1886097.2399100293,0.01339666384025569,5799904.096533882,0.04245849641482825,0.4472135954999579,full
insurance,std,streed,4,,3,0.03,0.0001,0.1,0.008545440331019805,1433052.7011637618,0.043225945834743,1886097.1769214694,0.013396663222125713,5799804.15958247,0.04245769968796465,0.4472135954999579,full
insurance,std,streed,4,,3,0.03,0.001,0.001,0.008552660998827823,1433822.3198996156,0.04174472799836871,1886099.325564626,0.013396669852026205,5793847.609167963,0.042419454621113885,0.4472135954999579,full
insurance,std,streed,4,,3,0.03,0.001,0.1,0.008552738085519459,1433829.394451597,0.03984272501094053,1886099.1651727008,0.013396668669563435,5793747.942786089,0.042418659946545256,0.4472135954999579,full
insurance,std,streed,4,,3,0.03,0.01,0.001,0.010022483466238874,1625303.9014770994,0.04003943494616745,2226133.289259183,0.015246041179232953,5994502.387097513,0.04449587406430905,0.5477225575051661,full
insurance,std,streed,4,,3,0.03,0.01,0.1,0.010022476951142533,1625299.7084923757,0.036122060074566524,2226132.696785436,0.015246037517154105,5994537.177327277,0.04449603428725446,0.5477225575051661,full
insurance,std,streed,4,,3,0.03,0.1,0.001,0.013166422296306723,1531741.8324407497,0.024050300951228683,1083214.5816153944,0.008623343348471688,4004127.882770119,0.03300287739540117,0.0,full
insurance,std,streed,4,,3,0.03,0.1,0.1,0.013166477088122675,1531746.214838543,0.02224631575806498,1083208.767586789,0.008623325637095315,4004087.8785124053,0.03300267069483438,0.0,full
insurance,std,streed,4,,3,0.05,1e-05,0.001,0.009808546607846195,1313393.899097207,46.92946441209627,1219551.9855942857,0.00921937151821048,5109784.48342663,0.037670268786580745,0.0,full
insurance,std,streed,4,,3,0.05,1e-05,0.1,0.009808433135616834,1313382.0138704632,44.29433517683365,1219551.8560823777,0.00921937041912696,5109664.177221965,0.03766932083121273,0.0,full
insurance,std,streed,4,,3,0.05,0.0001,0.001,0.009808531503599742,1313408.4265032574,46.431463557279805,1219551.6422382449,0.009219368110411274,5109095.7892399,0.03766582914715336,0.0,full
insurance,std,streed,4,,3,0.05,0.0001,0.1,0.0098084180362586,1313396.5342681084,46.76642885406415,1219551.5065916516,0.0092193669849145,5108975.513111228,0.03766488141647191,0.0,full
insurance,std,streed,4,,3,0.05,0.001,0.001,0.009808375430178455,1313552.4477995064,45.51036176550499,1219546.8857231874,0.009219328344127808,5102220.467101567,0.03762152621427154,0.0,full
insurance,std,streed,4,,3,0.05,0.001,0.1,0.009808262012036906,1313540.4857312993,41.86523757833312,1219546.6889407295,0.009219326955594893,5102100.491239475,0.037620580727182405,0.0,full
insurance,std,streed,4,,3,0.05,0.01,0.001,0.009805887527951734,1314803.8138005394,43.096579211054056,1219370.1236021225,0.009218377534443845,5034613.647409472,0.037187726691854814,0.0,full
insurance,std,streed,4,,3,0.05,0.01,0.1,0.009805778362898707,1314791.7794875163,48.066890738393525,1219369.7397083736,0.009218376184775475,5034612.288288595,0.03718763073694003,0.0,full
insurance,std,streed,4,,3,0.05,0.1,0.001,0.009751375990098425,1318373.8196480689,0.011249537647498831,1207283.037604703,0.009167115231073001,4459291.308143352,0.033672965036911744,0.0,full
insurance,std,streed,4,,3,0.05,0.1,0.1,0.00975138527348243,1318377.9246849993,0.009858839667716458,1207276.2574289073,0.009167083760102349,4459191.072894266,0.0336721744606377,0.0,full
insurance,std,streed,4,,3,0.08,1e-05,0.001,0.009808546607846195,1313393.899097207,282.79430299805165,1219551.9855942857,0.00921937151821048,5109784.48342663,0.037670268786580745,0.0,full
insurance,std,streed,4,,3,0.08,1e-05,0.1,0.009808433135616834,1313382.0138704632,280.68560187737154,1219551.8560823777,0.00921937041912696,5109664.177221965,0.03766932083121273,0.0,full
insurance,std,streed,4,,3,0.08,0.0001,0.001,0.009808531503599742,1313408.4265032574,281.7036308500606,1219551.6422382449,0.009219368110411274,5109095.7892399,0.03766582914715336,0.0,full
insurance,std,streed,4,,3,0.08,0.0001,0.1,0.0098084180362586,1313396.5342681084,281.3433611460505,1219551.5065916516,0.0092193669849145,5108975.513111228,0.03766488141647191,0.0,full
insurance,std,streed,4,,3,0.08,0.001,0.001,0.009808375430178455,1313552.4477995064,274.1675692091125,1219546.8857231874,0.009219328344127808,5102220.467101567,0.03762152621427154,0.0,full
insurance,std,streed,4,,3,0.08,0.001,0.1,0.009808262012036906,1313540.4857312993,270.2642154201931,1219546.6889407295,0.009219326955594893,5102100.491239475,0.037620580727182405,0.0,full
insurance,std,streed,4,,3,0.08,0.01,0.001,0.009805887527951734,1314803.8138005394,215.6168459333775,1219370.1236021225,0.009218377534443845,5034613.647409472,0.037187726691854814,0.0,full
insurance,std,streed,4,,3,0.08,0.01,0.1,0.009805778362898707,1314791.7794875163,219.84568033067734,1219369.7397083736,0.009218376184775475,5034612.288288595,0.03718763073694003,0.0,full
insurance,std,streed,4,,3,0.08,0.1,0.001,0.009751375990098425,1318373.8196480689,36.36393152063645,1207283.037604703,0.009167115231073001,4459291.308143352,0.033672965036911744,0.0,full
insurance,std,streed,4,,3,0.08,0.1,0.1,0.00975138527348243,1318377.9246849993,25.9149160345697,1207276.2574289073,0.009167083760102349,4459191.072894266,0.0336721744606377,0.0,full
insurance,std,streed,4,,3,0.1,1e-05,0.001,0.009808546607846195,1313393.899097207,0.20645982464581927,1219551.9855942857,0.00921937151821048,5109784.48342663,0.037670268786580745,0.0,full
insurance,std,streed,4,,3,0.1,1e-05,0.1,0.009808433135616834,1313382.0138704632,0.16253034865484378,1219551.8560823777,0.00921937041912696,5109664.177221965,0.03766932083121273,0.0,full
insurance,std,streed,4,,3,0.1,0.0001,0.001,0.009808531503599742,1313408.4265032574,0.17632104396339982,1219551.6422382449,0.009219368110411274,5109095.7892399,0.03766582914715336,0.0,full
insurance,std,streed,4,,3,0.1,0.0001,0.1,0.0098084180362586,1313396.5342681084,0.21135118182579732,1219551.5065916516,0.0092193669849145,5108975.513111228,0.03766488141647191,0.0,full
insurance,std,streed,4,,3,0.1,0.001,0.001,0.009808375430178455,1313552.4477995064,0.22667987094345676,1219546.8857231874,0.009219328344127808,5102220.467101567,0.03762152621427154,0.0,full
insurance,std,streed,4,,3,0.1,0.001,0.1,0.009808262012036906,1313540.4857312993,0.19596929850675465,1219546.6889407295,0.009219326955594893,5102100.491239475,0.037620580727182405,0.0,full
insurance,std,streed,4,,3,0.1,0.01,0.001,0.009805887527951734,1314803.8138005394,0.1937649274926457,1219370.1236021225,0.009218377534443845,5034613.647409472,0.037187726691854814,0.0,full
insurance,std,streed,4,,3,0.1,0.01,0.1,0.009805778362898707,1314791.7794875163,0.18586693796325776,1219369.7397083736,0.009218376184775475,5034612.288288595,0.03718763073694003,0.0,full
insurance,std,streed,4,,3,0.1,0.1,0.001,0.009751375990098425,1318373.8196480689,0.16419493404275537,1207283.037604703,0.009167115231073001,4459291.308143352,0.033672965036911744,0.0,full
insurance,std,streed,4,,3,0.1,0.1,0.1,0.00975138527348243,1318377.9246849993,0.17203400430896248,1207276.2574289073,0.009167083760102349,4459191.072894266,0.0336721744606377,0.0,full
insurance,best_by_mean_val_r2,streed,4,,3,0.01,0.01,0.1,0.8624339900916931,20154949.23053938,599.7992897510528,19376386.731902774,0.8676195356840705,19957589.07614601,0.8611379450682126,3.0,full
