dataset,outer,method,depth,n_thresholds,cv_folds,cost_complexity,ridge_penalty,lasso_penalty,val_r2,val_mse,train_time_s,train_mse,train_r2,test_mse,test_r2,n_leaves
optical_net,outer_0,streed,4,20,3,0.1,0.1,0.1,0.21696447645316,0.0332718003357742,122.04420566558838,0.0306855960457552,0.282630085477862,0.030881054426638,0.1534938631970834,3.0
optical_net,outer_0,streed,4,20,3,0.1,0.1,0.001,0.7400311809496065,0.0110044964630963,3.3793163299560547,0.0114553162646442,0.7321968510131427,0.0202252874002373,0.4455879107503804,1.0
optical_net,outer_0,streed,4,20,3,0.1,0.01,0.1,0.2192680813887944,0.0331749254880141,123.0246992111206,0.0305658064593234,0.2854305344328403,0.0308136379986482,0.1553418706914598,3.0
optical_net,outer_0,streed,4,20,3,0.1,0.01,0.001,0.7695501012259248,0.0097544929491713,0.1409528255462646,0.0099669667671395,0.766991585005338,0.0218677012413544,0.4005663458624777,1.0
optical_net,outer_0,streed,4,20,3,0.1,0.001,0.1,0.2195233764686883,0.033164189028734,123.06132817268372,0.0305524918150784,0.2857418050755752,0.0308061969132548,0.1555458444406374,3.0
optical_net,outer_0,streed,4,20,3,0.1,0.001,0.001,0.7838802827762623,0.0091485649400742,0.1308329105377197,0.0096005757463893,0.7755570987677349,0.0217182953616502,0.4046618340636505,1.0
optical_net,outer_0,streed,4,20,3,0.1,0.0001,0.1,0.2195491825747006,0.0331631037461296,124.0286147594452,0.0305511455013252,0.2857732792884477,0.0308054450975849,0.155566453082089,3.0
optical_net,outer_0,streed,4,20,3,0.1,0.0001,0.001,0.7840752019922849,0.0091404167872947,0.1382849216461181,0.0095918249099095,0.77576167640762,0.0217508522403393,0.4037693905212527,1.0
optical_net,outer_0,streed,4,20,3,0.1,1e-05,0.1,0.2195517659815146,0.03316299510023,123.45002841949464,0.0305510107197993,0.2857764302199667,0.0308053698381645,0.1555685160803386,3.0
optical_net,outer_0,streed,4,20,3,0.1,1e-05,0.001,0.7840944240263856,0.0091396136032576,0.1304428577423095,0.009590958316701,0.7757819356815472,0.0217541283159009,0.4036795873030996,1.0
optical_net,outer_0,streed,4,20,3,0.08,0.1,0.1,0.21696447645316,0.0332718003357742,126.523339509964,0.0306855960457552,0.282630085477862,0.030881054426638,0.1534938631970834,3.0
optical_net,outer_0,streed,4,20,3,0.08,0.1,0.001,0.7845190890780601,0.0091457296784396,27.93884539604187,0.0088381363664936,0.7933814575309969,0.0167893892618605,0.5397721578095344,2.0
optical_net,outer_0,streed,4,20,3,0.08,0.01,0.1,0.2192680813887944,0.0331749254880141,125.49223208427428,0.0305658064593234,0.2854305344328403,0.0308136379986482,0.1553418706914598,3.0
optical_net,outer_0,streed,4,20,3,0.08,0.01,0.001,0.8526106224983595,0.0062736588446792,3.076418161392212,0.0056412034631187,0.8681195685394136,0.0137998319244136,0.6217213878296743,2.0
optical_net,outer_0,streed,4,20,3,0.08,0.001,0.1,0.2195233764686883,0.033164189028734,125.51256370544434,0.0305524918150784,0.2857418050755752,0.0308061969132548,0.1555458444406374,3.0
optical_net,outer_0,streed,4,20,3,0.08,0.001,0.001,0.8606616817833331,0.0059265970982623,0.1611521244049072,0.0054987010214521,0.871451000141561,0.013270800204306,0.6362231140805804,2.0
optical_net,outer_0,streed,4,20,3,0.08,0.0001,0.1,0.2195491825747006,0.0331631037461296,125.53092217445374,0.0305511455013252,0.2857732792884477,0.0308054450975849,0.155566453082089,3.0
optical_net,outer_0,streed,4,20,3,0.08,0.0001,0.001,0.860893458798231,0.0059169319235447,0.1572253704071045,0.0054862327226848,0.8717424848631736,0.0132124230684506,0.6378233380582953,2.0
optical_net,outer_0,streed,4,20,3,0.08,1e-05,0.1,0.2195517659815146,0.03316299510023,125.31724905967712,0.0305510107197993,0.2857764302199667,0.0308053698381645,0.1555685160803386,3.0
optical_net,outer_0,streed,4,20,3,0.08,1e-05,0.001,0.8609159949276707,0.0059159929067163,0.1561756134033203,0.0054850065921995,0.8717711494235786,0.0132065277223682,0.6379849402681261,2.0
optical_net,outer_0,streed,4,20,3,0.05,0.1,0.1,0.257203431859855,0.0316397039341381,127.00280284881592,0.0306855960457552,0.282630085477862,0.030881054426638,0.1534938631970834,3.0
optical_net,outer_0,streed,4,20,3,0.05,0.1,0.001,0.7932643275262926,0.0087910218571616,78.23398208618164,0.0088381363664936,0.7933814575309969,0.0167893892618605,0.5397721578095344,2.0
optical_net,outer_0,streed,4,20,3,0.05,0.01,0.1,0.2625349973707773,0.0314200146765785,126.73000478744508,0.0305658064593234,0.2854305344328403,0.0308136379986482,0.1553418706914598,3.0
optical_net,outer_0,streed,4,20,3,0.05,0.01,0.001,0.8526106224983595,0.0062736588446792,29.284847497940063,0.0056412034631187,0.8681195685394136,0.0137998319244136,0.6217213878296743,2.0
optical_net,outer_0,streed,4,20,3,0.05,0.001,0.1,0.2631882856413088,0.0313931355702602,126.71504163742064,0.0305524918150784,0.2857418050755752,0.0308061969132548,0.1555458444406374,3.0
optical_net,outer_0,streed,4,20,3,0.05,0.001,0.001,0.8606616817833331,0.0059265970982623,28.08575201034546,0.0054987010214521,0.871451000141561,0.013270800204306,0.6362231140805804,2.0
optical_net,outer_0,streed,4,20,3,0.05,0.0001,0.1,0.2632541709120653,0.0313904246723809,126.63499069213869,0.0305511455013252,0.2857732792884477,0.0308054450975849,0.155566453082089,3.0
optical_net,outer_0,streed,4,20,3,0.05,0.0001,0.001,0.860893458798231,0.0059169319235447,28.12645125389099,0.0054862327226848,0.8717424848631736,0.0132124230684506,0.6378233380582953,2.0
optical_net,outer_0,streed,4,20,3,0.05,1e-05,0.1,0.2632607650469739,0.0313901533509141,126.82790303230286,0.0305510107197993,0.2857764302199667,0.0308053698381645,0.1555685160803386,3.0
optical_net,outer_0,streed,4,20,3,0.05,1e-05,0.001,0.8609159949276707,0.0059159929067163,28.08038830757141,0.0054850065921995,0.8717711494235786,0.0132065277223682,0.6379849402681261,2.0
optical_net,outer_0,streed,4,20,3,0.03,0.1,0.1,0.3584803395268536,0.0273683073428721,127.10965371131896,0.0264678140507636,0.3812336747550088,0.0278705620274743,0.2360169615175978,5.0
optical_net,outer_0,streed,4,20,3,0.03,0.1,0.001,0.8279968321190379,0.00728823098653,105.07788419723512,0.0069905899850745,0.836573520273988,0.0121135402004469,0.6679457256730865,3.0
optical_net,outer_0,streed,4,20,3,0.03,0.01,0.1,0.3631900027856976,0.0271727367807862,127.35512566566469,0.0262406663943253,0.3865439478434023,0.0276998076616861,0.2406976507365804,5.0
optical_net,outer_0,streed,4,20,3,0.03,0.01,0.001,0.8526106224983595,0.0062736588446792,82.77775859832764,0.0056412034631187,0.8681195685394136,0.0137998319244136,0.6217213878296743,2.0
optical_net,outer_0,streed,4,20,3,0.03,0.001,0.1,0.3636713256836901,0.0271527056461719,126.8667221069336,0.026215931704592,0.3871221970725593,0.027682408708744,0.2411745878332196,5.0
optical_net,outer_0,streed,4,20,3,0.03,0.001,0.001,0.8652914931348784,0.0057276252087041,81.65031886100769,0.0054987010214521,0.871451000141561,0.013270800204306,0.6362231140805804,2.0
optical_net,outer_0,streed,4,20,3,0.03,0.0001,0.1,0.3637194663677345,0.0271507015868279,126.80014848709106,0.0262134378082007,0.3871804995490167,0.0276806695251735,0.2412222620332382,5.0
optical_net,outer_0,streed,4,20,3,0.03,0.0001,0.001,0.8645534881258197,0.0057581874945981,80.85278582572937,0.0054862327226848,0.8717424848631736,0.0132124230684506,0.6378233380582953,2.0
optical_net,outer_0,streed,4,20,3,0.03,1e-05,0.1,0.3637242803855091,0.0271505011768198,127.17861533164978,0.0262131882147709,0.3871863345608957,0.0276804956195798,0.2412270291033731,5.0
optical_net,outer_0,streed,4,20,3,0.03,1e-05,0.001,0.864564970482081,0.0057576460077013,81.05962824821472,0.0054850065921995,0.8717711494235786,0.0132065277223682,0.6379849402681261,2.0
optical_net,outer_0,streed,4,20,3,0.01,0.1,0.1,0.3584803395268536,0.0273683073428721,126.59850645065308,0.0264678140507636,0.3812336747550088,0.0278705620274743,0.2360169615175978,5.0
optical_net,outer_0,streed,4,20,3,0.01,0.1,0.001,0.8391071298750278,0.0068264732317412,124.5415153503418,0.0045682267120257,0.8932036907141323,0.0093207104503014,0.7445022930066374,7.0
optical_net,outer_0,streed,4,20,3,0.01,0.01,0.1,0.3631900027856976,0.0271727367807862,126.4297502040863,0.0262406663943253,0.3865439478434023,0.0276998076616861,0.2406976507365804,5.0
optical_net,outer_0,streed,4,20,3,0.01,0.01,0.001,0.8910994803832172,0.0046386577246075,113.64491772651672,0.0034939039234586,0.9183192806428546,0.0074272866197733,0.7964045004237623,5.0
optical_net,outer_0,streed,4,20,3,0.01,0.001,0.1,0.3636713256836901,0.0271527056461719,126.2778308391571,0.026215931704592,0.3871221970725593,0.027682408708744,0.2411745878332196,5.0
optical_net,outer_0,streed,4,20,3,0.01,0.001,0.001,0.8621809080890316,0.0058704947107606,113.42431831359865,0.0027940210460123,0.9346811893123328,0.0054021643132144,0.8519168037471844,6.0
optical_net,outer_0,streed,4,20,3,0.01,0.0001,0.1,0.3637194663677345,0.0271507015868279,126.28725385665894,0.0262134378082007,0.3871804995490167,0.0276806695251735,0.2412222620332382,5.0
optical_net,outer_0,streed,4,20,3,0.01,0.0001,0.001,0.8607997370860435,0.0059279496290013,113.58264827728271,0.0030986793821258,0.9275588663758528,0.0075327314927071,0.7935140637566825,5.0
optical_net,outer_0,streed,4,20,3,0.01,1e-05,0.1,0.3637242803855091,0.0271505011768198,126.37002325057983,0.0262131882147709,0.3871863345608957,0.0276804956195798,0.2412270291033731,5.0
optical_net,outer_0,streed,4,20,3,0.01,1e-05,0.001,0.859827548331029,0.0059704305394213,114.4132559299469,0.0030871770016748,0.927827769794534,0.0075397649279266,0.7933212644437498,5.0
optical_net,outer_0,streed,4,20,3,0.008,0.1,0.1,0.3642502739590842,0.0271158043587923,126.88953232765198,0.0264678140507636,0.3812336747550088,0.0278705620274743,0.2360169615175978,5.0
optical_net,outer_0,streed,4,20,3,0.008,0.1,0.001,0.8432610596878417,0.0066446895935192,129.52221083641052,0.0045682267120257,0.8932036907141323,0.0093207104503014,0.7445022930066374,7.0
optical_net,outer_0,streed,4,20,3,0.008,0.01,0.1,0.3730402574988572,0.0267416714475087,126.59708499908449,0.0262406663943253,0.3865439478434023,0.0276998076616861,0.2406976507365804,5.0
optical_net,outer_0,streed,4,20,3,0.008,0.01,0.001,0.8910994803832172,0.0046386577246075,116.76806020736694,0.0026882749392745,0.9371533288607522,0.0053669750007396,0.8528814071104054,7.0
optical_net,outer_0,streed,4,20,3,0.008,0.001,0.1,0.3739742746965094,0.0267018295745086,126.95093584060668,0.026215931704592,0.3871221970725593,0.027682408708744,0.2411745878332196,5.0
optical_net,outer_0,streed,4,20,3,0.008,0.001,0.001,0.8986662997465817,0.004296182092934,117.54222440719604,0.0023769778728415,0.9444308524781856,0.0081515204921043,0.7765519264494795,7.0
optical_net,outer_0,streed,4,20,3,0.008,0.0001,0.1,0.3740681797831526,0.0266978227804098,126.6118860244751,0.0262134378082007,0.3871804995490167,0.0276806695251735,0.2412222620332382,5.0
optical_net,outer_0,streed,4,20,3,0.008,0.0001,0.001,0.8940088293569488,0.0044899577326196,118.4281406402588,0.0023317803901724,0.9454874822477568,0.0080988680402564,0.7779952263767144,7.0
optical_net,outer_0,streed,4,20,3,0.008,1e-05,0.1,0.3740775752442395,0.0266974218779833,127.89172220230104,0.0262131882147709,0.3871863345608957,0.0276804956195798,0.2412270291033731,5.0
optical_net,outer_0,streed,4,20,3,0.008,1e-05,0.001,0.8940264233988708,0.0044891283965745,124.44687747955322,0.0023279700292869,0.9455765611191148,0.0080969578019945,0.7780475894984248,7.0
optical_net,outer_0,streed,4,20,3,0.005,0.1,0.1,0.3642502739590842,0.0271158043587923,127.50645875930786,0.0264678140507636,0.3812336747550088,0.0278705620274743,0.2360169615175978,5.0
optical_net,outer_0,streed,4,20,3,0.005,0.1,0.001,0.8438447870394207,0.006619603186037,137.78424715995789,0.0037444418187816,0.912462188987068,0.0075047566988174,0.7942809039809904,10.0
optical_net,outer_0,streed,4,20,3,0.005,0.01,0.1,0.3730402574988572,0.0267416714475087,127.23265385627748,0.0262406663943253,0.3865439478434023,0.0276998076616861,0.2406976507365804,5.0
optical_net,outer_0,streed,4,20,3,0.005,0.01,0.001,0.8746054869318666,0.0053552940917917,124.92304062843324,0.0025907281150132,0.9394337850356268,0.0048588665365223,0.866809588680218,8.0
optical_net,outer_0,streed,4,20,3,0.005,0.001,0.1,0.3739742746965094,0.0267018295745086,127.42807984352112,0.026215931704592,0.3871221970725593,0.027682408708744,0.2411745878332196,5.0
optical_net,outer_0,streed,4,20,3,0.005,0.001,0.001,0.8773495483795152,0.0052411697464325,126.18312883377077,0.0021389802005739,0.949994777961546,0.0046630638490564,0.8721768981720667,8.0
optical_net,outer_0,streed,4,20,3,0.005,0.0001,0.1,0.3740681797831526,0.0266978227804098,127.27952361106873,0.0262134378082007,0.3871804995490167,0.0276806695251735,0.2412222620332382,5.0
optical_net,outer_0,streed,4,20,3,0.005,0.0001,0.001,0.8756974883976137,0.0053127204041094,127.42423248291016,0.001874955174389,0.956167172663724,0.0045277995061644,0.8758847410056303,9.0
optical_net,outer_0,streed,4,20,3,0.005,1e-05,0.1,0.3740775752442395,0.0266974218779833,127.06827759742735,0.0262131882147709,0.3871863345608957,0.0276804956195798,0.2412270291033731,5.0
optical_net,outer_0,streed,4,20,3,0.005,1e-05,0.001,0.8747042378472131,0.0053561057228747,126.11820435523988,0.001873330123576,0.9562051632102032,0.0045293587719017,0.8758419986822202,9.0
optical_net,outer_0,streed,4,20,3,0.003,0.1,0.1,0.3478938384208599,0.0278315921776694,127.56630492210388,0.0251205277850428,0.4127306230898516,0.0264618823217296,0.2746314466070039,7.0
optical_net,outer_0,streed,4,20,3,0.003,0.1,0.001,0.8433960008138195,0.0066392428998863,144.74624037742615,0.0037444418187816,0.912462188987068,0.0075047566988174,0.7942809039809904,10.0
optical_net,outer_0,streed,4,20,3,0.003,0.01,0.1,0.3557349300331645,0.0274989845291196,126.87711191177368,0.0247735927071056,0.4208412945212759,0.0261766712170945,0.2824496042068871,7.0
optical_net,outer_0,streed,4,20,3,0.003,0.01,0.001,0.873595663303505,0.0053968432079648,133.1793670654297,0.00208761058653,0.9511957002307688,0.0054232048622409,0.8513400438468726,10.0
optical_net,outer_0,streed,4,20,3,0.003,0.001,0.1,0.3565682983287483,0.0274635472379072,129.27220916748047,0.0247319285748222,0.4218153213894583,0.0261434376120577,0.2833605980551874,7.0
optical_net,outer_0,streed,4,20,3,0.003,0.001,0.001,0.8800134767032164,0.0051293945583548,142.64222025871277,0.0018705464163349,0.9562702409040704,0.0053689775561724,0.8528265134063321,10.0
optical_net,outer_0,streed,4,20,3,0.003,0.0001,0.1,0.356652093331465,0.0274599828797478,128.2039511203766,0.0247277199896323,0.4219137099752122,0.0261400946095939,0.2834522358620409,7.0
optical_net,outer_0,streed,4,20,3,0.003,0.0001,0.001,0.8783508414001143,0.0052014052818779,137.24574542045593,0.0018504674262794,0.9567396488751044,0.0053667324119754,0.8528880569117628,10.0
optical_net,outer_0,streed,4,20,3,0.003,1e-05,0.1,0.3566604773517294,0.0274596262398392,135.70854449272156,0.0247272987072731,0.4219235587423526,0.0261397601161273,0.2834614049392446,7.0
optical_net,outer_0,streed,4,20,3,0.003,1e-05,0.001,0.8773666048129921,0.0052444075106683,137.67167353630066,0.001873330123576,0.9562051632102032,0.0045293587719017,0.8758419986822202,9.0
optical_net,outer_0,streed,4,20,3,0.001,0.1,0.1,0.3478938384208599,0.0278315921776694,127.45465016365053,0.0251205277850428,0.4127306230898516,0.0264618823217296,0.2746314466070039,7.0
optical_net,outer_0,streed,4,20,3,0.001,0.1,0.001,0.8531616457722153,0.006241003832549,155.2144205570221,0.0036192110732668,0.9153898417226216,0.0063659769416759,0.8254969382384136,12.0
optical_net,outer_0,streed,4,20,3,0.001,0.01,0.1,0.3557349300331645,0.0274989845291196,127.66876888275146,0.0247735927071056,0.4208412945212759,0.0261766712170945,0.2824496042068871,7.0
optical_net,outer_0,streed,4,20,3,0.001,0.01,0.001,0.873595663303505,0.0053968432079648,146.04837250709534,0.0020561859740228,0.951930346921501,0.005112593726943,0.8598544627056465,11.0
optical_net,outer_0,streed,4,20,3,0.001,0.001,0.1,0.3565682983287483,0.0274635472379072,127.4681272506714,0.0247319285748222,0.4218153213894583,0.0261434376120577,0.2833605980551874,7.0
optical_net,outer_0,streed,4,20,3,0.001,0.001,0.001,0.8784229326443732,0.005200003933472,149.81046414375305,0.0017624864591605,0.95879647380259,0.0053977011744132,0.8520391465380878,11.0
optical_net,outer_0,streed,4,20,3,0.001,0.0001,0.1,0.356652093331465,0.0274599828797478,127.4712257385254,0.0247277199896323,0.4219137099752122,0.0261400946095939,0.2834522358620409,7.0
optical_net,outer_0,streed,4,20,3,0.001,0.0001,0.001,0.8768206136625345,0.0052694065121475,150.49267077445984,0.0017376559623597,0.9593769628157734,0.0053851864304703,0.8523821985401938,11.0
optical_net,outer_0,streed,4,20,3,0.001,1e-05,0.1,0.3566604773517294,0.0274596262398392,127.5962986946106,0.0247272987072731,0.4219235587423526,0.0261397601161273,0.2834614049392446,7.0
optical_net,outer_0,streed,4,20,3,0.001,1e-05,0.001,0.8758369447176871,0.005312387391291,151.70409297943115,0.001745510206125,0.9591933457802688,0.0057589039485179,0.8421379184036575,11.0
optical_net,outer_0,streed,4,20,3,0.0005,0.1,0.1,0.3478938384208599,0.0278315921776694,127.67659664154051,0.0259816636994294,0.3925989301491526,0.0272947315621339,0.2518015268998026,8.0
optical_net,outer_0,streed,4,20,3,0.0005,0.1,0.001,0.8531616457722153,0.006241003832549,157.72962617874146,0.0036192110732668,0.9153898417226216,0.0063659769416759,0.8254969382384136,12.0
optical_net,outer_0,streed,4,20,3,0.0005,0.01,0.1,0.3557349300331645,0.0274989845291196,127.7987983226776,0.0247735927071056,0.4208412945212759,0.0261766712170945,0.2824496042068871,7.0
optical_net,outer_0,streed,4,20,3,0.0005,0.01,0.001,0.8753569722927962,0.005325404324064,150.49886679649353,0.0020561859740228,0.951930346921501,0.005112593726943,0.8598544627056465,11.0
optical_net,outer_0,streed,4,20,3,0.0005,0.001,0.1,0.3565682983287483,0.0274635472379072,128.4621696472168,0.0247319285748222,0.4218153213894583,0.0261434376120577,0.2833605980551874,7.0
optical_net,outer_0,streed,4,20,3,0.0005,0.001,0.001,0.8784229326443732,0.005200003933472,153.659512758255,0.0017624864591605,0.95879647380259,0.0053977011744132,0.8520391465380878,11.0
optical_net,outer_0,streed,4,20,3,0.0005,0.0001,0.1,0.356652093331465,0.0274599828797478,127.96314215660097,0.0247277199896323,0.4219137099752122,0.0261400946095939,0.2834522358620409,7.0
optical_net,outer_0,streed,4,20,3,0.0005,0.0001,0.001,0.8768206136625345,0.0052694065121475,155.88405394554138,0.0017376559623597,0.9593769628157734,0.0053851864304703,0.8523821985401938,11.0
optical_net,outer_0,streed,4,20,3,0.0005,1e-05,0.1,0.3566604773517294,0.0274596262398392,127.84423756599426,0.0247272987072731,0.4219235587423526,0.0261397601161273,0.2834614049392446,7.0
optical_net,outer_0,streed,4,20,3,0.0005,1e-05,0.001,0.8758369447176871,0.005312387391291,155.11866974830627,0.001745510206125,0.9591933457802688,0.0057589039485179,0.8421379184036575,11.0
optical_net,outer_0,streed,4,20,3,0.0001,0.1,0.1,0.3478938384208599,0.0278315921776694,127.75902676582336,0.0259816636994294,0.3925989301491526,0.0272947315621339,0.2518015268998026,8.0
optical_net,outer_0,streed,4,20,3,0.0001,0.1,0.001,0.8531616457722153,0.006241003832549,158.61065649986267,0.0036192110732668,0.9153898417226216,0.0063659769416759,0.8254969382384136,12.0
optical_net,outer_0,streed,4,20,3,0.0001,0.01,0.1,0.3557349300331645,0.0274989845291196,127.29721164703368,0.0247735927071056,0.4208412945212759,0.0261766712170945,0.2824496042068871,7.0
optical_net,outer_0,streed,4,20,3,0.0001,0.01,0.001,0.8753569722927962,0.005325404324064,152.6933000087738,0.0020641953423952,0.9517431033725706,0.0051023269503018,0.8601358938158621,12.0
optical_net,outer_0,streed,4,20,3,0.0001,0.001,0.1,0.3565682983287483,0.0274635472379072,127.04275345802309,0.0247319285748222,0.4218153213894583,0.0261434376120577,0.2833605980551874,7.0
optical_net,outer_0,streed,4,20,3,0.0001,0.001,0.001,0.8784229326443732,0.005200003933472,156.7952766418457,0.0017624864591605,0.95879647380259,0.0053977011744132,0.8520391465380878,11.0
optical_net,outer_0,streed,4,20,3,0.0001,0.0001,0.1,0.356652093331465,0.0274599828797478,126.997554063797,0.0247277199896323,0.4219137099752122,0.0261400946095939,0.2834522358620409,7.0
optical_net,outer_0,streed,4,20,3,0.0001,0.0001,0.001,0.8768206136625345,0.0052694065121475,157.82256770133972,0.0017376559623597,0.9593769628157734,0.0053851864304703,0.8523821985401938,11.0
optical_net,outer_0,streed,4,20,3,0.0001,1e-05,0.1,0.3566604773517294,0.0274596262398392,127.16684126853944,0.0247272987072731,0.4219235587423526,0.0261397601161273,0.2834614049392446,7.0
optical_net,outer_0,streed,4,20,3,0.0001,1e-05,0.001,0.8758369447176871,0.005312387391291,157.3136978149414,0.001745510206125,0.9591933457802688,0.0057589039485179,0.8421379184036575,11.0
optical_net,outer_1,streed,4,20,3,0.1,0.1,0.1,0.1486553883564124,0.0349613411607562,119.51147055625916,0.0350115234581537,0.1498935258755771,0.035432838914023,0.1720657643324399,1.0
optical_net,outer_1,streed,4,20,3,0.1,0.1,0.001,0.6627579009690283,0.0138311172871067,23.831446886062626,0.0142703118957877,0.6535059508369181,0.0105985564297094,0.7523509832756251,1.0
optical_net,outer_1,streed,4,20,3,0.1,0.01,0.1,0.1574578272964744,0.0346007622607166,121.0387191772461,0.0345301752423437,0.1615810274222419,0.0348413905392098,0.1858857226859317,1.0
optical_net,outer_1,streed,4,20,3,0.1,0.01,0.001,0.8019592880667871,0.0081178515076533,2.9232490062713623,0.006973912172186,0.8306680971870186,0.0061605910536187,0.8560498000847552,2.0
optical_net,outer_1,streed,4,20,3,0.1,0.001,0.1,0.1584186676422812,0.0345614003583649,120.83141899108888,0.0344779659109112,0.162848709781554,0.034777092297748,0.187388134488965,1.0
optical_net,outer_1,streed,4,20,3,0.1,0.001,0.001,0.8137314634354039,0.0076277547577531,0.1544067859649658,0.0066850428825779,0.8376820637047881,0.0059097920893832,0.8619100431565676,2.0
optical_net,outer_1,streed,4,20,3,0.1,0.0001,0.1,0.1585156326342761,0.0345574280510041,121.78159594535828,0.0344727008485801,0.1629765495077996,0.0347706064877718,0.1875396838507981,1.0
optical_net,outer_1,streed,4,20,3,0.1,0.0001,0.001,0.8128399512655236,0.007666352291231,0.15153169631958,0.0065899486035853,0.8399910252762663,0.0058164908363508,0.8640901479402581,2.0
optical_net,outer_1,streed,4,20,3,0.1,1e-05,0.1,0.1585253380251121,0.0345570304557294,120.9368336200714,0.0344721738974012,0.1629893442840461,0.0347699573420886,0.1875548519815935,1.0
optical_net,outer_1,streed,4,20,3,0.1,1e-05,0.001,0.8128235825604286,0.0076670850115633,0.1504526138305664,0.0065881464197036,0.8400347836744753,0.0058149918102378,0.8641251746295431,2.0
optical_net,outer_1,streed,4,20,3,0.08,0.1,0.1,0.1486553883564124,0.0349613411607562,124.60982990264893,0.0318622129194433,0.2263611860499713,0.0336946717129296,0.2126802952931574,3.0
optical_net,outer_1,streed,4,20,3,0.08,0.1,0.001,0.6883937146328553,0.0127799896146057,42.212339639663696,0.0111577614089419,0.7290810489348138,0.0078006567961301,0.8177275369359991,2.0
optical_net,outer_1,streed,4,20,3,0.08,0.01,0.1,0.1574578272964744,0.0346007622607166,123.27437400817873,0.0317090350672369,0.2300804610483525,0.0335090471466158,0.2170176540299225,3.0
optical_net,outer_1,streed,4,20,3,0.08,0.01,0.001,0.8019592880667871,0.0081178515076533,3.5426063537597656,0.006973912172186,0.8306680971870186,0.0061605910536187,0.8560498000847552,2.0
optical_net,outer_1,streed,4,20,3,0.08,0.001,0.1,0.1584186676422812,0.0345614003583649,123.1274676322937,0.0316914306092627,0.2305079107054686,0.0334875221643333,0.2175206131576692,3.0
optical_net,outer_1,streed,4,20,3,0.08,0.001,0.001,0.8137314634354039,0.0076277547577531,3.368765592575073,0.0066850428825779,0.8376820637047881,0.0059097920893832,0.8619100431565676,2.0
optical_net,outer_1,streed,4,20,3,0.08,0.0001,0.1,0.1585156326342761,0.0345574280510041,123.38431715965272,0.0316896473214751,0.2305512102921129,0.0334853410658917,0.2175715773515228,3.0
optical_net,outer_1,streed,4,20,3,0.08,0.0001,0.001,0.8128399512655236,0.007666352291231,3.352027654647827,0.0065899486035853,0.8399910252762663,0.0058164908363508,0.8640901479402581,2.0
optical_net,outer_1,streed,4,20,3,0.08,1e-05,0.1,0.1585253380251121,0.0345570304557294,123.09413146972656,0.0316894687612743,0.2305555458698812,0.0334851226662089,0.2175766805433633,3.0
optical_net,outer_1,streed,4,20,3,0.08,1e-05,0.001,0.8128235825604286,0.0076670850115633,3.354500293731689,0.0065881464197036,0.8400347836744753,0.0058149918102378,0.8641251746295431,2.0
optical_net,outer_1,streed,4,20,3,0.05,0.1,0.1,0.225893093658413,0.0318115877001752,124.3882851600647,0.0318622129194433,0.2263611860499713,0.0336946717129296,0.2126802952931574,3.0
optical_net,outer_1,streed,4,20,3,0.05,0.1,0.001,0.7672359003901108,0.0095305858587543,80.02805066108704,0.0078732139210512,0.8088323653081871,0.0066521938015338,0.844562864298019,3.0
optical_net,outer_1,streed,4,20,3,0.05,0.01,0.1,0.2321200265753882,0.0315513919314222,124.17388081550598,0.0317090350672369,0.2300804610483525,0.0335090471466158,0.2170176540299225,3.0
optical_net,outer_1,streed,4,20,3,0.05,0.01,0.001,0.8121165965869771,0.007719298060475,53.855525732040405,0.006973912172186,0.8306680971870186,0.0061605910536187,0.8560498000847552,2.0
optical_net,outer_1,streed,4,20,3,0.05,0.001,0.1,0.2328186806072735,0.0315221863493896,124.1488766670227,0.0316914306092627,0.2305079107054686,0.0334875221643333,0.2175206131576692,3.0
optical_net,outer_1,streed,4,20,3,0.05,0.001,0.001,0.8137314634354039,0.0076277547577531,30.51509189605713,0.0066850428825779,0.8376820637047881,0.0059097920893832,0.8619100431565676,2.0
optical_net,outer_1,streed,4,20,3,0.05,0.0001,0.1,0.2328894204909741,0.0315192290817891,124.02107071876526,0.0316896473214751,0.2305512102921129,0.0334853410658917,0.2175715773515228,3.0
optical_net,outer_1,streed,4,20,3,0.05,0.0001,0.001,0.8222965430460524,0.0072786101489918,30.170129776000977,0.0065899486035853,0.8399910252762663,0.0058164908363508,0.8640901479402581,2.0
optical_net,outer_1,streed,4,20,3,0.05,1e-05,0.1,0.2328965033595568,0.0315189329822135,124.274658203125,0.0316894687612743,0.2305555458698812,0.0334851226662089,0.2175766805433633,3.0
optical_net,outer_1,streed,4,20,3,0.05,1e-05,0.001,0.8222385904998951,0.007281047903018,30.15422773361206,0.0065881464197036,0.8400347836744753,0.0058149918102378,0.8641251746295431,2.0
optical_net,outer_1,streed,4,20,3,0.03,0.1,0.1,0.2554928009572033,0.0305979312175808,124.75799036026,0.0318622129194433,0.2263611860499713,0.0336946717129296,0.2126802952931574,3.0
optical_net,outer_1,streed,4,20,3,0.03,0.1,0.001,0.7641266078862278,0.0096525885766244,97.1810851097107,0.0071073933379812,0.8274270727468298,0.00589416709222,0.862275141480047,4.0
optical_net,outer_1,streed,4,20,3,0.03,0.01,0.1,0.2623715415960286,0.0303110098241773,124.76506328582764,0.0317090350672369,0.2300804610483525,0.0335090471466158,0.2170176540299225,3.0
optical_net,outer_1,streed,4,20,3,0.03,0.01,0.001,0.8320362619934122,0.0068751792728556,82.96466994285583,0.0053822476650825,0.869314924530592,0.0048245456377446,0.8872682340040066,3.0
optical_net,outer_1,streed,4,20,3,0.03,0.001,0.1,0.2631478487914514,0.0302786202827776,124.74833273887634,0.0316914306092627,0.2305079107054686,0.0334875221643333,0.2175206131576692,3.0
optical_net,outer_1,streed,4,20,3,0.03,0.001,0.001,0.8298444873125556,0.0069851859892697,76.78691458702087,0.00517771949026,0.8742810244995164,0.0048554387046364,0.8865463774294715,3.0
optical_net,outer_1,streed,4,20,3,0.03,0.0001,0.1,0.2632265026778592,0.0302753385227558,124.78399062156676,0.0316896473214751,0.2305512102921129,0.0334853410658917,0.2175715773515228,3.0
optical_net,outer_1,streed,4,20,3,0.03,0.0001,0.001,0.83602873420476,0.0067246048170175,73.03513479232788,0.004659946749437,0.886852941274999,0.0035941775789002,0.9160173794185432,3.0
optical_net,outer_1,streed,4,20,3,0.03,1e-05,0.1,0.2632343784619528,0.0302750099118097,124.77266192436218,0.0316894687612743,0.2305555458698812,0.0334851226662089,0.2175766805433633,3.0
optical_net,outer_1,streed,4,20,3,0.03,1e-05,0.001,0.835956370193177,0.0067276353409247,73.35407042503357,0.0045844721756203,0.8886855214513529,0.0035457530824524,0.917148880581952,3.0
optical_net,outer_1,streed,4,20,3,0.01,0.1,0.1,0.2625654278835579,0.0303042602581128,124.78366374969482,0.0288633575041196,0.2991756811568974,0.0282718999443826,0.339390390701705,6.0
optical_net,outer_1,streed,4,20,3,0.01,0.1,0.001,0.8248510148107416,0.0071791514922117,118.3085434436798,0.0044740030708453,0.8913677955109817,0.0051166693358602,0.88044238492918,9.0
optical_net,outer_1,streed,4,20,3,0.01,0.01,0.1,0.2732485236696156,0.0298640929949099,124.94512128829956,0.0286727548429748,0.3038036590401871,0.0280724490160677,0.3440508203186567,6.0
optical_net,outer_1,streed,4,20,3,0.01,0.01,0.001,0.8800868919486918,0.0048941363262821,109.5065906047821,0.0030552215327561,0.9258168926015268,0.0047993241020164,0.8878575678972391,6.0
optical_net,outer_1,streed,4,20,3,0.01,0.001,0.1,0.2744229768924789,0.0298157255539749,124.7192406654358,0.0286511597044039,0.3043280054637473,0.0280498205041247,0.3445795648481387,6.0
optical_net,outer_1,streed,4,20,3,0.01,0.001,0.001,0.8860023789422465,0.0046498814349128,107.53782606124878,0.0029093773182882,0.9293581012861756,0.0049963267343603,0.8832543458909561,6.0
optical_net,outer_1,streed,4,20,3,0.01,0.0001,0.1,0.2745416118196576,0.0298108401228215,124.6025857925415,0.0286489713724961,0.3043811398303383,0.0280475270952527,0.3446331533208575,6.0
optical_net,outer_1,streed,4,20,3,0.01,0.0001,0.001,0.8917766582732884,0.0044209191730426,107.85790181159972,0.0029037393173835,0.92949499624523,0.0050721838819943,0.8814818452539435,6.0
optical_net,outer_1,streed,4,20,3,0.01,1e-05,0.1,0.2745534873571393,0.0298103510868404,125.04739117622375,0.0286487522471724,0.3043864603602086,0.0280472974445389,0.3446385194076299,6.0
optical_net,outer_1,streed,4,20,3,0.01,1e-05,0.001,0.8919262205761639,0.0044144374589653,107.74794507026672,0.0029032312722541,0.9295073319681846,0.0050766277649643,0.8813780081648764,6.0
optical_net,outer_1,streed,4,20,3,0.008,0.1,0.1,0.2597902765296381,0.0304232900783039,125.23734068870544,0.0288633575041196,0.2991756811568974,0.0282718999443826,0.339390390701705,6.0
optical_net,outer_1,streed,4,20,3,0.008,0.1,0.001,0.8217616044080159,0.0072913389054493,123.0203161239624,0.0044740030708453,0.8913677955109817,0.0051166693358602,0.88044238492918,9.0
optical_net,outer_1,streed,4,20,3,0.008,0.01,0.1,0.2702550613228281,0.0299924864551021,124.92883968353271,0.0286727548429748,0.3038036590401871,0.0280724490160677,0.3440508203186567,6.0
optical_net,outer_1,streed,4,20,3,0.008,0.01,0.001,0.883185911607527,0.004767069350225,112.44482445716858,0.0030552215327561,0.9258168926015268,0.0047993241020164,0.8878575678972391,6.0
optical_net,outer_1,streed,4,20,3,0.008,0.001,0.1,0.2714141284460978,0.0299447789438194,125.43204998970032,0.0286511597044039,0.3043280054637473,0.0280498205041247,0.3445795648481387,6.0
optical_net,outer_1,streed,4,20,3,0.008,0.001,0.001,0.8837810359350118,0.0047360502206997,112.25515842437744,0.0024724654703733,0.9399666539525008,0.0050404280549842,0.8822238613375923,7.0
optical_net,outer_1,streed,4,20,3,0.008,0.0001,0.1,0.2715313051968238,0.0299399560557344,125.45135116577148,0.0286489713724961,0.3043811398303383,0.0280475270952527,0.3446331533208575,6.0
optical_net,outer_1,streed,4,20,3,0.008,0.0001,0.001,0.8825275557368172,0.0047838363466116,112.75154066085815,0.0024643443196565,0.9401638416815628,0.0051290056544404,0.8801541308460287,7.0
optical_net,outer_1,streed,4,20,3,0.008,1e-05,0.1,0.2715430357396581,0.0299394732387607,125.60447573661804,0.0286487522471724,0.3043864603602086,0.0280472974445389,0.3446385194076299,6.0
optical_net,outer_1,streed,4,20,3,0.008,1e-05,0.001,0.8826019185127483,0.0047803053187945,116.3310821056366,0.0024636040516669,0.940181815952557,0.0051347798774344,0.880019208636924,7.0
optical_net,outer_1,streed,4,20,3,0.005,0.1,0.1,0.26978850132154,0.0300133397294494,126.03523468971252,0.0288633575041196,0.2991756811568974,0.0282718999443826,0.339390390701705,6.0
optical_net,outer_1,streed,4,20,3,0.005,0.1,0.001,0.8275328434986601,0.007066519593602,133.12749433517456,0.0038775412145168,0.905850343985034,0.0048652105438295,0.8863180457331887,11.0
optical_net,outer_1,streed,4,20,3,0.005,0.01,0.1,0.2811407823285352,0.0295461467081265,125.96096420288086,0.0286727548429748,0.3038036590401871,0.0280724490160677,0.3440508203186567,6.0
optical_net,outer_1,streed,4,20,3,0.005,0.01,0.001,0.8843179169240288,0.0047300171983491,122.0572521686554,0.0022357973871333,0.9457131353937154,0.0048149687446132,0.8874920105327254,9.0
optical_net,outer_1,streed,4,20,3,0.005,0.001,0.1,0.2823964334024044,0.0294944790314079,125.8523178100586,0.0286511597044039,0.3043280054637473,0.0280498205041247,0.3445795648481387,6.0
optical_net,outer_1,streed,4,20,3,0.005,0.001,0.001,0.8817769994264874,0.0048211526851088,123.8354504108429,0.0019368539331911,0.9529717102996932,0.0047719276954451,0.888497720468408,9.0
optical_net,outer_1,streed,4,20,3,0.005,0.0001,0.1,0.2825233514189439,0.0294892567288867,125.5660240650177,0.0286489713724961,0.3043811398303383,0.0280475270952527,0.3446331533208575,6.0
optical_net,outer_1,streed,4,20,3,0.005,0.0001,0.001,0.8871938863316996,0.0045975197858423,123.6007833480835,0.0019316609542412,0.9530977997865042,0.0047048686543323,0.8900646419358937,9.0
optical_net,outer_1,streed,4,20,3,0.005,1e-05,0.1,0.2825360569212122,0.0294887339363205,125.2597517967224,0.0286487522471724,0.3043864603602086,0.0280472974445389,0.3446385194076299,6.0
optical_net,outer_1,streed,4,20,3,0.005,1e-05,0.001,0.8872443940709022,0.0045949927763908,123.87822008132936,0.0019304662503861,0.9531268081066676,0.0047044056491089,0.890075460653431,9.0
optical_net,outer_1,streed,4,20,3,0.003,0.1,0.1,0.26978850132154,0.0300133397294494,125.46750831604004,0.0288633575041196,0.2991756811568974,0.0282718999443826,0.339390390701705,6.0
optical_net,outer_1,streed,4,20,3,0.003,0.1,0.001,0.8275328434986601,0.007066519593602,139.34212493896484,0.0037893307183465,0.9079921620630094,0.0045893419156841,0.8927640740162299,11.0
optical_net,outer_1,streed,4,20,3,0.003,0.01,0.1,0.2811407823285352,0.0295461467081265,125.07112002372742,0.0286727548429748,0.3038036590401871,0.0280724490160677,0.3440508203186567,6.0
optical_net,outer_1,streed,4,20,3,0.003,0.01,0.001,0.8764901160040433,0.0050657616739364,128.91520524024963,0.0022049244822574,0.9464627530543536,0.0053440327166168,0.875129744660015,10.0
optical_net,outer_1,streed,4,20,3,0.003,0.001,0.1,0.2823964334024044,0.0294944790314079,130.60649418830872,0.0286511597044039,0.3043280054637473,0.0280498205041247,0.3445795648481387,6.0
optical_net,outer_1,streed,4,20,3,0.003,0.001,0.001,0.8820548388180943,0.0048366424051819,139.66964411735535,0.0019368539331911,0.9529717102996932,0.0047719276954451,0.888497720468408,9.0
optical_net,outer_1,streed,4,20,3,0.003,0.0001,0.1,0.2825233514189439,0.0294892567288867,126.0215675830841,0.0286489713724961,0.3043811398303383,0.0280475270952527,0.3446331533208575,6.0
optical_net,outer_1,streed,4,20,3,0.003,0.0001,0.001,0.8822929593007599,0.0048261383660854,132.3791146278381,0.0019316609542412,0.9530977997865042,0.0047048686543323,0.8900646419358937,9.0
optical_net,outer_1,streed,4,20,3,0.003,1e-05,0.1,0.2825360569212122,0.0294887339363205,133.83291602134705,0.0286487522471724,0.3043864603602086,0.0280472974445389,0.3446385194076299,6.0
optical_net,outer_1,streed,4,20,3,0.003,1e-05,0.001,0.8824618716445364,0.0048188913854382,133.5893247127533,0.0019304662503861,0.9531268081066676,0.0047044056491089,0.890075460653431,9.0
optical_net,outer_1,streed,4,20,3,0.001,0.1,0.1,0.26978850132154,0.0300133397294494,125.9650764465332,0.0288633575041196,0.2991756811568974,0.0282718999443826,0.339390390701705,6.0
optical_net,outer_1,streed,4,20,3,0.001,0.1,0.001,0.8275328434986601,0.007066519593602,147.8197591304779,0.0037893307183465,0.9079921620630094,0.0045893419156841,0.8927640740162299,11.0
optical_net,outer_1,streed,4,20,3,0.001,0.01,0.1,0.2811407823285352,0.0295461467081265,126.06104063987732,0.0286727548429748,0.3038036590401871,0.0280724490160677,0.3440508203186567,6.0
optical_net,outer_1,streed,4,20,3,0.001,0.01,0.001,0.8764901160040433,0.0050657616739364,141.1230709552765,0.0021686269006971,0.9473440859993858,0.0050154611306302,0.8828072459058514,11.0
optical_net,outer_1,streed,4,20,3,0.001,0.001,0.1,0.2823964334024044,0.0294944790314079,125.96118998527528,0.0286511597044039,0.3043280054637473,0.0280498205041247,0.3445795648481387,6.0
optical_net,outer_1,streed,4,20,3,0.001,0.001,0.001,0.8820548388180943,0.0048366424051819,143.4780235290527,0.0018695262516357,0.9546064777226656,0.0033659875073251,0.9213493363908554,11.0
optical_net,outer_1,streed,4,20,3,0.001,0.0001,0.1,0.2825233514189439,0.0294892567288867,126.27687406539916,0.0286489713724961,0.3043811398303383,0.0280475270952527,0.3446331533208575,6.0
optical_net,outer_1,streed,4,20,3,0.001,0.0001,0.001,0.8822929593007599,0.0048261383660854,145.66403222084045,0.0018605196428997,0.9548251650472984,0.0033716569305954,0.9212168629632164,11.0
optical_net,outer_1,streed,4,20,3,0.001,1e-05,0.1,0.2825360569212122,0.0294887339363205,126.31299924850464,0.0286487522471724,0.3043864603602086,0.0280472974445389,0.3446385194076299,6.0
optical_net,outer_1,streed,4,20,3,0.001,1e-05,0.001,0.8824618716445364,0.0048188913854382,146.441260099411,0.0017866307543374,0.956619243577122,0.0033784559094723,0.9210579960038552,11.0
optical_net,outer_1,streed,4,20,3,0.0005,0.1,0.1,0.26978850132154,0.0300133397294494,126.6321234703064,0.0288436534869607,0.2996541097112307,0.0281684390097385,0.3418078896228005,7.0
optical_net,outer_1,streed,4,20,3,0.0005,0.1,0.001,0.8275328434986601,0.007066519593602,150.14056873321533,0.0037893307183465,0.9079921620630094,0.0045893419156841,0.8927640740162299,11.0
optical_net,outer_1,streed,4,20,3,0.0005,0.01,0.1,0.2811407823285352,0.0295461467081265,126.42064213752748,0.0286550122753477,0.3042344621049367,0.0279612409926061,0.3466493400175219,7.0
optical_net,outer_1,streed,4,20,3,0.0005,0.01,0.001,0.8774582341517583,0.0050260665899942,145.38953280448914,0.0021686269006971,0.9473440859993858,0.0050154611306302,0.8828072459058514,11.0
optical_net,outer_1,streed,4,20,3,0.0005,0.001,0.1,0.2823964334024044,0.0294944790314079,126.61979460716248,0.0286336950320573,0.3047520610192868,0.0279378085095022,0.347196870375885,7.0
optical_net,outer_1,streed,4,20,3,0.0005,0.001,0.001,0.8820548388180943,0.0048366424051819,147.93254256248474,0.0018695262516357,0.9546064777226656,0.0033659875073251,0.9213493363908554,11.0
optical_net,outer_1,streed,4,20,3,0.0005,0.0001,0.1,0.2825233514189439,0.0294892567288867,128.4506857395172,0.0286315354933471,0.3048044962650948,0.0279354344733429,0.3472523428097405,7.0
optical_net,outer_1,streed,4,20,3,0.0005,0.0001,0.001,0.8808275206377543,0.0048856125950367,149.69494605064392,0.0018605196428997,0.9548251650472984,0.0033716569305954,0.9212168629632164,11.0
optical_net,outer_1,streed,4,20,3,0.0005,1e-05,0.1,0.2825360569212122,0.0294887339363205,126.34200286865234,0.0286313192576015,0.3048097466338068,0.0279351967576835,0.3472578973444262,7.0
optical_net,outer_1,streed,4,20,3,0.0005,1e-05,0.001,0.881007834098556,0.0048779184293149,152.54832911491394,0.0017866307543374,0.956619243577122,0.0033784559094723,0.9210579960038552,11.0
optical_net,outer_1,streed,4,20,3,0.0001,0.1,0.1,0.26978850132154,0.0300133397294494,126.31922769546507,0.0288436534869607,0.2996541097112307,0.0281684390097385,0.3418078896228005,7.0
optical_net,outer_1,streed,4,20,3,0.0001,0.1,0.001,0.8275328434986601,0.007066519593602,151.19794750213623,0.0037893307183465,0.9079921620630094,0.0045893419156841,0.8927640740162299,11.0
optical_net,outer_1,streed,4,20,3,0.0001,0.01,0.1,0.2811407823285352,0.0295461467081265,126.09469652175903,0.0286550122753477,0.3042344621049367,0.0279612409926061,0.3466493400175219,7.0
optical_net,outer_1,streed,4,20,3,0.0001,0.01,0.001,0.8774582341517583,0.0050260665899942,147.9251310825348,0.0021191908408159,0.948544431211739,0.0047405335250573,0.8892312859760314,12.0
optical_net,outer_1,streed,4,20,3,0.0001,0.001,0.1,0.2823964334024044,0.0294944790314079,125.85935854911804,0.0286336950320573,0.3047520610192868,0.0279378085095022,0.347196870375885,7.0
optical_net,outer_1,streed,4,20,3,0.0001,0.001,0.001,0.8806134646906009,0.0048951717154316,150.85702323913574,0.0018290855950433,0.9555884076871848,0.0047809433413492,0.8882870582090621,12.0
optical_net,outer_1,streed,4,20,3,0.0001,0.0001,0.1,0.2825233514189439,0.0294892567288867,125.7250726222992,0.0286315354933471,0.3048044962650948,0.0279354344733429,0.3472523428097405,7.0
optical_net,outer_1,streed,4,20,3,0.0001,0.0001,0.001,0.8808275206377543,0.0048856125950367,151.9618706703186,0.0018169498068806,0.9558830738732502,0.0047663971644724,0.888626948497379,12.0
optical_net,outer_1,streed,4,20,3,0.0001,1e-05,0.1,0.2825360569212122,0.0294887339363205,125.90234065055849,0.0286313192576015,0.3048097466338068,0.0279351967576835,0.3472578973444262,7.0
optical_net,outer_1,streed,4,20,3,0.0001,1e-05,0.001,0.881007834098556,0.0048779184293149,152.12625980377197,0.0018158109206632,0.955910726898628,0.0047649439299412,0.8886609052069668,12.0
optical_net,outer_2,streed,4,20,3,0.1,0.1,0.1,0.2214081801969673,0.0325288335728187,123.09474754333496,0.0341743581816072,0.1916939263012949,0.0316971442890297,0.1710327123644017,1.0
optical_net,outer_2,streed,4,20,3,0.1,0.1,0.001,0.6818638073553275,0.0130994606325268,3.590634346008301,0.0107678667236359,0.7453139565272808,0.0105248901112371,0.7247452474387545,2.0
optical_net,outer_2,streed,4,20,3,0.1,0.01,0.1,0.2601249318968906,0.0308488025113423,123.96930313110352,0.0335624237137214,0.2061676537805106,0.0311931509382325,0.1842135212469643,1.0
optical_net,outer_2,streed,4,20,3,0.1,0.01,0.001,0.8124217430725729,0.0078204352229375,2.6786906719207764,0.0069421534609938,0.8358013111102142,0.0055857993977273,0.8539160205162973,2.0
optical_net,outer_2,streed,4,20,3,0.1,0.001,0.1,0.2608434398880359,0.0308185192749427,124.462247133255,0.033496278453472,0.2077321488713004,0.0311388068318298,0.1856347687282146,1.0
optical_net,outer_2,streed,4,20,3,0.1,0.001,0.001,0.8175823653306938,0.0076122579515859,0.1586096286773681,0.0066532220709868,0.8426352360133191,0.0053683969522356,0.8596016909325751,2.0
optical_net,outer_2,streed,4,20,3,0.1,0.0001,0.1,0.2609160760867509,0.0308154576207406,124.96167278289796,0.0334896105630099,0.2078898605781471,0.0311333300726132,0.1857780010078007,1.0
optical_net,outer_2,streed,4,20,3,0.1,0.0001,0.001,0.8175474459312442,0.0076151933221199,0.1532430648803711,0.0066352613893377,0.8430600494944556,0.0053541520653234,0.8599742338076859,2.0
optical_net,outer_2,streed,4,20,3,0.1,1e-05,0.1,0.2609233476475506,0.0308151511183015,124.84004855155943,0.0334889432361985,0.207905644468278,0.0311327819701188,0.1857923353918061,1.0
optical_net,outer_2,streed,4,20,3,0.1,1e-05,0.001,0.8175414820668553,0.0076155934078886,0.151710033416748,0.0066334960545814,0.8431018039232603,0.0053527589360101,0.8600106679614257,2.0
optical_net,outer_2,streed,4,20,3,0.08,0.1,0.1,0.2214081801969673,0.0325288335728187,125.31624913215636,0.0314881239317468,0.255229851336114,0.0270270585000341,0.2931682686223539,3.0
optical_net,outer_2,streed,4,20,3,0.08,0.1,0.001,0.7178014268589471,0.0117343137329758,29.445727586746216,0.0107678667236359,0.7453139565272808,0.0105248901112371,0.7247452474387545,2.0
optical_net,outer_2,streed,4,20,3,0.08,0.01,0.1,0.2601249318968906,0.0308488025113423,125.9469404220581,0.0313461969465938,0.2585867671708256,0.0269157599657718,0.2960790306526484,3.0
optical_net,outer_2,streed,4,20,3,0.08,0.01,0.001,0.8124217430725729,0.0078204352229375,3.3835840225219727,0.0069421534609938,0.8358013111102142,0.0055857993977273,0.8539160205162973,2.0
optical_net,outer_2,streed,4,20,3,0.08,0.001,0.1,0.2608434398880359,0.0308185192749427,125.67467951774596,0.0313304119742775,0.2589601198737089,0.0269033365580298,0.2964039368500382,3.0
optical_net,outer_2,streed,4,20,3,0.08,0.001,0.001,0.8175823653306938,0.0076122579515859,3.251485824584961,0.0066532220709868,0.8426352360133191,0.0053683969522356,0.8596016909325751,2.0
optical_net,outer_2,streed,4,20,3,0.08,0.0001,0.1,0.2609160760867509,0.0308154576207406,125.58481621742249,0.0313288158048691,0.2589978731336431,0.026902079757374,0.2964368056353539,3.0
optical_net,outer_2,streed,4,20,3,0.08,0.0001,0.001,0.8175474459312442,0.0076151933221199,3.259526252746582,0.0066352613893377,0.8430600494944556,0.0053541520653234,0.8599742338076859,2.0
optical_net,outer_2,streed,4,20,3,0.08,1e-05,0.1,0.2609233476475506,0.0308151511183015,125.77775740623474,0.0313286560092806,0.2590016526850841,0.0269019539310062,0.2964400963400893,3.0
optical_net,outer_2,streed,4,20,3,0.08,1e-05,0.001,0.8175414820668553,0.0076155934078886,3.224184036254883,0.0066334960545814,0.8431018039232603,0.0053527589360101,0.8600106679614257,2.0
optical_net,outer_2,streed,4,20,3,0.05,0.1,0.1,0.2214081801969673,0.0325288335728187,125.99920916557312,0.0314881239317468,0.255229851336114,0.0270270585000341,0.2931682686223539,3.0
optical_net,outer_2,streed,4,20,3,0.05,0.1,0.001,0.7940407590154844,0.0085867262446879,74.28628349304199,0.0075575776673399,0.8212450428915931,0.0074930514514896,0.8040361465621002,3.0
optical_net,outer_2,streed,4,20,3,0.05,0.01,0.1,0.2601249318968906,0.0308488025113423,125.77291750907898,0.0313461969465938,0.2585867671708256,0.0269157599657718,0.2960790306526484,3.0
optical_net,outer_2,streed,4,20,3,0.05,0.01,0.001,0.8180859510947983,0.007575909129192,51.30617642402649,0.0069421534609938,0.8358013111102142,0.0055857993977273,0.8539160205162973,2.0
optical_net,outer_2,streed,4,20,3,0.05,0.001,0.1,0.2608434398880359,0.0308185192749427,125.91130089759828,0.0313304119742775,0.2589601198737089,0.0269033365580298,0.2964039368500382,3.0
optical_net,outer_2,streed,4,20,3,0.05,0.001,0.001,0.8175823653306938,0.0076122579515859,30.81804752349853,0.0066532220709868,0.8426352360133191,0.0053683969522356,0.8596016909325751,2.0
optical_net,outer_2,streed,4,20,3,0.05,0.0001,0.1,0.2609160760867509,0.0308154576207406,125.97272205352785,0.0313288158048691,0.2589978731336431,0.026902079757374,0.2964368056353539,3.0
optical_net,outer_2,streed,4,20,3,0.05,0.0001,0.001,0.826245922035481,0.0072396766788466,30.0770115852356,0.0066352613893377,0.8430600494944556,0.0053541520653234,0.8599742338076859,2.0
optical_net,outer_2,streed,4,20,3,0.05,1e-05,0.1,0.2609233476475506,0.0308151511183015,125.8075499534607,0.0313286560092806,0.2590016526850841,0.0269019539310062,0.2964400963400893,3.0
optical_net,outer_2,streed,4,20,3,0.05,1e-05,0.001,0.8262944047512609,0.0072377262842809,30.25585389137268,0.0066334960545814,0.8431018039232603,0.0053527589360101,0.8600106679614257,2.0
optical_net,outer_2,streed,4,20,3,0.03,0.1,0.1,0.2617138443740742,0.030997759638437,125.82302498817444,0.0303207833162506,0.2828402750510672,0.0271058220623883,0.2911083853706038,4.0
optical_net,outer_2,streed,4,20,3,0.03,0.1,0.001,0.7916875203287578,0.0086842852761501,97.60673260688782,0.0075575776673399,0.8212450428915931,0.0074930514514896,0.8040361465621002,3.0
optical_net,outer_2,streed,4,20,3,0.03,0.01,0.1,0.3019165428835945,0.029261282554435,125.67164826393127,0.0301781632695597,0.2862135834643178,0.0269790631530344,0.2944234786267231,4.0
optical_net,outer_2,streed,4,20,3,0.03,0.01,0.001,0.8371154952404005,0.0067867497905907,85.53103590011597,0.0054374890236199,0.8713902575695621,0.0051956513635944,0.8641194620213862,3.0
optical_net,outer_2,streed,4,20,3,0.03,0.001,0.1,0.30279614147749,0.0292248800385748,128.2129898071289,0.0301617037465947,0.2866028909185231,0.0269640982949412,0.2948148507235352,4.0
optical_net,outer_2,streed,4,20,3,0.03,0.001,0.001,0.8306510410123952,0.007079103229668,77.01333403587341,0.0047623021187749,0.8873600578849854,0.0037909318012811,0.9008567325729966,3.0
optical_net,outer_2,streed,4,20,3,0.03,0.0001,0.1,0.3028850189535413,0.029221201433954,125.7567765712738,0.0301600318872971,0.2866424344270639,0.0269625741252966,0.294854711941463,4.0
optical_net,outer_2,streed,4,20,3,0.03,0.0001,0.001,0.8326314497622261,0.0070075525998981,76.39535689353943,0.0046313212344456,0.8904580720094689,0.003718357792038,0.9027547420291976,3.0
optical_net,outer_2,streed,4,20,3,0.03,1e-05,0.1,0.3028939159712571,0.0292208331859819,125.89611053466795,0.0301598644375556,0.2866463950177024,0.0269624214255846,0.2948587054578786,4.0
optical_net,outer_2,streed,4,20,3,0.03,1e-05,0.001,0.8326659076818043,0.0070061455862901,77.09242510795593,0.0046242304414211,0.8906257863828768,0.0037136148812759,0.902878782158304,3.0
optical_net,outer_2,streed,4,20,3,0.01,0.1,0.1,0.2814761729855858,0.0300294823789635,123.5016098022461,0.027337368604084,0.3534052354635276,0.0236949339831602,0.3803124667756564,6.0
optical_net,outer_2,streed,4,20,3,0.01,0.1,0.001,0.8257415378806061,0.0072722792338305,121.17664098739624,0.0045864344079779,0.8915197538198514,0.0054601010976129,0.8572033759309063,8.0
optical_net,outer_2,streed,4,20,3,0.01,0.01,0.1,0.2863777787546861,0.0299207864093887,127.35305142402648,0.0270568207599137,0.3600408692682909,0.0234787346923441,0.3859666713961847,6.0
optical_net,outer_2,streed,4,20,3,0.01,0.01,0.001,0.8823814961976558,0.0049066543632057,113.6770043373108,0.0028110844406307,0.9335110665439024,0.0033517248245645,0.9123432000250624,7.0
optical_net,outer_2,streed,4,20,3,0.01,0.001,0.1,0.2870873784453153,0.0298913225987913,124.06204533576964,0.0270260458677772,0.3607687697631331,0.023454996001341,0.3865875032955336,6.0
optical_net,outer_2,streed,4,20,3,0.01,0.001,0.001,0.8762618408316706,0.0051723710931987,112.14991784095764,0.003213808889799,0.9239856610758648,0.0033857299927277,0.9114538715808108,5.0
optical_net,outer_2,streed,4,20,3,0.01,0.0001,0.1,0.2871591475534533,0.0298883433824587,123.5848982334137,0.027022938714613,0.3608422614366621,0.0234525989880641,0.3866501917691841,6.0
optical_net,outer_2,streed,4,20,3,0.01,0.0001,0.001,0.8755802652463264,0.005202114615453,113.18775129318236,0.0029705627331511,0.9297390199181153,0.00338780332789,0.9113996481779012,5.0
optical_net,outer_2,streed,4,20,3,0.01,1e-05,0.1,0.2871663326653759,0.0298880451282537,123.80089712142944,0.0270226277000035,0.3608496176830189,0.0234523590531798,0.3866564667246959,6.0
optical_net,outer_2,streed,4,20,3,0.01,1e-05,0.001,0.875483525173523,0.005206266974167,113.6563971042633,0.0029603640095116,0.9299802443536392,0.0033829001349548,0.9115278801255864,5.0
optical_net,outer_2,streed,4,20,3,0.008,0.1,0.1,0.2695875806238623,0.0305427175989516,124.1502561569214,0.027337368604084,0.3534052354635276,0.0236949339831602,0.3803124667756564,6.0
optical_net,outer_2,streed,4,20,3,0.008,0.1,0.001,0.8343543437899781,0.0069451082791035,125.24035716056824,0.004551713496205,0.8923409872054584,0.0068760379561096,0.8201727423082597,9.0
optical_net,outer_2,streed,4,20,3,0.008,0.01,0.1,0.2932684949614406,0.0296233114736986,124.4793734550476,0.0270568207599137,0.3600408692682909,0.0234787346923441,0.3859666713961847,6.0
optical_net,outer_2,streed,4,20,3,0.008,0.01,0.001,0.8907060981776196,0.0045904312872227,117.4732985496521,0.0028110844406307,0.9335110665439024,0.0033517248245645,0.9123432000250624,7.0
optical_net,outer_2,streed,4,20,3,0.008,0.001,0.1,0.293915281771744,0.0295965593199123,124.5143735408783,0.0270260458677772,0.3607687697631331,0.023454996001341,0.3865875032955336,6.0
optical_net,outer_2,streed,4,20,3,0.008,0.001,0.001,0.8775974833006703,0.0051137207911166,117.63966965675354,0.0024109370003828,0.9429755195296318,0.0039676765796353,0.8962343717009875,7.0
optical_net,outer_2,streed,4,20,3,0.008,0.0001,0.1,0.2939807784907302,0.0295938508850926,123.86351299285889,0.027022938714613,0.3608422614366621,0.0234525989880641,0.3866501917691841,6.0
optical_net,outer_2,streed,4,20,3,0.008,0.0001,0.001,0.8715346199493245,0.0053767667181431,118.54573941230774,0.0023623887805626,0.9441238021320272,0.0039961659890142,0.8954892954820141,7.0
optical_net,outer_2,streed,4,20,3,0.008,1e-05,0.1,0.2939873364737999,0.0295935797042875,124.1993305683136,0.0270226277000035,0.3608496176830189,0.0234523590531798,0.3866564667246959,6.0
optical_net,outer_2,streed,4,20,3,0.008,1e-05,0.001,0.8714348800971337,0.0053810485785161,118.56187534332275,0.0023404454379093,0.9446428151607328,0.0040397274295192,0.8943500442973759,7.0
optical_net,outer_2,streed,4,20,3,0.005,0.1,0.1,0.2695875806238623,0.0305427175989516,124.53531956672668,0.027337368604084,0.3534052354635276,0.0236949339831602,0.3803124667756564,6.0
optical_net,outer_2,streed,4,20,3,0.005,0.1,0.001,0.8300566209635969,0.0071326991230875,134.98959970474243,0.003773585325449,0.9107455969773732,0.0039472665523721,0.8967681499109945,11.0
optical_net,outer_2,streed,4,20,3,0.005,0.01,0.1,0.297765550200946,0.0294524837699688,124.46640753746031,0.0270568207599137,0.3600408692682909,0.0234787346923441,0.3859666713961847,6.0
optical_net,outer_2,streed,4,20,3,0.005,0.01,0.001,0.8886298149214102,0.0046683538132042,126.43597292900084,0.0025575546637591,0.939507657830847,0.0041395500761917,0.8917394082128698,9.0
optical_net,outer_2,streed,4,20,3,0.005,0.001,0.1,0.2984146879200502,0.0294256423132207,125.189208984375,0.0270260458677772,0.3607687697631331,0.023454996001341,0.3865875032955336,6.0
optical_net,outer_2,streed,4,20,3,0.005,0.001,0.001,0.8815461190892927,0.0049267931604462,128.1901454925537,0.0020881881276619,0.9506093095400664,0.0041342861901321,0.891877073275359,8.0
optical_net,outer_2,streed,4,20,3,0.005,0.0001,0.1,0.298480443041147,0.0294229240625911,124.48799109458923,0.027022938714613,0.3608422614366621,0.0234525989880641,0.3866501917691841,6.0
optical_net,outer_2,streed,4,20,3,0.005,0.0001,0.001,0.8548736163528283,0.0060905403603079,130.12978553771973,0.002040405686266,0.9517394796340072,0.0041827699232937,0.8906090906329176,8.0
optical_net,outer_2,streed,4,20,3,0.005,1e-05,0.1,0.2984870271092661,0.0294226518909044,124.50683283805849,0.0270226277000035,0.3608496176830189,0.0234523590531798,0.3866564667246959,6.0
optical_net,outer_2,streed,4,20,3,0.005,1e-05,0.001,0.8547235459962899,0.0060969363892556,130.13520288467407,0.0020179917363476,0.9522696236606571,0.0042275287080491,0.8894385256110893,8.0
optical_net,outer_2,streed,4,20,3,0.003,0.1,0.1,0.2919962069924731,0.0296914907443954,125.92785692214966,0.027337368604084,0.3534052354635276,0.0236949339831602,0.3803124667756564,6.0
optical_net,outer_2,streed,4,20,3,0.003,0.1,0.001,0.8366866222830223,0.0068464793518847,143.04252243041992,0.003773585325449,0.9107455969773732,0.0039472665523721,0.8967681499109945,11.0
optical_net,outer_2,streed,4,20,3,0.003,0.01,0.1,0.297765550200946,0.0294524837699688,125.11070585250854,0.026361567700002,0.3764852825941476,0.0229095019924357,0.4008536682490806,7.0
optical_net,outer_2,streed,4,20,3,0.003,0.01,0.001,0.8916014847881569,0.0045396155709383,134.7854127883911,0.0021780056192065,0.9484849090303604,0.0040533353709745,0.8939941592934882,11.0
optical_net,outer_2,streed,4,20,3,0.003,0.001,0.1,0.2984146879200502,0.0294256423132207,125.51036930084229,0.0263247330460456,0.3773565110853248,0.022884696888915,0.4015023897615782,7.0
optical_net,outer_2,streed,4,20,3,0.003,0.001,0.001,0.890843267984977,0.004578143009212,138.92018055915833,0.0019815162930434,0.953132355952716,0.0039533093688543,0.8966101136808782,9.0
optical_net,outer_2,streed,4,20,3,0.003,0.0001,0.1,0.298480443041147,0.0294229240625911,125.14513731002808,0.02632101390897,0.3774444776557923,0.0228821938832963,0.4015678502257683,7.0
optical_net,outer_2,streed,4,20,3,0.003,0.0001,0.001,0.8809226296347535,0.0049529016506275,139.6209499835968,0.0019277441615062,0.9544041966786274,0.0039856058409671,0.8957654723263302,9.0
optical_net,outer_2,streed,4,20,3,0.003,1e-05,0.1,0.2984870271092661,0.0294226518909044,123.99337911605836,0.0263206416362987,0.3774532828031982,0.022881943356586,0.4015744021865894,7.0
optical_net,outer_2,streed,4,20,3,0.003,1e-05,0.001,0.8947576197174009,0.0044271291852712,140.5378131866455,0.0019052842117993,0.9549354287113286,0.0040295463729026,0.8946163068607071,9.0
optical_net,outer_2,streed,4,20,3,0.001,0.1,0.1,0.2919962069924731,0.0296914907443954,124.50311493873596,0.0263591018991108,0.3765436047380857,0.0227909816077571,0.4039533014816717,8.0
optical_net,outer_2,streed,4,20,3,0.001,0.1,0.001,0.8366866222830223,0.0068464793518847,149.2838168144226,0.003773585325449,0.9107455969773732,0.0039472665523721,0.8967681499109945,11.0
optical_net,outer_2,streed,4,20,3,0.001,0.01,0.1,0.297765550200946,0.0294524837699688,124.63142347335815,0.0260079713061073,0.3848486909514957,0.0225570104370345,0.4100722895207923,8.0
optical_net,outer_2,streed,4,20,3,0.001,0.01,0.001,0.8925801399796365,0.0044947444729653,145.1636803150177,0.002110407529323,0.9500837670493724,0.0039083828739365,0.8977850647835834,12.0
optical_net,outer_2,streed,4,20,3,0.001,0.001,0.1,0.2984146879200502,0.0294256423132207,124.73736333847046,0.0259695546561947,0.3857573374662446,0.0225315572715249,0.4107379596323287,8.0
optical_net,outer_2,streed,4,20,3,0.001,0.001,0.001,0.890843267984977,0.004578143009212,149.45487928390503,0.0017475092011052,0.9586671886099104,0.0039970892119524,0.8954651506692183,12.0
optical_net,outer_2,streed,4,20,3,0.001,0.0001,0.1,0.298480443041147,0.0294229240625911,126.39453911781312,0.0259656778121917,0.3858490341862745,0.0225289903097167,0.4108050927263448,8.0
optical_net,outer_2,streed,4,20,3,0.001,0.0001,0.001,0.8809226296347535,0.0049529016506275,159.04610300064087,0.0016977632655536,0.9598438000808402,0.0040409670370379,0.8943176251597671,12.0
optical_net,outer_2,streed,4,20,3,0.001,1e-05,0.1,0.2984870271092661,0.0294226518909044,131.2590527534485,0.0259652897740953,0.3858582122240456,0.0225287333961859,0.4108118117200452,8.0
optical_net,outer_2,streed,4,20,3,0.001,1e-05,0.001,0.8947576197174009,0.0044271291852712,158.3892478942871,0.0016753767537365,0.9603732951301576,0.0040857660145301,0.8931460089875982,12.0
optical_net,outer_2,streed,4,20,3,0.0005,0.1,0.1,0.2919962069924731,0.0296914907443954,130.93513178825378,0.0263591018991108,0.3765436047380857,0.0227909816077571,0.4039533014816717,8.0
optical_net,outer_2,streed,4,20,3,0.0005,0.1,0.001,0.8366866222830223,0.0068464793518847,158.6107439994812,0.003773585325449,0.9107455969773732,0.0039472665523721,0.8967681499109945,11.0
optical_net,outer_2,streed,4,20,3,0.0005,0.01,0.1,0.297765550200946,0.0294524837699688,130.41452717781067,0.0260079713061073,0.3848486909514957,0.0225570104370345,0.4100722895207923,8.0
optical_net,outer_2,streed,4,20,3,0.0005,0.01,0.001,0.8925801399796365,0.0044947444729653,155.3186011314392,0.002110407529323,0.9500837670493724,0.0039083828739365,0.8977850647835834,12.0
optical_net,outer_2,streed,4,20,3,0.0005,0.001,0.1,0.2984146879200502,0.0294256423132207,130.3038365840912,0.0259695546561947,0.3857573374662446,0.0225315572715249,0.4107379596323287,8.0
optical_net,outer_2,streed,4,20,3,0.0005,0.001,0.001,0.890843267984977,0.004578143009212,160.61880779266355,0.0017475092011052,0.9586671886099104,0.0039970892119524,0.8954651506692183,12.0
optical_net,outer_2,streed,4,20,3,0.0005,0.0001,0.1,0.298480443041147,0.0294229240625911,130.23013925552368,0.0259656778121917,0.3858490341862745,0.0225289903097167,0.4108050927263448,8.0
optical_net,outer_2,streed,4,20,3,0.0005,0.0001,0.001,0.8809226296347535,0.0049529016506275,156.97122073173523,0.0016977632655536,0.9598438000808402,0.0040409670370379,0.8943176251597671,12.0
optical_net,outer_2,streed,4,20,3,0.0005,1e-05,0.1,0.2984870271092661,0.0294226518909044,125.60309553146362,0.0259652897740953,0.3858582122240456,0.0225287333961859,0.4108118117200452,8.0
optical_net,outer_2,streed,4,20,3,0.0005,1e-05,0.001,0.8947576197174009,0.0044271291852712,156.1869466304779,0.0016753767537365,0.9603732951301576,0.0040857660145301,0.8931460089875982,12.0
optical_net,outer_2,streed,4,20,3,0.0001,0.1,0.1,0.2919962069924731,0.0296914907443954,133.91872215270996,0.0263591018991108,0.3765436047380857,0.0227909816077571,0.4039533014816717,8.0
optical_net,outer_2,streed,4,20,3,0.0001,0.1,0.001,0.8366866222830223,0.0068464793518847,167.67690134048462,0.003773585325449,0.9107455969773732,0.0039472665523721,0.8967681499109945,11.0
optical_net,outer_2,streed,4,20,3,0.0001,0.01,0.1,0.297765550200946,0.0294524837699688,138.84174418449402,0.0260079713061073,0.3848486909514957,0.0225570104370345,0.4100722895207923,8.0
optical_net,outer_2,streed,4,20,3,0.0001,0.01,0.001,0.8927060903741219,0.0044899600494864,163.7716670036316,0.002110407529323,0.9500837670493724,0.0039083828739365,0.8977850647835834,12.0
optical_net,outer_2,streed,4,20,3,0.0001,0.001,0.1,0.2984146879200502,0.0294256423132207,133.56398582458496,0.0259695546561947,0.3857573374662446,0.0225315572715249,0.4107379596323287,8.0
optical_net,outer_2,streed,4,20,3,0.0001,0.001,0.001,0.8892349685816265,0.0046392367871072,168.2789626121521,0.0017475092011052,0.9586671886099104,0.0039970892119524,0.8954651506692183,12.0
optical_net,outer_2,streed,4,20,3,0.0001,0.0001,0.1,0.298480443041147,0.0294229240625911,133.4257047176361,0.0259656778121917,0.3858490341862745,0.0225289903097167,0.4108050927263448,8.0
optical_net,outer_2,streed,4,20,3,0.0001,0.0001,0.001,0.8809226296347535,0.0049529016506275,169.93903231620789,0.0016977632655536,0.9598438000808402,0.0040409670370379,0.8943176251597671,12.0
optical_net,outer_2,streed,4,20,3,0.0001,1e-05,0.1,0.2984870271092661,0.0294226518909044,133.98714089393616,0.0259652897740953,0.3858582122240456,0.0225287333961859,0.4108118117200452,8.0
optical_net,outer_2,streed,4,20,3,0.0001,1e-05,0.001,0.8930847868420614,0.0044906743684185,169.78120398521423,0.0016753767537365,0.9603732951301576,0.0040857660145301,0.8931460089875982,12.0
optical_net,outer_3,streed,4,20,3,0.1,0.1,0.1,0.1291239265894484,0.0337660438842754,133.24507594108582,0.0336499616861417,0.1324214692692885,0.0454234500517748,0.1201076494043976,1.0
optical_net,outer_3,streed,4,20,3,0.1,0.1,0.001,0.6931407230245993,0.011850729075028,24.938910245895386,0.0128391310701796,0.6689757161205641,0.0168405830282597,0.6737830312482638,1.0
optical_net,outer_3,streed,4,20,3,0.1,0.01,0.1,0.1395069874014273,0.0333655163070276,134.50879406929016,0.0332419127288002,0.1429419720317728,0.0448306546719486,0.1315906195350883,1.0
optical_net,outer_3,streed,4,20,3,0.1,0.01,0.001,0.7646828008350264,0.0090451728512748,2.9549546241760254,0.006303186821923,0.83748838667661,0.0100312369203888,0.805686080136983,2.0
optical_net,outer_3,streed,4,20,3,0.1,0.001,0.1,0.1406344597100621,0.0333220185402845,134.4773030281067,0.0331975673841895,0.1440853037621606,0.0447660140847722,0.1328427648065214,1.0
optical_net,outer_3,streed,4,20,3,0.1,0.001,0.001,0.8282486449849422,0.0066674475389768,0.164893627166748,0.0060762489879887,0.8433394005460553,0.0094754840935415,0.8164515032963291,2.0
optical_net,outer_3,streed,4,20,3,0.1,0.0001,0.1,0.1407481741506873,0.0333176313884491,134.98665714263916,0.0331930944037855,0.1442006281658869,0.0447594915620715,0.1329691118326603,1.0
optical_net,outer_3,streed,4,20,3,0.1,0.0001,0.001,0.8280462930000986,0.0066742291183003,0.1647830009460449,0.0060619301480018,0.8437085753544379,0.0094380310222678,0.8171770023696597,2.0
optical_net,outer_3,streed,4,20,3,0.1,1e-05,0.1,0.1407595553485968,0.033317192296348,134.8555338382721,0.0331926467179896,0.144212170603547,0.0447588387198729,0.1329817579627097,1.0
optical_net,outer_3,streed,4,20,3,0.1,1e-05,0.001,0.8280459455282964,0.0066741809457779,0.1645150184631347,0.0060605303087188,0.8437446666439254,0.0094342899473298,0.817249470295748,2.0
optical_net,outer_3,streed,4,20,3,0.08,0.1,0.1,0.1649338295189218,0.0324320162242135,136.29792499542236,0.0246523752894515,0.3644013109990326,0.0424968665343873,0.1767981572234492,4.0
optical_net,outer_3,streed,4,20,3,0.08,0.1,0.001,0.7346486142121259,0.0102912076100035,33.558789014816284,0.0101183188106098,0.7391249283119057,0.01286066827743,0.7508774954795387,2.0
optical_net,outer_3,streed,4,20,3,0.08,0.01,0.1,0.1734850919487279,0.032099728700961,136.21771574020386,0.024398698384153,0.3709417236994071,0.0422357789230752,0.1818556548764653,4.0
optical_net,outer_3,streed,4,20,3,0.08,0.01,0.001,0.8230359459023407,0.0068713409443659,3.791388273239136,0.006303186821923,0.83748838667661,0.0100312369203888,0.805686080136983,2.0
optical_net,outer_3,streed,4,20,3,0.08,0.001,0.1,0.17442641422259,0.0320631655884614,136.30766344070437,0.0243702041021882,0.371676376163855,0.0422064577739077,0.1824236314355735,4.0
optical_net,outer_3,streed,4,20,3,0.08,0.001,0.001,0.8282486449849422,0.0066674475389768,3.522242307662964,0.0060762489879887,0.8433394005460553,0.0094754840935415,0.8164515032963291,2.0
optical_net,outer_3,streed,4,20,3,0.08,0.0001,0.1,0.1745214980300855,0.0320594724843023,136.18198084831238,0.0243673195159899,0.3717507478698011,0.0422034895102118,0.182481129325266,4.0
optical_net,outer_3,streed,4,20,3,0.08,0.0001,0.001,0.8280462930000986,0.0066742291183003,3.4822824001312256,0.0060619301480018,0.8437085753544379,0.0094380310222678,0.8171770023696597,2.0
optical_net,outer_3,streed,4,20,3,0.08,1e-05,0.1,0.1745310160253785,0.0320591028021584,133.82985162734985,0.0243670307014153,0.3717581942177843,0.0422031923178223,0.1824868862043634,4.0
optical_net,outer_3,streed,4,20,3,0.08,1e-05,0.001,0.8280459455282964,0.0066741809457779,3.444852828979492,0.0060605303087188,0.8437446666439254,0.0094342899473298,0.817249470295748,2.0
optical_net,outer_3,streed,4,20,3,0.05,0.1,0.1,0.2133965514045734,0.0304435396060808,136.13390970230105,0.0246523752894515,0.3644013109990326,0.0424968665343873,0.1767981572234492,4.0
optical_net,outer_3,streed,4,20,3,0.05,0.1,0.001,0.7869236687793911,0.0082437199110902,82.2033429145813,0.0069501076232281,0.8208091820008273,0.0104424993161023,0.7977195642588747,3.0
optical_net,outer_3,streed,4,20,3,0.05,0.01,0.1,0.2207240062118144,0.0301611125047721,136.16745042800903,0.024398698384153,0.3709417236994071,0.0422357789230752,0.1818556548764653,4.0
optical_net,outer_3,streed,4,20,3,0.05,0.01,0.001,0.8603187182234798,0.0054267545001223,53.01793932914734,0.0044893510884506,0.884253519882717,0.0088510973331908,0.8285464263728363,3.0
optical_net,outer_3,streed,4,20,3,0.05,0.001,0.1,0.2215815620938516,0.030128062369045,135.9941120147705,0.0243702041021882,0.371676376163855,0.0422064577739077,0.1824236314355735,4.0
optical_net,outer_3,streed,4,20,3,0.05,0.001,0.001,0.8479961231370345,0.0058838298391923,32.34016180038452,0.0060762489879887,0.8433394005460553,0.0094754840935415,0.8164515032963291,2.0
optical_net,outer_3,streed,4,20,3,0.05,0.0001,0.1,0.2216684258421118,0.0301247145008472,136.18418335914612,0.0243673195159899,0.3717507478698011,0.0422034895102118,0.182481129325266,4.0
optical_net,outer_3,streed,4,20,3,0.05,0.0001,0.001,0.8432011176778866,0.0060781060260022,31.450795650482178,0.0060619301480018,0.8437085753544379,0.0094380310222678,0.8171770023696597,2.0
optical_net,outer_3,streed,4,20,3,0.05,1e-05,0.1,0.2216771234771607,0.0301243792785734,136.17215275764465,0.0243670307014153,0.3717581942177843,0.0422031923178223,0.1824868862043634,4.0
optical_net,outer_3,streed,4,20,3,0.05,1e-05,0.001,0.8431619164702068,0.0060795965608412,31.556243419647217,0.0060605303087188,0.8437446666439254,0.0094342899473298,0.817249470295748,2.0
optical_net,outer_3,streed,4,20,3,0.03,0.1,0.1,0.2133965514045734,0.0304435396060808,136.91993188858032,0.0246523752894515,0.3644013109990326,0.0424968665343873,0.1767981572234492,4.0
optical_net,outer_3,streed,4,20,3,0.03,0.1,0.001,0.8060202140336586,0.0074844048046823,105.40149545669556,0.0052776452250805,0.8639293639380566,0.0118777072001289,0.7699183198084844,5.0
optical_net,outer_3,streed,4,20,3,0.03,0.01,0.1,0.2207240062118144,0.0301611125047721,137.1446509361267,0.024398698384153,0.3709417236994071,0.0422357789230752,0.1818556548764653,4.0
optical_net,outer_3,streed,4,20,3,0.03,0.01,0.001,0.8603187182234798,0.0054267545001223,90.9575252532959,0.0044893510884506,0.884253519882717,0.0088510973331908,0.8285464263728363,3.0
optical_net,outer_3,streed,4,20,3,0.03,0.001,0.1,0.2215815620938516,0.030128062369045,137.07707953453064,0.0243702041021882,0.371676376163855,0.0422064577739077,0.1824236314355735,4.0
optical_net,outer_3,streed,4,20,3,0.03,0.001,0.001,0.8589143563607706,0.0054770924864506,82.94766473770142,0.0043632988146786,0.8875034566135332,0.0086955567868481,0.8315593841463735,3.0
optical_net,outer_3,streed,4,20,3,0.03,0.0001,0.1,0.2216684258421118,0.0301247145008472,136.84634947776794,0.0243673195159899,0.3717507478698011,0.0422034895102118,0.182481129325266,4.0
optical_net,outer_3,streed,4,20,3,0.03,0.0001,0.001,0.8546600635055257,0.0056512254862998,81.78070211410522,0.0043437316392518,0.8880079463798427,0.0086652070741335,0.8321472848899301,3.0
optical_net,outer_3,streed,4,20,3,0.03,1e-05,0.1,0.2216771234771607,0.0301243792785734,136.8793478012085,0.0243670307014153,0.3717581942177843,0.0422031923178223,0.1824868862043634,4.0
optical_net,outer_3,streed,4,20,3,0.03,1e-05,0.001,0.8546386249024925,0.0056520543101603,81.9179277420044,0.0042912630612973,0.889360714986116,0.0086068491199847,0.8332777300100918,3.0
optical_net,outer_3,streed,4,20,3,0.01,0.1,0.1,0.2210576205273912,0.0301297874398094,137.51158785820007,0.0246523752894515,0.3644013109990326,0.0424968665343873,0.1767981572234492,4.0
optical_net,outer_3,streed,4,20,3,0.01,0.1,0.001,0.8347958862873708,0.0064113003513879,131.10269832611084,0.0036573230912907,0.905705241998648,0.0109239517938694,0.7883934044916232,8.0
optical_net,outer_3,streed,4,20,3,0.01,0.01,0.1,0.2302376704390643,0.029771488979305,137.11438059806824,0.0234571349920818,0.3952175369054416,0.0417555565596506,0.1911579862423261,6.0
optical_net,outer_3,streed,4,20,3,0.01,0.01,0.001,0.8728541774117984,0.0049203725730073,120.4560317993164,0.0026080413790215,0.9327582976527355,0.008816686188825,0.8292130006349903,6.0
optical_net,outer_3,streed,4,20,3,0.01,0.001,0.1,0.2313152902064528,0.0297294263259202,137.01276969909668,0.0234261144761387,0.3960173218768302,0.0417427263955751,0.1914065178535107,6.0
optical_net,outer_3,streed,4,20,3,0.01,0.001,0.001,0.8854690681890823,0.0044301332552109,119.81879186630248,0.0026797368434539,0.9309098127637336,0.008564302506225,0.8341018955005659,5.0
optical_net,outer_3,streed,4,20,3,0.01,0.0001,0.1,0.2314246030004166,0.029725159077332,137.23000407218933,0.023422979135729,0.3960981586412648,0.0417414291343655,0.1914316469490284,6.0
optical_net,outer_3,streed,4,20,3,0.01,0.0001,0.001,0.8880317667410949,0.0043249256395196,119.78419208526611,0.0026268623761762,0.9322730461921042,0.0083771025415955,0.837728124171474,5.0
optical_net,outer_3,streed,4,20,3,0.01,1e-05,0.1,0.2314355500879108,0.0297247317307651,137.16885709762573,0.0234226652654717,0.3961062509861893,0.0417412992642273,0.1914341626483217,6.0
optical_net,outer_3,streed,4,20,3,0.01,1e-05,0.001,0.8884050589154494,0.0043096370584125,119.47566556930542,0.0026218845965664,0.9324013855572556,0.0083550950574375,0.8381544285790948,5.0
optical_net,outer_3,streed,4,20,3,0.008,0.1,0.1,0.2256355656869031,0.0299423018307068,138.6443555355072,0.0236945760864407,0.3890957232255223,0.0418675634154122,0.1889883145091891,6.0
optical_net,outer_3,streed,4,20,3,0.008,0.1,0.001,0.8464519485887004,0.0059716779610939,136.8742516040802,0.0036573230912907,0.905705241998648,0.0109239517938694,0.7883934044916232,8.0
optical_net,outer_3,streed,4,20,3,0.008,0.01,0.1,0.2345332682454536,0.029595566651027,137.5185194015503,0.0234571349920818,0.3952175369054416,0.0417555565596506,0.1911579862423261,6.0
optical_net,outer_3,streed,4,20,3,0.008,0.01,0.001,0.8785310754838519,0.004708890875713,125.00489568710329,0.0023900819237763,0.938377826902256,0.0085370733061552,0.8346293491578046,7.0
optical_net,outer_3,streed,4,20,3,0.008,0.001,0.1,0.2355747282326005,0.0295549848887815,137.67523193359375,0.0234261144761387,0.3960173218768302,0.0417427263955751,0.1914065178535107,6.0
optical_net,outer_3,streed,4,20,3,0.008,0.001,0.001,0.8751451759120528,0.0048227017672899,122.94271802902222,0.0021574834107086,0.944374786961219,0.008038236019731,0.8442922680249589,7.0
optical_net,outer_3,streed,4,20,3,0.008,0.0001,0.1,0.2356803357786646,0.0295508693852745,137.60458421707153,0.023422979135729,0.3960981586412648,0.0417414291343655,0.1914316469490284,6.0
optical_net,outer_3,streed,4,20,3,0.008,0.0001,0.001,0.8903937956490355,0.0042501622912206,123.5287082195282,0.0024204226045892,0.9375955697476546,0.0085640111490371,0.8341075393466548,6.0
optical_net,outer_3,streed,4,20,3,0.008,1e-05,0.1,0.2356909114376954,0.0295504572502248,137.62087774276733,0.0234226652654717,0.3961062509861893,0.0417412992642273,0.1914341626483217,6.0
optical_net,outer_3,streed,4,20,3,0.008,1e-05,0.001,0.8904921467766623,0.0042462198722082,123.92627024650574,0.0024195575097808,0.9376178740132516,0.008562306320669,0.8341405633780405,6.0
optical_net,outer_3,streed,4,20,3,0.005,0.1,0.1,0.2296919789368453,0.0297911881154107,137.76752161979675,0.0236945760864407,0.3890957232255223,0.0418675634154122,0.1889883145091891,6.0
optical_net,outer_3,streed,4,20,3,0.005,0.1,0.001,0.8464519485887004,0.0059716779610939,148.33848071098328,0.0031598916394651,0.9185302446580648,0.0105559371364175,0.7955221734783459,10.0
optical_net,outer_3,streed,4,20,3,0.005,0.01,0.1,0.238355404816736,0.0294531804536483,137.45799446105957,0.0234571349920818,0.3952175369054416,0.0417555565596506,0.1911579862423261,6.0
optical_net,outer_3,streed,4,20,3,0.005,0.01,0.001,0.87451016016152,0.0048605806818989,133.37314224243164,0.0021672533570183,0.9441228937869034,0.0085873684411242,0.833655087967144,9.0
optical_net,outer_3,streed,4,20,3,0.005,0.001,0.1,0.2395623934240544,0.0294064322474928,137.76016283035278,0.0234261144761387,0.3960173218768302,0.0417427263955751,0.1914065178535107,6.0
optical_net,outer_3,streed,4,20,3,0.005,0.001,0.001,0.8777709933117812,0.0047264322672616,132.38713312149048,0.0021574834107086,0.944374786961219,0.008038236019731,0.8442922680249589,7.0
optical_net,outer_3,streed,4,20,3,0.005,0.0001,0.1,0.239666299609712,0.0294023801248289,139.90028953552246,0.023422979135729,0.3960981586412648,0.0417414291343655,0.1914316469490284,6.0
optical_net,outer_3,streed,4,20,3,0.005,0.0001,0.001,0.878764222771573,0.0046870175165289,128.8307044506073,0.0021394057457586,0.944840873494768,0.0080063775297025,0.8449093951178074,7.0
optical_net,outer_3,streed,4,20,3,0.005,1e-05,0.1,0.2396767047848739,0.0294019743408212,133.15596747398376,0.0234226652654717,0.3961062509861893,0.0417412992642273,0.1914341626483217,6.0
optical_net,outer_3,streed,4,20,3,0.005,1e-05,0.001,0.8733067291721056,0.0049106231247207,129.17659974098206,0.0021382480759978,0.9448707210601086,0.0080049916531771,0.8449362407702677,7.0
optical_net,outer_3,streed,4,20,3,0.003,0.1,0.1,0.2276243778942279,0.0298697946549301,133.37464118003845,0.0236945760864407,0.3890957232255223,0.0418675634154122,0.1889883145091891,6.0
optical_net,outer_3,streed,4,20,3,0.003,0.1,0.001,0.8718780535022629,0.004958825364471,150.9123568534851,0.0030695312811909,0.920859956281485,0.0102547514003337,0.8013564072273572,11.0
optical_net,outer_3,streed,4,20,3,0.003,0.01,0.1,0.2360154462731396,0.0295421415442745,132.88827538490295,0.0234571349920818,0.3952175369054416,0.0417555565596506,0.1911579862423261,6.0
optical_net,outer_3,streed,4,20,3,0.003,0.01,0.001,0.8713843011452687,0.0049770284253443,137.55060958862305,0.0019569057397547,0.94954617118705,0.0084043875608207,0.8371995892478877,11.0
optical_net,outer_3,streed,4,20,3,0.003,0.001,0.1,0.2371923924397812,0.0294965354986478,133.154949426651,0.0234261144761387,0.3960173218768302,0.0417427263955751,0.1914065178535107,6.0
optical_net,outer_3,streed,4,20,3,0.003,0.001,0.001,0.8857370500976419,0.0044170575582375,137.68881106376648,0.0018525397182329,0.9522369831545242,0.0077209411993843,0.8504385489654974,9.0
optical_net,outer_3,streed,4,20,3,0.003,0.0001,0.1,0.2372932640874593,0.0294925987437578,132.28574776649475,0.023422979135729,0.3960981586412648,0.0417414291343655,0.1914316469490284,6.0
optical_net,outer_3,streed,4,20,3,0.003,0.0001,0.001,0.8779421378748006,0.0047374388103205,135.88062620162964,0.0018383243601122,0.9526034899466318,0.0076925787997494,0.8509879536992808,9.0
optical_net,outer_3,streed,4,20,3,0.003,1e-05,0.1,0.2373033655036301,0.0294922045081304,132.34134984016418,0.0234226652654717,0.3961062509861893,0.0417412992642273,0.1914341626483217,6.0
optical_net,outer_3,streed,4,20,3,0.003,1e-05,0.001,0.8782011231388481,0.0047269195342408,136.015704870224,0.0018373209391972,0.9526293605984696,0.007690893159998,0.8510206060302117,9.0
optical_net,outer_3,streed,4,20,3,0.001,0.1,0.1,0.2204341537079979,0.0301642637921015,132.55020213127136,0.0236945760864407,0.3890957232255223,0.0418675634154122,0.1889883145091891,6.0
optical_net,outer_3,streed,4,20,3,0.001,0.1,0.001,0.8718780535022629,0.004958825364471,158.3202519416809,0.0028640068242288,0.9261588807814144,0.0088371469164075,0.8288166582685044,12.0
optical_net,outer_3,streed,4,20,3,0.001,0.01,0.1,0.2286112935607511,0.0298453719310096,139.26973414421082,0.0234571349920818,0.3952175369054416,0.0417555565596506,0.1911579862423261,6.0
optical_net,outer_3,streed,4,20,3,0.001,0.01,0.001,0.8733348516807272,0.0048971453899466,158.06355571746826,0.0018950565068964,0.95114079608055,0.0087650169448695,0.8302138795304872,13.0
optical_net,outer_3,streed,4,20,3,0.001,0.001,0.1,0.2297663073652755,0.0298006641054636,138.60287261009216,0.0234261144761387,0.3960173218768302,0.0417427263955751,0.1914065178535107,6.0
optical_net,outer_3,streed,4,20,3,0.001,0.001,0.001,0.8890684070945554,0.004280624841387,156.55276012420654,0.0017983518331861,0.953634079713824,0.0079327341050361,0.8463359333037392,11.0
optical_net,outer_3,streed,4,20,3,0.001,0.0001,0.1,0.2298649805388734,0.0297968173870939,138.93331170082092,0.023422979135729,0.3960981586412648,0.0417414291343655,0.1914316469490284,6.0
optical_net,outer_3,streed,4,20,3,0.001,0.0001,0.001,0.8894605235951686,0.0042657137268133,157.12491703033447,0.0016427453239333,0.9576459971100112,0.0076894710286708,0.8510481539702072,11.0
optical_net,outer_3,streed,4,20,3,0.001,1e-05,0.1,0.2298748620553543,0.0297964321572597,139.54773020744324,0.0234226652654717,0.3961062509861893,0.0417412992642273,0.1914341626483217,6.0
optical_net,outer_3,streed,4,20,3,0.001,1e-05,0.001,0.8895022826213594,0.0042640907551013,156.57407879829407,0.0016409625235153,0.9576919620766788,0.0076873407841768,0.8510894186877257,11.0
optical_net,outer_3,streed,4,20,3,0.0005,0.1,0.1,0.2204341537079979,0.0301642637921015,138.70937252044678,0.0236945760864407,0.3890957232255223,0.0418675634154122,0.1889883145091891,6.0
optical_net,outer_3,streed,4,20,3,0.0005,0.1,0.001,0.8718780535022629,0.004958825364471,168.01415467262268,0.0028340336371849,0.9269316630454612,0.0088818833948496,0.8279500731647984,13.0
optical_net,outer_3,streed,4,20,3,0.0005,0.01,0.1,0.2286112935607511,0.0298453719310096,137.49791073799133,0.0234571349920818,0.3952175369054416,0.0417555565596506,0.1911579862423261,6.0
optical_net,outer_3,streed,4,20,3,0.0005,0.01,0.001,0.8793442314176522,0.0046732777406915,160.33469319343567,0.0018950565068964,0.95114079608055,0.0087650169448695,0.8302138795304872,13.0
optical_net,outer_3,streed,4,20,3,0.0005,0.001,0.1,0.2297663073652755,0.0298006641054636,136.9722867012024,0.0234261144761387,0.3960173218768302,0.0417427263955751,0.1914065178535107,6.0
optical_net,outer_3,streed,4,20,3,0.0005,0.001,0.001,0.8890684070945554,0.004280624841387,160.87521362304688,0.0017953344740403,0.9537118746319536,0.0087047722861233,0.8313808717852503,13.0
optical_net,outer_3,streed,4,20,3,0.0005,0.0001,0.1,0.2298649805388734,0.0297968173870939,143.74588918685913,0.023422979135729,0.3960981586412648,0.0417414291343655,0.1914316469490284,6.0
optical_net,outer_3,streed,4,20,3,0.0005,0.0001,0.001,0.8894605235951686,0.0042657137268133,165.731871843338,0.001785827594693,0.9539569852948678,0.0086780683956097,0.8318981497323732,13.0
optical_net,outer_3,streed,4,20,3,0.0005,1e-05,0.1,0.2298748620553543,0.0297964321572597,144.62024307250977,0.0234226652654717,0.3961062509861893,0.0417412992642273,0.1914341626483217,6.0
optical_net,outer_3,streed,4,20,3,0.0005,1e-05,0.001,0.8895022826213594,0.0042640907551013,168.56563091278076,0.00178505488617,0.953976907615472,0.0086783860069433,0.8318919973202906,13.0
optical_net,outer_3,streed,4,20,3,0.0001,0.1,0.1,0.2204341537079979,0.0301642637921015,147.1582896709442,0.0236945760864407,0.3890957232255223,0.0418675634154122,0.1889883145091891,6.0
optical_net,outer_3,streed,4,20,3,0.0001,0.1,0.001,0.8718780535022629,0.004958825364471,178.76348638534546,0.0028340336371849,0.9269316630454612,0.0088818833948496,0.8279500731647984,13.0
optical_net,outer_3,streed,4,20,3,0.0001,0.01,0.1,0.2286112935607511,0.0298453719310096,144.22526454925537,0.0234571349920818,0.3952175369054416,0.0417555565596506,0.1911579862423261,6.0
optical_net,outer_3,streed,4,20,3,0.0001,0.01,0.001,0.8747588977684654,0.0048476040266989,170.97181034088135,0.0018950565068964,0.95114079608055,0.0087650169448695,0.8302138795304872,13.0
optical_net,outer_3,streed,4,20,3,0.0001,0.001,0.1,0.2297663073652755,0.0298006641054636,144.16852688789368,0.0234261144761387,0.3960173218768302,0.0417427263955751,0.1914065178535107,6.0
optical_net,outer_3,streed,4,20,3,0.0001,0.001,0.001,0.8890684070945554,0.004280624841387,167.29992485046387,0.0017953344740403,0.9537118746319536,0.0087047722861233,0.8313808717852503,13.0
optical_net,outer_3,streed,4,20,3,0.0001,0.0001,0.1,0.2298649805388734,0.0297968173870939,139.08272695541382,0.023422979135729,0.3960981586412648,0.0417414291343655,0.1914316469490284,6.0
optical_net,outer_3,streed,4,20,3,0.0001,0.0001,0.001,0.8894605235951686,0.0042657137268133,165.579918384552,0.001785827594693,0.9539569852948678,0.0086780683956097,0.8318981497323732,13.0
optical_net,outer_3,streed,4,20,3,0.0001,1e-05,0.1,0.2298748620553543,0.0297964321572597,137.9905846118927,0.0234226652654717,0.3961062509861893,0.0417412992642273,0.1914341626483217,6.0
optical_net,outer_3,streed,4,20,3,0.0001,1e-05,0.001,0.8964729327371952,0.0039990789503517,158.6413757801056,0.00178505488617,0.953976907615472,0.0086783860069433,0.8318919973202906,13.0
optical_net,outer_4,streed,4,20,3,0.1,0.1,0.1,0.1585346559305291,0.035710972361863,129.7200219631195,0.0342563933687926,0.1936280228502157,0.0310545797809199,0.1665115411214408,1.0
optical_net,outer_4,streed,4,20,3,0.1,0.1,0.001,0.6750956863946672,0.0137722214738563,24.6253764629364,0.0109649521591141,0.741892555450612,0.0094478980267679,0.7464234254165996,2.0
optical_net,outer_4,streed,4,20,3,0.1,0.01,0.1,0.1707015022219858,0.0351939361301353,131.0715253353119,0.0336365008117844,0.2082198679821236,0.030561900834549,0.1797347828664426,1.0
optical_net,outer_4,streed,4,20,3,0.1,0.01,0.001,0.735081247759339,0.0112175317864992,3.123992443084717,0.0066904761753069,0.8425107849657453,0.0065381087062609,0.8245206282614043,2.0
optical_net,outer_4,streed,4,20,3,0.1,0.001,0.1,0.1720215164958155,0.0351378446681821,131.15991306304932,0.0335695093115842,0.2097968018959509,0.030508798665375,0.1811600169369138,1.0
optical_net,outer_4,streed,4,20,3,0.1,0.001,0.001,0.7412694926692316,0.010955312926447,0.1633026599884033,0.0062379875391217,0.8531620567523095,0.0073779150443862,0.8019806713385111,2.0
optical_net,outer_4,streed,4,20,3,0.1,0.0001,0.1,0.172154638522954,0.0351321879403875,131.40617418289185,0.0335627562707108,0.2099557638410168,0.0305034473138207,0.1813036443758101,1.0
optical_net,outer_4,streed,4,20,3,0.1,0.0001,0.001,0.7418280575426172,0.0109313097882957,0.1624109745025634,0.006155999765773,0.8550919926386003,0.0091918564350042,0.7532954460085204,2.0
optical_net,outer_4,streed,4,20,3,0.1,1e-05,0.1,0.1721679620263445,0.0351316217877765,131.4477996826172,0.0335620804235725,0.209971672818569,0.0305029117643517,0.1813180182396573,1.0
optical_net,outer_4,streed,4,20,3,0.1,1e-05,0.001,0.7418380284159213,0.0109308772149163,0.1626112461090088,0.00615313180994,0.8551595023495767,0.0092016605294931,0.7530323093097188,2.0
optical_net,outer_4,streed,4,20,3,0.08,0.1,0.1,0.2533095711205969,0.0316825182860604,133.60884737968445,0.032789693960389,0.2281531197892375,0.0332782416142486,0.1068296363072915,3.0
optical_net,outer_4,streed,4,20,3,0.08,0.1,0.001,0.7059457975897218,0.012471970598681,32.55756521224976,0.0109649521591141,0.741892555450612,0.0094478980267679,0.7464234254165996,2.0
optical_net,outer_4,streed,4,20,3,0.08,0.01,0.1,0.2610420350268226,0.031354921675372,133.05439639091492,0.0326681336901311,0.2310145650796224,0.0331057617390714,0.1114589047231959,3.0
optical_net,outer_4,streed,4,20,3,0.08,0.01,0.001,0.8134308245750922,0.0079153036298425,3.7649006843566895,0.0066904761753069,0.8425107849657453,0.0065381087062609,0.8245206282614043,2.0
optical_net,outer_4,streed,4,20,3,0.08,0.001,0.1,0.2619015286050812,0.0313185062924876,133.18664979934692,0.0326544419900565,0.2313368582977335,0.0330862813120152,0.1119817490585539,3.0
optical_net,outer_4,streed,4,20,3,0.08,0.001,0.001,0.8237997483243761,0.007476880175733,3.6229007244110103,0.0062379875391217,0.8531620567523095,0.0073779150443862,0.8019806713385111,2.0
optical_net,outer_4,streed,4,20,3,0.08,0.0001,0.1,0.2619884382624418,0.0313148240477285,133.37517023086548,0.0326530555045503,0.2313694952144948,0.0330843080283253,0.1120347109467283,3.0
optical_net,outer_4,streed,4,20,3,0.08,0.0001,0.001,0.824909693501486,0.0074296378110539,3.5953845977783203,0.006155999765773,0.8550919926386003,0.0091918564350042,0.7532954460085204,2.0
optical_net,outer_4,streed,4,20,3,0.08,1e-05,0.1,0.2619971389403415,0.0313144554115572,131.09771943092346,0.0326529166806364,0.231372763034103,0.0330841104442492,0.1120400139985901,3.0
optical_net,outer_4,streed,4,20,3,0.08,1e-05,0.001,0.8249749269606207,0.0074268760653374,3.558030128479004,0.00615313180994,0.8551595023495767,0.0092016605294931,0.7530323093097188,2.0
optical_net,outer_4,streed,4,20,3,0.05,0.1,0.1,0.2441494315486508,0.032070325445927,132.84230089187622,0.032789693960389,0.2281531197892375,0.0332782416142486,0.1068296363072915,3.0
optical_net,outer_4,streed,4,20,3,0.05,0.1,0.001,0.7811018320680069,0.009287765786171,77.77003812789917,0.0079238476988162,0.8134780662184633,0.0080862441428368,0.7829694938306696,3.0
optical_net,outer_4,streed,4,20,3,0.05,0.01,0.1,0.2610420350268226,0.031354921675372,132.61345291137695,0.0326681336901311,0.2310145650796224,0.0331057617390714,0.1114589047231959,3.0
optical_net,outer_4,streed,4,20,3,0.05,0.01,0.001,0.8134308245750922,0.0079153036298425,55.42953372001648,0.0066904761753069,0.8425107849657453,0.0065381087062609,0.8245206282614043,2.0
optical_net,outer_4,streed,4,20,3,0.05,0.001,0.1,0.2619015286050812,0.0313185062924876,132.49546241760254,0.0326544419900565,0.2313368582977335,0.0330862813120152,0.1119817490585539,3.0
optical_net,outer_4,streed,4,20,3,0.05,0.001,0.001,0.8237997483243761,0.007476880175733,31.520071268081665,0.0062379875391217,0.8531620567523095,0.0073779150443862,0.8019806713385111,2.0
optical_net,outer_4,streed,4,20,3,0.05,0.0001,0.1,0.2619884382624418,0.0313148240477285,132.6523356437683,0.0326530555045503,0.2313694952144948,0.0330843080283253,0.1120347109467283,3.0
optical_net,outer_4,streed,4,20,3,0.05,0.0001,0.001,0.824909693501486,0.0074296378110539,31.211039543151852,0.006155999765773,0.8550919926386003,0.0091918564350042,0.7532954460085204,2.0
optical_net,outer_4,streed,4,20,3,0.05,1e-05,0.1,0.2619971389403415,0.0313144554115572,132.7384786605835,0.0326529166806364,0.231372763034103,0.0330841104442492,0.1120400139985901,3.0
optical_net,outer_4,streed,4,20,3,0.05,1e-05,0.001,0.8249749269606207,0.0074268760653374,31.1043553352356,0.00615313180994,0.8551595023495767,0.0092016605294931,0.7530323093097188,2.0
optical_net,outer_4,streed,4,20,3,0.03,0.1,0.1,0.2441494315486508,0.032070325445927,133.09548592567444,0.032789693960389,0.2281531197892375,0.0332782416142486,0.1068296363072915,3.0
optical_net,outer_4,streed,4,20,3,0.03,0.1,0.001,0.7643329200122405,0.009997700837632,99.29154658317566,0.0079238476988162,0.8134780662184633,0.0080862441428368,0.7829694938306696,3.0
optical_net,outer_4,streed,4,20,3,0.03,0.01,0.1,0.249147931179618,0.0318584749887156,133.94688057899475,0.0326681336901311,0.2310145650796224,0.0331057617390714,0.1114589047231959,3.0
optical_net,outer_4,streed,4,20,3,0.03,0.01,0.001,0.8259849148706069,0.0073866739384409,89.46366000175476,0.0055636195004445,0.8690362173161643,0.0046440976034868,0.8753548822196554,3.0
optical_net,outer_4,streed,4,20,3,0.03,0.001,0.1,0.2497096186044815,0.0318346676406358,133.06441640853882,0.0326544419900565,0.2313368582977335,0.0330862813120152,0.1119817490585539,3.0
optical_net,outer_4,streed,4,20,3,0.03,0.001,0.001,0.8494516925874122,0.0063936776250499,82.69379806518555,0.0046050240191016,0.891600896710625,0.0092792933509082,0.7509486855371177,3.0
optical_net,outer_4,streed,4,20,3,0.03,0.0001,0.1,0.2497664910900341,0.0318322570610297,133.04790687561035,0.0326530555045503,0.2313694952144948,0.0330843080283253,0.1120347109467283,3.0
optical_net,outer_4,streed,4,20,3,0.03,0.0001,0.001,0.8486718785889295,0.0064259957495379,82.2205958366394,0.004435889861187,0.8955821986490058,0.0099203087923177,0.7337441709004049,3.0
optical_net,outer_4,streed,4,20,3,0.03,1e-05,0.1,0.249772185474697,0.0318320157004345,133.29347229003906,0.0326529166806364,0.231372763034103,0.0330841104442492,0.1120400139985901,3.0
optical_net,outer_4,streed,4,20,3,0.03,1e-05,0.001,0.8487310958074937,0.0064234844197955,81.49518847465515,0.0044229742684738,0.8958862228327567,0.0100567491168865,0.7300821849177903,3.0
optical_net,outer_4,streed,4,20,3,0.01,0.1,0.1,0.2470110894715357,0.0319522051911285,132.91915822029114,0.0292065193930275,0.3124985886554468,0.0344101058554522,0.0764510000895128,6.0
optical_net,outer_4,streed,4,20,3,0.01,0.1,0.001,0.8240926070207956,0.0074618015470283,124.55004239082336,0.0044848587525304,0.8944295045721272,0.0065626538487495,0.8238618496487132,8.0
optical_net,outer_4,streed,4,20,3,0.01,0.01,0.1,0.2520524756418283,0.0317384410759966,132.66105699539185,0.0289707335879708,0.3180488246000345,0.0341009988338198,0.0847472686884297,6.0
optical_net,outer_4,streed,4,20,3,0.01,0.01,0.001,0.8407124354787374,0.0067627739449391,118.4949860572815,0.0032556365517705,0.9233645511110956,0.0037951950836718,0.8981389758370953,6.0
optical_net,outer_4,streed,4,20,3,0.01,0.001,0.1,0.2526377148399254,0.0317136241663232,132.50647234916687,0.0290669842677896,0.3157831496893126,0.0335224407018411,0.1002754622494579,5.0
optical_net,outer_4,streed,4,20,3,0.01,0.001,0.001,0.855020658528607,0.0061609528049807,116.69778871536256,0.0034716626635344,0.9182794447782796,0.0035403267725075,0.9049795061996988,5.0
optical_net,outer_4,streed,4,20,3,0.01,0.0001,0.1,0.2526960874826548,0.0317111485822794,133.00452637672424,0.029063741730518,0.315859476790141,0.0335184453926668,0.1003826942297324,5.0
optical_net,outer_4,streed,4,20,3,0.01,0.0001,0.001,0.8551822026994703,0.0061543168717789,116.57843375205994,0.0025500867002149,0.9399727101385686,0.0032789124812702,0.9119957271973532,7.0
optical_net,outer_4,streed,4,20,3,0.01,1e-05,0.1,0.2527019327818613,0.0317109006824779,132.99983525276184,0.0290634170412499,0.3158671197525585,0.0335180453095617,0.100393432248182,5.0
optical_net,outer_4,streed,4,20,3,0.01,1e-05,0.001,0.8551438551899491,0.0061559894560228,117.02833771705627,0.0027796056855769,0.934569990826373,0.0029124828183967,0.9218305050996938,6.0
optical_net,outer_4,streed,4,20,3,0.008,0.1,0.1,0.2470110894715357,0.0319522051911285,135.22177124023438,0.0292065193930275,0.3124985886554468,0.0344101058554522,0.0764510000895128,6.0
optical_net,outer_4,streed,4,20,3,0.008,0.1,0.001,0.8318971928655379,0.007132858824234,127.94719099998474,0.0043205817708671,0.8982964719168198,0.0057141790203408,0.8466344642555321,9.0
optical_net,outer_4,streed,4,20,3,0.008,0.01,0.1,0.2520524756418283,0.0317384410759966,133.61655569076538,0.0289707335879708,0.3180488246000345,0.0341009988338198,0.0847472686884297,6.0
optical_net,outer_4,streed,4,20,3,0.008,0.01,0.001,0.8419299149941916,0.0067134495822823,122.9704487323761,0.0024622644531671,0.9420399855293928,0.0033600056389308,0.9098192298342944,8.0
optical_net,outer_4,streed,4,20,3,0.008,0.001,0.1,0.2526377148399254,0.0317136241663232,133.24303722381592,0.0289439405164248,0.3186795151062955,0.03406526632442,0.0857063102984455,6.0
optical_net,outer_4,streed,4,20,3,0.008,0.001,0.001,0.855020658528607,0.0061609528049807,122.36622714996338,0.0025331989740144,0.9403702356170768,0.0031099852883315,0.9165296435053024,7.0
optical_net,outer_4,streed,4,20,3,0.008,0.0001,0.1,0.2526960874826548,0.0317111485822794,133.2446949481964,0.028941223887,0.3187434626975346,0.0340616357897799,0.0858037519235914,6.0
optical_net,outer_4,streed,4,20,3,0.008,0.0001,0.001,0.8551822026994703,0.0061543168717789,121.76415014266968,0.0025500867002149,0.9399727101385686,0.0032789124812702,0.9119957271973532,7.0
optical_net,outer_4,streed,4,20,3,0.008,1e-05,0.1,0.2527019327818613,0.0317109006824779,133.5031657218933,0.0289409518447351,0.3187498663856474,0.0340612721525726,0.0858135117534677,6.0
optical_net,outer_4,streed,4,20,3,0.008,1e-05,0.001,0.8551438551899491,0.0061559894560228,122.43911910057068,0.0025487632530711,0.9400038631755664,0.003277817161536,0.9120251249983776,7.0
optical_net,outer_4,streed,4,20,3,0.005,0.1,0.1,0.241950511820476,0.0321694641490273,133.29872012138367,0.0277422403515449,0.3469667118191356,0.035249545824916,0.053920876307277,8.0
optical_net,outer_4,streed,4,20,3,0.005,0.1,0.001,0.8292362653267343,0.0072450099065828,138.68732905387878,0.0038589912793871,0.9091619951270764,0.0037614199567265,0.8990454823396673,10.0
optical_net,outer_4,streed,4,20,3,0.005,0.01,0.1,0.2476815020187974,0.0319261810516841,133.51615977287292,0.0273554763424274,0.3560708710154906,0.0347063710072818,0.0684994004684634,8.0
optical_net,outer_4,streed,4,20,3,0.005,0.01,0.001,0.837967638484043,0.0068814311886077,130.75331258773804,0.0022844424557564,0.9462257932438572,0.0041823461141355,0.8877480474133035,9.0
optical_net,outer_4,streed,4,20,3,0.005,0.001,0.1,0.2483509476028478,0.0318977594227596,133.2395260334015,0.0273094207198431,0.3571549887462262,0.0346427379527069,0.0702072779205348,8.0
optical_net,outer_4,streed,4,20,3,0.005,0.001,0.001,0.833273997096904,0.0070770995067971,132.52978539466858,0.0020965322086562,0.9506490714287372,0.0042407176576228,0.8861813861296289,9.0
optical_net,outer_4,streed,4,20,3,0.005,0.0001,0.1,0.2484179237572291,0.0318949155364442,133.4296727180481,0.0273047245528016,0.3572655332936773,0.0346362626240252,0.0703810723096939,8.0
optical_net,outer_4,streed,4,20,3,0.005,0.0001,0.001,0.774215130838277,0.0095664481041778,135.78977417945862,0.0020595855232107,0.951518771034038,0.0040346972710319,0.8917108640916105,9.0
optical_net,outer_4,streed,4,20,3,0.005,1e-05,0.1,0.248424631272593,0.0318946307265596,128.76183104515076,0.0273042540091875,0.3572766095672474,0.0346356139481621,0.0703984824259884,8.0
optical_net,outer_4,streed,4,20,3,0.005,1e-05,0.001,0.755829314271849,0.0103414148659923,129.15841913223267,0.0020580132669188,0.9515557808675305,0.0040328850246705,0.8917595038232559,9.0
optical_net,outer_4,streed,4,20,3,0.003,0.1,0.1,0.2599092132722116,0.0314125522166199,128.73693299293518,0.0277422403515449,0.3469667118191356,0.035249545824916,0.053920876307277,8.0
optical_net,outer_4,streed,4,20,3,0.003,0.1,0.001,0.8329433394086655,0.0070861035508799,141.38646173477173,0.0041268220709379,0.9028574422046672,0.004530004048921,0.8784170927417072,11.0
optical_net,outer_4,streed,4,20,3,0.003,0.01,0.1,0.2476815020187974,0.0319261810516841,128.63505578041077,0.0273554763424274,0.3560708710154906,0.0347063710072818,0.0684994004684634,8.0
optical_net,outer_4,streed,4,20,3,0.003,0.01,0.001,0.8321176402741927,0.0071329641835583,135.64735984802246,0.0022844424557564,0.9462257932438572,0.0041823461141355,0.8877480474133035,9.0
optical_net,outer_4,streed,4,20,3,0.003,0.001,0.1,0.2483509476028478,0.0318977594227596,128.4038166999817,0.0273094207198431,0.3571549887462262,0.0346427379527069,0.0702072779205348,8.0
optical_net,outer_4,streed,4,20,3,0.003,0.001,0.001,0.8679482926465102,0.0056016550781356,138.59092903137207,0.0020965322086562,0.9506490714287372,0.0042407176576228,0.8861813861296289,9.0
optical_net,outer_4,streed,4,20,3,0.003,0.0001,0.1,0.2484179237572291,0.0318949155364442,130.2121114730835,0.0273047245528016,0.3572655332936773,0.0346362626240252,0.0703810723096939,8.0
optical_net,outer_4,streed,4,20,3,0.003,0.0001,0.001,0.7903712862943141,0.0088716862630975,137.6861743927002,0.0020595855232107,0.951518771034038,0.0040346972710319,0.8917108640916105,9.0
optical_net,outer_4,streed,4,20,3,0.003,1e-05,0.1,0.248424631272593,0.0318946307265596,128.16122150421145,0.0273042540091875,0.3572766095672474,0.0346356139481621,0.0703984824259884,8.0
optical_net,outer_4,streed,4,20,3,0.003,1e-05,0.001,0.7718968755469818,0.0096503826149062,137.42102789878845,0.0020580132669188,0.9515557808675305,0.0040328850246705,0.8917595038232559,9.0
optical_net,outer_4,streed,4,20,3,0.001,0.1,0.1,0.2599092132722116,0.0314125522166199,128.16353225708008,0.0267755686610406,0.3697214996315843,0.0334964666676674,0.1009725915575047,9.0
optical_net,outer_4,streed,4,20,3,0.001,0.1,0.001,0.8324825617491346,0.0071073041677349,148.47263956069946,0.0041268220709379,0.9028574422046672,0.004530004048921,0.8784170927417072,11.0
optical_net,outer_4,streed,4,20,3,0.001,0.01,0.1,0.2654110755156064,0.0311789262586638,128.85843062400818,0.0262862651620162,0.3812393680098146,0.0327753787789317,0.1203262082329935,9.0
optical_net,outer_4,streed,4,20,3,0.001,0.01,0.001,0.8400503360074904,0.0067986219666209,151.3331482410431,0.0021695280314981,0.948930799882899,0.003700174520656,0.9006892773767896,11.0
optical_net,outer_4,streed,4,20,3,0.001,0.001,0.1,0.2660598212569658,0.0311513770735502,134.84737586975098,0.026229090281333,0.3825852254409645,0.0326927073904548,0.1225450644745216,9.0
optical_net,outer_4,streed,4,20,3,0.001,0.001,0.001,0.8707737814254246,0.0054825681732504,153.713876247406,0.0019201172102902,0.9548017593518284,0.0034207223606515,0.9081896252100436,11.0
optical_net,outer_4,streed,4,20,3,0.001,0.0001,0.1,0.2661258816155193,0.0311485717856152,134.4202916622162,0.0262232732271538,0.3827221549019611,0.0326843165708296,0.1227702696251774,9.0
optical_net,outer_4,streed,4,20,3,0.001,0.0001,0.001,0.8670373958913088,0.0056404118125938,155.4599461555481,0.0019056391743106,0.955142562377193,0.0033858659477961,0.9091251528532392,11.0
optical_net,outer_4,streed,4,20,3,0.001,1e-05,0.1,0.2661324997531465,0.0311482907427665,134.52033591270447,0.0262226905050031,0.3827358717812529,0.0326834762307147,0.1227928239083884,9.0
optical_net,outer_4,streed,4,20,3,0.001,1e-05,0.001,0.8669257425052955,0.005645166340377,156.31440258026123,0.0019042878987759,0.9551743704754035,0.0033821767601414,0.9092241686942052,11.0
optical_net,outer_4,streed,4,20,3,0.0005,0.1,0.1,0.2599092132722116,0.0314125522166199,134.71452808380127,0.0267755686610406,0.3697214996315843,0.0334964666676674,0.1009725915575047,9.0
optical_net,outer_4,streed,4,20,3,0.0005,0.1,0.001,0.8324825617491346,0.0071073041677349,158.08826160430908,0.003831796684172,0.9098021372247946,0.0036474495080716,0.9021043887643324,12.0
optical_net,outer_4,streed,4,20,3,0.0005,0.01,0.1,0.2654110755156064,0.0311789262586638,134.22953057289124,0.0262862651620162,0.3812393680098146,0.0327753787789317,0.1203262082329935,9.0
optical_net,outer_4,streed,4,20,3,0.0005,0.01,0.001,0.8400503360074904,0.0067986219666209,154.01980757713318,0.0023259284610155,0.9452492411671471,0.0032527747701806,0.9126972495070552,13.0
optical_net,outer_4,streed,4,20,3,0.0005,0.001,0.1,0.2660598212569658,0.0311513770735502,133.20412707328796,0.026229090281333,0.3825852254409645,0.0326927073904548,0.1225450644745216,9.0
optical_net,outer_4,streed,4,20,3,0.0005,0.001,0.001,0.8735374494206919,0.0053660868514549,156.8445405960083,0.0019201172102902,0.9548017593518284,0.0034207223606515,0.9081896252100436,11.0
optical_net,outer_4,streed,4,20,3,0.0005,0.0001,0.1,0.2661258816155193,0.0311485717856152,134.28911471366882,0.0262232732271538,0.3827221549019611,0.0326843165708296,0.1227702696251774,9.0
optical_net,outer_4,streed,4,20,3,0.0005,0.0001,0.001,0.8670373958913088,0.0056404118125938,164.6329164505005,0.0019056391743106,0.955142562377193,0.0033858659477961,0.9091251528532392,11.0
optical_net,outer_4,streed,4,20,3,0.0005,1e-05,0.1,0.2661324997531465,0.0311482907427665,138.80617451667786,0.0262226905050031,0.3827358717812529,0.0326834762307147,0.1227928239083884,9.0
optical_net,outer_4,streed,4,20,3,0.0005,1e-05,0.001,0.8669257425052955,0.005645166340377,166.11887431144714,0.0019042878987759,0.9551743704754035,0.0033821767601414,0.9092241686942052,11.0
optical_net,outer_4,streed,4,20,3,0.0001,0.1,0.1,0.2599092132722116,0.0314125522166199,141.22383427619934,0.0267755686610406,0.3697214996315843,0.0334964666676674,0.1009725915575047,9.0
optical_net,outer_4,streed,4,20,3,0.0001,0.1,0.001,0.8324825617491346,0.0071073041677349,168.5236954689026,0.003831796684172,0.9098021372247946,0.0036474495080716,0.9021043887643324,12.0
optical_net,outer_4,streed,4,20,3,0.0001,0.01,0.1,0.2654110755156064,0.0311789262586638,141.84177446365356,0.0262862651620162,0.3812393680098146,0.0327753787789317,0.1203262082329935,9.0
optical_net,outer_4,streed,4,20,3,0.0001,0.01,0.001,0.8400503360074904,0.0067986219666209,164.42736268043518,0.0023259284610155,0.9452492411671471,0.0032527747701806,0.9126972495070552,13.0
optical_net,outer_4,streed,4,20,3,0.0001,0.001,0.1,0.2660598212569658,0.0311513770735502,139.3982617855072,0.026229090281333,0.3825852254409645,0.0326927073904548,0.1225450644745216,9.0
optical_net,outer_4,streed,4,20,3,0.0001,0.001,0.001,0.8735374494206919,0.0053660868514549,168.22899866104126,0.0018668772074952,0.956054992459446,0.0031450960551671,0.9155872891361128,12.0
optical_net,outer_4,streed,4,20,3,0.0001,0.0001,0.1,0.2661258816155193,0.0311485717856152,138.52126216888428,0.0262232732271538,0.3827221549019611,0.0326843165708296,0.1227702696251774,9.0
optical_net,outer_4,streed,4,20,3,0.0001,0.0001,0.001,0.8670373958913088,0.0056404118125938,164.1554172039032,0.0018452310720668,0.9565645276237322,0.0030953331255691,0.9169228997865402,12.0
optical_net,outer_4,streed,4,20,3,0.0001,1e-05,0.1,0.2661324997531465,0.0311482907427665,135.32841682434082,0.0262226905050031,0.3827358717812529,0.0326834762307147,0.1227928239083884,9.0
optical_net,outer_4,streed,4,20,3,0.0001,1e-05,0.001,0.8669257425052955,0.005645166340377,164.83904886245728,0.0018430357710616,0.9566162035019532,0.0030911092934997,0.9170362652001732,12.0
optical_net,mean,streed,4,20,3,0.0001,1e-05,0.001,0.882665648180159,0.004865045095950619,160.54031724929808,0.00177295770755126,0.9572140957852959,0.00527582183868644,0.8745746190237373,12.0
optical_net,mean,streed,4,20,3,0.0001,1e-05,0.1,0.2867381846381417,0.02946314699341806,132.0750648498535,0.025793852701888942,0.3782867280735294,0.03020569315298774,0.2711516201120852,7.4
optical_net,mean,streed,4,20,3,0.0001,0.0001,0.001,0.8790137366843039,0.00500280925944376,161.89176125526427,0.00177668554031074,0.9571250699376929,0.005193190430631879,0.8768295643432505,12.0
optical_net,mean,streed,4,20,3,0.0001,0.0001,0.1,0.28672934998918975,0.02946351056878694,132.75046410560608,0.025794237131610782,0.37827751079396144,0.030206053019569724,0.2711423175944664,7.4
optical_net,mean,streed,4,20,3,0.0001,0.001,0.001,0.8821754444863696,0.00487622482577054,162.29203720092772,0.0018002585873689002,0.9565637874382169,0.00520512041380104,0.8765519032675462,12.0
optical_net,mean,streed,4,20,3,0.0001,0.001,0.1,0.28664110965468886,0.02946714195230992,134.0065773010254,0.025798076604109176,0.37818545343855686,0.03020964743582294,0.27104940207828665,7.4
optical_net,mean,streed,4,20,3,0.0001,0.01,0.001,0.8720661061189265,0.00529753139137288,159.95785422325133,0.0021029557360892,0.9493522677762758,0.00515380701286914,0.8780126747226038,12.4
optical_net,mean,streed,4,20,3,0.0001,0.01,0.1,0.2857327263278006,0.029504382639377658,135.66013827323914,0.02583599528853172,0.3772762704985929,0.03024517159706348,0.2701310856441042,7.4
optical_net,mean,streed,4,20,3,0.0001,0.1,0.001,0.844348345361059,0.00644402646204832,164.95453743934632,0.0035695914876838404,0.914172280206652,0.00548638366253066,0.8690167248189538,11.8
optical_net,mean,streed,4,20,3,0.0001,0.1,0.1,0.2780043827430165,0.029822647732047118,135.2758201122284,0.026330912766596437,0.3655227734911151,0.03072363645254182,0.25750472481419373,7.6
optical_net,mean,streed,4,20,3,0.0005,1e-05,0.001,0.8816060847320598,0.00490533842027108,159.7076901435852,0.00177937209982896,0.9570674325156847,0.005056737727921,0.8794916178819214,11.6
optical_net,mean,streed,4,20,3,0.0005,1e-05,0.1,0.2867381846381417,0.02946314699341806,132.64315071105958,0.025793852701888942,0.3782867280735294,0.03020569315298774,0.2711516201120852,7.4
optical_net,mean,streed,4,20,3,0.0005,0.0001,0.001,0.8790137366843039,0.00500280925944376,158.5830018043518,0.00179748112796332,0.9566290951231945,0.00497234894830188,0.8817879978497579,11.6
optical_net,mean,streed,4,20,3,0.0005,0.0001,0.1,0.28672934998918975,0.02946351056878694,132.93579421043395,0.025794237131610782,0.37827751079396144,0.030206053019569724,0.2711423175944664,7.4
optical_net,mean,streed,4,20,3,0.0005,0.001,0.001,0.8827853791925383,0.00485230020814156,155.9861234664917,0.00181899471924638,0.9561167548237897,0.0049772545080931,0.881684826118691,11.6
optical_net,mean,streed,4,20,3,0.0005,0.001,0.1,0.28664110965468886,0.02946714195230992,131.11244292259215,0.025798076604109176,0.37818545343855686,0.03020964743582294,0.27104940207828665,7.4
optical_net,mean,streed,4,20,3,0.0005,0.01,0.001,0.8729579827698666,0.00526362301886718,153.11230030059815,0.00211124107439096,0.9491496474435912,0.00521084588931196,0.8766715804865248,12.0
optical_net,mean,streed,4,20,3,0.0005,0.01,0.1,0.2857327263278006,0.029504382639377658,131.27228178977967,0.02583599528853172,0.3772762704985929,0.03024517159706348,0.2701310856441042,7.4
optical_net,mean,streed,4,20,3,0.0005,0.1,0.001,0.844348345361059,0.00644402646204832,158.51667103767394,0.0035695914876838404,0.914172280206652,0.00548638366253066,0.8690167248189538,11.8
optical_net,mean,streed,4,20,3,0.0005,0.1,0.1,0.2780043827430165,0.029822647732047118,131.73355050086974,0.026330912766596437,0.3655227734911151,0.03072363645254182,0.25750472481419373,7.6
optical_net,mean,streed,4,20,3,0.001,1e-05,0.001,0.8818968922412559,0.00489353301149574,153.8846164703369,0.00175055362729802,0.9578104434079261,0.0048585286833677,0.8833311021554083,11.2
optical_net,mean,streed,4,20,3,0.001,1e-05,0.1,0.2867381846381417,0.02946314699341806,131.84728336334229,0.02579733929980312,0.3782020708188098,0.03022811329035882,0.27062774452472593,7.2
optical_net,mean,streed,4,20,3,0.001,0.0001,0.001,0.8793068244169051,0.004990914413653499,153.55753383636474,0.0017688646738113802,0.9573668974862233,0.0047746294749141,0.8856179986973247,11.2
optical_net,mean,streed,4,20,3,0.001,0.0001,0.1,0.28672934998918975,0.02946351056878694,130.69924845695496,0.025797724307440578,0.37819283950701016,0.03022847154395168,0.2706184796966898,7.2
optical_net,mean,streed,4,20,3,0.001,0.001,0.001,0.8822326455934849,0.00487559647250066,150.60200066566466,0.0018195981910755401,0.9561011958401636,0.00482284687187566,0.884675838422389,11.2
optical_net,mean,streed,4,20,3,0.001,0.001,0.1,0.28664110965468886,0.02946714195230992,130.32338581085205,0.0258015695385785,0.378100642327449,0.03023204983474744,0.2705259409727374,7.2
optical_net,mean,streed,4,20,3,0.001,0.01,0.001,0.8712102213950805,0.0053306233422868,148.34636554718017,0.0020799609884874803,0.9498859591867417,0.00530032583940704,0.8742699860604717,11.6
optical_net,mean,streed,4,20,3,0.001,0.01,0.1,0.2857327263278006,0.029504382639377658,129.29787955284118,0.025839543802057142,0.377190109885643,0.0302674132017558,0.26961138170433113,7.2
optical_net,mean,streed,4,20,3,0.001,0.1,0.001,0.844348345361059,0.00644402646204832,151.82217760086058,0.0036345912024458,0.9126287847498172,0.00565394727501212,0.86445258263517,11.4
optical_net,mean,streed,4,20,3,0.001,0.1,0.1,0.2780043827430165,0.029822647732047118,127.72731518745422,0.0261626263871509,0.3694534263683883,0.03057775879138978,0.2615872089714149,7.2
optical_net,mean,streed,4,20,3,0.003,1e-05,0.001,0.8609368189721518,0.005773546046104939,137.04710884094237,0.0019208829583754797,0.95369050829884,0.00499741779571634,0.8806627752099653,9.0
optical_net,mean,streed,4,20,3,0.003,1e-05,0.1,0.28468231163168617,0.02955156946035082,130.8074821949005,0.026084722373080682,0.37142923249183923,0.030689182825928318,0.2583013943215548,6.8
optical_net,mean,streed,4,20,3,0.003,0.0001,0.001,0.8619759709009485,0.00571791407440176,136.56252212524413,0.00192155648506994,0.9536727812641812,0.005156896595611219,0.8762833977929756,9.2
optical_net,mean,streed,4,20,3,0.003,0.0001,0.1,0.28467341512724886,0.029551935590285516,128.37370305061341,0.026085081791925802,0.371420603879257,0.03068950146930672,0.25829319173347776,6.8
optical_net,mean,streed,4,20,3,0.003,0.001,0.001,0.881319385250088,0.00491257852182436,139.502357006073,0.0019475977138917002,0.9530520723479482,0.00521117469549578,0.8749108565301489,9.2
optical_net,mean,streed,4,20,3,0.003,0.001,0.1,0.28458455193876636,0.02955559270078864,129.38956775665284,0.0260886713042507,0.37133442971231734,0.03069268387067588,0.25821126968778996,6.8
optical_net,mean,streed,4,20,3,0.003,0.01,0.001,0.8690378411030333,0.00542244261234842,134.0155909061432,0.002142377776701,0.9483830653492781,0.0054814613249576805,0.8690823168923135,10.2
optical_net,mean,streed,4,20,3,0.003,0.01,0.1,0.28366764217091656,0.029593187520634702,127.71645379066467,0.026124105316918323,0.37048372881530856,0.030724109958506062,0.2574022958970828,6.8
optical_net,mean,streed,4,20,3,0.003,0.1,0.001,0.842487371901286,0.0065194341521447804,143.88594126701355,0.0037007422429411797,0.9109834693027207,0.00616522412322566,0.8527173255754559,10.8
optical_net,mean,streed,4,20,3,0.003,0.1,0.1,0.2794424275802625,0.02976375390461284,128.21464886665345,0.0265516140662464,0.3602747949509869,0.03110916509792012,0.24744869898016625,6.6
optical_net,mean,streed,4,20,3,0.005,1e-05,0.001,0.8491616442716718,0.00626001457584682,127.69332923889161,0.0020036098906452597,0.9516056193810334,0.00509983396138146,0.8784103459080528,8.4
optical_net,mean,streed,4,20,3,0.005,1e-05,0.1,0.28864039906643696,0.029381082554517803,127.75053215026855,0.0265222974873212,0.36116105463151194,0.031111413065937583,0.2468709320620018,6.2
optical_net,mean,streed,4,20,3,0.005,0.0001,0.001,0.8541488689383984,0.006050849234193261,129.15505599975586,0.0020092026167731003,0.9514728193226082,0.00509130257690496,0.8786357465567718,8.4
optical_net,mean,streed,4,20,3,0.005,0.0001,0.1,0.2886312395220369,0.02938145984663214,130.13270020484924,0.02652261031676808,0.36115351855019184,0.0311116974733762,0.2468636652764004,6.2
optical_net,mean,streed,4,20,3,0.005,0.001,0.001,0.8703435314607961,0.00535852947320924,128.6251286506653,0.00208360757615834,0.9497199312382524,0.00516964628239748,0.8766050692140844,8.2
optical_net,mean,streed,4,20,3,0.005,0.001,0.1,0.2885397474091732,0.02938522851787792,129.89385910034179,0.02652573449455098,0.3610782565844992,0.031114537912498342,0.24679109035018748,6.2
optical_net,mean,streed,4,20,3,0.005,0.01,0.001,0.8720062034845737,0.00529913539477032,127.50854411125184,0.00236715519573606,0.9430006530581899,0.00531661998251738,0.8734888285612522,8.8
optical_net,mean,streed,4,20,3,0.005,0.01,0.1,0.2875966993727744,0.02942393268618728,129.72683596611023,0.0265565706663446,0.36033537681456246,0.031142583787406065,0.24607450583244223,6.2
optical_net,mean,streed,4,20,3,0.005,0.1,0.001,0.8354244930834225,0.0068071019540806394,138.5854301929474,0.00368289025551992,0.9113500739469232,0.0061269181776326,0.8543869510886374,10.4
optical_net,mean,streed,4,20,3,0.005,0.1,0.1,0.27505376933236153,0.02992650279032626,129.8286509513855,0.02682107131939056,0.35397540528401833,0.03139090103906906,0.23972580196228505,6.2
optical_net,mean,streed,4,20,3,0.008,1e-05,0.001,0.8787398447950728,0.00501053832442322,121.1410448551178,0.0024200680563429998,0.9416045858842444,0.0058223177182306195,0.8597165061618286,6.8
optical_net,mean,streed,4,20,3,0.008,1e-05,0.1,0.2856001583354509,0.029498366550746842,129.76391439437867,0.02684963705443072,0.353455705995192,0.03099654470681968,0.24995393792749768,5.8
optical_net,mean,streed,4,20,3,0.008,0.0001,0.001,0.8787294006783192,0.00501100799207476,119.00365581512452,0.00242580455903912,0.9414686811895139,0.00581339266280366,0.859948383849753,6.8
optical_net,mean,streed,4,20,3,0.008,0.0001,0.1,0.2855913373464052,0.029498729537758138,129.35520586967468,0.026849910183607762,0.3534491044309633,0.030996772106527137,0.2499482011991799,5.8
optical_net,mean,streed,4,20,3,0.008,0.001,0.001,0.8780421306845847,0.00502592153540418,118.54919953346253,0.00239021254566412,0.9424236097077229,0.00566156928695726,0.8631664142036641,7.0
optical_net,mean,streed,4,20,3,0.008,0.001,0.1,0.2855032255973754,0.029502355378669,129.563125705719,0.026852638453867317,0.3533831618565131,0.030999043586840958,0.24989089682576965,5.8
optical_net,mean,streed,4,20,3,0.008,0.01,0.001,0.8770904961292814,0.0050836997640101005,118.9323055267334,0.00268138545792094,0.935379820087566,0.0050830205744813,0.8795061508049612,7.0
optical_net,mean,streed,4,20,3,0.008,0.01,0.1,0.28462991153408157,0.029538295420666598,129.4280746459961,0.026879622115453278,0.35273096753147126,0.03102150935271366,0.24932407947643553,5.8
optical_net,mean,streed,4,20,3,0.008,0.1,0.001,0.8355452298680148,0.006797134712679981,128.52086534500123,0.00431436962824676,0.896182837469208,0.00759030971129628,0.8160290577982465,8.4
optical_net,mean,streed,4,20,3,0.008,0.1,0.1,0.2732549572542047,0.029995263811576623,130.02865118980407,0.027113927127687083,0.3470817806512806,0.0312230130451763,0.24423182671873223,5.8
optical_net,mean,streed,4,20,3,0.01,1e-05,0.001,0.8741572416372229,0.00521135229739778,114.46432027816772,0.00287045251311676,0.9308573444999972,0.005453374140735981,0.8692424172826003,5.4
optical_net,mean,streed,4,20,3,0.01,1e-05,0.1,0.2819163166555593,0.029656905961031377,129.07740077972412,0.026874130093733677,0.35287915666857417,0.0308878993382175,0.25286992202644054,5.6
optical_net,mean,streed,4,20,3,0.01,0.0001,0.001,0.8742741260092448,0.005206045185759079,114.19818544387817,0.0028299861018103003,0.9318077277739741,0.005529746745091419,0.8672238817114708,5.6
optical_net,mean,streed,4,20,3,0.01,0.0001,0.1,0.28190818324478334,0.0296572385503439,128.94185366630555,0.02687441375231136,0.3528723072494846,0.030888134027104518,0.25286398966040813,5.6
optical_net,mean,streed,4,20,3,0.01,0.001,0.001,0.8729869709161276,0.00525676665981274,113.92572855949402,0.0030137213522175603,0.9274428418432773,0.0051777700638069805,0.8771412845838432,5.4
optical_net,mean,streed,4,20,3,0.01,0.001,0.1,0.2818269372135725,0.0296605608582363,128.9156717777252,0.02687724720414028,0.3528038887731165,0.030890478462325177,0.2528047272159721,5.6
optical_net,mean,streed,4,20,3,0.01,0.01,0.001,0.87342689628402,0.00522451898640834,115.15590610504151,0.00304477756552748,0.926754017710423,0.005638043363770199,0.8647914489636299,6.0
optical_net,mean,streed,4,20,3,0.01,0.01,0.1,0.2810212902581784,0.029693509248077277,129.70067210197448,0.026879622115453278,0.35273096753147126,0.03102150935271366,0.24932407947643553,5.8
optical_net,mean,streed,4,20,3,0.01,0.1,0.001,0.8297176351749084,0.00703020117123992,123.93588809967041,0.004354169206934,0.8952451973231481,0.007476817305278679,0.8188806616014122,8.0
optical_net,mean,streed,4,20,3,0.01,0.1,0.1,0.27411813007898483,0.029956808522177258,129.06290521621705,0.027305486968289237,0.34214289820598265,0.03134887366897132,0.24179379526158423,5.4
optical_net,mean,streed,4,20,3,0.03,1e-05,0.001,0.8473113938134098,0.006313393132974379,78.98384799957276,0.0046815893078024,0.8872658790153363,0.00782589878459354,0.8042745035872528,2.8
optical_net,mean,streed,4,20,3,0.03,1e-05,0.1,0.2802603767541153,0.02972054785072386,129.6040415763855,0.029016493759130502,0.30150384654007334,0.03268306849468896,0.20963786306151372,3.8
optical_net,mean,streed,4,20,3,0.03,0.0001,0.001,0.8473091228374521,0.00631351322947028,78.85691509246826,0.00471142444140124,0.8865287286352981,0.007822094861168,0.8044973830592742,2.8
optical_net,mean,streed,4,20,3,0.03,0.0001,0.1,0.2802531809862562,0.029720842621082922,129.447034406662,0.029016698407502615,0.30149887747049786,0.03268327645097978,0.20963287831964367,3.8
optical_net,mean,streed,4,20,3,0.03,0.001,0.001,0.8468306140816024,0.00633253690782846,80.21840605735778,0.00488140909285344,0.8824392871700443,0.00797840416959596,0.8012268587533079,2.8
optical_net,mean,streed,4,20,3,0.03,0.001,0.1,0.2801812993301929,0.02972378719544102,129.99390811920165,0.029018742430538823,0.3014492466316279,0.03268535365078828,0.20958308644171025,3.8
optical_net,mean,streed,4,20,3,0.03,0.01,0.001,0.8416132025652517,0.0065498032693377395,86.33892993927002,0.00530278214814324,0.8724228975676898,0.00746304477248604,0.8154020784895117,2.8
optical_net,mean,streed,4,20,3,0.03,0.01,0.1,0.2794700049313506,0.02975292333057724,129.776673746109,0.0290389393610812,0.3009588562270204,0.03270589172469658,0.20909066859857744,3.8
optical_net,mean,streed,4,20,3,0.03,0.1,0.001,0.7908328188759846,0.00862144209632376,100.91174879074097,0.00697141078285846,0.8325306132137861,0.00909294201742444,0.7774289654708776,3.6
optical_net,mean,streed,4,20,3,0.03,0.1,0.1,0.26664659356227105,0.030295572650179535,129.54121737480165,0.029218575907259604,0.2965979133288635,0.03288923279028562,0.20468668714241994,3.8
optical_net,mean,streed,4,20,3,0.05,1e-05,0.001,0.8355171667219308,0.006788247944038759,30.230213737487794,0.0061840622370286594,0.8507623812029632,0.008602045789087801,0.7864805124929124,2.0
optical_net,mean,streed,4,20,3,0.05,1e-05,0.1,0.24815097569431668,0.031032614428311938,129.16414852142333,0.030117816574481183,0.2756929172053638,0.03329594983949022,0.19282243863334894,3.2
optical_net,mean,streed,4,20,3,0.05,0.0001,0.001,0.8355093470118273,0.00678859251768784,30.20708556175232,0.0061858745258765195,0.8507188255253867,0.00860259068547936,0.7864720336368839,2.0
optical_net,mean,streed,4,20,3,0.05,0.0001,0.1,0.2481433063188688,0.031032929984697262,129.09306049346924,0.030117996729641917,0.2756885211596999,0.03329613269187754,0.192818135268192,3.2
optical_net,mean,streed,4,20,3,0.05,0.001,0.001,0.8327542764021683,0.006905463964505321,30.655824899673462,0.00623024050042544,0.8496539514316066,0.0082804776767705,0.7952334045609126,2.0
optical_net,mean,streed,4,20,3,0.05,0.001,0.1,0.2480666993671102,0.03103608197122502,129.05295872688293,0.03011979609817266,0.27564461402326823,0.03329795894430816,0.19277515498849446,3.2
optical_net,mean,streed,4,20,3,0.05,0.01,0.001,0.8313125425957415,0.0069821848328622,48.57880454063415,0.0061474192720112,0.8522706563370217,0.00818708568304226,0.7969508526129935,2.2
optical_net,mean,streed,4,20,3,0.05,0.01,0.1,0.24730919941633864,0.031067248659897417,129.0915412902832,0.03013757410948764,0.2752108102862096,0.03331599715463648,0.1923506229947384,3.2
optical_net,mean,streed,4,20,3,0.05,0.1,0.001,0.7845132975558572,0.008887963931573,78.50433945655823,0.0078285766553858,0.8115492227900136,0.009892675594764599,0.7538120453518395,2.8
optical_net,mean,streed,4,20,3,0.05,0.1,0.1,0.23241013773369187,0.03169879805182796,129.27330155372618,0.03029560042935716,0.2713551107304435,0.033475578557647524,0.1885940441286671,3.2
optical_net,mean,streed,4,20,3,0.08,1e-05,0.001,0.8288603864087744,0.007059945667456701,2.7475485801696777,0.0061840622370286594,0.8507623812029632,0.008602045789087801,0.7864805124929124,2.0
optical_net,mean,streed,4,20,3,0.08,1e-05,0.1,0.21510572132397945,0.0323817469775953,127.82334179878235,0.030117816574481183,0.2756929172053638,0.03329594983949022,0.19282243863334894,3.2
optical_net,mean,streed,4,20,3,0.08,0.0001,0.001,0.8288473684993166,0.00706046889324996,2.769289255142212,0.0061858745258765195,0.8507188255253867,0.00860259068547936,0.7864720336368839,2.0
optical_net,mean,streed,4,20,3,0.08,0.0001,0.1,0.21509816551765099,0.032382057189981016,128.81144132614136,0.030117996729641917,0.2756885211596999,0.03329613269187754,0.192818135268192,3.2
optical_net,mean,streed,4,20,3,0.08,0.001,0.001,0.8288047807717499,0.0070621875044622195,2.785309314727783,0.00623024050042544,0.8496539514316066,0.0082804776767705,0.7952334045609126,2.0
optical_net,mean,streed,4,20,3,0.08,0.001,0.1,0.21502268536533534,0.03238515610859812,128.76180481910706,0.03011979609817266,0.27564461402326823,0.03329795894430816,0.19277515498849446,3.2
optical_net,mean,streed,4,20,3,0.08,0.01,0.001,0.8206916848230306,0.00739971802989568,3.5117794990539553,0.00651018641870568,0.8429176296958003,0.00842311360048186,0.7923787833658228,2.0
optical_net,mean,streed,4,20,3,0.08,0.01,0.1,0.214275593511542,0.0324158281272812,128.79713172912597,0.03013757410948764,0.2752108102862096,0.03331599715463648,0.1923506229947384,3.2
optical_net,mean,streed,4,20,3,0.08,0.1,0.001,0.726261728474342,0.01128464224694112,33.14265336990356,0.01036940709375906,0.7497587893511218,0.01148470049468512,0.7159091726160852,2.0
optical_net,mean,streed,4,20,3,0.08,0.1,0.1,0.20105428912921167,0.0329753019159246,129.2712381839752,0.03029560042935716,0.2713551107304435,0.033475578557647524,0.1885940441286671,3.2
optical_net,mean,streed,4,20,3,0.1,1e-05,0.001,0.7968686925195774,0.00840547003668074,0.15194635391235348,0.00700525258192896,0.831564538454557,0.01031156590779434,0.739619441899907,1.8
optical_net,mean,streed,4,20,3,0.1,1e-05,0.1,0.1903855938058237,0.03339679815167708,127.10604882240295,0.033053370998992214,0.20217105247888134,0.0343939719269193,0.168643095931221,1.4
optical_net,mean,streed,4,20,3,0.1,0.0001,0.001,0.7968673899463536,0.008405500261448321,0.1540507316589355,0.007006992963321459,0.8315226638342761,0.0103102765198571,0.7396612441294754,1.8
optical_net,mean,streed,4,20,3,0.1,0.0001,0.1,0.19037674079387376,0.03339716174934218,127.43294296264648,0.0330538615174823,0.20215921627625963,0.034394464106772424,0.16863137882983165,1.4
optical_net,mean,streed,4,20,3,0.1,0.001,0.001,0.7969424498393067,0.008402267622967401,0.15440912246704097,0.007050615445412881,0.8304751711568414,0.00996997670823934,0.7489211485575267,1.8
optical_net,mean,streed,4,20,3,0.1,0.001,0.1,0.19028829204097658,0.033400794374101636,126.79844207763672,0.033058762575047064,0.2020409538773082,0.03439938175859596,0.16851430588025046,1.4
optical_net,mean,streed,4,20,3,0.1,0.01,0.001,0.7767390361919301,0.00919109686350722,2.3643679141998293,0.00737533907950984,0.8226920329889852,0.01003668746387002,0.7481477749723835,1.8
optical_net,mean,streed,4,20,3,0.1,0.01,0.1,0.1894118660411145,0.03343678853944718,126.72260818481445,0.033107363791194624,0.20086821112989783,0.03444814699651762,0.16735330340517734,1.4
optical_net,mean,streed,4,20,3,0.1,0.1,0.001,0.6905778597386457,0.01271160498632282,16.073136854171754,0.0120595156226723,0.7083770059897035,0.013527442999242278,0.6685781196259246,1.4
optical_net,mean,streed,4,20,3,0.1,0.1,0.1,0.17493732550530344,0.0340477982630975,125.52310433387757,0.033555566548090075,0.19005340595484763,0.03489781349247708,0.15664230608395266,1.4
optical_net,std,streed,4,20,3,0.0001,1e-05,0.001,0.012209870253774756,0.0006517132833681637,6.86816015251184,6.551542274887106e-05,0.002570681034630556,0.0021366451068961694,0.036125673427061196,0.7071067811865477
optical_net,std,streed,4,20,3,0.0001,1e-05,0.1,0.04664453853298149,0.0013197706629752895,5.277946823530472,0.0019380774151170894,0.04386826142304136,0.007413371260479528,0.11598908439172845,1.1401754250991378
optical_net,std,streed,4,20,3,0.0001,0.0001,0.001,0.00812883092248907,0.0005092020136258084,7.047096494314496,5.9488048489456615e-05,0.002467591808805898,0.0021267353742256867,0.03416501062715127,0.7071067811865477
optical_net,std,streed,4,20,3,0.0001,0.0001,0.1,0.046645010639952925,0.0013197497934817255,6.251154141700434,0.0019380434185613373,0.04386644520692767,0.007413361426580427,0.11599355199418213,1.1401754250991378
optical_net,std,streed,4,20,3,0.0001,0.001,0.001,0.006864508335102123,0.00043475837291722617,8.017849570163309,4.874042273014752e-05,0.0021652268665438876,0.002131174353989222,0.034133866856607,0.7071067811865477
optical_net,std,streed,4,20,3,0.0001,0.001,0.1,0.0466497017811607,0.0013195402879207787,7.864530884119386,0.001937703882053367,0.04384830513548219,0.007413263114838428,0.11603816492949463,1.1401754250991378
optical_net,std,streed,4,20,3,0.0001,0.01,0.001,0.01935312931832755,0.0008919569860118824,9.399322811377528,0.00015391588735996363,0.00259506487397047,0.002143553546049508,0.03287905295382919,0.5477225575051661
optical_net,std,streed,4,20,3,0.0001,0.01,0.1,0.04674936068213955,0.0013178039820673794,8.413275936660042,0.0019343507332301847,0.04366907894950683,0.007412283162772658,0.11647808959164216,1.1401754250991378
optical_net,std,streed,4,20,3,0.0001,0.1,0.001,0.018150888536177984,0.0008995059519763763,10.491970945898007,0.0004189742936946778,0.0076373829676392915,0.0021713099138365695,0.038759880662865606,0.8366600265340755
optical_net,std,streed,4,20,3,0.0001,0.1,0.1,0.04687636477380238,0.0012905779341493904,8.876040785633494,0.0018428663422427162,0.03796897124388478,0.0072987863916092474,0.12019103844931783,1.140175425099138
optical_net,std,streed,4,20,3,0.0005,1e-05,0.001,0.011005295791100655,0.0005817363476278425,7.146285582682979,8.314234601954042e-05,0.002682542460341593,0.002245715032202673,0.0401847405950663,0.8944271909999156
optical_net,std,streed,4,20,3,0.0005,1e-05,0.1,0.04664453853298149,0.0013197706629752895,8.569276694984762,0.0019380774151170894,0.04386826142304136,0.007413371260479528,0.11598908439172845,1.1401754250991378
optical_net,std,streed,4,20,3,0.0005,0.0001,0.001,0.00812883092248907,0.0005092020136258084,6.644311531521554,8.563078406127003e-05,0.002760852181796822,0.0022276336615291653,0.038120352131628676,0.8944271909999156
optical_net,std,streed,4,20,3,0.0005,0.0001,0.1,0.046645010639952925,0.0013197497934817255,6.535550186541641,0.0019380434185613373,0.04386644520692767,0.007413361426580427,0.11599355199418213,1.1401754250991378
optical_net,std,streed,4,20,3,0.0005,0.001,0.001,0.0072369683845884035,0.00044359177656045474,5.393865250407112,7.355671948499784e-05,0.0024227672738664327,0.002238909436885095,0.03832436964288565,0.8944271909999156
optical_net,std,streed,4,20,3,0.0005,0.001,0.1,0.0466497017811607,0.0013195402879207787,4.079662768751698,0.001937703882053367,0.04384830513548219,0.007413263114838428,0.11603816492949463,1.1401754250991378
optical_net,std,streed,4,20,3,0.0005,0.01,0.001,0.019587839684514375,0.0009159903823169002,5.575066465769224,0.00015744152337713492,0.0027858016426578463,0.002133683024578369,0.03249002872518512,0.9999999999999998
optical_net,std,streed,4,20,3,0.0005,0.01,0.1,0.04674936068213955,0.0013178039820673794,4.57829154412203,0.0019343507332301847,0.04366907894950683,0.007412283162772658,0.11647808959164216,1.1401754250991378
optical_net,std,streed,4,20,3,0.0005,0.1,0.001,0.018150888536177984,0.0008995059519763763,6.34769858266733,0.0004189742936946778,0.0076373829676392915,0.0021713099138365695,0.038759880662865606,0.8366600265340755
optical_net,std,streed,4,20,3,0.0005,0.1,0.1,0.04687636477380238,0.0012905779341493904,5.016702726998582,0.0018428663422427162,0.03796897124388478,0.0072987863916092474,0.12019103844931783,1.140175425099138
optical_net,std,streed,4,20,3,0.001,1e-05,0.001,0.011004746296263782,0.0005830293963753294,4.837018947092217,0.00010322668473580147,0.0020531989242348133,0.0018560876918513115,0.035094537861307055,0.44721359549995776
optical_net,std,streed,4,20,3,0.001,1e-05,0.1,0.04664453853298149,0.0013197706629752895,5.373250368688126,0.0019444633221659823,0.04404555702189057,0.0074049527112463286,0.11556454635600664,1.3038404810405297
optical_net,std,streed,4,20,3,0.001,0.0001,0.001,0.008236284892309358,0.000513302267760513,5.4353137052601355,0.00011072870188638453,0.002327089177525557,0.0018237555857762706,0.032385342018647456,0.44721359549995776
optical_net,std,streed,4,20,3,0.001,0.0001,0.1,0.046645010639952925,0.0013197497934817255,5.704252984915861,0.0019444301195665795,0.04404376798103718,0.00740494299769999,0.11556903930517697,1.3038404810405297
optical_net,std,streed,4,20,3,0.001,0.001,0.001,0.008165805981261782,0.00047896818011691696,4.944410367845786,7.332609456397763e-05,0.0024422439276192897,0.0019217260560558836,0.03372445278561182,0.44721359549995776
optical_net,std,streed,4,20,3,0.001,0.001,0.1,0.0466497017811607,0.0013195402879207787,6.07044661948205,0.0019440984828070762,0.04402589859260052,0.0074048458959260375,0.11561390566450093,1.3038404810405297
optical_net,std,streed,4,20,3,0.001,0.01,0.001,0.01914218869218729,0.0008826314851570022,6.537027186088317,0.00011354053203123228,0.001814298306986172,0.0020382875880657165,0.029464260226811225,0.8944271909999156
optical_net,std,streed,4,20,3,0.001,0.01,0.1,0.04674936068213955,0.0013178039820673794,5.7995245369360555,0.001940820449875417,0.043849274703349435,0.007403878674444695,0.11605636010226948,1.3038404810405297
optical_net,std,streed,4,20,3,0.001,0.1,0.001,0.018150888536177984,0.0008995059519763763,4.674781187101908,0.00046893276283299466,0.00882058296673293,0.0019968186096141864,0.034743004011336585,0.5477225575051662
optical_net,std,streed,4,20,3,0.001,0.1,0.1,0.04687636477380238,0.0012905779341493904,3.0424423841594135,0.0019290860016751025,0.04256770943594395,0.0073971255761783785,0.11995754074217614,1.3038404810405297
optical_net,std,streed,4,20,3,0.003,1e-05,0.001,0.05025753685242725,0.0021868630678717497,2.5364827309479723,8.423741011022468e-05,0.001862402327057464,0.0015351582543297365,0.01808545796153984,0.0
optical_net,std,streed,4,20,3,0.003,1e-05,0.1,0.04726366691325531,0.001572438772686927,4.715959813513276,0.002064358953653864,0.04441269930480749,0.007522522679606271,0.1307602874113352,0.8366600265340756
optical_net,std,streed,4,20,3,0.003,0.0001,0.001,0.04006882087150281,0.0017716447172678631,2.694867797964399,8.82802977901665e-05,0.00200339668715658,0.0015255571052823795,0.02233093203099011,0.44721359549995804
optical_net,std,streed,4,20,3,0.003,0.0001,0.1,0.047263956343142406,0.001572411734130725,2.9440122750921827,0.0020643366866757804,0.04441136760665539,0.007522519721426831,0.13076374213802255,0.8366600265340756
optical_net,std,streed,4,20,3,0.003,0.001,0.001,0.008533060874477706,0.00047036956890715364,1.8937598498849333,9.800549418275553e-05,0.0020498961060608158,0.0015033944605671633,0.021616530241763885,0.44721359549995804
optical_net,std,streed,4,20,3,0.003,0.001,0.1,0.04726682539973557,0.0015721409692844,2.814812067641669,0.002064113658408317,0.0443980531410938,0.007522489548949339,0.13079821482564172,0.8366600265340756
optical_net,std,streed,4,20,3,0.003,0.01,0.001,0.022102235547181,0.001003934516033675,3.258253249372322,0.00012526285181659576,0.00209854262219518,0.001753070327280474,0.024170629621383288,0.8366600265340752
optical_net,std,streed,4,20,3,0.003,0.01,0.1,0.047340690922911106,0.001569487261877632,3.243600471064465,0.0020618494377216755,0.044265185274105334,0.0075221310095347025,0.13113565793732954,0.8366600265340756
optical_net,std,streed,4,20,3,0.003,0.1,0.001,0.01741416767727949,0.0008912391899190423,4.407824027857906,0.00038569255360712524,0.006610000483933243,0.0026737270840927166,0.05063954610787112,0.44721359549995804
optical_net,std,streed,4,20,3,0.003,0.1,0.1,0.04472987829816928,0.0012777465028081859,3.1660247099266408,0.002097011732789498,0.04341560043048792,0.0073740087587879375,0.13011109862246617,0.8944271909999159
optical_net,std,streed,4,20,3,0.005,1e-05,0.001,0.05344989152859751,0.002350246206190901,2.6146416084772897,0.00010442319618836282,0.004161491905838357,0.0016447677035601373,0.019767446654020998,0.8944271909999156
optical_net,std,streed,4,20,3,0.005,1e-05,0.1,0.05349878850736576,0.0018394097107780835,3.4435628267164744,0.0019420906661771758,0.03583651212370919,0.007163022753737159,0.12584326696379858,1.0954451150103321
optical_net,std,streed,4,20,3,0.005,0.0001,0.001,0.04623894344848175,0.0020541451025597735,4.44186001747225,0.00010547512600060832,0.004145281641340988,0.0016512400811778951,0.019937239837985888,0.8944271909999156
optical_net,std,streed,4,20,3,0.005,0.0001,0.1,0.05349873824128922,0.0018393711231640968,6.464010319962485,0.0019420828781064351,0.03583590345890518,0.007163041204352999,0.12584691641836446,1.0954451150103321
optical_net,std,streed,4,20,3,0.005,0.001,0.001,0.0208244087543058,0.0009800476008502688,3.8240231766289328,8.696037282377773e-05,0.0031966572534971953,0.0016262296753452386,0.01955825226750087,0.8366600265340758
optical_net,std,streed,4,20,3,0.005,0.001,0.1,0.05349821035124975,0.0018389847732493136,5.422639524665349,0.0019420047579614054,0.03582981975442806,0.007163225040244807,0.12588334043905064,1.0954451150103321
optical_net,std,streed,4,20,3,0.005,0.01,0.001,0.01999732935789757,0.00092478712952889,4.540755849809464,0.00019383873710907378,0.0033144410177113966,0.0018595065497438827,0.024309654565234075,0.44721359549995804
optical_net,std,streed,4,20,3,0.005,0.01,0.1,0.053534134173101336,0.001835236980514653,5.527310113734622,0.0019412002030178514,0.03576926804851555,0.007164998051828833,0.1262406718594059,1.0954451150103321
optical_net,std,streed,4,20,3,0.005,0.1,0.001,0.00897068102568629,0.000523966468178199,5.884159514430165,0.00029767528848147966,0.004695523460859614,0.002891929162408049,0.054515924678790954,0.5477225575051662
optical_net,std,streed,4,20,3,0.005,0.1,0.1,0.05283733620658935,0.0018259567858568302,5.542314232191676,0.001948448823539706,0.03545739213825132,0.007176323181861194,0.1292373389351015,1.0954451150103321
optical_net,std,streed,4,20,3,0.008,1e-05,0.001,0.015786425619504354,0.0007678532394616718,3.5411461276785663,9.12139040406996e-05,0.0033722352903467513,0.0023877994343700546,0.054018085153075386,0.4472135954999579
optical_net,std,streed,4,20,3,0.008,1e-05,0.1,0.054012560868109884,0.0017990936912614635,5.64545171481649,0.002224271878625722,0.04069330532072722,0.007096676739068154,0.12051509645119013,0.44721359549995787
optical_net,std,streed,4,20,3,0.008,0.0001,0.001,0.015733566307579546,0.0007653301820120612,4.114798817855044,8.634586627083409e-05,0.003245841837372268,0.002397060069621018,0.05423196434139797,0.4472135954999579
optical_net,std,streed,4,20,3,0.008,0.0001,0.1,0.054012555057671455,0.001799050038666462,5.833201187726216,0.002224247430675937,0.04069261090889745,0.007096657215737663,0.12051597793208872,0.44721359549995787
optical_net,std,streed,4,20,3,0.008,0.001,0.001,0.01578662108756803,0.0006989005650587496,4.339611203217229,0.0001431591528342118,0.0021443937024780836,0.002324546815978609,0.05514211917559345,0.0
optical_net,std,streed,4,20,3,0.008,0.001,0.1,0.05401247199206086,0.0017986131664356557,5.672901310577442,0.0022240028772019193,0.04068566322606938,0.007096461791795607,0.12052477043285822,0.44721359549995787
optical_net,std,streed,4,20,3,0.008,0.01,0.001,0.020353943619432963,0.0009135366986150981,5.05180714187094,0.0002690234495573375,0.006152905895838968,0.002124721129917683,0.03460384744522698,0.7071067811865475
optical_net,std,streed,4,20,3,0.008,0.01,0.1,0.0540106788374777,0.0017943344010224716,5.825502787544066,0.002221550925131333,0.04061586338077799,0.007094489648231594,0.12061051952587967,0.44721359549995787
optical_net,std,streed,4,20,3,0.008,0.1,0.001,0.00978781458631748,0.0005204476445053325,5.294540412582283,0.0003801338938715782,0.005957419669984276,0.0024625395158779694,0.05239929663900293,0.8944271909999157
optical_net,std,streed,4,20,3,0.008,0.1,0.1,0.05345849322142091,0.0017752903571647603,6.491631323134924,0.002213526528854242,0.040194840650427145,0.0070725522954859475,0.12128770376001291,0.44721359549995787
optical_net,std,streed,4,20,3,0.01,1e-05,0.001,0.016487456688251464,0.0008539216344918858,4.4003639170479625,0.00017760010092024908,0.002642818898923405,0.0024319714198314875,0.053458685927020425,0.547722557505166
optical_net,std,streed,4,20,3,0.01,1e-05,0.1,0.05043834075234578,0.0016265400636279784,5.750424307940291,0.002253539787379213,0.04132349470576651,0.007041975483619772,0.11562796420923946,0.547722557505166
optical_net,std,streed,4,20,3,0.01,0.0001,0.001,0.016150681149623335,0.000838626134769244,4.429111421050588,0.00023291646995337093,0.004862215563448824,0.0023442975062071465,0.05114304202741834,0.8944271909999159
optical_net,std,streed,4,20,3,0.01,0.0001,0.1,0.050440220707440545,0.00162656770941437,5.911257565911385,0.002253528428885289,0.04132308493274502,0.007041956584542596,0.11562907861238801,0.547722557505166
optical_net,std,streed,4,20,3,0.01,0.001,0.001,0.01392379030661834,0.0007504947999659191,4.653566560060454,0.0003242093541846962,0.006403157908584182,0.002088330947975744,0.03346024945305693,0.5477225575051663
optical_net,std,streed,4,20,3,0.01,0.001,0.1,0.050458973385777824,0.0016268432797935885,5.625450471463833,0.002253414648097284,0.041318981108155774,0.00704176751678686,0.11564020594517356,0.547722557505166
optical_net,std,streed,4,20,3,0.01,0.01,0.001,0.019412783052005337,0.0008677783987147733,4.348154471803787,0.00035058381563728353,0.006426907562357941,0.002378652658788116,0.04961822532173167,0.7071067811865476
optical_net,std,streed,4,20,3,0.01,0.01,0.1,0.050643295336333424,0.0016296375804078166,5.063409642555204,0.002221550925131333,0.04061586338077799,0.007094489648231594,0.12061051952587967,0.44721359549995787
optical_net,std,streed,4,20,3,0.01,0.1,0.001,0.006802307150556309,0.00041581551469124296,4.779842863154812,0.0003926837659801164,0.005982449594886375,0.0025375093910052224,0.05418695186095492,0.7071067811865476
optical_net,std,streed,4,20,3,0.01,0.1,0.1,0.05209317956970552,0.0016460461814554225,5.9490356592969444,0.0018562461328011347,0.03491179178102143,0.0073109181933278655,0.12278900855423656,0.8944271909999159
optical_net,std,streed,4,20,3,0.03,1e-05,0.001,0.013198641999213731,0.000593684799718428,3.691083670519518,0.00046835815010030777,0.009111663851367791,0.00417637015033689,0.11880796995131503,0.447213595499958
optical_net,std,streed,4,20,3,0.03,1e-05,0.1,0.05506794052970249,0.0017163667390645081,5.232486361104269,0.003576020561829765,0.07491651391467041,0.006107135609415856,0.06816525489386634,0.8366600265340756
optical_net,std,streed,4,20,3,0.03,0.0001,0.001,0.01319036410367583,0.000593790995414606,3.9937067152679453,0.00045291049086063144,0.008920920110916986,0.004149847002149571,0.11794277167205605,0.447213595499958
optical_net,std,streed,4,20,3,0.03,0.0001,0.1,0.05506891240869302,0.0017163854017446943,5.24604926024594,0.0035759598132675246,0.07491508741597533,0.006107190471462633,0.06816577729989189,0.8366600265340756
optical_net,std,streed,4,20,3,0.03,0.001,0.001,0.016155479122720313,0.0007219337929335154,3.068974306987681,0.0004549347803096759,0.008959556177304616,0.003791566775669127,0.10940718049922517,0.447213595499958
optical_net,std,streed,4,20,3,0.03,0.001,0.1,0.055078595101746446,0.0017165709356786068,5.001658772699762,0.0035753527977458034,0.07490083206884543,0.006107738165165498,0.06817099454375727,0.8366600265340756
optical_net,std,streed,4,20,3,0.03,0.01,0.001,0.014379065506740056,0.0007415962506159625,3.735492780731504,0.00046601928885536755,0.0067208204480100195,0.0039411538607506385,0.11047335680773883,0.447213595499958
optical_net,std,streed,4,20,3,0.03,0.01,0.1,0.055171920116495854,0.0017183204012818905,5.466010465195389,0.0035693298247755326,0.07475925274289465,0.006113124156458563,0.06822249294598938,0.8366600265340756
optical_net,std,streed,4,20,3,0.03,0.1,0.001,0.02751371345255225,0.0012279664203445543,4.0305256487083545,0.0010171563986369064,0.019484842919217475,0.002769665230757358,0.07067620306438435,0.8944271909999159
optical_net,std,streed,4,20,3,0.03,0.1,0.1,0.054598226368586515,0.0017553497625243293,5.2367683248773345,0.003513311858034855,0.07342968248657467,0.006159171652038267,0.0686803579772357,0.8366600265340756
optical_net,std,streed,4,20,3,0.05,1e-05,0.001,0.016401687542562864,0.0007272798787730245,1.3370357998453435,0.0004664146240866209,0.013073992572557832,0.0031850807283470874,0.09427595577924264,0.0
optical_net,std,streed,4,20,3,0.05,1e-05,0.1,0.01947253985524722,0.0005735755258251433,5.062604858746693,0.003302353350519035,0.05833196240123476,0.00562373993167052,0.06958784017455782,0.4472135954999579
optical_net,std,streed,4,20,3,0.05,0.0001,0.001,0.016403188353438902,0.0007278592779228625,1.313588831607266,0.00046663095059131963,0.013076744611023117,0.0031863166476835563,0.09429615695604913,0.0
optical_net,std,streed,4,20,3,0.05,0.0001,0.1,0.01947286499170835,0.0005735641028944624,5.110189881363336,0.003302294569008451,0.05833049025089043,0.005623813488363757,0.06958819028091535,0.4472135954999579
optical_net,std,streed,4,20,3,0.05,0.001,0.001,0.020514476832367783,0.0009151085788678437,1.5996334888694077,0.00048597377183697086,0.01341529118355186,0.003211165787949223,0.09269446615951994,0.0
optical_net,std,streed,4,20,3,0.05,0.001,0.1,0.019476104219752193,0.0005734503816922984,4.985386938591599,0.003301707487682968,0.05831578721888358,0.005624548126602422,0.06959168803744706,0.4472135954999579
optical_net,std,streed,4,20,3,0.05,0.01,0.001,0.02322794296402362,0.0010825811442554882,10.88780889627601,0.0010741331728308802,0.022952432124911663,0.0033740305175252307,0.0989967854090317,0.4472135954999579
optical_net,std,streed,4,20,3,0.05,0.01,0.1,0.01950732020025552,0.0005723626003600915,5.080498366123751,0.00329590913222635,0.05817058076629505,0.005631802807388095,0.06962633690477314,0.4472135954999579
optical_net,std,streed,4,20,3,0.05,0.1,0.001,0.010992150454314169,0.0005215354091413932,2.9329426382736994,0.0006847313632871754,0.011411893117301914,0.004104542556796541,0.12180853003717629,0.447213595499958
optical_net,std,streed,4,20,3,0.05,0.1,0.1,0.01787141468319049,0.0007776372798117084,4.988585243972231,0.0032440320628753547,0.056867410944115834,0.005696172988046985,0.06995087554724698,0.4472135954999579
optical_net,std,streed,4,20,3,0.08,1e-05,0.001,0.018898537111107394,0.000753233504763905,1.4537794837112494,0.0004664146240866209,0.013073992572557832,0.0031850807283470874,0.09427595577924264,0.0
optical_net,std,streed,4,20,3,0.08,1e-05,0.1,0.047868240320201684,0.0015032997020387629,4.461783720078278,0.003302353350519035,0.05833196240123476,0.00562373993167052,0.06958784017455782,0.4472135954999579
optical_net,std,streed,4,20,3,0.08,0.0001,0.001,0.018887989347276507,0.0007529869750936128,1.4657410100306234,0.00046663095059131963,0.013076744611023117,0.0031863166476835563,0.09429615695604913,0.0
optical_net,std,streed,4,20,3,0.08,0.0001,0.1,0.047869194508931595,0.0015032925354421306,5.607563342909931,0.003302294569008451,0.05833049025089043,0.005623813488363757,0.06958819028091535,0.4472135954999579
optical_net,std,streed,4,20,3,0.08,0.001,0.001,0.018663931008286325,0.0007482979081562807,1.473819216498145,0.00048597377183697086,0.01341529118355186,0.003211165787949223,0.09269446615951994,0.0
optical_net,std,streed,4,20,3,0.08,0.001,0.1,0.04787874205224373,0.001503221708459103,5.664646975143651,0.003301707487682968,0.05831578721888358,0.005624548126602422,0.06959168803744706,0.4472135954999579
optical_net,std,streed,4,20,3,0.08,0.01,0.001,0.01934120509856404,0.0007914762776598412,0.2954552718074846,0.0005550048888451883,0.014709460907595201,0.0034719506101896715,0.09769206584718776,0.0
optical_net,std,streed,4,20,3,0.08,0.01,0.1,0.047974760012419265,0.0015025958038136856,5.539317973805311,0.00329590913222635,0.05817058076629505,0.005631802807388095,0.06962633690477314,0.4472135954999579
optical_net,std,streed,4,20,3,0.08,0.1,0.001,0.03668296655234361,0.0015337760726178804,5.557013220563481,0.0009411139535004076,0.025125780102647953,0.003488373134216715,0.10443084642943636,0.0
optical_net,std,streed,4,20,3,0.08,0.1,0.1,0.043151946198684434,0.0012447937613158221,5.317677918244097,0.0032440320628753547,0.056867410944115834,0.005696172988046985,0.06995087554724698,0.4472135954999579
optical_net,std,streed,4,20,3,0.1,1e-05,0.001,0.03480481208208482,0.0016645665834188483,0.013568333616365919,0.0014677077873830454,0.03170816205895973,0.006666008601877829,0.1930399162236632,0.4472135954999579
optical_net,std,streed,4,20,3,0.1,1e-05,0.1,0.04908141709303361,0.0016644559480308687,5.8194883187866004,0.0014784041066129461,0.054722099410344595,0.006046188938963218,0.023743842625466458,0.8944271909999159
optical_net,std,streed,4,20,3,0.1,0.0001,0.001,0.03481335810564995,0.0016649354805216316,0.010495640696044178,0.0014672082078185066,0.031694328483354725,0.006664377838336958,0.1929868448532562,0.4472135954999579
optical_net,std,streed,4,20,3,0.1,0.0001,0.1,0.049084109023194336,0.0016645448483891578,5.533523158187587,0.0014785913399389084,0.05472526217910347,0.0060463075831448726,0.023741348619651347,0.8944271909999159
optical_net,std,streed,4,20,3,0.1,0.001,0.001,0.035206722766973265,0.00168141206952787,0.013806718249285093,0.0014494495883548145,0.03120891029917058,0.006757328118186744,0.19423362874888317,0.4472135954999579
optical_net,std,streed,4,20,3,0.1,0.001,0.1,0.04911102259802175,0.0016654340563393032,5.766639539744772,0.00148046279745559,0.054756882553230114,0.006047493158917401,0.023716478961334764,0.8944271909999159
optical_net,std,streed,4,20,3,0.1,0.01,0.001,0.030990811577716534,0.0013670878163637116,1.2530506388842395,0.0014734207710548272,0.03142342156296595,0.006838265459777394,0.1954393051126064,0.4472135954999579
optical_net,std,streed,4,20,3,0.1,0.01,0.1,0.0493795668672539,0.001674345107030868,5.768439666763699,0.0014990893096284152,0.05507233755027026,0.006059262957256303,0.023474787630285456,0.8944271909999159
optical_net,std,streed,4,20,3,0.1,0.1,0.001,0.029756435242449565,0.0012433798667590389,11.498696263896212,0.001477066630656263,0.04364146458517022,0.004745376803708985,0.1284370029662529,0.5477225575051662
optical_net,std,streed,4,20,3,0.1,0.1,0.1,0.0417865919352979,0.0012835030923391206,5.731107144605074,0.001676269143712377,0.0581381262137256,0.006168961810642686,0.021720166256207814,0.8944271909999159
optical_net,best_by_mean_val_r2,streed,4,20,3,0.0005,0.001,0.001,0.8827853791925383,0.00485230020814156,155.9861234664917,0.00181899471924638,0.9561167548237897,0.0049772545080931,0.881684826118691,11.6
