dataset,outer,method,depth,n_thresholds,cv_folds,cost_complexity,ridge_penalty,lasso_penalty,val_r2,val_mse,train_time_s,train_mse,train_r2,test_mse,test_r2,n_leaves
walmart,outer_0,streed,4,20,3,0.1,0.1,0.1,0.0226417998428797,311332325969.6037,599.8115348815918,310700955239.8782,0.0253844978866437,312223913200.0075,0.0150549194891116,1.0
walmart,outer_0,streed,4,20,3,0.1,0.1,0.001,0.0226417971715715,311332326612.7157,599.7181823253632,310700951881.64923,0.0253845084208307,312223919667.63983,0.0150548990862455,1.0
walmart,outer_0,streed,4,20,3,0.1,0.01,0.1,0.0227840927261207,311279114588.0694,599.7179625034332,310605626156.1708,0.0256835288397726,312322761299.5462,0.0147430921586531,1.0
walmart,outer_0,streed,4,20,3,0.1,0.01,0.001,0.0227840802692687,311279118304.9006,599.714617729187,310605625454.9187,0.0256835310394799,312322771095.2037,0.0147430612571614,1.0
walmart,outer_0,streed,4,20,3,0.1,0.001,0.1,0.0227724536874293,311281878459.68097,599.7247071266174,310603650256.1551,0.0256897268985601,312341281641.47095,0.0146846676789864,1.0
walmart,outer_0,streed,4,20,3,0.1,0.001,0.001,0.022772440032998,311281882552.7728,599.706328868866,310603649888.1562,0.0256897280529095,312341291841.4839,0.0146846355019105,1.0
walmart,outer_0,streed,4,20,3,0.1,0.0001,0.1,0.0227709665692644,311282255988.49243,599.7327013015747,310603547863.0845,0.0256900480880264,312343239856.5307,0.0146784902716575,1.0
walmart,outer_0,streed,4,20,3,0.1,0.0001,0.001,0.0227709527925104,311282260120.0169,599.761794090271,310603547529.2102,0.0256900491353326,312343250097.81903,0.0146784579643738,1.0
walmart,outer_0,streed,4,20,3,0.1,1e-05,0.1,0.0227708145489047,311282294776.8203,599.7617342472076,310603538599.02905,0.0256900771477762,312343436763.24786,0.0146778691075051,1.0
walmart,outer_0,streed,4,20,3,0.1,1e-05,0.001,0.0227708007598922,311282298912.1963,599.7492184638977,310603538268.5754,0.0256900781843526,312343447008.6723,0.0146778367871736,1.0
walmart,outer_0,streed,4,20,3,0.08,0.1,0.1,0.0226417998428797,311332325969.6037,599.7389988899231,310700955239.8782,0.0253844978866437,312223913200.0075,0.0150549194891116,1.0
walmart,outer_0,streed,4,20,3,0.08,0.1,0.001,0.0226417971715715,311332326612.7157,599.7346477508545,310700951881.64923,0.0253845084208307,312223919667.63983,0.0150548990862455,1.0
walmart,outer_0,streed,4,20,3,0.08,0.01,0.1,0.0227840927261207,311279114588.0694,599.726861000061,310605626156.1708,0.0256835288397726,312322761299.5462,0.0147430921586531,1.0
walmart,outer_0,streed,4,20,3,0.08,0.01,0.001,0.0227840802692687,311279118304.9006,599.7221865653992,310605625454.9187,0.0256835310394799,312322771095.2037,0.0147430612571614,1.0
walmart,outer_0,streed,4,20,3,0.08,0.001,0.1,0.0227724536874293,311281878459.68097,599.7237148284912,310603650256.1551,0.0256897268985601,312341281641.47095,0.0146846676789864,1.0
walmart,outer_0,streed,4,20,3,0.08,0.001,0.001,0.022772440032998,311281882552.7728,599.7366766929626,310603649888.1562,0.0256897280529095,312341291841.4839,0.0146846355019105,1.0
walmart,outer_0,streed,4,20,3,0.08,0.0001,0.1,0.0227709665692644,311282255988.49243,599.7363975048065,310603547863.0845,0.0256900480880264,312343239856.5307,0.0146784902716575,1.0
walmart,outer_0,streed,4,20,3,0.08,0.0001,0.001,0.0227709527925104,311282260120.0169,599.7435672283173,310603547529.2102,0.0256900491353326,312343250097.81903,0.0146784579643738,1.0
walmart,outer_0,streed,4,20,3,0.08,1e-05,0.1,0.0227708145489047,311282294776.8203,599.7270400524139,310603538599.02905,0.0256900771477762,312343436763.24786,0.0146778691075051,1.0
walmart,outer_0,streed,4,20,3,0.08,1e-05,0.001,0.0227708007598922,311282298912.1963,599.7317085266113,310603538268.5754,0.0256900781843526,312343447008.6723,0.0146778367871736,1.0
walmart,outer_0,streed,4,20,3,0.05,0.1,0.1,0.0226417998428797,311332325969.6037,599.7155382633209,310700955239.8782,0.0253844978866437,312223913200.0075,0.0150549194891116,1.0
walmart,outer_0,streed,4,20,3,0.05,0.1,0.001,0.0226417971715715,311332326612.7157,599.6885766983032,310700951881.64923,0.0253845084208307,312223919667.63983,0.0150548990862455,1.0
walmart,outer_0,streed,4,20,3,0.05,0.01,0.1,0.0227840927261207,311279114588.0694,599.6862993240356,310605626156.1708,0.0256835288397726,312322761299.5462,0.0147430921586531,1.0
walmart,outer_0,streed,4,20,3,0.05,0.01,0.001,0.0227840802692687,311279118304.9006,599.6970729827881,310605625454.9187,0.0256835310394799,312322771095.2037,0.0147430612571614,1.0
walmart,outer_0,streed,4,20,3,0.05,0.001,0.1,0.0227724536874293,311281878459.68097,599.6821973323822,310603650256.1551,0.0256897268985601,312341281641.47095,0.0146846676789864,1.0
walmart,outer_0,streed,4,20,3,0.05,0.001,0.001,0.022772440032998,311281882552.7728,599.6900610923767,310603649888.1562,0.0256897280529095,312341291841.4839,0.0146846355019105,1.0
walmart,outer_0,streed,4,20,3,0.05,0.0001,0.1,0.0227709665692644,311282255988.49243,599.6822803020477,310603547863.0845,0.0256900480880264,312343239856.5307,0.0146784902716575,1.0
walmart,outer_0,streed,4,20,3,0.05,0.0001,0.001,0.0227709527925104,311282260120.0169,599.6800496578217,310603547529.2102,0.0256900491353326,312343250097.81903,0.0146784579643738,1.0
walmart,outer_0,streed,4,20,3,0.05,1e-05,0.1,0.0227708145489047,311282294776.8203,599.687285900116,310603538599.02905,0.0256900771477762,312343436763.24786,0.0146778691075051,1.0
walmart,outer_0,streed,4,20,3,0.05,1e-05,0.001,0.0227708007598922,311282298912.1963,599.6835396289825,310603538268.5754,0.0256900781843526,312343447008.6723,0.0146778367871736,1.0
walmart,outer_0,streed,4,20,3,0.03,0.1,0.1,0.0655852975646578,297659456152.4283,599.6551926136017,296759439224.66266,0.0691166377537395,298207928649.8262,0.0592699025431944,2.0
walmart,outer_0,streed,4,20,3,0.03,0.1,0.001,0.0655853092922839,297659452140.8856,599.6373600959778,296759433014.97253,0.0691166572324705,298207928718.97925,0.0592699023250431,2.0
walmart,outer_0,streed,4,20,3,0.03,0.01,0.1,0.0876606672468708,290662803708.9204,599.628574848175,284514055049.24457,0.107528303522459,287049698042.38947,0.0944697827553181,3.0
walmart,outer_0,streed,4,20,3,0.03,0.01,0.001,0.0876606749805827,290662800643.81085,599.6471226215363,284514043666.9203,0.1075283392268543,287049698933.41113,0.0944697799444911,3.0
walmart,outer_0,streed,4,20,3,0.03,0.001,0.1,0.0877567725468815,290618432669.5861,599.6525039672852,284343201831.91833,0.1080642407038029,287101287524.86566,0.0943070379916315,3.0
walmart,outer_0,streed,4,20,3,0.03,0.001,0.001,0.0877567632692232,290618434912.95447,599.6271080970764,284343198244.05914,0.1080642519583005,287101301306.56244,0.0943069945157353,3.0
walmart,outer_0,streed,4,20,3,0.03,0.0001,0.1,0.0877429540424983,290621209173.6871,599.6549172401428,284320973598.62,0.1081339668517009,287142675980.183,0.0941764735033547,3.0
walmart,outer_0,streed,4,20,3,0.03,0.0001,0.001,0.0877429424038245,290621212156.2434,599.6535222530365,284320971893.0895,0.1081339722016572,287142691925.9113,0.0941764232007801,3.0
walmart,outer_0,streed,4,20,3,0.03,1e-05,0.1,0.0877412483631695,290621587055.1508,599.6627316474915,284320653529.7893,0.1081349708526185,287144637673.999,0.0941702851219018,3.0
walmart,outer_0,streed,4,20,3,0.03,1e-05,0.001,0.0877412364794933,290621590114.43994,599.6528480052948,284320651950.51746,0.1081349758065229,287144653753.4522,0.0941702343974774,3.0
walmart,outer_0,streed,4,20,3,0.01,0.1,0.1,0.1306574140616897,276941099106.5108,599.6605854034424,270702064850.51288,0.1508541431624714,280626040548.92096,0.1147339251851318,7.0
walmart,outer_0,streed,4,20,3,0.01,0.1,0.001,0.130657457302544,276941085064.20844,599.671980381012,270702048788.0476,0.1508541935476647,280626033555.4564,0.114733947246794,7.0
walmart,outer_0,streed,4,20,3,0.01,0.01,0.1,0.1357133288091186,275417836209.7992,599.6728401184082,258512667255.86865,0.1890901886486899,266525788051.70465,0.1592147408560251,9.0
walmart,outer_0,streed,4,20,3,0.01,0.01,0.001,0.1357133306720585,275417834723.23413,599.671972990036,258512636346.36063,0.1890902856065047,266525771441.01892,0.1592147932562818,9.0
walmart,outer_0,streed,4,20,3,0.01,0.001,0.1,0.1729444830135147,263783096092.20004,599.6828076839447,256031095669.45468,0.1968744522530803,266414281810.1697,0.1595664997040917,9.0
walmart,outer_0,streed,4,20,3,0.01,0.001,0.001,0.1729444549882107,263783104748.9974,599.6865406036377,256031064549.5876,0.1968745498707552,266414290667.1057,0.1595664717639014,9.0
walmart,outer_0,streed,4,20,3,0.01,0.0001,0.1,0.2044518155433378,253702537716.7856,599.6938195228577,251749834932.0571,0.2103040314445425,260981471295.58032,0.1767049050710915,10.0
walmart,outer_0,streed,4,20,3,0.01,0.0001,0.001,0.2044519179139976,253702504340.42603,599.698121547699,251749789506.5757,0.2103041739364711,260981472237.52573,0.1767049020996198,10.0
walmart,outer_0,streed,4,20,3,0.01,1e-05,0.1,0.2053375880435631,253462204226.40616,599.6934146881104,239509038493.67328,0.2487013062705958,261054901272.7427,0.176473262036364,13.0
walmart,outer_0,streed,4,20,3,0.01,1e-05,0.001,0.2053374812615935,253462236921.2808,599.6863720417023,239508996862.7257,0.2487014368597239,261054899005.2084,0.1764732691895534,13.0
walmart,outer_0,streed,4,20,3,0.008,0.1,0.1,0.1493886817887848,271071520452.11505,599.6618666648865,270702064850.51288,0.1508541431624714,280626040548.92096,0.1147339251851318,7.0
walmart,outer_0,streed,4,20,3,0.008,0.1,0.001,0.1493887228030414,271071507281.59717,599.6682698726654,270702048788.0476,0.1508541935476647,280626033555.4564,0.114733947246794,7.0
walmart,outer_0,streed,4,20,3,0.008,0.01,0.1,0.1540610575567106,269730622577.0636,599.6613006591797,258512667255.86865,0.1890901886486899,266525788051.70465,0.1592147408560251,9.0
walmart,outer_0,streed,4,20,3,0.008,0.01,0.001,0.154061117527214,269730603720.1139,599.6715064048767,258512636346.36063,0.1890902856065047,266525771441.01892,0.1592147932562818,9.0
walmart,outer_0,streed,4,20,3,0.008,0.001,0.1,0.1913126636916234,257920062505.4647,599.6961529254913,241858665146.2553,0.2413309312486805,255727701639.3788,0.1932785061254676,14.0
walmart,outer_0,streed,4,20,3,0.008,0.001,0.001,0.1913127181226752,257920046907.60516,599.6915214061737,241858622763.30225,0.2413310641967208,255727656564.15604,0.193278648320274,14.0
walmart,outer_0,streed,4,20,3,0.008,0.0001,0.1,0.1978519411319795,255901460274.94385,599.7029929161072,246808026226.64145,0.2258056360954146,263270992147.3974,0.1694823567511626,12.0
walmart,outer_0,streed,4,20,3,0.008,0.0001,0.001,0.1978518472627295,255901492427.88315,599.7309699058533,238427144314.5318,0.2520950223852546,261471275941.04077,0.1751597618083185,14.0
walmart,outer_0,streed,4,20,3,0.008,1e-05,0.1,0.2026013907069282,254456335658.3049,599.7193117141724,236710952721.61343,0.2574784204818697,259552828330.32175,0.1812117182937433,14.0
walmart,outer_0,streed,4,20,3,0.008,1e-05,0.001,0.2026013065724403,254456362305.27185,599.7085993289948,236710915483.19437,0.257478537292391,259552765595.3331,0.1812119161982467,14.0
walmart,outer_0,streed,4,20,3,0.005,0.1,0.1,0.1632856586301481,266645651808.6005,599.6997427940369,252062803939.64145,0.2093223014519931,268538936811.7485,0.152864039056091,16.0
walmart,outer_0,streed,4,20,3,0.005,0.1,0.001,0.1632857060156408,266645636737.4371,599.6868894100189,252062784640.20505,0.2093223619910086,268538924072.66785,0.1528640792429386,16.0
walmart,outer_0,streed,4,20,3,0.005,0.01,0.1,0.1671409982348527,265743117710.89725,599.713372707367,246049540799.92853,0.2281848745320351,263066118940.49515,0.1701286520819677,15.0
walmart,outer_0,streed,4,20,3,0.005,0.01,0.001,0.1671410400927615,265743104196.8837,599.7083554267883,246049506461.79984,0.2281849822448438,263066099023.99545,0.1701287149107825,15.0
walmart,outer_0,streed,4,20,3,0.005,0.001,0.1,0.2019028842886342,254489987486.4276,599.7420055866241,241858665146.2553,0.2413309312486805,255727701639.3788,0.1932785061254676,14.0
walmart,outer_0,streed,4,20,3,0.005,0.001,0.001,0.2019030081609141,254489949545.8777,599.7327661514282,241858622763.30225,0.2413310641967208,255727656564.15604,0.193278648320274,14.0
walmart,outer_0,streed,4,20,3,0.005,0.0001,0.1,0.2144303625453645,250475013650.61328,599.7327742576599,236538038780.82944,0.2580208217985618,256989523918.19757,0.1892979473230883,15.0
walmart,outer_0,streed,4,20,3,0.005,0.0001,0.001,0.2144303334335804,250475024948.4751,599.7300226688385,236537962574.51288,0.2580210608446807,256989418364.29327,0.1892982803046261,15.0
walmart,outer_0,streed,4,20,3,0.005,1e-05,0.1,0.2159662021219084,250022003602.58643,599.7350344657898,234820943157.4372,0.2634070556834142,255073635197.85947,0.1953418315040367,15.0
walmart,outer_0,streed,4,20,3,0.005,1e-05,0.001,0.2159663119616421,250021966063.1693,599.7320594787598,234820906274.7776,0.2634071713779792,255073575126.44757,0.1953420210059907,15.0
walmart,outer_0,streed,4,20,3,0.003,0.1,0.1,0.1615464306430231,267327894226.31677,599.7172284126282,252062803939.64145,0.2093223014519931,268538936811.7485,0.152864039056091,16.0
walmart,outer_0,streed,4,20,3,0.003,0.1,0.001,0.1615464579208082,267327885670.83905,599.7106831073761,252062784640.20505,0.2093223619910086,268538924072.66785,0.1528640792429386,16.0
walmart,outer_0,streed,4,20,3,0.003,0.01,0.1,0.1755216641702902,262952063963.20786,599.7188203334808,244859748432.5544,0.2319170487206974,262582655612.25665,0.1716537909538609,16.0
walmart,outer_0,streed,4,20,3,0.003,0.01,0.001,0.1755216947960094,262952054048.51303,599.7242877483368,244859716477.4168,0.2319171489584726,262582640595.17377,0.17165383832692,16.0
walmart,outer_0,streed,4,20,3,0.003,0.001,0.1,0.2042144551399447,253722623622.3984,599.7338137626648,240025647722.11743,0.2470807919011185,251277102081.69897,0.2073184177220294,15.0
walmart,outer_0,streed,4,20,3,0.003,0.001,0.001,0.2042145809710147,253722585094.23584,599.7368097305298,240025599013.85065,0.247080944690581,251277051194.51816,0.2073185782513043,15.0
walmart,outer_0,streed,4,20,3,0.003,0.0001,0.1,0.209617651521411,252092386699.5818,599.7380523681641,235309414906.07828,0.2618748037526068,256559705856.75757,0.1906538562308691,16.0
walmart,outer_0,streed,4,20,3,0.003,0.0001,0.001,0.2096175835649515,252092411051.69324,599.7339251041412,235309338473.8916,0.2618750435072416,256559662722.60855,0.1906539923023422,16.0
walmart,outer_0,streed,4,20,3,0.003,1e-05,0.1,0.2109179347163756,251718538384.1382,599.7159056663513,233630536747.97357,0.2671411560165873,254867357192.6652,0.1959925584273891,16.0
walmart,outer_0,streed,4,20,3,0.003,1e-05,0.001,0.2109180190099995,251718509429.81787,599.7488667964935,233630503493.20175,0.2671412603310914,254867372743.21872,0.1959925093714374,16.0
walmart,outer_0,streed,4,20,3,0.001,0.1,0.1,0.1615464306430231,267327894226.31677,599.7228438854218,252062803939.64145,0.2093223014519931,268538936811.7485,0.152864039056091,16.0
walmart,outer_0,streed,4,20,3,0.001,0.1,0.001,0.1615464579208082,267327885670.83905,599.7362167835236,252062784640.20505,0.2093223619910086,268538924072.66785,0.1528640792429386,16.0
walmart,outer_0,streed,4,20,3,0.001,0.01,0.1,0.1755216641702902,262952063963.20786,599.7221598625183,248409410648.64627,0.2207823683641525,264428304253.92105,0.1658314869178646,16.0
walmart,outer_0,streed,4,20,3,0.001,0.01,0.001,0.1755216947960094,262952054048.51303,599.7370550632477,248409370654.93988,0.2207824938175365,264428313708.53427,0.165831457092235,16.0
walmart,outer_0,streed,4,20,3,0.001,0.001,0.1,0.2040907176800249,253758498311.30923,599.7276442050934,244134160727.8579,0.2341930926568806,259620663985.2469,0.1809977231710862,16.0
walmart,outer_0,streed,4,20,3,0.001,0.001,0.001,0.2040908374390746,253758461543.5824,599.7355949878693,242819603030.9468,0.2383166342431717,262371452837.6308,0.1723200536104459,16.0
walmart,outer_0,streed,4,20,3,0.001,0.0001,0.1,0.2093107823473033,252181356007.37732,599.7456021308899,241433077481.8393,0.2426659266140083,260916585305.24387,0.1769095951485456,16.0
walmart,outer_0,streed,4,20,3,0.001,0.0001,0.001,0.2093107006720559,252181384336.9201,599.7453849315643,235309338473.8916,0.2618750435072416,256559662722.60855,0.1906539923023422,16.0
walmart,outer_0,streed,4,20,3,0.001,1e-05,0.1,0.2105521518889103,251824588283.2776,599.746609210968,233630536747.97357,0.2671411560165873,254867357192.6652,0.1959925584273891,16.0
walmart,outer_0,streed,4,20,3,0.001,1e-05,0.001,0.2105522185642231,251824564436.96115,599.7347211837769,233630503493.20175,0.2671412603310914,254867372743.21872,0.1959925093714374,16.0
walmart,outer_0,streed,4,20,3,0.0005,0.1,0.1,0.1615464306430231,267327894226.31677,599.718092918396,252062803939.64145,0.2093223014519931,268538936811.7485,0.152864039056091,16.0
walmart,outer_0,streed,4,20,3,0.0005,0.1,0.001,0.1615464579208082,267327885670.83905,599.7035822868347,252062784640.20505,0.2093223619910086,268538924072.66785,0.1528640792429386,16.0
walmart,outer_0,streed,4,20,3,0.0005,0.01,0.1,0.1755216641702902,262952063963.20786,599.7176728248596,244859748432.5544,0.2319170487206974,262582655612.25665,0.1716537909538609,16.0
walmart,outer_0,streed,4,20,3,0.0005,0.01,0.001,0.1755216947960094,262952054048.51303,599.7254908084869,244859716477.4168,0.2319171489584726,262582640595.17377,0.17165383832692,16.0
walmart,outer_0,streed,4,20,3,0.0005,0.001,0.1,0.2040907176800249,253758498311.30923,599.735114812851,239679388245.55276,0.2481669483738371,251273443732.734,0.2073299583909644,16.0
walmart,outer_0,streed,4,20,3,0.0005,0.001,0.001,0.2040908374390746,253758461543.5824,599.7534101009369,239679340724.53214,0.2481670974391121,251273388444.42032,0.2073301328041027,16.0
walmart,outer_0,streed,4,20,3,0.0005,0.0001,0.1,0.2093107823473033,252181356007.37732,599.7415039539337,235309414906.07828,0.2618748037526068,256559705856.75757,0.1906538562308691,16.0
walmart,outer_0,streed,4,20,3,0.0005,0.0001,0.001,0.2093107006720559,252181384336.9201,599.7426521778107,235309338473.8916,0.2618750435072416,256559662722.60855,0.1906539923023422,16.0
walmart,outer_0,streed,4,20,3,0.0005,1e-05,0.1,0.2105521518889103,251824588283.2776,599.7431499958038,233630536747.97357,0.2671411560165873,254867357192.6652,0.1959925584273891,16.0
walmart,outer_0,streed,4,20,3,0.0005,1e-05,0.001,0.2105522185642231,251824564436.96115,599.7491073608398,233630503493.20175,0.2671412603310914,254867372743.21872,0.1959925093714374,16.0
walmart,outer_0,streed,4,20,3,0.0001,0.1,0.1,0.1615464306430231,267327894226.31677,599.7255828380585,252062803939.64145,0.2093223014519931,268538936811.7485,0.152864039056091,16.0
walmart,outer_0,streed,4,20,3,0.0001,0.1,0.001,0.1615464579208082,267327885670.83905,599.7211000919342,252062784640.20505,0.2093223619910086,268538924072.66785,0.1528640792429386,16.0
walmart,outer_0,streed,4,20,3,0.0001,0.01,0.1,0.1755216641702902,262952063963.20786,599.7200334072113,244859748432.5544,0.2319170487206974,262582655612.25665,0.1716537909538609,16.0
walmart,outer_0,streed,4,20,3,0.0001,0.01,0.001,0.1755216947960094,262952054048.51303,599.7223002910614,244859716477.4168,0.2319171489584726,262582640595.17377,0.17165383832692,16.0
walmart,outer_0,streed,4,20,3,0.0001,0.001,0.1,0.2040907176800249,253758498311.30923,599.7274794578552,239679388245.55276,0.2481669483738371,251273443732.734,0.2073299583909644,16.0
walmart,outer_0,streed,4,20,3,0.0001,0.001,0.001,0.2040908374390746,253758461543.5824,599.7310862541199,239679340724.53214,0.2481670974391121,251273388444.42032,0.2073301328041027,16.0
walmart,outer_0,streed,4,20,3,0.0001,0.0001,0.1,0.2093107823473033,252181356007.37732,599.7316954135895,235309414906.07828,0.2618748037526068,256559705856.75757,0.1906538562308691,16.0
walmart,outer_0,streed,4,20,3,0.0001,0.0001,0.001,0.2093107006720559,252181384336.9201,599.7212121486664,235309338473.8916,0.2618750435072416,256559662722.60855,0.1906539923023422,16.0
walmart,outer_0,streed,4,20,3,0.0001,1e-05,0.1,0.2105521518889103,251824588283.2776,599.7613890171051,233630536747.97357,0.2671411560165873,254867357192.6652,0.1959925584273891,16.0
walmart,outer_0,streed,4,20,3,0.0001,1e-05,0.001,0.2105522185642231,251824564436.96115,599.7591452598572,233630503493.20175,0.2671412603310914,254867372743.21872,0.1959925093714374,16.0
walmart,outer_1,streed,4,20,3,0.1,0.1,0.1,0.0178781675220811,310674598983.6717,599.8274011611938,309975870697.2651,0.0207408558633672,315305321971.3642,0.0324177008187055,1.0
walmart,outer_1,streed,4,20,3,0.1,0.1,0.001,0.0178781640836298,310674600031.47235,599.7413749694824,309975869332.95544,0.0207408601734209,315305313846.45654,0.0324177257517348,1.0
walmart,outer_1,streed,4,20,3,0.1,0.01,0.1,0.0180271464633543,310625489372.2685,599.7346358299255,309888902767.0716,0.021015600283625,314796284435.3373,0.0339797921478308,1.0
walmart,outer_1,streed,4,20,3,0.1,0.01,0.001,0.018027134209431,310625493204.1037,599.7429962158203,309888903971.32324,0.0210155964792178,314796278406.34906,0.0339798106490798,1.0
walmart,outer_1,streed,4,20,3,0.1,0.001,0.1,0.0180201840963857,310627461668.109,599.7500505447388,309886755452.30927,0.0210223839652439,314747267328.4345,0.0341302116989491,1.0
walmart,outer_1,streed,4,20,3,0.1,0.001,0.001,0.0180201707624631,310627465841.0669,599.7365171909332,309886756972.6383,0.0210223791623018,314747261565.86993,0.0341302293826198,1.0
walmart,outer_1,streed,4,20,3,0.1,0.0001,0.1,0.0180192123589227,310627745680.35034,599.7403402328491,309886623884.81866,0.0210227996062031,314742397017.54504,0.0341451572970085,1.0
walmart,outer_1,streed,4,20,3,0.1,0.0001,0.001,0.0180191989146747,310627749888.1555,599.7511377334595,309886625437.4487,0.0210227947012174,314742391282.29364,0.0341451748968628,1.0
walmart,outer_1,streed,4,20,3,0.1,1e-05,0.1,0.0180191123624843,310627774970.7561,599.7500686645508,309886611580.7623,0.0210228384765178,314741910315.83026,0.0341466508460589,1.0
walmart,outer_1,streed,4,20,3,0.1,1e-05,0.001,0.01801909890718,310627779182.05347,599.7483153343201,309886613136.6295,0.0210228335613057,314741904583.3171,0.0341466684375105,1.0
walmart,outer_1,streed,4,20,3,0.08,0.1,0.1,0.0178781675220811,310674598983.6717,599.7328035831451,309975870697.2651,0.0207408558633672,315305321971.3642,0.0324177008187055,1.0
walmart,outer_1,streed,4,20,3,0.08,0.1,0.001,0.0178781640836298,310674600031.47235,599.732724905014,309975869332.95544,0.0207408601734209,315305313846.45654,0.0324177257517348,1.0
walmart,outer_1,streed,4,20,3,0.08,0.01,0.1,0.0180271464633543,310625489372.2685,599.7289984226227,309888902767.0716,0.021015600283625,314796284435.3373,0.0339797921478308,1.0
walmart,outer_1,streed,4,20,3,0.08,0.01,0.001,0.018027134209431,310625493204.1037,599.7466361522675,309888903971.32324,0.0210155964792178,314796278406.34906,0.0339798106490798,1.0
walmart,outer_1,streed,4,20,3,0.08,0.001,0.1,0.0180201840963857,310627461668.109,599.7291831970215,309886755452.30927,0.0210223839652439,314747267328.4345,0.0341302116989491,1.0
walmart,outer_1,streed,4,20,3,0.08,0.001,0.001,0.0180201707624631,310627465841.0669,599.7411606311798,309886756972.6383,0.0210223791623018,314747261565.86993,0.0341302293826198,1.0
walmart,outer_1,streed,4,20,3,0.08,0.0001,0.1,0.0180192123589227,310627745680.35034,599.7285735607147,309886623884.81866,0.0210227996062031,314742397017.54504,0.0341451572970085,1.0
walmart,outer_1,streed,4,20,3,0.08,0.0001,0.001,0.0180191989146747,310627749888.1555,599.7284486293793,309886625437.4487,0.0210227947012174,314742391282.29364,0.0341451748968628,1.0
walmart,outer_1,streed,4,20,3,0.08,1e-05,0.1,0.0180191123624843,310627774970.7561,599.7287690639496,309886611580.7623,0.0210228384765178,314741910315.83026,0.0341466508460589,1.0
walmart,outer_1,streed,4,20,3,0.08,1e-05,0.001,0.01801909890718,310627779182.05347,599.7272090911865,309886613136.6295,0.0210228335613057,314741904583.3171,0.0341466684375105,1.0
walmart,outer_1,streed,4,20,3,0.05,0.1,0.1,0.0178781675220811,310674598983.6717,599.6974010467529,309975870697.2651,0.0207408558633672,315305321971.3642,0.0324177008187055,1.0
walmart,outer_1,streed,4,20,3,0.05,0.1,0.001,0.0178781640836298,310674600031.47235,599.6869316101074,309975869332.95544,0.0207408601734209,315305313846.45654,0.0324177257517348,1.0
walmart,outer_1,streed,4,20,3,0.05,0.01,0.1,0.0334619383159879,305760382243.4007,599.686101436615,309888902767.0716,0.021015600283625,314796284435.3373,0.0339797921478308,1.0
walmart,outer_1,streed,4,20,3,0.05,0.01,0.001,0.03346193511591,305760383221.42804,599.6813917160034,309888903971.32324,0.0210155964792178,314796278406.34906,0.0339798106490798,1.0
walmart,outer_1,streed,4,20,3,0.05,0.001,0.1,0.0334771528327333,305755364298.227,599.6863157749176,309886755452.30927,0.0210223839652439,314747267328.4345,0.0341302116989491,1.0
walmart,outer_1,streed,4,20,3,0.05,0.001,0.001,0.0334771486282586,305755365593.54694,599.6922550201416,309886756972.6383,0.0210223791623018,314747261565.86993,0.0341302293826198,1.0
walmart,outer_1,streed,4,20,3,0.05,0.0001,0.1,0.0334783051937377,305754978786.27295,599.683096408844,309886623884.81866,0.0210227996062031,314742397017.54504,0.0341451572970085,1.0
walmart,outer_1,streed,4,20,3,0.05,0.0001,0.001,0.0334783008854728,305754980114.3803,599.6807107925415,309886625437.4487,0.0210227947012174,314742391282.29364,0.0341451748968628,1.0
walmart,outer_1,streed,4,20,3,0.05,1e-05,0.1,0.0334784165878586,305754941445.54254,599.6890568733215,309886611580.7623,0.0210228384765178,314741910315.83026,0.0341466508460589,1.0
walmart,outer_1,streed,4,20,3,0.05,1e-05,0.001,0.0334784122691788,305754942776.9399,599.6848664283752,309886613136.6295,0.0210228335613057,314741904583.3171,0.0341466684375105,1.0
walmart,outer_1,streed,4,20,3,0.03,0.1,0.1,0.0636882473132437,296174509674.11993,599.6617076396942,294397674590.263,0.0699546574170829,306865506587.7074,0.0583170923117738,2.0
walmart,outer_1,streed,4,20,3,0.03,0.1,0.001,0.0636882462505594,296174510014.84216,599.645664691925,294397671198.1751,0.0699546681331851,306865506693.0823,0.0583170919884084,2.0
walmart,outer_1,streed,4,20,3,0.03,0.01,0.1,0.0639419632293309,296092652325.15125,599.6547973155975,294162527304.15314,0.070697522110467,306951085677.76715,0.0580544744396613,2.0
walmart,outer_1,streed,4,20,3,0.03,0.01,0.001,0.0639419526623236,296092655697.3775,599.6559431552887,294162525350.9759,0.0706975282808398,306951082582.5581,0.0580544839379769,2.0
walmart,outer_1,streed,4,20,3,0.03,0.001,0.1,0.0849760018486919,289494313332.631,599.6545855998993,294159383384.81866,0.0707074542117942,306987589070.9016,0.057942455914772,2.0
walmart,outer_1,streed,4,20,3,0.03,0.001,0.001,0.0849759785641677,289494320692.1811,599.6488618850708,294159381981.0503,0.0707074586465038,306987586573.87256,0.0579424635774435,2.0
walmart,outer_1,streed,4,20,3,0.03,0.0001,0.1,0.0849697332430446,289496268212.1403,599.6486444473267,294159368517.1793,0.070707501180843,306991633036.1354,0.0579300461363572,2.0
walmart,outer_1,streed,4,20,3,0.03,0.0001,0.001,0.0849697065794469,289496276629.65967,599.6511511802673,294159367171.40424,0.0707075054323433,306991630602.2238,0.057930053605339,2.0
walmart,outer_1,streed,4,20,3,0.03,1e-05,0.1,0.0849685069783377,289496651108.9382,599.6498703956604,294159370183.032,0.0707074959181707,306992041550.65247,0.057928792521565,2.0
walmart,outer_1,streed,4,20,3,0.03,1e-05,0.001,0.0849684799623251,289496659636.79346,599.6410117149353,294159368843.08905,0.0707075001512463,306992039123.0881,0.0579287999710693,2.0
walmart,outer_1,streed,4,20,3,0.01,0.1,0.1,0.1314386504367169,274757706026.1626,599.6528203487396,269831006138.6552,0.1475643586757498,281097146709.23584,0.1373928552626032,7.0
walmart,outer_1,streed,4,20,3,0.01,0.1,0.001,0.1314386761189964,274757697909.8718,599.6497790813446,269830992869.39856,0.1475644005952736,281097124772.3554,0.1373929225806462,7.0
walmart,outer_1,streed,4,20,3,0.01,0.01,0.1,0.1419334766619855,271477202665.83145,599.6686763763428,256807204752.67255,0.1887084534401406,265850506895.89136,0.1841804537501565,9.0
walmart,outer_1,streed,4,20,3,0.01,0.01,0.001,0.141933534940081,271477184201.95972,599.6568257808685,256807176787.17853,0.1887085417872295,265850475963.3048,0.1841805486734615,9.0
walmart,outer_1,streed,4,20,3,0.01,0.001,0.1,0.1850339561906888,257798484467.1312,599.683336019516,253695228772.7036,0.1985396410350435,260508322813.422,0.2005740963466328,9.0
walmart,outer_1,streed,4,20,3,0.01,0.001,0.001,0.1850340255913036,257798461958.80527,599.6714406013489,253695179147.5677,0.1985397978081112,260508278205.7104,0.2005742332350045,9.0
walmart,outer_1,streed,4,20,3,0.01,0.0001,0.1,0.1949045096285505,254650101872.5521,599.6599631309509,252556929490.4145,0.2021356950712445,259331131759.85425,0.2041865606687232,9.0
walmart,outer_1,streed,4,20,3,0.01,0.0001,0.001,0.1949044618554481,254650116321.6835,599.7041637897491,252556896456.19217,0.2021357994311877,259331136575.52615,0.2041865458907964,9.0
walmart,outer_1,streed,4,20,3,0.01,1e-05,0.1,0.2027157512971653,252153116710.59457,599.7027192115784,252378617570.87616,0.2026990085231066,259267151313.35703,0.2043828984505827,9.0
walmart,outer_1,streed,4,20,3,0.01,1e-05,0.001,0.2027157101115262,252153128719.2821,599.7099370956421,252378587145.38684,0.2026991046416805,259267158465.2707,0.2043828765033951,9.0
walmart,outer_1,streed,4,20,3,0.008,0.1,0.1,0.146789627108008,269929426036.90292,599.6731951236725,263916170776.13373,0.1662501892914777,277342053813.96606,0.1489161666819216,9.0
walmart,outer_1,streed,4,20,3,0.008,0.1,0.001,0.1467896629443745,269929414652.09897,599.6632974147797,263916152183.1538,0.1662502480294226,277342031911.6375,0.1489162338939346,9.0
walmart,outer_1,streed,4,20,3,0.008,0.01,0.1,0.1570760670736735,266666893582.29825,599.6811382770538,256807204752.67255,0.1887084534401406,265850506895.89136,0.1841804537501565,9.0
walmart,outer_1,streed,4,20,3,0.008,0.01,0.001,0.1570761145947289,266666878574.9385,599.6884522438049,256807176787.17853,0.1887085417872295,265850475963.3048,0.1841805486734615,9.0
walmart,outer_1,streed,4,20,3,0.008,0.001,0.1,0.194830184138577,254681489990.6334,599.6951739788055,253695228772.7036,0.1985396410350435,260508322813.422,0.2005740963466328,9.0
walmart,outer_1,streed,4,20,3,0.008,0.001,0.001,0.1948301655466369,254681495665.3544,599.7012922763824,253695179147.5677,0.1985397978081112,260508278205.7104,0.2005742332350045,9.0
walmart,outer_1,streed,4,20,3,0.008,0.0001,0.1,0.2019461048206957,252451023193.4906,599.7127799987793,244409198252.311,0.227875570568434,259267179190.37125,0.2043828129039597,12.0
walmart,outer_1,streed,4,20,3,0.008,0.0001,0.001,0.2019459999591217,252451055546.0389,599.7143540382385,244409182166.7964,0.227875621384929,259267190563.4077,0.2043827780033474,12.0
walmart,outer_1,streed,4,20,3,0.008,1e-05,0.1,0.2073707254617037,250705828785.4764,599.7106018066406,240909429851.4062,0.2389318511790419,263161055629.83975,0.1924336142844356,13.0
walmart,outer_1,streed,4,20,3,0.008,1e-05,0.001,0.2073706762137916,250705843300.8224,599.7075600624084,240909368376.02463,0.2389320453887697,263161182097.44528,0.1924332261913462,13.0
walmart,outer_1,streed,4,20,3,0.005,0.1,0.1,0.1629881770717393,264763608796.52063,599.6927983760834,252134205092.92657,0.2034711433135819,267678341944.8005,0.1785713481756293,15.0
walmart,outer_1,streed,4,20,3,0.005,0.1,0.001,0.162988222716182,264763594383.41125,599.6924006938934,252134189407.1451,0.2034711928672613,267678328896.12363,0.1785713882183051,15.0
walmart,outer_1,streed,4,20,3,0.005,0.01,0.1,0.1690909879676794,262825920858.79855,599.7210667133331,246385462043.78745,0.221632264001777,259374075276.58533,0.2040547792373352,14.0
walmart,outer_1,streed,4,20,3,0.005,0.01,0.001,0.1690910290267812,262825907767.29257,599.730936050415,246385429053.45007,0.2216323682230813,259374037281.0404,0.2040548958348493,14.0
walmart,outer_1,streed,4,20,3,0.005,0.001,0.1,0.1956980246190065,254432419454.9641,599.7303116321564,238694485011.27588,0.245929186112167,250882373563.9208,0.2301133951075992,15.0
walmart,outer_1,streed,4,20,3,0.005,0.001,0.001,0.2001454580220275,252996231410.54224,599.7353303432465,238694435477.5136,0.2459293425965719,250882367489.17865,0.2301134137492542,15.0
walmart,outer_1,streed,4,20,3,0.005,0.0001,0.1,0.2095805209170292,250049857242.3125,599.7349193096161,237643840854.5552,0.2492483247773417,251643639525.29648,0.2277772865237319,15.0
walmart,outer_1,streed,4,20,3,0.005,0.0001,0.001,0.2018759020702009,252537872359.1732,599.7358219623566,237643815868.7159,0.2492484037112649,251643720161.9212,0.2277770390728793,15.0
walmart,outer_1,streed,4,20,3,0.005,1e-05,0.1,0.2130066985890275,248905794283.9984,599.729455947876,236357072354.67255,0.2533134148021315,258786089751.08,0.205859139478059,15.0
walmart,outer_1,streed,4,20,3,0.005,1e-05,0.001,0.2130068057192406,248905758728.56116,599.7310581207275,236357017935.97516,0.2533135867187616,258786211646.67545,0.2058587654151673,15.0
walmart,outer_1,streed,4,20,3,0.003,0.1,0.1,0.1645789804189992,264313000393.1185,599.7112963199615,251875746608.4568,0.2042876514944521,262619099572.27112,0.1940967231877644,15.0
walmart,outer_1,streed,4,20,3,0.003,0.1,0.001,0.1645790140700131,264312989798.50748,599.7074446678162,251875729205.285,0.204287706473619,262619074865.37625,0.1940967990061933,15.0
walmart,outer_1,streed,4,20,3,0.003,0.01,0.1,0.1654018432907571,263999271558.2096,599.7085754871368,244887399979.01147,0.2263648613233563,257097906440.9736,0.2110396936102238,15.0
walmart,outer_1,streed,4,20,3,0.003,0.01,0.001,0.1654183827230294,263993930895.9487,599.7171235084534,244887363185.7508,0.2263649775586519,257097863159.0637,0.2110398264300875,15.0
walmart,outer_1,streed,4,20,3,0.003,0.001,0.1,0.1974620532290015,253883961565.2817,599.7181322574615,238694485011.27588,0.245929186112167,250882373563.9208,0.2301133951075992,15.0
walmart,outer_1,streed,4,20,3,0.003,0.001,0.001,0.1974621063851583,253883944370.25705,599.7166967391968,238694435477.5136,0.2459293425965719,250882367489.17865,0.2301134137492542,15.0
walmart,outer_1,streed,4,20,3,0.003,0.0001,0.1,0.2018759779545505,252537847846.54068,599.7134809494019,237643840854.5552,0.2492483247773417,251643639525.29648,0.2277772865237319,15.0
walmart,outer_1,streed,4,20,3,0.003,0.0001,0.001,0.2018759020702009,252537872359.1732,599.739750623703,237643815868.7159,0.2492484037112649,251643720161.9212,0.2277770390728793,15.0
walmart,outer_1,streed,4,20,3,0.003,1e-05,0.1,0.2062614995967326,251091240116.5271,599.7462530136108,236357072354.67255,0.2533134148021315,258786089751.08,0.205859139478059,15.0
walmart,outer_1,streed,4,20,3,0.003,1e-05,0.001,0.2062613557551817,251091285371.32285,599.7442901134491,236357017935.97516,0.2533135867187616,258786211646.67545,0.2058587654151673,15.0
walmart,outer_1,streed,4,20,3,0.001,0.1,0.1,0.1676918999930976,263307760408.1132,599.7316966056824,251256685090.72583,0.2062433574358777,266863362884.00095,0.1810722869752118,16.0
walmart,outer_1,streed,4,20,3,0.001,0.1,0.001,0.1676919354340681,263307749235.4802,599.7351455688477,251256669600.0023,0.2062434063733406,266863351081.14883,0.181072323194806,16.0
walmart,outer_1,streed,4,20,3,0.001,0.01,0.1,0.1658904792405957,263841478726.36905,599.7383694648743,244404187307.49045,0.2278914008765327,256546187652.82797,0.2127327615552804,16.0
walmart,outer_1,streed,4,20,3,0.001,0.01,0.001,0.1658905424763063,263841458642.16696,599.7366931438446,244404150680.79352,0.227891516585629,256546144974.2765,0.2127328925236087,16.0
walmart,outer_1,streed,4,20,3,0.001,0.001,0.1,0.1953109742743838,254562396026.1294,599.7388987541199,238528487350.42365,0.2464535970185036,250875125760.09296,0.2301356365548666,16.0
walmart,outer_1,streed,4,20,3,0.001,0.001,0.001,0.1953110089413416,254562384670.7007,599.742288351059,238528437256.6082,0.2464537552721984,250875115963.26492,0.2301356666185436,16.0
walmart,outer_1,streed,4,20,3,0.001,0.0001,0.1,0.2048366602955815,251601293189.11105,599.7422268390656,237176953007.6872,0.2507232918201096,250690786616.2606,0.2307013209255054,16.0
walmart,outer_1,streed,4,20,3,0.001,0.0001,0.001,0.204836566392863,251601323391.56616,599.7401313781738,237176926289.7888,0.2507233762258612,250690844603.106,0.2307011429803797,16.0
walmart,outer_1,streed,4,20,3,0.001,1e-05,0.1,0.206724244582143,250941808127.96375,599.7423851490021,235903944155.49503,0.2547449131039595,257715887749.77283,0.2091432848471857,16.0
walmart,outer_1,streed,4,20,3,0.001,1e-05,0.001,0.2067240970058103,250941854588.81445,599.7391834259033,235903899163.2471,0.2547450552410559,257715989110.6774,0.2091429737994162,16.0
walmart,outer_1,streed,4,20,3,0.0005,0.1,0.1,0.1645789804189992,264313000393.1185,599.7323098182678,251256685090.72583,0.2062433574358777,266863362884.00095,0.1810722869752118,16.0
walmart,outer_1,streed,4,20,3,0.0005,0.1,0.001,0.1645790140700131,264312989798.50748,599.7094275951385,251256669600.0023,0.2062434063733406,266863351081.14883,0.181072323194806,16.0
walmart,outer_1,streed,4,20,3,0.0005,0.01,0.1,0.1658904792405957,263841478726.36905,599.6885251998901,244404187307.49045,0.2278914008765327,256546187652.82797,0.2127327615552804,16.0
walmart,outer_1,streed,4,20,3,0.0005,0.01,0.001,0.1658905424763063,263841458642.16696,599.7385096549988,244404150680.79352,0.227891516585629,256546144974.2765,0.2127328925236087,16.0
walmart,outer_1,streed,4,20,3,0.0005,0.001,0.1,0.1953109742743838,254562396026.1294,599.7382793426514,238528487350.42365,0.2464535970185036,250875125760.09296,0.2301356365548666,16.0
walmart,outer_1,streed,4,20,3,0.0005,0.001,0.001,0.1953110089413416,254562384670.7007,599.7377169132233,238528437256.6082,0.2464537552721984,250875115963.26492,0.2301356666185436,16.0
walmart,outer_1,streed,4,20,3,0.0005,0.0001,0.1,0.2048366602955815,251601293189.11105,599.7418930530548,237176953007.6872,0.2507232918201096,250690786616.2606,0.2307013209255054,16.0
walmart,outer_1,streed,4,20,3,0.0005,0.0001,0.001,0.204836566392863,251601323391.56616,599.743625164032,237176926289.7888,0.2507233762258612,250690844603.106,0.2307011429803797,16.0
walmart,outer_1,streed,4,20,3,0.0005,1e-05,0.1,0.206724244582143,250941808127.96375,599.7485003471375,235903944155.49503,0.2547449131039595,257715887749.77283,0.2091432848471857,16.0
walmart,outer_1,streed,4,20,3,0.0005,1e-05,0.001,0.2139459440215528,248609738640.10156,599.74911236763,235903899163.2471,0.2547450552410559,257715989110.6774,0.2091429737994162,16.0
walmart,outer_1,streed,4,20,3,0.0001,0.1,0.1,0.1645789804189992,264313000393.1185,599.7319858074188,251290293340.4109,0.2061371840561611,262013287716.17773,0.1959557873637993,16.0
walmart,outer_1,streed,4,20,3,0.0001,0.1,0.001,0.1645790140700131,264312989798.50748,599.7303371429443,251290276300.5704,0.2061372378875111,262013262943.3968,0.195955863384414,16.0
walmart,outer_1,streed,4,20,3,0.0001,0.01,0.1,0.1654018432907571,263999271558.2096,599.7281956672668,244404187307.49045,0.2278914008765327,256546187652.82797,0.2127327615552804,16.0
walmart,outer_1,streed,4,20,3,0.0001,0.01,0.001,0.1654019062302421,263999251569.66617,599.735594034195,244404150680.79352,0.227891516585629,256546144974.2765,0.2127328925236087,16.0
walmart,outer_1,streed,4,20,3,0.0001,0.001,0.1,0.1998109440561984,253109242660.5125,599.7314276695251,238528487350.42365,0.2464535970185036,250875125760.09296,0.2301356365548666,16.0
walmart,outer_1,streed,4,20,3,0.0001,0.001,0.001,0.1998109587132962,253109237766.77063,599.7416934967041,238528437256.6082,0.2464537552721984,250875115963.26492,0.2301356666185436,16.0
walmart,outer_1,streed,4,20,3,0.0001,0.0001,0.1,0.2048366602955815,251601293189.11105,599.7363929748535,237176953007.6872,0.2507232918201096,250690786616.2606,0.2307013209255054,16.0
walmart,outer_1,streed,4,20,3,0.0001,0.0001,0.001,0.204836566392863,251601323391.56616,599.745450258255,237176926289.7888,0.2507233762258612,250690844603.106,0.2307011429803797,16.0
walmart,outer_1,streed,4,20,3,0.0001,1e-05,0.1,0.206724244582143,250941808127.96375,599.7466154098511,235903944155.49503,0.2547449131039595,257715887749.77283,0.2091432848471857,16.0
walmart,outer_1,streed,4,20,3,0.0001,1e-05,0.001,0.2139459440215528,248609738640.10156,599.744078874588,235903899163.2471,0.2547450552410559,257715989110.6774,0.2091429737994162,16.0
walmart,outer_2,streed,4,20,3,0.1,0.1,0.1,0.0193529805800215,312981821163.17755,599.831018447876,312324572790.6955,0.0221370161389783,306126441527.22864,0.0273027113646723,1.0
walmart,outer_2,streed,4,20,3,0.1,0.1,0.001,0.0193529857279278,312981819497.15656,599.7307062149048,312324571184.994,0.0221370211663,306126440814.9872,0.0273027136277742,1.0
walmart,outer_2,streed,4,20,3,0.1,0.01,0.1,0.0194866061186788,312936015328.3597,599.752993106842,312238997422.0686,0.0224049456988038,305825665459.9084,0.0282584081797178,1.0
walmart,outer_2,streed,4,20,3,0.1,0.01,0.001,0.0194866028679721,312936016339.04767,599.529627084732,312238998491.6237,0.0224049423501132,305825667432.71826,0.0282584019112401,1.0
walmart,outer_2,streed,4,20,3,0.1,0.001,0.1,0.0194765488526705,312938840823.1928,599.1601967811584,312237355676.9764,0.0224100858699414,305799503977.1002,0.0283415346266436,1.0
walmart,outer_2,streed,4,20,3,0.1,0.001,0.001,0.0194765445681956,312938842163.39984,599.625819683075,312237357075.7367,0.022410081490536,305799506279.749,0.0283415273101236,1.0
walmart,outer_2,streed,4,20,3,0.1,0.0001,0.1,0.0194752494651312,312939216286.81134,599.72363114357,312237278860.7007,0.0224103263754894,305796941255.8585,0.028349677510319,1.0
walmart,outer_2,streed,4,20,3,0.1,0.0001,0.001,0.019475245075009,312939217660.69446,599.7603504657745,312237280293.1035,0.0224103218907519,305796943592.2093,0.0283496700867129,1.0
walmart,outer_2,streed,4,20,3,0.1,1e-05,0.1,0.0194751165192403,312939254784.6784,599.7558689117432,312237272074.2743,0.0224103476232419,305796685535.19617,0.0283504900464517,1.0
walmart,outer_2,streed,4,20,3,0.1,1e-05,0.001,0.0194751121185304,312939256161.9365,599.4047014713287,312237273510.0488,0.022410343127948,305796687874.92456,0.0283504826121138,1.0
walmart,outer_2,streed,4,20,3,0.08,0.1,0.1,0.0193529805800215,312981821163.17755,599.7200005054474,312324572790.6955,0.0221370161389783,306126441527.22864,0.0273027113646723,1.0
walmart,outer_2,streed,4,20,3,0.08,0.1,0.001,0.0193529857279278,312981819497.15656,599.7143976688385,312324571184.994,0.0221370211663,306126440814.9872,0.0273027136277742,1.0
walmart,outer_2,streed,4,20,3,0.08,0.01,0.1,0.0194866061186788,312936015328.3597,599.7060174942017,312238997422.0686,0.0224049456988038,305825665459.9084,0.0282584081797178,1.0
walmart,outer_2,streed,4,20,3,0.08,0.01,0.001,0.0194866028679721,312936016339.04767,599.7345705032349,312238998491.6237,0.0224049423501132,305825667432.71826,0.0282584019112401,1.0
walmart,outer_2,streed,4,20,3,0.08,0.001,0.1,0.0194765488526705,312938840823.1928,599.7158372402191,312237355676.9764,0.0224100858699414,305799503977.1002,0.0283415346266436,1.0
walmart,outer_2,streed,4,20,3,0.08,0.001,0.001,0.0194765445681956,312938842163.39984,599.720461845398,312237357075.7367,0.022410081490536,305799506279.749,0.0283415273101236,1.0
walmart,outer_2,streed,4,20,3,0.08,0.0001,0.1,0.0194752494651312,312939216286.81134,599.7310483455658,312237278860.7007,0.0224103263754894,305796941255.8585,0.028349677510319,1.0
walmart,outer_2,streed,4,20,3,0.08,0.0001,0.001,0.019475245075009,312939217660.69446,599.7164530754089,312237280293.1035,0.0224103218907519,305796943592.2093,0.0283496700867129,1.0
walmart,outer_2,streed,4,20,3,0.08,1e-05,0.1,0.0194751165192403,312939254784.6784,599.7226729393005,312237272074.2743,0.0224103476232419,305796685535.19617,0.0283504900464517,1.0
walmart,outer_2,streed,4,20,3,0.08,1e-05,0.001,0.0194751121185304,312939256161.9365,599.7138154506683,312237273510.0488,0.022410343127948,305796687874.92456,0.0283504826121138,1.0
walmart,outer_2,streed,4,20,3,0.05,0.1,0.1,0.0193529805800215,312981821163.17755,599.6956300735474,312324572790.6955,0.0221370161389783,306126441527.22864,0.0273027113646723,1.0
walmart,outer_2,streed,4,20,3,0.05,0.1,0.001,0.0193529857279278,312981819497.15656,599.6716797351837,312324571184.994,0.0221370211663,306126440814.9872,0.0273027136277742,1.0
walmart,outer_2,streed,4,20,3,0.05,0.01,0.1,0.0194866061186788,312936015328.3597,599.675051689148,312238997422.0686,0.0224049456988038,305825665459.9084,0.0282584081797178,1.0
walmart,outer_2,streed,4,20,3,0.05,0.01,0.001,0.0194866028679721,312936016339.04767,599.6705300807953,312238998491.6237,0.0224049423501132,305825667432.71826,0.0282584019112401,1.0
walmart,outer_2,streed,4,20,3,0.05,0.001,0.1,0.0194765488526705,312938840823.1928,599.6712737083435,312237355676.9764,0.0224100858699414,305799503977.1002,0.0283415346266436,1.0
walmart,outer_2,streed,4,20,3,0.05,0.001,0.001,0.0194765445681956,312938842163.39984,599.6622045040131,312237357075.7367,0.022410081490536,305799506279.749,0.0283415273101236,1.0
walmart,outer_2,streed,4,20,3,0.05,0.0001,0.1,0.0194752494651312,312939216286.81134,599.6673853397369,312237278860.7007,0.0224103263754894,305796941255.8585,0.028349677510319,1.0
walmart,outer_2,streed,4,20,3,0.05,0.0001,0.001,0.019475245075009,312939217660.69446,599.6581716537476,312237280293.1035,0.0224103218907519,305796943592.2093,0.0283496700867129,1.0
walmart,outer_2,streed,4,20,3,0.05,1e-05,0.1,0.0194751165192403,312939254784.6784,599.6692781448364,312237272074.2743,0.0224103476232419,305796685535.19617,0.0283504900464517,1.0
walmart,outer_2,streed,4,20,3,0.05,1e-05,0.001,0.0194751121185304,312939256161.9365,599.6530230045319,312237273510.0488,0.022410343127948,305796687874.92456,0.0283504826121138,1.0
walmart,outer_2,streed,4,20,3,0.03,0.1,0.1,0.060558083706637,299797537711.90424,599.6323750019073,298291325210.1902,0.0660739796308954,291145943893.157,0.0749022893637959,2.0
walmart,outer_2,streed,4,20,3,0.03,0.1,0.001,0.0605580986460518,299797532739.7404,599.6201775074005,298291319027.66864,0.0660739989878704,291145937363.73804,0.074902310110609,2.0
walmart,outer_2,streed,4,20,3,0.03,0.01,0.1,0.0831067919652865,292591549139.76605,599.6308395862579,286865983217.5706,0.1018458015938852,283878600467.579,0.0979938106658286,3.0
walmart,outer_2,streed,4,20,3,0.03,0.01,0.001,0.0831068041022005,292591544997.78217,599.6478519439697,286865972006.11523,0.1018458366960455,283878605049.01337,0.0979937961086124,3.0
walmart,outer_2,streed,4,20,3,0.03,0.001,0.1,0.0927211914987491,289430868925.68384,599.659345626831,286672174350.34924,0.1024526014864023,283946751523.229,0.0977772650230618,3.0
walmart,outer_2,streed,4,20,3,0.03,0.001,0.001,0.0927211895330894,289430869207.41406,599.6544351577759,286672171226.1632,0.102452611267976,283946765932.639,0.0977772192380785,3.0
walmart,outer_2,streed,4,20,3,0.03,0.0001,0.1,0.0927057274724265,289435269936.81635,599.6326787471771,286667121879.7513,0.1024684203633181,283974104315.8934,0.097690353264873,3.0
walmart,outer_2,streed,4,20,3,0.03,0.0001,0.001,0.092705720829697,289435271713.9993,599.6302118301392,286667119948.5434,0.1024684264097739,283974120155.5711,0.097690302935305,3.0
walmart,outer_2,streed,4,20,3,0.03,1e-05,0.1,0.0927053651311342,289435313159.3936,599.6274175643921,286666812510.44995,0.1024693889735859,283977119610.9445,0.097680772356716,3.0
walmart,outer_2,streed,4,20,3,0.03,1e-05,0.001,0.0927053580895976,289435315063.3248,599.6568200588226,286666810704.3452,0.1024693946283538,283977135600.1693,0.0976807215519716,3.0
walmart,outer_2,streed,4,20,3,0.01,0.1,0.1,0.1167538068716925,281688803090.72003,599.6643943786621,273756989822.76877,0.1428889999625447,269337143490.8815,0.1441983649130083,7.0
walmart,outer_2,streed,4,20,3,0.01,0.1,0.001,0.1167538368372816,281688793468.54315,599.6759798526764,273756974183.262,0.1428890489285759,269337141250.6149,0.1441983720313129,7.0
walmart,outer_2,streed,4,20,3,0.01,0.01,0.1,0.1470667660423203,272159754356.5548,599.6893920898438,259598457474.40863,0.1872182199324973,253719646525.88077,0.1938219677528679,9.0
walmart,outer_2,streed,4,20,3,0.01,0.01,0.001,0.1470667898614014,272159746567.3959,599.6837420463562,259598428117.16632,0.1872183118476493,253719630546.40005,0.1938220185266509,9.0
walmart,outer_2,streed,4,20,3,0.01,0.001,0.1,0.1583029250970221,268571913695.07755,599.6983504295349,257287008272.8408,0.1944551804863602,253004238687.5455,0.1960951306366276,9.0
walmart,outer_2,streed,4,20,3,0.01,0.001,0.001,0.1583029632972391,268571900661.7875,599.7000477313995,257286981368.2196,0.1944552647225537,253004248066.9546,0.1960951008341521,9.0
walmart,outer_2,streed,4,20,3,0.01,0.0001,0.1,0.165175521636341,266329607891.7245,599.7082099914551,255889347204.0937,0.1988311442822902,251632552735.17957,0.2004535754676889,9.0
walmart,outer_2,streed,4,20,3,0.01,0.0001,0.001,0.1651753652451301,266329657178.6381,599.7100701332092,255889317606.0089,0.1988312369515005,251632590001.4437,0.2004534570565059,9.0
walmart,outer_2,streed,4,20,3,0.01,1e-05,0.1,0.1763798695457354,262648498800.3552,599.7129151821136,255653680956.6778,0.1995689962477451,251754599856.1357,0.2000657785069051,9.0
walmart,outer_2,streed,4,20,3,0.01,1e-05,0.001,0.1763797257775326,262648544554.68057,599.7114062309265,255653654174.3451,0.1995690801010632,251754673374.89136,0.2000655449057372,9.0
walmart,outer_2,streed,4,20,3,0.008,0.1,0.1,0.1459975567513496,272548667211.7772,599.6778950691223,267360948730.284,0.1629144874600856,260355382279.14337,0.172737339639406,9.0
walmart,outer_2,streed,4,20,3,0.008,0.1,0.001,0.1459975849574627,272548658312.82788,599.6696655750275,267360930463.6276,0.1629145446515097,260355373897.31348,0.1727373662721371,9.0
walmart,outer_2,streed,4,20,3,0.008,0.01,0.1,0.1534346053884728,270209009228.08963,599.6796987056732,259598457474.40863,0.1872182199324973,253719646525.88077,0.1938219677528679,9.0
walmart,outer_2,streed,4,20,3,0.008,0.01,0.001,0.1534346528111517,270208994183.26328,599.6836965084076,259598428117.16632,0.1872183118476493,253719630546.40005,0.1938220185266509,9.0
walmart,outer_2,streed,4,20,3,0.008,0.001,0.1,0.1656624098088777,266206200392.91684,599.7037456035614,254206127479.7169,0.2041011691396551,250153551635.6116,0.2051530073503492,10.0
walmart,outer_2,streed,4,20,3,0.008,0.001,0.001,0.1656623570811672,266206217141.0453,599.7009329795837,254206098110.1581,0.2041012610933689,250153567993.84772,0.2051529553730947,10.0
walmart,outer_2,streed,4,20,3,0.008,0.0001,0.1,0.1814742612114699,261472325116.41125,599.7022681236267,247244132775.4368,0.2258986116345634,243829843130.93503,0.2252461887362242,12.0
walmart,outer_2,streed,4,20,3,0.008,0.0001,0.001,0.166792599331495,265922497002.15945,599.7081828117371,247244100862.14044,0.2258987115525138,243829819065.16797,0.2252462652036678,12.0
walmart,outer_2,streed,4,20,3,0.008,1e-05,0.1,0.1694924130911089,265029157018.5358,599.7090840339661,244185973828.52295,0.235473460024589,241848645000.79675,0.2315413197279177,13.0
walmart,outer_2,streed,4,20,3,0.008,1e-05,0.001,0.1694925203778094,265029120414.57504,599.7131378650665,244185893306.4672,0.235473712132635,241848581626.52237,0.231541521095642,13.0
walmart,outer_2,streed,4,20,3,0.005,0.1,0.1,0.1543250154425857,269764303096.5536,599.6937425136566,258487571554.07983,0.1906963139264332,252249551181.12735,0.1984931021662923,13.0
walmart,outer_2,streed,4,20,3,0.005,0.1,0.001,0.1543250431558542,269764294407.55704,599.7006294727325,258487556050.62357,0.1906963624665014,252249543108.51303,0.1984931278165107,13.0
walmart,outer_2,streed,4,20,3,0.005,0.01,0.1,0.1618601116899758,267391837583.4758,599.7094674110413,254641603013.33493,0.2027377304550288,250799120145.17108,0.2031017544897857,11.0
walmart,outer_2,streed,4,20,3,0.005,0.01,0.001,0.1677441556464725,265608318160.30945,599.722097158432,254641576223.48895,0.2027378143318704,250799116768.5268,0.203101765218858,11.0
walmart,outer_2,streed,4,20,3,0.005,0.001,0.1,0.1938357385833005,257066048294.58984,599.7291040420532,244472158467.7257,0.234577439059202,238332336354.8336,0.2427141667020955,14.0
walmart,outer_2,streed,4,20,3,0.005,0.001,0.001,0.2007285164312912,254976770617.3999,599.7241761684418,244472121133.66983,0.2345775559491122,238332271443.0388,0.242714372955193,14.0
walmart,outer_2,streed,4,20,3,0.005,0.0001,0.1,0.1760580586553473,262978439529.34268,599.72168135643,242511513560.23196,0.2407160597332104,242419356749.8973,0.2297279194604563,14.0
walmart,outer_2,streed,4,20,3,0.005,0.0001,0.001,0.1760580973613481,262978427697.0352,599.7179229259491,242511470185.11472,0.2407161955371952,242419369327.97308,0.2297278794944209,14.0
walmart,outer_2,streed,4,20,3,0.005,1e-05,0.1,0.1683722025146026,265349766016.4353,599.7128179073334,242016730225.3259,0.2422651863482339,242278595338.00015,0.2301751798898846,14.0
walmart,outer_2,streed,4,20,3,0.005,1e-05,0.001,0.168372223710957,265349757672.71848,599.7380094528198,242016650357.0673,0.2422654364092937,242278582359.67023,0.2301752211277021,14.0
walmart,outer_2,streed,4,20,3,0.003,0.1,0.1,0.1571052505544968,268875220878.0353,599.7238318920135,254365161906.7777,0.2036032452075329,254129990833.1881,0.1925181248272663,16.0
walmart,outer_2,streed,4,20,3,0.003,0.1,0.001,0.1571052741915122,268875213490.16077,599.7158691883087,254365145308.6382,0.2036032971749657,254129979869.2081,0.1925181596646153,16.0
walmart,outer_2,streed,4,20,3,0.003,0.01,0.1,0.1720177571037973,264211134581.91577,599.7257943153381,248259355319.55255,0.2227200319365216,244183243784.669,0.2241232806464361,15.0
walmart,outer_2,streed,4,20,3,0.003,0.01,0.001,0.1720178319737935,264211110696.14688,599.7229759693146,248259316558.21387,0.2227201532951391,244183200813.10217,0.2241234171858553,15.0
walmart,outer_2,streed,4,20,3,0.003,0.001,0.1,0.1928748774097884,257379097647.55667,599.7333216667175,241581935024.2665,0.2436264949666285,238084257896.1484,0.2435024202189367,16.0
walmart,outer_2,streed,4,20,3,0.003,0.001,0.001,0.1928749202256028,257379084222.85336,599.7305593490601,241581893310.17923,0.2436266255700628,238084215863.8784,0.2435025537738,16.0
walmart,outer_2,streed,4,20,3,0.003,0.0001,0.1,0.1726269132096244,263986675958.71445,599.734659910202,240952469793.25592,0.2455972997084164,241517314063.52783,0.2325941026979695,15.0
walmart,outer_2,streed,4,20,3,0.003,0.0001,0.001,0.1726269158135746,263986674622.6985,599.7304744720459,240952426346.6305,0.2455974357362877,241517322836.14215,0.2325940748235457,15.0
walmart,outer_2,streed,4,20,3,0.003,1e-05,0.1,0.1706754501372422,264618296447.69492,599.7379913330078,240457676246.9843,0.2471464582943999,241374835167.7693,0.2330468203230812,15.0
walmart,outer_2,streed,4,20,3,0.003,1e-05,0.001,0.1706754735034603,264618287159.28265,599.7371320724487,240457596313.34003,0.2471467085601769,241374818380.20105,0.2330468736645111,15.0
walmart,outer_2,streed,4,20,3,0.001,0.1,0.1,0.1629665687742225,267098590972.70895,599.7211492061615,254365161906.7777,0.2036032452075329,254129990833.1881,0.1925181248272663,16.0
walmart,outer_2,streed,4,20,3,0.001,0.1,0.001,0.1629665785552415,267098587784.739,599.7269115447998,254365145308.6382,0.2036032971749657,254129979869.2081,0.1925181596646153,16.0
walmart,outer_2,streed,4,20,3,0.001,0.01,0.1,0.1720177571037973,264211134581.91577,599.7213051319122,248200365613.09048,0.2229047239377393,244340047803.15503,0.2236250458553883,16.0
walmart,outer_2,streed,4,20,3,0.001,0.01,0.001,0.1720178319737935,264211110696.14688,599.7275974750519,248200340602.29904,0.2229048022445049,244340023102.1273,0.2236251243413322,16.0
walmart,outer_2,streed,4,20,3,0.001,0.001,0.1,0.1932221031107999,257273849725.2994,599.7361407279968,241581935024.2665,0.2436264949666285,238084257896.1484,0.2435024202189367,16.0
walmart,outer_2,streed,4,20,3,0.001,0.001,0.001,0.1932221450680413,257273836560.839,599.7479832172394,241581893310.17923,0.2436266255700628,238084215863.8784,0.2435025537738,16.0
walmart,outer_2,streed,4,20,3,0.001,0.0001,0.1,0.1726269132096244,263986675958.71445,599.7416994571686,240038060030.92484,0.2484602427380831,240999831927.4778,0.2342383692570486,16.0
walmart,outer_2,streed,4,20,3,0.001,0.0001,0.001,0.1726269158135746,263986674622.6985,599.7419621944427,240038014966.05807,0.2484603838325371,240999850490.5667,0.2342383102740148,16.0
walmart,outer_2,streed,4,20,3,0.001,1e-05,0.1,0.1706754501372422,264618296447.69492,599.7414898872375,239531310453.69504,0.250046834690271,240948657004.84076,0.2344009743173855,16.0
walmart,outer_2,streed,4,20,3,0.001,1e-05,0.001,0.1706754735034603,264618287159.28265,599.7412004470825,239531230979.8614,0.2500470835164181,240948656551.78583,0.2344009757569385,16.0
walmart,outer_2,streed,4,20,3,0.0005,0.1,0.1,0.156239714687619,269137574302.22797,599.7229986190796,254365161906.7777,0.2036032452075329,254129990833.1881,0.1925181248272663,16.0
walmart,outer_2,streed,4,20,3,0.0005,0.1,0.001,0.1562397370457771,269137567301.989,599.7097039222717,254365145308.6382,0.2036032971749657,254129979869.2081,0.1925181596646153,16.0
walmart,outer_2,streed,4,20,3,0.0005,0.01,0.1,0.1658694552804737,266074752368.35977,599.7143156528473,248200365613.09048,0.2229047239377393,244340047803.15503,0.2236250458553883,16.0
walmart,outer_2,streed,4,20,3,0.0005,0.01,0.001,0.1658695437041893,266074724374.3097,599.7184252738953,248200340602.29904,0.2229048022445049,244340023102.1273,0.2236251243413322,16.0
walmart,outer_2,streed,4,20,3,0.0005,0.001,0.1,0.1997675761748363,255289844975.1497,599.7307710647583,241581935024.2665,0.2436264949666285,238084257896.1484,0.2435024202189367,16.0
walmart,outer_2,streed,4,20,3,0.0005,0.001,0.001,0.1932221450680413,257273836560.839,599.7418410778046,241581893310.17923,0.2436266255700628,238084215863.8784,0.2435025537738,16.0
walmart,outer_2,streed,4,20,3,0.0005,0.0001,0.1,0.1726269132096244,263986675958.71445,599.7335369586945,240038060030.92484,0.2484602427380831,240999831927.4778,0.2342383692570486,16.0
walmart,outer_2,streed,4,20,3,0.0005,0.0001,0.001,0.1726269158135746,263986674622.6985,599.7421216964722,240038014966.05807,0.2484603838325371,240999850490.5667,0.2342383102740148,16.0
walmart,outer_2,streed,4,20,3,0.0005,1e-05,0.1,0.1706754501372422,264618296447.69492,599.742388010025,239531310453.69504,0.250046834690271,240948657004.84076,0.2344009743173855,16.0
walmart,outer_2,streed,4,20,3,0.0005,1e-05,0.001,0.1706754735034603,264618287159.28265,599.7414360046387,239531230979.8614,0.2500470835164181,240948656551.78583,0.2344009757569385,16.0
walmart,outer_2,streed,4,20,3,0.0001,0.1,0.1,0.156239714687619,269137574302.22797,599.731184720993,254365161906.7777,0.2036032452075329,254129990833.1881,0.1925181248272663,16.0
walmart,outer_2,streed,4,20,3,0.0001,0.1,0.001,0.1562397370457771,269137567301.989,599.7283275127411,254365145308.6382,0.2036032971749657,254129979869.2081,0.1925181596646153,16.0
walmart,outer_2,streed,4,20,3,0.0001,0.01,0.1,0.1658694552804737,266074752368.35977,599.7324078083038,248200365613.09048,0.2229047239377393,244340047803.15503,0.2236250458553883,16.0
walmart,outer_2,streed,4,20,3,0.0001,0.01,0.001,0.1720178319737935,264211110696.14688,599.7317090034485,248200340602.29904,0.2229048022445049,244340023102.1273,0.2236251243413322,16.0
walmart,outer_2,streed,4,20,3,0.0001,0.001,0.1,0.1932221031107999,257273849725.2994,599.7339906692505,241581935024.2665,0.2436264949666285,238084257896.1484,0.2435024202189367,16.0
walmart,outer_2,streed,4,20,3,0.0001,0.001,0.001,0.1932221450680413,257273836560.839,599.7352817058563,241581893310.17923,0.2436266255700628,238084215863.8784,0.2435025537738,16.0
walmart,outer_2,streed,4,20,3,0.0001,0.0001,0.1,0.1726269132096244,263986675958.71445,599.7304134368896,240038060030.92484,0.2484602427380831,240999831927.4778,0.2342383692570486,16.0
walmart,outer_2,streed,4,20,3,0.0001,0.0001,0.001,0.1726269158135746,263986674622.6985,599.7349178791046,240038014966.05807,0.2484603838325371,240999850490.5667,0.2342383102740148,16.0
walmart,outer_2,streed,4,20,3,0.0001,1e-05,0.1,0.1706754501372422,264618296447.69492,599.7404692173004,239531310453.69504,0.250046834690271,240948657004.84076,0.2344009743173855,16.0
walmart,outer_2,streed,4,20,3,0.0001,1e-05,0.001,0.1706754735034603,264618287159.28265,599.732061624527,239531230979.8614,0.2500470835164181,240948656551.78583,0.2344009757569385,16.0
walmart,outer_3,streed,4,20,3,0.1,0.1,0.1,0.0220087532963459,311899454713.5109,599.8102169036865,311335160740.5256,0.0243635168766186,309077601697.8941,0.0208433121042553,1.0
walmart,outer_3,streed,4,20,3,0.1,0.1,0.001,0.0220087587200953,311899452799.8266,599.7128162384033,311335157281.10864,0.0243635277174544,309077603875.1984,0.0208433052065636,1.0
walmart,outer_3,streed,4,20,3,0.1,0.01,0.1,0.0222090330960847,311828831188.11786,599.7107827663422,311216257390.99725,0.0247361263997109,309095179744.97894,0.0207876249167378,1.0
walmart,outer_3,streed,4,20,3,0.1,0.01,0.001,0.022209029440838,311828832146.9519,599.7190816402435,311216256638.5059,0.0247361287578061,309095185265.8146,0.0207876074267511,1.0
walmart,outer_3,streed,4,20,3,0.1,0.001,0.1,0.022202486635757,311830149505.53,599.7104377746582,311212052735.95874,0.0247493026013476,309106580871.40173,0.0207515061908091,1.0
walmart,outer_3,streed,4,20,3,0.1,0.001,0.001,0.0222024818459856,311830150823.6574,599.7139048576355,311212052325.8435,0.0247493038865329,309106586805.8027,0.020751487390649,1.0
walmart,outer_3,streed,4,20,3,0.1,0.0001,0.1,0.0222014950971795,311830387718.62775,599.7170860767365,311211730657.96466,0.024750311902837,309107841549.96155,0.0207475123658397,1.0
walmart,outer_3,streed,4,20,3,0.1,0.0001,0.001,0.0222014901912726,311830389073.5379,599.7155177593231,311211730282.9397,0.0247503130780594,309107847526.6554,0.0207474934316959,1.0
walmart,outer_3,streed,4,20,3,0.1,1e-05,0.1,0.0222013924893934,311830412630.7324,599.7273781299591,311211699459.8164,0.0247504096690241,309107968852.1801,0.0207471090728866,1.0
walmart,outer_3,streed,4,20,3,0.1,1e-05,0.001,0.0222013875718457,311830413989.32935,599.6839635372162,311211699088.3092,0.024750410833223,309107974833.11273,0.0207470901253145,1.0
walmart,outer_3,streed,4,20,3,0.08,0.1,0.1,0.0220087532963459,311899454713.5109,599.7101664543152,311335160740.5256,0.0243635168766186,309077601697.8941,0.0208433121042553,1.0
walmart,outer_3,streed,4,20,3,0.08,0.1,0.001,0.0220087587200953,311899452799.8266,599.7147791385651,311335157281.10864,0.0243635277174544,309077603875.1984,0.0208433052065636,1.0
walmart,outer_3,streed,4,20,3,0.08,0.01,0.1,0.0222090330960847,311828831188.11786,599.7178380489349,311216257390.99725,0.0247361263997109,309095179744.97894,0.0207876249167378,1.0
walmart,outer_3,streed,4,20,3,0.08,0.01,0.001,0.022209029440838,311828832146.9519,599.720067024231,311216256638.5059,0.0247361287578061,309095185265.8146,0.0207876074267511,1.0
walmart,outer_3,streed,4,20,3,0.08,0.001,0.1,0.022202486635757,311830149505.53,599.7272760868073,311212052735.95874,0.0247493026013476,309106580871.40173,0.0207515061908091,1.0
walmart,outer_3,streed,4,20,3,0.08,0.001,0.001,0.0222024818459856,311830150823.6574,599.732935667038,311212052325.8435,0.0247493038865329,309106586805.8027,0.020751487390649,1.0
walmart,outer_3,streed,4,20,3,0.08,0.0001,0.1,0.0222014950971795,311830387718.62775,599.735862493515,311211730657.96466,0.024750311902837,309107841549.96155,0.0207475123658397,1.0
walmart,outer_3,streed,4,20,3,0.08,0.0001,0.001,0.0222014901912726,311830389073.5379,599.7305710315704,311211730282.9397,0.0247503130780594,309107847526.6554,0.0207474934316959,1.0
walmart,outer_3,streed,4,20,3,0.08,1e-05,0.1,0.0222013924893934,311830412630.7324,599.7208058834076,311211699459.8164,0.0247504096690241,309107968852.1801,0.0207471090728866,1.0
walmart,outer_3,streed,4,20,3,0.08,1e-05,0.001,0.0222013875718457,311830413989.32935,599.7204184532166,311211699088.3092,0.024750410833223,309107974833.11273,0.0207470901253145,1.0
walmart,outer_3,streed,4,20,3,0.05,0.1,0.1,0.0220087532963459,311899454713.5109,599.69575715065,311335160740.5256,0.0243635168766186,309077601697.8941,0.0208433121042553,1.0
walmart,outer_3,streed,4,20,3,0.05,0.1,0.001,0.0220087587200953,311899452799.8266,599.6778464317322,311335157281.10864,0.0243635277174544,309077603875.1984,0.0208433052065636,1.0
walmart,outer_3,streed,4,20,3,0.05,0.01,0.1,0.0222090330960847,311828831188.11786,599.6833248138428,311216257390.99725,0.0247361263997109,309095179744.97894,0.0207876249167378,1.0
walmart,outer_3,streed,4,20,3,0.05,0.01,0.001,0.022209029440838,311828832146.9519,599.677900314331,311216256638.5059,0.0247361287578061,309095185265.8146,0.0207876074267511,1.0
walmart,outer_3,streed,4,20,3,0.05,0.001,0.1,0.022202486635757,311830149505.53,599.677670955658,311212052735.95874,0.0247493026013476,309106580871.40173,0.0207515061908091,1.0
walmart,outer_3,streed,4,20,3,0.05,0.001,0.001,0.0222024818459856,311830150823.6574,599.6715912818909,311212052325.8435,0.0247493038865329,309106586805.8027,0.020751487390649,1.0
walmart,outer_3,streed,4,20,3,0.05,0.0001,0.1,0.0222014950971795,311830387718.62775,599.6678974628448,311211730657.96466,0.024750311902837,309107841549.96155,0.0207475123658397,1.0
walmart,outer_3,streed,4,20,3,0.05,0.0001,0.001,0.0222014901912726,311830389073.5379,599.681313753128,311211730282.9397,0.0247503130780594,309107847526.6554,0.0207474934316959,1.0
walmart,outer_3,streed,4,20,3,0.05,1e-05,0.1,0.0222013924893934,311830412630.7324,599.6213674545288,311211699459.8164,0.0247504096690241,309107968852.1801,0.0207471090728866,1.0
walmart,outer_3,streed,4,20,3,0.05,1e-05,0.001,0.0222013875718457,311830413989.32935,599.6938562393188,311211699088.3092,0.024750410833223,309107974833.11273,0.0207470901253145,1.0
walmart,outer_3,streed,4,20,3,0.03,0.1,0.1,0.0644470596708563,298332852726.8527,599.6404116153717,297279767916.2061,0.068409149215156,295919928251.22644,0.0625267724445673,2.0
walmart,outer_3,streed,4,20,3,0.03,0.1,0.001,0.0644470772586444,298332846992.48346,599.6268832683563,297279761863.92487,0.0684091681812963,295919919948.982,0.0625267987460468,2.0
walmart,outer_3,streed,4,20,3,0.03,0.01,0.1,0.0849602949805528,291962832173.8935,599.6207342147827,286315715227.9363,0.1027673944583847,283881073509.02673,0.1006658193074723,3.0
walmart,outer_3,streed,4,20,3,0.03,0.01,0.001,0.0849603220221751,291962823614.7645,599.6111187934875,286315704763.73254,0.1027674272502446,283881042396.94696,0.1006659178704247,3.0
walmart,outer_3,streed,4,20,3,0.03,0.001,0.1,0.0846872050338399,292048137898.6612,599.6230356693268,286148300181.6221,0.1032920259411233,283201160415.7526,0.1028197814477569,3.0
walmart,outer_3,streed,4,20,3,0.03,0.001,0.001,0.0846872058537188,292048137485.1186,599.5991334915161,286148297187.7795,0.1032920353229805,283201132712.3633,0.1028198692119908,3.0
walmart,outer_3,streed,4,20,3,0.03,0.0001,0.1,0.0847189560110007,292038275673.53467,599.6274552345276,286144156487.68146,0.1033050111078927,283141324472.51483,0.1030093414924705,3.0
walmart,outer_3,streed,4,20,3,0.03,0.0001,0.001,0.0847189538685444,292038276179.5888,599.5982484817505,286144154584.374,0.1033050170723206,283141297402.0219,0.103009427251691,3.0
walmart,outer_3,streed,4,20,3,0.03,1e-05,0.1,0.084721699621363,292037423403.3233,599.6249761581421,286143907111.498,0.1033057925824362,283135413212.5984,0.1030280683418095,3.0
walmart,outer_3,streed,4,20,3,0.03,1e-05,0.001,0.0847216971712305,292037424004.8846,599.6113595962524,286143905322.46704,0.1033057981887539,283135386209.56726,0.1030281538873113,3.0
walmart,outer_3,streed,4,20,3,0.01,0.1,0.1,0.1334170820203523,276497022972.1004,599.6488873958588,272955396992.4688,0.1446348593012787,273405219585.36072,0.1338532854144553,7.0
walmart,outer_3,streed,4,20,3,0.01,0.1,0.001,0.1334171040259276,276497016122.95703,599.6612257957458,272955381449.2125,0.144634908009455,273405203208.97903,0.1338533372947712,7.0
walmart,outer_3,streed,4,20,3,0.01,0.01,0.1,0.1463916779468337,272184261811.98492,599.6781888008118,258978528609.93405,0.188434418211939,263334826084.2376,0.1657562544170575,9.0
walmart,outer_3,streed,4,20,3,0.01,0.01,0.001,0.1463917420434526,272184240951.4733,599.6841905117035,258978501398.97528,0.1884345034834004,263334804945.8337,0.1657563213834421,9.0
walmart,outer_3,streed,4,20,3,0.01,0.001,0.1,0.1723291804782788,263853285795.8469,599.6837809085846,257120722075.41205,0.1942562593086962,264616848371.8167,0.1616948125978554,9.0
walmart,outer_3,streed,4,20,3,0.01,0.001,0.001,0.1723292761036127,263853254980.5819,599.6970009803772,257120694486.69556,0.1942563457639438,264616817509.59543,0.1616949103692571,9.0
walmart,outer_3,streed,4,20,3,0.01,0.0001,0.1,0.1768110424213904,262494043390.94003,599.7157249450684,244650752229.63147,0.2333336237029207,250313216720.71484,0.2070086642501122,12.0
walmart,outer_3,streed,4,20,3,0.01,0.0001,0.001,0.1768110552082445,262494039853.93848,599.7036170959473,244650710027.2127,0.2333337559533846,250313143259.06555,0.2070088969763427,12.0
walmart,outer_3,streed,4,20,3,0.01,1e-05,0.1,0.1877980575680681,259094272702.4609,599.7134096622467,239171910196.2705,0.2505027675937125,244825213923.57745,0.224394636615913,13.0
walmart,outer_3,streed,4,20,3,0.01,1e-05,0.001,0.1877980276013608,259094282795.01053,599.7117285728455,239171870564.6114,0.2505028917881414,244825113545.53094,0.2243949546131894,13.0
walmart,outer_3,streed,4,20,3,0.008,0.1,0.1,0.1376078087631505,275190677386.95435,599.6869134902954,266553017645.8524,0.1646981083557616,270584580274.52463,0.1427890602172064,9.0
walmart,outer_3,streed,4,20,3,0.008,0.1,0.001,0.1376078402724259,275190667325.4318,599.6662745475769,266553005531.37296,0.1646981463191192,270584570471.3204,0.1427890912737207,9.0
walmart,outer_3,streed,4,20,3,0.008,0.01,0.1,0.1572797021731697,268879205348.99,599.6803555488586,258978528609.93405,0.188434418211939,263334826084.2376,0.1657562544170575,9.0
walmart,outer_3,streed,4,20,3,0.008,0.01,0.001,0.1572797810925923,268879180025.98257,599.6869611740112,258978501398.97528,0.1884345034834004,263334804945.8337,0.1657563213834421,9.0
walmart,outer_3,streed,4,20,3,0.008,0.001,0.1,0.1770615066344169,262412419983.6313,599.6790144443512,241157811185.65735,0.2442795146449989,270750745295.23145,0.1422626500521682,14.0
walmart,outer_3,streed,4,20,3,0.008,0.001,0.001,0.1770616262489643,262412382312.71805,599.7125561237335,241157743471.8972,0.2442797268408033,270750789523.3997,0.1422625099374963,14.0
walmart,outer_3,streed,4,20,3,0.008,0.0001,0.1,0.1883977763449469,258898576188.6061,599.7203462123871,237689715775.8042,0.2551475463853185,245283921360.2095,0.2229414531697545,14.0
walmart,outer_3,streed,4,20,3,0.008,0.0001,0.001,0.1883978372276928,258898557719.24777,599.7275183200836,237689626377.01257,0.2551478265358882,245283822896.51205,0.2229417651023804,14.0
walmart,outer_3,streed,4,20,3,0.008,1e-05,0.1,0.1967587385210003,256311008271.6341,599.7273690700531,236302734502.53214,0.2594939540586263,243486807244.9893,0.2286347039752582,14.0
walmart,outer_3,streed,4,20,3,0.008,1e-05,0.001,0.1967586791203906,256311027524.09265,599.7314734458923,236302694466.87012,0.2594940795190863,243486723538.8715,0.2286349691559268,14.0
walmart,outer_3,streed,4,20,3,0.005,0.1,0.1,0.1540177142529964,269889565373.33923,599.7329006195068,253775930874.39667,0.204737890475503,260683837078.4224,0.1741545776870796,15.0
walmart,outer_3,streed,4,20,3,0.005,0.1,0.001,0.1540177275982426,269889561156.7775,599.717119216919,253775914767.4358,0.2047379409501702,260683830001.23877,0.174154600107571,15.0
walmart,outer_3,streed,4,20,3,0.005,0.01,0.1,0.165352923837083,266307563003.34448,599.7273910045624,245929084382.1035,0.2293276916953222,268097477901.0908,0.1506681912478964,15.0
walmart,outer_3,streed,4,20,3,0.005,0.01,0.001,0.1653529721552843,266307547345.8192,599.7334122657776,245929044376.4619,0.2293278170617065,268097446426.2732,0.150668290960001,15.0
walmart,outer_3,streed,4,20,3,0.005,0.001,0.1,0.1841196118250295,260236236590.95605,599.7298586368561,241157811185.65735,0.2442795146449989,270750745295.23145,0.1422626500521682,14.0
walmart,outer_3,streed,4,20,3,0.005,0.001,0.001,0.1841196474719034,260236224904.09637,599.7398843765259,241157743471.8972,0.2442797268408033,270750789523.3997,0.1422625099374963,14.0
walmart,outer_3,streed,4,20,3,0.005,0.0001,0.1,0.1970588903261851,256156725132.9445,599.745730638504,235804227879.52472,0.2610561330535328,242826809402.13693,0.2307255746765824,15.0
walmart,outer_3,streed,4,20,3,0.005,0.0001,0.001,0.1970589186025572,256156716224.67325,599.7553558349609,235804136727.8819,0.2610564186970432,242826681679.45804,0.2307259793015521,15.0
walmart,outer_3,streed,4,20,3,0.005,1e-05,0.1,0.2080277473009426,252761353652.95483,599.7449214458466,234356032791.60425,0.2655943675372147,247137635676.34912,0.2170688931391176,15.0
walmart,outer_3,streed,4,20,3,0.005,1e-05,0.001,0.208027734436896,252761358006.42603,599.7467238903046,234355999118.80328,0.2655944730582648,247137682305.4581,0.2170687454182744,15.0
walmart,outer_3,streed,4,20,3,0.003,0.1,0.1,0.1576970830823928,268620752936.3428,599.7330522537231,253775930874.39667,0.204737890475503,260683837078.4224,0.1741545776870796,15.0
walmart,outer_3,streed,4,20,3,0.003,0.1,0.001,0.1576971041016229,268620746246.27603,599.7239353656769,253775914767.4358,0.2047379409501702,260683830001.23877,0.174154600107571,15.0
walmart,outer_3,streed,4,20,3,0.003,0.01,0.1,0.1799680009741116,261593273759.4225,599.732275724411,244865027724.4624,0.2326621448063544,268671957538.93085,0.1488482419006744,16.0
walmart,outer_3,streed,4,20,3,0.003,0.01,0.001,0.1799680409109681,261593261149.3704,599.7331449985504,244864988035.51532,0.2326622691803076,268671932289.7602,0.1488483218899527,16.0
walmart,outer_3,streed,4,20,3,0.003,0.001,0.1,0.1860961445747261,259571201559.28137,599.7059862613678,238435794205.02963,0.2528095472557233,270288866591.67,0.1437258800601157,16.0
walmart,outer_3,streed,4,20,3,0.003,0.001,0.001,0.1860961961479423,259571184513.7573,599.7386610507965,238435725250.76596,0.2528097633389154,270288914371.7802,0.143725728692905,16.0
walmart,outer_3,streed,4,20,3,0.003,0.0001,0.1,0.199077486249267,255532194808.74448,599.7221486568451,234621038503.42422,0.2647639144651211,241950900149.78543,0.2335004519168556,16.0
walmart,outer_3,streed,4,20,3,0.003,0.0001,0.001,0.1990776110498054,255532156042.78305,599.7424013614655,234620948781.63315,0.26476419562788,241950775063.41565,0.233500848190008,16.0
walmart,outer_3,streed,4,20,3,0.003,1e-05,0.1,0.2081974863157541,252708526751.23657,599.7500684261322,233232236336.19537,0.26911602830593,240070094483.00955,0.2394588372451328,16.0
walmart,outer_3,streed,4,20,3,0.003,1e-05,0.001,0.208197478718886,252708529465.43396,599.7544422149658,233232206881.18347,0.2691161206096203,240069989719.3625,0.2394591691359754,16.0
walmart,outer_3,streed,4,20,3,0.001,0.1,0.1,0.1613244058640917,267491842035.6755,599.7580764293671,253660529787.8381,0.2050995248953701,262084011241.73883,0.1697188311667925,16.0
walmart,outer_3,streed,4,20,3,0.001,0.1,0.001,0.1613244314839114,267491833913.7936,599.7223765850067,253660514330.7087,0.2050995733336489,262084004750.63983,0.1697188517305697,16.0
walmart,outer_3,streed,4,20,3,0.001,0.01,0.1,0.1801933548453227,261523592180.2316,599.747111082077,244865027724.4624,0.2326621448063544,268671957538.93085,0.1488482419006744,16.0
walmart,outer_3,streed,4,20,3,0.001,0.01,0.001,0.1801933962033919,261523579130.72684,599.733466386795,244864988035.51532,0.2326622691803076,268671932289.7602,0.1488483218899527,16.0
walmart,outer_3,streed,4,20,3,0.001,0.001,0.1,0.1863963817223074,259478365352.55103,599.7277896404266,238435794205.02963,0.2528095472557233,270288866591.67,0.1437258800601157,16.0
walmart,outer_3,streed,4,20,3,0.001,0.001,0.001,0.1863964345698207,259478347913.0021,599.7146422863007,238435725250.76596,0.2528097633389154,270288914371.7802,0.143725728692905,16.0
walmart,outer_3,streed,4,20,3,0.001,0.0001,0.1,0.199077486249267,255532194808.74448,599.7633457183838,234621038503.42422,0.2647639144651211,241950900149.78543,0.2335004519168556,16.0
walmart,outer_3,streed,4,20,3,0.001,0.0001,0.001,0.1990776110498054,255532156042.78305,599.7553944587708,234620948781.63315,0.26476419562788,241950775063.41565,0.233500848190008,16.0
walmart,outer_3,streed,4,20,3,0.001,1e-05,0.1,0.2081974863157541,252708526751.23657,599.7503402233124,233232236336.19537,0.26911602830593,240070094483.00955,0.2394588372451328,16.0
walmart,outer_3,streed,4,20,3,0.001,1e-05,0.001,0.208197478718886,252708529465.43396,599.7613990306854,233232206881.18347,0.2691161206096203,240069989719.3625,0.2394591691359754,16.0
walmart,outer_3,streed,4,20,3,0.0005,0.1,0.1,0.1613244058640917,267491842035.6755,599.7481837272644,253365202263.4343,0.2060249979662353,259510407858.1682,0.1778719970745486,16.0
walmart,outer_3,streed,4,20,3,0.0005,0.1,0.001,0.1613244314839114,267491833913.7936,599.7366197109222,253365186119.3787,0.2060250485571471,259510401226.44897,0.1778720180838104,16.0
walmart,outer_3,streed,4,20,3,0.0005,0.01,0.1,0.1801933548453227,261523592180.2316,599.7479612827301,244865027724.4624,0.2326621448063544,268671957538.93085,0.1488482419006744,16.0
walmart,outer_3,streed,4,20,3,0.0005,0.01,0.001,0.1801933962033919,261523579130.72684,599.7356297969818,244864988035.51532,0.2326622691803076,268671932289.7602,0.1488483218899527,16.0
walmart,outer_3,streed,4,20,3,0.0005,0.001,0.1,0.1863963817223074,259478365352.55103,599.7489171028137,238435794205.02963,0.2528095472557233,270288866591.67,0.1437258800601157,16.0
walmart,outer_3,streed,4,20,3,0.0005,0.001,0.001,0.1863964345698207,259478347913.0021,599.7472920417786,238435725250.76596,0.2528097633389154,270288914371.7802,0.143725728692905,16.0
walmart,outer_3,streed,4,20,3,0.0005,0.0001,0.1,0.199077486249267,255532194808.74448,599.7461104393005,234621038503.42422,0.2647639144651211,241950900149.78543,0.2335004519168556,16.0
walmart,outer_3,streed,4,20,3,0.0005,0.0001,0.001,0.1990776110498054,255532156042.78305,599.7397909164429,234620948781.63315,0.26476419562788,241950775063.41565,0.233500848190008,16.0
walmart,outer_3,streed,4,20,3,0.0005,1e-05,0.1,0.2081974863157541,252708526751.23657,599.7270007133484,233232236336.19537,0.26911602830593,240070094483.00955,0.2394588372451328,16.0
walmart,outer_3,streed,4,20,3,0.0005,1e-05,0.001,0.208197478718886,252708529465.43396,599.7086918354034,233232206881.18347,0.2691161206096203,240069989719.3625,0.2394591691359754,16.0
walmart,outer_3,streed,4,20,3,0.0001,0.1,0.1,0.1613244058640917,267491842035.6755,599.7428369522095,253365202263.4343,0.2060249979662353,259510407858.1682,0.1778719970745486,16.0
walmart,outer_3,streed,4,20,3,0.0001,0.1,0.001,0.1613244314839114,267491833913.7936,599.7278435230255,253365186119.3787,0.2060250485571471,259510401226.44897,0.1778720180838104,16.0
walmart,outer_3,streed,4,20,3,0.0001,0.01,0.1,0.1801933548453227,261523592180.2316,599.7406840324402,244865027724.4624,0.2326621448063544,268671957538.93085,0.1488482419006744,16.0
walmart,outer_3,streed,4,20,3,0.0001,0.01,0.001,0.1801933962033919,261523579130.72684,599.7478988170624,244864988035.51532,0.2326622691803076,268671932289.7602,0.1488483218899527,16.0
walmart,outer_3,streed,4,20,3,0.0001,0.001,0.1,0.1863963817223074,259478365352.55103,599.7306306362152,238435794205.02963,0.2528095472557233,270288866591.67,0.1437258800601157,16.0
walmart,outer_3,streed,4,20,3,0.0001,0.001,0.001,0.1863964345698207,259478347913.0021,599.7365121841431,238435725250.76596,0.2528097633389154,270288914371.7802,0.143725728692905,16.0
walmart,outer_3,streed,4,20,3,0.0001,0.0001,0.1,0.199077486249267,255532194808.74448,599.736926317215,234621038503.42422,0.2647639144651211,241950900149.78543,0.2335004519168556,16.0
walmart,outer_3,streed,4,20,3,0.0001,0.0001,0.001,0.1990776110498054,255532156042.78305,599.7463295459747,234620948781.63315,0.26476419562788,241950775063.41565,0.233500848190008,16.0
walmart,outer_3,streed,4,20,3,0.0001,1e-05,0.1,0.2081974863157541,252708526751.23657,599.7485411167145,233232236336.19537,0.26911602830593,240070094483.00955,0.2394588372451328,16.0
walmart,outer_3,streed,4,20,3,0.0001,1e-05,0.001,0.208197478718886,252708529465.43396,599.742555141449,233232206881.18347,0.2691161206096203,240069989719.3625,0.2394591691359754,16.0
walmart,outer_4,streed,4,20,3,0.1,0.1,0.1,0.0241023169759276,310431141060.0872,599.8112587928772,309937280876.53894,0.0266569972545964,314414945278.2057,0.0127746152368839,1.0
walmart,outer_4,streed,4,20,3,0.1,0.1,0.001,0.0241023214154277,310431139373.334,599.7143135070801,309937279285.8381,0.0266570022501153,314414947319.22595,0.0127746088283239,1.0
walmart,outer_4,streed,4,20,3,0.1,0.01,0.1,0.0244185009140607,310313620932.3541,599.7388064861298,309803975913.36176,0.0270756350279317,314836524989.9627,0.0114509052816227,1.0
walmart,outer_4,streed,4,20,3,0.1,0.01,0.001,0.0244184961586761,310313622126.4726,599.7465007305145,309803977163.4093,0.0270756311022181,314836530473.06573,0.0114508880653341,1.0
walmart,outer_4,streed,4,20,3,0.1,0.001,0.1,0.024421903943793,310310549515.1795,599.7454917430878,309799235583.40814,0.027090521804308,314894916055.76166,0.0112675643073281,1.0
walmart,outer_4,streed,4,20,3,0.1,0.001,0.001,0.024421898039648,310310551069.5276,599.7383542060852,309799237184.80286,0.0270905167752055,314894921958.8779,0.0112675457722479,1.0
walmart,outer_4,streed,4,20,3,0.1,0.0001,0.1,0.0244218844270163,310310353416.3078,599.7508661746979,309798871711.37384,0.0270916645267886,314900951970.11005,0.0112486122570059,1.0
walmart,outer_4,streed,4,20,3,0.1,0.0001,0.001,0.0244218784052806,310310355007.53314,599.7343547344208,309798873348.6938,0.0270916593848649,314900957916.11414,0.011248593587263,1.0
walmart,outer_4,streed,4,20,3,0.1,1e-05,0.1,0.0244218787842133,310310334945.87067,599.7472169399261,309798836454.84515,0.0270917752482076,314901557570.2253,0.011246710744957,1.0
walmart,outer_4,streed,4,20,3,0.1,1e-05,0.001,0.0244218727506908,310310336540.7925,599.7386744022369,309798838095.7656,0.0270917700949766,314901563520.5272,0.0112466920617195,1.0
walmart,outer_4,streed,4,20,3,0.08,0.1,0.1,0.0241023169759276,310431141060.0872,599.730922460556,309937280876.53894,0.0266569972545964,314414945278.2057,0.0127746152368839,1.0
walmart,outer_4,streed,4,20,3,0.08,0.1,0.001,0.0241023214154277,310431139373.334,599.7139782905579,309937279285.8381,0.0266570022501153,314414947319.22595,0.0127746088283239,1.0
walmart,outer_4,streed,4,20,3,0.08,0.01,0.1,0.0244185009140607,310313620932.3541,599.7157046794891,309803975913.36176,0.0270756350279317,314836524989.9627,0.0114509052816227,1.0
walmart,outer_4,streed,4,20,3,0.08,0.01,0.001,0.0244184961586761,310313622126.4726,599.7080121040344,309803977163.4093,0.0270756311022181,314836530473.06573,0.0114508880653341,1.0
walmart,outer_4,streed,4,20,3,0.08,0.001,0.1,0.024421903943793,310310549515.1795,599.7184889316559,309799235583.40814,0.027090521804308,314894916055.76166,0.0112675643073281,1.0
walmart,outer_4,streed,4,20,3,0.08,0.001,0.001,0.024421898039648,310310551069.5276,599.7288920879364,309799237184.80286,0.0270905167752055,314894921958.8779,0.0112675457722479,1.0
walmart,outer_4,streed,4,20,3,0.08,0.0001,0.1,0.0244218844270163,310310353416.3078,599.7214798927307,309798871711.37384,0.0270916645267886,314900951970.11005,0.0112486122570059,1.0
walmart,outer_4,streed,4,20,3,0.08,0.0001,0.001,0.0244218784052806,310310355007.53314,599.7236912250519,309798873348.6938,0.0270916593848649,314900957916.11414,0.011248593587263,1.0
walmart,outer_4,streed,4,20,3,0.08,1e-05,0.1,0.0244218787842133,310310334945.87067,599.7248532772064,309798836454.84515,0.0270917752482076,314901557570.2253,0.011246710744957,1.0
walmart,outer_4,streed,4,20,3,0.08,1e-05,0.001,0.0244218727506908,310310336540.7925,599.730063199997,309798838095.7656,0.0270917700949766,314901563520.5272,0.0112466920617195,1.0
walmart,outer_4,streed,4,20,3,0.05,0.1,0.1,0.0241023169759276,310431141060.0872,599.7020728588104,309937280876.53894,0.0266569972545964,314414945278.2057,0.0127746152368839,1.0
walmart,outer_4,streed,4,20,3,0.05,0.1,0.001,0.0241023214154277,310431139373.334,599.6755905151367,309937279285.8381,0.0266570022501153,314414947319.22595,0.0127746088283239,1.0
walmart,outer_4,streed,4,20,3,0.05,0.01,0.1,0.0244185009140607,310313620932.3541,599.6856315135956,309803975913.36176,0.0270756350279317,314836524989.9627,0.0114509052816227,1.0
walmart,outer_4,streed,4,20,3,0.05,0.01,0.001,0.0244184961586761,310313622126.4726,599.6916291713715,309803977163.4093,0.0270756311022181,314836530473.06573,0.0114508880653341,1.0
walmart,outer_4,streed,4,20,3,0.05,0.001,0.1,0.024421903943793,310310549515.1795,599.6833038330078,309799235583.40814,0.027090521804308,314894916055.76166,0.0112675643073281,1.0
walmart,outer_4,streed,4,20,3,0.05,0.001,0.001,0.024421898039648,310310551069.5276,599.6825592517853,309799237184.80286,0.0270905167752055,314894921958.8779,0.0112675457722479,1.0
walmart,outer_4,streed,4,20,3,0.05,0.0001,0.1,0.0244218844270163,310310353416.3078,599.6893358230591,309798871711.37384,0.0270916645267886,314900951970.11005,0.0112486122570059,1.0
walmart,outer_4,streed,4,20,3,0.05,0.0001,0.001,0.0244218784052806,310310355007.53314,599.6844832897186,309798873348.6938,0.0270916593848649,314900957916.11414,0.011248593587263,1.0
walmart,outer_4,streed,4,20,3,0.05,1e-05,0.1,0.0244218787842133,310310334945.87067,599.6889100074768,309798836454.84515,0.0270917752482076,314901557570.2253,0.011246710744957,1.0
walmart,outer_4,streed,4,20,3,0.05,1e-05,0.001,0.0244218727506908,310310336540.7925,599.6784310340881,309798838095.7656,0.0270917700949766,314901563520.5272,0.0112466920617195,1.0
walmart,outer_4,streed,4,20,3,0.03,0.1,0.1,0.0611437002596535,298685309069.6175,599.6512506008148,297129593933.0197,0.0668789170977725,297053900069.82227,0.0672862241572892,2.0
walmart,outer_4,streed,4,20,3,0.03,0.1,0.001,0.0611437171923434,298685303537.0815,599.6570994853973,297129587734.5131,0.066878936563882,297053891364.7064,0.0672862514903135,2.0
walmart,outer_4,streed,4,20,3,0.03,0.01,0.1,0.0614740416522258,298571104562.137,599.6521615982056,296674665096.89795,0.0683075990495982,297106403967.31464,0.0671213681885068,2.0
walmart,outer_4,streed,4,20,3,0.03,0.01,0.001,0.0614740439402802,298571103598.3885,599.64879155159,296674663669.84015,0.0683076035312041,297106401765.77124,0.0671213751010901,2.0
walmart,outer_4,streed,4,20,3,0.03,0.001,0.1,0.079110494877465,293146727662.14954,599.6555404663086,296666224818.0315,0.0683341053361368,297149788264.1078,0.066985146676974,2.0
walmart,outer_4,streed,4,20,3,0.03,0.001,0.001,0.0791104824928599,293146731401.81604,599.6503400802612,296666224178.6288,0.0683341073441499,297149786981.8721,0.0669851507030411,2.0
walmart,outer_4,streed,4,20,3,0.03,0.0001,0.1,0.0790967099594564,293150663116.3081,599.6682143211365,296665876427.5405,0.0683351994395813,297154956887.0954,0.0669689178179638,2.0
walmart,outer_4,streed,4,20,3,0.03,0.0001,0.001,0.0790966954022142,293150667524.23785,599.6469430923462,296665875873.0202,0.0683352011810255,297154955704.50653,0.0669689215311516,2.0
walmart,outer_4,streed,4,20,3,0.03,1e-05,0.1,0.0739743079776843,294666236268.5567,599.6481194496155,296665847030.5316,0.0683352917594624,297155482825.11926,0.0669672664353696,2.0
walmart,outer_4,streed,4,20,3,0.03,1e-05,0.001,0.0739742919199659,294666241123.08624,599.6522653102875,296665846484.5665,0.0683352934740393,297155481652.57965,0.0669672701170041,2.0
walmart,outer_4,streed,4,20,3,0.01,0.1,0.1,0.1330262582215003,275885472313.6168,599.6513268947601,272706562111.89053,0.1435782643389126,273350890733.20908,0.1417108431641126,7.0
walmart,outer_4,streed,4,20,3,0.01,0.1,0.001,0.133026282185741,275885464665.5872,599.64772772789,272706548081.426,0.1435783084009062,273350883667.05527,0.1417108653509918,7.0
walmart,outer_4,streed,4,20,3,0.01,0.01,0.1,0.1507335111047288,270005353700.6102,599.6734662055969,259899317857.41736,0.1837987939386042,259606891529.3309,0.1848653595317323,9.0
walmart,outer_4,streed,4,20,3,0.01,0.01,0.001,0.1507335632672095,270005336331.05115,599.6742041110992,259899293193.856,0.1837988713933228,259606856577.66925,0.1848654692757765,9.0
walmart,outer_4,streed,4,20,3,0.01,0.001,0.1,0.1826642042375536,260027476150.17172,599.6894526481628,255998204643.54147,0.1960500508345316,258622398391.0302,0.1879565504304206,9.0
walmart,outer_4,streed,4,20,3,0.01,0.001,0.001,0.1826642787153337,260027451331.44507,599.69003033638,255998157167.95023,0.196050199929324,258622323197.07016,0.1879567865304764,9.0
walmart,outer_4,streed,4,20,3,0.01,0.0001,0.1,0.1842298587236502,259461984009.7567,599.6877660751343,246358734399.6184,0.2263223397491153,248188503029.4227,0.2207177359835651,11.0
walmart,outer_4,streed,4,20,3,0.01,0.0001,0.001,0.1842298739545202,259461977971.5428,599.7003247737885,246358683641.87244,0.2263224991513555,248188466666.50543,0.2207178501587833,11.0
walmart,outer_4,streed,4,20,3,0.01,1e-05,0.1,0.1893894444559848,257907274265.3448,599.7035553455353,245862537418.8749,0.2278806223081678,247774746664.54764,0.2220168815637808,11.0
walmart,outer_4,streed,4,20,3,0.01,1e-05,0.001,0.1893894987090767,257907255313.70764,599.700439453125,245862510736.7364,0.22788070610213,247774729398.73132,0.2220169357763823,11.0
walmart,outer_4,streed,4,20,3,0.008,0.1,0.1,0.1447465954995447,272001463593.9665,599.6663584709167,267652690709.86307,0.1594497024312473,267479848049.06796,0.1601452161475067,9.0
walmart,outer_4,streed,4,20,3,0.008,0.1,0.001,0.1447466257433035,272001453825.5652,599.6606483459473,267652672542.6788,0.1594497594844086,267479826876.0101,0.1601452826283801,9.0
walmart,outer_4,streed,4,20,3,0.008,0.01,0.1,0.1632450122599254,266024390022.91687,599.6735002994537,259899317857.41736,0.1837987939386042,259606891529.3309,0.1848653595317323,9.0
walmart,outer_4,streed,4,20,3,0.008,0.01,0.001,0.1632450585020802,266024374987.006,599.6659073829651,259899293193.856,0.1837988713933228,259606856577.66925,0.1848654692757765,9.0
walmart,outer_4,streed,4,20,3,0.008,0.001,0.1,0.1875748712816809,258384726832.5269,599.6736018657684,248558240602.71863,0.2194148971651573,248216976141.28076,0.2206283338122255,11.0
walmart,outer_4,streed,4,20,3,0.008,0.001,0.001,0.1875750050450806,258384684713.9633,599.6941182613373,248558185896.08316,0.2194150689686936,248216903564.63373,0.2206285616942309,11.0
walmart,outer_4,streed,4,20,3,0.008,0.0001,0.1,0.192474975654845,256856360015.626,599.7069568634033,243474151445.99692,0.235381232650949,250527586328.2699,0.2133732937285885,12.0
walmart,outer_4,streed,4,20,3,0.008,0.0001,0.001,0.1924749736826901,256856358705.04343,599.6977889537811,243474089791.0089,0.2353814262754494,250527582309.47208,0.2133733063471338,12.0
walmart,outer_4,streed,4,20,3,0.008,1e-05,0.1,0.2026777775835555,253689808581.13672,599.7242312431335,242966119462.2812,0.2369766824629953,250317094439.47852,0.2140342131251448,12.0
walmart,outer_4,streed,4,20,3,0.008,1e-05,0.001,0.2026778841977232,253689772072.89725,599.7246181964874,242966085390.94537,0.2369767894623734,250317112669.67825,0.2140341558844946,12.0
walmart,outer_4,streed,4,20,3,0.005,0.1,0.1,0.147713282448756,271188022692.06757,599.7237815856934,255916688393.44327,0.196306048665508,260423300957.95523,0.1823019314110215,15.0
walmart,outer_4,streed,4,20,3,0.005,0.1,0.001,0.1477133007288346,271188016684.1689,599.704089641571,255916670772.93512,0.1963061040018595,260423287178.4829,0.1823019746769191,15.0
walmart,outer_4,streed,4,20,3,0.005,0.01,0.1,0.180664108866716,260842700895.71628,599.7126545906067,250680026223.85156,0.2127515323004505,255685729415.5116,0.1971773403541089,13.0
walmart,outer_4,streed,4,20,3,0.005,0.01,0.001,0.1806641554501923,260842686181.354,599.7224116325378,250679998063.3802,0.2127516207370453,255685704758.71844,0.1971774177734951,13.0
walmart,outer_4,streed,4,20,3,0.005,0.001,0.1,0.1906114638343918,257572537200.6246,599.734623670578,239108381337.8079,0.2490917219937705,247403549576.98727,0.2231823960951129,15.0
walmart,outer_4,streed,4,20,3,0.005,0.001,0.001,0.1906115343071366,257572516005.2651,599.7354221343994,239108318985.2289,0.2490919178090215,247403498134.1671,0.2231825576194256,15.0
walmart,outer_4,streed,4,20,3,0.005,0.0001,0.1,0.1993010237136302,254703296406.4945,599.7429485321045,236473948667.41428,0.257365030060098,247185856732.2716,0.2238659256334256,15.0
walmart,outer_4,streed,4,20,3,0.005,0.0001,0.001,0.1993009665301253,254703315502.8704,599.7359473705292,236473892818.591,0.2573652054506197,247185881552.50095,0.223865847700869,15.0
walmart,outer_4,streed,4,20,3,0.005,1e-05,0.1,0.2049581856659268,252992171052.1585,599.7472579479218,235981651497.4967,0.2589110654523409,247130520202.48325,0.2240396757293805,15.0
walmart,outer_4,streed,4,20,3,0.005,1e-05,0.001,0.2049582236312659,252992160330.15475,599.7343471050262,235981632687.03784,0.258911124525675,247130571847.6366,0.2240395135697658,15.0
walmart,outer_4,streed,4,20,3,0.003,0.1,0.1,0.1493537646948165,270689782937.30225,599.7293825149536,255916688393.44327,0.196306048665508,260423300957.95523,0.1823019314110215,15.0
walmart,outer_4,streed,4,20,3,0.003,0.1,0.001,0.1493537886185534,270689775183.4498,599.714250087738,255916670772.93512,0.1963061040018595,260423287178.4829,0.1823019746769191,15.0
walmart,outer_4,streed,4,20,3,0.003,0.01,0.1,0.1842629651381339,259665874763.8572,599.7280828952789,246646664258.71783,0.2254181099873927,255528155693.77283,0.1976721030249305,16.0
walmart,outer_4,streed,4,20,3,0.003,0.01,0.001,0.1842630034064724,259665862572.20947,599.7194645404816,246646637362.0005,0.2254181944552296,255528138145.9158,0.1976721581231063,16.0
walmart,outer_4,streed,4,20,3,0.003,0.001,0.1,0.1893401354886059,257948690150.1476,599.7348594665527,237855585614.2667,0.253026066219575,247477701693.6046,0.2229495673032316,16.0
walmart,outer_4,streed,4,20,3,0.003,0.001,0.001,0.1893402120427973,257948667155.44644,599.7353808879852,237855520270.0677,0.2530262714298636,247477646894.33423,0.222949739366397,16.0
walmart,outer_4,streed,4,20,3,0.003,0.0001,0.1,0.2010082104433362,254185990723.50024,599.7375249862671,235231757506.21097,0.2612660711720612,248183951336.98727,0.2207320277543074,16.0
walmart,outer_4,streed,4,20,3,0.003,0.0001,0.001,0.2010081154452635,254186020824.9299,599.7374637126923,235231695176.20828,0.2612662669164124,248184080612.1288,0.2207316218457994,16.0
walmart,outer_4,streed,4,20,3,0.003,1e-05,0.1,0.205597846073379,252800801120.33725,599.726363658905,234714079489.9316,0.2628918138816687,248275866531.3053,0.2204434250194854,16.0
walmart,outer_4,streed,4,20,3,0.003,1e-05,0.001,0.2055978361613681,252800805284.87863,599.730320930481,234714055901.6681,0.2628918879594665,248276064847.46133,0.2204428023304359,16.0
walmart,outer_4,streed,4,20,3,0.001,0.1,0.1,0.1514897755807479,270057792942.2552,599.7036492824554,255082976071.40775,0.1989242817888705,260660466110.09067,0.1815572611525446,16.0
walmart,outer_4,streed,4,20,3,0.001,0.1,0.001,0.1596527815379622,267451552077.53857,599.7200756072998,255082958643.3432,0.1989243365208624,260660450923.98413,0.1815573088351059,16.0
walmart,outer_4,streed,4,20,3,0.001,0.01,0.1,0.1845424463781905,259576643490.81277,599.7147929668427,252259094381.79007,0.2077925453143068,255949460128.92044,0.1963492574053529,16.0
walmart,outer_4,streed,4,20,3,0.001,0.01,0.001,0.184542485524629,259576631018.8099,599.7279753684998,252259072394.0046,0.2077926143658808,255949437293.91107,0.1963493291045556,16.0
walmart,outer_4,streed,4,20,3,0.001,0.001,0.1,0.1983643535028355,254897906197.63644,599.7273030281067,244277317808.8368,0.2328589276313665,246283913442.6849,0.2266979198641986,16.0
walmart,outer_4,streed,4,20,3,0.001,0.001,0.001,0.1983645225473785,254897852082.2444,599.7466614246368,244277241587.5305,0.2328591670006832,246283964310.92117,0.226697760144011,16.0
walmart,outer_4,streed,4,20,3,0.001,0.0001,0.1,0.2010082104433362,254185990723.50024,599.7420909404755,241241949366.1692,0.2423913550504532,245082190727.9589,0.2304711856940854,16.0
walmart,outer_4,streed,4,20,3,0.001,0.0001,0.001,0.2010081154452635,254186020824.9299,599.7345767021179,241241919010.9151,0.2423914503796569,245082420898.8209,0.2304704629850628,16.0
walmart,outer_4,streed,4,20,3,0.001,1e-05,0.1,0.205597846073379,252800801120.33725,599.7368936538696,241099839705.3416,0.2428376435498487,245918460719.82944,0.227845397776276,16.0
walmart,outer_4,streed,4,20,3,0.001,1e-05,0.001,0.2055978361613681,252800805284.87863,599.7257533073425,241099809252.9642,0.2428377391840632,245918859459.9886,0.2278441457797887,16.0
walmart,outer_4,streed,4,20,3,0.0005,0.1,0.1,0.1514897755807479,270057792942.2552,599.7462568283081,255082976071.40775,0.1989242817888705,260660466110.09067,0.1815572611525446,16.0
walmart,outer_4,streed,4,20,3,0.0005,0.1,0.001,0.1514898021016671,270057784419.96408,599.7325830459595,255082958643.3432,0.1989243365208624,260660450923.98413,0.1815573088351059,16.0
walmart,outer_4,streed,4,20,3,0.0005,0.01,0.1,0.1845424463781905,259576643490.81277,599.7391448020935,246646664258.71783,0.2254181099873927,255528155693.77283,0.1976721030249305,16.0
walmart,outer_4,streed,4,20,3,0.0005,0.01,0.001,0.184542485524629,259576631018.8099,599.735867023468,246646637362.0005,0.2254181944552296,255528138145.9158,0.1976721581231063,16.0
walmart,outer_4,streed,4,20,3,0.0005,0.001,0.1,0.1983643535028355,254897906197.63644,599.7427635192871,237855585614.2667,0.253026066219575,247477701693.6046,0.2229495673032316,16.0
walmart,outer_4,streed,4,20,3,0.0005,0.001,0.001,0.1983645225473785,254897852082.2444,599.7339344024658,237855520270.0677,0.2530262714298636,247477646894.33423,0.222949739366397,16.0
walmart,outer_4,streed,4,20,3,0.0005,0.0001,0.1,0.2010082104433362,254185990723.50024,599.7352097034454,241241949366.1692,0.2423913550504532,245082190727.9589,0.2304711856940854,16.0
walmart,outer_4,streed,4,20,3,0.0005,0.0001,0.001,0.2010081154452635,254186020824.9299,599.7380840778351,235231695176.20828,0.2612662669164124,248184080612.1288,0.2207316218457994,16.0
walmart,outer_4,streed,4,20,3,0.0005,1e-05,0.1,0.205597846073379,252800801120.33725,599.7472815513611,234714079489.9316,0.2628918138816687,248275866531.3053,0.2204434250194854,16.0
walmart,outer_4,streed,4,20,3,0.0005,1e-05,0.001,0.2055978361613681,252800805284.87863,599.7389135360718,234714055901.6681,0.2628918879594665,248276064847.46133,0.2204428023304359,16.0
walmart,outer_4,streed,4,20,3,0.0001,0.1,0.1,0.1514897755807479,270057792942.2552,599.7399263381958,255082976071.40775,0.1989242817888705,260660466110.09067,0.1815572611525446,16.0
walmart,outer_4,streed,4,20,3,0.0001,0.1,0.001,0.1514898021016671,270057784419.96408,599.7234873771667,255082958643.3432,0.1989243365208624,260660450923.98413,0.1815573088351059,16.0
walmart,outer_4,streed,4,20,3,0.0001,0.01,0.1,0.1845424463781905,259576643490.81277,599.7340161800385,246646664258.71783,0.2254181099873927,255528155693.77283,0.1976721030249305,16.0
walmart,outer_4,streed,4,20,3,0.0001,0.01,0.001,0.184542485524629,259576631018.8099,599.7137777805328,246646637362.0005,0.2254181944552296,255528138145.9158,0.1976721581231063,16.0
walmart,outer_4,streed,4,20,3,0.0001,0.001,0.1,0.1983643535028355,254897906197.63644,599.7246179580688,237855585614.2667,0.253026066219575,247477701693.6046,0.2229495673032316,16.0
walmart,outer_4,streed,4,20,3,0.0001,0.001,0.001,0.1983645225473785,254897852082.2444,599.7188649177551,237855520270.0677,0.2530262714298636,247477646894.33423,0.222949739366397,16.0
walmart,outer_4,streed,4,20,3,0.0001,0.0001,0.1,0.2010082104433362,254185990723.50024,599.7609548568726,235231757506.21097,0.2612660711720612,248183951336.98727,0.2207320277543074,16.0
walmart,outer_4,streed,4,20,3,0.0001,0.0001,0.001,0.2010081154452635,254186020824.9299,599.7567911148071,235231695176.20828,0.2612662669164124,248184080612.1288,0.2207316218457994,16.0
walmart,outer_4,streed,4,20,3,0.0001,1e-05,0.1,0.205597846073379,252800801120.33725,599.7611970901489,234714079489.9316,0.2628918138816687,248275866531.3053,0.2204434250194854,16.0
walmart,outer_4,streed,4,20,3,0.0001,1e-05,0.001,0.2055978361613681,252800805284.87863,599.758330821991,234714055901.6681,0.2628918879594665,248276064847.46133,0.2204428023304359,16.0
walmart,mean,streed,4,20,3,0.0001,1e-05,0.001,0.20179379019389806,254112384997.3316,599.7472343444824,235402379283.83237,0.26078828153153044,248375614594.50116,0.21988768607884066,16.0
walmart,mean,streed,4,20,3,0.0001,1e-05,0.1,0.20034943579948572,254578804146.102,599.751642370224,235402421436.6581,0.2607881491996833,248375572592.31876,0.2198878159713157,16.0
walmart,mean,streed,4,20,3,0.0001,0.0001,0.001,0.19737198187471247,255497511843.77954,599.7409401893616,236475384737.51596,0.25741785322198646,247677042698.36514,0.22196518311850882,16.0
walmart,mean,streed,4,20,3,0.0001,0.0001,0.1,0.19737201050902248,255497502137.4895,599.7392765998841,236475444790.86508,0.2574176647895964,247677035177.4537,0.2219652052169172,16.0
walmart,mean,streed,4,20,3,0.0001,0.001,0.001,0.19637697966752227,255703547173.2877,599.7326877117157,239216183362.43066,0.24881670261003047,251599856307.53558,0.2095287642511497,16.0
walmart,mean,streed,4,20,3,0.0001,0.001,0.1,0.19637690001443323,255703572449.46173,599.729629278183,239216238087.90787,0.2488165307668535,251599879134.85,0.209528692505623,16.0
walmart,mean,streed,4,20,3,0.0001,0.01,0.001,0.17553546294561317,262452525292.77255,599.73025598526,245795166631.60504,0.22815878628482875,257533775821.45068,0.19090646704098396,16.0
walmart,mean,streed,4,20,3,0.0001,0.01,0.1,0.17430575279300684,262825264712.1643,599.7310674190521,245795198667.26312,0.2281586856657433,257533800860.18866,0.1909063886580269,16.0
walmart,mean,streed,4,20,3,0.0001,0.1,0.001,0.15903588852443537,267665612221.01865,599.7262191295624,253233270202.4271,0.204802456426299,260970603807.14117,0.18015348584217686,16.0
walmart,mean,streed,4,20,3,0.0001,0.1,0.1,0.15903586143889617,267665620779.9188,599.7343033313751,253233287504.3344,0.20480240209415856,260970617865.87466,0.18015344189484997,16.0
walmart,mean,streed,4,20,3,0.0005,1e-05,0.001,0.20179379019389806,254112384997.3316,599.7374522209168,235402379283.83237,0.26078828153153044,248375614594.50116,0.21988768607884066,16.0
walmart,mean,streed,4,20,3,0.0005,1e-05,0.1,0.20034943579948572,254578804146.102,599.7416641235352,235402421436.6581,0.2607881491996833,248375572592.31876,0.2198878159713157,16.0
walmart,mean,streed,4,20,3,0.0005,0.0001,0.001,0.19737198187471247,255497511843.77954,599.7412548065186,236475384737.51596,0.25741785322198646,247677042698.36514,0.22196518311850882,16.0
walmart,mean,streed,4,20,3,0.0005,0.0001,0.1,0.19737201050902248,255497502137.4895,599.7396508216858,237677483162.85675,0.25364272156527473,247056683055.64804,0.22391303680487282,16.0
walmart,mean,streed,4,20,3,0.0005,0.001,0.001,0.19547698971313135,255994176554.07373,599.7428389072418,239216183362.43066,0.24881670261003047,251599856307.53558,0.2095287642511497,16.0
walmart,mean,streed,4,20,3,0.0005,0.001,0.1,0.19678600067087756,255597402172.55518,599.7391691684722,239216238087.90787,0.2488165307668535,251599879134.85,0.209528692505623,16.0
walmart,mean,streed,4,20,3,0.0005,0.01,0.001,0.17440353254090518,262793689442.90527,599.7307845115662,245795166631.60504,0.22815878628482875,257533775821.45068,0.19090646704098396,16.0
walmart,mean,streed,4,20,3,0.0005,0.01,0.1,0.17440347998297456,262793706145.7962,599.7215239524842,245795198667.26312,0.2281586856657433,257533800860.18866,0.1909063886580269,16.0
walmart,mean,streed,4,20,3,0.0005,0.1,0.001,0.15903588852443537,267665612221.01865,599.7183833122253,253226548862.31348,0.20482369012346488,261940621434.6916,0.17717677780425525,16.0
walmart,mean,streed,4,20,3,0.0005,0.1,0.1,0.15903586143889617,267665620779.9188,599.7335683822632,253226565854.3974,0.2048236367701019,261940632899.4393,0.17717674181713244,16.0
walmart,mean,streed,4,20,3,0.001,1e-05,0.001,0.20034942079074955,254578808187.07416,599.7404514789581,236679529954.0916,0.2567774517764498,247904173517.0066,0.22136795476871124,16.0
walmart,mean,streed,4,20,3,0.001,1e-05,0.1,0.20034943579948572,254578804146.102,599.7435436248779,236679573479.74014,0.2567773151333193,247904091430.02353,0.22136821052267383,16.0
walmart,mean,streed,4,20,3,0.001,0.0001,0.001,0.19737198187471247,255497511843.77954,599.743489933014,237677429504.45734,0.25364288991463535,247056710755.70355,0.2239129513463615,16.0
walmart,mean,streed,4,20,3,0.001,0.0001,0.1,0.19737201050902248,255497502137.4895,599.7469930171967,238902215678.00894,0.24980094613755507,247928058945.3453,0.2211641845884081,16.0
walmart,mean,streed,4,20,3,0.001,0.001,0.001,0.19547698971313135,255994176554.07373,599.737434053421,241128580087.20615,0.24281318908500632,253580732669.49512,0.20327635256794113,16.0
walmart,mean,streed,4,20,3,0.001,0.001,0.1,0.19547690605807028,255994203122.5851,599.7315552711486,241391539023.2829,0.24198833190582053,253030565535.16864,0.20501191597384075,16.0
walmart,mean,streed,4,20,3,0.001,0.01,0.001,0.175633190194826,262420966707.2727,599.7325574874878,247627584473.51044,0.22240673923877177,257987170273.72186,0.18947742499033685,16.0
walmart,mean,streed,4,20,3,0.001,0.01,0.1,0.17563314034763927,262420982588.50742,599.7287477016449,247627617135.09595,0.22240663665981714,257987191475.5511,0.18947735872691213,16.0
walmart,mean,streed,4,20,3,0.001,0.1,0.001,0.16263643698639826,266535521736.4781,599.7281452178955,253285614504.5795,0.20463859507876525,262455342139.52972,0.17554614453360712,16.0
walmart,mean,streed,4,20,3,0.001,0.1,0.1,0.16100381617103657,267056776117.01392,599.7274830818176,253285631359.27817,0.20463854215592886,262455353576.1534,0.17554610863558123,16.0
walmart,mean,streed,4,20,3,0.003,1e-05,0.001,0.20033003262977914,254587483342.14716,599.7430104255676,235678276105.07367,0.25992191283582333,248674891467.3838,0.2189600239835054,15.6
walmart,mean,streed,4,20,3,0.003,1e-05,0.1,0.20033004336789667,254587480563.98682,599.7353164196014,235678320235.15146,0.2599217742601435,248674848625.16586,0.21896015609862948,15.6
walmart,mean,streed,4,20,3,0.003,0.0001,0.001,0.1968412255887592,255667026980.25555,599.7368030548096,236751644929.41586,0.2565502690998173,247971112279.24326,0.22105151524691494,15.6
walmart,mean,streed,4,20,3,0.003,0.0001,0.1,0.1968412478756378,255667019207.41632,599.7291733741761,236751704312.70493,0.25655008277510943,247971102186.4709,0.2210515450247467,15.6
walmart,mean,streed,4,20,3,0.003,0.001,0.001,0.19399760315450307,256501093071.31,599.7316215515136,239318634664.47543,0.24849458952519896,251602039162.73795,0.2095220027667321,15.6
walmart,mean,streed,4,20,3,0.003,0.001,0.1,0.19399753316841334,256501114908.93317,599.7252226829529,239318689515.3912,0.24849441729104246,251602060365.40854,0.2095219360823825,15.6
walmart,mean,streed,4,20,3,0.003,0.01,0.001,0.17543779076205457,262483243872.43768,599.7233993530274,245903604323.77945,0.22781654868956017,257612755000.60312,0.19066751239118435,15.6
walmart,mean,streed,4,20,3,0.003,0.01,0.1,0.17543444613541803,262484323725.32257,599.7227097511292,245903639142.8597,0.22781643935486445,257612783814.1206,0.19066742202722514,15.6
walmart,mean,streed,4,20,3,0.003,0.1,0.001,0.15805632778050197,267965322077.84662,599.7144364833832,253599248938.89984,0.20365148211832457,261279019197.39478,0.17918712253964747,15.4
walmart,mean,streed,4,20,3,0.003,0.1,0.1,0.1580563018787457,267965330274.22314,599.722958278656,253599266344.54315,0.20365142745899784,261279033050.7171,0.17918707923384455,15.4
walmart,mean,streed,4,20,3,0.005,1e-05,0.001,0.2020662598920003,254006200160.20596,599.7364396095276,236706441274.73224,0.2566983584179948,250081324657.17758,0.21449685330738005,14.8
walmart,mean,streed,4,20,3,0.005,1e-05,0.1,0.20206620723848157,254006217721.6267,599.7338975429535,236706486005.3073,0.256698217964667,250081295233.1544,0.21449694394809565,14.8
walmart,mean,streed,4,20,3,0.005,0.0001,0.001,0.19774484359956238,255370271346.4454,599.7350141525269,237794255634.9633,0.2532814568481607,248213014217.2293,0.22027900517486948,14.8
walmart,mean,streed,4,20,3,0.005,0.0001,0.1,0.19928577123151126,254872666392.3415,599.7356108188629,237794313948.51114,0.25328127388454896,248213037265.55997,0.2202789307234569,14.8
walmart,mean,streed,4,20,3,0.005,0.001,0.001,0.19550163287865457,256054338496.6363,599.7335158348084,241058248366.32236,0.24304192147844592,252619316630.78802,0.20631030051632862,14.4
walmart,mean,streed,4,20,3,0.005,0.001,0.1,0.1932335446300725,256759445805.51245,599.7331807136536,241058300229.74445,0.24304175861176378,252619341286.0704,0.20631022281648867,14.4
walmart,mean,streed,4,20,3,0.005,0.01,0.001,0.16999867047429834,264265512730.3318,599.7234425067902,248737110835.71622,0.21892692051970944,259404480851.71085,0.18502621693959717,13.6
walmart,mean,streed,4,20,3,0.005,0.01,0.1,0.1688218261192614,264622228010.44647,599.716790485382,248737143292.60117,0.2189268185969227,259404504335.7708,0.18502614348221877,13.6
walmart,mean,streed,4,20,3,0.005,0.1,0.001,0.15646600004295083,268450220673.87036,599.700225687027,254475423127.66895,0.2009067924553602,261914782651.4052,0.1772770340124489,14.8
walmart,mean,streed,4,20,3,0.005,0.1,0.1,0.1564659695692451,268450230353.41632,599.7085931777954,254475439970.89755,0.20090673956660385,261914793594.8108,0.17727699969922273,14.8
walmart,mean,streed,4,20,3,0.008,1e-05,0.001,0.19578021329643103,256038425123.53183,599.7170777797699,240214991404.70035,0.24567103275905108,251673273105.57013,0.20957115770513127,13.2
walmart,mean,streed,4,20,3,0.008,1e-05,0.1,0.1957802090728593,256038427663.01758,599.7181195735932,240215042073.27118,0.24567087364142443,251673286129.0852,0.2095711138812999,13.2
walmart,mean,streed,4,20,3,0.008,0.0001,0.001,0.18949265149274583,258005992280.07455,599.7157628059388,242248828702.29803,0.239279721626807,252075938155.12012,0.2082207752929696,12.8
walmart,mean,streed,4,20,3,0.008,0.0001,0.1,0.1924290118327874,257115948957.81558,599.7090688228607,243925044895.2381,0.2340217194669359,252435904431.4366,0.20708522105793792,12.4
walmart,mean,streed,4,20,3,0.008,0.001,0.001,0.18328837440890483,259920965348.13727,599.7000842094421,247895165877.80167,0.22153338378153956,257071439170.34952,0.19237938171202007,11.6
walmart,mean,streed,4,20,3,0.008,0.001,0.1,0.18328832711103518,259920979941.0346,599.6895377635956,247895214637.41034,0.22153323064670705,257071459504.98492,0.19237931873736866,11.6
walmart,mean,streed,4,20,3,0.008,0.01,0.001,0.15701934490555342,268302006298.26083,599.6793047428131,258759207168.70734,0.18745010282362135,261807507894.84537,0.17756783022312256,9.0
walmart,mean,streed,4,20,3,0.008,0.01,0.1,0.1570192888903904,268302024151.87167,599.6751986980438,258759235190.06024,0.1874500148343742,261807531817.4091,0.17756775526156784,9.0
walmart,mean,streed,4,20,3,0.008,0.1,0.001,0.1449060873441216,272148340279.5042,599.6656311511994,267236961901.77618,0.16083337840642495,271277567342.34756,0.14786438426299328,8.6
walmart,mean,streed,4,20,3,0.008,0.1,0.1,0.14490605398216752,272148350936.3432,599.6732457637787,267236978542.5292,0.1608333261402087,271277580993.1246,0.1478643415742345,8.6
walmart,mean,streed,4,20,3,0.01,1e-05,0.001,0.19232408869221795,257053089660.79233,599.7039766788482,246515123896.76108,0.22587064389854777,252935314757.92657,0.20546671619765147,11.0
walmart,mean,streed,4,20,3,0.01,1e-05,0.1,0.19232414218210334,257053073341.03232,599.7052028179169,246515156927.2745,0.22587054018866554,252935322606.0721,0.2054666914347091,11.0
walmart,mean,streed,4,20,3,0.01,0.0001,0.001,0.18511453483546808,259327659133.2458,599.7032594680786,250241079447.57236,0.21418549308477988,254089361748.01334,0.20181433043640964,10.2
walmart,mean,streed,4,20,3,0.01,0.0001,0.1,0.18511454959065396,259327654976.3518,599.6930967330933,250241119651.16302,0.21418536685002265,254089375108.15033,0.2018142882882362,10.2
walmart,mean,streed,4,20,3,0.01,0.001,0.001,0.17425499973913997,262806834736.32343,599.6890120506287,256026415344.00415,0.1960352316189376,260633191529.28726,0.1811775005465583,9.0
walmart,mean,streed,4,20,3,0.01,0.001,0.1,0.1742549498034116,262806851240.0855,599.6875455379486,256026451886.79053,0.19603511678354235,260633218014.7968,0.18117741794312564,9.0
walmart,mean,streed,4,20,3,0.01,0.01,0.001,0.14436779215684062,272248868555.02286,599.6741870880127,258759207168.70734,0.18745010282362135,261807507894.84537,0.17756783022312256,9.0
walmart,mean,streed,4,20,3,0.01,0.01,0.1,0.14436775211299738,272248881748.95612,599.6765127182007,258759235190.06024,0.1874500148343742,261807531817.4091,0.17756775526156784,9.0
walmart,mean,streed,4,20,3,0.01,0.1,0.001,0.12905867129409812,277154011446.2335,599.6613385677338,271990389074.26935,0.14590417189637508,275563277290.8922,0.13437788890090321,7.0
walmart,mean,streed,4,20,3,0.01,0.1,0.1,0.12905864232239034,277154020701.82214,599.6556028842926,271990403983.25922,0.14590412508819145,275563288213.5216,0.13437785478786224,7.0
walmart,mean,streed,4,20,3,0.03,1e-05,0.001,0.08482221272452248,291251445988.5058,599.6428609371185,289591316660.9971,0.09059059244978325,291680939267.7713,0.08395503598496674,2.6
walmart,mean,streed,4,20,3,0.03,1e-05,0.1,0.08482222561433775,291251442199.0725,599.6426230430603,289591318073.0602,0.09059058801725475,291680938974.6627,0.08395503695547238,2.6
walmart,mean,streed,4,20,3,0.03,0.0001,0.001,0.08584680381674539,290948340840.7458,599.636015367508,289591497894.0863,0.0905900244594241,291680939158.04694,0.08395502570485333,2.6
walmart,mean,streed,4,20,3,0.03,0.0001,0.1,0.0858468161456853,290948337222.4973,599.6463819980621,289591499382.1545,0.0905900197886672,291680938938.3644,0.08395502644300384,2.6
walmart,mean,streed,4,20,3,0.03,0.001,0.001,0.0858503239426118,290947698739.89685,599.6359757423401,289597854563.5362,0.09057009290798214,291677314701.46185,0.08396633944925784,2.6
walmart,mean,streed,4,20,3,0.03,0.001,0.1,0.08585033316112547,290947696097.7423,599.6490022659302,289597856913.34796,0.0905700855358519,291677315359.77136,0.08396633741083924,2.6
walmart,mean,streed,4,20,3,0.03,0.01,0.001,0.07622875954151243,293976185710.4247,599.6421656131745,289706581891.5168,0.09022934699703766,291773366145.54016,0.08366107059251904,2.6
walmart,mean,streed,4,20,3,0.03,0.01,0.1,0.07622875181485336,293976188381.97363,599.6374215126037,289706589179.1605,0.09022932414695882,291773372332.81537,0.08366105107135742,2.6
walmart,mean,streed,4,20,3,0.03,0.1,0.001,0.06308448972797658,298129929085.00665,599.6374370098114,296771554567.8509,0.06808668581974087,297838636817.8976,0.06446047093208415,2.0
walmart,mean,streed,4,20,3,0.03,0.1,0.1,0.06308447770300965,298129933066.9845,599.648187494278,296771560174.86835,0.06808666822292926,297838641490.34784,0.06446045616412413,2.0
walmart,mean,streed,4,20,3,0.05,1e-05,0.001,0.02446951709402758,310423449676.2389,599.6787432670593,310747592419.8657,0.02419308716036118,311378315564.1108,0.021833754004766382,1.0
walmart,mean,streed,4,20,3,0.05,1e-05,0.1,0.02446952378592206,310423447716.7289,599.6711796760559,310747591633.7455,0.024193089632953517,311378311807.33594,0.02183376596357186,1.0
walmart,mean,streed,4,20,3,0.05,0.0001,0.001,0.024469573469909082,310423440395.23254,599.6769458293915,310747611378.2792,0.02419302763804524,311378278083.0183,0.02183387799338168,1.0
walmart,mean,streed,4,20,3,0.05,0.0001,0.1,0.024469580150465818,310423438439.3024,599.6779990673065,310747610595.5885,0.024193030099868902,311378274330.00116,0.02183388994036612,1.0
walmart,mean,streed,4,20,3,0.05,0.001,0.001,0.02447010262301716,310423358440.58093,599.6797342300415,310747810689.4355,0.02419240187349714,311377913690.3567,0.02183508507151016,1.0
walmart,mean,streed,4,20,3,0.05,0.001,0.1,0.024470109190476617,310423356520.36206,599.6801523208618,310747809940.96155,0.0241924042278802,311377909974.8338,0.02183509690054326,1.0
walmart,mean,streed,4,20,3,0.05,0.01,0.001,0.02447202877053298,310423594427.76013,599.6837048530579,310750752343.9562,0.02418316594576702,311375286534.63025,0.0218439538619133,1.0
walmart,mean,streed,4,20,3,0.05,0.01,0.1,0.02447203423418656,310423592856.06036,599.6832817554474,310750751929.93396,0.0241831672499688,311375283185.94666,0.021843964536912442,1.0
walmart,mean,streed,4,20,3,0.05,0.1,0.001,0.021196805423730418,311463867662.901,599.6801249980927,310854765793.3091,0.02385658394562426,311429645104.70154,0.021678650500128398,1.0
walmart,mean,streed,4,20,3,0.05,0.1,0.1,0.02119680364345116,311463868378.0102,599.7012798786163,310854768068.98065,0.02385657680404084,311429644734.94006,0.02167865180272572,1.0
walmart,mean,streed,4,20,3,0.08,1e-05,0.001,0.02137765442162782,311398016957.2616,599.724642944336,310747592419.8657,0.02419308716036118,311378315564.1108,0.021833754004766382,1.0
walmart,mean,streed,4,20,3,0.08,1e-05,0.1,0.0213776629408472,311398014421.7716,599.7248282432556,310747591633.7455,0.024193089632953517,311378311807.33594,0.02183376596357186,1.0
walmart,mean,streed,4,20,3,0.08,0.0001,0.001,0.02137775307574946,311397994349.9876,599.7285462379456,310747611378.2792,0.02419302763804524,311378278083.0183,0.02183387799338168,1.0
walmart,mean,streed,4,20,3,0.08,0.0001,0.1,0.021377761583502818,311397991818.1179,599.7306723594666,310747610595.5885,0.024193030099868902,311378274330.00116,0.02183388994036612,1.0
walmart,mean,streed,4,20,3,0.08,0.001,0.001,0.021378707049858062,311397778490.0849,599.732025384903,310747810689.4355,0.02419240187349714,311377913690.3567,0.02183508507151016,1.0
walmart,mean,streed,4,20,3,0.08,0.001,0.1,0.0213787154432071,311397775994.3385,599.722900056839,310747809940.96155,0.0241924042278802,311377909974.8338,0.02183509690054326,1.0
walmart,mean,streed,4,20,3,0.08,0.01,0.001,0.02138506858923718,311396616424.2953,599.7262944698334,310750752343.9562,0.02418316594576702,311375286534.63025,0.0218439538619133,1.0
walmart,mean,streed,4,20,3,0.08,0.01,0.1,0.02138507586365984,311396614281.83386,599.7190839290619,310750751929.93396,0.0241831672499688,311375283185.94666,0.021843964536912442,1.0
walmart,mean,streed,4,20,3,0.08,0.1,0.001,0.021196805423730418,311463867662.901,599.722105550766,310854765793.3091,0.02385658394562426,311429645104.70154,0.021678650500128398,1.0
walmart,mean,streed,4,20,3,0.08,0.1,0.1,0.02119680364345116,311463868378.0102,599.7265783786773,310854768068.98065,0.02385657680404084,311429644734.94006,0.02167865180272572,1.0
walmart,mean,streed,4,20,3,0.1,1e-05,0.001,0.02137765442162782,311398016957.2616,599.6649746418,310747592419.8657,0.02419308716036118,311378315564.1108,0.021833754004766382,1.0
walmart,mean,streed,4,20,3,0.1,1e-05,0.1,0.0213776629408472,311398014421.7716,599.7484533786774,310747591633.7455,0.024193089632953517,311378311807.33594,0.02183376596357186,1.0
walmart,mean,streed,4,20,3,0.1,0.0001,0.001,0.02137775307574946,311397994349.9876,599.7446309566498,310747611378.2792,0.02419302763804524,311378278083.0183,0.02183387799338168,1.0
walmart,mean,streed,4,20,3,0.1,0.0001,0.1,0.021377761583502818,311397991818.1179,599.7329249858856,310747610595.5885,0.024193030099868902,311378274330.00116,0.02183388994036612,1.0
walmart,mean,streed,4,20,3,0.1,0.001,0.001,0.021378707049858062,311397778490.0849,599.704184961319,310747810689.4355,0.02419240187349714,311377913690.3567,0.02183508507151016,1.0
walmart,mean,streed,4,20,3,0.1,0.001,0.1,0.0213787154432071,311397775994.3385,599.6181767940521,310747809940.96155,0.0241924042278802,311377909974.8338,0.02183509690054326,1.0
walmart,mean,streed,4,20,3,0.1,0.01,0.001,0.02138506858923718,311396616424.2953,599.6905646800994,310750752343.9562,0.02418316594576702,311375286534.63025,0.0218439538619133,1.0
walmart,mean,streed,4,20,3,0.1,0.01,0.1,0.02138507586365984,311396614281.83386,599.7310361385346,310750751929.93396,0.0241831672499688,311375283185.94666,0.021843964536912442,1.0
walmart,mean,streed,4,20,3,0.1,0.1,0.001,0.021196805423730418,311463867662.901,599.7234786510468,310854765793.3091,0.02385658394562426,311429645104.70154,0.021678650500128398,1.0
walmart,mean,streed,4,20,3,0.1,0.1,0.1,0.02119680364345116,311463868378.0102,599.8182860374451,310854768068.98065,0.02385657680404084,311429644734.94006,0.02167865180272572,1.0
walmart,std,streed,4,20,3,0.0001,1e-05,0.001,0.017665025730685777,6115109806.500537,0.011478948996873826,2530904960.2032547,0.008155248649483703,7961446797.705602,0.017891443431390062,0.0
walmart,std,streed,4,20,3,0.0001,1e-05,0.1,0.016691440433714,5662686708.226578,0.009300769436504404,2530925863.6122675,0.008155308256235502,7961387090.265775,0.017891294129133622,0.0
walmart,std,streed,4,20,3,0.0001,0.0001,0.001,0.014376212654473256,4999101911.767283,0.013473135623428502,2209629777.9931536,0.007309204130095497,6434595260.56335,0.018316185173673366,0.0
walmart,std,streed,4,20,3,0.0001,0.0001,0.1,0.014376245226606004,4999115103.273675,0.012448051975091074,2209612384.5655184,0.0073091337205386546,6434577797.362666,0.018316205199485514,0.0
walmart,std,streed,4,20,3,0.0001,0.001,0.001,0.006797249486063409,2639975064.681718,0.008603688998247367,1478564499.7768323,0.004080668153431669,11721538595.780373,0.03903158606075436,0.0
walmart,std,streed,4,20,3,0.0001,0.001,0.1,0.006797225568383988,2639971152.791945,0.003639839216909421,1478554948.9688573,0.004080632738930641,11721502079.643057,0.03903147689867018,0.0
walmart,std,streed,4,20,3,0.0001,0.01,0.001,0.007380475711163757,1927966715.3115494,0.013006727523725767,1595704297.561927,0.004171129137927272,9063976404.017654,0.03054598683400049,0.0
walmart,std,streed,4,20,3,0.0001,0.01,0.1,0.008534970915372359,2459747516.1384244,0.007631635856337378,1595698860.8597035,0.004171113374467254,9063975129.856014,0.03054597436882803,0.0
walmart,std,streed,4,20,3,0.0001,0.1,0.001,0.005172729254873533,2195078291.342063,0.0037983215159849175,1570441987.760674,0.003863165668019173,5181436382.988138,0.01698887740103202,0.0
walmart,std,streed,4,20,3,0.0001,0.1,0.1,0.0051727267899920526,2195077251.547364,0.006992577170448007,1570441582.6443205,0.0038631641603626165,5181437967.923298,0.016988869242916312,0.0
walmart,std,streed,4,20,3,0.0005,1e-05,0.001,0.017665025730685777,6115109806.500537,0.016710528549386983,2530904960.2032547,0.008155248649483703,7961446797.705602,0.017891443431390062,0.0
walmart,std,streed,4,20,3,0.0005,1e-05,0.1,0.016691440433714,5662686708.226578,0.008602861077487499,2530925863.6122675,0.008155308256235502,7961387090.265775,0.017891294129133622,0.0
walmart,std,streed,4,20,3,0.0005,0.0001,0.001,0.014376212654473256,4999101911.767283,0.002264908055469081,2209629777.9931536,0.007309204130095497,6434595260.56335,0.018316185173673366,0.0
walmart,std,streed,4,20,3,0.0005,0.0001,0.1,0.014376245226606004,4999115103.273675,0.005179073572346183,2893003375.63682,0.009399767469686078,6522408214.578116,0.018666776833368485,0.0
walmart,std,streed,4,20,3,0.0005,0.001,0.001,0.006521207215987578,2346665546.2726407,0.007715264657777682,1478564499.7768323,0.004080668153431669,11721538595.780373,0.03903158606075436,0.0
walmart,std,streed,4,20,3,0.0005,0.001,0.1,0.006611727563551822,2241571233.9300795,0.0069946286032861755,1478554948.9688573,0.004080632738930641,11721502079.643057,0.03903147689867018,0.0
walmart,std,streed,4,20,3,0.0005,0.01,0.001,0.008409386734034723,2441860713.342997,0.00851117804923312,1595704297.561927,0.004171129137927272,9063976404.017654,0.03054598683400049,0.0
walmart,std,streed,4,20,3,0.0005,0.01,0.1,0.008409405234979014,2441866627.456621,0.02326550672070227,1595698860.8597035,0.004171113374467254,9063975129.856014,0.03054597436882803,0.0
walmart,std,streed,4,20,3,0.0005,0.1,0.001,0.005172729254873533,2195078291.342063,0.015073202269855895,1580874038.6631103,0.0038726165820235654,5837846206.777098,0.014674067208576131,0.0
walmart,std,streed,4,20,3,0.0005,0.1,0.1,0.0051727267899920526,2195077251.547364,0.013485166216352214,1580874120.1900465,0.0038726155300090903,5837847104.604625,0.014674068537814385,0.0
walmart,std,streed,4,20,3,0.001,1e-05,0.001,0.016691424474921324,5662677479.805442,0.013132415684802723,3516150937.8984065,0.011218236894483261,8038236632.524871,0.018251411672686388,0.0
walmart,std,streed,4,20,3,0.001,1e-05,0.1,0.016691440433714,5662686708.226578,0.005132581889667703,3516159712.504843,0.011218260888701436,8038201332.193838,0.018251371106648796,0.0
walmart,std,streed,4,20,3,0.001,0.0001,0.001,0.014376212654473256,4999101911.767283,0.007719590561732161,2893025326.933017,0.009399848597436413,6522403332.175614,0.018666679298370712,0.0
walmart,std,streed,4,20,3,0.001,0.0001,0.1,0.014376245226606004,4999115103.273675,0.009275154833795183,2935760841.6491113,0.009115223146125942,8187798910.186407,0.024794977928669783,0.0
walmart,std,streed,4,20,3,0.001,0.001,0.001,0.006521207215987578,2346665546.2726407,0.013627547953974924,2597659072.494582,0.007634599842055972,12817422910.02292,0.04299041054880542,0.0
walmart,std,streed,4,20,3,0.001,0.001,0.1,0.006521171200502246,2346657004.3806167,0.0055342375257577715,2864412503.58789,0.008423666804663284,12397920189.086033,0.04158023169606591,0.0
walmart,std,streed,4,20,3,0.001,0.01,0.001,0.007214108624281526,1897367687.9580917,0.0045759009209621745,3178536773.008734,0.009377067274378358,9329067526.031404,0.03147999771240363,0.0
walmart,std,streed,4,20,3,0.001,0.01,0.1,0.007214120850726856,1897371557.6605716,0.01344728746366882,3178530458.7482357,0.009377047644972068,9329061195.077402,0.03147996853584323,0.0
walmart,std,streed,4,20,3,0.001,0.1,0.001,0.0030609912874276944,1810872984.4748745,0.007315613012930208,1592820838.3797882,0.00382263604555402,5681366359.220359,0.01502627258940783,0.0
walmart,std,streed,4,20,3,0.001,0.1,0.1,0.005905443242517685,2414837294.513606,0.019895959474868396,1592820839.566494,0.003822634877482413,5681366736.745584,0.015026271812574685,0.0
walmart,std,streed,4,20,3,0.003,1e-05,0.001,0.016705727974219136,5652303135.223338,0.00951576075893425,2932956701.2150826,0.009385480880516689,8186575657.193075,0.018165920160243897,0.5477225575051662
walmart,std,streed,4,20,3,0.003,1e-05,0.1,0.016705739431098588,5652311134.735667,0.01415375579807765,2932978528.451494,0.009385547779805457,8186506222.151148,0.018165745950073624,0.5477225575051662
walmart,std,streed,4,20,3,0.003,0.0001,0.001,0.014118077766677496,4847617816.403893,0.004711667127430652,2615955596.8252835,0.008534404544932964,6426360969.808523,0.017731053098981243,0.5477225575051662
walmart,std,streed,4,20,3,0.003,0.0001,0.1,0.014118103090617602,4847628864.193826,0.010889064298597722,2615937310.4955044,0.008534332982785277,6426335697.14418,0.01773106803364353,0.5477225575051662
walmart,std,streed,4,20,3,0.003,0.001,0.001,0.007102347498325456,2591398008.7169085,0.008866829465900406,1494322227.4315755,0.0042258970207349695,11721401450.961277,0.03902881283352856,0.547722557505166
walmart,std,streed,4,20,3,0.003,0.001,0.1,0.007102324348959257,2591392736.6611,0.012772840676935038,1494312430.2671685,0.004225860981036792,11721365022.554445,0.03902870497593597,0.547722557505166
walmart,std,streed,4,20,3,0.003,0.01,0.001,0.00725429597003948,1885284372.6415074,0.006140339598572179,1525012287.491887,0.0043048907488329,9110005925.498657,0.03038814860418405,0.5477225575051662
walmart,std,streed,4,20,3,0.003,0.01,0.1,0.007259999277201416,1886355493.4761117,0.009284369223190463,1525012176.9640203,0.004304889359900294,9109998184.379725,0.030388120517443162,0.5477225575051662
walmart,std,streed,4,20,3,0.003,0.1,0.001,0.005733545527714435,2367804056.455913,0.006230759743873261,1682222847.4802148,0.004682439380723157,5164718258.8858185,0.016792455131927328,0.5477225575051662
walmart,std,streed,4,20,3,0.003,0.1,0.1,0.005733542193387059,2367802798.2638574,0.008842440136220632,1682222363.6786785,0.00468243809097247,5164719769.495202,0.01679244681062017,0.5477225575051662
walmart,std,streed,4,20,3,0.005,1e-05,0.001,0.01931384023003206,6579187448.7292385,0.0063394672764921275,3079187604.7506156,0.009338244990860934,6688654237.71885,0.014009036140565213,0.44721359549995776
walmart,std,streed,4,20,3,0.005,1e-05,0.1,0.019313814112084226,6579178263.724371,0.013832915944915258,3079207316.021649,0.00933830778095526,6688632828.24566,0.014009066113987324,0.44721359549995776
walmart,std,streed,4,20,3,0.005,0.0001,0.001,0.013862523121407185,4767947410.016465,0.013530820671276804,2718315136.2721972,0.008272578042263555,6173105252.884397,0.017516504784331213,0.44721359549995776
walmart,std,streed,4,20,3,0.005,0.0001,0.1,0.014830933718723786,5243564839.982148,0.009471100429060405,2718301338.3019814,0.008272516231449971,6173107689.622087,0.017516627548424438,0.44721359549995776
walmart,std,streed,4,20,3,0.005,0.001,0.001,0.007799450060389317,2861534603.4183264,0.005815413476706723,2328887163.8381696,0.005501007518652003,11966134521.054626,0.04015115560745252,0.5477225575051662
walmart,std,streed,4,20,3,0.005,0.001,0.1,0.006548527089403154,2419126369.5324564,0.005381625726849429,2328879589.5857,0.005500976509804211,11966095492.629955,0.04015104478592863,0.5477225575051662
walmart,std,streed,4,20,3,0.005,0.01,0.001,0.00611162384612161,2342248512.095147,0.009823974974971394,3849557897.023766,0.011196330756394077,6649391166.962058,0.023658351549284723,1.6733200530681511
walmart,std,streed,4,20,3,0.005,0.01,0.1,0.007135055045101907,2705505014.7764063,0.0072984824165028194,3849553395.453147,0.011196315593251368,6649399612.444307,0.02365836220648914,1.6733200530681511
walmart,std,streed,4,20,3,0.005,0.1,0.001,0.006637681406040982,2652440121.2112274,0.011614337495095124,2737056681.811121,0.007373853702012587,6600272219.34977,0.016452887070837297,1.095445115010332
walmart,std,streed,4,20,3,0.005,0.1,0.1,0.00663766751367088,2652435748.118514,0.018505990490845305,2737056046.443421,0.007373850999172186,6600274200.506177,0.01645289068191991,1.095445115010332
walmart,std,streed,4,20,3,0.008,1e-05,0.001,0.01516941167558641,5416697256.960301,0.01051293354125216,3584806647.726918,0.011784342899283045,9479474965.63236,0.02215851643673696,0.8366600265340753
walmart,std,streed,4,20,3,0.008,1e-05,0.1,0.01516946585961244,5416713764.457997,0.00810068955087796,3584818436.9670463,0.011784378887728134,9479415845.951395,0.022158400650755923,0.8366600265340753
walmart,std,streed,4,20,3,0.008,0.0001,0.001,0.013696233734032547,5001890122.290023,0.01371083787133449,4077766949.5865054,0.013604505931093466,8008045936.242703,0.02025391480528901,1.0954451150103324
walmart,std,streed,4,20,3,0.008,0.0001,0.1,0.008003792140778471,3371189502.4431076,0.0075594124594241694,3829000010.3517814,0.012444003497565208,8557486073.4126625,0.022594574103152458,0.8944271909999159
walmart,std,streed,4,20,3,0.008,0.001,0.001,0.011889355705838177,4458907487.856595,0.008164597650540669,6239798245.221828,0.02089506776353312,9041598071.369148,0.029752501836495943,2.3021728866442674
walmart,std,streed,4,20,3,0.008,0.001,0.1,0.011889335096213392,4458903137.329163,0.012669679285312178,6239790127.366497,0.020895045185465772,9041569267.289154,0.029752383818810395,2.3021728866442674
walmart,std,streed,4,20,3,0.008,0.01,0.001,0.003886890988461399,1862247966.8957245,0.010023580243495067,1216901566.001197,0.002158015920904531,5272496187.741019,0.014470037365439867,0.0
walmart,std,streed,4,20,3,0.008,0.01,0.1,0.003886893320712704,1862249505.3442032,0.008339091974644955,1216900849.4547305,0.00215801012402947,5272497589.416661,0.01447002870649508,0.0
walmart,std,streed,4,20,3,0.008,0.1,0.001,0.004419363162861063,1969821328.0571015,0.003671786328060555,2433648709.993357,0.006125942626198387,8036929420.081223,0.021759920393613408,0.8944271909999157
walmart,std,streed,4,20,3,0.008,0.1,0.1,0.004419360484073582,1969820476.9048893,0.009815091024800559,2433648242.0859823,0.006125942537351778,8036930025.18888,0.021759912798882897,0.8944271909999157
walmart,std,streed,4,20,3,0.01,1e-05,0.001,0.011839066031674776,4275190769.6768703,0.010877176653930795,7438548688.354987,0.02429364928905516,7067899477.803853,0.01938527344944151,2.0
walmart,std,streed,4,20,3,0.01,1e-05,0.1,0.011839056505580446,4275185846.8836894,0.008286665876350456,7438542740.951319,0.024293631008728785,7067869650.83863,0.019385170350386813,2.0
walmart,std,streed,4,20,3,0.01,0.0001,0.001,0.01530586438369776,5305510301.6475935,0.004537111176228218,4633223397.435584,0.01508290277125125,5702927024.694688,0.01598662998688678,1.3038404810405297
walmart,std,streed,4,20,3,0.01,0.0001,0.1,0.015305790710311915,5305488943.84594,0.021605673362272246,4633216880.559201,0.015082882324206548,5702908080.122493,0.015986574191927432,1.3038404810405297
walmart,std,streed,4,20,3,0.01,0.001,0.001,0.01056878395239272,4125919702.929448,0.011197209858892053,1433697656.999009,0.0017775166140480687,5280870106.612652,0.0193089010616911,0.0
walmart,std,streed,4,20,3,0.01,0.001,0.1,0.010568769343795496,4125914687.1813946,0.006609131785005471,1433688453.5385976,0.0017774899016331025,5280869468.511332,0.019308868561809953,0.0
walmart,std,streed,4,20,3,0.01,0.01,0.001,0.005760410475202072,1980113608.599821,0.011154407423453517,1216901566.001197,0.002158015920904531,5272496187.741019,0.014470037365439867,0.0
walmart,std,streed,4,20,3,0.01,0.01,0.1,0.005760394500519857,1980107226.5331097,0.007950863928436185,1216900849.4547305,0.00215801012402947,5272497589.416661,0.01447002870649508,0.0
walmart,std,streed,4,20,3,0.01,0.1,0.001,0.006970784796964506,2664242762.403172,0.012713229516667675,1649827992.3416908,0.0032928221940315174,5113015456.272856,0.011677590277104926,0.0
walmart,std,streed,4,20,3,0.01,0.1,0.1,0.006970786499582273,2664243418.6494427,0.006581038022562238,1649828496.6648555,0.0032928216580587933,5113019948.674771,0.011677590812872668,0.0
walmart,std,streed,4,20,3,0.03,1e-05,0.001,0.006862462455129146,2182482093.4566007,0.01856606409051976,5457411462.42204,0.019372812633960103,10214613886.357912,0.020139995653200817,0.5477225575051662
walmart,std,streed,4,20,3,0.03,1e-05,0.1,0.006862459530186854,2182482471.3800364,0.01604454506790744,5457411013.952733,0.019372811304190704,10214614105.441767,0.020139993670853402,0.5477225575051662
walmart,std,streed,4,20,3,0.03,0.0001,0.001,0.004955940698021559,1623505751.0935063,0.022994661036545454,5457262594.792138,0.01937233397423549,10213940939.322348,0.020137228790573312,0.5477225575051662
walmart,std,streed,4,20,3,0.03,0.0001,0.1,0.00495593785117182,1623506617.7686648,0.016587802955672713,5457262085.023391,0.01937233244843622,10213941110.800653,0.020137226665422742,0.5477225575051662
walmart,std,streed,4,20,3,0.03,0.001,0.001,0.004959488158211744,1625438735.2419128,0.023179319850459307,5450684899.884981,0.019352331617044045,10209056293.761375,0.02011670958982617,0.5477225575051662
walmart,std,streed,4,20,3,0.03,0.001,0.1,0.004959484544827562,1625439364.8647587,0.01472610648361126,5450683643.257783,0.019352327744926887,10209055923.66556,0.020116705799696037,0.5477225575051662
walmart,std,streed,4,20,3,0.03,0.01,0.001,0.012479018658315126,3261214997.275147,0.017709707995035354,5360484148.236168,0.01906211032699752,10071412562.594704,0.019625741110629095,0.5477225575051662
walmart,std,streed,4,20,3,0.03,0.01,0.1,0.012479008559764587,3261212250.406218,0.01515948372910341,5360479121.346524,0.01906209435555381,10071408927.332754,0.01962572735997911,0.5477225575051662
walmart,std,streed,4,20,3,0.03,0.1,0.001,0.0021578064755911333,1339359054.1174908,0.014693412614504055,1443226905.445353,0.00159403265776673,5716429875.472864,0.006808803797777118,0.0
walmart,std,streed,4,20,3,0.03,0.1,0.1,0.002157808555647645,1339361164.5959992,0.011744656851191792,1443228042.3714535,0.001594035210012662,5716426926.205664,0.006808794760498257,0.0
walmart,std,streed,4,20,3,0.05,1e-05,0.001,0.005341736422569849,2777328037.5257154,0.015415329356080544,1012017346.9742776,0.0024587923217050463,3904084420.620221,0.009467701460330226,0.0
walmart,std,streed,4,20,3,0.05,1e-05,0.1,0.005341735583091798,2777327809.606156,0.029061325340941652,1012017564.9476691,0.002458791217564754,3904085385.479343,0.00946768514628185,0.0
walmart,std,streed,4,20,3,0.05,0.0001,0.001,0.005341635389741172,2777297285.639635,0.01063214977680031,1012012211.5314444,0.0024587661074126094,3903967578.7251344,0.009466415520340804,0.0
walmart,std,streed,4,20,3,0.05,0.0001,0.1,0.0053416345506073085,2777297057.833268,0.009842859318753623,1012012429.4965544,0.002458765002882322,3903968544.108597,0.009466399208129693,0.0
walmart,std,streed,4,20,3,0.05,0.001,0.001,0.0053406222888171635,2776988906.3060904,0.012698365224409355,1011960506.5718409,0.0024585008369021333,3902803632.7863693,0.009453575567718184,0.0
walmart,std,streed,4,20,3,0.05,0.001,0.1,0.00534062145317225,2776988679.6460495,0.005854254870335899,1011960724.4535625,0.0024584997284864984,3902804603.39977,0.009453559273852642,0.0
walmart,std,streed,4,20,3,0.05,0.01,0.001,0.005330245992874708,2773829062.596786,0.010655041180756993,1011409723.8660048,0.002455544412588008,3891601725.2735653,0.009327091239548535,0.0
walmart,std,streed,4,20,3,0.05,0.01,0.1,0.0053302451959771355,2773828848.593737,0.004751671567597744,1011409940.9280192,0.0024555432667383325,3891602746.8326526,0.009327075126454372,0.0
walmart,std,streed,4,20,3,0.05,0.1,0.001,0.0025299379389458225,1024778798.644756,0.007328660680975334,1003618835.7401958,0.00240304591334473,3815094470.4200735,0.008228178200079253,0.0
walmart,std,streed,4,20,3,0.05,0.1,0.1,0.002529936420925159,1024779416.3752322,0.008387438674938954,1003619046.6941277,0.002403044508156258,3815095886.067481,0.00822816366305453,0.0
walmart,std,streed,4,20,3,0.08,1e-05,0.001,0.0025877703055088475,1043083297.7343833,0.0074324908059013265,1012017346.9742776,0.0024587923217050463,3904084420.620221,0.009467701460330226,0.0
walmart,std,streed,4,20,3,0.08,1e-05,0.1,0.002587769152521795,1043083956.0876864,0.003211211145306877,1012017564.9476691,0.002458791217564754,3904085385.479343,0.00946768514628185,0.0
walmart,std,streed,4,20,3,0.08,0.0001,0.001,0.002587743710934308,1043068163.2382749,0.009994438437677946,1012012211.5314444,0.0024587661074126094,3903967578.7251344,0.009466415520340804,0.0
walmart,std,streed,4,20,3,0.08,0.0001,0.1,0.002587742557461244,1043068821.5278586,0.0060984126426846695,1012012429.4965544,0.002458765002882322,3903968544.108597,0.009466399208129693,0.0
walmart,std,streed,4,20,3,0.08,0.001,0.001,0.002587474446432216,1042916582.1848111,0.007896977278280218,1011960506.5718409,0.0024585008369021333,3902803632.7863693,0.009453575567718184,0.0
walmart,std,streed,4,20,3,0.08,0.001,0.1,0.002587473288118958,1042917239.8410059,0.005670818848893257,1011960724.4535625,0.0024584997284864984,3902804603.39977,0.009453559273852642,0.0
walmart,std,streed,4,20,3,0.08,0.01,0.001,0.002584459487918622,1041378414.2120955,0.014766326810440086,1011409723.8660048,0.002455544412588008,3891601725.2735653,0.009327091239548535,0.0
walmart,std,streed,4,20,3,0.08,0.01,0.1,0.0025844582831204307,1041379065.8697283,0.009253151906444303,1011409940.9280192,0.0024555432667383325,3891602746.8326526,0.009327075126454372,0.0
walmart,std,streed,4,20,3,0.08,0.1,0.001,0.0025299379389458225,1024778798.644756,0.010597376865782965,1003618835.7401958,0.00240304591334473,3815094470.4200735,0.008228178200079253,0.0
walmart,std,streed,4,20,3,0.08,0.1,0.1,0.002529936420925159,1024779416.3752322,0.011451124345866526,1003619046.6941277,0.002403044508156258,3815095886.067481,0.00822816366305453,0.0
walmart,std,streed,4,20,3,0.1,1e-05,0.001,0.0025877703055088475,1043083297.7343833,0.14796709828209406,1012017346.9742776,0.0024587923217050463,3904084420.620221,0.009467701460330226,0.0
walmart,std,streed,4,20,3,0.1,1e-05,0.1,0.002587769152521795,1043083956.0876864,0.013035294754466428,1012017564.9476691,0.002458791217564754,3904085385.479343,0.00946768514628185,0.0
walmart,std,streed,4,20,3,0.1,0.0001,0.001,0.002587743710934308,1043068163.2382749,0.019603528184709354,1012012211.5314444,0.0024587661074126094,3903967578.7251344,0.009466415520340804,0.0
walmart,std,streed,4,20,3,0.1,0.0001,0.1,0.002587742557461244,1043068821.5278586,0.013361967727686686,1012012429.4965544,0.002458765002882322,3903968544.108597,0.009466399208129693,0.0
walmart,std,streed,4,20,3,0.1,0.001,0.001,0.002587474446432216,1042916582.1848111,0.04597037066949091,1011960506.5718409,0.0024585008369021333,3902803632.7863693,0.009453575567718184,0.0
walmart,std,streed,4,20,3,0.1,0.001,0.1,0.002587473288118958,1042917239.8410059,0.256518164501596,1011960724.4535625,0.0024584997284864984,3902804603.39977,0.009453559273852642,0.0
walmart,std,streed,4,20,3,0.1,0.01,0.001,0.002584459487918622,1041378414.2120955,0.09106396579191192,1011409723.8660048,0.002455544412588008,3891601725.2735653,0.009327091239548535,0.0
walmart,std,streed,4,20,3,0.1,0.01,0.1,0.0025844582831204307,1041379065.8697283,0.016856479147808655,1011409940.9280192,0.0024555432667383325,3891602746.8326526,0.009327075126454372,0.0
walmart,std,streed,4,20,3,0.1,0.1,0.001,0.0025299379389458225,1024778798.644756,0.012229614322709813,1003618835.7401958,0.00240304591334473,3815094470.4200735,0.008228178200079253,0.0
walmart,std,streed,4,20,3,0.1,0.1,0.1,0.002529936420925159,1024779416.3752322,0.010065671208643396,1003619046.6941277,0.002403044508156258,3815095886.067481,0.00822816366305453,0.0
walmart,best_by_mean_val_r2,streed,4,20,3,0.005,1e-05,0.001,0.2020662598920003,254006200160.20596,599.7364396095276,236706441274.73224,0.2566983584179948,250081324657.17758,0.21449685330738005,14.8
