dataset,outer,method,depth,n_thresholds,cv_folds,cost_complexity,ridge_penalty,lasso_penalty,val_r2,val_mse,train_time_s,train_mse,train_r2,test_mse,test_r2,n_leaves,threshold_label
servo,outer_0,streed,4,133.0,3,0.1,0.1,0.1,0.3277514385863054,1.5771003950583926,0.0033750534057617,1.5608859441783256,0.3407288549070838,1.7236542964937822,0.3322503771923425,1.0,full
servo,outer_0,streed,4,133.0,3,0.1,0.1,0.001,0.5653907211167567,1.0270533565489786,0.0024793148040771,0.9724399066381356,0.5892707131007846,0.902537019762006,0.6503540438810952,2.0,full
servo,outer_0,streed,4,133.0,3,0.1,0.01,0.1,0.4014500140890759,1.3939653942289432,0.0033249855041503,1.2776936547561348,0.4603407366241263,1.1874922378407604,0.5399614090144501,2.0,full
servo,outer_0,streed,4,133.0,3,0.1,0.01,0.001,0.5510757421935519,1.0634957440553032,0.002535343170166,0.9653672066697304,0.5922580082484282,0.9025321519495954,0.6503559296884219,2.0,full
servo,outer_0,streed,4,133.0,3,0.1,0.001,0.1,0.4019974764234801,1.3926692479100395,0.0033674240112304,1.273935143740072,0.4619282183172288,1.1747385597105735,0.5449022279351388,2.0,full
servo,outer_0,streed,4,133.0,3,0.1,0.001,0.001,0.5555399026408904,1.0525537892879675,0.002467393875122,0.9650972531510348,0.5923720284726837,0.9037034128644924,0.6499021791679592,2.0,full
servo,outer_0,streed,4,133.0,3,0.1,0.0001,0.1,0.4020448446299602,1.3925578088068746,0.0032923221588134,1.27357602566132,0.4620798989623685,1.1734501590866355,0.5454013587831339,2.0,full
servo,outer_0,streed,4,133.0,3,0.1,0.0001,0.001,0.5553742186768437,1.052977304412227,0.0025324821472167,0.9650850191008082,0.5923771957665094,0.9038502069501018,0.6498453106326065,2.0,full
servo,outer_0,streed,4,133.0,3,0.1,1e-05,0.1,0.4020495042349785,1.3925468551795854,0.0032453536987304,1.273540290865158,0.4620949922624736,1.1733211893931492,0.5454513220874662,2.0,full
servo,outer_0,streed,4,133.0,3,0.1,1e-05,0.001,0.5553571324982006,1.053020941027561,0.0024716854095458,0.9650839676529432,0.5923776398663749,0.9038652224799872,0.6498394935645102,2.0,full
servo,outer_0,streed,4,133.0,3,0.08,0.1,0.1,0.4238716375945426,1.3512393637380171,0.0035502910614013,1.3250310749147256,0.4403468380884283,1.3019926506720745,0.4956035539416787,2.0,full
servo,outer_0,streed,4,133.0,3,0.08,0.1,0.001,0.5653907211167567,1.0270533565489786,0.0027949810028076,0.9724399066381356,0.5892707131007846,0.902537019762006,0.6503540438810952,2.0,full
servo,outer_0,streed,4,133.0,3,0.08,0.01,0.1,0.4456829918371963,1.3026637737458604,0.0034527778625488,1.2776936547561348,0.4603407366241263,1.1874922378407604,0.5399614090144501,2.0,full
servo,outer_0,streed,4,133.0,3,0.08,0.01,0.001,0.5510757421935519,1.0634957440553032,0.0026726722717285,0.9653672066697304,0.5922580082484282,0.9025321519495954,0.6503559296884219,2.0,full
servo,outer_0,streed,4,133.0,3,0.08,0.001,0.1,0.4474777635375879,1.298793046827684,0.0035235881805419,1.273935143740072,0.4619282183172288,1.1747385597105735,0.5449022279351388,2.0,full
servo,outer_0,streed,4,133.0,3,0.08,0.001,0.001,0.5555399026408904,1.0525537892879675,0.0026569366455078,0.9650972531510348,0.5923720284726837,0.9037034128644924,0.6499021791679592,2.0,full
servo,outer_0,streed,4,133.0,3,0.08,0.0001,0.1,0.4476504544799158,1.2984229281273316,0.0035340785980224,1.27357602566132,0.4620798989623685,1.1734501590866355,0.5454013587831339,2.0,full
servo,outer_0,streed,4,133.0,3,0.08,0.0001,0.001,0.5553742186768437,1.052977304412227,0.0027511119842529,0.9650850191008082,0.5923771957665094,0.9038502069501018,0.6498453106326065,2.0,full
servo,outer_0,streed,4,133.0,3,0.08,1e-05,0.1,0.4476676516476326,1.2983860956230249,0.003450870513916,1.273540290865158,0.4620949922624736,1.1733211893931492,0.5454513220874662,2.0,full
servo,outer_0,streed,4,133.0,3,0.08,1e-05,0.001,0.5553571324982006,1.053020941027561,0.002720832824707,0.9650839676529432,0.5923776398663749,0.9038652224799872,0.6498394935645102,2.0,full
servo,outer_0,streed,4,133.0,3,0.05,0.1,0.1,0.4238716375945426,1.3512393637380171,0.0037217140197753,1.3250310749147256,0.4403468380884283,1.3019926506720745,0.4956035539416787,2.0,full
servo,outer_0,streed,4,133.0,3,0.05,0.1,0.001,0.5653907211167567,1.0270533565489786,0.0027403831481933,0.9724399066381356,0.5892707131007846,0.902537019762006,0.6503540438810952,2.0,full
servo,outer_0,streed,4,133.0,3,0.05,0.01,0.1,0.3814217870822333,1.4644639469338463,0.0037565231323242,1.2776936547561348,0.4603407366241263,1.1874922378407604,0.5399614090144501,2.0,full
servo,outer_0,streed,4,133.0,3,0.05,0.01,0.001,0.5510757421935519,1.0634957440553032,0.0029385089874267,0.9653672066697304,0.5922580082484282,0.9025321519495954,0.6503559296884219,2.0,full
servo,outer_0,streed,4,133.0,3,0.05,0.001,0.1,0.3786909017214503,1.4719881526049308,0.0037510395050048,1.273935143740072,0.4619282183172288,1.1747385597105735,0.5449022279351388,2.0,full
servo,outer_0,streed,4,133.0,3,0.05,0.001,0.001,0.5555399026408904,1.0525537892879675,0.0028367042541503,0.9650972531510348,0.5923720284726837,0.9037034128644924,0.6499021791679592,2.0,full
servo,outer_0,streed,4,133.0,3,0.05,0.0001,0.1,0.3783856957722211,1.4728213073277077,0.0037977695465087,1.27357602566132,0.4620798989623685,1.1734501590866355,0.5454013587831339,2.0,full
servo,outer_0,streed,4,133.0,3,0.05,0.0001,0.001,0.5553742186768437,1.052977304412227,0.002795934677124,0.9650850191008082,0.5923771957665094,0.9038502069501018,0.6498453106326065,2.0,full
servo,outer_0,streed,4,133.0,3,0.05,1e-05,0.1,0.3783548379500344,1.47290547015361,0.0037338733673095,1.273540290865158,0.4620949922624736,1.1733211893931492,0.5454513220874662,2.0,full
servo,outer_0,streed,4,133.0,3,0.05,1e-05,0.001,0.5553571324982006,1.053020941027561,0.0028378963470458,0.9650839676529432,0.5923776398663749,0.9038652224799872,0.6498394935645102,2.0,full
servo,outer_0,streed,4,133.0,3,0.03,0.1,0.1,0.387874437394069,1.4418749696051698,0.0037391185760498,1.3250310749147256,0.4403468380884283,1.3019926506720745,0.4956035539416787,2.0,full
servo,outer_0,streed,4,133.0,3,0.03,0.1,0.001,0.5653907211167567,1.0270533565489786,0.0029356479644775,0.9724399066381356,0.5892707131007846,0.902537019762006,0.6503540438810952,2.0,full
servo,outer_0,streed,4,133.0,3,0.03,0.01,0.1,0.3814217870822333,1.4644639469338463,0.0038974285125732,1.2776936547561348,0.4603407366241263,1.1874922378407604,0.5399614090144501,2.0,full
servo,outer_0,streed,4,133.0,3,0.03,0.01,0.001,0.5510757421935519,1.0634957440553032,0.0028977394104003,0.9653672066697304,0.5922580082484282,0.9025321519495954,0.6503559296884219,2.0,full
servo,outer_0,streed,4,133.0,3,0.03,0.001,0.1,0.3786909017214503,1.4719881526049308,0.0038797855377197,1.273935143740072,0.4619282183172288,1.1747385597105735,0.5449022279351388,2.0,full
servo,outer_0,streed,4,133.0,3,0.03,0.001,0.001,0.5555399026408904,1.0525537892879675,0.0028290748596191,0.9650972531510348,0.5923720284726837,0.9037034128644924,0.6499021791679592,2.0,full
servo,outer_0,streed,4,133.0,3,0.03,0.0001,0.1,0.3783856957722211,1.4728213073277077,0.0037860870361328,1.27357602566132,0.4620798989623685,1.1734501590866355,0.5454013587831339,2.0,full
servo,outer_0,streed,4,133.0,3,0.03,0.0001,0.001,0.5553742186768437,1.052977304412227,0.0026216506958007,0.9650850191008082,0.5923771957665094,0.9038502069501018,0.6498453106326065,2.0,full
servo,outer_0,streed,4,133.0,3,0.03,1e-05,0.1,0.3783548379500344,1.47290547015361,0.0038280487060546,1.273540290865158,0.4620949922624736,1.1733211893931492,0.5454513220874662,2.0,full
servo,outer_0,streed,4,133.0,3,0.03,1e-05,0.001,0.5553571324982006,1.053020941027561,0.0027856826782226,0.9650839676529432,0.5923776398663749,0.9038652224799872,0.6498394935645102,2.0,full
servo,outer_0,streed,4,133.0,3,0.01,0.1,0.1,0.387874437394069,1.4418749696051698,0.0038554668426513,1.3250310749147256,0.4403468380884283,1.3019926506720745,0.4956035539416787,2.0,full
servo,outer_0,streed,4,133.0,3,0.01,0.1,0.001,0.5653907211167567,1.0270533565489786,0.002943992614746,0.9724399066381356,0.5892707131007846,0.902537019762006,0.6503540438810952,2.0,full
servo,outer_0,streed,4,133.0,3,0.01,0.01,0.1,0.3594826543555445,1.518855375981768,0.0039124488830566,1.2776936547561348,0.4603407366241263,1.1874922378407604,0.5399614090144501,2.0,full
servo,outer_0,streed,4,133.0,3,0.01,0.01,0.001,0.5510757421935519,1.0634957440553032,0.0029089450836181,0.9653672066697304,0.5922580082484282,0.9025321519495954,0.6503559296884219,2.0,full
servo,outer_0,streed,4,133.0,3,0.01,0.001,0.1,0.3547171680275751,1.5314237579895462,0.0041053295135498,1.273935143740072,0.4619282183172288,1.1747385597105735,0.5449022279351388,2.0,full
servo,outer_0,streed,4,133.0,3,0.01,0.001,0.001,0.5555399026408904,1.0525537892879675,0.0027205944061279,0.9650972531510348,0.5923720284726837,0.9037034128644924,0.6499021791679592,2.0,full
servo,outer_0,streed,4,133.0,3,0.01,0.0001,0.1,0.3541963183054375,1.5327915360777906,0.0038588047027587,1.27357602566132,0.4620798989623685,1.1734501590866355,0.5454013587831339,2.0,full
servo,outer_0,streed,4,133.0,3,0.01,0.0001,0.001,0.5553742186768437,1.052977304412227,0.0027017593383789,0.9650850191008082,0.5923771957665094,0.9038502069501018,0.6498453106326065,2.0,full
servo,outer_0,streed,4,133.0,3,0.01,1e-05,0.1,0.3541437682217599,1.532929478290347,0.0039637088775634,1.273540290865158,0.4620949922624736,1.1733211893931492,0.5454513220874662,2.0,full
servo,outer_0,streed,4,133.0,3,0.01,1e-05,0.001,0.5553571324982006,1.053020941027561,0.0027313232421875,0.9650839676529432,0.5923776398663749,0.9038652224799872,0.6498394935645102,2.0,full
servo,outer_0,streed,4,133.0,3,0.008,0.1,0.1,0.387874437394069,1.4418749696051698,0.0038259029388427,1.3250310749147256,0.4403468380884283,1.3019926506720745,0.4956035539416787,2.0,full
servo,outer_0,streed,4,133.0,3,0.008,0.1,0.001,0.5653907211167567,1.0270533565489786,0.003183364868164,0.9724399066381356,0.5892707131007846,0.902537019762006,0.6503540438810952,2.0,full
servo,outer_0,streed,4,133.0,3,0.008,0.01,0.1,0.3594826543555445,1.518855375981768,0.0041537284851074,1.2776936547561348,0.4603407366241263,1.1874922378407604,0.5399614090144501,2.0,full
servo,outer_0,streed,4,133.0,3,0.008,0.01,0.001,0.5510757421935519,1.0634957440553032,0.0031938552856445,0.9653672066697304,0.5922580082484282,0.9025321519495954,0.6503559296884219,2.0,full
servo,outer_0,streed,4,133.0,3,0.008,0.001,0.1,0.3547171680275751,1.5314237579895462,0.0040829181671142,1.273935143740072,0.4619282183172288,1.1747385597105735,0.5449022279351388,2.0,full
servo,outer_0,streed,4,133.0,3,0.008,0.001,0.001,0.5555399026408904,1.0525537892879675,0.0031683444976806,0.9650972531510348,0.5923720284726837,0.9037034128644924,0.6499021791679592,2.0,full
servo,outer_0,streed,4,133.0,3,0.008,0.0001,0.1,0.3541963183054375,1.5327915360777906,0.004058837890625,1.27357602566132,0.4620798989623685,1.1734501590866355,0.5454013587831339,2.0,full
servo,outer_0,streed,4,133.0,3,0.008,0.0001,0.001,0.5553742186768437,1.052977304412227,0.0030741691589355,0.9650850191008082,0.5923771957665094,0.9038502069501018,0.6498453106326065,2.0,full
servo,outer_0,streed,4,133.0,3,0.008,1e-05,0.1,0.3541437682217599,1.532929478290347,0.0040194988250732,1.273540290865158,0.4620949922624736,1.1733211893931492,0.5454513220874662,2.0,full
servo,outer_0,streed,4,133.0,3,0.008,1e-05,0.001,0.5553571324982006,1.053020941027561,0.0030879974365234,0.9650839676529432,0.5923776398663749,0.9038652224799872,0.6498394935645102,2.0,full
servo,outer_0,streed,4,133.0,3,0.005,0.1,0.1,0.3809294341354556,1.4602038736056393,0.0039749145507812,1.3061340785356548,0.4483283594084919,1.2479448265501991,0.5165418675260042,3.0,full
servo,outer_0,streed,4,133.0,3,0.005,0.1,0.001,0.568707046824255,1.0199613578471505,0.003312349319458,0.9587258838380948,0.5950631027042239,0.9150784287871272,0.6454954587442516,3.0,full
servo,outer_0,streed,4,133.0,3,0.005,0.01,0.1,0.3621236766824638,1.513404022026969,0.0040016174316406,1.258408225838347,0.468486320133068,1.1379510155609398,0.5591538494928415,3.0,full
servo,outer_0,streed,4,133.0,3,0.005,0.01,0.001,0.5557586083137679,1.0526999943654858,0.003432273864746,0.952720024595324,0.5975997965062383,0.9176636002817424,0.6444939543857884,3.0,full
servo,outer_0,streed,4,133.0,3,0.005,0.001,0.1,0.3573504303114376,1.5259884215977104,0.0041124820709228,1.2546383269246022,0.4700786117306823,1.1259504200971873,0.5638029215896585,3.0,full
servo,outer_0,streed,4,133.0,3,0.005,0.001,0.001,0.5523420798131529,1.061253786148168,0.0034332275390625,0.952536380352072,0.5976773622957119,0.9189951739038664,0.6439780981693053,3.0,full
servo,outer_0,streed,4,133.0,3,0.005,0.0001,0.1,0.3568287508020272,1.527357912456076,0.0040574073791503,1.2542784545246015,0.4702306109783662,1.1247413974176734,0.56427130114805,3.0,full
servo,outer_0,streed,4,133.0,3,0.005,0.0001,0.001,0.5613893397616251,1.0391745359449935,0.0036156177520751,0.9467809539196294,0.6001082808319231,0.9245383081705212,0.6418306688249987,3.0,full
servo,outer_0,streed,4,133.0,3,0.005,1e-05,0.1,0.3567761171881574,1.5274960270839273,0.004159927368164,1.2542426482815126,0.4702457344554985,1.124620407558634,0.5643181730369788,3.0,full
servo,outer_0,streed,4,133.0,3,0.005,1e-05,0.001,0.5613763432261575,1.0392074222239025,0.0034024715423583,0.9467715053929924,0.6001122716045983,0.9246632397889838,0.6417822698848663,3.0,full
servo,outer_0,streed,4,133.0,3,0.003,0.1,0.1,0.3809294341354556,1.4602038736056393,0.004185676574707,1.3061340785356548,0.4483283594084919,1.2479448265501991,0.5165418675260042,3.0,full
servo,outer_0,streed,4,133.0,3,0.003,0.1,0.001,0.5722745224122641,1.0109789839532155,0.0035028457641601,0.9587258838380948,0.5950631027042239,0.9150784287871272,0.6454954587442516,3.0,full
servo,outer_0,streed,4,133.0,3,0.003,0.01,0.1,0.3621236766824638,1.513404022026969,0.0042665004730224,1.258408225838347,0.468486320133068,1.1379510155609398,0.5591538494928415,3.0,full
servo,outer_0,streed,4,133.0,3,0.003,0.01,0.001,0.5557586083137679,1.0526999943654858,0.0031561851501464,0.952720024595324,0.5975997965062383,0.9176636002817424,0.6444939543857884,3.0,full
servo,outer_0,streed,4,133.0,3,0.003,0.001,0.1,0.3573504303114376,1.5259884215977104,0.0042104721069335,1.2546383269246022,0.4700786117306823,1.1259504200971873,0.5638029215896585,3.0,full
servo,outer_0,streed,4,133.0,3,0.003,0.001,0.001,0.5523420798131529,1.061253786148168,0.0032582283020019,0.952536380352072,0.5976773622957119,0.9189951739038664,0.6439780981693053,3.0,full
servo,outer_0,streed,4,133.0,3,0.003,0.0001,0.1,0.3568287508020272,1.527357912456076,0.004302978515625,1.2542784545246015,0.4702306109783662,1.1247413974176734,0.56427130114805,3.0,full
servo,outer_0,streed,4,133.0,3,0.003,0.0001,0.001,0.5544626450578848,1.056347175730193,0.0033187866210937,0.9467809539196294,0.6001082808319231,0.9245383081705212,0.6418306688249987,3.0,full
servo,outer_0,streed,4,133.0,3,0.003,1e-05,0.1,0.3567761171881574,1.5274960270839273,0.0041840076446533,1.2542426482815126,0.4702457344554985,1.124620407558634,0.5643181730369788,3.0,full
servo,outer_0,streed,4,133.0,3,0.003,1e-05,0.001,0.5544300686091632,1.056428604468632,0.0033395290374755,0.9467715053929924,0.6001122716045983,0.9246632397889838,0.6417822698848663,3.0,full
servo,outer_0,streed,4,133.0,3,0.001,0.1,0.1,0.3809294341354556,1.4602038736056393,0.0042512416839599,1.3061340785356548,0.4483283594084919,1.2479448265501991,0.5165418675260042,3.0,full
servo,outer_0,streed,4,133.0,3,0.001,0.1,0.001,0.5743537205412145,1.0062201778772826,0.004246711730957,0.9528128060361378,0.5975606084240105,0.9220524246927904,0.6427937086630773,4.0,full
servo,outer_0,streed,4,133.0,3,0.001,0.01,0.1,0.3621236766824638,1.513404022026969,0.0042352676391601,1.258408225838347,0.468486320133068,1.1379510155609398,0.5591538494928415,3.0,full
servo,outer_0,streed,4,133.0,3,0.001,0.01,0.001,0.5594253427026992,1.043912321415804,0.0034310817718505,0.9467258357948825,0.6001315610654039,0.924187252423875,0.6419666690327459,4.0,full
servo,outer_0,streed,4,133.0,3,0.001,0.001,0.1,0.3573504303114376,1.5259884215977104,0.0042462348937988,1.2546383269246022,0.4700786117306823,1.1259504200971873,0.5638029215896585,3.0,full
servo,outer_0,streed,4,133.0,3,0.001,0.001,0.001,0.5559905241228762,1.0524935947165617,0.00333833694458,0.9465222284268144,0.6002175586766938,0.9255969307317274,0.6414205547914718,4.0,full
servo,outer_0,streed,4,133.0,3,0.001,0.0001,0.1,0.3568287508020272,1.527357912456076,0.0041556358337402,1.2542784545246015,0.4702306109783662,1.1247413974176734,0.56427130114805,3.0,full
servo,outer_0,streed,4,133.0,3,0.001,0.0001,0.001,0.5556057095795199,1.0534536090596445,0.0035874843597412,0.94651605732301,0.6002201651648149,0.9257679177601306,0.6413543138265907,4.0,full
servo,outer_0,streed,4,133.0,3,0.001,1e-05,0.1,0.3567761171881574,1.5274960270839273,0.0043950080871582,1.2542426482815126,0.4702457344554985,1.124620407558634,0.5643181730369788,3.0,full
servo,outer_0,streed,4,133.0,3,0.001,1e-05,0.001,0.5555667709304355,1.0535507365932206,0.003636360168457,0.9465156058610142,0.6002203558487453,0.9257853560919924,0.6413475581566475,4.0,full
servo,outer_0,streed,4,133.0,3,0.0005,0.1,0.1,0.3809294341354556,1.4602038736056393,0.0040192604064941,1.3061340785356548,0.4483283594084919,1.2479448265501991,0.5165418675260042,3.0,full
servo,outer_0,streed,4,133.0,3,0.0005,0.1,0.001,0.5743537205412145,1.0062201778772826,0.0039484500885009,0.9528128060361378,0.5975606084240105,0.9220524246927904,0.6427937086630773,4.0,full
servo,outer_0,streed,4,133.0,3,0.0005,0.01,0.1,0.3621236766824638,1.513404022026969,0.004077672958374,1.258408225838347,0.468486320133068,1.1379510155609398,0.5591538494928415,3.0,full
servo,outer_0,streed,4,133.0,3,0.0005,0.01,0.001,0.5594253427026992,1.043912321415804,0.0037684440612792,0.9467258357948825,0.6001315610654039,0.924187252423875,0.6419666690327459,4.0,full
servo,outer_0,streed,4,133.0,3,0.0005,0.001,0.1,0.3573504303114376,1.5259884215977104,0.004080057144165,1.2546383269246022,0.4700786117306823,1.1259504200971873,0.5638029215896585,3.0,full
servo,outer_0,streed,4,133.0,3,0.0005,0.001,0.001,0.5559905241228762,1.0524935947165617,0.0034818649291992,0.9465222284268144,0.6002175586766938,0.9255969307317274,0.6414205547914718,4.0,full
servo,outer_0,streed,4,133.0,3,0.0005,0.0001,0.1,0.3568287508020272,1.527357912456076,0.0040974617004394,1.2542784545246015,0.4702306109783662,1.1247413974176734,0.56427130114805,3.0,full
servo,outer_0,streed,4,133.0,3,0.0005,0.0001,0.001,0.5556057095795199,1.0534536090596445,0.0036273002624511,0.94651605732301,0.6002201651648149,0.9257679177601306,0.6413543138265907,4.0,full
servo,outer_0,streed,4,133.0,3,0.0005,1e-05,0.1,0.3567761171881574,1.5274960270839273,0.0040051937103271,1.2542426482815126,0.4702457344554985,1.124620407558634,0.5643181730369788,3.0,full
servo,outer_0,streed,4,133.0,3,0.0005,1e-05,0.001,0.5555667709304355,1.0535507365932206,0.0035896301269531,0.9465156058610142,0.6002203558487453,0.9257853560919924,0.6413475581566475,4.0,full
servo,outer_0,streed,4,133.0,3,0.0001,0.1,0.1,0.3809294341354556,1.4602038736056393,0.0039565563201904,1.3061340785356548,0.4483283594084919,1.2479448265501991,0.5165418675260042,3.0,full
servo,outer_0,streed,4,133.0,3,0.0001,0.1,0.001,0.5739805581774733,1.0069904251056487,0.003857135772705,0.9528128060361378,0.5975606084240105,0.9220524246927904,0.6427937086630773,4.0,full
servo,outer_0,streed,4,133.0,3,0.0001,0.01,0.1,0.3621236766824638,1.513404022026969,0.0040869712829589,1.258408225838347,0.468486320133068,1.1379510155609398,0.5591538494928415,3.0,full
servo,outer_0,streed,4,133.0,3,0.0001,0.01,0.001,0.5594253427026992,1.043912321415804,0.0037827491760253,0.9467258357948825,0.6001315610654039,0.924187252423875,0.6419666690327459,4.0,full
servo,outer_0,streed,4,133.0,3,0.0001,0.001,0.1,0.3573504303114376,1.5259884215977104,0.0039582252502441,1.2546383269246022,0.4700786117306823,1.1259504200971873,0.5638029215896585,3.0,full
servo,outer_0,streed,4,133.0,3,0.0001,0.001,0.001,0.5559905241228762,1.0524935947165617,0.0037386417388916,0.9465222284268144,0.6002175586766938,0.9255969307317274,0.6414205547914718,4.0,full
servo,outer_0,streed,4,133.0,3,0.0001,0.0001,0.1,0.3568287508020272,1.527357912456076,0.0041191577911376,1.2542784545246015,0.4702306109783662,1.1247413974176734,0.56427130114805,3.0,full
servo,outer_0,streed,4,133.0,3,0.0001,0.0001,0.001,0.5556057095795199,1.0534536090596445,0.0035605430603027,0.94651605732301,0.6002201651648149,0.9257679177601306,0.6413543138265907,4.0,full
servo,outer_0,streed,4,133.0,3,0.0001,1e-05,0.1,0.3567761171881574,1.5274960270839273,0.004101276397705,1.2542426482815126,0.4702457344554985,1.124620407558634,0.5643181730369788,3.0,full
servo,outer_0,streed,4,133.0,3,0.0001,1e-05,0.001,0.5555667709304355,1.0535507365932206,0.0033531188964843,0.9465156058610142,0.6002203558487453,0.9257853560919924,0.6413475581566475,4.0,full
servo,outer_1,streed,4,133.0,3,0.1,0.1,0.1,0.3988112163547501,1.5162337996637447,0.0031793117523193,1.3822524206655924,0.4702106572679628,0.9536307614088824,0.4112950475794539,2.0,full
servo,outer_1,streed,4,133.0,3,0.1,0.1,0.001,0.602329710793026,0.9886529079421392,0.002220869064331,0.9126693919736476,0.6501923164854815,1.1523566744739004,0.2886155641462329,2.0,full
servo,outer_1,streed,4,133.0,3,0.1,0.01,0.1,0.4711201447256881,1.3641819097890064,0.0031602382659912,1.3253826454946027,0.492007689675871,0.9242166666703828,0.4294532529816571,2.0,full
servo,outer_1,streed,4,133.0,3,0.1,0.01,0.001,0.6011619725040739,0.9829228605543072,0.0050323009490966,0.8910884025853392,0.6584638723985712,1.33263214318484,0.1773260949671226,2.0,full
servo,outer_1,streed,4,133.0,3,0.1,0.001,0.1,0.4727608606464639,1.3592506440322516,0.0031690597534179,1.320988556365767,0.4936918549966673,0.9219095007903684,0.4308775358745595,2.0,full
servo,outer_1,streed,4,133.0,3,0.1,0.001,0.001,0.5994319910383681,0.9853759128046892,0.002286672592163,0.8904107549459115,0.6587236010068405,1.3673756259335823,0.1558778980483229,2.0,full
servo,outer_1,streed,4,133.0,3,0.1,0.0001,0.1,0.4729159501638735,1.3587772391580373,0.0031573772430419,1.320571230709541,0.4938518074639677,0.9216896956905438,0.4310132281740013,2.0,full
servo,outer_1,streed,4,133.0,3,0.1,0.0001,0.001,0.599218872918378,0.9857009220514092,0.0022826194763183,0.8903924009186135,0.6587306357335758,1.371168031238312,0.1535367321853618,2.0,full
servo,outer_1,streed,4,133.0,3,0.1,1e-05,0.1,0.4729313641946108,1.3587301078782243,0.0031569004058837,1.3205297317145723,0.4938677131877991,0.9216678306586418,0.4310267261158531,2.0,full
servo,outer_1,streed,4,133.0,3,0.1,1e-05,0.001,0.5991971081751409,0.9857343283159326,0.0022933483123779,0.8903911387157972,0.6587311195103378,1.371550736926606,0.1533004764529172,2.0,full
servo,outer_1,streed,4,133.0,3,0.08,0.1,0.1,0.4493954012177465,1.4246608605887865,0.0033762454986572,1.3822524206655924,0.4702106572679628,0.9536307614088824,0.4112950475794539,2.0,full
servo,outer_1,streed,4,133.0,3,0.08,0.1,0.001,0.602329710793026,0.9886529079421392,0.0027523040771484,0.9126693919736476,0.6501923164854815,1.1523566744739004,0.2886155641462329,2.0,full
servo,outer_1,streed,4,133.0,3,0.08,0.01,0.1,0.4711201447256881,1.3641819097890064,0.0033075809478759,1.3253826454946027,0.492007689675871,0.9242166666703828,0.4294532529816571,2.0,full
servo,outer_1,streed,4,133.0,3,0.08,0.01,0.001,0.6011619725040739,0.9829228605543072,0.002819538116455,0.8910884025853392,0.6584638723985712,1.33263214318484,0.1773260949671226,2.0,full
servo,outer_1,streed,4,133.0,3,0.08,0.001,0.1,0.4727608606464639,1.3592506440322516,0.0034296512603759,1.320988556365767,0.4936918549966673,0.9219095007903684,0.4308775358745595,2.0,full
servo,outer_1,streed,4,133.0,3,0.08,0.001,0.001,0.5994319910383681,0.9853759128046892,0.0028398036956787,0.8904107549459115,0.6587236010068405,1.3673756259335823,0.1558778980483229,2.0,full
servo,outer_1,streed,4,133.0,3,0.08,0.0001,0.1,0.4729159501638735,1.3587772391580373,0.0034303665161132,1.320571230709541,0.4938518074639677,0.9216896956905438,0.4310132281740013,2.0,full
servo,outer_1,streed,4,133.0,3,0.08,0.0001,0.001,0.599218872918378,0.9857009220514092,0.0025556087493896,0.8903924009186135,0.6587306357335758,1.371168031238312,0.1535367321853618,2.0,full
servo,outer_1,streed,4,133.0,3,0.08,1e-05,0.1,0.4729313641946108,1.3587301078782243,0.0033698081970214,1.3205297317145723,0.4938677131877991,0.9216678306586418,0.4310267261158531,2.0,full
servo,outer_1,streed,4,133.0,3,0.08,1e-05,0.001,0.5991971081751409,0.9857343283159326,0.0024433135986328,0.8903911387157972,0.6587311195103378,1.371550736926606,0.1533004764529172,2.0,full
servo,outer_1,streed,4,133.0,3,0.05,0.1,0.1,0.4354961214761351,1.4589266067000706,0.003725528717041,1.3822524206655924,0.4702106572679628,0.9536307614088824,0.4112950475794539,2.0,full
servo,outer_1,streed,4,133.0,3,0.05,0.1,0.001,0.602329710793026,0.9886529079421392,0.0027277469635009,0.9126693919736476,0.6501923164854815,1.1523566744739004,0.2886155641462329,2.0,full
servo,outer_1,streed,4,133.0,3,0.05,0.01,0.1,0.4414367394732517,1.4373600921845509,0.0036523342132568,1.3253826454946027,0.492007689675871,0.9242166666703828,0.4294532529816571,2.0,full
servo,outer_1,streed,4,133.0,3,0.05,0.01,0.001,0.6011619725040739,0.9829228605543072,0.0027937889099121,0.8910884025853392,0.6584638723985712,1.33263214318484,0.1773260949671226,2.0,full
servo,outer_1,streed,4,133.0,3,0.05,0.001,0.1,0.4400536560674624,1.4398833666587805,0.0037050247192382,1.320988556365767,0.4936918549966673,0.9219095007903684,0.4308775358745595,2.0,full
servo,outer_1,streed,4,133.0,3,0.05,0.001,0.001,0.5994319910383681,0.9853759128046892,0.0026476383209228,0.8904107549459115,0.6587236010068405,1.3673756259335823,0.1558778980483229,2.0,full
servo,outer_1,streed,4,133.0,3,0.05,0.0001,0.1,0.4398838687029568,1.440210877296742,0.0037477016448974,1.320571230709541,0.4938518074639677,0.9216896956905438,0.4310132281740013,2.0,full
servo,outer_1,streed,4,133.0,3,0.05,0.0001,0.001,0.599218872918378,0.9857009220514092,0.0026426315307617,0.8903924009186135,0.6587306357335758,1.371168031238312,0.1535367321853618,2.0,full
servo,outer_1,streed,4,133.0,3,0.05,1e-05,0.1,0.4398665583105406,1.4402444211883243,0.0037250518798828,1.3205297317145723,0.4938677131877991,0.9216678306586418,0.4310267261158531,2.0,full
servo,outer_1,streed,4,133.0,3,0.05,1e-05,0.001,0.5991971081751409,0.9857343283159326,0.0025644302368164,0.8903911387157972,0.6587311195103378,1.371550736926606,0.1533004764529172,2.0,full
servo,outer_1,streed,4,133.0,3,0.03,0.1,0.1,0.4475658470955372,1.437076689541368,0.0037415027618408,1.292551059419594,0.5045913713156931,1.2630668691880045,0.2202708309967419,3.0,full
servo,outer_1,streed,4,133.0,3,0.03,0.1,0.001,0.602329710793026,0.9886529079421392,0.0025367736816406,0.9126693919736476,0.6501923164854815,1.1523566744739004,0.2886155641462329,2.0,full
servo,outer_1,streed,4,133.0,3,0.03,0.01,0.1,0.450989037556543,1.4200674934646893,0.0037720203399658,1.232658209153706,0.5275470871475627,1.2756629297461108,0.2124949039486346,3.0,full
servo,outer_1,streed,4,133.0,3,0.03,0.01,0.001,0.6011619725040739,0.9829228605543072,0.0027751922607421,0.8910884025853392,0.6584638723985712,1.33263214318484,0.1773260949671226,2.0,full
servo,outer_1,streed,4,133.0,3,0.03,0.001,0.1,0.449211680756606,1.4233045240980615,0.0037767887115478,1.2281512793816671,0.529274502000284,1.2787107895496004,0.2106133684181041,3.0,full
servo,outer_1,streed,4,133.0,3,0.03,0.001,0.001,0.5994319910383681,0.9853759128046892,0.0029535293579101,0.8904107549459115,0.6587236010068405,1.3673756259335823,0.1558778980483229,2.0,full
servo,outer_1,streed,4,133.0,3,0.03,0.0001,0.1,0.4490004777027994,1.423707009877036,0.0042822360992431,1.2277257802768002,0.5294375871848207,1.2790412327381409,0.2104093758987143,3.0,full
servo,outer_1,streed,4,133.0,3,0.03,0.0001,0.001,0.599218872918378,0.9857009220514092,0.002774953842163,0.8903924009186135,0.6587306357335758,1.371168031238312,0.1535367321853618,2.0,full
servo,outer_1,streed,4,133.0,3,0.03,1e-05,0.1,0.448979005101735,1.4237480886469598,0.0039036273956298,1.2276834967659735,0.5294537935976831,1.2790745440869475,0.2103888118011538,3.0,full
servo,outer_1,streed,4,133.0,3,0.03,1e-05,0.001,0.5991971081751409,0.9857343283159326,0.0028262138366699,0.8903911387157972,0.6587311195103378,1.371550736926606,0.1533004764529172,2.0,full
servo,outer_1,streed,4,133.0,3,0.01,0.1,0.1,0.4582210883339268,1.4000023573620533,0.0038497447967529,1.292551059419594,0.5045913713156931,1.2630668691880045,0.2202708309967419,3.0,full
servo,outer_1,streed,4,133.0,3,0.01,0.1,0.001,0.602329710793026,0.9886529079421392,0.0029511451721191,0.9126693919736476,0.6501923164854815,1.1523566744739004,0.2886155641462329,2.0,full
servo,outer_1,streed,4,133.0,3,0.01,0.01,0.1,0.4602744337161781,1.3877594627090315,0.0038254261016845,1.232658209153706,0.5275470871475627,1.2756629297461108,0.2124949039486346,3.0,full
servo,outer_1,streed,4,133.0,3,0.01,0.01,0.001,0.6011619725040739,0.9829228605543072,0.0029001235961914,0.8910884025853392,0.6584638723985712,1.33263214318484,0.1773260949671226,2.0,full
servo,outer_1,streed,4,133.0,3,0.01,0.001,0.1,0.458160467034263,1.3921677091131297,0.0038228034973144,1.2281512793816671,0.529274502000284,1.2787107895496004,0.2106133684181041,3.0,full
servo,outer_1,streed,4,133.0,3,0.01,0.001,0.001,0.5994319910383681,0.9853759128046892,0.0029304027557373,0.8904107549459115,0.6587236010068405,1.3673756259335823,0.1558778980483229,2.0,full
servo,outer_1,streed,4,133.0,3,0.01,0.0001,0.1,0.4579123401896132,1.3926986692134653,0.0038328170776367,1.2277257802768002,0.5294375871848207,1.2790412327381409,0.2104093758987143,3.0,full
servo,outer_1,streed,4,133.0,3,0.01,0.0001,0.001,0.599218872918378,0.9857009220514092,0.0028834342956542,0.8903924009186135,0.6587306357335758,1.371168031238312,0.1535367321853618,2.0,full
servo,outer_1,streed,4,133.0,3,0.01,1e-05,0.1,0.4578871406831744,1.3927527155478734,0.0041806697845458,1.2276834967659735,0.5294537935976831,1.2790745440869475,0.2103888118011538,3.0,full
servo,outer_1,streed,4,133.0,3,0.01,1e-05,0.001,0.5991971081751409,0.9857343283159326,0.0028920173645019,0.8903911387157972,0.6587311195103378,1.371550736926606,0.1533004764529172,2.0,full
servo,outer_1,streed,4,133.0,3,0.008,0.1,0.1,0.4582210883339268,1.4000023573620533,0.003915786743164,1.292551059419594,0.5045913713156931,1.2630668691880045,0.2202708309967419,3.0,full
servo,outer_1,streed,4,133.0,3,0.008,0.1,0.001,0.602329710793026,0.9886529079421392,0.0028662681579589,0.9126693919736476,0.6501923164854815,1.1523566744739004,0.2886155641462329,2.0,full
servo,outer_1,streed,4,133.0,3,0.008,0.01,0.1,0.4602744337161781,1.3877594627090315,0.0039515495300292,1.232658209153706,0.5275470871475627,1.2756629297461108,0.2124949039486346,3.0,full
servo,outer_1,streed,4,133.0,3,0.008,0.01,0.001,0.6011619725040739,0.9829228605543072,0.0029525756835937,0.8910884025853392,0.6584638723985712,1.33263214318484,0.1773260949671226,2.0,full
servo,outer_1,streed,4,133.0,3,0.008,0.001,0.1,0.458160467034263,1.3921677091131297,0.0038814544677734,1.2281512793816671,0.529274502000284,1.2787107895496004,0.2106133684181041,3.0,full
servo,outer_1,streed,4,133.0,3,0.008,0.001,0.001,0.5994319910383681,0.9853759128046892,0.0030078887939453,0.8904107549459115,0.6587236010068405,1.3673756259335823,0.1558778980483229,2.0,full
servo,outer_1,streed,4,133.0,3,0.008,0.0001,0.1,0.4579123401896132,1.3926986692134653,0.0039193630218505,1.2277257802768002,0.5294375871848207,1.2790412327381409,0.2104093758987143,3.0,full
servo,outer_1,streed,4,133.0,3,0.008,0.0001,0.001,0.599218872918378,0.9857009220514092,0.0029325485229492,0.8903924009186135,0.6587306357335758,1.371168031238312,0.1535367321853618,2.0,full
servo,outer_1,streed,4,133.0,3,0.008,1e-05,0.1,0.4578871406831744,1.3927527155478734,0.0038774013519287,1.2276834967659735,0.5294537935976831,1.2790745440869475,0.2103888118011538,3.0,full
servo,outer_1,streed,4,133.0,3,0.008,1e-05,0.001,0.5991971081751409,0.9857343283159326,0.0029373168945312,0.8903911387157972,0.6587311195103378,1.371550736926606,0.1533004764529172,2.0,full
servo,outer_1,streed,4,133.0,3,0.005,0.1,0.1,0.4582210883339268,1.4000023573620533,0.0038638114929199,1.292551059419594,0.5045913713156931,1.2630668691880045,0.2202708309967419,3.0,full
servo,outer_1,streed,4,133.0,3,0.005,0.1,0.001,0.602329710793026,0.9886529079421392,0.003420352935791,0.9126693919736476,0.6501923164854815,1.1523566744739004,0.2886155641462329,2.0,full
servo,outer_1,streed,4,133.0,3,0.005,0.01,0.1,0.4602744337161781,1.3877594627090315,0.0038747787475585,1.232658209153706,0.5275470871475627,1.2756629297461108,0.2124949039486346,3.0,full
servo,outer_1,streed,4,133.0,3,0.005,0.01,0.001,0.6011619725040739,0.9829228605543072,0.0031545162200927,0.8910884025853392,0.6584638723985712,1.33263214318484,0.1773260949671226,2.0,full
servo,outer_1,streed,4,133.0,3,0.005,0.001,0.1,0.458160467034263,1.3921677091131297,0.0038869380950927,1.2281512793816671,0.529274502000284,1.2787107895496004,0.2106133684181041,3.0,full
servo,outer_1,streed,4,133.0,3,0.005,0.001,0.001,0.5994319910383681,0.9853759128046892,0.0031037330627441,0.8904107549459115,0.6587236010068405,1.3673756259335823,0.1558778980483229,2.0,full
servo,outer_1,streed,4,133.0,3,0.005,0.0001,0.1,0.4579123401896132,1.3926986692134653,0.0038881301879882,1.2277257802768002,0.5294375871848207,1.2790412327381409,0.2104093758987143,3.0,full
servo,outer_1,streed,4,133.0,3,0.005,0.0001,0.001,0.599218872918378,0.9857009220514092,0.0030939579010009,0.8903924009186135,0.6587306357335758,1.371168031238312,0.1535367321853618,2.0,full
servo,outer_1,streed,4,133.0,3,0.005,1e-05,0.1,0.4578871406831744,1.3927527155478734,0.0038752555847167,1.2276834967659735,0.5294537935976831,1.2790745440869475,0.2103888118011538,3.0,full
servo,outer_1,streed,4,133.0,3,0.005,1e-05,0.001,0.5991971081751409,0.9857343283159326,0.0030791759490966,0.8903911387157972,0.6587311195103378,1.371550736926606,0.1533004764529172,2.0,full
servo,outer_1,streed,4,133.0,3,0.003,0.1,0.1,0.4582210883339268,1.4000023573620533,0.0039923191070556,1.292551059419594,0.5045913713156931,1.2630668691880045,0.2202708309967419,3.0,full
servo,outer_1,streed,4,133.0,3,0.003,0.1,0.001,0.6038636931331886,0.9840869189267109,0.0032696723937988,0.9046497698446074,0.6532660751370725,1.138623684609733,0.2970933518516465,3.0,full
servo,outer_1,streed,4,133.0,3,0.003,0.01,0.1,0.4602744337161781,1.3877594627090315,0.0039606094360351,1.232658209153706,0.5275470871475627,1.2756629297461108,0.2124949039486346,3.0,full
servo,outer_1,streed,4,133.0,3,0.003,0.01,0.001,0.6024716344229906,0.9803199430462805,0.0032713413238525,0.8910884025853392,0.6584638723985712,1.33263214318484,0.1773260949671226,2.0,full
servo,outer_1,streed,4,133.0,3,0.003,0.001,0.1,0.458160467034263,1.3921677091131297,0.0040249824523925,1.2281512793816671,0.529274502000284,1.2787107895496004,0.2106133684181041,3.0,full
servo,outer_1,streed,4,133.0,3,0.003,0.001,0.001,0.600597619949219,0.983085563925266,0.0036048889160156,0.8904107549459115,0.6587236010068405,1.3673756259335823,0.1558778980483229,2.0,full
servo,outer_1,streed,4,133.0,3,0.003,0.0001,0.1,0.4579123401896132,1.3926986692134653,0.0039947032928466,1.2277257802768002,0.5294375871848207,1.2790412327381409,0.2104093758987143,3.0,full
servo,outer_1,streed,4,133.0,3,0.003,0.0001,0.001,0.6003715285934375,0.9834381734021096,0.0032572746276855,0.8903924009186135,0.6587306357335758,1.371168031238312,0.1535367321853618,2.0,full
servo,outer_1,streed,4,133.0,3,0.003,1e-05,0.1,0.4578871406831744,1.3927527155478734,0.00398850440979,1.2276834967659735,0.5294537935976831,1.2790745440869475,0.2103888118011538,3.0,full
servo,outer_1,streed,4,133.0,3,0.003,1e-05,0.001,0.6003662837913593,0.9834304135993388,0.0032465457916259,0.8903911387157972,0.6587311195103378,1.371550736926606,0.1533004764529172,2.0,full
servo,outer_1,streed,4,133.0,3,0.001,0.1,0.1,0.4582210883339268,1.4000023573620533,0.0040605068206787,1.292551059419594,0.5045913713156931,1.2630668691880045,0.2202708309967419,3.0,full
servo,outer_1,streed,4,133.0,3,0.001,0.1,0.001,0.6061681269048171,0.9790419102808632,0.0028269290924072,0.9017488177599132,0.6543779512859362,1.1333519256796354,0.300347767203696,4.0,full
servo,outer_1,streed,4,133.0,3,0.001,0.01,0.1,0.4602744337161781,1.3877594627090315,0.0041446685791015,1.232658209153706,0.5275470871475627,1.2756629297461108,0.2124949039486346,3.0,full
servo,outer_1,streed,4,133.0,3,0.001,0.01,0.001,0.6031137294984861,0.9786486009654866,0.0030641555786132,0.880845329023466,0.6623898349281123,1.3144336659988023,0.1885605623097077,4.0,full
servo,outer_1,streed,4,133.0,3,0.001,0.001,0.1,0.458160467034263,1.3921677091131297,0.0041356086730957,1.2281512793816671,0.529274502000284,1.2787107895496004,0.2106133684181041,3.0,full
servo,outer_1,streed,4,133.0,3,0.001,0.001,0.001,0.6011063260954983,0.9817458046111286,0.0030453205108642,0.8802032029450987,0.6626359488418399,1.349401497445832,0.1669738681914725,4.0,full
servo,outer_1,streed,4,133.0,3,0.001,0.0001,0.1,0.4579123401896132,1.3926986692134653,0.0042726993560791,1.2277257802768002,0.5294375871848207,1.2790412327381409,0.2104093758987143,3.0,full
servo,outer_1,streed,4,133.0,3,0.001,0.0001,0.001,0.6008688858167942,0.9821264073296052,0.0032165050506591,0.8801884306812374,0.6626416107512312,1.3532321885831782,0.1646090673324718,4.0,full
servo,outer_1,streed,4,133.0,3,0.001,1e-05,0.1,0.4578871406831744,1.3927527155478734,0.0042121410369873,1.2276834967659735,0.5294537935976831,1.2790745440869475,0.2103888118011538,3.0,full
servo,outer_1,streed,4,133.0,3,0.001,1e-05,0.001,0.6008446561452447,0.9821654492856678,0.0031876564025878,0.8801875296421408,0.6626419561012582,1.3536189514086854,0.1643703070071948,4.0,full
servo,outer_1,streed,4,133.0,3,0.0005,0.1,0.1,0.4582210883339268,1.4000023573620533,0.0042800903320312,1.292551059419594,0.5045913713156931,1.2630668691880045,0.2202708309967419,3.0,full
servo,outer_1,streed,4,133.0,3,0.0005,0.1,0.001,0.606382620026526,0.978513122675482,0.0034642219543457,0.9017488177599132,0.6543779512859362,1.1333519256796354,0.300347767203696,4.0,full
servo,outer_1,streed,4,133.0,3,0.0005,0.01,0.1,0.4602744337161781,1.3877594627090315,0.0040628910064697,1.232658209153706,0.5275470871475627,1.2756629297461108,0.2124949039486346,3.0,full
servo,outer_1,streed,4,133.0,3,0.0005,0.01,0.001,0.6031137294984861,0.9786486009654866,0.0030548572540283,0.880845329023466,0.6623898349281123,1.3144336659988023,0.1885605623097077,4.0,full
servo,outer_1,streed,4,133.0,3,0.0005,0.001,0.1,0.458160467034263,1.3921677091131297,0.0040583610534667,1.2281512793816671,0.529274502000284,1.2787107895496004,0.2106133684181041,3.0,full
servo,outer_1,streed,4,133.0,3,0.0005,0.001,0.001,0.6011063260954983,0.9817458046111286,0.0031158924102783,0.8802032029450987,0.6626359488418399,1.349401497445832,0.1669738681914725,4.0,full
servo,outer_1,streed,4,133.0,3,0.0005,0.0001,0.1,0.4579123401896132,1.3926986692134653,0.0041234493255615,1.2277257802768002,0.5294375871848207,1.2790412327381409,0.2104093758987143,3.0,full
servo,outer_1,streed,4,133.0,3,0.0005,0.0001,0.001,0.6008688858167942,0.9821264073296052,0.0030438899993896,0.8801884306812374,0.6626416107512312,1.3532321885831782,0.1646090673324718,4.0,full
servo,outer_1,streed,4,133.0,3,0.0005,1e-05,0.1,0.4578871406831744,1.3927527155478734,0.0042822360992431,1.2276834967659735,0.5294537935976831,1.2790745440869475,0.2103888118011538,3.0,full
servo,outer_1,streed,4,133.0,3,0.0005,1e-05,0.001,0.6008446561452447,0.9821654492856678,0.0031454563140869,0.8801875296421408,0.6626419561012582,1.3536189514086854,0.1643703070071948,4.0,full
servo,outer_1,streed,4,133.0,3,0.0001,0.1,0.1,0.4582210883339268,1.4000023573620533,0.0041804313659667,1.292551059419594,0.5045913713156931,1.2630668691880045,0.2202708309967419,3.0,full
servo,outer_1,streed,4,133.0,3,0.0001,0.1,0.001,0.6054731112288275,0.9811862107618112,0.0034992694854736,0.9017488177599132,0.6543779512859362,1.1333519256796354,0.300347767203696,4.0,full
servo,outer_1,streed,4,133.0,3,0.0001,0.01,0.1,0.4602744337161781,1.3877594627090315,0.0041217803955078,1.232658209153706,0.5275470871475627,1.2756629297461108,0.2124949039486346,3.0,full
servo,outer_1,streed,4,133.0,3,0.0001,0.01,0.001,0.6037930196425764,0.9760847811092288,0.003530740737915,0.880845329023466,0.6623898349281123,1.3144336659988023,0.1885605623097077,4.0,full
servo,outer_1,streed,4,133.0,3,0.0001,0.001,0.1,0.458160467034263,1.3921677091131297,0.0041096210479736,1.2281512793816671,0.529274502000284,1.2787107895496004,0.2106133684181041,3.0,full
servo,outer_1,streed,4,133.0,3,0.0001,0.001,0.001,0.6019728392486017,0.9787308192384692,0.0033977031707763,0.8802032029450987,0.6626359488418399,1.349401497445832,0.1669738681914725,4.0,full
servo,outer_1,streed,4,133.0,3,0.0001,0.0001,0.1,0.4579123401896132,1.3926986692134653,0.0040595531463623,1.2277257802768002,0.5294375871848207,1.2790412327381409,0.2104093758987143,3.0,full
servo,outer_1,streed,4,133.0,3,0.0001,0.0001,0.001,0.6017342095804452,0.9791155603728358,0.0032551288604736,0.8801884306812374,0.6626416107512312,1.3532321885831782,0.1646090673324718,4.0,full
servo,outer_1,streed,4,133.0,3,0.0001,1e-05,0.1,0.4578871406831744,1.3927527155478734,0.0040605068206787,1.2276834967659735,0.5294537935976831,1.2790745440869475,0.2103888118011538,3.0,full
servo,outer_1,streed,4,133.0,3,0.0001,1e-05,0.001,0.6017098591091082,0.9791550226451864,0.0032970905303955,0.8801875296421408,0.6626419561012582,1.3536189514086854,0.1643703070071948,4.0,full
servo,outer_2,streed,4,134.0,3,0.1,0.1,0.1,0.4226489593220986,1.537316171815912,0.0034496784210205,1.4073093777917896,0.4762912190163307,0.8290747984747929,0.2942319948586831,2.0,full
servo,outer_2,streed,4,134.0,3,0.1,0.1,0.001,0.5799445713614843,1.1288152086127898,0.0023117065429687,1.0495384165909944,0.6094302408395371,0.6814584101279533,0.4198936650980572,2.0,full
servo,outer_2,streed,4,134.0,3,0.1,0.01,0.1,0.4882044411199625,1.373283399143947,0.0036108493804931,1.3424932253971733,0.5004115643322264,0.8106578850897698,0.3099097940687424,2.0,full
servo,outer_2,streed,4,134.0,3,0.1,0.01,0.001,0.5646656547199714,1.1698123903485709,0.0024983882904052,1.048222611003308,0.6099198978767268,0.6603482055320683,0.4378641871947023,2.0,full
servo,outer_2,streed,4,134.0,3,0.1,0.001,0.1,0.4896841526300462,1.3697227236470562,0.0034303665161132,1.3373985456683055,0.502307471907641,0.8117159164186385,0.3090091218233354,2.0,full
servo,outer_2,streed,4,134.0,3,0.1,0.001,0.001,0.5617479014900116,1.1776185781742203,0.0023105144500732,1.0481447259864196,0.609948881601198,0.6568687842945286,0.4408261204127693,2.0,full
servo,outer_2,streed,4,134.0,3,0.1,0.0001,0.1,0.4898175942733049,1.3694068434363589,0.0034940242767333,1.3369148095761707,0.5024874869371204,0.8118673748622498,0.3088801895197531,2.0,full
servo,outer_2,streed,4,134.0,3,0.1,0.0001,0.001,0.562831395053899,1.1749021337470211,0.0023524761199951,1.0417954701965697,0.6123116605766876,0.6353812873367429,0.4591178208616011,2.0,full
servo,outer_2,streed,4,134.0,3,0.1,1e-05,0.1,0.4898307833909023,1.3693756837358226,0.0035250186920166,1.336866710466824,0.5025053862891178,0.8118830007169217,0.3088668876701483,2.0,full
servo,outer_2,streed,4,134.0,3,0.1,1e-05,0.001,0.5628123000526585,1.1749548649484076,0.0024561882019042,1.041788912643139,0.612314100870462,0.6354423585926829,0.4590658326229577,2.0,full
servo,outer_2,streed,4,134.0,3,0.08,0.1,0.1,0.4654283314674743,1.4312569066910594,0.0036699771881103,1.4073093777917896,0.4762912190163307,0.8290747984747929,0.2942319948586831,2.0,full
servo,outer_2,streed,4,134.0,3,0.08,0.1,0.001,0.5799445713614843,1.1288152086127898,0.0027873516082763,1.0495384165909944,0.6094302408395371,0.6814584101279533,0.4198936650980572,2.0,full
servo,outer_2,streed,4,134.0,3,0.08,0.01,0.1,0.4882044411199625,1.373283399143947,0.0037336349487304,1.3424932253971733,0.5004115643322264,0.8106578850897698,0.3099097940687424,2.0,full
servo,outer_2,streed,4,134.0,3,0.08,0.01,0.001,0.5646656547199714,1.1698123903485709,0.0025856494903564,1.048222611003308,0.6099198978767268,0.6603482055320683,0.4378641871947023,2.0,full
servo,outer_2,streed,4,134.0,3,0.08,0.001,0.1,0.4896841526300462,1.3697227236470562,0.0038988590240478,1.3373985456683055,0.502307471907641,0.8117159164186385,0.3090091218233354,2.0,full
servo,outer_2,streed,4,134.0,3,0.08,0.001,0.001,0.5617479014900116,1.1776185781742203,0.0024409294128417,1.0481447259864196,0.609948881601198,0.6568687842945286,0.4408261204127693,2.0,full
servo,outer_2,streed,4,134.0,3,0.08,0.0001,0.1,0.4898175942733049,1.3694068434363589,0.0036854743957519,1.3369148095761707,0.5024874869371204,0.8118673748622498,0.3088801895197531,2.0,full
servo,outer_2,streed,4,134.0,3,0.08,0.0001,0.001,0.562831395053899,1.1749021337470211,0.0026402473449707,1.0417954701965697,0.6123116605766876,0.6353812873367429,0.4591178208616011,2.0,full
servo,outer_2,streed,4,134.0,3,0.08,1e-05,0.1,0.4898307833909023,1.3693756837358226,0.0036845207214355,1.336866710466824,0.5025053862891178,0.8118830007169217,0.3088668876701483,2.0,full
servo,outer_2,streed,4,134.0,3,0.08,1e-05,0.001,0.5628123000526585,1.1749548649484076,0.0026695728302001,1.041788912643139,0.612314100870462,0.6354423585926829,0.4590658326229577,2.0,full
servo,outer_2,streed,4,134.0,3,0.05,0.1,0.1,0.4654283314674743,1.4312569066910594,0.0037925243377685,1.4073093777917896,0.4762912190163307,0.8290747984747929,0.2942319948586831,2.0,full
servo,outer_2,streed,4,134.0,3,0.05,0.1,0.001,0.5799445713614843,1.1288152086127898,0.0024380683898925,1.0495384165909944,0.6094302408395371,0.6814584101279533,0.4198936650980572,2.0,full
servo,outer_2,streed,4,134.0,3,0.05,0.01,0.1,0.4882044411199625,1.373283399143947,0.0038049221038818,1.3424932253971733,0.5004115643322264,0.8106578850897698,0.3099097940687424,2.0,full
servo,outer_2,streed,4,134.0,3,0.05,0.01,0.001,0.5646656547199714,1.1698123903485709,0.0026423931121826,1.048222611003308,0.6099198978767268,0.6603482055320683,0.4378641871947023,2.0,full
servo,outer_2,streed,4,134.0,3,0.05,0.001,0.1,0.4896841526300462,1.3697227236470562,0.0037164688110351,1.3373985456683055,0.502307471907641,0.8117159164186385,0.3090091218233354,2.0,full
servo,outer_2,streed,4,134.0,3,0.05,0.001,0.001,0.5617479014900116,1.1776185781742203,0.0028326511383056,1.0481447259864196,0.609948881601198,0.6568687842945286,0.4408261204127693,2.0,full
servo,outer_2,streed,4,134.0,3,0.05,0.0001,0.1,0.4898175942733049,1.3694068434363589,0.0039472579956054,1.3369148095761707,0.5024874869371204,0.8118673748622498,0.3088801895197531,2.0,full
servo,outer_2,streed,4,134.0,3,0.05,0.0001,0.001,0.562831395053899,1.1749021337470211,0.0027761459350585,1.0417954701965697,0.6123116605766876,0.6353812873367429,0.4591178208616011,2.0,full
servo,outer_2,streed,4,134.0,3,0.05,1e-05,0.1,0.4898307833909023,1.3693756837358226,0.0039806365966796,1.336866710466824,0.5025053862891178,0.8118830007169217,0.3088668876701483,2.0,full
servo,outer_2,streed,4,134.0,3,0.05,1e-05,0.001,0.5628123000526585,1.1749548649484076,0.0028941631317138,1.041788912643139,0.612314100870462,0.6354423585926829,0.4590658326229577,2.0,full
servo,outer_2,streed,4,134.0,3,0.03,0.1,0.1,0.4654283314674743,1.4312569066910594,0.0035786628723144,1.4073093777917896,0.4762912190163307,0.8290747984747929,0.2942319948586831,2.0,full
servo,outer_2,streed,4,134.0,3,0.03,0.1,0.001,0.5799445713614843,1.1288152086127898,0.0026111602783203,1.0495384165909944,0.6094302408395371,0.6814584101279533,0.4198936650980572,2.0,full
servo,outer_2,streed,4,134.0,3,0.03,0.01,0.1,0.4282047464536744,1.552408073149664,0.0038552284240722,1.3424932253971733,0.5004115643322264,0.8106578850897698,0.3099097940687424,2.0,full
servo,outer_2,streed,4,134.0,3,0.03,0.01,0.001,0.5646656547199714,1.1698123903485709,0.0028600692749023,1.048222611003308,0.6099198978767268,0.6603482055320683,0.4378641871947023,2.0,full
servo,outer_2,streed,4,134.0,3,0.03,0.001,0.1,0.423988385831785,1.565852601919688,0.0039200782775878,1.3373985456683055,0.502307471907641,0.8117159164186385,0.3090091218233354,2.0,full
servo,outer_2,streed,4,134.0,3,0.03,0.001,0.001,0.5617479014900116,1.1776185781742203,0.0028061866760253,1.0481447259864196,0.609948881601198,0.6568687842945286,0.4408261204127693,2.0,full
servo,outer_2,streed,4,134.0,3,0.03,0.0001,0.1,0.4235088308788239,1.5673667779463625,0.003843069076538,1.3369148095761707,0.5024874869371204,0.8118673748622498,0.3088801895197531,2.0,full
servo,outer_2,streed,4,134.0,3,0.03,0.0001,0.001,0.562831395053899,1.1749021337470211,0.0029289722442626,1.0417954701965697,0.6123116605766876,0.6353812873367429,0.4591178208616011,2.0,full
servo,outer_2,streed,4,134.0,3,0.03,1e-05,0.1,0.4234602595897994,1.5675199993958338,0.0039916038513183,1.336866710466824,0.5025053862891178,0.8118830007169217,0.3088668876701483,2.0,full
servo,outer_2,streed,4,134.0,3,0.03,1e-05,0.001,0.5628123000526585,1.1749548649484076,0.0028667449951171,1.041788912643139,0.612314100870462,0.6354423585926829,0.4590658326229577,2.0,full
servo,outer_2,streed,4,134.0,3,0.01,0.1,0.1,0.436122129923412,1.518748415224944,0.0037677288055419,1.4073093777917896,0.4762912190163307,0.8290747984747929,0.2942319948586831,2.0,full
servo,outer_2,streed,4,134.0,3,0.01,0.1,0.001,0.5799445713614843,1.1288152086127898,0.0031015872955322,1.0495384165909944,0.6094302408395371,0.6814584101279533,0.4198936650980572,2.0,full
servo,outer_2,streed,4,134.0,3,0.01,0.01,0.1,0.3966890734593919,1.6317326783585553,0.0039660930633544,1.3424932253971733,0.5004115643322264,0.8106578850897698,0.3099097940687424,2.0,full
servo,outer_2,streed,4,134.0,3,0.01,0.01,0.001,0.5646656547199714,1.1698123903485709,0.0030262470245361,1.048222611003308,0.6099198978767268,0.6603482055320683,0.4378641871947023,2.0,full
servo,outer_2,streed,4,134.0,3,0.01,0.001,0.1,0.3883105729571232,1.6557528903636978,0.0038578510284423,1.3373985456683055,0.502307471907641,0.8117159164186385,0.3090091218233354,2.0,full
servo,outer_2,streed,4,134.0,3,0.01,0.001,0.001,0.5617479014900116,1.1776185781742203,0.0029654502868652,1.0481447259864196,0.609948881601198,0.6568687842945286,0.4408261204127693,2.0,full
servo,outer_2,streed,4,134.0,3,0.01,0.0001,0.1,0.3873550435584208,1.658476680473643,0.0038962364196777,1.3369148095761707,0.5024874869371204,0.8118673748622498,0.3088801895197531,2.0,full
servo,outer_2,streed,4,134.0,3,0.01,0.0001,0.001,0.562831395053899,1.1749021337470211,0.0030467510223388,1.0417954701965697,0.6123116605766876,0.6353812873367429,0.4591178208616011,2.0,full
servo,outer_2,streed,4,134.0,3,0.01,1e-05,0.1,0.387258220008792,1.6587525293799106,0.0039782524108886,1.336866710466824,0.5025053862891178,0.8118830007169217,0.3088668876701483,2.0,full
servo,outer_2,streed,4,134.0,3,0.01,1e-05,0.001,0.5628123000526585,1.1749548649484076,0.0029029846191406,1.041788912643139,0.612314100870462,0.6354423585926829,0.4590658326229577,2.0,full
servo,outer_2,streed,4,134.0,3,0.008,0.1,0.1,0.4174635105818536,1.5654863483430372,0.0036983489990234,1.4073093777917896,0.4762912190163307,0.8290747984747929,0.2942319948586831,2.0,full
servo,outer_2,streed,4,134.0,3,0.008,0.1,0.001,0.5799445713614843,1.1288152086127898,0.0030403137207031,1.0495384165909944,0.6094302408395371,0.6814584101279533,0.4198936650980572,2.0,full
servo,outer_2,streed,4,134.0,3,0.008,0.01,0.1,0.3966890734593919,1.6317326783585553,0.0039353370666503,1.3424932253971733,0.5004115643322264,0.8106578850897698,0.3099097940687424,2.0,full
servo,outer_2,streed,4,134.0,3,0.008,0.01,0.001,0.5646656547199714,1.1698123903485709,0.0036780834197998,1.048222611003308,0.6099198978767268,0.6603482055320683,0.4378641871947023,2.0,full
servo,outer_2,streed,4,134.0,3,0.008,0.001,0.1,0.3883105729571232,1.6557528903636978,0.0040016174316406,1.3373985456683055,0.502307471907641,0.8117159164186385,0.3090091218233354,2.0,full
servo,outer_2,streed,4,134.0,3,0.008,0.001,0.001,0.5617479014900116,1.1776185781742203,0.0030372142791748,1.0481447259864196,0.609948881601198,0.6568687842945286,0.4408261204127693,2.0,full
servo,outer_2,streed,4,134.0,3,0.008,0.0001,0.1,0.3873550435584208,1.658476680473643,0.004180908203125,1.3369148095761707,0.5024874869371204,0.8118673748622498,0.3088801895197531,2.0,full
servo,outer_2,streed,4,134.0,3,0.008,0.0001,0.001,0.562831395053899,1.1749021337470211,0.0031287670135498,1.0417954701965697,0.6123116605766876,0.6353812873367429,0.4591178208616011,2.0,full
servo,outer_2,streed,4,134.0,3,0.008,1e-05,0.1,0.387258220008792,1.6587525293799106,0.0037996768951416,1.336866710466824,0.5025053862891178,0.8118830007169217,0.3088668876701483,2.0,full
servo,outer_2,streed,4,134.0,3,0.008,1e-05,0.001,0.5628123000526585,1.1749548649484076,0.0030133724212646,1.041788912643139,0.612314100870462,0.6354423585926829,0.4590658326229577,2.0,full
servo,outer_2,streed,4,134.0,3,0.005,0.1,0.1,0.4174635105818536,1.5654863483430372,0.0038259029388427,1.4073093777917896,0.4762912190163307,0.8290747984747929,0.2942319948586831,2.0,full
servo,outer_2,streed,4,134.0,3,0.005,0.1,0.001,0.5799445713614843,1.1288152086127898,0.0035212039947509,1.0495384165909944,0.6094302408395371,0.6814584101279533,0.4198936650980572,2.0,full
servo,outer_2,streed,4,134.0,3,0.005,0.01,0.1,0.3966890734593919,1.6317326783585553,0.0039055347442626,1.3424932253971733,0.5004115643322264,0.8106578850897698,0.3099097940687424,2.0,full
servo,outer_2,streed,4,134.0,3,0.005,0.01,0.001,0.5646656547199714,1.1698123903485709,0.0033936500549316,1.048222611003308,0.6099198978767268,0.6603482055320683,0.4378641871947023,2.0,full
servo,outer_2,streed,4,134.0,3,0.005,0.001,0.1,0.3883105729571232,1.6557528903636978,0.0040457248687744,1.3373985456683055,0.502307471907641,0.8117159164186385,0.3090091218233354,2.0,full
servo,outer_2,streed,4,134.0,3,0.005,0.001,0.001,0.5617479014900116,1.1776185781742203,0.0033445358276367,1.0481447259864196,0.609948881601198,0.6568687842945286,0.4408261204127693,2.0,full
servo,outer_2,streed,4,134.0,3,0.005,0.0001,0.1,0.3873550435584208,1.658476680473643,0.0038533210754394,1.3369148095761707,0.5024874869371204,0.8118673748622498,0.3088801895197531,2.0,full
servo,outer_2,streed,4,134.0,3,0.005,0.0001,0.001,0.562831395053899,1.1749021337470211,0.0031931400299072,1.0417954701965697,0.6123116605766876,0.6353812873367429,0.4591178208616011,2.0,full
servo,outer_2,streed,4,134.0,3,0.005,1e-05,0.1,0.387258220008792,1.6587525293799106,0.0039703845977783,1.336866710466824,0.5025053862891178,0.8118830007169217,0.3088668876701483,2.0,full
servo,outer_2,streed,4,134.0,3,0.005,1e-05,0.001,0.5628123000526585,1.1749548649484076,0.0032625198364257,1.041788912643139,0.612314100870462,0.6354423585926829,0.4590658326229577,2.0,full
servo,outer_2,streed,4,134.0,3,0.003,0.1,0.1,0.4174635105818536,1.5654863483430372,0.0041427612304687,1.4073093777917896,0.4762912190163307,0.8290747984747929,0.2942319948586831,2.0,full
servo,outer_2,streed,4,134.0,3,0.003,0.1,0.001,0.5806995138158384,1.1265613834594888,0.0034949779510498,1.0495384165909944,0.6094302408395371,0.6814584101279533,0.4198936650980572,2.0,full
servo,outer_2,streed,4,134.0,3,0.003,0.01,0.1,0.3966890734593919,1.6317326783585553,0.0042493343353271,1.3424932253971733,0.5004115643322264,0.8106578850897698,0.3099097940687424,2.0,full
servo,outer_2,streed,4,134.0,3,0.003,0.01,0.001,0.5646656547199714,1.1698123903485709,0.0034139156341552,1.048222611003308,0.6099198978767268,0.6603482055320683,0.4378641871947023,2.0,full
servo,outer_2,streed,4,134.0,3,0.003,0.001,0.1,0.3883105729571232,1.6557528903636978,0.0041732788085937,1.3373985456683055,0.502307471907641,0.8117159164186385,0.3090091218233354,2.0,full
servo,outer_2,streed,4,134.0,3,0.003,0.001,0.001,0.5617479014900116,1.1776185781742203,0.0034925937652587,1.0481447259864196,0.609948881601198,0.6568687842945286,0.4408261204127693,2.0,full
servo,outer_2,streed,4,134.0,3,0.003,0.0001,0.1,0.3873550435584208,1.658476680473643,0.0043416023254394,1.3369148095761707,0.5024874869371204,0.8118673748622498,0.3088801895197531,2.0,full
servo,outer_2,streed,4,134.0,3,0.003,0.0001,0.001,0.562831395053899,1.1749021337470211,0.0035133361816406,1.0417954701965697,0.6123116605766876,0.6353812873367429,0.4591178208616011,2.0,full
servo,outer_2,streed,4,134.0,3,0.003,1e-05,0.1,0.387258220008792,1.6587525293799106,0.004199743270874,1.336866710466824,0.5025053862891178,0.8118830007169217,0.3088668876701483,2.0,full
servo,outer_2,streed,4,134.0,3,0.003,1e-05,0.001,0.5628123000526585,1.1749548649484076,0.0034341812133789,1.041788912643139,0.612314100870462,0.6354423585926829,0.4590658326229577,2.0,full
servo,outer_2,streed,4,134.0,3,0.001,0.1,0.1,0.4174635105818536,1.5654863483430372,0.0043342113494873,1.4047767142831893,0.4772337112214294,0.7861445099234687,0.3307773393399632,3.0,full
servo,outer_2,streed,4,134.0,3,0.001,0.1,0.001,0.582887206732675,1.1208821416984158,0.00346040725708,1.0397280597452796,0.6130810159326057,0.6566929639828287,0.4409757912879184,4.0,full
servo,outer_2,streed,4,134.0,3,0.001,0.01,0.1,0.3966890734593919,1.6317326783585553,0.0042529106140136,1.3424932253971733,0.5004115643322264,0.8106578850897698,0.3099097940687424,2.0,full
servo,outer_2,streed,4,134.0,3,0.001,0.01,0.001,0.5673908261262862,1.1624577878366722,0.0034747123718261,1.0392041133792915,0.613275994603936,0.6378847819798551,0.4569866664429627,4.0,full
servo,outer_2,streed,4,134.0,3,0.001,0.001,0.1,0.3883105729571232,1.6557528903636978,0.0043342113494873,1.3373985456683055,0.502307471907641,0.8117159164186385,0.3090091218233354,2.0,full
servo,outer_2,streed,4,134.0,3,0.001,0.001,0.001,0.5644678037626104,1.1702739356190328,0.003511905670166,1.0416910496337315,0.612350519101001,0.645231971724489,0.4507322109233832,3.0,full
servo,outer_2,streed,4,134.0,3,0.001,0.0001,0.1,0.3873550435584208,1.658476680473643,0.0043163299560546,1.3369148095761707,0.5024874869371204,0.8118673748622498,0.3088801895197531,2.0,full
servo,outer_2,streed,4,134.0,3,0.001,0.0001,0.001,0.564149844900048,1.1711237252955211,0.0036215782165527,1.0416894536624348,0.6123511130174458,0.6448680555487519,0.4510420025053503,3.0,full
servo,outer_2,streed,4,134.0,3,0.001,1e-05,0.1,0.387258220008792,1.6587525293799106,0.0043106079101562,1.336866710466824,0.5025053862891178,0.8118830007169217,0.3088668876701483,2.0,full
servo,outer_2,streed,4,134.0,3,0.001,1e-05,0.001,0.5641177703770275,1.1712094443658834,0.0034778118133544,1.0416893085692378,0.6123511670116724,0.6448314144058096,0.4510731940774594,3.0,full
servo,outer_2,streed,4,134.0,3,0.0005,0.1,0.1,0.4174635105818536,1.5654863483430372,0.0042190551757812,1.4047767142831893,0.4772337112214294,0.7861445099234687,0.3307773393399632,3.0,full
servo,outer_2,streed,4,134.0,3,0.0005,0.1,0.001,0.5836922470724387,1.11883332812503,0.003481388092041,1.0397280597452796,0.6130810159326057,0.6566929639828287,0.4409757912879184,4.0,full
servo,outer_2,streed,4,134.0,3,0.0005,0.01,0.1,0.3966890734593919,1.6317326783585553,0.0043280124664306,1.3400332115469715,0.5013270210718905,0.7636535064347654,0.3499232966107066,3.0,full
servo,outer_2,streed,4,134.0,3,0.0005,0.01,0.001,0.5673908261262862,1.1624577878366722,0.0034193992614746,1.0392041133792915,0.613275994603936,0.6378847819798551,0.4569866664429627,4.0,full
servo,outer_2,streed,4,134.0,3,0.0005,0.001,0.1,0.3883105729571232,1.6557528903636978,0.0042309761047363,1.3349427721009837,0.5032213506905225,0.7642280490549578,0.3494342046739263,3.0,full
servo,outer_2,streed,4,134.0,3,0.0005,0.001,0.001,0.5644678037626104,1.1702739356190328,0.0035221576690673,1.0391812320590197,0.61328450953927,0.6346574646889156,0.4597339906778505,4.0,full
servo,outer_2,streed,4,134.0,3,0.0005,0.0001,0.1,0.3873550435584208,1.658476680473643,0.0043797492980957,1.3344594153340636,0.5034012245598924,0.7643302850088404,0.3493471740883166,3.0,full
servo,outer_2,streed,4,134.0,3,0.0005,0.0001,0.001,0.564149844900048,1.1711237252955211,0.0034921169281005,1.0391798729011488,0.6132850153292,0.6343113918922657,0.4600285926941879,4.0,full
servo,outer_2,streed,4,134.0,3,0.0005,1e-05,0.1,0.387258220008792,1.6587525293799106,0.0041854381561279,1.3344113536919726,0.5034191099690205,0.7643409797611121,0.3493380699471822,3.0,full
servo,outer_2,streed,4,134.0,3,0.0005,1e-05,0.001,0.5641177703770275,1.1712094443658834,0.003507375717163,1.0391797476629834,0.6132850619346786,0.6342765340853094,0.4600582661626426,4.0,full
servo,outer_2,streed,4,134.0,3,0.0001,0.1,0.1,0.4174635105818536,1.5654863483430372,0.0041804313659667,1.4047767142831893,0.4772337112214294,0.7861445099234687,0.3307773393399632,3.0,full
servo,outer_2,streed,4,134.0,3,0.0001,0.1,0.001,0.5836922470724387,1.11883332812503,0.0034737586975097,1.0397280597452796,0.6130810159326057,0.6566929639828287,0.4409757912879184,4.0,full
servo,outer_2,streed,4,134.0,3,0.0001,0.01,0.1,0.3966890734593919,1.6317326783585553,0.0042977333068847,1.3400332115469715,0.5013270210718905,0.7636535064347654,0.3499232966107066,3.0,full
servo,outer_2,streed,4,134.0,3,0.0001,0.01,0.001,0.5679278019260027,1.1610911938255428,0.0035274028778076,1.0392041133792915,0.613275994603936,0.6378847819798551,0.4569866664429627,4.0,full
servo,outer_2,streed,4,134.0,3,0.0001,0.001,0.1,0.3883105729571232,1.6557528903636978,0.0042803287506103,1.3349427721009837,0.5032213506905225,0.7642280490549578,0.3494342046739263,3.0,full
servo,outer_2,streed,4,134.0,3,0.0001,0.001,0.001,0.5649301420844589,1.1690972926826333,0.0036137104034423,1.0391812320590197,0.61328450953927,0.6346574646889156,0.4597339906778505,4.0,full
servo,outer_2,streed,4,134.0,3,0.0001,0.0001,0.1,0.3873550435584208,1.658476680473643,0.0043878555297851,1.3344594153340636,0.5034012245598924,0.7643302850088404,0.3493471740883166,3.0,full
servo,outer_2,streed,4,134.0,3,0.0001,0.0001,0.001,0.5646034792489528,1.1699692338179106,0.0033304691314697,1.0391798729011488,0.6132850153292,0.6343113918922657,0.4600285926941879,4.0,full
servo,outer_2,streed,4,134.0,3,0.0001,1e-05,0.1,0.387258220008792,1.6587525293799106,0.0042517185211181,1.3344113536919726,0.5034191099690205,0.7643409797611121,0.3493380699471822,3.0,full
servo,outer_2,streed,4,134.0,3,0.0001,1e-05,0.001,0.5645705201172938,1.1700572042017734,0.0034687519073486,1.0391797476629834,0.6132850619346786,0.6342765340853094,0.4600582661626426,4.0,full
servo,outer_3,streed,4,134.0,3,0.1,0.1,0.1,0.3448026269194694,1.607592964883641,0.0035758018493652,1.662064531591946,0.3516429324397183,1.1912448532832765,0.3285190839289699,1.0,full
servo,outer_3,streed,4,134.0,3,0.1,0.1,0.001,0.5466818952928264,1.1134804898856714,0.0023639202117919,1.0266596918441686,0.5995088911807369,0.7165707810284382,0.5960833718202104,2.0,full
servo,outer_3,streed,4,134.0,3,0.1,0.01,0.1,0.4305641687503262,1.4142114317668415,0.005434513092041,1.333648920375096,0.4797550355393657,0.8879877513711867,0.4994590515063597,2.0,full
servo,outer_3,streed,4,134.0,3,0.1,0.01,0.001,0.5304340927860318,1.1492080234229245,0.0024292469024658,1.0242623760576828,0.6004440634341591,0.6911646939760719,0.6104042753361281,2.0,full
servo,outer_3,streed,4,134.0,3,0.1,0.001,0.1,0.4312229695757062,1.412066556092431,0.0035226345062255,1.3297276576996278,0.4812846863568133,0.8815803290075009,0.503070787436688,2.0,full
servo,outer_3,streed,4,134.0,3,0.1,0.001,0.001,0.527602000550837,1.1554521548117542,0.0023474693298339,1.0241630197383056,0.6004828214791391,0.6871828212516029,0.6126487774108571,2.0,full
servo,outer_3,streed,4,134.0,3,0.1,0.0001,0.1,0.4312744348635554,1.4118848891448887,0.0035028457641601,1.3293540163753923,0.4814304406212812,0.8809380219651397,0.5034328430795852,2.0,full
servo,outer_3,streed,4,134.0,3,0.1,0.0001,0.001,0.5277946793888139,1.1545197127696585,0.002364158630371,1.0174507796201495,0.603101208573652,0.700949436216505,0.6048888116889894,2.0,full
servo,outer_3,streed,4,134.0,3,0.1,1e-05,0.1,0.4312794278891101,1.411867072030444,0.0036656856536865,1.3293168471437289,0.4814449400186191,0.8808737780091783,0.5034690561136077,2.0,full
servo,outer_3,streed,4,134.0,3,0.1,1e-05,0.001,0.5277865485974406,1.154514678395125,0.0023422241210937,1.0174414240977865,0.6031048580823983,0.7009573304960987,0.6048843618413542,2.0,full
servo,outer_3,streed,4,134.0,3,0.08,0.1,0.1,0.4143332177875085,1.4574497425515762,0.003648042678833,1.3839988489405757,0.4601139617927787,0.9489403718666196,0.4651012775068355,2.0,full
servo,outer_3,streed,4,134.0,3,0.08,0.1,0.001,0.5466818952928264,1.1134804898856714,0.002676248550415,1.0266596918441686,0.5995088911807369,0.7165707810284382,0.5960833718202104,2.0,full
servo,outer_3,streed,4,134.0,3,0.08,0.01,0.1,0.4305641687503262,1.4142114317668415,0.0038111209869384,1.333648920375096,0.4797550355393657,0.8879877513711867,0.4994590515063597,2.0,full
servo,outer_3,streed,4,134.0,3,0.08,0.01,0.001,0.5304340927860318,1.1492080234229245,0.0024921894073486,1.0242623760576828,0.6004440634341591,0.6911646939760719,0.6104042753361281,2.0,full
servo,outer_3,streed,4,134.0,3,0.08,0.001,0.1,0.4312229695757062,1.412066556092431,0.0038263797760009,1.3297276576996278,0.4812846863568133,0.8815803290075009,0.503070787436688,2.0,full
servo,outer_3,streed,4,134.0,3,0.08,0.001,0.001,0.527602000550837,1.1554521548117542,0.0028808116912841,1.0241630197383056,0.6004828214791391,0.6871828212516029,0.6126487774108571,2.0,full
servo,outer_3,streed,4,134.0,3,0.08,0.0001,0.1,0.4312744348635554,1.4118848891448887,0.0036089420318603,1.3293540163753923,0.4814304406212812,0.8809380219651397,0.5034328430795852,2.0,full
servo,outer_3,streed,4,134.0,3,0.08,0.0001,0.001,0.5277946793888139,1.1545197127696585,0.0028510093688964,1.0174507796201495,0.603101208573652,0.700949436216505,0.6048888116889894,2.0,full
servo,outer_3,streed,4,134.0,3,0.08,1e-05,0.1,0.4312794278891101,1.411867072030444,0.0036268234252929,1.3293168471437289,0.4814449400186191,0.8808737780091783,0.5034690561136077,2.0,full
servo,outer_3,streed,4,134.0,3,0.08,1e-05,0.001,0.5277865485974406,1.154514678395125,0.0026741027832031,1.0174414240977865,0.6031048580823983,0.7009573304960987,0.6048843618413542,2.0,full
servo,outer_3,streed,4,134.0,3,0.05,0.1,0.1,0.4143332177875085,1.4574497425515762,0.003594160079956,1.3839988489405757,0.4601139617927787,0.9489403718666196,0.4651012775068355,2.0,full
servo,outer_3,streed,4,134.0,3,0.05,0.1,0.001,0.5466818952928264,1.1134804898856714,0.0026557445526123,1.0266596918441686,0.5995088911807369,0.7165707810284382,0.5960833718202104,2.0,full
servo,outer_3,streed,4,134.0,3,0.05,0.01,0.1,0.4305641687503262,1.4142114317668415,0.0036120414733886,1.333648920375096,0.4797550355393657,0.8879877513711867,0.4994590515063597,2.0,full
servo,outer_3,streed,4,134.0,3,0.05,0.01,0.001,0.5304340927860318,1.1492080234229245,0.0025928020477294,1.0242623760576828,0.6004440634341591,0.6911646939760719,0.6104042753361281,2.0,full
servo,outer_3,streed,4,134.0,3,0.05,0.001,0.1,0.4312229695757062,1.412066556092431,0.0037562847137451,1.3297276576996278,0.4812846863568133,0.8815803290075009,0.503070787436688,2.0,full
servo,outer_3,streed,4,134.0,3,0.05,0.001,0.001,0.527602000550837,1.1554521548117542,0.0026018619537353,1.0241630197383056,0.6004828214791391,0.6871828212516029,0.6126487774108571,2.0,full
servo,outer_3,streed,4,134.0,3,0.05,0.0001,0.1,0.4312744348635554,1.4118848891448887,0.003835916519165,1.3293540163753923,0.4814304406212812,0.8809380219651397,0.5034328430795852,2.0,full
servo,outer_3,streed,4,134.0,3,0.05,0.0001,0.001,0.5277946793888139,1.1545197127696585,0.0027432441711425,1.0174507796201495,0.603101208573652,0.700949436216505,0.6048888116889894,2.0,full
servo,outer_3,streed,4,134.0,3,0.05,1e-05,0.1,0.4312794278891101,1.411867072030444,0.0039429664611816,1.3293168471437289,0.4814449400186191,0.8808737780091783,0.5034690561136077,2.0,full
servo,outer_3,streed,4,134.0,3,0.05,1e-05,0.001,0.5277865485974406,1.154514678395125,0.002704381942749,1.0174414240977865,0.6031048580823983,0.7009573304960987,0.6048843618413542,2.0,full
servo,outer_3,streed,4,134.0,3,0.03,0.1,0.1,0.4143332177875085,1.4574497425515762,0.0037009716033935,1.3839988489405757,0.4601139617927787,0.9489403718666196,0.4651012775068355,2.0,full
servo,outer_3,streed,4,134.0,3,0.03,0.1,0.001,0.5466818952928264,1.1134804898856714,0.0027520656585693,1.0266596918441686,0.5995088911807369,0.7165707810284382,0.5960833718202104,2.0,full
servo,outer_3,streed,4,134.0,3,0.03,0.01,0.1,0.4305641687503262,1.4142114317668415,0.0037252902984619,1.333648920375096,0.4797550355393657,0.8879877513711867,0.4994590515063597,2.0,full
servo,outer_3,streed,4,134.0,3,0.03,0.01,0.001,0.5304340927860318,1.1492080234229245,0.0028252601623535,1.0242623760576828,0.6004440634341591,0.6911646939760719,0.6104042753361281,2.0,full
servo,outer_3,streed,4,134.0,3,0.03,0.001,0.1,0.4312229695757062,1.412066556092431,0.0037238597869873,1.3297276576996278,0.4812846863568133,0.8815803290075009,0.503070787436688,2.0,full
servo,outer_3,streed,4,134.0,3,0.03,0.001,0.001,0.527602000550837,1.1554521548117542,0.0028176307678222,1.0241630197383056,0.6004828214791391,0.6871828212516029,0.6126487774108571,2.0,full
servo,outer_3,streed,4,134.0,3,0.03,0.0001,0.1,0.4312744348635554,1.4118848891448887,0.0037105083465576,1.3293540163753923,0.4814304406212812,0.8809380219651397,0.5034328430795852,2.0,full
servo,outer_3,streed,4,134.0,3,0.03,0.0001,0.001,0.5277946793888139,1.1545197127696585,0.0029301643371582,1.0174507796201495,0.603101208573652,0.700949436216505,0.6048888116889894,2.0,full
servo,outer_3,streed,4,134.0,3,0.03,1e-05,0.1,0.4312794278891101,1.411867072030444,0.0037336349487304,1.3293168471437289,0.4814449400186191,0.8808737780091783,0.5034690561136077,2.0,full
servo,outer_3,streed,4,134.0,3,0.03,1e-05,0.001,0.5277865485974406,1.154514678395125,0.0028522014617919,1.0174414240977865,0.6031048580823983,0.7009573304960987,0.6048843618413542,2.0,full
servo,outer_3,streed,4,134.0,3,0.01,0.1,0.1,0.3920246535493636,1.5137326638814617,0.0037627220153808,1.3839988489405757,0.4601139617927787,0.9489403718666196,0.4651012775068355,2.0,full
servo,outer_3,streed,4,134.0,3,0.01,0.1,0.001,0.5466818952928264,1.1134804898856714,0.0030295848846435,1.0266596918441686,0.5995088911807369,0.7165707810284382,0.5960833718202104,2.0,full
servo,outer_3,streed,4,134.0,3,0.01,0.01,0.1,0.3885036718300986,1.5192713204244557,0.0040102005004882,1.333648920375096,0.4797550355393657,0.8879877513711867,0.4994590515063597,2.0,full
servo,outer_3,streed,4,134.0,3,0.01,0.01,0.001,0.5304340927860318,1.1492080234229245,0.0029530525207519,1.0242623760576828,0.6004440634341591,0.6911646939760719,0.6104042753361281,2.0,full
servo,outer_3,streed,4,134.0,3,0.01,0.001,0.1,0.3857160355320183,1.525691196007782,0.004026174545288,1.3297276576996278,0.4812846863568133,0.8815803290075009,0.503070787436688,2.0,full
servo,outer_3,streed,4,134.0,3,0.01,0.001,0.001,0.527602000550837,1.1554521548117542,0.0028467178344726,1.0241630197383056,0.6004828214791391,0.6871828212516029,0.6126487774108571,2.0,full
servo,outer_3,streed,4,134.0,3,0.01,0.0001,0.1,0.3853980137469479,1.5264276143217543,0.0038831233978271,1.3293540163753923,0.4814304406212812,0.8809380219651397,0.5034328430795852,2.0,full
servo,outer_3,streed,4,134.0,3,0.01,0.0001,0.001,0.5277946793888139,1.1545197127696585,0.002906322479248,1.0174507796201495,0.603101208573652,0.700949436216505,0.6048888116889894,2.0,full
servo,outer_3,streed,4,134.0,3,0.01,1e-05,0.1,0.3853657969258532,1.5265022532737662,0.0039377212524414,1.3293168471437289,0.4814449400186191,0.8808737780091783,0.5034690561136077,2.0,full
servo,outer_3,streed,4,134.0,3,0.01,1e-05,0.001,0.5277865485974406,1.154514678395125,0.0029575824737548,1.0174414240977865,0.6031048580823983,0.7009573304960987,0.6048843618413542,2.0,full
servo,outer_3,streed,4,134.0,3,0.008,0.1,0.1,0.3920246535493636,1.5137326638814617,0.003852367401123,1.3839988489405757,0.4601139617927787,0.9489403718666196,0.4651012775068355,2.0,full
servo,outer_3,streed,4,134.0,3,0.008,0.1,0.001,0.5466818952928264,1.1134804898856714,0.0032334327697753,1.0266596918441686,0.5995088911807369,0.7165707810284382,0.5960833718202104,2.0,full
servo,outer_3,streed,4,134.0,3,0.008,0.01,0.1,0.3885036718300986,1.5192713204244557,0.0040040016174316,1.333648920375096,0.4797550355393657,0.8879877513711867,0.4994590515063597,2.0,full
servo,outer_3,streed,4,134.0,3,0.008,0.01,0.001,0.5304340927860318,1.1492080234229245,0.0028340816497802,1.0242623760576828,0.6004440634341591,0.6911646939760719,0.6104042753361281,2.0,full
servo,outer_3,streed,4,134.0,3,0.008,0.001,0.1,0.3857160355320183,1.525691196007782,0.0040440559387207,1.3297276576996278,0.4812846863568133,0.8815803290075009,0.503070787436688,2.0,full
servo,outer_3,streed,4,134.0,3,0.008,0.001,0.001,0.527602000550837,1.1554521548117542,0.0027148723602294,1.0241630197383056,0.6004828214791391,0.6871828212516029,0.6126487774108571,2.0,full
servo,outer_3,streed,4,134.0,3,0.008,0.0001,0.1,0.3853980137469479,1.5264276143217543,0.0038504600524902,1.3293540163753923,0.4814304406212812,0.8809380219651397,0.5034328430795852,2.0,full
servo,outer_3,streed,4,134.0,3,0.008,0.0001,0.001,0.5277946793888139,1.1545197127696585,0.0027577877044677,1.0174507796201495,0.603101208573652,0.700949436216505,0.6048888116889894,2.0,full
servo,outer_3,streed,4,134.0,3,0.008,1e-05,0.1,0.3853657969258532,1.5265022532737662,0.0039615631103515,1.3293168471437289,0.4814449400186191,0.8808737780091783,0.5034690561136077,2.0,full
servo,outer_3,streed,4,134.0,3,0.008,1e-05,0.001,0.5277865485974406,1.154514678395125,0.0029206275939941,1.0174414240977865,0.6031048580823983,0.7009573304960987,0.6048843618413542,2.0,full
servo,outer_3,streed,4,134.0,3,0.005,0.1,0.1,0.3920246535493636,1.5137326638814617,0.0038197040557861,1.3839988489405757,0.4601139617927787,0.9489403718666196,0.4651012775068355,2.0,full
servo,outer_3,streed,4,134.0,3,0.005,0.1,0.001,0.5471979373113184,1.111814894401128,0.003519058227539,1.0266596918441686,0.5995088911807369,0.7165707810284382,0.5960833718202104,2.0,full
servo,outer_3,streed,4,134.0,3,0.005,0.01,0.1,0.3885036718300986,1.5192713204244557,0.0040259361267089,1.333648920375096,0.4797550355393657,0.8879877513711867,0.4994590515063597,2.0,full
servo,outer_3,streed,4,134.0,3,0.005,0.01,0.001,0.5304340927860318,1.1492080234229245,0.0033257007598876,1.0242623760576828,0.6004440634341591,0.6911646939760719,0.6104042753361281,2.0,full
servo,outer_3,streed,4,134.0,3,0.005,0.001,0.1,0.3857160355320183,1.525691196007782,0.0038857460021972,1.3297276576996278,0.4812846863568133,0.8815803290075009,0.503070787436688,2.0,full
servo,outer_3,streed,4,134.0,3,0.005,0.001,0.001,0.527602000550837,1.1554521548117542,0.0033717155456542,1.0241630197383056,0.6004828214791391,0.6871828212516029,0.6126487774108571,2.0,full
servo,outer_3,streed,4,134.0,3,0.005,0.0001,0.1,0.3853980137469479,1.5264276143217543,0.0038931369781494,1.3293540163753923,0.4814304406212812,0.8809380219651397,0.5034328430795852,2.0,full
servo,outer_3,streed,4,134.0,3,0.005,0.0001,0.001,0.5277946793888139,1.1545197127696585,0.0033571720123291,1.0174507796201495,0.603101208573652,0.700949436216505,0.6048888116889894,2.0,full
servo,outer_3,streed,4,134.0,3,0.005,1e-05,0.1,0.3853657969258532,1.5265022532737662,0.0040411949157714,1.3293168471437289,0.4814449400186191,0.8808737780091783,0.5034690561136077,2.0,full
servo,outer_3,streed,4,134.0,3,0.005,1e-05,0.001,0.5277865485974406,1.154514678395125,0.0033917427062988,1.0174414240977865,0.6031048580823983,0.7009573304960987,0.6048843618413542,2.0,full
servo,outer_3,streed,4,134.0,3,0.003,0.1,0.1,0.3920246535493636,1.5137326638814617,0.0041029453277587,1.3839988489405757,0.4601139617927787,0.9489403718666196,0.4651012775068355,2.0,full
servo,outer_3,streed,4,134.0,3,0.003,0.1,0.001,0.5477192583940682,1.1106560090692024,0.0034584999084472,1.0176660361102936,0.6030172388696662,0.7078346060873423,0.6010077790369431,3.0,full
servo,outer_3,streed,4,134.0,3,0.003,0.01,0.1,0.3885036718300986,1.5192713204244557,0.004340648651123,1.3232671717326028,0.4838048663239428,0.8453005741017316,0.5235209602049604,3.0,full
servo,outer_3,streed,4,134.0,3,0.003,0.01,0.001,0.5314204417129013,1.14655482679132,0.0034382343292236,1.016100176232478,0.6036280673298695,0.6843843757289368,0.6142262052234144,3.0,full
servo,outer_3,streed,4,134.0,3,0.003,0.001,0.1,0.3857160355320183,1.525691196007782,0.0043962001800537,1.319278072955076,0.4853609794209044,0.8377398092930902,0.5277828122212871,3.0,full
servo,outer_3,streed,4,134.0,3,0.003,0.001,0.001,0.5286724869610153,1.1526105014994643,0.0033710002899169,1.0160609147198372,0.6036433829080075,0.6806148807580344,0.6163509942029515,3.0,full
servo,outer_3,streed,4,134.0,3,0.003,0.0001,0.1,0.3853980137469479,1.5264276143217543,0.0041453838348388,1.3188984608692564,0.485509062828073,0.8369774770999193,0.528212523642923,3.0,full
servo,outer_3,streed,4,134.0,3,0.003,0.0001,0.001,0.5283775738219082,1.1532612643214393,0.0035438537597656,1.0174507796201495,0.603101208573652,0.700949436216505,0.6048888116889894,2.0,full
servo,outer_3,streed,4,134.0,3,0.003,1e-05,0.1,0.3853657969258532,1.5265022532737662,0.0045185089111328,1.318860703298378,0.4855237917314746,0.8369011821191006,0.5282555295988107,3.0,full
servo,outer_3,streed,4,134.0,3,0.003,1e-05,0.001,0.5284075343890215,1.1531342406015843,0.0033888816833496,1.0174414240977865,0.6031048580823983,0.7009573304960987,0.6048843618413542,2.0,full
servo,outer_3,streed,4,134.0,3,0.001,0.1,0.1,0.3920246535493636,1.5137326638814617,0.0041735172271728,1.3747056986198742,0.4637391397421305,0.91431485742505,0.4846189879864014,3.0,full
servo,outer_3,streed,4,134.0,3,0.001,0.1,0.001,0.5518162096178594,1.1015129926045637,0.0036146640777587,1.0145463319631858,0.6042342086046122,0.7020737459985796,0.6042550607348222,4.0,full
servo,outer_3,streed,4,134.0,3,0.001,0.01,0.1,0.3885036718300986,1.5192713204244557,0.0042388439178466,1.3232671717326028,0.4838048663239428,0.8453005741017316,0.5235209602049604,3.0,full
servo,outer_3,streed,4,134.0,3,0.001,0.01,0.001,0.5341528174188522,1.1408014865518843,0.0033631324768066,1.012870629579132,0.60488788568103,0.6781217403489623,0.617756327624677,4.0,full
servo,outer_3,streed,4,134.0,3,0.001,0.001,0.1,0.3857160355320183,1.525691196007782,0.0042886734008789,1.319278072955076,0.4853609794209044,0.8377398092930902,0.5277828122212871,3.0,full
servo,outer_3,streed,4,134.0,3,0.001,0.001,0.001,0.5314114666856715,1.1468423710882003,0.0031859874725341,1.0128131891252838,0.6049102927076577,0.6743073436401235,0.6199064268165015,4.0,full
servo,outer_3,streed,4,134.0,3,0.001,0.0001,0.1,0.3853980137469479,1.5264276143217543,0.0040168762207031,1.3188984608692564,0.485509062828073,0.8369774770999193,0.528212523642923,3.0,full
servo,outer_3,streed,4,134.0,3,0.001,0.0001,0.001,0.5311147983184689,1.147497011523218,0.0033702850341796,1.0128107576498375,0.6049112412053004,0.6739032544983208,0.6201342037897779,4.0,full
servo,outer_3,streed,4,134.0,3,0.001,1e-05,0.1,0.3853657969258532,1.5265022532737662,0.0039913654327392,1.318860703298378,0.4855237917314746,0.8369011821191006,0.5282555295988107,3.0,full
servo,outer_3,streed,4,134.0,3,0.001,1e-05,0.001,0.5310849771537022,1.1475627350151087,0.0032556056976318,1.012810552321396,0.6049113213021581,0.6738626056928099,0.6201571167090543,4.0,full
servo,outer_3,streed,4,134.0,3,0.0005,0.1,0.1,0.3920246535493636,1.5137326638814617,0.0042083263397216,1.3747056986198742,0.4637391397421305,0.91431485742505,0.4846189879864014,3.0,full
servo,outer_3,streed,4,134.0,3,0.0005,0.1,0.001,0.5518162096178594,1.1015129926045637,0.0038118362426757,1.0145463319631858,0.6042342086046122,0.7020737459985796,0.6042550607348222,4.0,full
servo,outer_3,streed,4,134.0,3,0.0005,0.01,0.1,0.3885036718300986,1.5192713204244557,0.0041608810424804,1.3232671717326028,0.4838048663239428,0.8453005741017316,0.5235209602049604,3.0,full
servo,outer_3,streed,4,134.0,3,0.0005,0.01,0.001,0.5359489719552588,1.1363932006110458,0.0035796165466308,1.012870629579132,0.60488788568103,0.6781217403489623,0.617756327624677,4.0,full
servo,outer_3,streed,4,134.0,3,0.0005,0.001,0.1,0.3857160355320183,1.525691196007782,0.0041184425354003,1.319278072955076,0.4853609794209044,0.8377398092930902,0.5277828122212871,3.0,full
servo,outer_3,streed,4,134.0,3,0.0005,0.001,0.001,0.5331635570056849,1.1425250740511226,0.0034015178680419,1.0128131891252838,0.6049102927076577,0.6743073436401235,0.6199064268165015,4.0,full
servo,outer_3,streed,4,134.0,3,0.0005,0.0001,0.1,0.3853980137469479,1.5264276143217543,0.0041677951812744,1.3188984608692564,0.485509062828073,0.8369774770999193,0.528212523642923,3.0,full
servo,outer_3,streed,4,134.0,3,0.0005,0.0001,0.001,0.5328628340138452,1.1431876281759126,0.0033643245697021,1.0128107576498375,0.6049112412053004,0.6739032544983208,0.6201342037897779,4.0,full
servo,outer_3,streed,4,134.0,3,0.0005,1e-05,0.1,0.3853657969258532,1.5265022532737662,0.0040259361267089,1.318860703298378,0.4855237917314746,0.8369011821191006,0.5282555295988107,3.0,full
servo,outer_3,streed,4,134.0,3,0.0005,1e-05,0.001,0.5328325264468342,1.1432544037989971,0.0035011768341064,1.012810552321396,0.6049113213021581,0.6738626056928099,0.6201571167090543,4.0,full
servo,outer_3,streed,4,134.0,3,0.0001,0.1,0.1,0.3883469083693949,1.521420684801119,0.0040969848632812,1.3747056986198742,0.4637391397421305,0.91431485742505,0.4846189879864014,3.0,full
servo,outer_3,streed,4,134.0,3,0.0001,0.1,0.001,0.5518162096178594,1.1015129926045637,0.0037531852722167,1.0145463319631858,0.6042342086046122,0.7020737459985796,0.6042550607348222,4.0,full
servo,outer_3,streed,4,134.0,3,0.0001,0.01,0.1,0.3849335856059699,1.5267342892363172,0.0042321681976318,1.3232671717326028,0.4838048663239428,0.8453005741017316,0.5235209602049604,3.0,full
servo,outer_3,streed,4,134.0,3,0.0001,0.01,0.001,0.5359489719552588,1.1363932006110458,0.0033679008483886,1.012870629579132,0.60488788568103,0.6781217403489623,0.617756327624677,4.0,full
servo,outer_3,streed,4,134.0,3,0.0001,0.001,0.1,0.3821669863503998,1.5331101886290728,0.0040855407714843,1.319278072955076,0.4853609794209044,0.8377398092930902,0.5277828122212871,3.0,full
servo,outer_3,streed,4,134.0,3,0.0001,0.001,0.001,0.5331635570056849,1.1425250740511226,0.0033495426177978,1.0128131891252838,0.6049102927076577,0.6743073436401235,0.6199064268165015,4.0,full
servo,outer_3,streed,4,134.0,3,0.0001,0.0001,0.1,0.3818511855776824,1.5338419641011412,0.0042212009429931,1.3188984608692564,0.485509062828073,0.8369774770999193,0.528212523642923,3.0,full
servo,outer_3,streed,4,134.0,3,0.0001,0.0001,0.001,0.5328628340138452,1.1431876281759126,0.0032939910888671,1.0128107576498375,0.6049112412053004,0.6739032544983208,0.6201342037897779,4.0,full
servo,outer_3,streed,4,134.0,3,0.0001,1e-05,0.1,0.3818191920397877,1.533916136298164,0.0043165683746337,1.318860703298378,0.4855237917314746,0.8369011821191006,0.5282555295988107,3.0,full
servo,outer_3,streed,4,134.0,3,0.0001,1e-05,0.001,0.5328325264468342,1.1432544037989971,0.003260850906372,1.012810552321396,0.6049113213021581,0.6738626056928099,0.6201571167090543,4.0,full
servo,outer_4,streed,4,134.0,3,0.1,0.1,0.1,0.4438002261952527,1.003640598800546,0.0035116672515869,0.9348567661210818,0.4885633670583613,2.8268500238563115,0.3545642563511285,2.0,full
servo,outer_4,streed,4,134.0,3,0.1,0.1,0.001,0.4779587499191327,0.9162662777161698,0.0025694370269775,0.7560722337467275,0.5863718897895775,1.902016586465704,0.5657252844835111,2.0,full
servo,outer_4,streed,4,134.0,3,0.1,0.01,0.1,0.4687362138953852,0.9497908362231454,0.0035009384155273,0.866229617241789,0.5261075548132843,2.822456275691668,0.3555674514587996,2.0,full
servo,outer_4,streed,4,134.0,3,0.1,0.01,0.001,0.4259103701692682,0.9938595768217722,0.0026843547821044,0.749122968448879,0.5901736581183201,1.906740281331332,0.5646467548541931,2.0,full
servo,outer_4,streed,4,134.0,3,0.1,0.001,0.1,0.4689816723914061,0.9474525988279496,0.0034186840057373,0.8605358165878136,0.5292224899997651,2.832583449404787,0.3532551816739061,2.0,full
servo,outer_4,streed,4,134.0,3,0.1,0.001,0.001,0.4160164960617291,1.008572462864658,0.0025076866149902,0.748760044695119,0.5903722045795152,1.9096152776928663,0.5639903261795429,2.0,full
servo,outer_4,streed,4,134.0,3,0.1,0.0001,0.1,0.4689615982423576,0.9472813467804312,0.0035581588745117,0.8599923384190268,0.5295198132419927,2.8337692938752235,0.3529844257437475,2.0,full
servo,outer_4,streed,4,134.0,3,0.1,0.0001,0.001,0.4149383202227668,1.0101769648767238,0.0024628639221191,0.748745300591903,0.5903802707076942,1.90987465268396,0.5639311048240245,2.0,full
servo,outer_4,streed,4,134.0,3,0.1,1e-05,0.1,0.4689591064398914,0.947264902592982,0.0035440921783447,0.8599382716724068,0.5295493917997436,2.833889709231576,0.3529569321114649,2.0,full
servo,outer_4,streed,4,134.0,3,0.1,1e-05,0.001,0.4148295569453548,1.0103388176495176,0.0023748874664306,0.7487439719585957,0.5903809975695726,1.9099010153732527,0.5639250856076441,2.0,full
servo,outer_4,streed,4,134.0,3,0.08,0.1,0.1,0.4438002261952527,1.003640598800546,0.0037806034088134,0.9348567661210818,0.4885633670583613,2.8268500238563115,0.3545642563511285,2.0,full
servo,outer_4,streed,4,134.0,3,0.08,0.1,0.001,0.4779587499191327,0.9162662777161698,0.0025663375854492,0.7560722337467275,0.5863718897895775,1.902016586465704,0.5657252844835111,2.0,full
servo,outer_4,streed,4,134.0,3,0.08,0.01,0.1,0.4687362138953852,0.9497908362231454,0.0038561820983886,0.866229617241789,0.5261075548132843,2.822456275691668,0.3555674514587996,2.0,full
servo,outer_4,streed,4,134.0,3,0.08,0.01,0.001,0.4259103701692682,0.9938595768217722,0.0024604797363281,0.749122968448879,0.5901736581183201,1.906740281331332,0.5646467548541931,2.0,full
servo,outer_4,streed,4,134.0,3,0.08,0.001,0.1,0.4689816723914061,0.9474525988279496,0.0035655498504638,0.8605358165878136,0.5292224899997651,2.832583449404787,0.3532551816739061,2.0,full
servo,outer_4,streed,4,134.0,3,0.08,0.001,0.001,0.4160164960617291,1.008572462864658,0.0023608207702636,0.748760044695119,0.5903722045795152,1.9096152776928663,0.5639903261795429,2.0,full
servo,outer_4,streed,4,134.0,3,0.08,0.0001,0.1,0.4689615982423576,0.9472813467804312,0.0036761760711669,0.8599923384190268,0.5295198132419927,2.8337692938752235,0.3529844257437475,2.0,full
servo,outer_4,streed,4,134.0,3,0.08,0.0001,0.001,0.4149383202227668,1.0101769648767238,0.0024683475494384,0.748745300591903,0.5903802707076942,1.90987465268396,0.5639311048240245,2.0,full
servo,outer_4,streed,4,134.0,3,0.08,1e-05,0.1,0.4689591064398914,0.947264902592982,0.0035970211029052,0.8599382716724068,0.5295493917997436,2.833889709231576,0.3529569321114649,2.0,full
servo,outer_4,streed,4,134.0,3,0.08,1e-05,0.001,0.4148295569453548,1.0103388176495176,0.0024571418762207,0.7487439719585957,0.5903809975695726,1.9099010153732527,0.5639250856076441,2.0,full
servo,outer_4,streed,4,134.0,3,0.05,0.1,0.1,0.3715957660758195,1.1036861696423683,0.0036416053771972,0.9348567661210818,0.4885633670583613,2.8268500238563115,0.3545642563511285,2.0,full
servo,outer_4,streed,4,134.0,3,0.05,0.1,0.001,0.4779587499191327,0.9162662777161698,0.0025458335876464,0.7560722337467275,0.5863718897895775,1.902016586465704,0.5657252844835111,2.0,full
servo,outer_4,streed,4,134.0,3,0.05,0.01,0.1,0.3969908193619876,1.0492003316960392,0.0036020278930664,0.866229617241789,0.5261075548132843,2.822456275691668,0.3555674514587996,2.0,full
servo,outer_4,streed,4,134.0,3,0.05,0.01,0.001,0.4259103701692682,0.9938595768217722,0.0026285648345947,0.749122968448879,0.5901736581183201,1.906740281331332,0.5646467548541931,2.0,full
servo,outer_4,streed,4,134.0,3,0.05,0.001,0.1,0.398392995943349,1.045259360606006,0.0037634372711181,0.8605358165878136,0.5292224899997651,2.832583449404787,0.3532551816739061,2.0,full
servo,outer_4,streed,4,134.0,3,0.05,0.001,0.001,0.4160164960617291,1.008572462864658,0.0027027130126953,0.748760044695119,0.5903722045795152,1.9096152776928663,0.5639903261795429,2.0,full
servo,outer_4,streed,4,134.0,3,0.05,0.0001,0.1,0.3985118078226595,1.044895669864726,0.0038011074066162,0.8599923384190268,0.5295198132419927,2.8337692938752235,0.3529844257437475,2.0,full
servo,outer_4,streed,4,134.0,3,0.05,0.0001,0.001,0.4149383202227668,1.0101769648767238,0.0028090476989746,0.748745300591903,0.5903802707076942,1.90987465268396,0.5639311048240245,2.0,full
servo,outer_4,streed,4,134.0,3,0.05,1e-05,0.1,0.398523459531467,1.0448596286100496,0.0037052631378173,0.8599382716724068,0.5295493917997436,2.833889709231576,0.3529569321114649,2.0,full
servo,outer_4,streed,4,134.0,3,0.05,1e-05,0.001,0.4148295569453548,1.0103388176495176,0.0029113292694091,0.7487439719585957,0.5903809975695726,1.9099010153732527,0.5639250856076441,2.0,full
servo,outer_4,streed,4,134.0,3,0.03,0.1,0.1,0.3715957660758195,1.1036861696423683,0.0036547183990478,0.9348567661210818,0.4885633670583613,2.8268500238563115,0.3545642563511285,2.0,full
servo,outer_4,streed,4,134.0,3,0.03,0.1,0.001,0.4779587499191327,0.9162662777161698,0.0026278495788574,0.7560722337467275,0.5863718897895775,1.902016586465704,0.5657252844835111,2.0,full
servo,outer_4,streed,4,134.0,3,0.03,0.01,0.1,0.3969908193619876,1.0492003316960392,0.0036935806274414,0.866229617241789,0.5261075548132843,2.822456275691668,0.3555674514587996,2.0,full
servo,outer_4,streed,4,134.0,3,0.03,0.01,0.001,0.4259103701692682,0.9938595768217722,0.0027308464050292,0.749122968448879,0.5901736581183201,1.906740281331332,0.5646467548541931,2.0,full
servo,outer_4,streed,4,134.0,3,0.03,0.001,0.1,0.398392995943349,1.045259360606006,0.0037367343902587,0.8605358165878136,0.5292224899997651,2.832583449404787,0.3532551816739061,2.0,full
servo,outer_4,streed,4,134.0,3,0.03,0.001,0.001,0.4160164960617291,1.008572462864658,0.0026936531066894,0.748760044695119,0.5903722045795152,1.9096152776928663,0.5639903261795429,2.0,full
servo,outer_4,streed,4,134.0,3,0.03,0.0001,0.1,0.3985118078226595,1.044895669864726,0.0036838054656982,0.8599923384190268,0.5295198132419927,2.8337692938752235,0.3529844257437475,2.0,full
servo,outer_4,streed,4,134.0,3,0.03,0.0001,0.001,0.4149383202227668,1.0101769648767238,0.0028750896453857,0.748745300591903,0.5903802707076942,1.90987465268396,0.5639311048240245,2.0,full
servo,outer_4,streed,4,134.0,3,0.03,1e-05,0.1,0.398523459531467,1.0448596286100496,0.0036699771881103,0.8599382716724068,0.5295493917997436,2.833889709231576,0.3529569321114649,2.0,full
servo,outer_4,streed,4,134.0,3,0.03,1e-05,0.001,0.4148295569453548,1.0103388176495176,0.00285005569458,0.7487439719585957,0.5903809975695726,1.9099010153732527,0.5639250856076441,2.0,full
servo,outer_4,streed,4,134.0,3,0.01,0.1,0.1,0.3775358641269974,1.094549881209914,0.0040032863616943,0.9102993098060408,0.5019981339943578,2.8138479612519105,0.3575329302727088,3.0,full
servo,outer_4,streed,4,134.0,3,0.01,0.1,0.001,0.4779587499191327,0.9162662777161698,0.0029184818267822,0.7560722337467275,0.5863718897895775,1.902016586465704,0.5657252844835111,2.0,full
servo,outer_4,streed,4,134.0,3,0.01,0.01,0.1,0.403946475405283,1.0385020436709969,0.0038304328918457,0.8406413976108161,0.5401062264443788,2.816513916204883,0.3569242306235993,3.0,full
servo,outer_4,streed,4,134.0,3,0.01,0.01,0.001,0.4259103701692682,0.9938595768217722,0.0031046867370605,0.749122968448879,0.5901736581183201,1.906740281331332,0.5646467548541931,2.0,full
servo,outer_4,streed,4,134.0,3,0.01,0.001,0.1,0.4054367046975732,1.034425641320844,0.0037546157836914,0.8349159974538524,0.5432384489244821,2.8279219788245302,0.3543195040486605,3.0,full
servo,outer_4,streed,4,134.0,3,0.01,0.001,0.001,0.4160164960617291,1.008572462864658,0.0029878616333007,0.748760044695119,0.5903722045795152,1.9096152776928663,0.5639903261795429,2.0,full
servo,outer_4,streed,4,134.0,3,0.01,0.0001,0.1,0.4055640358918237,1.03404884727422,0.003908634185791,0.8343706600372459,0.5435367893144474,2.829244704776144,0.3540174948861586,3.0,full
servo,outer_4,streed,4,134.0,3,0.01,0.0001,0.001,0.4149383202227668,1.0101769648767238,0.0030264854431152,0.748745300591903,0.5903802707076942,1.90987465268396,0.5639311048240245,2.0,full
servo,outer_4,streed,4,134.0,3,0.01,1e-05,0.1,0.4055765364499739,1.034011500429575,0.0039384365081787,0.8343164212683482,0.5435664619812615,2.829378900634447,0.3539868548441091,3.0,full
servo,outer_4,streed,4,134.0,3,0.01,1e-05,0.001,0.4148295569453548,1.0103388176495176,0.0031399726867675,0.7487439719585957,0.5903809975695726,1.9099010153732527,0.5639250856076441,2.0,full
servo,outer_4,streed,4,134.0,3,0.008,0.1,0.1,0.3775358641269974,1.094549881209914,0.0037465095520019,0.9102993098060408,0.5019981339943578,2.8138479612519105,0.3575329302727088,3.0,full
servo,outer_4,streed,4,134.0,3,0.008,0.1,0.001,0.4779587499191327,0.9162662777161698,0.0031931400299072,0.7560722337467275,0.5863718897895775,1.902016586465704,0.5657252844835111,2.0,full
servo,outer_4,streed,4,134.0,3,0.008,0.01,0.1,0.403946475405283,1.0385020436709969,0.0039756298065185,0.8406413976108161,0.5401062264443788,2.816513916204883,0.3569242306235993,3.0,full
servo,outer_4,streed,4,134.0,3,0.008,0.01,0.001,0.4259103701692682,0.9938595768217722,0.0030550956726074,0.749122968448879,0.5901736581183201,1.906740281331332,0.5646467548541931,2.0,full
servo,outer_4,streed,4,134.0,3,0.008,0.001,0.1,0.4054367046975732,1.034425641320844,0.0037908554077148,0.8349159974538524,0.5432384489244821,2.8279219788245302,0.3543195040486605,3.0,full
servo,outer_4,streed,4,134.0,3,0.008,0.001,0.001,0.4160164960617291,1.008572462864658,0.0030250549316406,0.748760044695119,0.5903722045795152,1.9096152776928663,0.5639903261795429,2.0,full
servo,outer_4,streed,4,134.0,3,0.008,0.0001,0.1,0.4055640358918237,1.03404884727422,0.0039799213409423,0.8343706600372459,0.5435367893144474,2.829244704776144,0.3540174948861586,3.0,full
servo,outer_4,streed,4,134.0,3,0.008,0.0001,0.001,0.4149383202227668,1.0101769648767238,0.0030736923217773,0.748745300591903,0.5903802707076942,1.90987465268396,0.5639311048240245,2.0,full
servo,outer_4,streed,4,134.0,3,0.008,1e-05,0.1,0.4055765364499739,1.034011500429575,0.0038340091705322,0.8343164212683482,0.5435664619812615,2.829378900634447,0.3539868548441091,3.0,full
servo,outer_4,streed,4,134.0,3,0.008,1e-05,0.001,0.4148295569453548,1.0103388176495176,0.0030980110168457,0.7487439719585957,0.5903809975695726,1.9099010153732527,0.5639250856076441,2.0,full
servo,outer_4,streed,4,134.0,3,0.005,0.1,0.1,0.3775358641269974,1.094549881209914,0.0041441917419433,0.9102993098060408,0.5019981339943578,2.8138479612519105,0.3575329302727088,3.0,full
servo,outer_4,streed,4,134.0,3,0.005,0.1,0.001,0.4783417585684517,0.9143419824654062,0.0032248497009277,0.7560722337467275,0.5863718897895775,1.902016586465704,0.5657252844835111,2.0,full
servo,outer_4,streed,4,134.0,3,0.005,0.01,0.1,0.403946475405283,1.0385020436709969,0.0039989948272705,0.8406413976108161,0.5401062264443788,2.816513916204883,0.3569242306235993,3.0,full
servo,outer_4,streed,4,134.0,3,0.005,0.01,0.001,0.4259103701692682,0.9938595768217722,0.0033183097839355,0.749122968448879,0.5901736581183201,1.906740281331332,0.5646467548541931,2.0,full
servo,outer_4,streed,4,134.0,3,0.005,0.001,0.1,0.4054367046975732,1.034425641320844,0.0040712356567382,0.8349159974538524,0.5432384489244821,2.8279219788245302,0.3543195040486605,3.0,full
servo,outer_4,streed,4,134.0,3,0.005,0.001,0.001,0.4160164960617291,1.008572462864658,0.0031418800354003,0.748760044695119,0.5903722045795152,1.9096152776928663,0.5639903261795429,2.0,full
servo,outer_4,streed,4,134.0,3,0.005,0.0001,0.1,0.4055640358918237,1.03404884727422,0.0041189193725585,0.8343706600372459,0.5435367893144474,2.829244704776144,0.3540174948861586,3.0,full
servo,outer_4,streed,4,134.0,3,0.005,0.0001,0.001,0.4149383202227668,1.0101769648767238,0.0033166408538818,0.748745300591903,0.5903802707076942,1.90987465268396,0.5639311048240245,2.0,full
servo,outer_4,streed,4,134.0,3,0.005,1e-05,0.1,0.4055765364499739,1.034011500429575,0.0041010379791259,0.8343164212683482,0.5435664619812615,2.829378900634447,0.3539868548441091,3.0,full
servo,outer_4,streed,4,134.0,3,0.005,1e-05,0.001,0.4148295569453548,1.0103388176495176,0.0031995773315429,0.7487439719585957,0.5903809975695726,1.9099010153732527,0.5639250856076441,2.0,full
servo,outer_4,streed,4,134.0,3,0.003,0.1,0.1,0.3775358641269974,1.094549881209914,0.0038964748382568,0.9102993098060408,0.5019981339943578,2.8138479612519105,0.3575329302727088,3.0,full
servo,outer_4,streed,4,134.0,3,0.003,0.1,0.001,0.480242907914778,0.911417881106883,0.0033595561981201,0.7482381738434501,0.5906577070017904,1.891632299190144,0.5680962592870563,3.0,full
servo,outer_4,streed,4,134.0,3,0.003,0.01,0.1,0.403946475405283,1.0385020436709969,0.0039587020874023,0.8406413976108161,0.5401062264443788,2.816513916204883,0.3569242306235993,3.0,full
servo,outer_4,streed,4,134.0,3,0.003,0.01,0.001,0.4263321110855682,0.9923093951694438,0.003298282623291,0.7430714903100336,0.5934842696641858,1.8944970645762205,0.5674421665825486,3.0,full
servo,outer_4,streed,4,134.0,3,0.003,0.001,0.1,0.3963751569199214,1.0565649575965923,0.0039124488830566,0.8349159974538524,0.5432384489244821,2.8279219788245302,0.3543195040486605,3.0,full
servo,outer_4,streed,4,134.0,3,0.003,0.001,0.001,0.416546424504958,1.006918797349893,0.0033111572265625,0.74289869203696,0.5935788032549578,1.895425564750019,0.5672301683530365,3.0,full
servo,outer_4,streed,4,134.0,3,0.003,0.0001,0.1,0.3965043440110687,1.056183629193434,0.0039775371551513,0.8343706600372459,0.5435367893144474,2.829244704776144,0.3540174948861586,3.0,full
servo,outer_4,streed,4,134.0,3,0.003,0.0001,0.001,0.4176149058692283,1.0055518214971375,0.0032210350036621,0.7391719634925273,0.5956176027456652,1.897345299906791,0.5667918480749661,3.0,full
servo,outer_4,streed,4,134.0,3,0.003,1e-05,0.1,0.396517033898563,1.056145819776353,0.0040059089660644,0.8343164212683482,0.5435664619812615,2.829378900634447,0.3539868548441091,3.0,full
servo,outer_4,streed,4,134.0,3,0.003,1e-05,0.001,0.4174949137458448,1.0057295220756215,0.003312349319458,0.7391648800739248,0.5956214779058941,1.8968444590819384,0.5669062017079889,3.0,full
servo,outer_4,streed,4,134.0,3,0.001,0.1,0.1,0.36861046164038,1.1163565651659275,0.0040221214294433,0.9102993098060408,0.5019981339943578,2.8138479612519105,0.3575329302727088,3.0,full
servo,outer_4,streed,4,134.0,3,0.001,0.1,0.001,0.4844678517367954,0.9041723454932772,0.0032317638397216,0.7439898220576643,0.5929818734533947,1.8900146294216305,0.5684656109969835,4.0,full
servo,outer_4,streed,4,134.0,3,0.001,0.01,0.1,0.3948700847717322,1.0606776242460951,0.0040364265441894,0.8406413976108161,0.5401062264443788,2.816513916204883,0.3569242306235993,3.0,full
servo,outer_4,streed,4,134.0,3,0.001,0.01,0.001,0.4318178386843503,0.9830827849136524,0.003413438796997,0.7389938151516698,0.5957150632240125,1.8894103348014395,0.5686035855425994,4.0,full
servo,outer_4,streed,4,134.0,3,0.001,0.001,0.1,0.3963751569199214,1.0565649575965923,0.0040235519409179,0.8349159974538524,0.5432384489244821,2.8279219788245302,0.3543195040486605,3.0,full
servo,outer_4,streed,4,134.0,3,0.001,0.001,0.001,0.4218840679693902,0.9979240714786126,0.0035130977630615,0.7388356027414156,0.595801617255948,1.8903755749815232,0.5683831987133814,4.0,full
servo,outer_4,streed,4,134.0,3,0.001,0.0001,0.1,0.3965043440110687,1.056183629193434,0.0040583610534667,0.8343706600372459,0.5435367893144474,2.829244704776144,0.3540174948861586,3.0,full
servo,outer_4,streed,4,134.0,3,0.001,0.0001,0.001,0.4208035473509589,0.9995377664589512,0.0033519268035888,0.7388307724088007,0.5958042598094793,1.8904977708102115,0.5683552985577685,4.0,full
servo,outer_4,streed,4,134.0,3,0.001,1e-05,0.1,0.396517033898563,1.056145819776353,0.0039784908294677,0.8343164212683482,0.5435664619812615,2.829378900634447,0.3539868548441091,3.0,full
servo,outer_4,streed,4,134.0,3,0.001,1e-05,0.001,0.4206945502548334,0.9997005409671806,0.0032899379730224,0.7388304161230191,0.5958044547244727,1.8905102797045812,0.5683524424856488,4.0,full
servo,outer_4,streed,4,134.0,3,0.0005,0.1,0.1,0.36861046164038,1.1163565651659275,0.0040154457092285,0.9102993098060408,0.5019981339943578,2.8138479612519105,0.3575329302727088,3.0,full
servo,outer_4,streed,4,134.0,3,0.0005,0.1,0.001,0.4844678517367954,0.9041723454932772,0.0030572414398193,0.7439898220576643,0.5929818734533947,1.8900146294216305,0.5684656109969835,4.0,full
servo,outer_4,streed,4,134.0,3,0.0005,0.01,0.1,0.3948700847717322,1.0606776242460951,0.0039093494415283,0.8406413976108161,0.5401062264443788,2.816513916204883,0.3569242306235993,3.0,full
servo,outer_4,streed,4,134.0,3,0.0005,0.01,0.001,0.4318178386843503,0.9830827849136524,0.0032019615173339,0.7389938151516698,0.5957150632240125,1.8894103348014395,0.5686035855425994,4.0,full
servo,outer_4,streed,4,134.0,3,0.0005,0.001,0.1,0.3963751569199214,1.0565649575965923,0.0041239261627197,0.8349159974538524,0.5432384489244821,2.8279219788245302,0.3543195040486605,3.0,full
servo,outer_4,streed,4,134.0,3,0.0005,0.001,0.001,0.4218840679693902,0.9979240714786126,0.003274917602539,0.7388356027414156,0.595801617255948,1.8903755749815232,0.5683831987133814,4.0,full
servo,outer_4,streed,4,134.0,3,0.0005,0.0001,0.1,0.3965043440110687,1.056183629193434,0.0039105415344238,0.8343706600372459,0.5435367893144474,2.829244704776144,0.3540174948861586,3.0,full
servo,outer_4,streed,4,134.0,3,0.0005,0.0001,0.001,0.4208035473509589,0.9995377664589512,0.0033717155456542,0.7388307724088007,0.5958042598094793,1.8904977708102115,0.5683552985577685,4.0,full
servo,outer_4,streed,4,134.0,3,0.0005,1e-05,0.1,0.396517033898563,1.056145819776353,0.0040755271911621,0.8343164212683482,0.5435664619812615,2.829378900634447,0.3539868548441091,3.0,full
servo,outer_4,streed,4,134.0,3,0.0005,1e-05,0.001,0.4206945502548334,0.9997005409671806,0.0032052993774414,0.7388304161230191,0.5958044547244727,1.8905102797045812,0.5683524424856488,4.0,full
servo,outer_4,streed,4,134.0,3,0.0001,0.1,0.1,0.36861046164038,1.1163565651659275,0.0038897991180419,0.9102993098060408,0.5019981339943578,2.8138479612519105,0.3575329302727088,3.0,full
servo,outer_4,streed,4,134.0,3,0.0001,0.1,0.001,0.4844678517367954,0.9041723454932772,0.0034193992614746,0.7439898220576643,0.5929818734533947,1.8900146294216305,0.5684656109969835,4.0,full
servo,outer_4,streed,4,134.0,3,0.0001,0.01,0.1,0.3948700847717322,1.0606776242460951,0.0040771961212158,0.8406413976108161,0.5401062264443788,2.816513916204883,0.3569242306235993,3.0,full
servo,outer_4,streed,4,134.0,3,0.0001,0.01,0.001,0.4318178386843503,0.9830827849136524,0.0031850337982177,0.7389938151516698,0.5957150632240125,1.8894103348014395,0.5686035855425994,4.0,full
servo,outer_4,streed,4,134.0,3,0.0001,0.001,0.1,0.3963751569199214,1.0565649575965923,0.0040082931518554,0.8349159974538524,0.5432384489244821,2.8279219788245302,0.3543195040486605,3.0,full
servo,outer_4,streed,4,134.0,3,0.0001,0.001,0.001,0.4218840679693902,0.9979240714786126,0.0033457279205322,0.7388356027414156,0.595801617255948,1.8903755749815232,0.5683831987133814,4.0,full
servo,outer_4,streed,4,134.0,3,0.0001,0.0001,0.1,0.3965043440110687,1.056183629193434,0.0039737224578857,0.8343706600372459,0.5435367893144474,2.829244704776144,0.3540174948861586,3.0,full
servo,outer_4,streed,4,134.0,3,0.0001,0.0001,0.001,0.4208035473509589,0.9995377664589512,0.0032873153686523,0.7388307724088007,0.5958042598094793,1.8904977708102115,0.5683552985577685,4.0,full
servo,outer_4,streed,4,134.0,3,0.0001,1e-05,0.1,0.396517033898563,1.056145819776353,0.0040819644927978,0.8343164212683482,0.5435664619812615,2.829378900634447,0.3539868548441091,3.0,full
servo,outer_4,streed,4,134.0,3,0.0001,1e-05,0.001,0.4206945502548334,0.9997005409671806,0.0033786296844482,0.7388304161230191,0.5958044547244727,1.8905102797045812,0.5683524424856488,4.0,full
servo,mean,streed,4,,3,0.0001,1e-05,0.001,0.535074845371701,1.0691435816412718,0.0033516883850097197,0.9235047703221108,0.6153726299822626,1.0956107453966757,0.4908571381042376,4.0,full
servo,mean,streed,4,,3,0.0001,1e-05,0.1,0.3960515407636949,1.4338126456172458,0.00416240692138666,1.193902924661237,0.5064417783469877,1.3668632028320482,0.4012574878456469,3.0,full
servo,mean,streed,4,,3,0.0001,0.0001,0.001,0.5351219559547444,1.069052759577051,0.00334548950195308,0.923505178192807,0.6153724584520052,1.0955425047088212,0.4908962952401593,4.0,full
servo,mean,streed,4,,3,0.0001,0.0001,0.1,0.39609033282776246,1.433711771087552,0.00415229797363276,1.1939465542083936,0.5064230549731199,1.3668670194081436,0.4012515739328325,3.0,full
servo,mean,streed,4,,3,0.0001,0.001,0.001,0.5355882260862024,1.0681541704334798,0.00348906517028804,0.9235110910595263,0.6153699854042819,1.0948677622976244,0.4912836078381355,4.0,full
servo,mean,streed,4,,3,0.0001,0.001,0.1,0.396472722714629,1.4327168334600406,0.00408840179443354,1.1943852897632363,0.5062347785533751,1.3669102093638732,0.4011905621903272,3.0,full
servo,mean,streed,4,,3,0.0001,0.01,0.001,0.5397825949821774,1.0601128563750548,0.0034787654876708403,0.9237279445856885,0.6152800679004989,1.0888075551105867,0.49477476219053856,4.0,full
servo,mean,streed,4,,3,0.0001,0.01,0.1,0.3997781708471472,1.4240616153153938,0.0041631698608398,1.1990016431764887,0.5042543042241686,1.3678163884096861,0.4004034481761485,3.0,full
servo,mean,streed,4,,3,0.0001,0.1,0.001,0.5598859955666788,1.0225390604180662,0.0036005496978759196,0.9305651675124361,0.6124471315401119,1.060837137955093,0.5113675877772994,4.0,full
servo,mean,streed,4,,3,0.0001,0.1,0.1,0.4027142806122022,1.4126939658555553,0.00406084060668938,1.2576933721328705,0.4791781431364205,1.4050638048677266,0.38194839122436386,3.0,full
servo,mean,streed,4,,3,0.0005,1e-05,0.001,0.5348112548308751,1.06997611500219,0.00338978767395016,0.9235047703221108,0.6153726299822626,1.0956107453966757,0.4908571381042376,4.0,full
servo,mean,streed,4,,3,0.0005,1e-05,0.1,0.396760861740908,1.432329869012366,0.00411486625671382,1.193902924661237,0.5064417783469877,1.3668632028320482,0.4012574878456469,3.0,full
servo,mean,streed,4,,3,0.0005,0.0001,0.001,0.5348581643322332,1.069885827263927,0.0033798694610595002,0.923505178192807,0.6153724584520052,1.0955425047088212,0.4908962952401593,4.0,full
servo,mean,streed,4,,3,0.0005,0.0001,0.1,0.39679969846161556,1.4322289011316744,0.00413579940795896,1.1939465542083936,0.5064230549731199,1.3668670194081436,0.4012515739328325,3.0,full
servo,mean,streed,4,,3,0.0005,0.001,0.001,0.535322455791212,1.0689924960952917,0.0033592700958251396,0.9235110910595263,0.6153699854042819,1.0948677622976244,0.4912836078381355,4.0,full
servo,mean,streed,4,,3,0.0005,0.001,0.1,0.3971825325509527,1.4312330349357825,0.0041223526000976,1.1943852897632363,0.5062347785533751,1.3669102093638732,0.4011905621903272,3.0,full
servo,mean,streed,4,,3,0.0005,0.01,0.001,0.5395393417934161,1.0608989391485322,0.00340485572814936,0.9237279445856885,0.6152800679004989,1.0888075551105867,0.49477476219053856,4.0,full
servo,mean,streed,4,,3,0.0005,0.01,0.1,0.40049218809197296,1.4225690215530213,0.0041077613830566,1.1990016431764887,0.5042543042241686,1.3678163884096861,0.4004034481761485,3.0,full
servo,mean,streed,4,,3,0.0005,0.1,0.001,0.5601425297989667,1.021850393355127,0.0035526275634765203,0.9305651675124361,0.6124471315401119,1.060837137955093,0.5113675877772994,4.0,full
servo,mean,streed,4,,3,0.0005,0.1,0.1,0.4034498296481959,1.4111563616716238,0.00414843559265132,1.2576933721328705,0.4791781431364205,1.4050638048677266,0.38194839122436386,3.0,full
servo,mean,streed,4,,3,0.001,1e-05,0.001,0.5344617449722486,1.0708377812454122,0.00336947441101068,0.9240066825033615,0.6151858509976613,1.0977217214607757,0.4890601236872009,3.8,full
servo,mean,streed,4,,3,0.001,1e-05,0.1,0.396760861740908,1.432329869012366,0.0041775226593017195,1.1943939960162073,0.5062590336110071,1.3763716070232102,0.39316325139024016,2.8,full
servo,mean,streed,4,,3,0.001,0.0001,0.001,0.5345085571931579,1.070747703933388,0.0034295558929442796,0.9240070943450641,0.6151856779896543,1.0976538374401188,0.4890989772023918,3.8,full
servo,mean,streed,4,,3,0.001,0.0001,0.1,0.39679969846161556,1.4322289011316744,0.00416398048400874,1.194437633056815,0.5062403074485655,1.3763744373788256,0.3931581770191198,2.8,full
servo,mean,streed,4,,3,0.001,0.001,0.001,0.5349720377272094,1.0698559555027072,0.0033189296722411603,0.9240130545744687,0.6151831873166281,1.096982663704739,0.48948325188724207,3.8,full
servo,mean,streed,4,,3,0.001,0.001,0.1,0.3971825325509527,1.4312330349357825,0.00420565605163572,1.1948764444767006,0.5060520027967987,1.3764077828366095,0.3931055456202091,2.8,full
servo,mean,streed,4,,3,0.001,0.01,0.001,0.5391801108861347,1.0617805963367,0.0033493041992186797,0.9237279445856885,0.6152800679004989,1.0888075551105867,0.49477476219053856,4.0,full
servo,mean,streed,4,,3,0.001,0.01,0.1,0.40049218809197296,1.4225690215530213,0.0041816234588622405,1.199493645946529,0.5040712128762357,1.377217264140687,0.3924007476677557,2.8,full
servo,mean,streed,4,,3,0.001,0.1,0.001,0.5599386231066723,1.0223659135908805,0.0034760951995849,0.9305651675124361,0.6124471315401119,1.060837137955093,0.5113675877772994,4.0,full
servo,mean,streed,4,,3,0.001,0.1,0.1,0.4034498296481959,1.4111563616716238,0.0041683197021484,1.2576933721328705,0.4791781431364205,1.4050638048677266,0.38194839122436386,3.0,full
servo,mean,streed,4,,3,0.003,1e-05,0.001,0.5327022201176095,1.0747355291387168,0.00334429740905758,0.9271115721847281,0.6139767655947381,1.105891624977262,0.48518782850201686,2.4,full
servo,mean,streed,4,,3,0.003,1e-05,0.1,0.396760861740908,1.432329869012366,0.0041793346405029005,1.1943939960162073,0.5062590336110071,1.3763716070232102,0.39316325139024016,2.8,full
servo,mean,streed,4,,3,0.003,0.0001,0.001,0.5327316096792716,1.07470011373958,0.0033708572387695,0.9271183136294979,0.6139738776923007,1.1058764725737746,0.48523317632718344,2.4,full
servo,mean,streed,4,,3,0.003,0.0001,0.1,0.39679969846161556,1.4322289011316744,0.00415244102478022,1.194437633056815,0.5062403074485655,1.3763744373788256,0.3931581770191198,2.8,full
servo,mean,streed,4,,3,0.003,0.001,0.001,0.5319813025436714,1.0762974454194023,0.0034075736999511197,0.93001029360824,0.6127144062133432,1.1038560059280063,0.4848526558372771,2.6,full
servo,mean,streed,4,,3,0.003,0.001,0.1,0.3971825325509527,1.4312330349357825,0.004143476486206,1.1948764444767006,0.5060520027967987,1.3764077828366095,0.3931055456202091,2.8,full
servo,mean,streed,4,,3,0.003,0.01,0.001,0.5361296900510399,1.06833930994422,0.0033155918121337397,0.9302405409452966,0.6126191807551183,1.0979050778607617,0.48827052167071533,2.6,full
servo,mean,streed,4,,3,0.003,0.01,0.1,0.4023074662186831,1.4181339054380016,0.00415515899658198,1.199493645946529,0.5040712128762357,1.377217264140687,0.3924007476677557,2.8,full
servo,mean,streed,4,,3,0.003,0.1,0.001,0.5569599791340274,1.0287402353031,0.0034171104431151996,0.9357636560454881,0.610286872910458,1.06692548576046,0.506317302803591,2.8,full
servo,mean,streed,4,,3,0.003,0.1,0.1,0.4052349101455194,1.406795024880421,0.00406403541564936,1.260058534898731,0.4782646091055304,1.4205749654663054,0.3707357802321947,2.6,full
servo,mean,streed,4,,3,0.005,1e-05,0.001,0.5332003713993505,1.072950022306577,0.00326709747314446,0.9290273905616621,0.6129286695274738,1.1085029362355248,0.48459160528194795,2.2,full
servo,mean,streed,4,,3,0.005,1e-05,0.1,0.3985727622511902,1.4279030051430106,0.00402956008911126,1.1964852247852773,0.505443263268436,1.3851661262012258,0.38820595669319957,2.6,full
servo,mean,streed,4,,3,0.005,0.0001,0.001,0.5332345214690966,1.0728948538779612,0.00331530570983882,0.929032981049373,0.6129264112847066,1.1083823431292081,0.4846610276769951,2.2,full
servo,mean,streed,4,,3,0.005,0.0001,0.1,0.39861163683776657,1.4278019447478318,0.00396218299865716,1.1965287441580421,0.5054245830072072,1.3851665463518696,0.3882022409064522,2.6,full
servo,mean,streed,4,,3,0.005,0.001,0.001,0.5314280937908198,1.077654578960698,0.00327901840209956,0.9328029851435655,0.611440974192481,1.1080075366152893,0.4834642440441595,2.2,full
servo,mean,streed,4,,3,0.005,0.001,0.1,0.39899484210648306,1.4268051716806327,0.00400042533874506,1.196966361425611,0.5052367441839806,1.3851758867794914,0.38816314066328933,2.6,full
servo,mean,streed,4,,3,0.005,0.01,0.001,0.5355861396986226,1.069700569102612,0.00332489013671868,0.9330832765381066,0.6113202576668031,1.101709784861211,0.4869470533475869,2.2,full
servo,mean,streed,4,,3,0.005,0.01,0.1,0.4023074662186831,1.4181339054380016,0.00396137237548822,1.2015699956750276,0.5032612467193204,1.385754699594578,0.3875883659280355,2.6,full
servo,mean,streed,4,,3,0.005,0.1,0.001,0.5553042049717071,1.0327172702537228,0.0033995628356933197,0.9407331235987266,0.6081132881999114,1.0734961761766246,0.5031626688584526,2.2,full
servo,mean,streed,4,,3,0.005,0.1,0.1,0.4052349101455194,1.406795024880421,0.00392570495605464,1.260058534898731,0.4782646091055304,1.4205749654663054,0.3707357802321947,2.6,full
servo,mean,streed,4,,3,0.008,1e-05,0.001,0.5319965292537591,1.0757127260673087,0.0030114650726318,0.9326898830136523,0.6113817431798292,1.1043433327737255,0.48620305001787667,2.0,full
servo,mean,streed,4,,3,0.008,1e-05,0.1,0.3980462924579107,1.4289896953842944,0.0038984298706054394,1.2003447533020064,0.503813114829831,1.3949062825681289,0.38443258650329704,2.4,full
servo,mean,streed,4,,3,0.008,0.0001,0.001,0.5320314972521403,1.075655407571408,0.0029933929443359,0.9326937940856087,0.6113801942716238,1.1042447228851244,0.48626395603851674,2.0,full
servo,mean,streed,4,,3,0.008,0.0001,0.1,0.39808515033844866,1.4288886694721747,0.0039978981018066,1.2003882583853858,0.5037944406040076,1.394908298685662,0.384428252433469,2.4,full
servo,mean,streed,4,,3,0.008,0.001,0.001,0.5320676583563673,1.0759145795886578,0.0029906749725341396,0.935315159703358,0.6103799074278753,1.1049491844074146,0.4846490602438903,2.0,full
servo,mean,streed,4,,3,0.008,0.001,0.1,0.39846818964971054,1.4278922389589999,0.00396018028259274,1.200825724788705,0.5036066655012899,1.3949335147021686,0.38438300193238534,2.4,full
servo,mean,streed,4,,3,0.008,0.01,0.001,0.5346495664745794,1.0718597190405756,0.0031427383422851203,0.9356127129529879,0.6102519000152411,1.0986834951947817,0.4881194484081136,2.0,full
servo,mean,streed,4,,3,0.008,0.01,0.1,0.4017792617532992,1.4192241762289615,0.0040040493011473995,1.2054270814585852,0.5016321300175319,1.3956629440505421,0.38374987783235726,2.4,full
servo,mean,streed,4,,3,0.008,0.1,0.001,0.5544611296966452,1.0348536481411499,0.0031033039093017,0.9434759281587347,0.6069548102792235,1.0709878943716002,0.5041343858858214,2.0,full
servo,mean,streed,4,,3,0.008,0.1,0.1,0.4066239107972421,1.4031292440803271,0.0038077831268310005,1.2638379341745452,0.47666830484151773,1.4313845302906805,0.3665481175153296,2.4,full
servo,mean,streed,4,,3,0.01,1e-05,0.001,0.5319965292537591,1.0757127260673087,0.00292477607727046,0.9326898830136523,0.6113817431798292,1.1043433327737255,0.48620305001787667,2.0,full
servo,mean,streed,4,,3,0.01,1e-05,0.1,0.3980462924579107,1.4289896953842944,0.00399975776672358,1.2003447533020064,0.503813114829831,1.3949062825681289,0.38443258650329704,2.4,full
servo,mean,streed,4,,3,0.01,0.0001,0.001,0.5320314972521403,1.075655407571408,0.00291295051574702,0.9326937940856087,0.6113801942716238,1.1042447228851244,0.48626395603851674,2.0,full
servo,mean,streed,4,,3,0.01,0.0001,0.1,0.39808515033844866,1.4288886694721747,0.0038759231567382394,1.2003882583853858,0.5037944406040076,1.394908298685662,0.384428252433469,2.4,full
servo,mean,streed,4,,3,0.01,0.001,0.001,0.5320676583563673,1.0759145795886578,0.00289020538330074,0.935315159703358,0.6103799074278753,1.1049491844074146,0.4846490602438903,2.0,full
servo,mean,streed,4,,3,0.01,0.001,0.1,0.39846818964971054,1.4278922389589999,0.00391335487365718,1.200825724788705,0.5036066655012899,1.3949335147021686,0.38438300193238534,2.4,full
servo,mean,streed,4,,3,0.01,0.01,0.001,0.5346495664745794,1.0718597190405756,0.0029786109924316,0.9356127129529879,0.6102519000152411,1.0986834951947817,0.4881194484081136,2.0,full
servo,mean,streed,4,,3,0.01,0.01,0.1,0.4017792617532992,1.4192241762289615,0.0039089202880858796,1.2054270814585852,0.5016321300175319,1.3956629440505421,0.38374987783235726,2.4,full
servo,mean,streed,4,,3,0.01,0.1,0.001,0.5544611296966452,1.0348536481411499,0.0029889583587646,0.9434759281587347,0.6069548102792235,1.0709878943716002,0.5041343858858214,2.0,full
servo,mean,streed,4,,3,0.01,0.1,0.1,0.41035563466555375,1.3937816574567086,0.00384778976440424,1.2638379341745452,0.47666830484151773,1.4313845302906805,0.3665481175153296,2.4,full
servo,mean,streed,4,,3,0.03,1e-05,0.001,0.5319965292537591,1.0757127260673087,0.0028361797332763,0.9326898830136523,0.6113817431798292,1.1043433327737255,0.48620305001787667,2.0,full
servo,mean,streed,4,,3,0.03,1e-05,0.1,0.4161193980124292,1.3841800517673795,0.00382537841796868,1.205469123382818,0.5010097007935274,1.3958084442875545,0.38422660195676817,2.2,full
servo,mean,streed,4,,3,0.03,0.0001,0.001,0.5320314972521403,1.075655407571408,0.0028261661529540402,0.9326937940856087,0.6113801942716238,1.1042447228851244,0.48626395603851674,2.0,full
servo,mean,streed,4,,3,0.03,0.0001,0.1,0.41613624940801186,1.3841351308321443,0.00386114120483394,1.2055125940617422,0.5009910453895167,1.3958132165054777,0.3842216386049868,2.2,full
servo,mean,streed,4,,3,0.03,0.001,0.001,0.5320676583563673,1.0759145795886578,0.00282001495361322,0.935315159703358,0.6103799074278753,1.1049491844074146,0.4846490602438903,2.0,full
servo,mean,streed,4,,3,0.03,0.001,0.1,0.4163013867657793,1.3836942390642235,0.0038074493408202597,1.2059496886154972,0.5008034737163465,1.39586580881822,0.38417013745743445,2.2,full
servo,mean,streed,4,,3,0.03,0.01,0.001,0.5346495664745794,1.0718597190405756,0.00281782150268548,0.9356127129529879,0.6102519000152411,1.0986834951947817,0.4881194484081136,2.0,full
servo,mean,streed,4,,3,0.03,0.01,0.1,0.4176341118409529,1.3800702554022162,0.0037887096405028998,1.2105447253847799,0.4988323956913131,1.3968514159478993,0.3834785219993973,2.2,full
servo,mean,streed,4,,3,0.03,0.1,0.001,0.5544611296966452,1.0348536481411499,0.00269269943237302,0.9434759281587347,0.6069548102792235,1.0709878943716002,0.5041343858858214,2.0,full
servo,mean,streed,4,,3,0.03,0.1,0.1,0.4173595199640817,1.3742688956063085,0.00368299484252926,1.2687494254375533,0.4739813514543184,1.4339849428115605,0.36595438273101355,2.2,full
servo,mean,streed,4,,3,0.05,1e-05,0.001,0.5319965292537591,1.0757127260673087,0.0027824401855468203,0.9326898830136523,0.6113817431798292,1.1043433327737255,0.48620305001787667,2.0,full
servo,mean,streed,4,,3,0.05,1e-05,0.1,0.42757101341441095,1.34785045514365,0.0038175582885741598,1.224038370372538,0.49389248471155067,1.3243271016018934,0.428354184819708,2.0,full
servo,mean,streed,4,,3,0.05,0.0001,0.001,0.5320314972521403,1.075655407571408,0.00275340080261226,0.9326937940856087,0.6113801942716238,1.1042447228851244,0.48626395603851674,2.0,full
servo,mean,streed,4,,3,0.05,0.0001,0.1,0.42757468028693957,1.3478439174140846,0.00382595062255854,1.2240816841482902,0.49387388944534616,1.3243429090959584,0.42834240906004417,2.0,full
servo,mean,streed,4,,3,0.05,0.001,0.001,0.5320676583563673,1.0759145795886578,0.00272431373596186,0.935315159703358,0.6103799074278753,1.1049491844074146,0.4846490602438903,2.0,full
servo,mean,streed,4,,3,0.05,0.001,0.1,0.42760893518760285,1.3477840319218408,0.0037384510040282598,1.2245171440123173,0.49368694431562316,1.3245055510663737,0.4282229709487256,2.0,full
servo,mean,streed,4,,3,0.05,0.01,0.001,0.5346495664745794,1.0718597190405756,0.0027192115783691,0.9356127129529879,0.6102519000152411,1.0986834951947817,0.4881194484081136,2.0,full
servo,mean,streed,4,,3,0.05,0.01,0.1,0.42772359115755226,1.347703840345045,0.00368556976318356,1.2290896126529591,0.4917245161969747,1.3265621633327536,0.4268701918060017,2.0,full
servo,mean,streed,4,,3,0.05,0.1,0.001,0.5544611296966452,1.0348536481411499,0.00262155532836908,0.9434759281587347,0.6069548102792235,1.0709878943716002,0.5041343858858214,2.0,full
servo,mean,streed,4,,3,0.05,0.1,0.1,0.422145014880296,1.3605117578646184,0.0036951065063476002,1.286689697686753,0.46710520864477234,1.3720977212557361,0.4041592260475559,2.0,full
servo,mean,streed,4,,3,0.08,1e-05,0.001,0.5319965292537591,1.0757127260673087,0.0025929927825927403,0.9326898830136523,0.6113817431798292,1.1043433327737255,0.48620305001787667,2.0,full
servo,mean,streed,4,,3,0.08,1e-05,0.1,0.4621336667124295,1.2771247723720998,0.0035458087921142003,1.224038370372538,0.49389248471155067,1.3243271016018934,0.428354184819708,2.0,full
servo,mean,streed,4,,3,0.08,0.0001,0.001,0.5320314972521403,1.075655407571408,0.0026532649993896,0.9326937940856087,0.6113801942716238,1.1042447228851244,0.48626395603851674,2.0,full
servo,mean,streed,4,,3,0.08,0.0001,0.1,0.4621240064046014,1.2771546493294097,0.0035870075225829397,1.2240816841482902,0.49387388944534616,1.3243429090959584,0.42834240906004417,2.0,full
servo,mean,streed,4,,3,0.08,0.001,0.001,0.5320676583563673,1.0759145795886578,0.00263586044311518,0.935315159703358,0.6103799074278753,1.1049491844074146,0.4846490602438903,2.0,full
servo,mean,streed,4,,3,0.08,0.001,0.1,0.46202548375624203,1.2774571138854744,0.00364880561828606,1.2245171440123173,0.49368694431562316,1.3245055510663737,0.4282229709487256,2.0,full
servo,mean,streed,4,,3,0.08,0.01,0.001,0.5346495664745794,1.0718597190405756,0.0026061058044433197,0.9356127129529879,0.6102519000152411,1.0986834951947817,0.4881194484081136,2.0,full
servo,mean,streed,4,,3,0.08,0.01,0.1,0.46086159206571164,1.2808262701337603,0.00363225936889642,1.2290896126529591,0.4917245161969747,1.3265621633327536,0.4268701918060017,2.0,full
servo,mean,streed,4,,3,0.08,0.1,0.001,0.5544611296966452,1.0348536481411499,0.0027154445648193,0.9434759281587347,0.6069548102792235,1.0709878943716002,0.5041343858858214,2.0,full
servo,mean,streed,4,,3,0.08,0.1,0.1,0.4393657628525049,1.333649494473997,0.00360503196716304,1.286689697686753,0.46710520864477234,1.3720977212557361,0.4041592260475559,2.0,full
servo,mean,streed,4,,3,0.1,1e-05,0.001,0.5319965292537591,1.0757127260673087,0.0023876667022704402,0.9326898830136523,0.6113817431798292,1.1043433327737255,0.48620305001787667,2.0,full
servo,mean,streed,4,,3,0.1,1e-05,0.1,0.45301003722989863,1.2959569242834117,0.0034274101257323803,1.224038370372538,0.49389248471155067,1.3243271016018934,0.428354184819708,2.0,full
servo,mean,streed,4,,3,0.1,0.0001,0.001,0.5320314972521403,1.075655407571408,0.00239892005920404,0.9326937940856087,0.6113801942716238,1.1042447228851244,0.48626395603851674,2.0,full
servo,mean,streed,4,,3,0.1,0.0001,0.1,0.4530028844346103,1.2959816254653183,0.0034009456634520796,1.2240816841482902,0.49387388944534616,1.3243429090959584,0.42834240906004417,2.0,full
servo,mean,streed,4,,3,0.1,0.001,0.001,0.5320676583563673,1.0759145795886578,0.00238394737243646,0.935315159703358,0.6103799074278753,1.1049491844074146,0.4846490602438903,2.0,full
servo,mean,streed,4,,3,0.1,0.001,0.1,0.45292942633342054,1.2962323541019456,0.00338163375854486,1.2245171440123173,0.49368694431562316,1.3245055510663737,0.4282229709487256,2.0,full
servo,mean,streed,4,,3,0.1,0.01,0.001,0.5346495664745794,1.0718597190405756,0.0030359268188476,0.9356127129529879,0.6102519000152411,1.0986834951947817,0.4881194484081136,2.0,full
servo,mean,streed,4,,3,0.1,0.01,0.1,0.45201499651608756,1.2990865942303766,0.0038063049316405797,1.2290896126529591,0.4917245161969747,1.3265621633327536,0.4268701918060017,2.0,full
servo,mean,streed,4,,3,0.1,0.1,0.001,0.5544611296966452,1.0348536481411499,0.00238904953002924,0.9434759281587347,0.6069548102792235,1.0709878943716002,0.5041343858858214,2.0,full
servo,mean,streed,4,,3,0.1,0.1,0.1,0.38756289347557527,1.4483767860444474,0.00341830253601072,1.389473808069747,0.4254874061378914,1.504890946703409,0.3441721519821156,1.6,full
servo,std,streed,4,,3,0.0001,1e-05,0.001,0.06858939204200878,0.08491081592489454,8.010012717629092e-05,0.12027751459904265,0.02720611606667937,0.5286716643472817,0.1955208394190937,0.0,full
servo,std,streed,4,,3,0.0001,1e-05,0.1,0.037570930379736196,0.23114572530912972,0.00011438298745988027,0.20581637920196766,0.0302681650517822,0.8439836135075539,0.14498127453094084,0.0,full
servo,std,streed,4,,3,0.0001,0.0001,0.001,0.06855606991552256,0.08491831528173034,0.0001231614858149105,0.12027738653112,0.02720603625179301,0.5286054898029503,0.1954201369577491,0.0,full
servo,std,streed,4,,3,0.0001,0.0001,0.1,0.03755882857498589,0.23104355232555698,0.00015954942098978547,0.2058109819096352,0.030263499047882794,0.843907596191512,0.14494859753522324,0.0,full
servo,std,streed,4,,3,0.0001,0.001,0.001,0.0682250563531289,0.08499206051781279,0.00017761195238479163,0.12027527576271597,0.027204515931622365,0.527952957316061,0.1944231627714324,0.0,full
servo,std,streed,4,,3,0.0001,0.001,0.1,0.03744067261280312,0.2300314993625015,0.0001231439462105291,0.20575674702790445,0.03021657291314376,0.8431552714161363,0.14462335618607636,0.0,full
servo,std,streed,4,,3,0.0001,0.01,0.001,0.06508918870497839,0.08554548823026825,0.00022138336589218758,0.12018286498328397,0.027127525586480006,0.5222465850999541,0.18536160229596602,0.0,full
servo,std,streed,4,,3,0.0001,0.01,0.1,0.036509082070405305,0.22080352424829705,9.718395766279617e-05,0.20519246877212424,0.029723775190200794,0.8363746828988511,0.14151671344856337,0.0,full
servo,std,streed,4,,3,0.0001,0.1,0.001,0.04635891846329023,0.08870169868028961,0.00019253775743802092,0.11737234766721218,0.02463002436048859,0.5010235992926485,0.14021899107024646,0.0,full
servo,std,streed,4,,3,0.0001,0.1,0.1,0.03585602068619647,0.17706011328566312,0.00013232602724235162,0.19973081198686268,0.024292164099710314,0.8144657643878385,0.12042723951418473,0.0,full
servo,std,streed,4,,3,0.0005,1e-05,0.001,0.06833119898785982,0.08446457387338938,0.00019994076866068568,0.12027751459904265,0.02720611606667937,0.5286716643472817,0.1955208394190937,0.0,full
servo,std,streed,4,,3,0.0005,1e-05,0.1,0.03726730781905715,0.23036549584489094,0.00011670181522507352,0.20581637920196766,0.0302681650517822,0.8439836135075539,0.14498127453094084,0.0,full
servo,std,streed,4,,3,0.0005,0.0001,0.001,0.06829772238700953,0.08447314551994942,0.0002162243186959759,0.12027738653112,0.02720603625179301,0.5286054898029503,0.1954201369577491,0.0,full
servo,std,streed,4,,3,0.0005,0.0001,0.1,0.037254928501490696,0.23026271398231735,0.00016800200322499262,0.2058109819096352,0.030263499047882794,0.843907596191512,0.14494859753522324,0.0,full
servo,std,streed,4,,3,0.0005,0.001,0.001,0.06796518709002354,0.08455750988523429,0.00016560100383884878,0.12027527576271597,0.027204515931622365,0.527952957316061,0.1944231627714324,0.0,full
servo,std,streed,4,,3,0.0005,0.001,0.1,0.037134044147518544,0.2292446078071427,6.652190259233722e-05,0.20575674702790445,0.03021657291314376,0.8431552714161363,0.14462335618607636,0.0,full
servo,std,streed,4,,3,0.0005,0.01,0.001,0.06486461664774155,0.08532672563997856,0.0002857509084392907,0.12018286498328397,0.027127525586480006,0.5222465850999541,0.18536160229596602,0.0,full
servo,std,streed,4,,3,0.0005,0.01,0.1,0.03617960685409553,0.2199595736027749,0.00015298545721790138,0.20519246877212424,0.029723775190200794,0.8363746828988511,0.14151671344856337,0.0,full
servo,std,streed,4,,3,0.0005,0.1,0.001,0.046611901854026014,0.0890538670836086,0.0003471896586223405,0.11737234766721218,0.02463002436048859,0.5010235992926485,0.14021899107024646,0.0,full
servo,std,streed,4,,3,0.0005,0.1,0.1,0.035523789414465684,0.1759095170960755,0.00012275945515399794,0.19973081198686268,0.024292164099710314,0.8144657643878385,0.12042723951418473,0.0,full
servo,std,streed,4,,3,0.001,1e-05,0.001,0.06834831748857677,0.0854156317820694,0.0001839258799867277,0.12088460116075424,0.027227228430003792,0.5263851689489067,0.1959155685326998,0.4472135954999579,full
servo,std,streed,4,,3,0.001,1e-05,0.1,0.03726730781905715,0.23036549584489094,0.00018740211424035815,0.2062379375012237,0.03029372436052213,0.835725927887122,0.1496588567253517,0.4472135954999579,full
servo,std,streed,4,,3,0.001,0.0001,0.001,0.06831496148957258,0.08542464077237993,0.00017083906535105727,0.12088447710140361,0.027227147798079727,0.5263188402635541,0.19581593241014797,0.4472135954999579,full
servo,std,streed,4,,3,0.001,0.0001,0.1,0.037254928501490696,0.23026271398231735,0.00013028326480761808,0.2062325709044524,0.03028905640621641,0.8356497857658568,0.14962559463279296,0.4472135954999579,full
servo,std,streed,4,,3,0.001,0.001,0.001,0.06798361503415219,0.08551275506730831,0.0002048494734798534,0.12088241093320402,0.027225614078661885,0.5256647607207756,0.19482960242813158,0.4472135954999579,full
servo,std,streed,4,,3,0.001,0.001,0.1,0.037134044147518544,0.2292446078071427,0.00012563193233910093,0.20617864532287292,0.030242110829026045,0.8348962725875385,0.14929460854144327,0.4472135954999579,full
servo,std,streed,4,,3,0.001,0.01,0.001,0.06489443856462813,0.08631880937047848,0.0001643388153090501,0.12018286498328397,0.027127525586480006,0.5222465850999541,0.18536160229596602,0.0,full
servo,std,streed,4,,3,0.001,0.01,0.1,0.03617960685409553,0.2199595736027749,9.176266215682002e-05,0.2056176776937755,0.029749123084745952,0.8281094988465465,0.14614082283506283,0.4472135954999579,full
servo,std,streed,4,,3,0.001,0.1,0.001,0.04645807378152145,0.08955037814146387,0.0005230706768887088,0.11737234766721218,0.02463002436048859,0.5010235992926485,0.14021899107024646,0.0,full
servo,std,streed,4,,3,0.001,0.1,0.1,0.035523789414465684,0.1759095170960755,0.00012982744350049263,0.19973081198686268,0.024292164099710314,0.8144657643878385,0.12042723951418473,0.0,full
servo,std,streed,4,,3,0.003,1e-05,0.001,0.06936913865970445,0.08605793085837699,7.187776481732125e-05,0.12079863083303351,0.025753911358703478,0.5278065867878665,0.19771099160375535,0.5477225575051662,full
servo,std,streed,4,,3,0.003,1e-05,0.1,0.03726730781905715,0.23036549584489094,0.0002132898125363269,0.2062379375012237,0.03029372436052213,0.835725927887122,0.1496588567253517,0.4472135954999579,full
servo,std,streed,4,,3,0.003,0.0001,0.001,0.0693256928080718,0.08610946173635599,0.00014856573152715588,0.12079946943974575,0.02575535330799834,0.5279719854575646,0.197608581237712,0.5477225575051662,full
servo,std,streed,4,,3,0.003,0.0001,0.1,0.037254928501490696,0.23026271398231735,0.00016879417453922755,0.2062325709044524,0.03028905640621641,0.8356497857658568,0.14962559463279296,0.4472135954999579,full
servo,std,streed,4,,3,0.003,0.001,0.001,0.06954309815956085,0.08633918260977584,0.00014062317069594006,0.12087881637805242,0.02645307915013886,0.526575994073262,0.1997257501189867,0.5477225575051661,full
servo,std,streed,4,,3,0.003,0.001,0.1,0.037134044147518544,0.2292446078071427,0.00018483806866737487,0.20617864532287292,0.030242110829026045,0.8348962725875385,0.14929460854144327,0.4472135954999579,full
servo,std,streed,4,,3,0.003,0.01,0.001,0.06648032540043634,0.08687202973908217,0.0001144300644416843,0.12079126258328458,0.02637038455464737,0.5207201662957921,0.19089655546911244,0.5477225575051661,full
servo,std,streed,4,,3,0.003,0.01,0.1,0.0360544854705366,0.22911381716188658,0.00018173963479305676,0.2056176776937755,0.029749123084745952,0.8281094988465465,0.14614082283506283,0.4472135954999579,full
servo,std,streed,4,,3,0.003,0.1,0.001,0.04735229420497567,0.08993481879311217,0.00010022156879917,0.11865268675033758,0.025089143843455515,0.4964550872959522,0.14439285963191428,0.4472135954999579,full
servo,std,streed,4,,3,0.003,0.1,0.1,0.03350215642833097,0.18507719333930475,0.00011803398109300449,0.2015900838249016,0.02492938990608539,0.8012694995243066,0.12127562362216143,0.5477225575051661,full
servo,std,streed,4,,3,0.005,1e-05,0.001,0.07082951391164449,0.086201920414288,0.00013579119655182678,0.1170917661273748,0.026774087084408427,0.5327076570598798,0.19740721271663764,0.447213595499958,full
servo,std,streed,4,,3,0.005,1e-05,0.1,0.03747215859670013,0.23943587081706968,0.0001113010604744171,0.207862151319646,0.03103747944532204,0.8288326651901304,0.14438288217087814,0.5477225575051661,full
servo,std,streed,4,,3,0.005,0.0001,0.001,0.07079227794476059,0.0862285885379953,0.0001973963009002777,0.11709485338962798,0.02677485960435502,0.5326763655720982,0.1973173305599178,0.447213595499958,full
servo,std,streed,4,,3,0.005,0.0001,0.1,0.037456740259761596,0.23933396584621444,0.00011804243261073873,0.20785665872618714,0.031032747656981535,0.8287586972184603,0.14435138828209107,0.5477225575051661,full
servo,std,streed,4,,3,0.005,0.001,0.001,0.06949045163001882,0.08602607300083556,0.00014679716721462867,0.12011316028885913,0.0273463174628001,0.5306109837904631,0.19878921914999828,0.447213595499958,full
servo,std,streed,4,,3,0.005,0.001,0.1,0.03730551605255768,0.23832450063936278,0.00010683347378559523,0.20780145627741461,0.030985155122445637,0.8280268366771111,0.14403799151005184,0.5477225575051661,full
servo,std,streed,4,,3,0.005,0.01,0.001,0.06634767241825436,0.08647985082970042,0.0001064547098733099,0.11995963987436072,0.02728645609742913,0.5240752687440847,0.1899830393221351,0.447213595499958,full
servo,std,streed,4,,3,0.005,0.01,0.1,0.0360544854705366,0.22911381716188658,6.674557823073987e-05,0.20722615263959715,0.030484884570345646,0.8214479716210807,0.14105117474749196,0.5477225575051661,full
servo,std,streed,4,,3,0.005,0.1,0.001,0.0474001892270843,0.08889366961269603,0.000130037326742222,0.11665432226053588,0.024946995711333252,0.4997125620932906,0.14643355841223346,0.447213595499958,full
servo,std,streed,4,,3,0.005,0.1,0.1,0.03350215642833097,0.18507719333930475,0.00013709986697407333,0.2015900838249016,0.02492938990608539,0.8012694995243066,0.12127562362216143,0.5477225575051661,full
servo,std,streed,4,,3,0.008,1e-05,0.001,0.070279923623835,0.08506398605224114,8.231105788776472e-05,0.11806786254618462,0.027899492896837044,0.5345799378852628,0.19903731201904173,0.0,full
servo,std,streed,4,,3,0.008,1e-05,0.1,0.038217276195821506,0.24001251555895767,9.08128199311309e-05,0.20937632342430673,0.033467223392016375,0.8252839208512841,0.13876695142881357,0.5477225575051662,full
servo,std,streed,4,,3,0.008,0.0001,0.001,0.07024318922405476,0.08509263125671793,0.00015042506285961878,0.11807049791076225,0.0278997503670853,0.5345384943551948,0.1989391993156916,0.0,full
servo,std,streed,4,,3,0.008,0.0001,0.1,0.0382019455598528,0.239910664393479,0.0001279015794927007,0.20937068658036098,0.033462609189489706,0.8252108782922608,0.13873475316025224,0.5477225575051662,full
servo,std,streed,4,,3,0.008,0.001,0.001,0.06974530588413887,0.08652725956602057,0.00016679159557530016,0.12075868794096908,0.02810623898767817,0.5320149900634902,0.19999905283281597,0.0,full
servo,std,streed,4,,3,0.008,0.001,0.1,0.03805152653252597,0.23890170226519428,0.00012112536736818641,0.20931402565443938,0.03341619257349909,0.8244882865395782,0.13841435400982094,0.5477225575051662,full
servo,std,streed,4,,3,0.008,0.01,0.001,0.06602398804541024,0.08608314159623677,0.0003272305464250353,0.12060878991883378,0.02805180075992993,0.525445641452336,0.19121243631733753,0.0,full
servo,std,streed,4,,3,0.008,0.01,0.1,0.03680195735289202,0.22969275180096393,8.75915595201364e-05,0.20872263584798847,0.03292763774810371,0.8180032933461511,0.13536145568890295,0.5477225575051662,full
servo,std,streed,4,,3,0.008,0.1,0.001,0.04736399852052434,0.08841559881767823,0.00015130062566120434,0.11734232973831803,0.02582360993120395,0.5007369498901922,0.14762545914539163,0.0,full
servo,std,streed,4,,3,0.008,0.1,0.1,0.03236727196343194,0.1839328529877031,8.61846064326991e-05,0.20284310656661791,0.02745330262839042,0.7987189134064989,0.11519111376735885,0.5477225575051662,full
servo,std,streed,4,,3,0.01,1e-05,0.001,0.070279923623835,0.08506398605224114,0.0001469335229794606,0.11806786254618462,0.027899492896837044,0.5345799378852628,0.19903731201904173,0.0,full
servo,std,streed,4,,3,0.01,1e-05,0.1,0.038217276195821506,0.24001251555895767,0.00010259140654264188,0.20937632342430673,0.033467223392016375,0.8252839208512841,0.13876695142881357,0.5477225575051662,full
servo,std,streed,4,,3,0.01,0.0001,0.001,0.07024318922405476,0.08509263125671793,0.0001381209676436271,0.11807049791076225,0.0278997503670853,0.5345384943551948,0.1989391993156916,0.0,full
servo,std,streed,4,,3,0.01,0.0001,0.1,0.0382019455598528,0.239910664393479,3.0354814555658673e-05,0.20937068658036098,0.033462609189489706,0.8252108782922608,0.13873475316025224,0.5477225575051662,full
servo,std,streed,4,,3,0.01,0.001,0.001,0.06974530588413887,0.08652725956602057,0.00010894197757050389,0.12075868794096908,0.02810623898767817,0.5320149900634902,0.19999905283281597,0.0,full
servo,std,streed,4,,3,0.01,0.001,0.1,0.03805152653252597,0.23890170226519428,0.00014668066329884833,0.20931402565443938,0.03341619257349909,0.8244882865395782,0.13841435400982094,0.5477225575051662,full
servo,std,streed,4,,3,0.01,0.01,0.001,0.06602398804541024,0.08608314159623677,8.635845446794948e-05,0.12060878991883378,0.02805180075992993,0.525445641452336,0.19121243631733753,0.0,full
servo,std,streed,4,,3,0.01,0.01,0.1,0.03680195735289202,0.22969275180096393,8.165538740650004e-05,0.20872263584798847,0.03292763774810371,0.8180032933461511,0.13536145568890295,0.5477225575051662,full
servo,std,streed,4,,3,0.01,0.1,0.001,0.04736399852052434,0.08841559881767823,7.542295536189383e-05,0.11734232973831803,0.02582360993120395,0.5007369498901922,0.14762545914539163,0.0,full
servo,std,streed,4,,3,0.01,0.1,0.1,0.034905516649941654,0.17456822032227792,9.732449654192328e-05,0.20284310656661791,0.02745330262839042,0.7987189134064989,0.11519111376735885,0.5477225575051662,full
servo,std,streed,4,,3,0.03,1e-05,0.001,0.070279923623835,0.08506398605224114,3.175194868977284e-05,0.11806786254618462,0.027899492896837044,0.5345799378852628,0.19903731201904173,0.0,full
servo,std,streed,4,,3,0.03,1e-05,0.1,0.02783544314518612,0.19934661175289428,0.0001287704683002994,0.19819328714867904,0.02967722972886663,0.8272441811239702,0.1388241957750436,0.447213595499958,full
servo,std,streed,4,,3,0.03,0.0001,0.001,0.07024318922405476,0.08509263125671793,0.0001306019676639813,0.11807049791076225,0.0278997503670853,0.5345384943551948,0.1989391993156916,0.0,full
servo,std,streed,4,,3,0.03,0.0001,0.1,0.027835689136638576,0.19928526600116184,0.00024362823241844567,0.19818775412794226,0.02967334766997115,0.8271771149317976,0.13879212293360332,0.447213595499958,full
servo,std,streed,4,,3,0.03,0.001,0.001,0.06974530588413887,0.08652725956602057,9.229355342129758e-05,0.12075868794096908,0.02810623898767817,0.5320149900634902,0.19999905283281597,0.0,full
servo,std,streed,4,,3,0.03,0.001,0.1,0.027839226308733516,0.19867663069518027,8.781471219215147e-05,0.19813219285446942,0.02963431495308562,0.8265138820892487,0.13847295251820854,0.447213595499958,full
servo,std,streed,4,,3,0.03,0.01,0.001,0.06602398804541024,0.08608314159623677,6.634945321824822e-05,0.12060878991883378,0.02805180075992993,0.525445641452336,0.19121243631733753,0.0,full
servo,std,streed,4,,3,0.03,0.01,0.1,0.02796852581961962,0.1930433396842574,8.601542962626479e-05,0.197557541019934,0.029225481485616964,0.8205839712541597,0.13543001918247966,0.447213595499958,full
servo,std,streed,4,,3,0.03,0.1,0.001,0.04736399852052434,0.08841559881767823,0.00015629724481785404,0.11734232973831803,0.02582360993120395,0.5007369498901922,0.14762545914539163,0.0,full
servo,std,streed,4,,3,0.03,0.1,0.1,0.0393569644633927,0.1515726711156508,6.815594486634111e-05,0.19215861924963112,0.024892413344880595,0.8043464125602093,0.1152568300430296,0.447213595499958,full
servo,std,streed,4,,3,0.05,1e-05,0.001,0.070279923623835,0.08506398605224114,0.00014645069605622599,0.11806786254618462,0.027899492896837044,0.5345799378852628,0.19903731201904173,0.0,full
servo,std,streed,4,,3,0.05,1e-05,0.1,0.04274109273771948,0.17359457466154862,0.00013275216279859763,0.20502664267067594,0.025058030675019733,0.854834245203347,0.09915024687165531,0.0,full
servo,std,streed,4,,3,0.05,0.0001,0.001,0.07024318922405476,0.08509263125671793,6.670089458705596e-05,0.11807049791076225,0.0278997503670853,0.5345384943551948,0.1989391993156916,0.0,full
servo,std,streed,4,,3,0.05,0.0001,0.1,0.042730525969049644,0.17356184041983516,7.474800796910741e-05,0.20502106735487233,0.025052563153045493,0.8547668264589039,0.09911931170721391,0.0,full
servo,std,streed,4,,3,0.05,0.001,0.001,0.06974530588413887,0.08652725956602057,0.00010689804817297522,0.12075868794096908,0.02810623898767817,0.5320149900634902,0.19999905283281597,0.0,full
servo,std,streed,4,,3,0.05,0.001,0.1,0.042625725938047615,0.1732365989887506,2.598729702104666e-05,0.20496508351572576,0.02499760591870358,0.854100204980726,0.09881219890644533,0.0,full
servo,std,streed,4,,3,0.05,0.01,0.001,0.06602398804541024,0.08608314159623677,0.00014469831576434148,0.12060878991883378,0.02805180075992993,0.525445641452336,0.19121243631733753,0.0,full
servo,std,streed,4,,3,0.05,0.01,0.1,0.04166057144600874,0.1701859895859375,9.051190124002318e-05,0.20438634101082664,0.0244230855160849,0.8481489075315359,0.09595474660901658,0.0,full
servo,std,streed,4,,3,0.05,0.1,0.001,0.04736399852052434,0.08841559881767823,0.00012842006833053887,0.11734232973831803,0.02582360993120395,0.5007369498901922,0.14762545914539163,0.0,full
servo,std,streed,4,,3,0.05,0.1,0.1,0.0341720993525144,0.15011053551257894,7.774357911530742e-05,0.19900181224761687,0.018161546517136577,0.8322063470579676,0.08165564258679536,0.0,full
servo,std,streed,4,,3,0.08,1e-05,0.001,0.070279923623835,0.08506398605224114,0.0001319523958965432,0.11806786254618462,0.027899492896837044,0.5345799378852628,0.19903731201904173,0.0,full
servo,std,streed,4,,3,0.08,1e-05,0.1,0.022866770737864448,0.18880196390980714,0.00013078279420658648,0.20502664267067594,0.025058030675019733,0.854834245203347,0.09915024687165531,0.0,full
servo,std,streed,4,,3,0.08,0.0001,0.001,0.07024318922405476,0.08509263125671793,0.000152132782385625,0.11807049791076225,0.0278997503670853,0.5345384943551948,0.1989391993156916,0.0,full
servo,std,streed,4,,3,0.08,0.0001,0.1,0.022865548817311003,0.18880789670072806,0.00010661350035111539,0.20502106735487233,0.025052563153045493,0.8547668264589039,0.09911931170721391,0.0,full
servo,std,streed,4,,3,0.08,0.001,0.001,0.06974530588413887,0.08652725956602057,0.00023220847247612373,0.12075868794096908,0.02810623898767817,0.5320149900634902,0.19999905283281597,0.0,full
servo,std,streed,4,,3,0.08,0.001,0.1,0.022853172014931474,0.18886571171250408,0.00020291553008769527,0.20496508351572576,0.02499760591870358,0.854100204980726,0.09881219890644533,0.0,full
servo,std,streed,4,,3,0.08,0.01,0.001,0.06602398804541024,0.08608314159623677,0.00014541905343286654,0.12060878991883378,0.02805180075992993,0.525445641452336,0.19121243631733753,0.0,full
servo,std,streed,4,,3,0.08,0.01,0.1,0.022711245730310428,0.18930756705651142,0.00023981219921830882,0.20438634101082664,0.0244230855160849,0.8481489075315359,0.09595474660901658,0.0,full
servo,std,streed,4,,3,0.08,0.1,0.001,0.04736399852052434,0.08841559881767823,9.568765641109393e-05,0.11734232973831803,0.02582360993120395,0.5007369498901922,0.14762545914539163,0.0,full
servo,std,streed,4,,3,0.08,0.1,0.1,0.020409628999728223,0.18864785436773326,0.000151849390104488,0.19900181224761687,0.018161546517136577,0.8322063470579676,0.08165564258679536,0.0,full
servo,std,streed,4,,3,0.1,1e-05,0.001,0.070279923623835,0.08506398605224114,7.562842522632944e-05,0.11806786254618462,0.027899492896837044,0.5345799378852628,0.19903731201904173,0.0,full
servo,std,streed,4,,3,0.1,1e-05,0.1,0.0356237095555807,0.19601128150567293,0.00021577616410359054,0.20502664267067594,0.025058030675019733,0.854834245203347,0.09915024687165531,0.0,full
servo,std,streed,4,,3,0.1,0.0001,0.001,0.07024318922405476,0.08509263125671793,9.851252580525317e-05,0.11807049791076225,0.0278997503670853,0.5345384943551948,0.1989391993156916,0.0,full
servo,std,streed,4,,3,0.1,0.0001,0.1,0.03562085391711223,0.19601464346347694,0.00016947558355662613,0.20502106735487233,0.025052563153045493,0.8547668264589039,0.09911931170721391,0.0,full
servo,std,streed,4,,3,0.1,0.001,0.001,0.06974530588413887,0.08652725956602057,9.805628933729064e-05,0.12075868794096908,0.02810623898767817,0.5320149900634902,0.19999905283281597,0.0,full
servo,std,streed,4,,3,0.1,0.001,0.1,0.03559179709624725,0.1960466104072777,0.00013135680216322333,0.20496508351572576,0.02499760591870358,0.854100204980726,0.09881219890644533,0.0,full
servo,std,streed,4,,3,0.1,0.01,0.001,0.06602398804541024,0.08608314159623677,0.001119900078665017,0.12060878991883378,0.02805180075992993,0.525445641452336,0.19121243631733753,0.0,full
servo,std,streed,4,,3,0.1,0.01,0.1,0.03525350039064851,0.19621786834783406,0.0009262267436992584,0.20438634101082664,0.0244230855160849,0.8481489075315359,0.09595474660901658,0.0,full
servo,std,streed,4,,3,0.1,0.1,0.001,0.04736399852052434,0.08841559881767823,0.000137464139031959,0.11734232973831803,0.02582360993120395,0.5007369498901922,0.14762545914539163,0.0,full
servo,std,streed,4,,3,0.1,0.1,0.1,0.04981476916418671,0.2511098484750781,0.00015288437783063103,0.2787179280962955,0.0727955900848004,0.8146199013794236,0.04328581030116925,0.5477225575051661,full
servo,best_by_mean_val_r2,streed,4,,3,0.0005,0.1,0.001,0.5601425297989667,1.021850393355127,0.0035526275634765203,0.9305651675124361,0.6124471315401119,1.060837137955093,0.5113675877772994,4.0,full
