dataset,outer,method,depth,n_thresholds,cv_folds,cost_complexity,ridge_penalty,lasso_penalty,val_r2,val_mse,train_time_s,train_mse,train_r2,test_mse,test_r2,n_leaves
real_estate,outer_0,streed,4,20,3,0.1,0.1,0.1,0.5615417338876536,75.37950868938914,26.588731288909912,70.11114272389317,0.5955781837216798,107.0111602356259,0.5172989914276249,1.0
real_estate,outer_0,streed,4,20,3,0.1,0.1,0.001,0.561063367930246,75.45798036897135,25.55075573921204,69.9836316066156,0.5963137055751482,107.21133725325755,0.5163960421642859,1.0
real_estate,outer_0,streed,4,20,3,0.1,0.01,0.1,0.5579170194343123,76.10394992841609,24.818617343902588,70.32778538790458,0.594328524733694,106.70594917808334,0.5186757233963172,1.0
real_estate,outer_0,streed,4,20,3,0.1,0.01,0.001,0.5886843786685901,70.69091476633527,22.285847663879395,70.61021030264618,0.5926994142593168,106.36658600394696,0.5202065071581908,1.0
real_estate,outer_0,streed,4,20,3,0.1,0.001,0.1,0.5891222449603606,70.60421972608708,23.68935990333557,70.45889006031254,0.5935722741909435,106.65186730989734,0.5189196733942556,1.0
real_estate,outer_0,streed,4,20,3,0.1,0.001,0.001,0.5985969364669907,68.83428761731763,21.60402011871338,53.111194715226986,0.6936389139165509,87.69718217965492,0.6044195933034857,2.0
real_estate,outer_0,streed,4,20,3,0.1,0.0001,0.1,0.5884592350514811,70.72259675335182,23.725477695465088,70.47371679830049,0.5934867491791749,106.64789835675874,0.5189375763651116,1.0
real_estate,outer_0,streed,4,20,3,0.1,0.0001,0.001,0.6272630867851827,63.55981075850168,21.52191734313965,53.04825886387825,0.6940019465290945,87.59006870583517,0.604902755823457,2.0
real_estate,outer_0,streed,4,20,3,0.1,1e-05,0.1,0.5883873411081689,70.73542279755627,23.8152859210968,70.4752175014205,0.5934780926795387,106.64751678945552,0.5189392975213134,1.0
real_estate,outer_0,streed,4,20,3,0.1,1e-05,0.001,0.6271513609134914,63.57952065426067,21.59090518951416,53.042803716047786,0.6940334134358936,87.57933393544974,0.6049511777308583,2.0
real_estate,outer_0,streed,4,20,3,0.08,0.1,0.1,0.5879077517062583,70.66514435752579,49.433269023895264,57.8878796157499,0.6660855820465175,97.08114948183596,0.5620908261805125,2.0
real_estate,outer_0,streed,4,20,3,0.08,0.1,0.001,0.592064940587245,69.96598646830522,46.84145092964173,57.61912922691955,0.6676358138093104,97.43625311085012,0.5604890411003824,2.0
real_estate,outer_0,streed,4,20,3,0.08,0.01,0.1,0.5923925854303979,69.93319433020987,45.44544792175293,55.34080545587945,0.6807778594493695,89.09908045440537,0.5980959751906842,2.0
real_estate,outer_0,streed,4,20,3,0.08,0.01,0.001,0.6183787097552031,65.44992419356377,40.30563426017761,54.03215575364771,0.688326538145606,88.59764434333422,0.6003578300852177,2.0
real_estate,outer_0,streed,4,20,3,0.08,0.001,0.1,0.6155367715096377,66.03216433002764,44.5876681804657,54.17504165482071,0.6875023299894143,88.21023221308322,0.6021053508633643,2.0
real_estate,outer_0,streed,4,20,3,0.08,0.001,0.001,0.6099701555808462,67.05182149938922,27.58674788475037,53.111194715226986,0.6936389139165509,87.69718217965492,0.6044195933034857,2.0
real_estate,outer_0,streed,4,20,3,0.08,0.0001,0.1,0.6146212184957606,66.20519762412424,44.56246280670166,54.04326383139416,0.6882624634664173,88.0867442416183,0.6026623747124789,2.0
real_estate,outer_0,streed,4,20,3,0.08,0.0001,0.001,0.6390420618455687,61.71375259863705,27.46342802047729,53.04825886387825,0.6940019465290945,87.59006870583517,0.604902755823457,2.0
real_estate,outer_0,streed,4,20,3,0.08,1e-05,0.1,0.6145231636814655,66.2236672479519,44.5381646156311,54.03008746047975,0.688338468672582,88.07400668303588,0.6027198307045544,2.0
real_estate,outer_0,streed,4,20,3,0.08,1e-05,0.001,0.6389715355542444,61.7270054961318,27.56253862380981,53.042803716047786,0.6940334134358936,87.57933393544974,0.6049511777308583,2.0
real_estate,outer_0,streed,4,20,3,0.05,0.1,0.1,0.6188874345301151,65.07903509274988,71.65098547935486,49.309548011067015,0.7155679369678456,90.13638152684648,0.5934169653307964,3.0
real_estate,outer_0,streed,4,20,3,0.05,0.1,0.001,0.6227989222678362,64.42249982158704,69.69478487968445,48.739321492998464,0.7188571722472581,90.614301420117,0.5912611863074635,3.0
real_estate,outer_0,streed,4,20,3,0.05,0.01,0.1,0.621221567588312,64.67902596769578,68.79963517189026,48.567709034083215,0.719847083688351,93.56038571830229,0.5779721250642993,3.0
real_estate,outer_0,streed,4,20,3,0.05,0.01,0.001,0.595207762379964,69.54294221349629,67.60785412788391,54.03215575364771,0.688326538145606,88.59764434333422,0.6003578300852177,2.0
real_estate,outer_0,streed,4,20,3,0.05,0.001,0.1,0.621638462546542,64.6200112510772,68.66721653938293,54.17504165482071,0.6875023299894143,88.21023221308322,0.6021053508633643,2.0
real_estate,outer_0,streed,4,20,3,0.05,0.001,0.001,0.5870973098200004,70.63656493756332,67.51693844795227,53.111194715226986,0.6936389139165509,87.69718217965492,0.6044195933034857,2.0
real_estate,outer_0,streed,4,20,3,0.05,0.0001,0.1,0.5871380061716148,70.96425980952579,68.47128772735596,54.04326383139416,0.6882624634664173,88.0867442416183,0.6026623747124789,2.0
real_estate,outer_0,streed,4,20,3,0.05,0.0001,0.001,0.6138237414124773,65.66609021501908,67.37316918373108,53.04825886387825,0.6940019465290945,87.59006870583517,0.604902755823457,2.0
real_estate,outer_0,streed,4,20,3,0.05,1e-05,0.1,0.5870902565315174,70.9735758070049,68.59523892402649,54.03008746047975,0.688338468672582,88.07400668303588,0.6027198307045544,2.0
real_estate,outer_0,streed,4,20,3,0.05,1e-05,0.001,0.6134699861577168,65.72373213077572,67.29114699363708,53.042803716047786,0.6940334134358936,87.57933393544974,0.6049511777308583,2.0
real_estate,outer_0,streed,4,20,3,0.03,0.1,0.1,0.6234219641402904,64.36836159653333,76.9230101108551,49.309548011067015,0.7155679369678456,90.13638152684648,0.5934169653307964,3.0
real_estate,outer_0,streed,4,20,3,0.03,0.1,0.001,0.6251852491030306,64.04850309405934,75.06676387786865,48.739321492998464,0.7188571722472581,90.614301420117,0.5912611863074635,3.0
real_estate,outer_0,streed,4,20,3,0.03,0.01,0.1,0.6155151122791453,65.57905994071537,75.42735052108765,48.567709034083215,0.719847083688351,93.56038571830229,0.5779721250642993,3.0
real_estate,outer_0,streed,4,20,3,0.03,0.01,0.001,0.6231522231891475,64.27918788400844,74.6756603717804,47.52002862777975,0.7258904142679861,95.50372293811525,0.5692062091174535,3.0
real_estate,outer_0,streed,4,20,3,0.03,0.001,0.1,0.6394134919507811,61.36039291218341,75.29773998260498,48.50279296606052,0.7202215387765926,94.27180716135196,0.5747630780142163,3.0
real_estate,outer_0,streed,4,20,3,0.03,0.001,0.001,0.6272362499432945,63.74044135915812,75.11333203315735,46.30781597214676,0.7328828155448746,90.90291799220805,0.5899593079787706,3.0
real_estate,outer_0,streed,4,20,3,0.03,0.0001,0.1,0.6399398017366965,61.27447024049904,75.3135130405426,47.75098525991527,0.7245581880765288,94.48170702764328,0.573816271373349,3.0
real_estate,outer_0,streed,4,20,3,0.03,0.0001,0.001,0.6266010481900769,63.87960915519607,74.73626828193665,40.39738725216299,0.7669759172267673,99.6966813292666,0.5502928056943499,4.0
real_estate,outer_0,streed,4,20,3,0.03,1e-05,0.1,0.6399844072824309,61.26746649853575,75.33898901939392,47.75001918332958,0.7245637606921256,94.48862597692695,0.573785061695871,3.0
real_estate,outer_0,streed,4,20,3,0.03,1e-05,0.001,0.6336245356008902,62.64173162022728,75.08947229385376,40.391344604887024,0.767010773004202,99.79410217503096,0.5498533642341986,4.0
real_estate,outer_0,streed,4,20,3,0.01,0.1,0.1,0.6310525871849503,63.04648679877079,76.55157589912415,37.480489870929006,0.7838014443967032,103.77131523009984,0.5319131349276311,7.0
real_estate,outer_0,streed,4,20,3,0.01,0.1,0.001,0.6240649487138393,64.30973171874537,76.63901090621948,36.87285450749,0.7873064649650414,103.61243969195716,0.5326297833812139,7.0
real_estate,outer_0,streed,4,20,3,0.01,0.01,0.1,0.6252127108398874,64.16157919164574,77.95887684822083,35.88862444570158,0.7929837951833171,104.18587436716062,0.5300431606825944,7.0
real_estate,outer_0,streed,4,20,3,0.01,0.01,0.001,0.5538160973943099,76.97004461765114,77.7133903503418,33.53878243536597,0.8065383791890227,103.11013075577738,0.5348955753750118,7.0
real_estate,outer_0,streed,4,20,3,0.01,0.001,0.1,0.6189802840531019,65.30581324526021,77.70115804672241,34.977513928028024,0.7982393502359414,102.43567181394982,0.5379378936784855,7.0
real_estate,outer_0,streed,4,20,3,0.01,0.001,0.001,0.5257697038136638,82.23256136248159,79.73939561843872,29.02725460716812,0.8325622066090852,114.80015015938253,0.4821647747377128,8.0
real_estate,outer_0,streed,4,20,3,0.01,0.0001,0.1,0.6060414487000171,67.35995601096978,77.9577968120575,33.664380512259555,0.8058138923185347,101.4847709312862,0.5422271735452157,7.0
real_estate,outer_0,streed,4,20,3,0.01,0.0001,0.001,0.5154512092292732,84.06690455799657,81.14363312721252,28.99322623396021,0.8327584923343362,115.239933350495,0.4801810209924423,8.0
real_estate,outer_0,streed,4,20,3,0.01,1e-05,0.1,0.6059772064329563,67.37203099464965,77.85684752464294,33.656175217437195,0.8058612228869185,101.3362697249455,0.5428970259411436,7.0
real_estate,outer_0,streed,4,20,3,0.01,1e-05,0.001,0.5137861617001013,84.36632969477124,81.36160278320312,28.998837997092373,0.8327261220241364,115.29630827480244,0.4799267275826571,8.0
real_estate,outer_0,streed,4,20,3,0.008,0.1,0.1,0.6277915253844851,63.64566567238764,77.69768929481506,37.480489870929006,0.7838014443967032,103.77131523009984,0.5319131349276311,7.0
real_estate,outer_0,streed,4,20,3,0.008,0.1,0.001,0.6240649487138393,64.30973171874537,77.79320502281189,36.87285450749,0.7873064649650414,103.61243969195716,0.5326297833812139,7.0
real_estate,outer_0,streed,4,20,3,0.008,0.01,0.1,0.6156745665780244,65.65644346925136,78.32838177680969,33.17629982384034,0.8086292861465633,108.87648081758044,0.5088849893344067,8.0
real_estate,outer_0,streed,4,20,3,0.008,0.01,0.001,0.5538160973943099,76.97004461765114,79.2402138710022,31.841518383178254,0.8163287004421341,98.7350072545858,0.5546306807790067,8.0
real_estate,outer_0,streed,4,20,3,0.008,0.001,0.1,0.6070019175727656,67.18312099652984,78.8080198764801,32.25676317907663,0.8139334455934335,107.09061629123366,0.5169405847147681,8.0
real_estate,outer_0,streed,4,20,3,0.008,0.001,0.001,0.5257697038136638,82.23256136248159,81.23819637298584,29.02725460716812,0.8325622066090852,114.80015015938253,0.4821647747377128,8.0
real_estate,outer_0,streed,4,20,3,0.008,0.0001,0.1,0.6060414487000171,67.35995601096978,78.61779117584229,30.39974815902665,0.8246452576975714,98.95314035973642,0.55364673602383,9.0
real_estate,outer_0,streed,4,20,3,0.008,0.0001,0.001,0.5273404291098385,82.20356829466101,82.91882228851318,27.283943559980248,0.8426181405541114,101.11780900981248,0.5438824484643268,9.0
real_estate,outer_0,streed,4,20,3,0.008,1e-05,0.1,0.6059772064329563,67.37203099464965,78.15474796295166,30.4001224876006,0.8246430984595975,98.94289016668031,0.5536929721221523,9.0
real_estate,outer_0,streed,4,20,3,0.008,1e-05,0.001,0.5250892999456546,82.59484699077457,83.38001275062561,27.261571487114445,0.8427471892900296,101.2132745961855,0.5434518266981041,9.0
real_estate,outer_0,streed,4,20,3,0.005,0.1,0.1,0.6405249816600875,61.6165714390736,79.18478488922119,35.357367063647,0.7960482449557006,104.35144881975934,0.529296295074491,9.0
real_estate,outer_0,streed,4,20,3,0.005,0.1,0.001,0.6353658622002923,62.5385976897964,79.12697649002075,34.66973309127351,0.8000147211710025,103.93972521393512,0.5311534789359387,9.0
real_estate,outer_0,streed,4,20,3,0.005,0.01,0.1,0.5934829129885663,70.29035620212592,81.05837345123291,31.73197553010817,0.8169605760310599,108.81961529144816,0.5091414957282876,9.0
real_estate,outer_0,streed,4,20,3,0.005,0.01,0.001,0.5712165004216035,74.24296897407505,82.0879590511322,29.092880323422303,0.832183658059868,107.97593156833322,0.5129471453742401,10.0
real_estate,outer_0,streed,4,20,3,0.005,0.001,0.1,0.5731917819815407,73.96193913020109,81.78130221366882,29.30315858426325,0.83097071083252,105.80793093496668,0.5227264626903716,10.0
real_estate,outer_0,streed,4,20,3,0.005,0.001,0.001,0.532804284536749,81.03860715988357,85.50313067436218,28.162972302682714,0.8375476426721331,108.6716762698707,0.5098088122471013,9.0
real_estate,outer_0,streed,4,20,3,0.005,0.0001,0.1,0.570912283350039,74.37428673564091,81.79484987258911,30.39974815902665,0.8246452576975714,98.95314035973642,0.55364673602383,9.0
real_estate,outer_0,streed,4,20,3,0.005,0.0001,0.001,0.5273404291098385,82.20356829466101,87.53010392189026,27.283943559980248,0.8426181405541114,101.11780900981248,0.5438824484643268,9.0
real_estate,outer_0,streed,4,20,3,0.005,1e-05,0.1,0.5707051795538498,74.41187693990805,81.52206587791443,30.4001224876006,0.8246430984595975,98.94289016668031,0.5536929721221523,9.0
real_estate,outer_0,streed,4,20,3,0.005,1e-05,0.001,0.5250892999456546,82.59484699077457,88.1346127986908,27.261571487114445,0.8427471892900296,101.2132745961855,0.5434518266981041,9.0
real_estate,outer_0,streed,4,20,3,0.003,0.1,0.1,0.6236489449512631,64.59762876209332,81.2459454536438,35.357367063647,0.7960482449557006,104.35144881975934,0.529296295074491,9.0
real_estate,outer_0,streed,4,20,3,0.003,0.1,0.001,0.625244587792018,64.28204465411712,81.51993942260742,34.66973309127351,0.8000147211710025,103.93972521393512,0.5311534789359387,9.0
real_estate,outer_0,streed,4,20,3,0.003,0.01,0.1,0.5934829129885663,70.29035620212592,82.73818397521973,31.311219778597547,0.8193876197023575,107.75581315697949,0.513940045357119,10.0
real_estate,outer_0,streed,4,20,3,0.003,0.01,0.001,0.5712165004216035,74.24296897407505,84.69163274765015,29.092880323422303,0.832183658059868,107.97593156833322,0.5129471453742401,10.0
real_estate,outer_0,streed,4,20,3,0.003,0.001,0.1,0.5731917819815407,73.96193913020109,84.04734015464783,29.30315858426325,0.83097071083252,105.80793093496668,0.5227264626903716,10.0
real_estate,outer_0,streed,4,20,3,0.003,0.001,0.001,0.532804284536749,81.03860715988357,88.99984431266785,27.38608462684287,0.8420289606581302,112.00070066559144,0.4947924024648115,10.0
real_estate,outer_0,streed,4,20,3,0.003,0.0001,0.1,0.570912283350039,74.37428673564091,83.78422904014587,29.81044086089738,0.8280445565621481,96.19698003462456,0.5660790969644016,10.0
real_estate,outer_0,streed,4,20,3,0.003,0.0001,0.001,0.5273404291098385,82.20356829466101,91.49543118476868,27.283943559980248,0.8426181405541114,101.11780900981248,0.5438824484643268,9.0
real_estate,outer_0,streed,4,20,3,0.003,1e-05,0.1,0.5707051795538498,74.41187693990805,83.78394818305969,29.80606729742936,0.8280697845703167,96.18108807691826,0.5661507816746332,10.0
real_estate,outer_0,streed,4,20,3,0.003,1e-05,0.001,0.5250892999456546,82.59484699077457,91.47334003448486,27.261571487114445,0.8427471892900296,101.2132745961855,0.5434518266981041,9.0
real_estate,outer_0,streed,4,20,3,0.001,0.1,0.1,0.6236489449512631,64.59762876209332,84.62562918663025,35.357367063647,0.7960482449557006,104.35144881975934,0.529296295074491,9.0
real_estate,outer_0,streed,4,20,3,0.001,0.1,0.001,0.625244587792018,64.28204465411712,83.23608660697937,34.66973309127351,0.8000147211710025,103.93972521393512,0.5311534789359387,9.0
real_estate,outer_0,streed,4,20,3,0.001,0.01,0.1,0.5571208941031489,76.71350309072412,85.1029303073883,31.311219778597547,0.8193876197023575,107.75581315697949,0.513940045357119,10.0
real_estate,outer_0,streed,4,20,3,0.001,0.01,0.001,0.5339119497241297,80.83260882597908,88.17855143547058,29.092880323422303,0.832183658059868,107.97593156833322,0.5129471453742401,10.0
real_estate,outer_0,streed,4,20,3,0.001,0.001,0.1,0.5731917819815407,73.96193913020109,86.14676809310913,29.30315858426325,0.83097071083252,105.80793093496668,0.5227264626903716,10.0
real_estate,outer_0,streed,4,20,3,0.001,0.001,0.001,0.532804284536749,81.03860715988357,93.03768754005432,27.38608462684287,0.8420289606581302,112.00070066559144,0.4947924024648115,10.0
real_estate,outer_0,streed,4,20,3,0.001,0.0001,0.1,0.5716963548006648,74.23578490727995,86.63359427452087,29.81044086089738,0.8280445565621481,96.19698003462456,0.5660790969644016,10.0
real_estate,outer_0,streed,4,20,3,0.001,0.0001,0.001,0.5311346925097982,81.5333329254762,95.19446921348572,26.7967948423459,0.8454281584988937,106.4770489331858,0.519708236069119,10.0
real_estate,outer_0,streed,4,20,3,0.001,1e-05,0.1,0.5713714038630158,74.29419214875242,86.41653800010681,29.80606729742936,0.8280697845703167,96.18108807691826,0.5661507816746332,10.0
real_estate,outer_0,streed,4,20,3,0.001,1e-05,0.001,0.5357159816601663,80.7177032104532,95.57535195350648,26.768587207250324,0.8455908684844262,106.6022634847736,0.5191434240419783,10.0
real_estate,outer_0,streed,4,20,3,0.0005,0.1,0.1,0.6236489449512631,64.59762876209332,83.52052545547485,35.357367063647,0.7960482449557006,104.35144881975934,0.529296295074491,9.0
real_estate,outer_0,streed,4,20,3,0.0005,0.1,0.001,0.625244587792018,64.28204465411712,83.24098587036133,34.66973309127351,0.8000147211710025,103.93972521393512,0.5311534789359387,9.0
real_estate,outer_0,streed,4,20,3,0.0005,0.01,0.1,0.5571208941031489,76.71350309072412,85.1571524143219,31.311219778597547,0.8193876197023575,107.75581315697949,0.513940045357119,10.0
real_estate,outer_0,streed,4,20,3,0.0005,0.01,0.001,0.5339119497241297,80.83260882597908,88.89920234680176,29.092880323422303,0.832183658059868,107.97593156833322,0.5129471453742401,10.0
real_estate,outer_0,streed,4,20,3,0.0005,0.001,0.1,0.575805500239318,73.50024044542738,86.72952055931091,29.30315858426325,0.83097071083252,105.80793093496668,0.5227264626903716,10.0
real_estate,outer_0,streed,4,20,3,0.0005,0.001,0.001,0.532804284536749,81.03860715988357,93.70077610015868,27.38608462684287,0.8420289606581302,112.00070066559144,0.4947924024648115,10.0
real_estate,outer_0,streed,4,20,3,0.0005,0.0001,0.1,0.5716963548006648,74.23578490727995,87.09574222564697,29.81044086089738,0.8280445565621481,96.19698003462456,0.5660790969644016,10.0
real_estate,outer_0,streed,4,20,3,0.0005,0.0001,0.001,0.5311346925097982,81.5333329254762,95.90530586242676,26.7967948423459,0.8454281584988937,106.4770489331858,0.519708236069119,10.0
real_estate,outer_0,streed,4,20,3,0.0005,1e-05,0.1,0.5713714038630158,74.29419214875242,86.79701399803162,29.80606729742936,0.8280697845703167,96.18108807691826,0.5661507816746332,10.0
real_estate,outer_0,streed,4,20,3,0.0005,1e-05,0.001,0.5357159816601663,80.7177032104532,96.93501210212708,26.768587207250324,0.8455908684844262,106.6022634847736,0.5191434240419783,10.0
real_estate,outer_0,streed,4,20,3,0.0001,0.1,0.1,0.6236489449512631,64.59762876209332,83.40964341163635,35.357367063647,0.7960482449557006,104.35144881975934,0.529296295074491,9.0
real_estate,outer_0,streed,4,20,3,0.0001,0.1,0.001,0.625244587792018,64.28204465411712,83.41872191429138,34.66973309127351,0.8000147211710025,103.93972521393512,0.5311534789359387,9.0
real_estate,outer_0,streed,4,20,3,0.0001,0.01,0.1,0.5571208941031489,76.71350309072412,86.17384099960327,31.311219778597547,0.8193876197023575,107.75581315697949,0.513940045357119,10.0
real_estate,outer_0,streed,4,20,3,0.0001,0.01,0.001,0.5339119497241297,80.83260882597908,89.44535660743713,29.092880323422303,0.832183658059868,107.97593156833322,0.5129471453742401,10.0
real_estate,outer_0,streed,4,20,3,0.0001,0.001,0.1,0.575805500239318,73.50024044542738,87.08860635757446,29.30315858426325,0.83097071083252,105.80793093496668,0.5227264626903716,10.0
real_estate,outer_0,streed,4,20,3,0.0001,0.001,0.001,0.532804284536749,81.03860715988357,94.90192079544067,27.38608462684287,0.8420289606581302,112.00070066559144,0.4947924024648115,10.0
real_estate,outer_0,streed,4,20,3,0.0001,0.0001,0.1,0.5716963548006648,74.23578490727995,87.3684606552124,29.81044086089738,0.8280445565621481,96.19698003462456,0.5660790969644016,10.0
real_estate,outer_0,streed,4,20,3,0.0001,0.0001,0.001,0.5311346925097982,81.5333329254762,97.15539956092834,26.7967948423459,0.8454281584988937,106.4770489331858,0.519708236069119,10.0
real_estate,outer_0,streed,4,20,3,0.0001,1e-05,0.1,0.5713714038630158,74.29419214875242,88.38396286964417,29.80606729742936,0.8280697845703167,96.18108807691826,0.5661507816746332,10.0
real_estate,outer_0,streed,4,20,3,0.0001,1e-05,0.001,0.5357159816601663,80.7177032104532,97.6831488609314,26.768587207250324,0.8455908684844262,106.6022634847736,0.5191434240419783,10.0
real_estate,outer_1,streed,4,20,3,0.1,0.1,0.1,0.5835004799386634,77.27833704711792,24.251701593399048,73.88598973694768,0.5897873695140894,94.92217370726082,0.5241553406537512,1.0
real_estate,outer_1,streed,4,20,3,0.1,0.1,0.001,0.5818528971221301,77.44649057375729,23.265613317489624,73.53939921748609,0.5917116288925723,94.66944057998322,0.5254222912950819,1.0
real_estate,outer_1,streed,4,20,3,0.1,0.01,0.1,0.5742392047019008,78.60656978199985,22.439051151275635,73.6046725621746,0.5913492333894381,95.43024577424848,0.5216083764387862,1.0
real_estate,outer_1,streed,4,20,3,0.1,0.01,0.001,0.5970851450531733,75.42637121243519,21.11033797264099,73.77649323635265,0.5903952905515961,96.74830568537476,0.5150009448460156,1.0
real_estate,outer_1,streed,4,20,3,0.1,0.001,0.1,0.6292626721965106,69.30359803138553,22.2692973613739,73.68953955590473,0.5908780545791736,95.69841380404756,0.5202640506632216,1.0
real_estate,outer_1,streed,4,20,3,0.1,0.001,0.001,0.6306191269702351,68.95087691699165,20.547770738601685,73.92350713243678,0.5895790741451384,97.06695212573486,0.5134035709033089,1.0
real_estate,outer_1,streed,4,20,3,0.1,0.0001,0.1,0.6290964292806036,69.31659996332662,22.34238600730896,73.69961213318105,0.5908221319552094,95.72667150033963,0.5201223948904883,1.0
real_estate,outer_1,streed,4,20,3,0.1,0.0001,0.001,0.6295073315420008,69.09907461130567,20.44464683532715,55.93207714310744,0.6894669128057778,83.23563169409785,0.5827399514564828,2.0
real_estate,outer_1,streed,4,20,3,0.1,1e-05,0.1,0.6290779654686722,69.31800238321277,22.26133179664612,73.70063605999664,0.5908164471465747,95.72951236297942,0.5201081536519845,1.0
real_estate,outer_1,streed,4,20,3,0.1,1e-05,0.001,0.6294372185866021,69.10801617617186,20.43759775161743,55.912718605517625,0.6895743907817156,76.5567702574578,0.616221069945615,2.0
real_estate,outer_1,streed,4,20,3,0.08,0.1,0.1,0.5891558514581452,76.32107885127817,54.02292156219482,60.54073770989625,0.6638797780749597,86.33919546657616,0.5671817927207929,2.0
real_estate,outer_1,streed,4,20,3,0.08,0.1,0.001,0.5942384315326527,75.38515363332982,53.22335624694824,59.91738555388873,0.667340609127576,86.58787907068323,0.5659351423306926,2.0
real_estate,outer_1,streed,4,20,3,0.08,0.01,0.1,0.6238291706889263,70.38907781694795,52.28831696510315,57.91189158997928,0.6784750468915938,85.2033672003347,0.5728756974568173,2.0
real_estate,outer_1,streed,4,20,3,0.08,0.01,0.001,0.6311296450031899,68.91845127276925,48.162108182907104,56.89057826996728,0.6841453454833026,85.01569205797269,0.5738165125550938,2.0
real_estate,outer_1,streed,4,20,3,0.08,0.001,0.1,0.6314761458333015,68.84998858137577,52.44389200210571,56.867999752179685,0.6842707006853794,83.54510686747662,0.5811885530560765,2.0
real_estate,outer_1,streed,4,20,3,0.08,0.001,0.001,0.6332393311769732,68.41391574908954,26.476905345916748,56.00139601202376,0.6890820566826927,83.4152289944464,0.5818396305634171,2.0
real_estate,outer_1,streed,4,20,3,0.08,0.0001,0.1,0.6314832180445217,68.8274728644107,51.70003509521485,56.73632947356138,0.6850017298228536,83.30655990646959,0.5823843884754016,2.0
real_estate,outer_1,streed,4,20,3,0.08,0.0001,0.001,0.6322733996813932,68.53222139627553,25.91920280456543,55.93207714310744,0.6894669128057778,83.23563169409785,0.5827399514564828,2.0
real_estate,outer_1,streed,4,20,3,0.08,1e-05,0.1,0.6314821488863761,68.82531057984056,51.65586280822754,56.72294888630485,0.6850760184114681,83.281860755911,0.582508205265775,2.0
real_estate,outer_1,streed,4,20,3,0.08,1e-05,0.001,0.6322178375771035,68.53818104011994,25.83396625518799,55.912718605517625,0.6895743907817156,76.5567702574578,0.616221069945615,2.0
real_estate,outer_1,streed,4,20,3,0.05,0.1,0.1,0.5885952563829608,76.40105927542922,85.6433379650116,60.54073770989625,0.6638797780749597,86.33919546657616,0.5671817927207929,2.0
real_estate,outer_1,streed,4,20,3,0.05,0.1,0.001,0.594235074491488,75.38563258433764,84.16395020484924,59.91738555388873,0.667340609127576,86.58787907068323,0.5659351423306926,2.0
real_estate,outer_1,streed,4,20,3,0.05,0.01,0.1,0.6238291706889263,70.38907781694795,80.37355256080627,57.91189158997928,0.6784750468915938,85.2033672003347,0.5728756974568173,2.0
real_estate,outer_1,streed,4,20,3,0.05,0.01,0.001,0.6311296450031899,68.91845127276925,79.0552179813385,56.89057826996728,0.6841453454833026,85.01569205797269,0.5738165125550938,2.0
real_estate,outer_1,streed,4,20,3,0.05,0.001,0.1,0.610964378559334,72.75578080527866,79.62947273254395,56.867999752179685,0.6842707006853794,83.54510686747662,0.5811885530560765,2.0
real_estate,outer_1,streed,4,20,3,0.05,0.001,0.001,0.6117577735158867,72.5043726926255,78.85308647155762,56.00139601202376,0.6890820566826927,83.4152289944464,0.5818396305634171,2.0
real_estate,outer_1,streed,4,20,3,0.05,0.0001,0.1,0.6105514246158223,72.81324527076576,79.77370357513428,56.73632947356138,0.6850017298228536,83.30655990646959,0.5823843884754016,2.0
real_estate,outer_1,streed,4,20,3,0.05,0.0001,0.001,0.6105665558522133,72.66557668941438,79.05152583122253,55.93207714310744,0.6894669128057778,83.23563169409785,0.5827399514564828,2.0
real_estate,outer_1,streed,4,20,3,0.05,1e-05,0.1,0.6105022002414813,72.82025256512289,79.74433994293213,56.72294888630485,0.6850760184114681,83.281860755911,0.582508205265775,2.0
real_estate,outer_1,streed,4,20,3,0.05,1e-05,0.001,0.6104332391788728,72.68634213653822,78.90633225440979,55.912718605517625,0.6895743907817156,76.5567702574578,0.616221069945615,2.0
real_estate,outer_1,streed,4,20,3,0.03,0.1,0.1,0.6428875148494563,65.50256821658111,81.13745617866516,53.72732521320306,0.7017076243663174,80.6102441729219,0.5959010136390517,3.0
real_estate,outer_1,streed,4,20,3,0.03,0.1,0.001,0.6432500494534571,65.40437667793286,80.85564494132996,53.09112265377896,0.7052398004439795,81.67929526592584,0.5905418627335632,3.0
real_estate,outer_1,streed,4,20,3,0.03,0.01,0.1,0.6243688957181807,69.42624075731224,80.26520657539368,37.79886164662065,0.7901419400262905,75.77024234266442,0.6201639327464122,5.0
real_estate,outer_1,streed,4,20,3,0.03,0.01,0.001,0.5399561848864803,81.36269628647777,80.99699354171753,36.72512349793616,0.7961032995748745,86.24489082544129,0.5676545416906382,5.0
real_estate,outer_1,streed,4,20,3,0.03,0.001,0.1,0.5207528285027104,84.1679943959242,82.60697031021118,35.670598010749565,0.8019579910468754,110.56961119729836,0.4457147690645326,5.0
real_estate,outer_1,streed,4,20,3,0.03,0.001,0.001,0.4972657659172784,87.44266235408456,86.17163062095642,34.2626527776358,0.8097748575422954,181.66016381720303,0.0893379766568855,5.0
real_estate,outer_1,streed,4,20,3,0.03,0.0001,0.1,0.5163262958570468,84.80402910926195,83.35011577606201,35.246403621550726,0.8043131046056182,102.98833723238916,0.4837196796807637,5.0
real_estate,outer_1,streed,4,20,3,0.03,0.0001,0.001,0.4968190584104588,87.51731373665397,90.2223813533783,34.00426706814122,0.8112094066624886,75.8304011483688,0.6198623567785528,5.0
real_estate,outer_1,streed,4,20,3,0.03,1e-05,0.1,0.5158246213650391,84.87679669612544,83.50207233428955,35.231047240608135,0.8043983627370126,103.15952054740072,0.4828615380786902,5.0
real_estate,outer_1,streed,4,20,3,0.03,1e-05,0.001,0.4960785356255977,87.63302328999606,89.84474086761475,33.998981957982025,0.8112387494235253,75.8162226043777,0.6199334337900874,5.0
real_estate,outer_1,streed,4,20,3,0.01,0.1,0.1,0.6203557578240539,69.57178369856099,82.30302691459656,41.979518880620496,0.766931065986101,83.81174545293571,0.5798518943818067,6.0
real_estate,outer_1,streed,4,20,3,0.01,0.1,0.001,0.6253511467206292,68.52827186166957,82.37452507019043,38.39918607825938,0.7868089581561926,93.90648308474182,0.5292469956316941,7.0
real_estate,outer_1,streed,4,20,3,0.01,0.01,0.1,0.6246490792815435,68.28059239198059,87.62613892555237,29.262831755122143,0.8375337024993178,86.91294202902813,0.5643056023966753,9.0
real_estate,outer_1,streed,4,20,3,0.01,0.01,0.001,0.6247930894979276,68.22071317648921,90.325528383255,28.18395340206635,0.8435236002966808,87.40063540654802,0.5618607965096223,9.0
real_estate,outer_1,streed,4,20,3,0.01,0.001,0.1,0.6174358696064624,69.39427118643773,91.14801597595216,30.41968433980127,0.8311108942844563,274.5788320994445,-0.3764631141612464,7.0
real_estate,outer_1,streed,4,20,3,0.01,0.001,0.001,0.4709537729729477,92.98447412773508,97.61974811553956,29.068819956471348,0.8386108497440552,79.328891831849,0.6023244302595006,7.0
real_estate,outer_1,streed,4,20,3,0.01,0.0001,0.1,0.5252921423142508,82.5535088915239,95.76302814483644,30.140594525108597,0.8326603919285225,297.8658431886824,-0.493200852312128,7.0
real_estate,outer_1,streed,4,20,3,0.01,0.0001,0.001,0.4668604319088243,93.66043064450098,98.95902109146118,28.92263791990119,0.839422447693338,78.3840684492741,0.6070608279110151,7.0
real_estate,outer_1,streed,4,20,3,0.01,1e-05,0.1,0.531629193591164,81.23177704172885,92.11874914169312,30.12834401288411,0.8327284063770303,299.07679175540324,-0.4992713349581972,7.0
real_estate,outer_1,streed,4,20,3,0.01,1e-05,0.001,0.4699432555352446,92.99256444100268,99.5752818584442,28.91389069960052,0.8394710119781469,78.3584539040025,0.6071892335731806,7.0
real_estate,outer_1,streed,4,20,3,0.008,0.1,0.1,0.6203557578240539,69.57178369856099,83.07765626907349,35.31508255101337,0.8039318014057271,82.09302844568069,0.5884678191640614,9.0
real_estate,outer_1,streed,4,20,3,0.008,0.1,0.001,0.6253511467206292,68.52827186166957,83.78795552253723,34.34935497649862,0.809293489732362,81.95110177253905,0.5891792972812978,9.0
real_estate,outer_1,streed,4,20,3,0.008,0.01,0.1,0.6246490792815435,68.28059239198059,89.11949229240417,29.262831755122143,0.8375337024993178,86.91294202902813,0.5643056023966753,9.0
real_estate,outer_1,streed,4,20,3,0.008,0.01,0.001,0.6247930894979276,68.22071317648921,92.27532935142516,28.18395340206635,0.8435236002966808,87.40063540654802,0.5618607965096223,9.0
real_estate,outer_1,streed,4,20,3,0.008,0.001,0.1,0.6174358696064624,69.39427118643773,92.31686902046204,27.921308798324493,0.8449817946602869,87.25890699186945,0.5625712807575957,9.0
real_estate,outer_1,streed,4,20,3,0.008,0.001,0.001,0.4709537729729477,92.98447412773508,100.11219716072084,29.068819956471348,0.8386108497440552,79.328891831849,0.6023244302595006,7.0
real_estate,outer_1,streed,4,20,3,0.008,0.0001,0.1,0.5252921423142508,82.5535088915239,93.66829109191896,27.627483653395277,0.8466131023822709,87.50593637775357,0.5613329229600061,9.0
real_estate,outer_1,streed,4,20,3,0.008,0.0001,0.001,0.4668604319088243,93.66043064450098,101.77346444129944,28.92263791990119,0.839422447693338,78.3840684492741,0.6070608279110151,7.0
real_estate,outer_1,streed,4,20,3,0.008,1e-05,0.1,0.524896586470479,82.6114972075283,93.47973465919496,27.59090888625778,0.8468161643090354,87.55692099377636,0.5610773371859373,9.0
real_estate,outer_1,streed,4,20,3,0.008,1e-05,0.001,0.4699432555352446,92.99256444100268,102.0348174571991,28.91389069960052,0.8394710119781469,78.3584539040025,0.6071892335731806,7.0
real_estate,outer_1,streed,4,20,3,0.005,0.1,0.1,0.622222652635933,69.18919900689495,86.72918963432312,35.31508255101337,0.8039318014057271,82.09302844568069,0.5884678191640614,9.0
real_estate,outer_1,streed,4,20,3,0.005,0.1,0.001,0.6242998225221524,68.68097661273929,87.50393772125244,34.34935497649862,0.809293489732362,81.95110177253905,0.5891792972812978,9.0
real_estate,outer_1,streed,4,20,3,0.005,0.01,0.1,0.6215918987931089,68.71676210340895,93.69775772094728,28.13365734342309,0.843802842391056,89.65316317542846,0.5505688794897228,10.0
real_estate,outer_1,streed,4,20,3,0.005,0.01,0.001,0.6247930894979276,68.22071317648921,97.68087315559389,27.009225556901413,0.8500456513808686,90.10153580297607,0.5483211884404894,10.0
real_estate,outer_1,streed,4,20,3,0.005,0.001,0.1,0.6174358696064624,69.39427118643773,97.61352133750916,26.781308765595323,0.8513110380506073,90.03385755835906,0.5486604593399766,10.0
real_estate,outer_1,streed,4,20,3,0.005,0.001,0.001,0.4709537729729477,92.98447412773508,104.94074296951294,25.36788775803516,0.8591583058690333,91.02639833365474,0.5436848544980101,10.0
real_estate,outer_1,streed,4,20,3,0.005,0.0001,0.1,0.5252921423142508,82.5535088915239,98.72291994094849,26.48653812398537,0.8529475951396487,90.28481874748768,0.547402391420901,10.0
real_estate,outer_1,streed,4,20,3,0.005,0.0001,0.001,0.4668604319088243,93.66043064450098,106.3629207611084,25.117291424690183,0.8605496086242316,92.31129837425505,0.53724365326721,10.0
real_estate,outer_1,streed,4,20,3,0.005,1e-05,0.1,0.524896586470479,82.6114972075283,98.75614857673644,26.449870400332077,0.8531511731579888,90.33620172322028,0.5471448086704354,10.0
real_estate,outer_1,streed,4,20,3,0.005,1e-05,0.001,0.4699432555352446,92.99256444100268,106.8359398841858,25.10058849038565,0.860642342776434,92.6001841350583,0.5357954695492164,10.0
real_estate,outer_1,streed,4,20,3,0.003,0.1,0.1,0.6321378158285583,67.20106855760606,89.4330084323883,34.32699839639605,0.8094176127435743,84.6925518638077,0.5754364136762768,10.0
real_estate,outer_1,streed,4,20,3,0.003,0.1,0.001,0.6242998225221524,68.68097661273929,91.0905373096466,33.32146303543375,0.8150003126158435,84.54082673351003,0.5761970114388546,10.0
real_estate,outer_1,streed,4,20,3,0.003,0.01,0.1,0.6215918987931089,68.71676210340895,97.57704424858092,28.13365734342309,0.843802842391056,89.65316317542846,0.5505688794897228,10.0
real_estate,outer_1,streed,4,20,3,0.003,0.01,0.001,0.6188034538858411,69.07525795929416,107.4035975933075,27.009225556901413,0.8500456513808686,90.10153580297607,0.5483211884404894,10.0
real_estate,outer_1,streed,4,20,3,0.003,0.001,0.1,0.6174358696064624,69.39427118643773,101.15892004966736,26.781308765595323,0.8513110380506073,90.03385755835906,0.5486604593399766,10.0
real_estate,outer_1,streed,4,20,3,0.003,0.001,0.001,0.5037321504909604,86.26716719847109,107.74168968200684,25.36788775803516,0.8591583058690333,91.02639833365474,0.5436848544980101,10.0
real_estate,outer_1,streed,4,20,3,0.003,0.0001,0.1,0.5252921423142508,82.5535088915239,101.9695930480957,26.48653812398537,0.8529475951396487,90.28481874748768,0.547402391420901,10.0
real_estate,outer_1,streed,4,20,3,0.003,0.0001,0.001,0.4668604319088243,93.66043064450098,109.90352249145508,25.117291424690183,0.8605496086242316,92.31129837425505,0.53724365326721,10.0
real_estate,outer_1,streed,4,20,3,0.003,1e-05,0.1,0.524896586470479,82.6114972075283,101.9599425792694,26.449870400332077,0.8531511731579888,90.33620172322028,0.5471448086704354,10.0
real_estate,outer_1,streed,4,20,3,0.003,1e-05,0.001,0.4699432555352446,92.99256444100268,110.04917550086977,25.10058849038565,0.860642342776434,92.6001841350583,0.5357954695492164,10.0
real_estate,outer_1,streed,4,20,3,0.001,0.1,0.1,0.6321378158285583,67.20106855760606,93.26347708702087,34.32699839639605,0.8094176127435743,84.6925518638077,0.5754364136762768,10.0
real_estate,outer_1,streed,4,20,3,0.001,0.1,0.001,0.6300626767780849,67.58363034122256,94.02173972129822,33.32146303543375,0.8150003126158435,84.54082673351003,0.5761970114388546,10.0
real_estate,outer_1,streed,4,20,3,0.001,0.01,0.1,0.6215918987931089,68.71676210340895,101.32723355293274,28.13365734342309,0.843802842391056,89.65316317542846,0.5505688794897228,10.0
real_estate,outer_1,streed,4,20,3,0.001,0.01,0.001,0.5695982103070277,79.15893960175653,105.98234534263612,27.009225556901413,0.8500456513808686,90.10153580297607,0.5483211884404894,10.0
real_estate,outer_1,streed,4,20,3,0.001,0.001,0.1,0.5373240234573612,80.82387468843427,104.78330731391908,26.781308765595323,0.8513110380506073,90.03385755835906,0.5486604593399766,10.0
real_estate,outer_1,streed,4,20,3,0.001,0.001,0.001,0.5037321504909604,86.26716719847109,112.20063591003418,25.36788775803516,0.8591583058690333,91.02639833365474,0.5436848544980101,10.0
real_estate,outer_1,streed,4,20,3,0.001,0.0001,0.1,0.4932329580696855,89.68387381027866,105.83135151863098,26.48653812398537,0.8529475951396487,90.28481874748768,0.547402391420901,10.0
real_estate,outer_1,streed,4,20,3,0.001,0.0001,0.001,0.5007383303243939,86.71779775637977,112.6054253578186,25.117291424690183,0.8605496086242316,92.31129837425505,0.53724365326721,10.0
real_estate,outer_1,streed,4,20,3,0.001,1e-05,0.1,0.4853453110157848,91.28360795143482,105.38893342018127,26.449870400332077,0.8531511731579888,90.33620172322028,0.5471448086704354,10.0
real_estate,outer_1,streed,4,20,3,0.001,1e-05,0.001,0.4998732559582461,86.85897838648184,112.94901823997498,25.10058849038565,0.860642342776434,92.6001841350583,0.5357954695492164,10.0
real_estate,outer_1,streed,4,20,3,0.0005,0.1,0.1,0.6321378158285583,67.20106855760606,93.28055548667908,34.32699839639605,0.8094176127435743,84.6925518638077,0.5754364136762768,10.0
real_estate,outer_1,streed,4,20,3,0.0005,0.1,0.001,0.6300626767780849,67.58363034122256,94.56218576431274,33.32146303543375,0.8150003126158435,84.54082673351003,0.5761970114388546,10.0
real_estate,outer_1,streed,4,20,3,0.0005,0.01,0.1,0.6215918987931089,68.71676210340895,101.8656952381134,28.13365734342309,0.843802842391056,89.65316317542846,0.5505688794897228,10.0
real_estate,outer_1,streed,4,20,3,0.0005,0.01,0.001,0.5695982103070277,79.15893960175653,106.54445719718932,27.009225556901413,0.8500456513808686,90.10153580297607,0.5483211884404894,10.0
real_estate,outer_1,streed,4,20,3,0.0005,0.001,0.1,0.4965641917234321,89.17682931504741,106.73998928070068,26.781308765595323,0.8513110380506073,90.03385755835906,0.5486604593399766,10.0
real_estate,outer_1,streed,4,20,3,0.0005,0.001,0.001,0.5037321504909604,86.26716719847109,113.50935387611388,25.36788775803516,0.8591583058690333,91.02639833365474,0.5436848544980101,10.0
real_estate,outer_1,streed,4,20,3,0.0005,0.0001,0.1,0.4932329580696855,89.68387381027866,107.42647361755373,26.48653812398537,0.8529475951396487,90.28481874748768,0.547402391420901,10.0
real_estate,outer_1,streed,4,20,3,0.0005,0.0001,0.001,0.5007383303243939,86.71779775637977,116.00306272506714,25.117291424690183,0.8605496086242316,92.31129837425505,0.53724365326721,10.0
real_estate,outer_1,streed,4,20,3,0.0005,1e-05,0.1,0.4853453110157848,91.28360795143482,112.8230164051056,26.449870400332077,0.8531511731579888,90.33620172322028,0.5471448086704354,10.0
real_estate,outer_1,streed,4,20,3,0.0005,1e-05,0.001,0.4998732559582461,86.85897838648184,113.96716785430908,25.10058849038565,0.860642342776434,92.6001841350583,0.5357954695492164,10.0
real_estate,outer_1,streed,4,20,3,0.0001,0.1,0.1,0.6321378158285583,67.20106855760606,94.14528226852416,34.32699839639605,0.8094176127435743,84.6925518638077,0.5754364136762768,10.0
real_estate,outer_1,streed,4,20,3,0.0001,0.1,0.001,0.6300626767780849,67.58363034122256,95.29039883613586,33.32146303543375,0.8150003126158435,84.54082673351003,0.5761970114388546,10.0
real_estate,outer_1,streed,4,20,3,0.0001,0.01,0.1,0.6215918987931089,68.71676210340895,102.70781755447388,28.13365734342309,0.843802842391056,89.65316317542846,0.5505688794897228,10.0
real_estate,outer_1,streed,4,20,3,0.0001,0.01,0.001,0.5695982103070277,79.15893960175653,107.06600046157835,27.009225556901413,0.8500456513808686,90.10153580297607,0.5483211884404894,10.0
real_estate,outer_1,streed,4,20,3,0.0001,0.001,0.1,0.4965641917234321,89.17682931504741,106.34813618659972,26.781308765595323,0.8513110380506073,90.03385755835906,0.5486604593399766,10.0
real_estate,outer_1,streed,4,20,3,0.0001,0.001,0.001,0.5037321504909604,86.26716719847109,113.81387996673584,25.36788775803516,0.8591583058690333,91.02639833365474,0.5436848544980101,10.0
real_estate,outer_1,streed,4,20,3,0.0001,0.0001,0.1,0.4932329580696855,89.68387381027866,107.28608083724976,26.48653812398537,0.8529475951396487,90.28481874748768,0.547402391420901,10.0
real_estate,outer_1,streed,4,20,3,0.0001,0.0001,0.001,0.5007383303243939,86.71779775637977,115.01132678985596,25.117291424690183,0.8605496086242316,92.31129837425505,0.53724365326721,10.0
real_estate,outer_1,streed,4,20,3,0.0001,1e-05,0.1,0.4853453110157848,91.28360795143482,107.05347037315369,26.449870400332077,0.8531511731579888,90.33620172322028,0.5471448086704354,10.0
real_estate,outer_1,streed,4,20,3,0.0001,1e-05,0.001,0.4998732559582461,86.85897838648184,114.99002170562744,25.10058849038565,0.860642342776434,92.6001841350583,0.5357954695492164,10.0
real_estate,outer_2,streed,4,20,3,0.1,0.1,0.1,0.5643022765705793,83.42070062020483,22.467002868652344,76.00545366163264,0.5877538896197613,85.22922831771683,0.5250538325833551,1.0
real_estate,outer_2,streed,4,20,3,0.1,0.1,0.001,0.5642260231242004,83.40872804853443,21.26692056655884,75.78207350137916,0.588965481653809,84.48123685067338,0.529222070258913,1.0
real_estate,outer_2,streed,4,20,3,0.1,0.01,0.1,0.5496264958948199,85.71143130224782,20.90338683128357,76.33107243764569,0.5859877653824697,84.83791204092783,0.5272344714272956,1.0
real_estate,outer_2,streed,4,20,3,0.1,0.01,0.001,0.5433946166894975,86.74339511826429,19.602219581604004,76.58947017125897,0.5845862414722596,84.69908729085108,0.5280080825967612,1.0
real_estate,outer_2,streed,4,20,3,0.1,0.001,0.1,0.5430215591140014,86.86729748140728,20.615505695343018,76.48245657307629,0.585166672710852,84.93071508462604,0.5267173196144836,1.0
real_estate,outer_2,streed,4,20,3,0.1,0.001,0.001,0.6041574748534831,75.52709781345426,19.177468061447144,57.4376739208636,0.6884637019788316,67.81779652701739,0.6220803217520952,2.0
real_estate,outer_2,streed,4,20,3,0.1,0.0001,0.1,0.5421226364694132,87.02643943192948,20.67504191398621,76.49912041416559,0.5850762896746078,84.94155839089466,0.5266568944897225,1.0
real_estate,outer_2,streed,4,20,3,0.1,0.0001,0.001,0.6395027999161331,70.38703128023984,19.10273814201355,57.3944782780482,0.6886979908999306,67.6926363368107,0.6227777861528078,2.0
real_estate,outer_2,streed,4,20,3,0.1,1e-05,0.1,0.5420296230328562,87.04292211819178,20.610934019088745,76.50080269280751,0.5850671651605986,84.94265904514207,0.5266507610126656,1.0
real_estate,outer_2,streed,4,20,3,0.1,1e-05,0.001,0.6394544601324639,70.3936863210518,19.139320135116577,57.39134538499554,0.6887149834039283,67.6816884797986,0.6228387938943062,2.0
real_estate,outer_2,streed,4,20,3,0.08,0.1,0.1,0.5949873514159164,78.34088268983042,50.95195484161377,62.714031641664654,0.6598452562938875,72.74493685130689,0.5946234685159988,2.0
real_estate,outer_2,streed,4,20,3,0.08,0.1,0.001,0.5942038217744164,78.53495908270261,48.95073628425598,62.549092830188734,0.6607398681961385,71.77672810759832,0.6000188832247823,2.0
real_estate,outer_2,streed,4,20,3,0.08,0.01,0.1,0.5580033403226734,84.31937243306275,46.75297021865845,59.48011715887986,0.6773856905996342,71.12750393570607,0.603636732855956,2.0
real_estate,outer_2,streed,4,20,3,0.08,0.01,0.001,0.5480392353120843,86.06854046139948,42.9368588924408,58.4447599608119,0.6830013662807223,69.77137023399497,0.6111938880343555,2.0
real_estate,outer_2,streed,4,20,3,0.08,0.001,0.1,0.5520907087251702,85.27141899565113,46.82371926307678,58.02671650456904,0.685268792899518,68.80338183957937,0.6165880748304351,2.0
real_estate,outer_2,streed,4,20,3,0.08,0.001,0.001,0.6399042149282078,70.33316135334314,26.017311811447144,57.4376739208636,0.6884637019788316,67.81779652701739,0.6220803217520952,2.0
real_estate,outer_2,streed,4,20,3,0.08,0.0001,0.1,0.551449629264284,85.36736727710563,46.681516885757446,57.89893106596486,0.6859618885589733,68.57257403745784,0.6178742683486824,2.0
real_estate,outer_2,streed,4,20,3,0.08,0.0001,0.001,0.6395027999161331,70.38703128023984,24.63774085044861,57.3944782780482,0.6886979908999306,67.6926363368107,0.6227777861528078,2.0
real_estate,outer_2,streed,4,20,3,0.08,1e-05,0.1,0.5513855204110231,85.3768259300768,44.68983769416809,57.88656337582205,0.6860289696947357,68.55079745702888,0.6179956199509242,2.0
real_estate,outer_2,streed,4,20,3,0.08,1e-05,0.001,0.6394544601324639,70.3936863210518,24.54375410079956,57.39134538499554,0.6887149834039283,67.6816884797986,0.6228387938943062,2.0
real_estate,outer_2,streed,4,20,3,0.05,0.1,0.1,0.6037226528849783,76.69365543542445,74.17633843421936,62.714031641664654,0.6598452562938875,72.74493685130689,0.5946234685159988,2.0
real_estate,outer_2,streed,4,20,3,0.05,0.1,0.001,0.602835898923404,76.8989357488823,73.64448165893555,62.549092830188734,0.6607398681961385,71.77672810759832,0.6000188832247823,2.0
real_estate,outer_2,streed,4,20,3,0.05,0.01,0.1,0.5738947760811623,82.042890023488,70.7455689907074,59.48011715887986,0.6773856905996342,71.12750393570607,0.603636732855956,2.0
real_estate,outer_2,streed,4,20,3,0.05,0.01,0.001,0.5616754618063908,83.9118429721546,70.22983407974243,58.4447599608119,0.6830013662807223,69.77137023399497,0.6111938880343555,2.0
real_estate,outer_2,streed,4,20,3,0.05,0.001,0.1,0.5650036027782526,83.52890852568635,71.05799126625061,58.02671650456904,0.685268792899518,68.80338183957937,0.6165880748304351,2.0
real_estate,outer_2,streed,4,20,3,0.05,0.001,0.001,0.5490962872745455,85.53325383393576,70.77557182312012,57.4376739208636,0.6884637019788316,67.81779652701739,0.6220803217520952,2.0
real_estate,outer_2,streed,4,20,3,0.05,0.0001,0.1,0.5645266259416327,83.59231061060989,71.11827373504639,57.89893106596486,0.6859618885589733,68.57257403745784,0.6178742683486824,2.0
real_estate,outer_2,streed,4,20,3,0.05,0.0001,0.001,0.5457581467242819,86.06245546414134,70.7222044467926,57.3944782780482,0.6886979908999306,67.6926363368107,0.6227777861528078,2.0
real_estate,outer_2,streed,4,20,3,0.05,1e-05,0.1,0.5643675459318666,83.61871109339823,71.47359466552734,57.88656337582205,0.6860289696947357,68.55079745702888,0.6179956199509242,2.0
real_estate,outer_2,streed,4,20,3,0.05,1e-05,0.001,0.5454089532489992,86.11749614643391,70.82788586616516,57.39134538499554,0.6887149834039283,67.6816884797986,0.6228387938943062,2.0
real_estate,outer_2,streed,4,20,3,0.03,0.1,0.1,0.6110405002431759,75.63038549461815,73.22775912284851,50.0927693272875,0.72830174259228,69.72788158751004,0.6114362317277322,4.0
real_estate,outer_2,streed,4,20,3,0.03,0.1,0.001,0.5992309088072293,77.8078052236793,72.44658708572388,49.70753026494473,0.730391241402778,69.25519084017272,0.614070335816816,4.0
real_estate,outer_2,streed,4,20,3,0.03,0.01,0.1,0.5594646845656285,84.33421354824661,74.51713299751282,38.09909568631928,0.7933542496093526,66.75396070170082,0.6280086254334463,5.0
real_estate,outer_2,streed,4,20,3,0.03,0.01,0.001,0.5501795060767508,86.00917825606092,74.86309790611267,36.77760035970527,0.8005219103762706,63.007143946787,0.6488880384339377,5.0
real_estate,outer_2,streed,4,20,3,0.03,0.001,0.1,0.4920314089107853,95.56906721079106,75.60690927505493,36.44390916315432,0.8023318186291529,63.43002548206194,0.6465314998565685,5.0
real_estate,outer_2,streed,4,20,3,0.03,0.001,0.001,0.479134422340963,97.67283949079352,77.53065919876099,35.13181940002144,0.8094484645441856,64.61707410245279,0.6399165837776599,5.0
real_estate,outer_2,streed,4,20,3,0.03,0.0001,0.1,0.4845515092231434,96.82909956272388,75.57559537887573,36.26813771327328,0.8032851856974155,63.62134389905063,0.645465363852541,5.0
real_estate,outer_2,streed,4,20,3,0.03,0.0001,0.001,0.4692448702568064,99.30203470551112,77.83635234832764,34.902185501287285,0.8106939762410967,65.54099651554337,0.6347679579159788,5.0
real_estate,outer_2,streed,4,20,3,0.03,1e-05,0.1,0.4838123787207056,96.95491972377256,76.69863224029541,36.18977533418425,0.8037102155396609,63.71508286916544,0.6449429965206717,5.0
real_estate,outer_2,streed,4,20,3,0.03,1e-05,0.001,0.4684091123190801,99.4432244054272,78.08743596076965,34.890225964983706,0.8107588435905511,65.67347597186277,0.6340297063644597,5.0
real_estate,outer_2,streed,4,20,3,0.01,0.1,0.1,0.6066897039514466,76.0017817762424,75.66639566421509,38.6105668956912,0.7905800800402354,64.67209288568093,0.6396099875459924,7.0
real_estate,outer_2,streed,4,20,3,0.01,0.1,0.001,0.6045315609066041,76.40988215366248,76.35155892372131,37.586668838874935,0.7961336024654487,64.15335155073973,0.6425007119344908,7.0
real_estate,outer_2,streed,4,20,3,0.01,0.01,0.1,0.5115974714547128,91.73802883058742,82.41788864135742,32.45714290082245,0.8239556469922895,65.18902336812077,0.6367293542667563,7.0
real_estate,outer_2,streed,4,20,3,0.01,0.01,0.001,0.4902642698544122,95.74230756230205,85.1372663974762,30.568160266696008,0.8342013031390345,63.92757535070278,0.6437588664786302,7.0
real_estate,outer_2,streed,4,20,3,0.01,0.001,0.1,0.4601109572541068,100.47902396582738,84.88257622718811,28.579407390197467,0.8449881032743766,62.161153618048274,0.6536023820017121,8.0
real_estate,outer_2,streed,4,20,3,0.01,0.001,0.001,0.4165989154359604,108.58868521185632,88.84513187408447,26.756385097334352,0.8548759970130947,67.10345129279126,0.6260610633111212,8.0
real_estate,outer_2,streed,4,20,3,0.01,0.0001,0.1,0.4490571821155484,102.43214864988086,85.06586003303528,28.396299704753044,0.8459812613632849,62.27421953280817,0.6529723138438674,8.0
real_estate,outer_2,streed,4,20,3,0.01,0.0001,0.001,0.4036341611470533,110.87804603921025,89.58003616333008,26.592937258761577,0.855762522024861,70.85165142238482,0.6051739413530901,8.0
real_estate,outer_2,streed,4,20,3,0.01,1e-05,0.1,0.4479886852004682,102.61723964653096,85.70319437980652,28.375606620532263,0.8460934986182556,62.29314289524777,0.6528668620095293,8.0
real_estate,outer_2,streed,4,20,3,0.01,1e-05,0.001,0.4024835463677333,111.09360047903704,93.08899474143982,26.580697251525784,0.8558289106210852,70.8757343801154,0.6050397372930514,8.0
real_estate,outer_2,streed,4,20,3,0.008,0.1,0.1,0.6066897039514466,76.0017817762424,76.29858469963074,37.22543740909014,0.798092886236569,63.72226066613758,0.6449029977170957,8.0
real_estate,outer_2,streed,4,20,3,0.008,0.1,0.001,0.6045315609066041,76.40988215366248,77.31730937957764,37.586668838874935,0.7961336024654487,64.15335155073973,0.6425007119344908,7.0
real_estate,outer_2,streed,4,20,3,0.008,0.01,0.1,0.5115974714547128,91.73802883058742,82.99412107467651,30.73140232624808,0.8333158942524512,63.653619962422965,0.6452855031064031,8.0
real_estate,outer_2,streed,4,20,3,0.008,0.01,0.001,0.4892539189496813,95.88910971518698,86.54749965667725,26.956777609598447,0.8537890877223748,66.8389726488893,0.6275348900811646,9.0
real_estate,outer_2,streed,4,20,3,0.008,0.001,0.1,0.4591914420160516,100.68461770916576,86.70447397232056,28.579407390197467,0.8449881032743766,62.161153618048274,0.6536023820017121,8.0
real_estate,outer_2,streed,4,20,3,0.008,0.001,0.001,0.4148163411467269,108.84769002108796,91.48843836784364,25.045482479228667,0.8641557646557352,65.93834911167079,0.6325536812368535,9.0
real_estate,outer_2,streed,4,20,3,0.008,0.0001,0.1,0.4490571821155484,102.43214864988086,86.2340989112854,28.396299704753044,0.8459812613632849,62.27421953280817,0.6529723138438674,8.0
real_estate,outer_2,streed,4,20,3,0.008,0.0001,0.001,0.4018468187651989,111.13774364364662,92.50865340232848,24.88212259963769,0.8650418125866295,69.69636559924977,0.6116118568991904,9.0
real_estate,outer_2,streed,4,20,3,0.008,1e-05,0.1,0.4479886852004682,102.61723964653096,86.2597484588623,28.375606620532263,0.8460934986182556,62.29314289524777,0.6528668620095293,8.0
real_estate,outer_2,streed,4,20,3,0.008,1e-05,0.001,0.4006957144802275,111.3533692077562,93.0818407535553,24.86984804364996,0.8651083885718884,69.72143229081618,0.611472170909721,9.0
real_estate,outer_2,streed,4,20,3,0.005,0.1,0.1,0.605871405141832,76.18474461195773,78.9311671257019,36.37740053709026,0.8026925548800502,65.76841524204049,0.6335006502718695,9.0
real_estate,outer_2,streed,4,20,3,0.005,0.1,0.001,0.5886894678272997,79.95200422374191,80.04200839996338,35.31115131082737,0.8084757858858104,65.38214974486343,0.6356531432735151,9.0
real_estate,outer_2,streed,4,20,3,0.005,0.01,0.1,0.5012853273746067,94.0437136257172,86.21148896217346,29.57893383663012,0.8395667700684931,66.95690469398696,0.6268777050527381,9.0
real_estate,outer_2,streed,4,20,3,0.005,0.01,0.001,0.4892539189496813,95.88910971518698,90.60098099708556,26.956777609598447,0.8537890877223748,66.8389726488893,0.6275348900811646,9.0
real_estate,outer_2,streed,4,20,3,0.005,0.001,0.1,0.4513265942176119,102.38251907333506,89.92041277885437,27.144421657030723,0.852771324851906,69.25525791103831,0.6140699620594656,9.0
real_estate,outer_2,streed,4,20,3,0.005,0.001,0.001,0.4148163411467269,108.84769002108796,96.0722839832306,25.045482479228667,0.8641557646557352,65.93834911167079,0.6325536812368535,9.0
real_estate,outer_2,streed,4,20,3,0.005,0.0001,0.1,0.4421529659788263,103.92407722034127,90.2071430683136,26.90009630325025,0.8540965215570223,69.29823468431859,0.6138304708173145,9.0
real_estate,outer_2,streed,4,20,3,0.005,0.0001,0.001,0.4018468187651989,111.13774364364662,97.74053359031676,24.88212259963769,0.8650418125866295,69.69636559924977,0.6116118568991904,9.0
real_estate,outer_2,streed,4,20,3,0.005,1e-05,0.1,0.4411744374969181,104.08839369180444,90.1722640991211,26.88770357761716,0.8541637384828235,69.31080963717184,0.6137603959641099,9.0
real_estate,outer_2,streed,4,20,3,0.005,1e-05,0.001,0.4006957144802275,111.3533692077562,98.22706341743468,24.86984804364996,0.8651083885718884,69.72143229081618,0.611472170909721,9.0
real_estate,outer_2,streed,4,20,3,0.003,0.1,0.1,0.6095825518940892,75.35497200863634,81.64329719543457,36.37740053709026,0.8026925548800502,65.76841524204049,0.6335006502718695,9.0
real_estate,outer_2,streed,4,20,3,0.003,0.1,0.001,0.6069178004593011,75.87634458752191,82.83279943466187,35.31115131082737,0.8084757858858104,65.38214974486343,0.6356531432735151,9.0
real_estate,outer_2,streed,4,20,3,0.003,0.01,0.1,0.5012853273746067,94.0437136257172,89.1664342880249,29.57893383663012,0.8395667700684931,66.95690469398696,0.6268777050527381,9.0
real_estate,outer_2,streed,4,20,3,0.003,0.01,0.001,0.491564529769076,95.37248192252274,93.55571222305298,26.956777609598447,0.8537890877223748,66.8389726488893,0.6275348900811646,9.0
real_estate,outer_2,streed,4,20,3,0.003,0.001,0.1,0.4513265942176119,102.38251907333506,92.54537963867188,27.144421657030723,0.852771324851906,69.25525791103831,0.6140699620594656,9.0
real_estate,outer_2,streed,4,20,3,0.003,0.001,0.001,0.4148163411467269,108.84769002108796,99.68771314620972,25.045482479228667,0.8641557646557352,65.93834911167079,0.6325536812368535,9.0
real_estate,outer_2,streed,4,20,3,0.003,0.0001,0.1,0.4421529659788263,103.92407722034127,92.31830596923828,26.90009630325025,0.8540965215570223,69.29823468431859,0.6138304708173145,9.0
real_estate,outer_2,streed,4,20,3,0.003,0.0001,0.001,0.4018468187651989,111.13774364364662,102.5564341545105,24.88212259963769,0.8650418125866295,69.69636559924977,0.6116118568991904,9.0
real_estate,outer_2,streed,4,20,3,0.003,1e-05,0.1,0.4411744374969181,104.08839369180444,92.08223485946657,26.88770357761716,0.8541637384828235,69.31080963717184,0.6137603959641099,9.0
real_estate,outer_2,streed,4,20,3,0.003,1e-05,0.001,0.4006957144802275,111.3533692077562,100.92775297164916,24.86984804364996,0.8651083885718884,69.72143229081618,0.611472170909721,9.0
real_estate,outer_2,streed,4,20,3,0.001,0.1,0.1,0.6095825518940892,75.35497200863634,83.80102610588074,36.37740053709026,0.8026925548800502,65.76841524204049,0.6335006502718695,9.0
real_estate,outer_2,streed,4,20,3,0.001,0.1,0.001,0.5855971569640784,78.97419539493488,85.08336877822876,35.31115131082737,0.8084757858858104,65.38214974486343,0.6356531432735151,9.0
real_estate,outer_2,streed,4,20,3,0.001,0.01,0.1,0.5012853273746067,94.0437136257172,91.44326996803284,29.57893383663012,0.8395667700684931,66.95690469398696,0.6268777050527381,9.0
real_estate,outer_2,streed,4,20,3,0.001,0.01,0.001,0.491564529769076,95.37248192252274,96.87624645233154,26.956777609598447,0.8537890877223748,66.8389726488893,0.6275348900811646,9.0
real_estate,outer_2,streed,4,20,3,0.001,0.001,0.1,0.4513265942176119,102.38251907333506,95.1090579032898,27.144421657030723,0.852771324851906,69.25525791103831,0.6140699620594656,9.0
real_estate,outer_2,streed,4,20,3,0.001,0.001,0.001,0.4148163411467269,108.84769002108796,102.64125871658324,25.045482479228667,0.8641557646557352,65.93834911167079,0.6325536812368535,9.0
real_estate,outer_2,streed,4,20,3,0.001,0.0001,0.1,0.4421529659788263,103.92407722034127,94.67666053771973,26.90009630325025,0.8540965215570223,69.29823468431859,0.6138304708173145,9.0
real_estate,outer_2,streed,4,20,3,0.001,0.0001,0.001,0.4018468187651989,111.13774364364662,104.87311267852785,24.88212259963769,0.8650418125866295,69.69636559924977,0.6116118568991904,9.0
real_estate,outer_2,streed,4,20,3,0.001,1e-05,0.1,0.4411744374969181,104.08839369180444,95.00606441497804,26.88770357761716,0.8541637384828235,69.31080963717184,0.6137603959641099,9.0
real_estate,outer_2,streed,4,20,3,0.001,1e-05,0.001,0.4006957144802275,111.3533692077562,104.7245545387268,24.86984804364996,0.8651083885718884,69.72143229081618,0.611472170909721,9.0
real_estate,outer_2,streed,4,20,3,0.0005,0.1,0.1,0.6158140547127078,74.21808952225433,84.23497366905212,36.37740053709026,0.8026925548800502,65.76841524204049,0.6335006502718695,9.0
real_estate,outer_2,streed,4,20,3,0.0005,0.1,0.001,0.5855971569640784,78.97419539493488,85.50263619422913,35.31115131082737,0.8084757858858104,65.38214974486343,0.6356531432735151,9.0
real_estate,outer_2,streed,4,20,3,0.0005,0.01,0.1,0.5012853273746067,94.0437136257172,92.42814636230467,29.57893383663012,0.8395667700684931,66.95690469398696,0.6268777050527381,9.0
real_estate,outer_2,streed,4,20,3,0.0005,0.01,0.001,0.491564529769076,95.37248192252274,97.06341552734376,26.956777609598447,0.8537890877223748,66.8389726488893,0.6275348900811646,9.0
real_estate,outer_2,streed,4,20,3,0.0005,0.001,0.1,0.4513265942176119,102.38251907333506,95.26062726974487,27.144421657030723,0.852771324851906,69.25525791103831,0.6140699620594656,9.0
real_estate,outer_2,streed,4,20,3,0.0005,0.001,0.001,0.4148163411467269,108.84769002108796,103.67078280448914,25.045482479228667,0.8641557646557352,65.93834911167079,0.6325536812368535,9.0
real_estate,outer_2,streed,4,20,3,0.0005,0.0001,0.1,0.4421529659788263,103.92407722034127,95.6729657649994,26.90009630325025,0.8540965215570223,69.29823468431859,0.6138304708173145,9.0
real_estate,outer_2,streed,4,20,3,0.0005,0.0001,0.001,0.4018468187651989,111.13774364364662,105.27407050132751,24.88212259963769,0.8650418125866295,69.69636559924977,0.6116118568991904,9.0
real_estate,outer_2,streed,4,20,3,0.0005,1e-05,0.1,0.4411744374969181,104.08839369180444,95.58660459518433,26.88770357761716,0.8541637384828235,69.31080963717184,0.6137603959641099,9.0
real_estate,outer_2,streed,4,20,3,0.0005,1e-05,0.001,0.4006957144802275,111.3533692077562,109.87001729011536,24.86984804364996,0.8651083885718884,69.72143229081618,0.611472170909721,9.0
real_estate,outer_2,streed,4,20,3,0.0001,0.1,0.1,0.6158140547127078,74.21808952225433,88.55313992500305,36.37740053709026,0.8026925548800502,65.76841524204049,0.6335006502718695,9.0
real_estate,outer_2,streed,4,20,3,0.0001,0.1,0.001,0.5855971569640784,78.97419539493488,89.33497166633606,35.31115131082737,0.8084757858858104,65.38214974486343,0.6356531432735151,9.0
real_estate,outer_2,streed,4,20,3,0.0001,0.01,0.1,0.5012853273746067,94.0437136257172,96.03233695030212,29.57893383663012,0.8395667700684931,66.95690469398696,0.6268777050527381,9.0
real_estate,outer_2,streed,4,20,3,0.0001,0.01,0.001,0.491564529769076,95.37248192252274,99.54688692092896,26.956777609598447,0.8537890877223748,66.8389726488893,0.6275348900811646,9.0
real_estate,outer_2,streed,4,20,3,0.0001,0.001,0.1,0.4513265942176119,102.38251907333506,96.38510966300964,27.144421657030723,0.852771324851906,69.25525791103831,0.6140699620594656,9.0
real_estate,outer_2,streed,4,20,3,0.0001,0.001,0.001,0.4148163411467269,108.84769002108796,104.76731443405151,25.045482479228667,0.8641557646557352,65.93834911167079,0.6325536812368535,9.0
real_estate,outer_2,streed,4,20,3,0.0001,0.0001,0.1,0.4421529659788263,103.92407722034127,96.66388034820557,26.90009630325025,0.8540965215570223,69.29823468431859,0.6138304708173145,9.0
real_estate,outer_2,streed,4,20,3,0.0001,0.0001,0.001,0.4018468187651989,111.13774364364662,106.18597769737244,24.88212259963769,0.8650418125866295,69.69636559924977,0.6116118568991904,9.0
real_estate,outer_2,streed,4,20,3,0.0001,1e-05,0.1,0.4411744374969181,104.08839369180444,96.9035623073578,26.88770357761716,0.8541637384828235,69.31080963717184,0.6137603959641099,9.0
real_estate,outer_2,streed,4,20,3,0.0001,1e-05,0.001,0.4006957144802275,111.3533692077562,106.67333030700684,24.86984804364996,0.8651083885718884,69.72143229081618,0.611472170909721,9.0
real_estate,outer_3,streed,4,20,3,0.1,0.1,0.1,0.6025757915708227,79.63016141737972,23.815236568450928,81.43103800128084,0.5867752366907866,62.71942614957548,0.5281185588919435,1.0
real_estate,outer_3,streed,4,20,3,0.1,0.1,0.001,0.6050724336969954,79.17391662607217,22.551260471343998,81.2304306644552,0.5877932259159339,63.01882136899619,0.5258660024469246,1.0
real_estate,outer_3,streed,4,20,3,0.1,0.01,0.1,0.6019873192417649,79.69729978777129,21.95647644996643,81.44350435231087,0.5867119757391868,64.61629086379149,0.5138471391758794,1.0
real_estate,outer_3,streed,4,20,3,0.1,0.01,0.001,0.606179158321532,78.86422186382724,20.99791622161865,82.2425897143356,0.5826569880134829,66.25614597641118,0.5015093797087253,1.0
real_estate,outer_3,streed,4,20,3,0.1,0.001,0.1,0.6112322779717924,77.98271818477794,21.754924297332764,82.0985640866345,0.5833878512982701,65.91917031197518,0.5040446797252336,1.0
real_estate,outer_3,streed,4,20,3,0.1,0.001,0.001,0.6693128868946774,66.04198107356474,20.607022762298584,60.61260204844847,0.692419146927346,55.13213141692292,0.5852030029367156,2.0
real_estate,outer_3,streed,4,20,3,0.1,0.0001,0.1,0.6115783693194761,77.91749734674501,21.95975971221924,61.19845384488717,0.6894462206837453,54.21599661028415,0.5920957160775369,2.0
real_estate,outer_3,streed,4,20,3,0.1,0.0001,0.001,0.6689512381797423,66.08777309223144,20.62590432167053,60.56163705580184,0.6926777706357056,55.47729317188352,0.5826061133229974,2.0
real_estate,outer_3,streed,4,20,3,0.1,1e-05,0.1,0.6116138792911833,77.91080869721566,21.90225195884705,61.18421059483098,0.6895184985740643,54.23544967867681,0.5919493572456622,2.0
real_estate,outer_3,streed,4,20,3,0.1,1e-05,0.001,0.6689009272332703,66.09492576391743,20.68031454086304,60.558063164109065,0.6926959064790533,55.51487697301724,0.5823233445011176,2.0
real_estate,outer_3,streed,4,20,3,0.08,0.1,0.1,0.6239977678894916,74.85557006524955,52.50166201591492,65.62298079388745,0.6669937977976816,60.65544870950516,0.5436472827439791,2.0
real_estate,outer_3,streed,4,20,3,0.08,0.1,0.001,0.6282932770855083,73.99838863637207,50.65192222595215,65.46546175887345,0.6677931338685215,60.34652165536986,0.5459715537466343,2.0
real_estate,outer_3,streed,4,20,3,0.08,0.01,0.1,0.6298037667822851,73.49749040052033,49.244117975234985,65.99752034886383,0.6650931832070556,60.75033180578462,0.5429334118596638,2.0
real_estate,outer_3,streed,4,20,3,0.08,0.01,0.001,0.6351032124422695,72.41754595404824,44.71307873725891,61.95875573986725,0.6855880410717925,53.4232567598856,0.5980600439739328,2.0
real_estate,outer_3,streed,4,20,3,0.08,0.001,0.1,0.6422658970626127,71.06585640077891,49.43779754638672,61.32141579452333,0.6888222457992099,54.06055271836767,0.5932652275388514,2.0
real_estate,outer_3,streed,4,20,3,0.08,0.001,0.001,0.6693128868946774,66.04198107356474,26.860240936279297,60.61260204844847,0.692419146927346,55.13213141692292,0.5852030029367156,2.0
real_estate,outer_3,streed,4,20,3,0.08,0.0001,0.1,0.6430680550606606,70.89898612329036,47.118953466415405,61.19845384488717,0.6894462206837453,54.21599661028415,0.5920957160775369,2.0
real_estate,outer_3,streed,4,20,3,0.08,0.0001,0.001,0.6689512381797423,66.08777309223144,25.349032163619995,60.56163705580184,0.6926777706357056,55.47729317188352,0.5826061133229974,2.0
real_estate,outer_3,streed,4,20,3,0.08,1e-05,0.1,0.6431508207878468,70.88176497582097,47.04731249809265,61.18421059483098,0.6895184985740643,54.23544967867681,0.5919493572456622,2.0
real_estate,outer_3,streed,4,20,3,0.08,1e-05,0.001,0.6689009272332703,66.09492576391743,25.337377309799194,60.558063164109065,0.6926959064790533,55.51487697301724,0.5823233445011176,2.0
real_estate,outer_3,streed,4,20,3,0.05,0.1,0.1,0.6390996140734936,71.2437770126444,79.94712948799133,65.62298079388745,0.6669937977976816,60.65544870950516,0.5436472827439791,2.0
real_estate,outer_3,streed,4,20,3,0.05,0.1,0.001,0.6154956443205971,76.31259376027812,78.88067674636841,65.46546175887345,0.6677931338685215,60.34652165536986,0.5459715537466343,2.0
real_estate,outer_3,streed,4,20,3,0.05,0.01,0.1,0.6185323624331649,75.53570654388942,75.05552387237549,65.99752034886383,0.6650931832070556,60.75033180578462,0.5429334118596638,2.0
real_estate,outer_3,streed,4,20,3,0.05,0.01,0.001,0.6146241675770742,76.20098287848273,75.6840751171112,61.95875573986725,0.6855880410717925,53.4232567598856,0.5980600439739328,2.0
real_estate,outer_3,streed,4,20,3,0.05,0.001,0.1,0.594365883108483,79.7977191783022,76.7511339187622,61.32141579452333,0.6888222457992099,54.06055271836767,0.5932652275388514,2.0
real_estate,outer_3,streed,4,20,3,0.05,0.001,0.001,0.5788159135159381,82.4977174711145,76.7930383682251,60.61260204844847,0.692419146927346,55.13213141692292,0.5852030029367156,2.0
real_estate,outer_3,streed,4,20,3,0.05,0.0001,0.1,0.5914799943176359,80.29855053645711,76.65933108329773,61.19845384488717,0.6894462206837453,54.21599661028415,0.5920957160775369,2.0
real_estate,outer_3,streed,4,20,3,0.05,0.0001,0.001,0.5745750657916197,83.24600522543295,77.07350087165833,60.56163705580184,0.6926777706357056,55.47729317188352,0.5826061133229974,2.0
real_estate,outer_3,streed,4,20,3,0.05,1e-05,0.1,0.590895831872398,80.40278214652379,76.65437507629395,61.18421059483098,0.6895184985740643,54.23544967867681,0.5919493572456622,2.0
real_estate,outer_3,streed,4,20,3,0.05,1e-05,0.001,0.5740745042055346,83.33475636705963,77.20332908630371,60.558063164109065,0.6926959064790533,55.51487697301724,0.5823233445011176,2.0
real_estate,outer_3,streed,4,20,3,0.03,0.1,0.1,0.6328363938278198,72.40550098388418,75.80817461013794,58.298634867002185,0.7041614575293966,54.76383601986779,0.5879739428732733,3.0
real_estate,outer_3,streed,4,20,3,0.03,0.1,0.001,0.6333125233127296,72.30192695496949,75.26116490364075,58.02493517187553,0.7055503565845056,54.61723091233253,0.5890769540719496,3.0
real_estate,outer_3,streed,4,20,3,0.03,0.01,0.1,0.6048652115883231,78.84343038627418,76.99464869499207,38.45807314890366,0.8048431094046208,77.94111478476711,0.4135953113076547,5.0
real_estate,outer_3,streed,4,20,3,0.03,0.01,0.001,0.5985730241129957,79.90878588777282,79.07407236099243,37.620253275426926,0.809094656817141,80.96340974187777,0.3908565047309837,5.0
real_estate,outer_3,streed,4,20,3,0.03,0.001,0.1,0.583807718034228,82.59782872166363,79.74932909011841,37.6649683916658,0.8088677483338688,75.87777963149823,0.4291192027937062,5.0
real_estate,outer_3,streed,4,20,3,0.03,0.001,0.001,0.5659559040510719,85.36399316229584,84.16700172424316,36.31942487048347,0.8156957578583706,89.91811023180928,0.3234841253695616,5.0
real_estate,outer_3,streed,4,20,3,0.03,0.0001,0.1,0.5807838142224278,83.1345847241013,80.3718900680542,36.93409704479802,0.8125765815592806,85.62255509852423,0.3558025452131936,5.0
real_estate,outer_3,streed,4,20,3,0.03,0.0001,0.001,0.5611224323012426,86.24436665441816,85.12478160858154,36.3059098655976,0.8157643402420927,91.83869506627587,0.3090342428515513,5.0
real_estate,outer_3,streed,4,20,3,0.03,1e-05,0.1,0.5804439327702829,83.19497196398929,80.90500926971436,36.92256185623062,0.812635117293105,85.73195141861844,0.3549794813500955,5.0
real_estate,outer_3,streed,4,20,3,0.03,1e-05,0.001,0.5605591261491782,86.34710248436964,84.61005067825317,36.304214949582544,0.8157729411550411,92.04249359102307,0.3075009261830593,5.0
real_estate,outer_3,streed,4,20,3,0.01,0.1,0.1,0.6250529037268007,74.27007449807951,77.52421307563782,44.942828250427645,0.7719359838451588,54.82120474976444,0.5875423184053834,6.0
real_estate,outer_3,streed,4,20,3,0.01,0.1,0.001,0.6192857595268474,75.32958906615848,78.54268097877502,44.37457979550384,0.7748195812921548,54.59087361586292,0.5892752581669541,6.0
real_estate,outer_3,streed,4,20,3,0.01,0.01,0.1,0.6082181137424852,77.92278687177571,85.36203908920288,31.201381196934136,0.8416674565806117,81.53570209979439,0.3865507551543727,8.0
real_estate,outer_3,streed,4,20,3,0.01,0.01,0.001,0.5345282662824276,93.62563790239776,89.05804562568665,32.172382501363586,0.8367400751540176,83.02882248605135,0.3753169820976094,7.0
real_estate,outer_3,streed,4,20,3,0.01,0.001,0.1,0.5210449514152016,96.26116597647888,88.88706970214844,32.037955071133304,0.8374222320367323,88.37002407267254,0.3351314437935333,7.0
real_estate,outer_3,streed,4,20,3,0.01,0.001,0.001,0.473716213798991,105.59059389913084,93.74052023887634,28.623169384459864,0.8547506861712003,94.03019924234071,0.2925460475302235,8.0
real_estate,outer_3,streed,4,20,3,0.01,0.0001,0.1,0.5134165201818949,97.7322136637808,89.62496995925903,29.565444011404555,0.8499690793140536,88.86122163682833,0.3314358262046568,8.0
real_estate,outer_3,streed,4,20,3,0.01,0.0001,0.001,0.4620002049285669,107.8776339806164,98.16593933105467,28.467158668953324,0.8555423682198545,96.33889455200784,0.2751761425950761,8.0
real_estate,outer_3,streed,4,20,3,0.01,1e-05,0.1,0.5126634922445238,97.8800084989346,89.75454688072205,29.551127547143334,0.8500417287325183,88.96294539643614,0.3306704882985959,8.0
real_estate,outer_3,streed,4,20,3,0.01,1e-05,0.001,0.4607561838499763,108.1207937730082,95.7100043296814,28.46310689831091,0.8555629290773088,96.55500615076254,0.2735501861901604,8.0
real_estate,outer_3,streed,4,20,3,0.008,0.1,0.1,0.620856198750324,75.02896767297297,78.07164359092712,44.942828250427645,0.7719359838451588,54.82120474976444,0.5875423184053834,6.0
real_estate,outer_3,streed,4,20,3,0.008,0.1,0.001,0.6170440997816252,75.73495000780628,78.93419647216797,44.37457979550384,0.7748195812921548,54.59087361586292,0.5892752581669541,6.0
real_estate,outer_3,streed,4,20,3,0.008,0.01,0.1,0.6093664409458336,77.71169371132326,86.68070363998413,31.201381196934136,0.8416674565806117,81.53570209979439,0.3865507551543727,8.0
real_estate,outer_3,streed,4,20,3,0.008,0.01,0.001,0.5345282662824276,93.62563790239776,90.4901270866394,30.187068285432492,0.8468146243321778,85.24752290862936,0.35862417068227,8.0
real_estate,outer_3,streed,4,20,3,0.008,0.001,0.1,0.5208899037930924,96.28966786381224,89.90312480926514,30.019079117320207,0.8476670914741369,88.7897064035966,0.3319738845605814,8.0
real_estate,outer_3,streed,4,20,3,0.008,0.001,0.001,0.473716213798991,105.59059389913084,96.40046977996826,28.623169384459864,0.8547506861712003,94.03019924234071,0.2925460475302235,8.0
real_estate,outer_3,streed,4,20,3,0.008,0.0001,0.1,0.5131683628421606,97.7778316000112,90.59983658790588,29.565444011404555,0.8499690793140536,88.86122163682833,0.3314358262046568,8.0
real_estate,outer_3,streed,4,20,3,0.008,0.0001,0.001,0.4620002049285669,107.8776339806164,97.78529524803162,28.467158668953324,0.8555423682198545,96.33889455200784,0.2751761425950761,8.0
real_estate,outer_3,streed,4,20,3,0.008,1e-05,0.1,0.5124020388497291,97.92807060462827,90.79134321212769,29.551127547143334,0.8500417287325183,88.96294539643614,0.3306704882985959,8.0
real_estate,outer_3,streed,4,20,3,0.008,1e-05,0.001,0.4607561838499763,108.1207937730082,97.5717990398407,28.46310689831091,0.8555629290773088,96.55500615076254,0.2735501861901604,8.0
real_estate,outer_3,streed,4,20,3,0.005,0.1,0.1,0.6375499841150539,71.95076136540088,79.86284494400024,42.47226248828309,0.7844729596391549,57.74248068456782,0.5655635475106717,8.0
real_estate,outer_3,streed,4,20,3,0.005,0.1,0.001,0.62711409794723,73.87759094696524,81.15534257888794,41.92874265136512,0.7872310708149053,58.14501246499968,0.5625350236815636,8.0
real_estate,outer_3,streed,4,20,3,0.005,0.01,0.1,0.6083654482758011,77.93479782061674,90.5027515888214,29.87610892448017,0.8483925989163442,76.33386529858649,0.4256877561898887,9.0
real_estate,outer_3,streed,4,20,3,0.005,0.01,0.001,0.5345282662824276,93.62563790239776,94.84146332740784,28.76979881377574,0.8540066098004403,79.8432006479637,0.3992846092917284,9.0
real_estate,outer_3,streed,4,20,3,0.005,0.001,0.1,0.5208899037930924,96.28966786381224,94.2208652496338,28.66223053389041,0.8545524689480849,83.4604744485752,0.3720693670820143,9.0
real_estate,outer_3,streed,4,20,3,0.005,0.001,0.001,0.473716213798991,105.59059389913084,100.43992519378662,27.220364461157224,0.8618692707628841,88.6332713000963,0.3331508535893407,9.0
real_estate,outer_3,streed,4,20,3,0.005,0.0001,0.1,0.5131683628421606,97.7778316000112,95.32133436203004,28.23396839132513,0.8567257007628758,83.52326921534862,0.371596918801502,9.0
real_estate,outer_3,streed,4,20,3,0.005,0.0001,0.001,0.4620002049285669,107.8776339806164,101.92343926429749,27.063042039948524,0.8626676091098198,90.93778865029816,0.315812382320832,9.0
real_estate,outer_3,streed,4,20,3,0.005,1e-05,0.1,0.5124020388497291,97.92807060462827,95.43897914886476,28.219373251121983,0.8567997643325409,83.62385665727294,0.370840130196016,9.0
real_estate,outer_3,streed,4,20,3,0.005,1e-05,0.001,0.4607561838499763,108.1207937730082,102.8784019947052,27.058866971088023,0.8626887956485649,91.15347355701904,0.3141896362139721,9.0
real_estate,outer_3,streed,4,20,3,0.003,0.1,0.1,0.6375499841150539,71.95076136540088,83.08840489387512,42.47226248828309,0.7844729596391549,57.74248068456782,0.5655635475106717,8.0
real_estate,outer_3,streed,4,20,3,0.003,0.1,0.001,0.6232979268908113,74.57910494644005,83.53700995445251,40.98668191307353,0.7920115922863045,52.51550644803942,0.6048896747855846,9.0
real_estate,outer_3,streed,4,20,3,0.003,0.01,0.1,0.6083654482758011,77.93479782061674,93.69664788246156,29.87610892448017,0.8483925989163442,76.33386529858649,0.4256877561898887,9.0
real_estate,outer_3,streed,4,20,3,0.003,0.01,0.001,0.5151358078003655,97.13239009702016,98.66601252555849,28.76979881377574,0.8540066098004403,79.8432006479637,0.3992846092917284,9.0
real_estate,outer_3,streed,4,20,3,0.003,0.001,0.1,0.5274908744593324,95.09600959753897,97.44006991386414,28.66223053389041,0.8545524689480849,83.4604744485752,0.3720693670820143,9.0
real_estate,outer_3,streed,4,20,3,0.003,0.001,0.001,0.473716213798991,105.59059389913084,105.112530708313,27.220364461157224,0.8618692707628841,88.6332713000963,0.3331508535893407,9.0
real_estate,outer_3,streed,4,20,3,0.003,0.0001,0.1,0.5198166676967317,96.57561385846743,97.0110936164856,28.23396839132513,0.8567257007628758,83.52326921534862,0.371596918801502,9.0
real_estate,outer_3,streed,4,20,3,0.003,0.0001,0.001,0.4492060998472726,110.1912011909605,105.62503027915956,27.063042039948524,0.8626676091098198,90.93778865029816,0.315812382320832,9.0
real_estate,outer_3,streed,4,20,3,0.003,1e-05,0.1,0.5191910665340822,96.70040585271046,97.54525446891785,28.219373251121983,0.8567997643325409,83.62385665727294,0.370840130196016,9.0
real_estate,outer_3,streed,4,20,3,0.003,1e-05,0.001,0.4474957566125099,110.518686353757,105.92543625831604,27.058866971088023,0.8626887956485649,91.15347355701904,0.3141896362139721,9.0
real_estate,outer_3,streed,4,20,3,0.001,0.1,0.1,0.6198266952464527,75.17399265173997,85.21400904655457,41.842550677832726,0.787668455118683,51.08013640827146,0.6156889522099942,9.0
real_estate,outer_3,streed,4,20,3,0.001,0.1,0.001,0.6168617317002013,75.74296674511645,86.15087366104126,38.80166813036463,0.8030995241774963,51.03282147456618,0.6160449350445554,10.0
real_estate,outer_3,streed,4,20,3,0.001,0.01,0.1,0.5999237598301891,79.48660525698443,97.09211015701294,29.87610892448017,0.8483925989163442,76.33386529858649,0.4256877561898887,9.0
real_estate,outer_3,streed,4,20,3,0.001,0.01,0.001,0.5159590229669281,96.98106119813538,101.1041693687439,28.76979881377574,0.8540066098004403,79.8432006479637,0.3992846092917284,9.0
real_estate,outer_3,streed,4,20,3,0.001,0.001,0.1,0.5274908744593324,95.09600959753897,100.05601692199708,28.66223053389041,0.8545524689480849,83.4604744485752,0.3720693670820143,9.0
real_estate,outer_3,streed,4,20,3,0.001,0.001,0.001,0.4626734399964227,107.58746661656863,107.74140572547913,27.220364461157224,0.8618692707628841,88.6332713000963,0.3331508535893407,9.0
real_estate,outer_3,streed,4,20,3,0.001,0.0001,0.1,0.5198166676967317,96.57561385846743,101.10390520095824,28.23396839132513,0.8567257007628758,83.52326921534862,0.371596918801502,9.0
real_estate,outer_3,streed,4,20,3,0.001,0.0001,0.001,0.4492060998472726,110.1912011909605,109.2052640914917,27.063042039948524,0.8626676091098198,90.93778865029816,0.315812382320832,9.0
real_estate,outer_3,streed,4,20,3,0.001,1e-05,0.1,0.5191910665340822,96.70040585271046,100.91625499725342,28.219373251121983,0.8567997643325409,83.62385665727294,0.370840130196016,9.0
real_estate,outer_3,streed,4,20,3,0.001,1e-05,0.001,0.4474957566125099,110.518686353757,109.13408660888672,27.058866971088023,0.8626887956485649,91.15347355701904,0.3141896362139721,9.0
real_estate,outer_3,streed,4,20,3,0.0005,0.1,0.1,0.6198266952464527,75.17399265173997,85.24007105827332,41.842550677832726,0.787668455118683,51.08013640827146,0.6156889522099942,9.0
real_estate,outer_3,streed,4,20,3,0.0005,0.1,0.001,0.6168617317002013,75.74296674511645,87.02279210090637,38.80166813036463,0.8030995241774963,51.03282147456618,0.6160449350445554,10.0
real_estate,outer_3,streed,4,20,3,0.0005,0.01,0.1,0.5999237598301891,79.48660525698443,97.78569388389587,29.87610892448017,0.8483925989163442,76.33386529858649,0.4256877561898887,9.0
real_estate,outer_3,streed,4,20,3,0.0005,0.01,0.001,0.5159590229669281,96.98106119813538,101.6832058429718,28.76979881377574,0.8540066098004403,79.8432006479637,0.3992846092917284,9.0
real_estate,outer_3,streed,4,20,3,0.0005,0.001,0.1,0.5156346253988913,97.27550432515874,100.72746706008913,28.66223053389041,0.8545524689480849,83.4604744485752,0.3720693670820143,9.0
real_estate,outer_3,streed,4,20,3,0.0005,0.001,0.001,0.4626734399964227,107.58746661656863,108.24990820884705,27.220364461157224,0.8618692707628841,88.6332713000963,0.3331508535893407,9.0
real_estate,outer_3,streed,4,20,3,0.0005,0.0001,0.1,0.5074144373032672,98.85547451384711,103.70311260223389,28.23396839132513,0.8567257007628758,83.52326921534862,0.371596918801502,9.0
real_estate,outer_3,streed,4,20,3,0.0005,0.0001,0.001,0.4492060998472726,110.1912011909605,115.30510354042052,27.063042039948524,0.8626676091098198,90.93778865029816,0.315812382320832,9.0
real_estate,outer_3,streed,4,20,3,0.0005,1e-05,0.1,0.5156990685584649,97.34232819576503,105.8329586982727,28.219373251121983,0.8567997643325409,83.62385665727294,0.370840130196016,9.0
real_estate,outer_3,streed,4,20,3,0.0005,1e-05,0.001,0.4474957566125099,110.518686353757,113.40356111526488,27.058866971088023,0.8626887956485649,91.15347355701904,0.3141896362139721,9.0
real_estate,outer_3,streed,4,20,3,0.0001,0.1,0.1,0.6198266952464527,75.17399265173997,88.42627429962158,41.842550677832726,0.787668455118683,51.08013640827146,0.6156889522099942,9.0
real_estate,outer_3,streed,4,20,3,0.0001,0.1,0.001,0.6168617317002013,75.74296674511645,88.31784629821777,38.80166813036463,0.8030995241774963,51.03282147456618,0.6160449350445554,10.0
real_estate,outer_3,streed,4,20,3,0.0001,0.01,0.1,0.5999237598301891,79.48660525698443,98.14474725723268,29.87610892448017,0.8483925989163442,76.33386529858649,0.4256877561898887,9.0
real_estate,outer_3,streed,4,20,3,0.0001,0.01,0.001,0.5159590229669281,96.98106119813538,102.5873544216156,28.76979881377574,0.8540066098004403,79.8432006479637,0.3992846092917284,9.0
real_estate,outer_3,streed,4,20,3,0.0001,0.001,0.1,0.5156346253988913,97.27550432515874,101.82630324363708,28.66223053389041,0.8545524689480849,83.4604744485752,0.3720693670820143,9.0
real_estate,outer_3,streed,4,20,3,0.0001,0.001,0.001,0.4626734399964227,107.58746661656863,109.14345335960388,27.220364461157224,0.8618692707628841,88.6332713000963,0.3331508535893407,9.0
real_estate,outer_3,streed,4,20,3,0.0001,0.0001,0.1,0.5074144373032672,98.85547451384711,102.44056057929993,28.23396839132513,0.8567257007628758,83.52326921534862,0.371596918801502,9.0
real_estate,outer_3,streed,4,20,3,0.0001,0.0001,0.001,0.4492060998472726,110.1912011909605,110.27325320243835,27.063042039948524,0.8626676091098198,90.93778865029816,0.315812382320832,9.0
real_estate,outer_3,streed,4,20,3,0.0001,1e-05,0.1,0.5156990685584649,97.34232819576503,102.5297327041626,28.219373251121983,0.8567997643325409,83.62385665727294,0.370840130196016,9.0
real_estate,outer_3,streed,4,20,3,0.0001,1e-05,0.001,0.4474957566125099,110.518686353757,110.2201828956604,27.058866971088023,0.8626887956485649,91.15347355701904,0.3141896362139721,9.0
real_estate,outer_4,streed,4,20,3,0.1,0.1,0.1,0.545606440776588,83.45582497694186,26.097840785980225,84.19867573195296,0.5509284893020516,53.44203472675552,0.6916737744692407,1.0
real_estate,outer_4,streed,4,20,3,0.1,0.1,0.001,0.5316035280631962,86.19027845821597,24.6525776386261,83.72667880138658,0.5534458730116127,52.87535349836131,0.694943161294111,1.0
real_estate,outer_4,streed,4,20,3,0.1,0.01,0.1,0.526813465444194,86.95631526760148,23.753074884414676,83.8326492177746,0.5528806824719401,52.690882200783896,0.6960074422331063,1.0
real_estate,outer_4,streed,4,20,3,0.1,0.01,0.001,0.5255548599585856,87.16144572923783,22.673044681549072,84.57395169036693,0.548926964454914,52.86511100672991,0.6950022538941756,1.0
real_estate,outer_4,streed,4,20,3,0.1,0.001,0.1,0.5265944529123012,86.98089820591127,23.52375960350037,83.92497754899063,0.5523882516490208,52.68002495759662,0.6960700815549195,1.0
real_estate,outer_4,streed,4,20,3,0.1,0.001,0.001,0.5840370926572457,76.73547721253713,22.127643823623657,65.43356428446965,0.651011737320865,34.41790860366928,0.8014307669105425,2.0
real_estate,outer_4,streed,4,20,3,0.1,0.0001,0.1,0.5265287683047618,86.99188154185947,23.542983770370483,83.93581910346091,0.5523304284920416,52.68020759824999,0.6960690278356221,1.0
real_estate,outer_4,streed,4,20,3,0.1,0.0001,0.001,0.5835559122163123,76.81365538376073,22.12466073036194,65.38580131216935,0.6512664799274424,34.332177532579905,0.8019253801432693,2.0
real_estate,outer_4,streed,4,20,3,0.1,1e-05,0.1,0.5265221125468962,86.99299536031982,23.53912377357483,83.93692020693659,0.5523245557844609,52.680239170975256,0.69606884568127,1.0
real_estate,outer_4,streed,4,20,3,0.1,1e-05,0.001,0.5834994430564547,76.82288345486516,22.162415504455566,65.3819140716554,0.6512872124265567,34.32420580232317,0.8019713719082456,2.0
real_estate,outer_4,streed,4,20,3,0.08,0.1,0.1,0.5661515508343138,79.37142740044325,63.425865650177,71.06243126042625,0.6209903174536717,47.45478531754215,0.7262163591798079,2.0
real_estate,outer_4,streed,4,20,3,0.08,0.1,0.001,0.56753653637099,79.13149185150742,55.86365294456482,70.75116681875281,0.622650438492794,46.48794183696779,0.7317944252577312,2.0
real_estate,outer_4,streed,4,20,3,0.08,0.01,0.1,0.5784157087953614,76.97297120347228,54.6998929977417,67.265721067017,0.6412399753896759,36.60959714777722,0.7887861312824479,2.0
real_estate,outer_4,streed,4,20,3,0.08,0.01,0.001,0.5837994900855867,75.9132274614169,50.593101024627686,66.32244316672143,0.6462709242497537,35.50496727283373,0.7951591363839794,2.0
real_estate,outer_4,streed,4,20,3,0.08,0.001,0.1,0.583345673989688,75.94433759647899,52.68723106384277,66.06329889399852,0.6476530636839993,35.36822613185471,0.7959480449666784,2.0
real_estate,outer_4,streed,4,20,3,0.08,0.001,0.001,0.6145174561357195,70.85244461897304,48.23249006271362,65.43356428446965,0.651011737320865,34.41790860366928,0.8014307669105425,2.0
real_estate,outer_4,streed,4,20,3,0.08,0.0001,0.1,0.5840118804576994,75.81365774885506,52.70492911338806,65.95171785625874,0.6482481783309633,35.23587237965192,0.7967116411332571,2.0
real_estate,outer_4,streed,4,20,3,0.08,0.0001,0.001,0.618909768841704,69.9899870576839,48.0807843208313,65.38580131216935,0.6512664799274424,34.332177532579905,0.8019253801432693,2.0
real_estate,outer_4,streed,4,20,3,0.08,1e-05,0.1,0.5840635456262228,75.8035704865128,52.60215759277344,65.94090858663235,0.6483058292975428,35.2226682302032,0.796787820597263,2.0
real_estate,outer_4,streed,4,20,3,0.08,1e-05,0.001,0.6188726465811273,69.99548097256235,47.97321557998657,65.3819140716554,0.6512872124265567,34.32420580232317,0.8019713719082456,2.0
real_estate,outer_4,streed,4,20,3,0.05,0.1,0.1,0.5789428026076439,76.86410155699492,75.02041244506836,71.06243126042625,0.6209903174536717,47.45478531754215,0.7262163591798079,2.0
real_estate,outer_4,streed,4,20,3,0.05,0.1,0.001,0.5791512148734572,76.85055399250325,75.10418915748596,70.75116681875281,0.622650438492794,46.48794183696779,0.7317944252577312,2.0
real_estate,outer_4,streed,4,20,3,0.05,0.01,0.1,0.5298271019056815,85.80354110913952,73.08517479896545,67.265721067017,0.6412399753896759,36.60959714777722,0.7887861312824479,2.0
real_estate,outer_4,streed,4,20,3,0.05,0.01,0.001,0.5239441735421466,86.91811950415952,73.56477999687195,66.32244316672143,0.6462709242497537,35.50496727283373,0.7951591363839794,2.0
real_estate,outer_4,streed,4,20,3,0.05,0.001,0.1,0.5174499134396862,88.10634194875722,73.89940047264099,66.06329889399852,0.6476530636839993,35.36822613185471,0.7959480449666784,2.0
real_estate,outer_4,streed,4,20,3,0.05,0.001,0.001,0.4994240493545375,91.48059409402386,74.17681980133057,65.43356428446965,0.651011737320865,34.41790860366928,0.8014307669105425,2.0
real_estate,outer_4,streed,4,20,3,0.05,0.0001,0.1,0.5160067763696663,88.38853358613422,73.8801589012146,65.95171785625874,0.6482481783309633,35.23587237965192,0.7967116411332571,2.0
real_estate,outer_4,streed,4,20,3,0.05,0.0001,0.001,0.4935385265187464,92.54684529619252,73.91010928153992,65.38580131216935,0.6512664799274424,34.332177532579905,0.8019253801432693,2.0
real_estate,outer_4,streed,4,20,3,0.05,1e-05,0.1,0.5158464019150678,88.42031338667731,74.10395097732544,65.94090858663235,0.6483058292975428,35.2226682302032,0.796787820597263,2.0
real_estate,outer_4,streed,4,20,3,0.05,1e-05,0.001,0.4928886962316246,92.66471422203476,74.21450901031494,65.3819140716554,0.6512872124265567,34.32420580232317,0.8019713719082456,2.0
real_estate,outer_4,streed,4,20,3,0.03,0.1,0.1,0.6022314248527517,72.62663361637043,74.25477910041809,57.61647237135167,0.6927039996298839,46.39780006700322,0.7323144853908818,4.0
real_estate,outer_4,streed,4,20,3,0.03,0.1,0.001,0.5990636833667287,73.13664593754251,74.36136388778687,57.023670025979584,0.6958656959685414,46.01274873106282,0.7345359843598693,4.0
real_estate,outer_4,streed,4,20,3,0.03,0.01,0.1,0.5418377597600345,84.09639926898319,75.64755463600159,45.619081716473175,0.7566917797105526,42.39338809366963,0.7554173712656593,5.0
real_estate,outer_4,streed,4,20,3,0.03,0.01,0.001,0.5420346277787481,84.0106991885142,76.36908268928528,44.51761493603247,0.7625664249680479,41.15438241617499,0.7625656384659321,5.0
real_estate,outer_4,streed,4,20,3,0.03,0.001,0.1,0.5205686055171851,87.83601541660273,77.00593042373657,44.57778895883031,0.7622454883370655,41.79223253926397,0.7588856528158368,5.0
real_estate,outer_4,streed,4,20,3,0.03,0.001,0.001,0.514318967723401,88.9988420731623,78.74162411689758,42.35640674443121,0.7740931742796983,35.37334316091347,0.7959185229946262,5.0
real_estate,outer_4,streed,4,20,3,0.03,0.0001,0.1,0.5101977885097854,89.83500546229818,76.82828307151794,42.88786704890515,0.7712586441670646,42.74387671154716,0.7533952769873595,5.0
real_estate,outer_4,streed,4,20,3,0.03,0.0001,0.001,0.5021095845590521,91.30575535465393,79.78967833518982,42.27827343543815,0.7745098963100666,35.4172488137857,0.7956652155691366,5.0
real_estate,outer_4,streed,4,20,3,0.03,1e-05,0.1,0.5098866331990427,89.89020311494964,77.52043557167053,42.878848140286834,0.7713067462884206,42.75304300210274,0.7533423933764796,5.0
real_estate,outer_4,streed,4,20,3,0.03,1e-05,0.001,0.5002791142521855,91.61049831431336,79.64303970336914,42.27358826123216,0.7745348845683768,35.4287907100787,0.7955986262385154,5.0
real_estate,outer_4,streed,4,20,3,0.01,0.1,0.1,0.565526229661521,79.81656274684246,76.82743501663208,46.1482331862586,0.7538695637094237,43.06102610003354,0.751565528655707,7.0
real_estate,outer_4,streed,4,20,3,0.01,0.1,0.001,0.5687829745694095,79.38560380701146,77.23843121528625,43.01890174532351,0.7705597739228132,39.67888775978031,0.7710782952261586,8.0
real_estate,outer_4,streed,4,20,3,0.01,0.01,0.1,0.5464331536557323,83.89030883725171,83.25820350646973,36.395335007137,0.8058863998521246,43.929040186813,0.7465576447221589,8.0
real_estate,outer_4,streed,4,20,3,0.01,0.01,0.001,0.5476294670201126,83.62303006815836,86.76857471466064,34.75117134818901,0.8146555052060968,43.89910066693525,0.7467303765278491,8.0
real_estate,outer_4,streed,4,20,3,0.01,0.001,0.1,0.5096728410218981,89.86707229178995,86.256671667099,34.802124295740725,0.8143837489470743,43.983768016886586,0.7462419002830791,8.0
real_estate,outer_4,streed,4,20,3,0.01,0.001,0.001,0.4945919522596426,92.52360931134166,92.26297068595886,33.05164869782911,0.8237198663427515,43.3637765386156,0.7498188530195143,8.0
real_estate,outer_4,streed,4,20,3,0.01,0.0001,0.1,0.5086535463739121,90.08099437592462,88.03970098495483,34.65211716690638,0.8151838081804945,43.91910254605588,0.7466149785284218,8.0
real_estate,outer_4,streed,4,20,3,0.01,0.0001,0.001,0.4861926447359453,93.98129944467028,92.69198298454285,32.86684585881075,0.8247055076177217,43.2355218114545,0.7505588004435645,8.0
real_estate,outer_4,streed,4,20,3,0.01,1e-05,0.1,0.5083237318854723,90.139164328544,86.73981475830078,34.63727107114802,0.8152629894573046,43.91154318141943,0.7466585912085468,8.0
real_estate,outer_4,streed,4,20,3,0.01,1e-05,0.001,0.4856424709370825,94.08015776603531,92.6589765548706,32.856111730695964,0.8247627578189467,43.23040889769621,0.7505882986729754,8.0
real_estate,outer_4,streed,4,20,3,0.008,0.1,0.1,0.5646988057548522,79.94836662861839,77.7713098526001,44.45546507822653,0.7628978996651492,43.21231826877919,0.7506926699859312,8.0
real_estate,outer_4,streed,4,20,3,0.008,0.1,0.001,0.5688770060026876,79.370625139106,78.43827867507935,43.01890174532351,0.7705597739228132,39.67888775978031,0.7710782952261586,8.0
real_estate,outer_4,streed,4,20,3,0.008,0.01,0.1,0.5553370799990204,82.12019540998524,84.82298493385315,36.395335007137,0.8058863998521246,43.929040186813,0.7465576447221589,8.0
real_estate,outer_4,streed,4,20,3,0.008,0.01,0.001,0.5476294670201126,83.62303006815836,88.2647955417633,34.75117134818901,0.8146555052060968,43.89910066693525,0.7467303765278491,8.0
real_estate,outer_4,streed,4,20,3,0.008,0.001,0.1,0.5096728410218981,89.86707229178995,87.90865182876587,34.802124295740725,0.8143837489470743,43.983768016886586,0.7462419002830791,8.0
real_estate,outer_4,streed,4,20,3,0.008,0.001,0.001,0.496629093567221,92.11862267479992,93.6987645626068,33.05164869782911,0.8237198663427515,43.3637765386156,0.7498188530195143,8.0
real_estate,outer_4,streed,4,20,3,0.008,0.0001,0.1,0.5086535463739121,90.08099437592462,88.6489691734314,34.65211716690638,0.8151838081804945,43.91910254605588,0.7466149785284218,8.0
real_estate,outer_4,streed,4,20,3,0.008,0.0001,0.001,0.4861926447359453,93.98129944467028,94.71896648406982,32.86684585881075,0.8247055076177217,43.2355218114545,0.7505588004435645,8.0
real_estate,outer_4,streed,4,20,3,0.008,1e-05,0.1,0.5083237318854723,90.139164328544,89.43420720100403,34.63727107114802,0.8152629894573046,43.91154318141943,0.7466585912085468,8.0
real_estate,outer_4,streed,4,20,3,0.008,1e-05,0.001,0.4856424709370825,94.08015776603531,94.97430109977722,32.856111730695964,0.8247627578189467,43.23040889769621,0.7505882986729754,8.0
real_estate,outer_4,streed,4,20,3,0.005,0.1,0.1,0.5862830929853912,75.77823748778634,79.83793997764587,43.312434368250976,0.7689942250911805,44.33671366091627,0.7442056305415248,9.0
real_estate,outer_4,streed,4,20,3,0.005,0.1,0.001,0.5713274271694256,78.8834778691861,81.29142618179321,43.01890174532351,0.7705597739228132,39.67888775978031,0.7710782952261586,8.0
real_estate,outer_4,streed,4,20,3,0.005,0.01,0.1,0.5553370799990204,82.12019540998524,88.1133918762207,35.425793011104304,0.8110574276035536,42.607679803277136,0.7541810456967764,9.0
real_estate,outer_4,streed,4,20,3,0.005,0.01,0.001,0.5375386776897231,85.62157343944455,92.03493237495422,33.68565324225889,0.8203384191159229,43.76749616675664,0.747489649991339,9.0
real_estate,outer_4,streed,4,20,3,0.005,0.001,0.1,0.5152634092200553,88.7556592530841,91.84309411048888,33.846504276788885,0.8194805241853225,42.69210857090791,0.7536939459188037,9.0
real_estate,outer_4,streed,4,20,3,0.005,0.001,0.001,0.496629093567221,92.11862267479992,98.4870707988739,31.95989940969389,0.8295426836004371,43.2532682970034,0.7504564146168701,9.0
real_estate,outer_4,streed,4,20,3,0.005,0.0001,0.1,0.5148583573491626,88.8474689852726,92.44794750213624,33.69790321206929,0.8202730842112949,42.63024773647567,0.7540508432129692,9.0
real_estate,outer_4,streed,4,20,3,0.005,0.0001,0.001,0.4861926447359453,93.98129944467028,100.174658536911,31.776247504074085,0.8305221864011914,42.95889236195042,0.7521547747449235,9.0
real_estate,outer_4,streed,4,20,3,0.005,1e-05,0.1,0.5145913155217655,88.89315964214165,92.4541437625885,33.68319780794447,0.8203515151128304,42.6229669629062,0.7540928486015195,9.0
real_estate,outer_4,streed,4,20,3,0.005,1e-05,0.001,0.4856424709370825,94.08015776603531,99.62279176712036,31.7653476037174,0.8305803207444822,42.92461984373243,0.752352505168842,9.0
real_estate,outer_4,streed,4,20,3,0.003,0.1,0.1,0.5869302621755642,75.67514714830847,82.35355687141418,43.312434368250976,0.7689942250911805,44.33671366091627,0.7442056305415248,9.0
real_estate,outer_4,streed,4,20,3,0.003,0.1,0.001,0.5759303167486042,78.071958358663,83.4888014793396,41.99181250267544,0.776037728460791,38.46282412626133,0.7780942015636547,9.0
real_estate,outer_4,streed,4,20,3,0.003,0.01,0.1,0.5199747946802823,87.69014246514978,91.3898310661316,35.425793011104304,0.8110574276035536,42.607679803277136,0.7541810456967764,9.0
real_estate,outer_4,streed,4,20,3,0.003,0.01,0.001,0.5375386776897231,85.62157343944455,95.15391230583192,33.68565324225889,0.8203384191159229,43.76749616675664,0.747489649991339,9.0
real_estate,outer_4,streed,4,20,3,0.003,0.001,0.1,0.5161526036940919,88.65372455147524,100.3582158088684,33.846504276788885,0.8194805241853225,42.69210857090791,0.7536939459188037,9.0
real_estate,outer_4,streed,4,20,3,0.003,0.001,0.001,0.496629093567221,92.11862267479992,102.33039021492004,31.95989940969389,0.8295426836004371,43.2532682970034,0.7504564146168701,9.0
real_estate,outer_4,streed,4,20,3,0.003,0.0001,0.1,0.5130626975199167,89.19405032803998,95.11941647529602,33.69790321206929,0.8202730842112949,42.63024773647567,0.7540508432129692,9.0
real_estate,outer_4,streed,4,20,3,0.003,0.0001,0.001,0.4861926447359453,93.98129944467028,103.06660342216492,31.776247504074085,0.8305221864011914,42.95889236195042,0.7521547747449235,9.0
real_estate,outer_4,streed,4,20,3,0.003,1e-05,0.1,0.5127414500032145,89.25020325636994,95.65756130218506,33.68319780794447,0.8203515151128304,42.6229669629062,0.7540928486015195,9.0
real_estate,outer_4,streed,4,20,3,0.003,1e-05,0.001,0.4856424709370825,94.08015776603531,102.95464968681335,31.7653476037174,0.8305803207444822,42.92461984373243,0.752352505168842,9.0
real_estate,outer_4,streed,4,20,3,0.001,0.1,0.1,0.5869302621755642,75.67514714830847,84.40084648132324,43.378484946244775,0.7686419460014645,44.80180451403337,0.7415223549513705,10.0
real_estate,outer_4,streed,4,20,3,0.001,0.1,0.001,0.5759303167486042,78.071958358663,85.81133079528809,41.74468397264801,0.7773557822348109,40.99801795281252,0.7634677610187539,10.0
real_estate,outer_4,streed,4,20,3,0.001,0.01,0.1,0.5199747946802823,87.69014246514978,93.1735258102417,35.425793011104304,0.8110574276035536,42.607679803277136,0.7541810456967764,9.0
real_estate,outer_4,streed,4,20,3,0.001,0.01,0.001,0.4978743362603849,91.93987549276508,97.64735960960388,33.79000915371598,0.8197818394975275,47.37882720565905,0.7266545887130789,10.0
real_estate,outer_4,streed,4,20,3,0.001,0.001,0.1,0.5161526036940919,88.65372455147524,96.83681511878969,33.846504276788885,0.8194805241853225,42.69210857090791,0.7536939459188037,9.0
real_estate,outer_4,streed,4,20,3,0.001,0.001,0.001,0.48901035824251,93.58911918868392,104.44071888923644,31.95989940969389,0.8295426836004371,43.2532682970034,0.7504564146168701,9.0
real_estate,outer_4,streed,4,20,3,0.001,0.0001,0.1,0.5130626975199167,89.19405032803998,97.36009526252748,33.69790321206929,0.8202730842112949,42.63024773647567,0.7540508432129692,9.0
real_estate,outer_4,streed,4,20,3,0.001,0.0001,0.001,0.4861926447359453,93.98129944467028,106.18453884124756,31.776247504074085,0.8305221864011914,42.95889236195042,0.7521547747449235,9.0
real_estate,outer_4,streed,4,20,3,0.001,1e-05,0.1,0.5127414500032145,89.25020325636994,97.29857444763184,33.68319780794447,0.8203515151128304,42.6229669629062,0.7540928486015195,9.0
real_estate,outer_4,streed,4,20,3,0.001,1e-05,0.001,0.4856424709370825,94.08015776603531,105.45754551887512,31.54022988291305,0.8317809804233626,50.18936779170579,0.7104395741645599,10.0
real_estate,outer_4,streed,4,20,3,0.0005,0.1,0.1,0.5869302621755642,75.67514714830847,84.47803521156311,43.378484946244775,0.7686419460014645,44.80180451403337,0.7415223549513705,10.0
real_estate,outer_4,streed,4,20,3,0.0005,0.1,0.001,0.5759303167486042,78.071958358663,85.54369115829468,41.74468397264801,0.7773557822348109,40.99801795281252,0.7634677610187539,10.0
real_estate,outer_4,streed,4,20,3,0.0005,0.01,0.1,0.5199747946802823,87.69014246514978,93.53019523620604,35.425793011104304,0.8110574276035536,42.607679803277136,0.7541810456967764,9.0
real_estate,outer_4,streed,4,20,3,0.0005,0.01,0.001,0.4978743362603849,91.93987549276508,98.058491230011,33.79000915371598,0.8197818394975275,47.37882720565905,0.7266545887130789,10.0
real_estate,outer_4,streed,4,20,3,0.0005,0.001,0.1,0.5161526036940919,88.65372455147524,97.50622010231018,33.846504276788885,0.8194805241853225,42.69210857090791,0.7536939459188037,9.0
real_estate,outer_4,streed,4,20,3,0.0005,0.001,0.001,0.48901035824251,93.58911918868392,105.34792733192444,31.95989940969389,0.8295426836004371,43.2532682970034,0.7504564146168701,9.0
real_estate,outer_4,streed,4,20,3,0.0005,0.0001,0.1,0.5130626975199167,89.19405032803998,98.6913230419159,33.69790321206929,0.8202730842112949,42.63024773647567,0.7540508432129692,9.0
real_estate,outer_4,streed,4,20,3,0.0005,0.0001,0.001,0.4861926447359453,93.98129944467028,107.54365611076356,31.60147445087041,0.8314543340668069,50.07566427921491,0.7110955704232194,10.0
real_estate,outer_4,streed,4,20,3,0.0005,1e-05,0.1,0.5127414500032145,89.25020325636994,99.13588547706604,33.68319780794447,0.8203515151128304,42.6229669629062,0.7540928486015195,9.0
real_estate,outer_4,streed,4,20,3,0.0005,1e-05,0.001,0.4856424709370825,94.08015776603531,107.95417761802672,31.54022988291305,0.8317809804233626,50.18936779170579,0.7104395741645599,10.0
real_estate,outer_4,streed,4,20,3,0.0001,0.1,0.1,0.5869302621755642,75.67514714830847,87.12971138954163,43.378484946244775,0.7686419460014645,44.80180451403337,0.7415223549513705,10.0
real_estate,outer_4,streed,4,20,3,0.0001,0.1,0.001,0.5759303167486042,78.071958358663,91.83632278442384,41.74468397264801,0.7773557822348109,40.99801795281252,0.7634677610187539,10.0
real_estate,outer_4,streed,4,20,3,0.0001,0.01,0.1,0.5199747946802823,87.69014246514978,94.73692154884338,35.407121294233626,0.8111570127339556,44.91460958988231,0.7408715420952536,10.0
real_estate,outer_4,streed,4,20,3,0.0001,0.01,0.001,0.4978743362603849,91.93987549276508,99.17302632331848,33.79000915371598,0.8197818394975275,47.37882720565905,0.7266545887130789,10.0
real_estate,outer_4,streed,4,20,3,0.0001,0.001,0.1,0.5161526036940919,88.65372455147524,98.3470492362976,33.846504276788885,0.8194805241853225,42.69210857090791,0.7536939459188037,9.0
real_estate,outer_4,streed,4,20,3,0.0001,0.001,0.001,0.48901035824251,93.58911918868392,106.03301239013672,31.95989940969389,0.8295426836004371,43.2532682970034,0.7504564146168701,9.0
real_estate,outer_4,streed,4,20,3,0.0001,0.0001,0.1,0.5130626975199167,89.19405032803998,98.75663352012634,33.69790321206929,0.8202730842112949,42.63024773647567,0.7540508432129692,9.0
real_estate,outer_4,streed,4,20,3,0.0001,0.0001,0.001,0.4861926447359453,93.98129944467028,107.88275337219238,31.60147445087041,0.8314543340668069,50.07566427921491,0.7110955704232194,10.0
real_estate,outer_4,streed,4,20,3,0.0001,1e-05,0.1,0.5127414500032145,89.25020325636994,98.41357040405272,33.68319780794447,0.8203515151128304,42.6229669629062,0.7540928486015195,9.0
real_estate,outer_4,streed,4,20,3,0.0001,1e-05,0.001,0.4856424709370825,94.08015776603531,107.64051032066344,31.54022988291305,0.8317809804233626,50.18936779170579,0.7104395741645599,10.0
real_estate,mean,streed,4,20,3,0.0001,1e-05,0.001,0.4738846359296465,96.70577898489671,107.44143881797791,27.0676241190574,0.8531622751809353,82.05334425187458,0.5382080549758895,9.6
real_estate,mean,streed,4,20,3,0.0001,1e-05,0.1,0.5052663341874796,91.25174504882533,98.65685973167419,29.00924246688901,0.8425071951313001,76.4149846114979,0.5703977930213429,9.4
real_estate,mean,streed,4,20,3,0.0001,0.0001,0.001,0.4738237172365218,96.71227499222667,107.30174212455749,27.092145071498543,0.8530283045772762,81.89963316724074,0.5390943397959141,9.6
real_estate,mean,streed,4,20,3,0.0001,0.0001,0.1,0.5055118827344721,91.1786521559574,98.5031231880188,29.025789378305483,0.842417491646598,76.38671008365102,0.5705919442434176,9.4
real_estate,mean,streed,4,20,3,0.0001,0.001,0.001,0.48060731488267383,95.46601003693902,105.73191618919373,27.39594374699156,0.8513509971092439,80.17039754160334,0.5509276412811772,9.4
real_estate,mean,streed,4,20,3,0.0001,0.001,0.1,0.511096703054669,90.19776354208877,97.9990409374237,29.14752476351372,0.8418172133736881,78.24992588476944,0.5622440394181264,9.4
real_estate,mean,streed,4,20,3,0.0001,0.01,0.001,0.5217816098055092,88.85699340823176,99.56372494697571,29.123738291482777,0.8419613692922159,78.42769357476428,0.5629484843801402,9.6
real_estate,mean,streed,4,20,3,0.0001,0.01,0.1,0.5599793349562672,81.3301453083969,95.55913286209106,30.861408235472915,0.8324613687624414,77.12287118297274,0.5715891856369444,9.6
real_estate,mean,streed,4,20,3,0.0001,0.1,0.001,0.6067392939965973,72.9309590988108,89.63965229988098,36.76973990810946,0.8007892252169928,69.17870822393745,0.6245032659423235,9.6
real_estate,mean,streed,4,20,3,0.0001,0.1,0.1,0.6156715545829092,71.37318532840042,88.33281025886535,38.25656032424216,0.7928937627398944,70.13887136958246,0.6190889332368005,9.4
real_estate,mean,streed,4,20,3,0.0005,1e-05,0.001,0.4738846359296465,96.70577898489671,108.42598719596863,27.0676241190574,0.8531622751809353,82.05334425187458,0.5382080549758895,9.6
real_estate,mean,streed,4,20,3,0.0005,1e-05,0.1,0.5052663341874796,91.25174504882533,100.03509583473206,29.00924246688901,0.8425071951313001,76.4149846114979,0.5703977930213429,9.4
real_estate,mean,streed,4,20,3,0.0005,0.0001,0.001,0.4738237172365218,96.71227499222667,108.0062397480011,27.092145071498543,0.8530283045772762,81.89963316724074,0.5390943397959141,9.6
real_estate,mean,streed,4,20,3,0.0005,0.0001,0.1,0.5055118827344721,91.1786521559574,98.51792345046997,29.025789378305483,0.842417491646598,76.38671008365102,0.5705919442434176,9.4
real_estate,mean,streed,4,20,3,0.0005,0.001,0.001,0.48060731488267383,95.46601003693902,104.89574966430663,27.39594374699156,0.8513509971092439,80.17039754160334,0.5509276412811772,9.4
real_estate,mean,streed,4,20,3,0.0005,0.001,0.1,0.511096703054669,90.19776354208877,97.39276485443115,29.14752476351372,0.8418172133736881,78.24992588476944,0.5622440394181264,9.4
real_estate,mean,streed,4,20,3,0.0005,0.01,0.001,0.5217816098055092,88.85699340823176,98.44975442886353,29.123738291482777,0.8419613692922159,78.42769357476428,0.5629484843801402,9.6
real_estate,mean,streed,4,20,3,0.0005,0.01,0.1,0.5599793349562672,81.3301453083969,94.15337662696838,30.86514257884705,0.8324414517363609,76.6614852256517,0.574251086357249,9.4
real_estate,mean,streed,4,20,3,0.0005,0.1,0.001,0.6067392939965973,72.9309590988108,87.17445821762085,36.76973990810946,0.8007892252169928,69.17870822393745,0.6245032659423235,9.6
real_estate,mean,streed,4,20,3,0.0005,0.1,0.1,0.6156715545829092,71.37318532840042,86.1508321762085,38.25656032424216,0.7928937627398944,70.13887136958246,0.6190889332368005,9.4
real_estate,mean,streed,4,20,3,0.001,1e-05,0.001,0.4738846359296465,96.70577898489671,105.56811137199402,27.0676241190574,0.8531622751809353,82.05334425187458,0.5382080549758895,9.6
real_estate,mean,streed,4,20,3,0.001,1e-05,0.1,0.505964733782603,91.12336058021442,97.00527305603028,29.00924246688901,0.8425071951313001,76.4149846114979,0.5703977930213429,9.4
real_estate,mean,streed,4,20,3,0.001,0.0001,0.001,0.4738237172365218,96.71227499222667,105.61256203651428,27.127099682139278,0.8528418750441531,80.47627878378783,0.5473061806602549,9.4
real_estate,mean,streed,4,20,3,0.001,0.0001,0.1,0.507992328813165,90.72268002488146,97.12112135887146,29.025789378305483,0.842417491646598,76.38671008365102,0.5705919442434176,9.4
real_estate,mean,streed,4,20,3,0.001,0.001,0.001,0.48060731488267383,95.46601003693902,104.01234135627746,27.39594374699156,0.8513509971092439,80.17039754160334,0.5509276412811772,9.4
real_estate,mean,streed,4,20,3,0.001,0.001,0.1,0.5210971755619876,88.18361340819692,96.58639307022096,29.14752476351372,0.8418172133736881,78.24992588476944,0.5622440394181264,9.4
real_estate,mean,streed,4,20,3,0.001,0.01,0.001,0.5217816098055092,88.85699340823176,97.9577344417572,29.123738291482777,0.8419613692922159,78.42769357476428,0.5629484843801402,9.6
real_estate,mean,streed,4,20,3,0.001,0.01,0.1,0.5599793349562672,81.3301453083969,93.62781395912171,30.86514257884705,0.8324414517363609,76.6614852256517,0.574251086357249,9.4
real_estate,mean,streed,4,20,3,0.001,0.1,0.001,0.6067392939965973,72.9309590988108,86.86067991256714,36.76973990810946,0.8007892252169928,69.17870822393745,0.6245032659423235,9.6
real_estate,mean,streed,4,20,3,0.001,0.1,0.1,0.6144252540191856,71.60056182567683,86.26099758148193,38.25656032424216,0.7928937627398944,70.13887136958246,0.6190889332368005,9.4
real_estate,mean,streed,4,20,3,0.003,1e-05,0.001,0.4657732995021438,98.30792495186515,102.26607089042663,27.211244519191098,0.8523534074062799,79.52259688456229,0.5514523217079711,9.2
real_estate,mean,streed,4,20,3,0.003,1e-05,0.1,0.5137417440117087,89.41247538966425,94.20578827857972,29.00924246688901,0.8425071951313001,76.4149846114979,0.5703977930213429,9.4
real_estate,mean,streed,4,20,3,0.003,0.0001,0.001,0.466289284873416,98.23484864368788,102.52940430641175,27.224529425666145,0.8522798714551968,79.40443079911317,0.5521410231392966,9.2
real_estate,mean,streed,4,20,3,0.003,0.0001,0.1,0.5142473513719529,89.3243074068027,94.04052762985229,29.025789378305483,0.842417491646598,76.38671008365102,0.5705919442434176,9.4
real_estate,mean,streed,4,20,3,0.003,0.001,0.001,0.48433961670812964,94.77253619067467,100.77443361282349,27.39594374699156,0.8513509971092439,80.17039754160334,0.5509276412811772,9.4
real_estate,mean,streed,4,20,3,0.003,0.001,0.1,0.5371195447918079,85.89769270779762,95.10998511314392,29.14752476351372,0.8418172133736881,78.24992588476944,0.5622440394181264,9.4
real_estate,mean,streed,4,20,3,0.003,0.01,0.001,0.5468517939133218,84.28893447847133,95.8941734790802,29.102867109191358,0.842072685215895,77.70542736698378,0.5671154966357923,9.4
real_estate,mean,streed,4,20,3,0.003,0.01,0.1,0.568940076422473,79.73515444340372,90.91362829208374,30.86514257884705,0.8324414517363609,76.6614852256517,0.574251086357249,9.4
real_estate,mean,streed,4,20,3,0.003,0.1,0.001,0.6111380908825774,72.29808583189627,84.4938175201416,37.25616837065672,0.7983080280839504,68.96820645332187,0.6251975019995095,9.2
real_estate,mean,streed,4,20,3,0.003,0.1,0.1,0.6179699117929058,70.95591556840901,83.5528425693512,38.36929257073348,0.7923251194619321,71.37832205421833,0.6096005074149667,9.0
real_estate,mean,streed,4,20,3,0.005,1e-05,0.001,0.4684253849496371,97.82834643571539,99.13976197242737,27.211244519191098,0.8523534074062799,79.52259688456229,0.5514523217079711,9.2
real_estate,mean,streed,4,20,3,0.005,1e-05,0.1,0.5127539115785483,89.58659961720215,91.66872029304504,29.12805350492326,0.8418218579091562,76.96734502945031,0.5679062311108466,9.2
real_estate,mean,streed,4,20,3,0.005,0.0001,0.001,0.46884810588967485,97.77213520161907,98.74633121490479,27.224529425666145,0.8522798714551968,79.40443079911317,0.5521410231392966,9.2
real_estate,mean,streed,4,20,3,0.005,0.0001,0.1,0.5132768223668879,89.49543468655797,91.69883894920349,29.14365083793134,0.8417376318736827,76.93794214867339,0.5681054720553034,9.2
real_estate,mean,streed,4,20,3,0.005,0.001,0.001,0.4777839412045271,96.11599757652748,97.08863072395324,27.551321282159527,0.8504547335120446,79.50459266245919,0.5539309232376352,9.2
real_estate,mean,streed,4,20,3,0.005,0.001,0.1,0.5356215117637525,86.15681130137405,91.075839138031,29.14752476351372,0.8418172133736881,78.24992588476944,0.5622440394181264,9.4
real_estate,mean,streed,4,20,3,0.005,0.01,0.001,0.5514660905682727,83.5200006415187,91.44924178123475,29.102867109191358,0.842072685215895,77.70542736698378,0.5671154966357923,9.4
real_estate,mean,streed,4,20,3,0.005,0.01,0.1,0.5760125334862207,78.62116503237081,87.91675271987916,30.94929372914917,0.8319560430021014,76.87424565254544,0.5732913764314826,9.2
real_estate,mean,streed,4,20,3,0.005,0.1,0.001,0.60935933553328,72.78652946848578,81.82393827438355,37.855576755057626,0.7951149683053786,69.81937539122352,0.6179198476796948,8.6
real_estate,mean,streed,4,20,3,0.005,0.1,0.1,0.6184904233076596,70.9439027822227,80.90918531417847,38.566909401656936,0.7912279571943627,70.85841737059292,0.6122067885125236,8.8
real_estate,mean,streed,4,20,3,0.008,1e-05,0.001,0.4684253849496371,97.82834643571539,94.20855422019959,28.47290577187436,0.845530455347264,77.81571516789259,0.5572503432088283,8.2
real_estate,mean,streed,4,20,3,0.008,1e-05,0.1,0.519917649767821,88.13360055637624,87.62395629882812,30.1110073225364,0.8365714959153422,76.333488526712,0.5689932501649524,8.4
real_estate,mean,streed,4,20,3,0.008,0.0001,0.001,0.46884810588967485,97.77213520161907,93.9410403728485,28.48454172145664,0.845466055334331,77.75453188435974,0.5576580152626345,8.2
real_estate,mean,streed,4,20,3,0.008,0.0001,0.1,0.5204425364691778,88.04088790566206,87.55379738807679,30.12821853909718,0.836478501787535,76.30272409063647,0.5692005555121564,8.4
real_estate,mean,streed,4,20,3,0.008,0.001,0.001,0.4763770250599101,96.35478841704708,92.58761324882508,28.963275025031418,0.8427598747045655,79.49227337677173,0.5518815573567609,8.0
real_estate,mean,streed,4,20,3,0.008,0.001,0.1,0.5428383948020541,84.68375000954711,87.12822790145874,30.7157365561319,0.8331908367898617,77.85683026432692,0.5622660064635473,8.2
real_estate,mean,streed,4,20,3,0.008,0.01,0.001,0.5500041678288918,83.66570709597669,87.36359310150146,30.38409780569291,0.8350223035998928,76.42424777711754,0.5698761829159825,8.4
real_estate,mean,streed,4,20,3,0.008,0.01,0.1,0.5833249276518269,77.10139076262558,84.38913674354554,32.15345002185634,0.8254065478662138,76.98155701912779,0.5703168989428034,8.2
real_estate,mean,streed,4,20,3,0.008,0.1,0.001,0.607973752425077,72.87069217619793,79.25418901443481,39.24047197273818,0.787622582475564,68.79733087817583,0.624932669198023,7.4
real_estate,mean,streed,4,20,3,0.008,0.1,0.1,0.6080783983330325,72.83931308975647,78.5833767414093,39.88386063193734,0.7841320031098615,69.52402547209235,0.6207037880400206,7.6
real_estate,mean,streed,4,20,3,0.01,1e-05,0.001,0.46652232367802765,98.1306892307709,92.47897205352783,29.162528915445115,0.8416703463039248,80.86318232147582,0.5432588366624049,7.8
real_estate,mean,streed,4,20,3,0.01,1e-05,0.1,0.521316461870917,87.84804410207761,86.43463053703309,31.269704893828987,0.8299975692144054,119.11613859069041,0.3547643264999237,7.6
real_estate,mean,streed,4,20,3,0.01,0.0001,0.001,0.4668277303899326,98.09286293339889,92.10812253952027,29.168561188077412,0.8416382675780223,80.81001391712326,0.5436301466590376,7.8
real_estate,mean,streed,4,20,3,0.01,0.0001,0.1,0.5204921679371246,88.031764318416,87.29027118682862,31.28376718408642,0.8299216866209781,118.88103156713218,0.3560098879620067,7.6
real_estate,mean,streed,4,20,3,0.01,0.001,0.001,0.4763261116562411,96.38398478250909,90.44155330657959,29.30545554865256,0.8409039211760374,79.72529381299583,0.5505830337716144,7.8
real_estate,mean,streed,4,20,3,0.01,0.001,0.1,0.5454489806701541,84.26146933315883,85.77509832382202,32.16333700498016,0.8252288657557163,114.30588992420034,0.3792901011191127,7.4
real_estate,mean,streed,4,20,3,0.01,0.01,0.001,0.550206238009838,83.6363466653997,85.80056109428406,31.842889990736182,0.8271317725969706,76.27325293320295,0.5725125193977446,7.6
real_estate,mean,streed,4,20,3,0.01,0.01,0.1,0.5832221057948722,77.19865922464824,83.32462940216064,33.04106306114346,0.8204054002215322,76.35051641018337,0.5728373034445114,7.8
real_estate,mean,streed,4,20,3,0.01,0.1,0.001,0.6084032780874659,72.79261572144947,78.2292414188385,40.05043819309033,0.7831256761603301,71.18840714061639,0.6129462088681022,7.0
real_estate,mean,streed,4,20,3,0.01,0.1,0.1,0.6097354364697545,72.54133790369923,77.77452931404113,41.83232741678539,0.7734236275955244,70.02747688370289,0.6180965727833041,6.6
real_estate,mean,streed,4,20,3,0.03,1e-05,0.001,0.5317900847893864,85.53511602286672,81.4549479007721,37.57167114773349,0.7958632383483393,73.75101701047464,0.5813832113620641,4.8
real_estate,mean,streed,4,20,3,0.03,1e-05,0.1,0.5459903946675002,83.23687159947454,78.79302768707275,39.79445035092788,0.783322840510065,77.96964476284286,0.5619822942043615,4.6
real_estate,mean,streed,4,20,3,0.03,0.0001,0.001,0.5311793987435274,85.64981592128666,81.54189238548278,37.57760462452545,0.7958307073365024,73.66480457464806,0.581924515761914,4.8
real_estate,mean,streed,4,20,3,0.03,0.0001,0.1,0.54635984190982,83.17543781977687,78.2878794670105,39.81749813768849,0.7831983408211816,77.89156399383089,0.5624398274214414,4.6
real_estate,mean,streed,4,20,3,0.03,0.001,0.001,0.5367822619952017,84.64375568789887,80.3448495388031,38.87562395294374,0.7883790139538849,92.49432186091732,0.4877233033555008,4.6
real_estate,mean,streed,4,20,3,0.03,0.001,0.1,0.551314810583138,82.30625973143302,78.05337581634521,40.5720114980921,0.779124917024711,77.18829120229489,0.5710028405089721,4.6
real_estate,mean,streed,4,20,3,0.03,0.01,0.001,0.5707791132088245,79.11410950056683,77.19578137397767,40.63212413937612,0.7788353412008641,73.37470997367926,0.5878341864877891,4.6
real_estate,mean,streed,4,20,3,0.03,0.01,0.1,0.5892103327822624,76.45586878030632,76.57037868499756,41.708564246479995,0.7729756324878335,71.28381832822086,0.5990314731634944,4.6
real_estate,mean,streed,4,20,3,0.03,0.1,0.001,0.620008482808635,70.53985157763671,75.59830493927002,53.31731592191545,0.7111808533294125,68.43575343392219,0.6238972646579324,3.4
real_estate,mean,streed,4,20,3,0.03,0.1,0.1,0.6224835595826989,70.10668998159744,76.27023582458496,53.80894995798228,0.7084885522171447,68.32722867482988,0.624208527792347,3.4
real_estate,mean,streed,4,20,3,0.05,1e-05,0.001,0.5672550758045496,80.10540820056845,73.68864064216613,58.45736898846508,0.6832611813054295,64.33137508960931,0.6456611515960284,2.0
real_estate,mean,streed,4,20,3,0.05,1e-05,0.1,0.5737404472984662,79.24712699974542,74.11429991722108,59.152943780814,0.6794535569300786,65.87295656097115,0.6383921667528358,2.0
real_estate,mean,streed,4,20,3,0.05,0.0001,0.001,0.5676524072598677,80.03739457804005,73.6261019229889,58.46445053060101,0.6832222201595901,65.66556148824142,0.6389903973798028,2.0
real_estate,mean,streed,4,20,3,0.05,0.0001,0.1,0.5739405654832744,79.21137996269854,73.98055100440979,59.16573921441326,0.6793840961725905,65.88354943509636,0.6383456777494714,2.0
real_estate,mean,streed,4,20,3,0.05,0.001,0.001,0.5652382666961817,80.53050060585258,73.62309098243713,58.519286196206494,0.6829231113652572,65.69604954434217,0.6389946630932511,2.0
real_estate,mean,streed,4,20,3,0.05,0.001,0.1,0.5818844480864596,77.76175234182033,74.00104298591614,59.29089452001826,0.6787034266115042,65.99749995407231,0.6378190502510812,2.0
real_estate,mean,streed,4,20,3,0.05,0.01,0.001,0.5853162420617531,77.09846776821249,73.2283522605896,59.529738578203116,0.6774664430462354,66.46258613360423,0.6357174822065158,2.0
real_estate,mean,streed,4,20,3,0.05,0.01,0.1,0.5934609957394494,75.69004829223213,73.61189107894897,59.84459183976463,0.6764081959552621,69.45023716158099,0.6172408197038368,2.2
real_estate,mean,streed,4,20,3,0.05,0.1,0.001,0.6029033509753565,73.97404318151766,76.29761652946472,61.48448569094044,0.6674762443864577,71.16267441814725,0.6069962381734608,2.2
real_estate,mean,streed,4,20,3,0.05,0.1,0.1,0.6058495520958382,73.25632567464858,77.2876407623291,61.849945883388315,0.6654554173176093,71.46614957435537,0.605017173698275,2.2
real_estate,mean,streed,4,20,3,0.08,1e-05,0.001,0.6396834814156419,67.34985591875666,30.250170373916625,58.45736898846508,0.6832611813054295,64.33137508960931,0.6456611515960284,2.0
real_estate,mean,streed,4,20,3,0.08,1e-05,0.1,0.6049210398785869,73.4222278440406,48.106667041778564,59.152943780814,0.6794535569300786,65.87295656097115,0.6383921667528358,2.0
real_estate,mean,streed,4,20,3,0.08,0.0001,0.001,0.6397358536929083,67.34215308501356,30.290037631988525,58.46445053060101,0.6832222201595901,65.66556148824142,0.6389903973798028,2.0
real_estate,mean,streed,4,20,3,0.08,0.0001,0.1,0.6049268002645852,73.4225363275572,48.55357947349548,59.16573921441326,0.6793840961725905,65.88354943509636,0.6383456777494714,2.0
real_estate,mean,streed,4,20,3,0.08,0.001,0.001,0.6333888089432849,68.53866485887194,31.034739208221435,58.519286196206494,0.6829231113652572,65.69604954434217,0.6389946630932511,2.0
real_estate,mean,streed,4,20,3,0.08,0.001,0.1,0.604943039424082,73.43275318086248,49.19606161117554,59.29089452001826,0.6787034266115042,65.99749995407231,0.6378190502510812,2.0
real_estate,mean,streed,4,20,3,0.08,0.01,0.001,0.6032900585196668,73.75353786863953,45.34215621948242,59.529738578203116,0.6774664430462354,66.46258613360423,0.6357174822065158,2.0
real_estate,mean,streed,4,20,3,0.08,0.01,0.1,0.5964889144039288,75.02242123684263,49.686149215698244,61.199211124123885,0.6685943511074658,68.5579761088016,0.6212655897291139,2.0
real_estate,mean,streed,4,20,3,0.08,0.1,0.001,0.5952674014701624,75.40319593444343,51.10622372627258,63.260447237724655,0.6572319726988681,72.52706475629387,0.6008418091320445,2.0
real_estate,mean,streed,4,20,3,0.08,0.1,0.1,0.592440054660825,75.91082067286544,54.067134618759155,63.56561220432491,0.6555589463333436,72.85510316535326,0.5987519458682182,2.0
real_estate,mean,streed,4,20,3,0.1,1e-05,0.001,0.6296886819844565,69.19980647405339,20.802110624313354,58.45736898846508,0.6832611813054295,64.33137508960931,0.6456611515960284,2.0
real_estate,mean,streed,4,20,3,0.1,1e-05,0.1,0.5795261842895554,78.40003027129926,22.425785493850707,73.15955741119845,0.6022409518690475,78.84707540944581,0.5707432830225792,1.2
real_estate,mean,streed,4,20,3,0.1,0.0001,0.001,0.6297560737278742,69.18946902520787,20.763973474502563,58.46445053060101,0.6832222201595901,65.66556148824142,0.6389903973798028,2.0
real_estate,mean,streed,4,20,3,0.1,0.0001,0.1,0.5795570876851471,78.39500300744248,22.449129819869995,73.16134445879905,0.6022323639969558,78.84246649130543,0.5707763219316963,1.2
real_estate,mean,streed,4,20,3,0.1,0.001,0.001,0.6173447035685264,71.21794412677308,20.81278510093689,62.1037084202891,0.6630225148577463,68.42639417059988,0.6253074511612295,1.8
real_estate,mean,streed,4,20,3,0.1,0.001,0.1,0.5798466414309933,78.34774632591382,22.370569372177123,77.33088556498373,0.581078620885652,81.17603829362855,0.5532031609904228,1.0
real_estate,mean,streed,4,20,3,0.1,0.01,0.001,0.5721796317382758,79.77726973801995,21.333873224258422,77.55854302299205,0.5798529797503138,81.38704719266278,0.5519454336407736,1.0
real_estate,mean,streed,4,20,3,0.1,0.01,0.1,0.5621167009433984,81.41511321360731,22.77412133216858,77.10793679156207,0.5822516363433458,80.85625601156701,0.5554746305342769,1.0
real_estate,mean,streed,4,20,3,0.1,0.1,0.001,0.5687636499873536,80.33547881511024,23.45742554664612,76.85244275826453,0.5836459830098153,80.45123791025432,0.5583699134918633,1.0
real_estate,mean,streed,4,20,3,0.1,0.1,0.1,0.5715053445488614,79.83290655020669,24.644102621078492,77.12645997114146,0.5821646337696738,80.66480462738691,0.5572600996051831,1.0
real_estate,std,streed,4,20,3,0.0001,1e-05,0.001,0.051695651520325445,13.827691827423243,6.335541912389448,2.682962491502436,0.014176579219588344,22.159008714655705,0.14627445056406835,0.547722557505166
real_estate,std,streed,4,20,3,0.0001,1e-05,0.1,0.04753740086848062,11.10676074068586,6.967206520883984,2.9221564961740008,0.016976158180651818,21.382450321924903,0.1378460989269244,0.547722557505166
real_estate,std,streed,4,20,3,0.0001,0.0001,0.001,0.049871423810145324,13.486323463132871,6.5726392252796035,2.702146204797884,0.014291684690126708,22.112355865968997,0.1458400598398545,0.547722557505166
real_estate,std,streed,4,20,3,0.0001,0.0001,0.1,0.046384650434880756,11.342544014801204,7.417404359178071,2.9170907631623075,0.01694818361167796,21.367498273579443,0.13755351603349003,0.547722557505166
real_estate,std,streed,4,20,3,0.0001,0.001,0.001,0.044665335816060345,12.472875083656364,6.986892014042277,2.7612631097277,0.014983767252743186,26.306210372213517,0.155808290891743,0.547722557505166
real_estate,std,streed,4,20,3,0.0001,0.001,0.1,0.04476897111713683,10.96353413152653,7.1784189571270165,2.826284709899787,0.01572328131380124,23.826020064489995,0.1389708166064599,0.547722557505166
real_estate,std,streed,4,20,3,0.0001,0.01,0.001,0.031432883266753996,8.312629330409345,6.479984179863844,2.786897550563092,0.015312360512912878,22.96579617971265,0.12295430868323469,0.547722557505166
real_estate,std,streed,4,20,3,0.0001,0.01,0.1,0.05110084528130867,9.822090464306818,6.05749022963066,2.780378476121749,0.016261291048681743,23.64702344476354,0.1191279148095533,0.547722557505166
real_estate,std,streed,4,20,3,0.0001,0.1,0.001,0.02441860389774122,6.6002956607419305,4.395914975619425,3.4390014343989947,0.01428374782555784,25.40748587347915,0.08739947221839403,0.5477225575051662
real_estate,std,streed,4,20,3,0.0001,0.1,0.1,0.01716190480369534,5.107866893666972,3.8576913512742492,4.076501522820399,0.015767523261839552,24.52862253390504,0.07933703508410911,0.5477225575051662
real_estate,std,streed,4,20,3,0.0005,1e-05,0.001,0.051695651520325445,13.827691827423243,6.888963292984485,2.682962491502436,0.014176579219588344,22.159008714655705,0.14627445056406835,0.547722557505166
real_estate,std,streed,4,20,3,0.0005,1e-05,0.1,0.04753740086848062,11.10676074068586,9.911995139595405,2.9221564961740008,0.016976158180651818,21.382450321924903,0.1378460989269244,0.547722557505166
real_estate,std,streed,4,20,3,0.0005,0.0001,0.001,0.049871423810145324,13.486323463132871,8.236108360502742,2.702146204797884,0.014291684690126708,22.112355865968997,0.1458400598398545,0.547722557505166
real_estate,std,streed,4,20,3,0.0005,0.0001,0.1,0.046384650434880756,11.342544014801204,7.823658482483579,2.9170907631623075,0.01694818361167796,21.367498273579443,0.13755351603349003,0.547722557505166
real_estate,std,streed,4,20,3,0.0005,0.001,0.001,0.044665335816060345,12.472875083656364,7.28829538733667,2.7612631097277,0.014983767252743186,26.306210372213517,0.155808290891743,0.547722557505166
real_estate,std,streed,4,20,3,0.0005,0.001,0.1,0.04476897111713683,10.96353413152653,7.36129242976713,2.826284709899787,0.01572328131380124,23.826020064489995,0.1389708166064599,0.547722557505166
real_estate,std,streed,4,20,3,0.0005,0.01,0.001,0.031432883266753996,8.312629330409345,6.5051419751562225,2.786897550563092,0.015312360512912878,22.96579617971265,0.12295430868323469,0.547722557505166
real_estate,std,streed,4,20,3,0.0005,0.01,0.1,0.05110084528130867,9.822090464306818,6.26439166262172,2.788012254400532,0.01629393655769501,24.441710288504723,0.12390892110971687,0.547722557505166
real_estate,std,streed,4,20,3,0.0005,0.1,0.001,0.02441860389774122,6.6002956607419305,4.345345662356614,3.4390014343989947,0.01428374782555784,25.40748587347915,0.08739947221839403,0.5477225575051662
real_estate,std,streed,4,20,3,0.0005,0.1,0.1,0.01716190480369534,5.107866893666972,4.032670245858101,4.076501522820399,0.015767523261839552,24.52862253390504,0.07933703508410911,0.5477225575051662
real_estate,std,streed,4,20,3,0.001,1e-05,0.001,0.051695651520325445,13.827691827423243,6.476361233720283,2.682962491502436,0.014176579219588344,22.159008714655705,0.14627445056406835,0.547722557505166
real_estate,std,streed,4,20,3,0.001,1e-05,0.1,0.04775414992390486,11.022146175206403,7.102564885788194,2.9221564961740008,0.016976158180651818,21.382450321924903,0.1378460989269244,0.547722557505166
real_estate,std,streed,4,20,3,0.001,0.0001,0.001,0.049871423810145324,13.486323463132871,6.542519514179935,2.7752041128349036,0.01464517307036012,24.745260849035862,0.1585484517173037,0.547722557505166
real_estate,std,streed,4,20,3,0.001,0.0001,0.1,0.04684118721554531,10.997354910306676,7.206791903241923,2.9170907631623075,0.01694818361167796,21.367498273579443,0.13755351603349003,0.547722557505166
real_estate,std,streed,4,20,3,0.001,0.001,0.001,0.044665335816060345,12.472875083656364,7.131978864072147,2.7612631097277,0.014983767252743186,26.306210372213517,0.155808290891743,0.547722557505166
real_estate,std,streed,4,20,3,0.001,0.001,0.1,0.0444702732404091,11.247587751886389,6.900338630312884,2.826284709899787,0.01572328131380124,23.826020064489995,0.1389708166064599,0.547722557505166
real_estate,std,streed,4,20,3,0.001,0.01,0.001,0.031432883266753996,8.312629330409345,6.542033360095657,2.786897550563092,0.015312360512912878,22.96579617971265,0.12295430868323469,0.547722557505166
real_estate,std,streed,4,20,3,0.001,0.01,0.1,0.05110084528130867,9.822090464306818,6.1019394800975295,2.788012254400532,0.01629393655769501,24.441710288504723,0.12390892110971687,0.547722557505166
real_estate,std,streed,4,20,3,0.001,0.1,0.001,0.02441860389774122,6.6002956607419305,4.158793321626419,3.4390014343989947,0.01428374782555784,25.40748587347915,0.08739947221839403,0.5477225575051662
real_estate,std,streed,4,20,3,0.001,0.1,0.1,0.0173739260671428,5.288285680416773,3.947054464434052,4.076501522820399,0.015767523261839552,24.52862253390504,0.07933703508410911,0.5477225575051662
real_estate,std,streed,4,20,3,0.003,1e-05,0.001,0.04609696590289513,12.372491681112773,6.9411084707732655,2.7704969298380155,0.015037976704858898,23.51733844915573,0.15856070831117072,0.44721359549995804
real_estate,std,streed,4,20,3,0.003,1e-05,0.1,0.046545604459259864,11.616734682939647,6.828448183295377,2.9221564961740008,0.016976158180651818,21.382450321924903,0.1378460989269244,0.547722557505166
real_estate,std,streed,4,20,3,0.003,0.0001,0.001,0.04628276894286906,12.303038202650146,6.819061436919555,2.769253844079201,0.01504914192556024,23.417942742404364,0.15786358276635956,0.44721359549995804
real_estate,std,streed,4,20,3,0.003,0.0001,0.1,0.04626803166692808,11.5660983198041,6.727110264408692,2.9170907631623075,0.01694818361167796,21.367498273579443,0.13755351603349003,0.547722557505166
real_estate,std,streed,4,20,3,0.003,0.001,0.001,0.044221793750037486,12.074204872365026,7.238864880818186,2.7612631097277,0.014983767252743186,26.306210372213517,0.155808290891743,0.547722557505166
real_estate,std,streed,4,20,3,0.003,0.001,0.1,0.06253933283781987,13.953309471288323,7.044894413648382,2.826284709899787,0.01572328131380124,23.826020064489995,0.1389708166064599,0.547722557505166
real_estate,std,streed,4,20,3,0.003,0.01,0.001,0.04979959784351387,12.46948955366817,8.241104926383462,2.7432643901233376,0.015111518902382968,24.2095023485274,0.13003843792189657,0.547722557505166
real_estate,std,streed,4,20,3,0.003,0.01,0.1,0.05455201429886444,10.975736511113993,5.5286448610329,2.788012254400532,0.01629393655769501,24.441710288504723,0.12390892110971687,0.547722557505166
real_estate,std,streed,4,20,3,0.003,0.1,0.001,0.021080110633492067,5.67197018560656,3.7764130454890803,3.9464446508147044,0.015170199503990714,25.882634708985336,0.09373427250394605,0.44721359549995804
real_estate,std,streed,4,20,3,0.003,0.1,0.1,0.020311128778069804,4.927962297307127,3.3614906274601735,4.202632636232122,0.01596469349217035,23.522072681394874,0.08403118715500649,0.7071067811865477
real_estate,std,streed,4,20,3,0.005,1e-05,0.001,0.04515433575829538,11.814756920035284,6.989066969858312,2.7704969298380155,0.015037976704858898,23.51733844915573,0.15856070831117072,0.44721359549995804
real_estate,std,streed,4,20,3,0.005,1e-05,0.1,0.04645674060603834,11.82462780147303,6.52413516305587,2.9742659371760447,0.017755974184392904,22.046081848138336,0.13805448425314865,0.44721359549995804
real_estate,std,streed,4,20,3,0.005,0.0001,0.001,0.045448327733937685,11.773035082716891,7.017156731216611,2.769253844079201,0.01504914192556024,23.417942742404364,0.15786358276635956,0.44721359549995804
real_estate,std,streed,4,20,3,0.005,0.0001,0.1,0.04617177232914092,11.7690604196661,6.390139017450649,2.968177144552227,0.01771950691317042,22.031554789739168,0.13776768549267326,0.44721359549995804
real_estate,std,streed,4,20,3,0.005,0.001,0.001,0.043042113706593305,11.2358479316246,7.247400362888759,2.7823470557873216,0.015792948681926135,25.322939344024498,0.15459575397956216,0.44721359549995804
real_estate,std,streed,4,20,3,0.005,0.001,0.1,0.06293294067923444,14.163333328247878,5.936004226047401,2.826284709899787,0.01572328131380124,23.826020064489995,0.1389708166064599,0.547722557505166
real_estate,std,streed,4,20,3,0.005,0.01,0.001,0.050294493933066335,12.038136124896086,5.895688907723831,2.7432643901233376,0.015111518902382968,24.2095023485274,0.13003843792189657,0.547722557505166
real_estate,std,streed,4,20,3,0.005,0.01,0.1,0.048582490434480645,10.223366517349909,4.745823600975208,2.811096616069926,0.016808081001554644,24.782305038778475,0.12450995425260149,0.44721359549995804
real_estate,std,streed,4,20,3,0.005,0.1,0.001,0.027786951316678517,7.272944613614847,3.2955219614230145,4.247584526107394,0.01634520499430227,24.37111903896911,0.09380016063278478,0.5477225575051661
real_estate,std,streed,4,20,3,0.005,0.1,0.1,0.022689589582412795,5.956699477484949,3.2787557780104217,3.9825016915830913,0.014628983792033616,23.180467672955274,0.08290115102434559,0.44721359549995787
real_estate,std,streed,4,20,3,0.008,1e-05,0.001,0.04515433575829538,11.814756920035284,6.922336560899012,2.909313232715169,0.015489566512724458,23.240924057437237,0.17570546558332936,0.8366600265340755
real_estate,std,streed,4,20,3,0.008,1e-05,0.1,0.05655907616633023,13.885839251967862,5.897593957114359,2.749846731574798,0.015599743999937968,22.61065846624382,0.15467244032315344,0.547722557505166
real_estate,std,streed,4,20,3,0.008,0.0001,0.001,0.045448327733937685,11.773035082716891,7.075863115194899,2.9075625305599258,0.015494987147261217,23.173873599280704,0.17503438410403693,0.8366600265340755
real_estate,std,streed,4,20,3,0.008,0.0001,0.1,0.056210441996062864,13.819286931701017,5.688993768571845,2.743598007887412,0.015560349387776689,22.592958348803393,0.1543773562034768,0.547722557505166
real_estate,std,streed,4,20,3,0.008,0.001,0.001,0.04085337310712593,10.841057478128757,7.1135318945114365,2.83702320604734,0.016471888382615728,27.143145044682903,0.1734553144530551,0.7071067811865476
real_estate,std,streed,4,20,3,0.008,0.001,0.1,0.06756523482354027,15.472815716570604,5.1146001795951195,2.825393255678229,0.017409177195601377,24.78043423922229,0.15594743622677332,0.44721359549995804
real_estate,std,streed,4,20,3,0.008,0.01,0.001,0.04884580095290169,11.532490491925168,5.03407966316989,3.074954707815526,0.018219360141845258,21.48175942353268,0.1410017878765268,0.5477225575051662
real_estate,std,streed,4,20,3,0.008,0.01,0.1,0.04837481950860055,10.589916738975633,4.07721063335301,2.7533678743367704,0.016856419261458578,24.52937822733014,0.13625445212017093,0.44721359549995804
real_estate,std,streed,4,20,3,0.008,0.1,0.001,0.023364374028322806,6.2274719045313525,2.6081181243699283,4.269054269401197,0.01578941012111933,24.780976534610392,0.09046650958740365,1.140175425099138
real_estate,std,streed,4,20,3,0.008,0.1,0.1,0.02542798970650744,6.335107314845363,2.6040635960558527,4.477997844395384,0.017224093403595573,23.837974114469173,0.0829236576864051,1.140175425099138
real_estate,std,streed,4,20,3,0.01,1e-05,0.001,0.04106509027894188,11.18150237818652,6.797014256457191,2.2850719677460103,0.013821826647187067,27.175917254065418,0.17863593796430224,0.44721359549995787
real_estate,std,streed,4,20,3,0.01,1e-05,0.1,0.05677684795009723,14.027301782342604,5.42073672367496,2.7234059620573117,0.01915708615910058,103.07249814407285,0.5019456078773104,0.5477225575051663
real_estate,std,streed,4,20,3,0.01,0.0001,0.001,0.041097371774823595,11.095962893791812,7.255758007715859,2.2855160371809298,0.013813916935016532,27.126841587021868,0.1779915037244328,0.44721359549995787
real_estate,std,streed,4,20,3,0.01,0.0001,0.1,0.0562025225058251,13.811264165949465,6.516194379901845,2.7207557830158393,0.01914222563151343,102.54633542308305,0.4992991744736349,0.5477225575051663
real_estate,std,streed,4,20,3,0.01,0.001,0.001,0.03994158639960244,10.728913275346047,6.760398756316724,2.298403242138957,0.013757597201635538,27.00233253208284,0.1727231608404291,0.44721359549995787
real_estate,std,streed,4,20,3,0.01,0.001,0.1,0.07026206623863517,15.959127958488715,5.117851847508891,2.774138913696089,0.018839814322200846,92.4192371248375,0.4494949615568695,0.5477225575051661
real_estate,std,streed,4,20,3,0.01,0.01,0.001,0.04853274047549511,11.493712899264663,4.94635914851287,2.571744047415974,0.015737970449783305,22.85922057882661,0.1376975647247976,0.894427190999916
real_estate,std,streed,4,20,3,0.01,0.01,0.1,0.05144832529219589,11.249368601660915,3.614965908888882,3.056148312968279,0.020741286280435117,22.852730611532035,0.13310499406788404,0.8366600265340756
real_estate,std,streed,4,20,3,0.01,0.1,0.001,0.02364162232740139,6.1873316471544815,2.4656566266968354,3.406017010936608,0.010333741082638025,26.85725599983509,0.09986969734851228,0.7071067811865476
real_estate,std,streed,4,20,3,0.01,0.1,0.1,0.026294331122125286,6.4587643595364685,2.6175742055486886,3.796121515932203,0.014394189771295973,24.061135697334798,0.08381615602565563,0.5477225575051662
real_estate,std,streed,4,20,3,0.03,1e-05,0.001,0.06611224695923924,13.779634747430949,5.819916821723027,3.592328091783869,0.023141116511547374,25.2533422163255,0.17758917087674417,0.44721359549995787
real_estate,std,streed,4,20,3,0.03,1e-05,0.1,0.06344580725596106,13.395871891991623,3.338110760309813,5.358886512599184,0.036455617706109146,24.551280828941795,0.1522750222327296,0.894427190999916
real_estate,std,streed,4,20,3,0.03,0.0001,0.001,0.06297509298352669,13.192381038967676,6.150320812578092,3.591353424328806,0.023140585404252734,25.20669797172415,0.17704975433805725,0.44721359549995787
real_estate,std,streed,4,20,3,0.03,0.0001,0.1,0.0631905782832712,13.35176654649417,3.4750215425708273,5.342617559068201,0.03637863207203056,24.51452732145521,0.15197242756032245,0.894427190999916
real_estate,std,streed,4,20,3,0.03,0.001,0.001,0.060046756355228346,12.58992625710772,4.648090993712163,5.224534821294972,0.03511346473088675,54.77148883004214,0.2803054872677555,0.894427190999916
real_estate,std,streed,4,20,3,0.03,0.001,0.1,0.0596050591011999,12.73539031026294,3.093838617225033,5.666999436250904,0.03774608803414973,26.69291725914681,0.1386062195816456,0.894427190999916
real_estate,std,streed,4,20,3,0.03,0.01,0.001,0.03780240170729908,8.620921009072797,2.759213824548265,5.043154782813001,0.03446722636755781,21.555504328036108,0.13584281344920915,0.894427190999916
real_estate,std,streed,4,20,3,0.03,0.01,0.1,0.03640777892533768,8.571276356644502,2.2475371878514636,5.030401181366772,0.034689021296886884,18.814021503167343,0.12305778276190883,0.894427190999916
real_estate,std,streed,4,20,3,0.03,0.1,0.001,0.020089543475105734,5.7267379101194065,3.1424183280574356,4.181461724753811,0.013504791094533262,18.450566205938465,0.06270495455837317,0.5477225575051661
real_estate,std,streed,4,20,3,0.03,0.1,0.1,0.016320812929479574,4.905920146852221,3.0679056006289884,4.144748981223341,0.013752609139947523,17.98151068326323,0.06105819035084186,0.5477225575051661
real_estate,std,streed,4,20,3,0.05,1e-05,0.001,0.05013553584171526,10.79566124224189,4.716082087703558,4.724706594397585,0.018006875640033962,20.489712815191833,0.0887263252541167,0.0
real_estate,std,streed,4,20,3,0.05,1e-05,0.1,0.036275070216212645,7.320348337559637,4.346918393480875,4.581341574010607,0.017501955389147762,21.66794374675572,0.0895232784584471,0.0
real_estate,std,streed,4,20,3,0.05,0.0001,0.001,0.04998391093865691,10.769876813540195,4.715194393367383,4.722186350849473,0.01799832992695697,21.67419074391103,0.0926227898966739,0.0
real_estate,std,streed,4,20,3,0.05,0.0001,0.1,0.03628741238272188,7.306602496772626,4.452279500877357,4.580611954752432,0.017495301482323488,21.67478895300165,0.08950262556041394,0.0
real_estate,std,streed,4,20,3,0.05,0.001,0.001,0.043064804301602505,8.819165518112918,4.558001178883982,4.7155678952673075,0.017971989740191954,21.751088678428978,0.09223239488270475,0.0
real_estate,std,streed,4,20,3,0.05,0.001,0.1,0.04188849017234479,9.249066107790242,4.369319476146001,4.572444458384354,0.017450177760172523,21.73614547325294,0.08933512458974338,0.0
real_estate,std,streed,4,20,3,0.05,0.01,0.001,0.04295661138506279,8.18003296579493,4.491025301588727,4.754122491168765,0.01755210475992321,22.212186236709265,0.09017090086903452,0.0
real_estate,std,streed,4,20,3,0.05,0.01,0.1,0.041090017714745006,8.544121619666027,4.45688178286265,7.482779331693276,0.02853505557775604,22.284914084379494,0.0982913404308512,0.447213595499958
real_estate,std,streed,4,20,3,0.05,0.1,0.001,0.017275033611616933,5.374074222239383,5.491178946851604,8.181502783886913,0.03425948847362575,18.32014862160213,0.07293985285841478,0.447213595499958
real_estate,std,streed,4,20,3,0.05,0.1,0.1,0.02398833356398985,5.139043332644178,5.556144464091357,8.044065021699202,0.033633067403382184,17.78227501498514,0.07093943908790333,0.447213595499958
real_estate,std,streed,4,20,3,0.08,1e-05,0.001,0.018323790152402403,3.566077978888741,9.969093200885833,4.724706594397585,0.018006875640033962,20.489712815191833,0.0887263252541167,0.0
real_estate,std,streed,4,20,3,0.08,1e-05,0.1,0.03728369735141886,7.549637122964607,3.8189458718344,4.581341574010607,0.017501955389147762,21.66794374675572,0.0895232784584471,0.0
real_estate,std,streed,4,20,3,0.08,0.0001,0.001,0.018326813566516314,3.568996068833533,9.999582249725819,4.722186350849473,0.01799832992695697,21.67419074391103,0.0926227898966739,0.0
real_estate,std,streed,4,20,3,0.08,0.0001,0.1,0.03725326185814652,7.549326789332777,3.4866054111644207,4.580611954752432,0.017495301482323488,21.67478895300165,0.08950262556041394,0.0
real_estate,std,streed,4,20,3,0.08,0.001,0.001,0.023651498459433717,2.0635824363693436,9.631019437741767,4.7155678952673075,0.017971989740191954,21.751088678428978,0.09223239488270475,0.0
real_estate,std,streed,4,20,3,0.08,0.001,0.1,0.0369764913544519,7.547097316717083,3.523506807381364,4.572444458384354,0.017450177760172523,21.73614547325294,0.08933512458974338,0.0
real_estate,std,streed,4,20,3,0.08,0.01,0.001,0.036902989232525316,7.912592572083406,4.094883929349481,4.754122491168765,0.01755210475992321,22.212186236709265,0.09017090086903452,0.0
real_estate,std,streed,4,20,3,0.08,0.01,0.1,0.03033945074945225,5.914631487393367,3.830515037782541,5.193962482009068,0.01646111875252677,21.138038658896235,0.09668020898654964,0.0
real_estate,std,streed,4,20,3,0.08,0.1,0.001,0.02163420368257703,3.716355294841883,3.5410516040411784,5.110761300779036,0.01955856848299591,20.280154840348935,0.07584001430357884,0.0
real_estate,std,streed,4,20,3,0.08,0.1,0.1,0.020765302665541736,3.4161376564914816,5.50489693768759,5.063268805385397,0.019520275894694513,19.76576533773067,0.07355517852377827,0.0
real_estate,std,streed,4,20,3,0.1,1e-05,0.001,0.030712040086482692,5.01928715365972,1.160301939614984,4.724706594397585,0.018006875640033962,20.489712815191833,0.0887263252541167,0.0
real_estate,std,streed,4,20,3,0.1,1e-05,0.1,0.044099158200817716,8.514801884560994,1.3004856610762279,8.340006700994458,0.05150549173669732,24.420651087325393,0.07640012103566865,0.4472135954999579
real_estate,std,streed,4,20,3,0.1,0.0001,0.001,0.03070826992873315,5.022054211057993,1.1518120657927848,4.722186350849473,0.01799832992695697,21.67419074391103,0.0926227898966739,0.0
real_estate,std,streed,4,20,3,0.1,0.0001,0.1,0.04407975120471865,8.513507598233234,1.2473818186652925,8.334474767012422,0.05147200701658592,24.42511080424817,0.0764074251363931,0.4472135954999579
real_estate,std,streed,4,20,3,0.1,0.001,0.001,0.033584524382376704,4.653600285393353,1.133770136080567,7.994625703708841,0.04468494609832336,25.126329488621536,0.10676725212443722,0.4472135954999579
real_estate,std,streed,4,20,3,0.1,0.001,0.1,0.04388884074627415,8.50009016707525,1.2785323189879907,5.643942821904731,0.01656277658927436,21.902109767060942,0.0802953229898505,0.0
real_estate,std,streed,4,20,3,0.1,0.01,0.001,0.03553556495774477,7.165521246820173,1.2104849214437068,5.802555095606137,0.017768341562626182,21.8709867560129,0.08055169277989714,0.0
real_estate,std,streed,4,20,3,0.1,0.01,0.1,0.02809173492557249,4.696022890093803,1.5345012831346867,5.542240856162891,0.016771431991971588,22.09912978515241,0.07870976515046943,0.0
real_estate,std,streed,4,20,3,0.1,0.1,0.001,0.02715886240141174,4.393432899835253,1.693122777651597,5.60634492716748,0.0171978862941614,22.354080405099875,0.07649461532724043,0.0
real_estate,std,streed,4,20,3,0.1,0.1,0.1,0.021972522007484434,3.6193054463951184,1.6937898437807999,5.690290114511365,0.0177920177607841,22.25619464505891,0.0752434785431505,0.0
real_estate,best_by_mean_val_r2,streed,4,20,3,0.08,0.0001,0.001,0.6397358536929083,67.34215308501356,30.290037631988525,58.46445053060101,0.6832222201595901,65.66556148824142,0.6389903973798028,2.0
