dataset,outer,method,depth,n_thresholds,cv_folds,cost_complexity,ridge_penalty,lasso_penalty,val_r2,val_mse,train_time_s,train_mse,train_r2,test_mse,test_r2,n_leaves
auto_mpg,outer_0,streed,4,20,3,0.1,0.1,0.1,0.8047229166625659,12.327805952180016,0.0655450820922851,12.198915881131306,0.8027553469283614,13.578294406113692,0.7571051812150456,1.0
auto_mpg,outer_0,streed,4,20,3,0.1,0.1,0.001,0.8044835492105215,12.344670182226409,0.060943603515625,12.219763968507594,0.8024182535504076,13.725868573713116,0.754465306159732,1.0
auto_mpg,outer_0,streed,4,20,3,0.1,0.01,0.1,0.8013906380498953,12.571361194209215,0.063873291015625,12.404462034874554,0.7994318647287664,13.86116286041125,0.7520450993011013,1.0
auto_mpg,outer_0,streed,4,20,3,0.1,0.01,0.001,0.797285395236094,12.80948918362673,0.0540452003479003,12.58138200679562,0.7965712401599068,14.160959737477867,0.7466821939206874,1.0
auto_mpg,outer_0,streed,4,20,3,0.1,0.001,0.1,0.7970524857184639,12.842481374197389,0.0743556022644043,12.4391144774727,0.7988715682987427,13.893126232088262,0.7514733237055046,1.0
auto_mpg,outer_0,streed,4,20,3,0.1,0.001,0.001,0.7928022631108557,13.11008089874008,0.0538113117218017,12.634879970099195,0.7957062299151707,14.20969053539095,0.7458104748391645,1.0
auto_mpg,outer_0,streed,4,20,3,0.1,0.0001,0.1,0.7969966024436084,12.846051233528106,0.0638072490692138,12.442834625038396,0.7988114171162015,13.896435559821017,0.7514141249183884,1.0
auto_mpg,outer_0,streed,4,20,3,0.1,0.0001,0.001,0.7927141149467017,13.115581004612691,0.0530378818511962,12.640535968279908,0.7956147779033854,14.214709380572817,0.7457206954121984,1.0
auto_mpg,outer_0,streed,4,20,3,0.1,1e-05,0.1,0.7969909713973147,12.846410780761294,0.0643060207366943,12.443209454953882,0.7988053564795546,13.896767874327,0.7514081803226023,1.0
auto_mpg,outer_0,streed,4,20,3,0.1,1e-05,0.001,0.7927052476311379,13.116134126931223,0.0526070594787597,12.641104934700248,0.7956055782675093,14.215213015404728,0.7457116861590791,1.0
auto_mpg,outer_0,streed,4,20,3,0.08,0.1,0.1,0.8047229166625659,12.327805952180016,0.9505784511566162,12.198915881131306,0.8027553469283614,13.578294406113692,0.7571051812150456,1.0
auto_mpg,outer_0,streed,4,20,3,0.08,0.1,0.001,0.8044835492105215,12.344670182226409,0.0712230205535888,12.219763968507594,0.8024182535504076,13.725868573713116,0.754465306159732,1.0
auto_mpg,outer_0,streed,4,20,3,0.08,0.01,0.1,0.8013906380498953,12.571361194209215,0.0743875503540039,12.404462034874554,0.7994318647287664,13.86116286041125,0.7520450993011013,1.0
auto_mpg,outer_0,streed,4,20,3,0.08,0.01,0.001,0.8014227750704089,12.604394127942106,0.0667507648468017,12.58138200679562,0.7965712401599068,14.160959737477867,0.7466821939206874,1.0
auto_mpg,outer_0,streed,4,20,3,0.08,0.001,0.1,0.8026038413555355,12.56729378226606,0.0776548385620117,12.4391144774727,0.7988715682987427,13.893126232088262,0.7514733237055046,1.0
auto_mpg,outer_0,streed,4,20,3,0.08,0.001,0.001,0.8031336671069109,12.597940374368298,0.0660967826843261,12.634879970099195,0.7957062299151707,14.20969053539095,0.7458104748391645,1.0
auto_mpg,outer_0,streed,4,20,3,0.08,0.0001,0.1,0.8025719643612018,12.569673620463226,0.073826789855957,12.442834625038396,0.7988114171162015,13.896435559821017,0.7514141249183884,1.0
auto_mpg,outer_0,streed,4,20,3,0.08,0.0001,0.001,0.8013550883514077,12.68723722362626,0.0656988620758056,12.640535968279908,0.7956147779033854,14.214709380572817,0.7457206954121984,1.0
auto_mpg,outer_0,streed,4,20,3,0.08,1e-05,0.1,0.802568609905777,12.56992031426024,0.073953628540039,12.443209454953882,0.7988053564795546,13.896767874327,0.7514081803226023,1.0
auto_mpg,outer_0,streed,4,20,3,0.08,1e-05,0.001,0.8013446783954795,12.687866816543112,0.0652346611022949,12.641104934700248,0.7956055782675093,14.215213015404728,0.7457116861590791,1.0
auto_mpg,outer_0,streed,4,20,3,0.05,0.1,0.1,0.8364497811992373,10.253045716787696,6.59073281288147,9.037794078744303,0.8538676243884789,12.454247867084812,0.7772126462793134,2.0
auto_mpg,outer_0,streed,4,20,3,0.05,0.1,0.001,0.8395345299761887,10.05220156014299,5.262693643569946,8.344406124284635,0.865079035947845,9.646541870423974,0.8274381914665867,2.0
auto_mpg,outer_0,streed,4,20,3,0.05,0.01,0.1,0.8399792122557498,10.02827456710525,5.891550302505493,7.934492290214377,0.8717069455734465,8.046165411301805,0.8560664667418055,2.0
auto_mpg,outer_0,streed,4,20,3,0.05,0.01,0.001,0.8517702359585089,9.180364072509464,1.1277470588684082,7.765504876999588,0.8744393083520587,7.800687974665713,0.8604576808151042,2.0
auto_mpg,outer_0,streed,4,20,3,0.05,0.001,0.1,0.8495649085547653,9.372374914193246,5.780614614486694,7.928097430787092,0.871810344255876,7.961599767925194,0.8575792161349949,2.0
auto_mpg,outer_0,streed,4,20,3,0.05,0.001,0.001,0.85698109031866,8.936034499342144,1.1356170177459717,7.867219939434524,0.8727946743208355,7.810643963758084,0.8602795834713518,2.0
auto_mpg,outer_0,streed,4,20,3,0.05,0.0001,0.1,0.8495357262947646,9.374588026887231,5.700151681900024,7.928302442627649,0.871807029413003,7.9539742353760765,0.8577156251928088,2.0
auto_mpg,outer_0,streed,4,20,3,0.05,0.0001,0.001,0.8549929993766424,9.039673502206428,1.1288843154907229,7.8711187225389425,0.872731634774672,7.8343449890499395,0.8598556085543924,2.0
auto_mpg,outer_0,streed,4,20,3,0.05,1e-05,0.1,0.8495319185758193,9.374867287215825,5.67988395690918,7.92834906227333,0.8718062756184914,7.953220543465934,0.8577291075827509,2.0
auto_mpg,outer_0,streed,4,20,3,0.05,1e-05,0.001,0.8549576926366304,9.042006840815477,1.1405949592590332,7.872416087533002,0.8727106576394368,7.830864005544905,0.8599178779994612,2.0
auto_mpg,outer_0,streed,4,20,3,0.03,0.1,0.1,0.8436646750958916,9.766280246991096,16.44315218925476,7.278347482773048,0.8823161715218526,9.446035121155386,0.8310249490572033,3.0
auto_mpg,outer_0,streed,4,20,3,0.03,0.1,0.001,0.8470795269775833,9.543165105469576,13.690738677978516,8.344406124284635,0.865079035947845,9.646541870423974,0.8274381914665867,2.0
auto_mpg,outer_0,streed,4,20,3,0.03,0.01,0.1,0.8418543225460455,9.901766962911717,14.542980670928957,7.934492290214377,0.8717069455734465,8.046165411301805,0.8560664667418055,2.0
auto_mpg,outer_0,streed,4,20,3,0.03,0.01,0.001,0.8517702359585089,9.180364072509464,10.534181594848633,7.765504876999588,0.8744393083520587,7.800687974665713,0.8604576808151042,2.0
auto_mpg,outer_0,streed,4,20,3,0.03,0.001,0.1,0.8506507287502613,9.299118150456168,14.377161026000977,7.928097430787092,0.871810344255876,7.961599767925194,0.8575792161349949,2.0
auto_mpg,outer_0,streed,4,20,3,0.03,0.001,0.001,0.8536314941942883,9.162020876198596,10.059798955917358,7.867219939434524,0.8727946743208355,7.810643963758084,0.8602795834713518,2.0
auto_mpg,outer_0,streed,4,20,3,0.03,0.0001,0.1,0.8505403936866034,9.30680637936993,14.37359094619751,7.928302442627649,0.871807029413003,7.9539742353760765,0.8577156251928088,2.0
auto_mpg,outer_0,streed,4,20,3,0.03,0.0001,0.001,0.8508041055946335,9.322284567446514,10.019958019256592,7.8711187225389425,0.872731634774672,7.8343449890499395,0.8598556085543924,2.0
auto_mpg,outer_0,streed,4,20,3,0.03,1e-05,0.1,0.8505280653652877,9.30766049708038,14.36860489845276,7.92834906227333,0.8718062756184914,7.953220543465934,0.8577291075827509,2.0
auto_mpg,outer_0,streed,4,20,3,0.03,1e-05,0.001,0.8502923993018339,9.35675903736603,10.059685468673706,7.872416087533002,0.8727106576394368,7.830864005544905,0.8599178779994612,2.0
auto_mpg,outer_0,streed,4,20,3,0.01,0.1,0.1,0.8706006700639639,8.213624022209224,18.536338090896606,6.967144171712981,0.8873480276083212,8.585796423207595,0.8464132972841907,4.0
auto_mpg,outer_0,streed,4,20,3,0.01,0.1,0.001,0.8602285644572895,8.671221480631752,18.42453527450561,6.679624492651876,0.891996942306995,8.32898733722063,0.8510072171490486,4.0
auto_mpg,outer_0,streed,4,20,3,0.01,0.01,0.1,0.846397398711788,9.49142663610276,18.66992235183716,6.5853412191557,0.893521411510031,9.702108144029458,0.8264441962301982,4.0
auto_mpg,outer_0,streed,4,20,3,0.01,0.01,0.001,0.8301430393388233,10.406940699777527,18.32446312904358,5.221962924390732,0.9155659178724588,9.749051262116875,0.825604455993316,5.0
auto_mpg,outer_0,streed,4,20,3,0.01,0.001,0.1,0.8491616868938894,9.316213760295131,18.602083444595337,6.533722363579483,0.8943560384030514,9.834052908669554,0.8240839071733892,4.0
auto_mpg,outer_0,streed,4,20,3,0.01,0.001,0.001,0.8264559555991347,10.483474131775717,18.387495040893555,5.047976928913279,0.9183791028842804,10.364654360992564,0.8145922626594065,5.0
auto_mpg,outer_0,streed,4,20,3,0.01,0.0001,0.1,0.849793422549399,9.272898335074366,18.596785306930546,6.52062026761522,0.8945678866031836,9.84514170738646,0.8238855456064407,4.0
auto_mpg,outer_0,streed,4,20,3,0.01,0.0001,0.001,0.8245878386445455,10.588519464636386,18.39704656600952,5.042029868493921,0.9184752610905212,10.568960091891949,0.8109375471259748,5.0
auto_mpg,outer_0,streed,4,20,3,0.01,1e-05,0.1,0.8497856941716906,9.273359754855084,18.76247262954712,6.5190730202651,0.8945929040940627,9.846170653051669,0.8238671393498509,4.0
auto_mpg,outer_0,streed,4,20,3,0.01,1e-05,0.001,0.8016222430392189,11.735109577691532,18.40073251724243,5.042513560507322,0.9184674402592026,10.599128476028516,0.8103978810988052,5.0
auto_mpg,outer_0,streed,4,20,3,0.008,0.1,0.1,0.841845337856271,9.793392791929168,18.396137475967407,6.967144171712981,0.8873480276083212,8.585796423207595,0.8464132972841907,4.0
auto_mpg,outer_0,streed,4,20,3,0.008,0.1,0.001,0.8602285644572895,8.671221480631752,18.75981116294861,6.679624492651876,0.891996942306995,8.32898733722063,0.8510072171490486,4.0
auto_mpg,outer_0,streed,4,20,3,0.008,0.01,0.1,0.8519316575147834,9.259104025931524,18.367833137512207,6.5853412191557,0.893521411510031,9.702108144029458,0.8264441962301982,4.0
auto_mpg,outer_0,streed,4,20,3,0.008,0.01,0.001,0.826648889660122,10.6479707322586,18.369122743606567,5.221962924390732,0.9155659178724588,9.749051262116875,0.825604455993316,5.0
auto_mpg,outer_0,streed,4,20,3,0.008,0.001,0.1,0.8519293957224064,9.171270668284356,18.42428684234619,6.054182520697636,0.9021097331464968,8.218163993358331,0.8529896764491249,5.0
auto_mpg,outer_0,streed,4,20,3,0.008,0.001,0.001,0.8574368332181259,8.947713559897364,18.6329448223114,5.047976928913279,0.9183791028842804,10.364654360992564,0.8145922626594065,5.0
auto_mpg,outer_0,streed,4,20,3,0.008,0.0001,0.1,0.8516070283958069,9.189050775903665,18.44796228408813,6.028324686239491,0.9025278292819712,8.205893017532693,0.8532091853476904,5.0
auto_mpg,outer_0,streed,4,20,3,0.008,0.0001,0.001,0.8568186796282014,8.990796656718357,18.509121894836422,5.042029868493921,0.9184752610905212,10.568960091891949,0.8109375471259748,5.0
auto_mpg,outer_0,streed,4,20,3,0.008,1e-05,0.1,0.8515818425447005,9.190500652348463,18.34828519821167,6.02549036431394,0.9025736575219842,8.204575667400444,0.8532327507169539,5.0
auto_mpg,outer_0,streed,4,20,3,0.008,1e-05,0.001,0.8643617374867207,8.481990659504484,18.537272691726685,5.042513560507322,0.9184674402592026,10.599128476028516,0.8103978810988052,5.0
auto_mpg,outer_0,streed,4,20,3,0.005,0.1,0.1,0.8410280881455138,9.849246729050083,18.004461526870728,6.52842790303196,0.8944416447015187,10.000693182580376,0.8211029687783858,6.0
auto_mpg,outer_0,streed,4,20,3,0.005,0.1,0.001,0.8453649520314187,9.61869390951044,17.84322714805603,6.022231529744429,0.9026263497202373,9.128334846167755,0.8367081187111405,6.0
auto_mpg,outer_0,streed,4,20,3,0.005,0.01,0.1,0.8513393158099006,9.299586899040127,18.625443935394287,5.857242559193827,0.9052940615541418,9.328504344650344,0.8331273940187732,6.0
auto_mpg,outer_0,streed,4,20,3,0.005,0.01,0.001,0.841819213802776,9.88468105742913,19.43411159515381,4.804909648048819,0.9223092653638278,10.17589048190484,0.8179689583498103,6.0
auto_mpg,outer_0,streed,4,20,3,0.005,0.001,0.1,0.845125603249335,9.636441963217374,19.31749582290649,5.604736978189078,0.9093768322043576,8.978868753117547,0.8393818374051157,6.0
auto_mpg,outer_0,streed,4,20,3,0.005,0.001,0.001,0.8559878541919925,9.053154332855426,19.720515251159668,4.570872748411932,0.9260934153263866,7.575260700448528,0.8644902282973208,6.0
auto_mpg,outer_0,streed,4,20,3,0.005,0.0001,0.1,0.84462088900725,9.66666059813813,19.38623833656311,5.596099634954111,0.90951648967773,8.972086924205993,0.8395031539015205,6.0
auto_mpg,outer_0,streed,4,20,3,0.005,0.0001,0.001,0.8547313532772435,9.140086729356696,19.710154056549072,4.556060596641927,0.9263329134724176,7.613749114323512,0.8638017297249762,6.0
auto_mpg,outer_0,streed,4,20,3,0.005,1e-05,0.1,0.8445798744745172,9.669190203357438,19.38436388969421,5.595237970543001,0.9095304219565892,8.971402842773326,0.8395153910670032,6.0
auto_mpg,outer_0,streed,4,20,3,0.005,1e-05,0.001,0.8545846786320345,9.150191851024312,19.092328310012817,4.544746126729828,0.9265158574909064,7.59801759452408,0.8640831424368094,6.0
auto_mpg,outer_0,streed,4,20,3,0.003,0.1,0.1,0.8365415761961937,10.155871929415596,18.143414974212646,6.465660405028009,0.8954565343432379,10.186474895907091,0.8177796194502307,7.0
auto_mpg,outer_0,streed,4,20,3,0.003,0.1,0.001,0.8518291084808908,9.182578258187396,17.82008171081543,6.022231529744429,0.9026263497202373,9.128334846167755,0.8367081187111405,6.0
auto_mpg,outer_0,streed,4,20,3,0.003,0.01,0.1,0.8518210449248894,9.26708619946906,18.126192808151245,5.428048700636406,0.9122337104997156,8.420067858565819,0.8493779266015541,8.0
auto_mpg,outer_0,streed,4,20,3,0.003,0.01,0.001,0.841819213802776,9.88468105742913,18.52685165405273,4.600943265958655,0.92560720418607,5.978679202564812,0.8930506175483645,7.0
auto_mpg,outer_0,streed,4,20,3,0.003,0.001,0.1,0.845125603249335,9.636441963217374,18.25277066230774,5.282803164425394,0.9145821901252256,8.223380071284902,0.8528963688314781,8.0
auto_mpg,outer_0,streed,4,20,3,0.003,0.001,0.001,0.8559878541919925,9.053154332855426,18.68844699859619,4.274667746310477,0.9308827632854092,7.50927497233543,0.8656706115614521,7.0
auto_mpg,outer_0,streed,4,20,3,0.003,0.0001,0.1,0.84462088900725,9.66666059813813,18.400753259658813,5.2677546482997,0.9148255100539288,8.18720104991491,0.8535435559211559,8.0
auto_mpg,outer_0,streed,4,20,3,0.003,0.0001,0.001,0.8547313532772435,9.140086729356696,18.71088671684265,4.261971735833706,0.9310880454765716,7.602984288116483,0.8639942959216282,7.0
auto_mpg,outer_0,streed,4,20,3,0.003,1e-05,0.1,0.8445798744745172,9.669190203357438,18.39370894432068,5.265294880094262,0.9148652821231066,8.18438851179777,0.8535938679055521,8.0
auto_mpg,outer_0,streed,4,20,3,0.003,1e-05,0.001,0.8545846786320345,9.150191851024312,18.808441400527958,4.250727108312774,0.9312698602112496,7.597262690111509,0.8640966465165566,7.0
auto_mpg,outer_0,streed,4,20,3,0.001,0.1,0.1,0.8425320465710726,9.75171433983791,18.474443435668945,6.32806151828175,0.8976813750539842,9.943934344426092,0.8221182971617299,8.0
auto_mpg,outer_0,streed,4,20,3,0.001,0.1,0.001,0.8518291084808908,9.182578258187396,18.322996854782104,5.627844974495681,0.9090031982881072,8.4467871619578,0.8488999593280994,8.0
auto_mpg,outer_0,streed,4,20,3,0.001,0.01,0.1,0.8518210449248894,9.26708619946906,18.71451234817505,5.428048700636406,0.9122337104997156,8.420067858565819,0.8493779266015541,8.0
auto_mpg,outer_0,streed,4,20,3,0.001,0.01,0.001,0.841819213802776,9.88468105742913,19.077364206314087,4.51974026217014,0.9269201780984008,7.602406567184867,0.86400463046121,8.0
auto_mpg,outer_0,streed,4,20,3,0.001,0.001,0.1,0.845125603249335,9.636441963217374,18.8160560131073,5.282803164425394,0.9145821901252256,8.223380071284902,0.8528963688314781,8.0
auto_mpg,outer_0,streed,4,20,3,0.001,0.001,0.001,0.8559878541919925,9.053154332855426,19.47711586952209,4.274667746310477,0.9308827632854092,7.50927497233543,0.8656706115614521,7.0
auto_mpg,outer_0,streed,4,20,3,0.001,0.0001,0.1,0.84462088900725,9.66666059813813,18.676729917526245,5.2677546482997,0.9148255100539288,8.18720104991491,0.8535435559211559,8.0
auto_mpg,outer_0,streed,4,20,3,0.001,0.0001,0.001,0.8547313532772435,9.140086729356696,19.632026433944706,4.18947739532732,0.9322602087394528,9.840297824642253,0.8239721952242925,8.0
auto_mpg,outer_0,streed,4,20,3,0.001,1e-05,0.1,0.8445798744745172,9.669190203357438,18.87136292457581,5.265294880094262,0.9148652821231066,8.18438851179777,0.8535938679055521,8.0
auto_mpg,outer_0,streed,4,20,3,0.001,1e-05,0.001,0.8545846786320345,9.150191851024312,19.847140312194824,4.178267473674194,0.9324414623138668,9.854117053445696,0.8237249904594254,8.0
auto_mpg,outer_0,streed,4,20,3,0.0005,0.1,0.1,0.8425320465710726,9.75171433983791,18.65934705734253,6.32806151828175,0.8976813750539842,9.943934344426092,0.8221182971617299,8.0
auto_mpg,outer_0,streed,4,20,3,0.0005,0.1,0.001,0.8518291084808908,9.182578258187396,18.34787487983704,5.627844974495681,0.9090031982881072,8.4467871619578,0.8488999593280994,8.0
auto_mpg,outer_0,streed,4,20,3,0.0005,0.01,0.1,0.8518210449248894,9.26708619946906,18.736687660217285,5.428048700636406,0.9122337104997156,8.420067858565819,0.8493779266015541,8.0
auto_mpg,outer_0,streed,4,20,3,0.0005,0.01,0.001,0.841819213802776,9.88468105742913,19.24562668800354,4.51974026217014,0.9269201780984008,7.602406567184867,0.86400463046121,8.0
auto_mpg,outer_0,streed,4,20,3,0.0005,0.001,0.1,0.845125603249335,9.636441963217374,18.81050968170166,5.282803164425394,0.9145821901252256,8.223380071284902,0.8528963688314781,8.0
auto_mpg,outer_0,streed,4,20,3,0.0005,0.001,0.001,0.8559878541919925,9.053154332855426,19.66049027442932,4.201906556628412,0.9320592412409722,9.565132400181964,0.8288944817730415,8.0
auto_mpg,outer_0,streed,4,20,3,0.0005,0.0001,0.1,0.84462088900725,9.66666059813813,18.80910444259644,5.2677546482997,0.9148255100539288,8.18720104991491,0.8535435559211559,8.0
auto_mpg,outer_0,streed,4,20,3,0.0005,0.0001,0.001,0.8547313532772435,9.140086729356696,19.683340787887573,4.18947739532732,0.9322602087394528,9.840297824642253,0.8239721952242925,8.0
auto_mpg,outer_0,streed,4,20,3,0.0005,1e-05,0.1,0.8445798744745172,9.669190203357438,18.78004145622253,5.265294880094262,0.9148652821231066,8.18438851179777,0.8535938679055521,8.0
auto_mpg,outer_0,streed,4,20,3,0.0005,1e-05,0.001,0.8545846786320345,9.150191851024312,19.692994832992557,4.178267473674194,0.9324414623138668,9.854117053445696,0.8237249904594254,8.0
auto_mpg,outer_0,streed,4,20,3,0.0001,0.1,0.1,0.8425320465710726,9.75171433983791,18.61143970489502,6.32806151828175,0.8976813750539842,9.943934344426092,0.8221182971617299,8.0
auto_mpg,outer_0,streed,4,20,3,0.0001,0.1,0.001,0.8518291084808908,9.182578258187396,18.42515182495117,5.627844974495681,0.9090031982881072,8.4467871619578,0.8488999593280994,8.0
auto_mpg,outer_0,streed,4,20,3,0.0001,0.01,0.1,0.8518210449248894,9.26708619946906,18.88330745697021,5.428048700636406,0.9122337104997156,8.420067858565819,0.8493779266015541,8.0
auto_mpg,outer_0,streed,4,20,3,0.0001,0.01,0.001,0.841819213802776,9.88468105742913,19.42528986930847,4.51974026217014,0.9269201780984008,7.602406567184867,0.86400463046121,8.0
auto_mpg,outer_0,streed,4,20,3,0.0001,0.001,0.1,0.845125603249335,9.636441963217374,18.87646102905273,5.282803164425394,0.9145821901252256,8.223380071284902,0.8528963688314781,8.0
auto_mpg,outer_0,streed,4,20,3,0.0001,0.001,0.001,0.8559878541919925,9.053154332855426,19.777533292770386,4.201906556628412,0.9320592412409722,9.565132400181964,0.8288944817730415,8.0
auto_mpg,outer_0,streed,4,20,3,0.0001,0.0001,0.1,0.84462088900725,9.66666059813813,18.766955137252808,5.2677546482997,0.9148255100539288,8.18720104991491,0.8535435559211559,8.0
auto_mpg,outer_0,streed,4,20,3,0.0001,0.0001,0.001,0.8547313532772435,9.140086729356696,20.205323457717896,4.18947739532732,0.9322602087394528,9.840297824642253,0.8239721952242925,8.0
auto_mpg,outer_0,streed,4,20,3,0.0001,1e-05,0.1,0.8445798744745172,9.669190203357438,19.183002710342407,5.265294880094262,0.9148652821231066,8.18438851179777,0.8535938679055521,8.0
auto_mpg,outer_0,streed,4,20,3,0.0001,1e-05,0.001,0.8545846786320345,9.150191851024312,20.05035734176636,4.178267473674194,0.9324414623138668,9.854117053445696,0.8237249904594254,8.0
auto_mpg,outer_1,streed,4,20,3,0.1,0.1,0.1,0.7702008649797562,13.917250672575856,0.0629961490631103,13.269282020175396,0.782784670066399,10.282087099303752,0.8260205545544903,1.0
auto_mpg,outer_1,streed,4,20,3,0.1,0.1,0.001,0.7701513763906033,13.920358667271572,0.058389663696289,13.292740051538372,0.7824006670725404,10.232818004407676,0.8268542189384656,1.0
auto_mpg,outer_1,streed,4,20,3,0.1,0.01,0.1,0.762834699840957,14.336686379808045,0.0605218410491943,13.5292042177091,0.7785297988677534,10.48591914901304,0.8225715867885155,1.0
auto_mpg,outer_1,streed,4,20,3,0.1,0.01,0.001,0.7592914923064741,14.561137962536812,0.0541760921478271,13.70317605190195,0.7756819168718854,10.59826355640048,0.8206706480484134,1.0
auto_mpg,outer_1,streed,4,20,3,0.1,0.001,0.1,0.7796352058309467,13.420627350196654,0.0623104572296142,13.90065480730199,0.7724492315657869,10.917799495925385,0.8152638969655308,1.0
auto_mpg,outer_1,streed,4,20,3,0.1,0.001,0.001,0.7695028619250373,13.998258268862353,0.0538935661315918,14.082805432688332,0.7694674644942342,11.043791228627365,0.8131320368116042,1.0
auto_mpg,outer_1,streed,4,20,3,0.1,0.0001,0.1,0.7785171688062152,13.483141111435796,0.0610852241516113,13.905067878847126,0.7723769905213778,10.920696948009542,0.8152148702356522,1.0
auto_mpg,outer_1,streed,4,20,3,0.1,0.0001,0.001,0.7694994884327503,13.9989556351492,0.052910566329956,14.088845704233451,0.7693685865312392,11.048319061491451,0.813055423003225,1.0
auto_mpg,outer_1,streed,4,20,3,0.1,1e-05,0.1,0.7784948608759849,13.484417230428368,0.060765266418457,13.905511861485223,0.7723697226198385,10.92098785249178,0.8152099479470147,1.0
auto_mpg,outer_1,streed,4,20,3,0.1,1e-05,0.001,0.7694960211344514,13.999199679449603,0.0526444911956787,14.0894528660408,0.7693586474213381,11.048773295535298,0.8130477370746496,1.0
auto_mpg,outer_1,streed,4,20,3,0.08,0.1,0.1,0.7734497031518394,13.73663166158183,0.9143457412719728,13.269282020175396,0.782784670066399,10.282087099303752,0.8260205545544903,1.0
auto_mpg,outer_1,streed,4,20,3,0.08,0.1,0.001,0.7777388464882344,13.498533610930844,0.6867074966430664,13.292740051538372,0.7824006670725404,10.232818004407676,0.8268542189384656,1.0
auto_mpg,outer_1,streed,4,20,3,0.08,0.01,0.1,0.8061103980410255,11.832088767384256,0.7135293483734131,13.5292042177091,0.7785297988677534,10.48591914901304,0.8225715867885155,1.0
auto_mpg,outer_1,streed,4,20,3,0.08,0.01,0.001,0.8385354367147663,9.680878801479484,0.0644843578338623,8.211435383026092,0.8655805458622032,6.913154027200109,0.8830250422588707,2.0
auto_mpg,outer_1,streed,4,20,3,0.08,0.001,0.1,0.8132236449856082,11.454475769896863,0.6982121467590332,8.39111536560849,0.8626392226888954,6.110626415577616,0.896604319255488,2.0
auto_mpg,outer_1,streed,4,20,3,0.08,0.001,0.001,0.8220979945889065,10.702993441046912,0.0619556903839111,8.09381741602429,0.8675059270146703,8.566008054823344,0.8550577021312287,2.0
auto_mpg,outer_1,streed,4,20,3,0.08,0.0001,0.1,0.8121273224170071,11.515718441638825,0.686232328414917,8.396889702839074,0.8625446980141781,5.948440274220311,0.8993486117964646,2.0
auto_mpg,outer_1,streed,4,20,3,0.08,0.0001,0.001,0.8215905068709937,10.736319649339338,0.0617487430572509,8.097530092887613,0.8674451512825261,8.853475226029495,0.8501935749800765,2.0
auto_mpg,outer_1,streed,4,20,3,0.08,1e-05,0.1,0.8121071008671827,11.516872431106007,0.6747958660125732,8.396196329679565,0.8625560483856134,5.950164873428713,0.8993194304823018,2.0
auto_mpg,outer_1,streed,4,20,3,0.08,1e-05,0.001,0.8214923847181571,10.742850179081168,0.0617227554321289,8.098791055518252,0.8674245095919334,8.886949211851775,0.8496271738755181,2.0
auto_mpg,outer_1,streed,4,20,3,0.05,0.1,0.1,0.8010164420251166,11.946877398648686,7.261546850204468,9.435973300499976,0.8455351200919264,8.326018109443783,0.8591184844613513,2.0
auto_mpg,outer_1,streed,4,20,3,0.05,0.1,0.001,0.8073283639300888,11.579128578270344,4.934555530548096,8.793332653398707,0.8560550110684391,7.044927957024683,0.8807953436564724,2.0
auto_mpg,outer_1,streed,4,20,3,0.05,0.01,0.1,0.8298074500217939,10.205396593467228,5.310786247253418,8.43204449397745,0.8619692215457258,5.976294026248,0.8988773086179803,2.0
auto_mpg,outer_1,streed,4,20,3,0.05,0.01,0.001,0.8385354367147663,9.680878801479484,1.0076758861541748,8.211435383026092,0.8655805458622032,6.913154027200109,0.8830250422588707,2.0
auto_mpg,outer_1,streed,4,20,3,0.05,0.001,0.1,0.8387649332780138,9.701185368595734,5.271063804626465,8.39111536560849,0.8626392226888954,6.110626415577616,0.896604319255488,2.0
auto_mpg,outer_1,streed,4,20,3,0.05,0.001,0.001,0.8220979945889065,10.702993441046912,1.006753921508789,8.09381741602429,0.8675059270146703,8.566008054823344,0.8550577021312287,2.0
auto_mpg,outer_1,streed,4,20,3,0.05,0.0001,0.1,0.8377311355178704,9.7581360036457,5.242584705352783,8.396889702839074,0.8625446980141781,5.948440274220311,0.8993486117964646,2.0
auto_mpg,outer_1,streed,4,20,3,0.05,0.0001,0.001,0.8215905068709937,10.736319649339338,1.014848232269287,8.097530092887613,0.8674451512825261,8.853475226029495,0.8501935749800765,2.0
auto_mpg,outer_1,streed,4,20,3,0.05,1e-05,0.1,0.8377170403667161,9.75886944439741,5.488358497619629,8.396196329679565,0.8625560483856134,5.950164873428713,0.8993194304823018,2.0
auto_mpg,outer_1,streed,4,20,3,0.05,1e-05,0.001,0.8214923847181571,10.742850179081168,1.0739994049072266,8.098791055518252,0.8674245095919334,8.886949211851775,0.8496271738755181,2.0
auto_mpg,outer_1,streed,4,20,3,0.03,0.1,0.1,0.8245505664281149,10.476103202473649,13.422377109527588,7.649200286158961,0.8747842150494702,6.354284930783526,0.8924814623934341,3.0
auto_mpg,outer_1,streed,4,20,3,0.03,0.1,0.001,0.8285201466212714,10.248180850353418,11.561711549758911,7.467613159540137,0.8777567577658154,6.248646294728897,0.8942689352227247,3.0
auto_mpg,outer_1,streed,4,20,3,0.03,0.01,0.1,0.8298074500217939,10.205396593467228,12.12233066558838,8.43204449397745,0.8619692215457258,5.976294026248,0.8988773086179803,2.0
auto_mpg,outer_1,streed,4,20,3,0.03,0.01,0.001,0.829238886716972,10.319043630510246,9.5971040725708,8.211435383026092,0.8655805458622032,6.913154027200109,0.8830250422588707,2.0
auto_mpg,outer_1,streed,4,20,3,0.03,0.001,0.1,0.8387649332780138,9.701185368595734,12.12090802192688,8.39111536560849,0.8626392226888954,6.110626415577616,0.896604319255488,2.0
auto_mpg,outer_1,streed,4,20,3,0.03,0.001,0.001,0.8257757586028432,10.461622361454117,9.404454231262209,8.09381741602429,0.8675059270146703,8.566008054823344,0.8550577021312287,2.0
auto_mpg,outer_1,streed,4,20,3,0.03,0.0001,0.1,0.8377311355178704,9.7581360036457,12.161632776260376,8.396889702839074,0.8625446980141781,5.948440274220311,0.8993486117964646,2.0
auto_mpg,outer_1,streed,4,20,3,0.03,0.0001,0.001,0.825724676109696,10.464846380839534,9.325886726379396,8.097530092887613,0.8674451512825261,8.853475226029495,0.8501935749800765,2.0
auto_mpg,outer_1,streed,4,20,3,0.03,1e-05,0.1,0.8377170403667161,9.75886944439741,12.062206983566284,8.396196329679565,0.8625560483856134,5.950164873428713,0.8993194304823018,2.0
auto_mpg,outer_1,streed,4,20,3,0.03,1e-05,0.001,0.8257056886937427,10.46603141500844,9.33023452758789,8.098791055518252,0.8674245095919334,8.886949211851775,0.8496271738755181,2.0
auto_mpg,outer_1,streed,4,20,3,0.01,0.1,0.1,0.8231481734250615,10.620588044106809,14.824225664138794,6.649361523026442,0.8911513633611889,8.838476551016846,0.8504473620892418,4.0
auto_mpg,outer_1,streed,4,20,3,0.01,0.1,0.001,0.8332307606746951,10.015495795177245,14.799177646636965,6.318251224478726,0.8965715686619807,8.763517149806392,0.8517157227758971,4.0
auto_mpg,outer_1,streed,4,20,3,0.01,0.01,0.1,0.8407778430794868,9.542108050770665,15.031036615371704,5.911810030656032,0.903224924727559,8.429010522316,0.857375787409328,5.0
auto_mpg,outer_1,streed,4,20,3,0.01,0.01,0.001,0.8401399768820669,9.55026362098745,14.846987009048462,5.139743209366457,0.9158634947015948,9.9649089716493,0.831387409962718,5.0
auto_mpg,outer_1,streed,4,20,3,0.01,0.001,0.1,0.8439841403154821,9.352106161100265,15.014859199523926,5.516851141980056,0.9096903178952918,9.135588950032815,0.8454200315563888,5.0
auto_mpg,outer_1,streed,4,20,3,0.01,0.001,0.001,0.8345427412835725,9.856394192887883,14.943571090698242,4.045711894554627,0.9337725550895812,10.80948049827012,0.8170967232158115,6.0
auto_mpg,outer_1,streed,4,20,3,0.01,0.0001,0.1,0.8444732799470361,9.322284468286911,15.05763816833496,5.492079819725901,0.91009581918226,9.148026175375708,0.845209585802804,5.0
auto_mpg,outer_1,streed,4,20,3,0.01,0.0001,0.001,0.8334124223018238,9.920705751895897,15.045778036117554,3.930244168141427,0.9356627372600552,11.361922708144778,0.8077490500842356,6.0
auto_mpg,outer_1,streed,4,20,3,0.01,1e-05,0.1,0.8445205798652115,9.31943365770598,15.02546215057373,5.489526211866965,0.9101376212008438,9.14983878678371,0.8451789152663141,5.0
auto_mpg,outer_1,streed,4,20,3,0.01,1e-05,0.001,0.8328646527075406,9.95564543079311,15.137903451919556,3.927169603995597,0.9357130672224692,11.406648035090756,0.8069922691404177,6.0
auto_mpg,outer_1,streed,4,20,3,0.008,0.1,0.1,0.8228092965239919,10.64042473111382,14.718780755996704,6.649361523026442,0.8911513633611889,8.838476551016846,0.8504473620892418,4.0
auto_mpg,outer_1,streed,4,20,3,0.008,0.1,0.001,0.8332307606746951,10.015495795177245,14.746915340423584,6.318251224478726,0.8965715686619807,8.763517149806392,0.8517157227758971,4.0
auto_mpg,outer_1,streed,4,20,3,0.008,0.01,0.1,0.8355558382595533,9.847786233128843,15.1449236869812,5.911810030656032,0.903224924727559,8.429010522316,0.857375787409328,5.0
auto_mpg,outer_1,streed,4,20,3,0.008,0.01,0.001,0.8473165205670306,9.11235907682275,15.371005296707152,4.542742784326383,0.9256362649312432,10.118863291566443,0.8287824050697971,6.0
auto_mpg,outer_1,streed,4,20,3,0.008,0.001,0.1,0.8386873619504479,9.660624709078611,14.994754314422607,5.516851141980056,0.9096903178952918,9.135588950032815,0.8454200315563888,5.0
auto_mpg,outer_1,streed,4,20,3,0.008,0.001,0.001,0.8345427412835725,9.856394192887883,15.009758234024048,4.045711894554627,0.9337725550895812,10.80948049827012,0.8170967232158115,6.0
auto_mpg,outer_1,streed,4,20,3,0.008,0.0001,0.1,0.8442865373213039,9.335103479194332,15.087384223937988,5.492079819725901,0.91009581918226,9.148026175375708,0.845209585802804,5.0
auto_mpg,outer_1,streed,4,20,3,0.008,0.0001,0.001,0.8334124223018238,9.920705751895897,15.180676460266112,3.930244168141427,0.9356627372600552,11.361922708144778,0.8077490500842356,6.0
auto_mpg,outer_1,streed,4,20,3,0.008,1e-05,0.1,0.8443181468537658,9.333329740464636,15.062971353530884,5.489526211866965,0.9101376212008438,9.14983878678371,0.8451789152663141,5.0
auto_mpg,outer_1,streed,4,20,3,0.008,1e-05,0.001,0.8328646527075406,9.95564543079311,15.164836883544922,3.927169603995597,0.9357130672224692,11.406648035090756,0.8069922691404177,6.0
auto_mpg,outer_1,streed,4,20,3,0.005,0.1,0.1,0.8244617702245477,10.482290093380644,14.82301640510559,6.407377639639764,0.8951125881651032,9.632008806563055,0.8370202922317609,6.0
auto_mpg,outer_1,streed,4,20,3,0.005,0.1,0.001,0.8376616850992257,9.689574594040764,14.539697647094728,5.335172082371311,0.9126643655351668,9.891584585755858,0.8326281051515613,7.0
auto_mpg,outer_1,streed,4,20,3,0.005,0.01,0.1,0.8369303997163268,9.753428995523263,14.972134113311768,4.894322326644787,0.9198809824550338,9.494697780622074,0.839343682017905,7.0
auto_mpg,outer_1,streed,4,20,3,0.005,0.01,0.001,0.8494804351668147,8.992056342680128,14.835832834243774,4.542742784326383,0.9256362649312432,10.118863291566443,0.8287824050697971,6.0
auto_mpg,outer_1,streed,4,20,3,0.005,0.001,0.1,0.8386873619504479,9.660624709078611,14.955660104751589,4.686424846561291,0.9232842200725656,9.864654393108916,0.8330837811186296,7.0
auto_mpg,outer_1,streed,4,20,3,0.005,0.001,0.001,0.8347872923415944,9.850459679454705,15.017889261245728,4.045711894554627,0.9337725550895812,10.80948049827012,0.8170967232158115,6.0
auto_mpg,outer_1,streed,4,20,3,0.005,0.0001,0.1,0.8384552937107381,9.676444402695866,15.910305261611938,4.65454192117844,0.9238061367931354,9.905083740551628,0.8323996908770401,7.0
auto_mpg,outer_1,streed,4,20,3,0.005,0.0001,0.001,0.8311524034937371,10.090203956252966,16.117568731307983,3.930244168141427,0.9356627372600552,11.361922708144778,0.8077490500842356,6.0
auto_mpg,outer_1,streed,4,20,3,0.005,1e-05,0.1,0.8384737178355529,9.675442492331362,15.96018123626709,4.651272297375661,0.9238596598407276,9.90975555197065,0.8323206408600486,7.0
auto_mpg,outer_1,streed,4,20,3,0.005,1e-05,0.001,0.8308840509159285,10.105970819189938,16.09400510787964,3.927169603995597,0.9357130672224692,11.406648035090756,0.8069922691404177,6.0
auto_mpg,outer_1,streed,4,20,3,0.003,0.1,0.1,0.8224060901326876,10.596575534958612,15.74829912185669,5.82111133969754,0.904709643045486,9.799583509567029,0.8341848218046235,7.0
auto_mpg,outer_1,streed,4,20,3,0.003,0.1,0.001,0.8452219220233336,9.26926356474833,15.552816152572632,5.335172082371311,0.9126643655351668,9.891584585755858,0.8326281051515613,7.0
auto_mpg,outer_1,streed,4,20,3,0.003,0.01,0.1,0.8394828618546475,9.611524978578156,15.945273399353027,4.894322326644787,0.9198809824550338,9.494697780622074,0.839343682017905,7.0
auto_mpg,outer_1,streed,4,20,3,0.003,0.01,0.001,0.8494804351668147,8.992056342680128,16.02684259414673,4.27944835007714,0.9299463389290809,10.456949860579796,0.8230617655516295,7.0
auto_mpg,outer_1,streed,4,20,3,0.003,0.001,0.1,0.8397535969645062,9.60134742177596,15.208555221557615,4.686424846561291,0.9232842200725656,9.864654393108916,0.8330837811186296,7.0
auto_mpg,outer_1,streed,4,20,3,0.003,0.001,0.001,0.8347872923415944,9.850459679454705,15.366689920425417,4.045711894554627,0.9337725550895812,10.80948049827012,0.8170967232158115,6.0
auto_mpg,outer_1,streed,4,20,3,0.003,0.0001,0.1,0.8395320325248345,9.616583157105948,15.073972463607788,4.65454192117844,0.9238061367931354,9.905083740551628,0.8323996908770401,7.0
auto_mpg,outer_1,streed,4,20,3,0.003,0.0001,0.001,0.8311524034937371,10.090203956252966,15.565389156341553,3.930244168141427,0.9356627372600552,11.361922708144778,0.8077490500842356,6.0
auto_mpg,outer_1,streed,4,20,3,0.003,1e-05,0.1,0.8395515143701071,9.615522442820511,15.233254194259644,4.651272297375661,0.9238596598407276,9.90975555197065,0.8323206408600486,7.0
auto_mpg,outer_1,streed,4,20,3,0.003,1e-05,0.001,0.8308840509159285,10.105970819189938,15.517248153686523,3.927169603995597,0.9357130672224692,11.406648035090756,0.8069922691404177,6.0
auto_mpg,outer_1,streed,4,20,3,0.001,0.1,0.1,0.8224060901326876,10.596575534958612,15.077461004257202,5.82111133969754,0.904709643045486,9.799583509567029,0.8341848218046235,7.0
auto_mpg,outer_1,streed,4,20,3,0.001,0.1,0.001,0.8452219220233336,9.26926356474833,15.047123670578005,5.335172082371311,0.9126643655351668,9.891584585755858,0.8326281051515613,7.0
auto_mpg,outer_1,streed,4,20,3,0.001,0.01,0.1,0.8394828618546475,9.611524978578156,15.318081617355348,4.793213707477422,0.9215361090879728,9.58659222816132,0.8377887695893299,8.0
auto_mpg,outer_1,streed,4,20,3,0.001,0.01,0.001,0.8494804351668147,8.992056342680128,15.6621994972229,4.1355207655436494,0.9323024029356678,10.26417957498568,0.8263235612417582,8.0
auto_mpg,outer_1,streed,4,20,3,0.001,0.001,0.1,0.8397535969645062,9.60134742177596,15.589345932006836,4.686424846561291,0.9232842200725656,9.864654393108916,0.8330837811186296,7.0
auto_mpg,outer_1,streed,4,20,3,0.001,0.001,0.001,0.8347872923415944,9.850459679454705,15.929513216018677,3.898464260788819,0.936182967597338,14.915433175465648,0.7476213955994606,7.0
auto_mpg,outer_1,streed,4,20,3,0.001,0.0001,0.1,0.8395320325248345,9.616583157105948,15.367599725723268,4.619574167555968,0.924378551497156,9.958947074288533,0.8314882890533746,8.0
auto_mpg,outer_1,streed,4,20,3,0.001,0.0001,0.001,0.8311524034937371,10.090203956252966,16.111165761947632,3.6729516558797872,0.9398745610690136,12.907394471651935,0.7815986860803286,8.0
auto_mpg,outer_1,streed,4,20,3,0.001,1e-05,0.1,0.8395515143701071,9.615522442820511,15.375920534133911,4.616528711971375,0.9244284049586016,9.962479122084712,0.8314285245609196,8.0
auto_mpg,outer_1,streed,4,20,3,0.001,1e-05,0.001,0.8308840509159285,10.105970819189938,16.029130935668945,3.6700945657029793,0.939921331028719,13.16102581639536,0.7773070826072315,8.0
auto_mpg,outer_1,streed,4,20,3,0.0005,0.1,0.1,0.8224060901326876,10.596575534958612,15.04182243347168,5.82111133969754,0.904709643045486,9.799583509567029,0.8341848218046235,7.0
auto_mpg,outer_1,streed,4,20,3,0.0005,0.1,0.001,0.8452219220233336,9.26926356474833,14.97191333770752,5.335172082371311,0.9126643655351668,9.891584585755858,0.8326281051515613,7.0
auto_mpg,outer_1,streed,4,20,3,0.0005,0.01,0.1,0.8394828618546475,9.611524978578156,15.307498455047607,4.793213707477422,0.9215361090879728,9.58659222816132,0.8377887695893299,8.0
auto_mpg,outer_1,streed,4,20,3,0.0005,0.01,0.001,0.8494804351668147,8.992056342680128,15.692687511444092,4.1355207655436494,0.9323024029356678,10.26417957498568,0.8263235612417582,8.0
auto_mpg,outer_1,streed,4,20,3,0.0005,0.001,0.1,0.8397535969645062,9.60134742177596,15.41398310661316,4.649417372021084,0.9238900245750278,9.929344163055442,0.8319891891167727,8.0
auto_mpg,outer_1,streed,4,20,3,0.0005,0.001,0.001,0.8347872923415944,9.850459679454705,16.451881408691406,3.766401244415301,0.9383448111416972,11.431511378385016,0.8065715655773686,8.0
auto_mpg,outer_1,streed,4,20,3,0.0005,0.0001,0.1,0.8395320325248345,9.616583157105948,15.513357877731323,4.619574167555968,0.924378551497156,9.958947074288533,0.8314882890533746,8.0
auto_mpg,outer_1,streed,4,20,3,0.0005,0.0001,0.001,0.8311524034937371,10.090203956252966,16.275707960128784,3.6729516558797872,0.9398745610690136,12.907394471651935,0.7815986860803286,8.0
auto_mpg,outer_1,streed,4,20,3,0.0005,1e-05,0.1,0.8395515143701071,9.615522442820511,15.409144878387451,4.616528711971375,0.9244284049586016,9.962479122084712,0.8314285245609196,8.0
auto_mpg,outer_1,streed,4,20,3,0.0005,1e-05,0.001,0.8308840509159285,10.105970819189938,16.253620386123657,3.6700945657029793,0.939921331028719,13.16102581639536,0.7773070826072315,8.0
auto_mpg,outer_1,streed,4,20,3,0.0001,0.1,0.1,0.8224060901326876,10.596575534958612,15.180114984512327,5.82111133969754,0.904709643045486,9.799583509567029,0.8341848218046235,7.0
auto_mpg,outer_1,streed,4,20,3,0.0001,0.1,0.001,0.8452219220233336,9.26926356474833,15.05554461479187,5.335172082371311,0.9126643655351668,9.891584585755858,0.8326281051515613,7.0
auto_mpg,outer_1,streed,4,20,3,0.0001,0.01,0.1,0.8394828618546475,9.611524978578156,15.338942050933838,4.793213707477422,0.9215361090879728,9.58659222816132,0.8377887695893299,8.0
auto_mpg,outer_1,streed,4,20,3,0.0001,0.01,0.001,0.8494804351668147,8.992056342680128,15.81700348854065,4.1355207655436494,0.9323024029356678,10.26417957498568,0.8263235612417582,8.0
auto_mpg,outer_1,streed,4,20,3,0.0001,0.001,0.1,0.8397535969645062,9.60134742177596,15.487643957138062,4.649417372021084,0.9238900245750278,9.929344163055442,0.8319891891167727,8.0
auto_mpg,outer_1,streed,4,20,3,0.0001,0.001,0.001,0.8347872923415944,9.850459679454705,16.060895442962646,3.766401244415301,0.9383448111416972,11.431511378385016,0.8065715655773686,8.0
auto_mpg,outer_1,streed,4,20,3,0.0001,0.0001,0.1,0.8395320325248345,9.616583157105948,15.467596054077148,4.619574167555968,0.924378551497156,9.958947074288533,0.8314882890533746,8.0
auto_mpg,outer_1,streed,4,20,3,0.0001,0.0001,0.001,0.8311524034937371,10.090203956252966,16.236820697784424,3.6729516558797872,0.9398745610690136,12.907394471651935,0.7815986860803286,8.0
auto_mpg,outer_1,streed,4,20,3,0.0001,1e-05,0.1,0.8395515143701071,9.615522442820511,15.461867570877075,4.616528711971375,0.9244284049586016,9.962479122084712,0.8314285245609196,8.0
auto_mpg,outer_1,streed,4,20,3,0.0001,1e-05,0.001,0.8308840509159285,10.105970819189938,16.314854860305786,3.6700945657029793,0.939921331028719,13.16102581639536,0.7773070826072315,8.0
auto_mpg,outer_2,streed,4,20,3,0.1,0.1,0.1,0.7840414745633923,13.004921883591576,0.0695576667785644,12.548528551694789,0.7908383013323649,12.176758772943852,0.8090898775749931,1.0
auto_mpg,outer_2,streed,4,20,3,0.1,0.1,0.001,0.7834565743989069,13.03226242187256,0.0653374195098877,12.573970053136568,0.7904142366592604,12.139979359293894,0.8096665139766466,1.0
auto_mpg,outer_2,streed,4,20,3,0.1,0.01,0.1,0.7777948513775215,13.362525114826012,0.0673360824584961,12.417381477729649,0.7930242902834068,12.335614474994088,0.8065993000664933,1.0
auto_mpg,outer_2,streed,4,20,3,0.1,0.01,0.001,0.7739970437324045,13.579596366251527,0.0601351261138916,12.593507806793651,0.7900885769832089,12.44725749418878,0.8048489342376396,1.0
auto_mpg,outer_2,streed,4,20,3,0.1,0.001,0.1,0.7770602328494561,13.40307491147773,0.0679757595062255,12.445691014570253,0.7925524205506582,12.419712792884512,0.8052807866210375,1.0
auto_mpg,outer_2,streed,4,20,3,0.1,0.001,0.001,0.7702532343099326,13.812618242025792,0.0593740940093994,12.642287732143188,0.7892755022067555,12.553753190141837,0.803179269367764,1.0
auto_mpg,outer_2,streed,4,20,3,0.1,0.0001,0.1,0.7769858737914234,13.407153325568956,0.0682346820831298,12.448792112146524,0.7925007307581766,12.429042161936984,0.8051345185524024,1.0
auto_mpg,outer_2,streed,4,20,3,0.1,0.0001,0.001,0.7700858537131986,13.822028104295242,0.0584359169006347,12.96402100375314,0.7839127796109859,12.817430101413455,0.7990452799909387,1.0
auto_mpg,outer_2,streed,4,20,3,0.1,1e-05,0.1,0.7769784281883179,13.407561424215848,0.0682547092437744,12.449105241170232,0.7924955114531218,12.429985072177866,0.8051197353812087,1.0
auto_mpg,outer_2,streed,4,20,3,0.1,1e-05,0.001,0.7700689959808548,13.8229756233305,0.0587339401245117,12.964543696862515,0.7839040672445767,12.81860111509654,0.7990269205596838,1.0
auto_mpg,outer_2,streed,4,20,3,0.08,0.1,0.1,0.7840414745633923,13.004921883591576,1.0555827617645264,12.548528551694789,0.7908383013323649,12.176758772943852,0.8090898775749931,1.0
auto_mpg,outer_2,streed,4,20,3,0.08,0.1,0.001,0.7834565743989069,13.03226242187256,0.0780529975891113,12.573970053136568,0.7904142366592604,12.139979359293894,0.8096665139766466,1.0
auto_mpg,outer_2,streed,4,20,3,0.08,0.01,0.1,0.7777948513775215,13.362525114826012,0.8090894222259521,12.417381477729649,0.7930242902834068,12.335614474994088,0.8065993000664933,1.0
auto_mpg,outer_2,streed,4,20,3,0.08,0.01,0.001,0.7739970437324045,13.579596366251527,0.0727849006652832,12.593507806793651,0.7900885769832089,12.44725749418878,0.8048489342376396,1.0
auto_mpg,outer_2,streed,4,20,3,0.08,0.001,0.1,0.7770602328494561,13.40307491147773,0.081223726272583,12.445691014570253,0.7925524205506582,12.419712792884512,0.8052807866210375,1.0
auto_mpg,outer_2,streed,4,20,3,0.08,0.001,0.001,0.8367495261004141,9.694725493460504,0.0719914436340332,12.642287732143188,0.7892755022067555,12.553753190141837,0.803179269367764,1.0
auto_mpg,outer_2,streed,4,20,3,0.08,0.0001,0.1,0.7769858737914234,13.407153325568956,0.0814340114593505,12.448792112146524,0.7925007307581766,12.429042161936984,0.8051345185524024,1.0
auto_mpg,outer_2,streed,4,20,3,0.08,0.0001,0.001,0.8341491509801106,9.844128514983105,0.0718438625335693,8.087658063650238,0.8651930948025287,6.693036918654989,0.8950649740738355,2.0
auto_mpg,outer_2,streed,4,20,3,0.08,1e-05,0.1,0.7769784281883179,13.407561424215848,0.0813589096069336,12.449105241170232,0.7924955114531218,12.429985072177866,0.8051197353812087,1.0
auto_mpg,outer_2,streed,4,20,3,0.08,1e-05,0.001,0.8339165519322936,9.85752053379227,0.0716698169708252,8.088635020590441,0.8651768106643292,6.696009422989691,0.8950183704433432,2.0
auto_mpg,outer_2,streed,4,20,3,0.05,0.1,0.1,0.8031227495120605,11.750146635796716,7.271390199661255,8.891833473998783,0.8517889180369169,8.857258097223554,0.8611337992957521,2.0
auto_mpg,outer_2,streed,4,20,3,0.05,0.1,0.001,0.8121577165916974,11.24263575172491,5.913060903549194,8.688272290125822,0.8551819216728622,8.497823558200958,0.8667690995532433,2.0
auto_mpg,outer_2,streed,4,20,3,0.05,0.01,0.1,0.8229733407664853,10.498545318508969,6.4181883335113525,8.199917806640984,0.8633219241358481,6.723267879729944,0.8945910058703535,2.0
auto_mpg,outer_2,streed,4,20,3,0.05,0.01,0.001,0.836528627311201,9.697604812536756,1.2278690338134766,8.037678782684814,0.8660261607083718,6.75371391193737,0.8941136657304641,2.0
auto_mpg,outer_2,streed,4,20,3,0.05,0.001,0.1,0.820058731068379,10.655665855431703,6.202664375305176,8.165653017733298,0.8638930573506226,6.733162168532409,0.8944358808554124,2.0
auto_mpg,outer_2,streed,4,20,3,0.05,0.001,0.001,0.8367495261004141,9.694725493460504,1.2130672931671145,8.083391343150252,0.8652642134602934,6.666849422369974,0.8954755478738917,2.0
auto_mpg,outer_2,streed,4,20,3,0.05,0.0001,0.1,0.819729442051648,10.67457230515605,6.185577154159546,8.16432655523412,0.8639151671261556,6.732085442760131,0.8944527620183587,2.0
auto_mpg,outer_2,streed,4,20,3,0.05,0.0001,0.001,0.8341491509801106,9.844128514983105,1.2026920318603516,8.087658063650238,0.8651930948025287,6.693036918654989,0.8950649740738355,2.0
auto_mpg,outer_2,streed,4,20,3,0.05,1e-05,0.1,0.8196885826864415,10.676906271379758,6.181000471115112,8.164218910736567,0.8639169613688723,6.731996918400752,0.8944541499243361,2.0
auto_mpg,outer_2,streed,4,20,3,0.05,1e-05,0.001,0.8339165519322936,9.85752053379227,1.186910629272461,8.088635020590441,0.8651768106643292,6.696009422989691,0.8950183704433432,2.0
auto_mpg,outer_2,streed,4,20,3,0.03,0.1,0.1,0.8345528397296706,9.801698090089712,16.127122402191162,7.469084110089329,0.875503624706123,7.905315832817233,0.8760585767039369,3.0
auto_mpg,outer_2,streed,4,20,3,0.03,0.1,0.001,0.8364675575138305,9.69818386608336,14.508930206298828,7.116591182581414,0.8813790561706292,9.074512974469322,0.8577276256180262,3.0
auto_mpg,outer_2,streed,4,20,3,0.03,0.01,0.1,0.8435355239662782,9.271607795564275,14.862746000289915,8.199917806640984,0.8633219241358481,6.723267879729944,0.8945910058703535,2.0
auto_mpg,outer_2,streed,4,20,3,0.03,0.01,0.001,0.8397143596313366,9.485819545771772,11.594714641571043,8.037678782684814,0.8660261607083718,6.75371391193737,0.8941136657304641,2.0
auto_mpg,outer_2,streed,4,20,3,0.03,0.001,0.1,0.8438824152042305,9.247172993568697,14.708898782730104,8.165653017733298,0.8638930573506226,6.733162168532409,0.8944358808554124,2.0
auto_mpg,outer_2,streed,4,20,3,0.03,0.001,0.001,0.8380431376247607,9.608727099922431,11.39380669593811,8.083391343150252,0.8652642134602934,6.666849422369974,0.8954755478738917,2.0
auto_mpg,outer_2,streed,4,20,3,0.03,0.0001,0.1,0.8440965479446435,9.234370085382732,14.706937074661257,8.16432655523412,0.8639151671261556,6.732085442760131,0.8944527620183587,2.0
auto_mpg,outer_2,streed,4,20,3,0.03,0.0001,0.001,0.8353635119647981,9.76339864214806,11.218439102172852,8.087658063650238,0.8651930948025287,6.693036918654989,0.8950649740738355,2.0
auto_mpg,outer_2,streed,4,20,3,0.03,1e-05,0.1,0.844108295132249,9.233659860701042,14.799075841903688,8.164218910736567,0.8639169613688723,6.731996918400752,0.8944541499243361,2.0
auto_mpg,outer_2,streed,4,20,3,0.03,1e-05,0.001,0.8351256132574644,9.777142978632329,11.20911979675293,8.088635020590441,0.8651768106643292,6.696009422989691,0.8950183704433432,2.0
auto_mpg,outer_2,streed,4,20,3,0.01,0.1,0.1,0.8225977615513589,10.479422548952476,18.19948792457581,7.005534098573456,0.8832301806466573,8.420464168247921,0.8679819584824581,4.0
auto_mpg,outer_2,streed,4,20,3,0.01,0.1,0.001,0.8326338084682305,9.90861605855238,18.144689083099365,6.281464501278502,0.8952991356878719,8.93560993050098,0.8599053806038705,4.0
auto_mpg,outer_2,streed,4,20,3,0.01,0.01,0.1,0.8470474527491269,9.0786454451747,18.567793369293213,5.9919364412371445,0.9001250545675813,8.499222985665833,0.8667471589963491,4.0
auto_mpg,outer_2,streed,4,20,3,0.01,0.01,0.001,0.8313319157244203,9.959489491916717,18.179041147232056,5.680184075397127,0.9053214131792008,8.53966058439909,0.8661131686982172,4.0
auto_mpg,outer_2,streed,4,20,3,0.01,0.001,0.1,0.8411139400821442,9.399867418587164,18.5368869304657,5.948137514436934,0.9008551049389544,8.5427292588097,0.866065057290384,4.0
auto_mpg,outer_2,streed,4,20,3,0.01,0.001,0.001,0.820644870066633,10.552884631654996,18.097229719161987,5.6505542093236905,0.905815290456818,8.652711614371043,0.8643407277412547,4.0
auto_mpg,outer_2,streed,4,20,3,0.01,0.0001,0.1,0.8406856508737981,9.422508311263668,18.55799651145935,5.933860395140867,0.901093079177268,8.433696602939229,0.8677744972217067,4.0
auto_mpg,outer_2,streed,4,20,3,0.01,0.0001,0.001,0.8149956498149077,10.865934003312017,18.097885131835938,4.929625132386199,0.9178318985977598,15.354754002011031,0.7592645119288093,5.0
auto_mpg,outer_2,streed,4,20,3,0.01,1e-05,0.1,0.8406579702537164,9.423985694924792,18.57379674911499,5.933567815017247,0.9010979559686304,8.435526823437746,0.8677458025890914,4.0
auto_mpg,outer_2,streed,4,20,3,0.01,1e-05,0.001,0.8143979714415384,10.899037142169227,17.99081778526306,4.929838805178433,0.9178283370515596,15.390062041052415,0.7587109440884942,5.0
auto_mpg,outer_2,streed,4,20,3,0.008,0.1,0.1,0.8225977615513589,10.479422548952476,17.9322988986969,6.714375373386295,0.8880832798200918,8.697495111904114,0.8636386014073032,5.0
auto_mpg,outer_2,streed,4,20,3,0.008,0.1,0.001,0.8325068955643457,9.917053140047049,18.058746814727783,5.899271468823811,0.9016696151873476,7.924749754156057,0.8757538870594122,5.0
auto_mpg,outer_2,streed,4,20,3,0.008,0.01,0.1,0.8604963921336335,8.342677811689923,18.613786220550537,5.9919364412371445,0.9001250545675813,8.499222985665833,0.8667471589963491,4.0
auto_mpg,outer_2,streed,4,20,3,0.008,0.01,0.001,0.8313319157244203,9.959489491916717,18.17700743675232,5.680184075397127,0.9053214131792008,8.53966058439909,0.8661131686982172,4.0
auto_mpg,outer_2,streed,4,20,3,0.008,0.001,0.1,0.8568636352620359,8.537995299287955,18.46771502494812,5.948137514436934,0.9008551049389544,8.5427292588097,0.866065057290384,4.0
auto_mpg,outer_2,streed,4,20,3,0.008,0.001,0.001,0.820644870066633,10.552884631654996,18.254332542419437,4.968247905814897,0.917188125515974,14.680775774648376,0.7698313030016103,5.0
auto_mpg,outer_2,streed,4,20,3,0.008,0.0001,0.1,0.8566199797496861,8.550532464048146,18.506657123565677,5.933860395140867,0.901093079177268,8.433696602939229,0.8677744972217067,4.0
auto_mpg,outer_2,streed,4,20,3,0.008,0.0001,0.001,0.8149956498149077,10.865934003312017,18.29025173187256,4.929625132386199,0.9178318985977598,15.354754002011031,0.7592645119288093,5.0
auto_mpg,outer_2,streed,4,20,3,0.008,1e-05,0.1,0.8565913677578387,8.552060815258065,18.540255308151245,5.933567815017247,0.9010979559686304,8.435526823437746,0.8677458025890914,4.0
auto_mpg,outer_2,streed,4,20,3,0.008,1e-05,0.001,0.8143979714415384,10.899037142169227,18.240113973617557,4.929838805178433,0.9178283370515596,15.390062041052415,0.7587109440884942,5.0
auto_mpg,outer_2,streed,4,20,3,0.005,0.1,0.1,0.8179288559632582,10.762203346013305,18.16313934326172,5.895589810126003,0.9017309819032916,7.993990234787002,0.874668318323059,8.0
auto_mpg,outer_2,streed,4,20,3,0.005,0.1,0.001,0.8243926872040768,10.39274401614318,17.91394853591919,5.899271468823811,0.9016696151873476,7.924749754156057,0.8757538870594122,5.0
auto_mpg,outer_2,streed,4,20,3,0.005,0.01,0.1,0.851112720977722,8.974932335195184,18.48539018630981,5.015915179083544,0.9163935966748712,7.758488041510042,0.8783605777648541,7.0
auto_mpg,outer_2,streed,4,20,3,0.005,0.01,0.001,0.8269183061858355,10.356846482234795,18.28489708900452,4.809145782101772,0.919840075529107,8.04932733916088,0.8738007300290267,6.0
auto_mpg,outer_2,streed,4,20,3,0.005,0.001,0.1,0.8306918567317192,9.969319593819996,18.53896975517273,4.820386691016358,0.9196527095289057,7.68041542862931,0.8795846187728946,7.0
auto_mpg,outer_2,streed,4,20,3,0.005,0.001,0.001,0.8023267684031167,11.751599598151378,18.18571400642395,4.4741017019652265,0.9254246656777608,13.874751580458073,0.7824683421726825,6.0
auto_mpg,outer_2,streed,4,20,3,0.005,0.0001,0.1,0.8299576364827158,10.009299783293292,18.571953296661377,4.797974280700536,0.9200262846292516,7.57035991252944,0.8813100953503611,7.0
auto_mpg,outer_2,streed,4,20,3,0.005,0.0001,0.001,0.7988279095296997,11.944241984468803,18.517655849456787,4.459591950829839,0.9256665174759392,14.490532366464883,0.7728139844379511,6.0
auto_mpg,outer_2,streed,4,20,3,0.005,1e-05,0.1,0.8519262904310215,8.807092164725185,18.58411455154419,4.796853954974896,0.9200449584706404,7.572081951490316,0.8812830968136427,7.0
auto_mpg,outer_2,streed,4,20,3,0.005,1e-05,0.001,0.798190202308758,11.97982496352555,18.558613061904907,4.459798747463188,0.9256630705431032,14.526058631998536,0.7722569951907466,6.0
auto_mpg,outer_2,streed,4,20,3,0.003,0.1,0.1,0.8179288559632582,10.762203346013305,18.11325097084045,5.895589810126003,0.9017309819032916,7.993990234787002,0.874668318323059,8.0
auto_mpg,outer_2,streed,4,20,3,0.003,0.1,0.001,0.8243926872040768,10.39274401614318,17.92155885696411,5.50156388516944,0.9082986947186616,7.443502761367934,0.8832989919615465,8.0
auto_mpg,outer_2,streed,4,20,3,0.003,0.01,0.1,0.8212698981278782,10.608024066919912,18.493821382522583,5.015915179083544,0.9163935966748712,7.758488041510042,0.8783605777648541,7.0
auto_mpg,outer_2,streed,4,20,3,0.003,0.01,0.001,0.8269183061858355,10.356846482234795,18.398338079452515,4.142899402114493,0.9309452201677968,11.584437042132024,0.8183764386585168,8.0
auto_mpg,outer_2,streed,4,20,3,0.003,0.001,0.1,0.8291684670677958,10.070593478107703,18.553640604019165,4.820386691016358,0.9196527095289057,7.68041542862931,0.8795846187728946,7.0
auto_mpg,outer_2,streed,4,20,3,0.003,0.001,0.001,0.8023267684031167,11.751599598151378,18.746840000152588,4.027124634679332,0.9328749800531756,13.30271216427038,0.7914369122998148,8.0
auto_mpg,outer_2,streed,4,20,3,0.003,0.0001,0.1,0.8284250061957543,10.111187977767347,18.74365758895874,4.797974280700536,0.9200262846292516,7.57035991252944,0.8813100953503611,7.0
auto_mpg,outer_2,streed,4,20,3,0.003,0.0001,0.001,0.7988279095296997,11.944241984468803,18.978270769119263,4.00553338085781,0.933234867932226,14.044774265218336,0.7798026860512248,8.0
auto_mpg,outer_2,streed,4,20,3,0.003,1e-05,0.1,0.850392722578908,8.909042687877816,18.713699102401733,4.796853954974896,0.9200449584706404,7.572081951490316,0.8812830968136427,7.0
auto_mpg,outer_2,streed,4,20,3,0.003,1e-05,0.001,0.798190202308758,11.97982496352555,18.92763304710388,4.005949861217838,0.9332279259438322,14.07902961540394,0.7792656225173576,8.0
auto_mpg,outer_2,streed,4,20,3,0.001,0.1,0.1,0.8179288559632582,10.762203346013305,18.43635630607605,5.895589810126003,0.9017309819032916,7.993990234787002,0.874668318323059,8.0
auto_mpg,outer_2,streed,4,20,3,0.001,0.1,0.001,0.8243926872040768,10.39274401614318,18.31627202033997,5.50156388516944,0.9082986947186616,7.443502761367934,0.8832989919615465,8.0
auto_mpg,outer_2,streed,4,20,3,0.001,0.01,0.1,0.8212698981278782,10.608024066919912,18.95531725883484,5.015915179083544,0.9163935966748712,7.758488041510042,0.8783605777648541,7.0
auto_mpg,outer_2,streed,4,20,3,0.001,0.01,0.001,0.8269183061858355,10.356846482234795,19.267067432403564,4.142899402114493,0.9309452201677968,11.584437042132024,0.8183764386585168,8.0
auto_mpg,outer_2,streed,4,20,3,0.001,0.001,0.1,0.8291684670677958,10.070593478107703,18.944892406463623,4.820386691016358,0.9196527095289057,7.68041542862931,0.8795846187728946,7.0
auto_mpg,outer_2,streed,4,20,3,0.001,0.001,0.001,0.8023267684031167,11.751599598151378,19.580150842666622,4.027124634679332,0.9328749800531756,13.30271216427038,0.7914369122998148,8.0
auto_mpg,outer_2,streed,4,20,3,0.001,0.0001,0.1,0.8284250061957543,10.111187977767347,18.875004529953003,4.797974280700536,0.9200262846292516,7.57035991252944,0.8813100953503611,7.0
auto_mpg,outer_2,streed,4,20,3,0.001,0.0001,0.001,0.7988279095296997,11.944241984468803,19.595680475234985,4.00553338085781,0.933234867932226,14.044774265218336,0.7798026860512248,8.0
auto_mpg,outer_2,streed,4,20,3,0.001,1e-05,0.1,0.850392722578908,8.909042687877816,18.98280954360962,4.796853954974896,0.9200449584706404,7.572081951490316,0.8812830968136427,7.0
auto_mpg,outer_2,streed,4,20,3,0.001,1e-05,0.001,0.798190202308758,11.97982496352555,19.6012978553772,4.005949861217838,0.9332279259438322,14.07902961540394,0.7792656225173576,8.0
auto_mpg,outer_2,streed,4,20,3,0.0005,0.1,0.1,0.8179288559632582,10.762203346013305,18.514258861541748,5.895589810126003,0.9017309819032916,7.993990234787002,0.874668318323059,8.0
auto_mpg,outer_2,streed,4,20,3,0.0005,0.1,0.001,0.8243926872040768,10.39274401614318,18.338029861450195,5.50156388516944,0.9082986947186616,7.443502761367934,0.8832989919615465,8.0
auto_mpg,outer_2,streed,4,20,3,0.0005,0.01,0.1,0.8212698981278782,10.608024066919912,18.883908987045288,5.015915179083544,0.9163935966748712,7.758488041510042,0.8783605777648541,7.0
auto_mpg,outer_2,streed,4,20,3,0.0005,0.01,0.001,0.8269183061858355,10.356846482234795,19.374483823776245,4.142899402114493,0.9309452201677968,11.584437042132024,0.8183764386585168,8.0
auto_mpg,outer_2,streed,4,20,3,0.0005,0.001,0.1,0.8291684670677958,10.070593478107703,18.962565183639526,4.820386691016358,0.9196527095289057,7.68041542862931,0.8795846187728946,7.0
auto_mpg,outer_2,streed,4,20,3,0.0005,0.001,0.001,0.8023267684031167,11.751599598151378,19.70072865486145,4.027124634679332,0.9328749800531756,13.30271216427038,0.7914369122998148,8.0
auto_mpg,outer_2,streed,4,20,3,0.0005,0.0001,0.1,0.8284250061957543,10.111187977767347,18.956709146499637,4.797974280700536,0.9200262846292516,7.57035991252944,0.8813100953503611,7.0
auto_mpg,outer_2,streed,4,20,3,0.0005,0.0001,0.001,0.7988279095296997,11.944241984468803,19.826033353805546,4.00553338085781,0.933234867932226,14.044774265218336,0.7798026860512248,8.0
auto_mpg,outer_2,streed,4,20,3,0.0005,1e-05,0.1,0.850392722578908,8.909042687877816,18.680456399917603,4.796853954974896,0.9200449584706404,7.572081951490316,0.8812830968136427,7.0
auto_mpg,outer_2,streed,4,20,3,0.0005,1e-05,0.001,0.798190202308758,11.97982496352555,19.889307260513306,4.005949861217838,0.9332279259438322,14.07902961540394,0.7792656225173576,8.0
auto_mpg,outer_2,streed,4,20,3,0.0001,0.1,0.1,0.8179288559632582,10.762203346013305,18.52375817298889,5.895589810126003,0.9017309819032916,7.993990234787002,0.874668318323059,8.0
auto_mpg,outer_2,streed,4,20,3,0.0001,0.1,0.001,0.8243926872040768,10.39274401614318,18.14272356033325,5.50156388516944,0.9082986947186616,7.443502761367934,0.8832989919615465,8.0
auto_mpg,outer_2,streed,4,20,3,0.0001,0.01,0.1,0.8212698981278782,10.608024066919912,18.80631136894226,5.015915179083544,0.9163935966748712,7.758488041510042,0.8783605777648541,7.0
auto_mpg,outer_2,streed,4,20,3,0.0001,0.01,0.001,0.8269183061858355,10.356846482234795,19.304791927337646,4.142899402114493,0.9309452201677968,11.584437042132024,0.8183764386585168,8.0
auto_mpg,outer_2,streed,4,20,3,0.0001,0.001,0.1,0.8291684670677958,10.070593478107703,18.91034746170044,4.820386691016358,0.9196527095289057,7.68041542862931,0.8795846187728946,7.0
auto_mpg,outer_2,streed,4,20,3,0.0001,0.001,0.001,0.8023267684031167,11.751599598151378,20.0379478931427,4.027124634679332,0.9328749800531756,13.30271216427038,0.7914369122998148,8.0
auto_mpg,outer_2,streed,4,20,3,0.0001,0.0001,0.1,0.8284250061957543,10.111187977767347,18.954508066177368,4.797974280700536,0.9200262846292516,7.57035991252944,0.8813100953503611,7.0
auto_mpg,outer_2,streed,4,20,3,0.0001,0.0001,0.001,0.7988279095296997,11.944241984468803,20.16388726234436,4.00553338085781,0.933234867932226,14.044774265218336,0.7798026860512248,8.0
auto_mpg,outer_2,streed,4,20,3,0.0001,1e-05,0.1,0.850392722578908,8.909042687877816,18.910212993621823,4.796853954974896,0.9200449584706404,7.572081951490316,0.8812830968136427,7.0
auto_mpg,outer_2,streed,4,20,3,0.0001,1e-05,0.001,0.798190202308758,11.97982496352555,20.243343114852905,4.005949861217838,0.9332279259438322,14.07902961540394,0.7792656225173576,8.0
auto_mpg,outer_3,streed,4,20,3,0.1,0.1,0.1,0.8003970429908197,11.818743526454412,0.0620348453521728,11.456311050611513,0.8066068051628212,17.826869384364226,0.7285744608505365,1.0
auto_mpg,outer_3,streed,4,20,3,0.1,0.1,0.001,0.7999971452394883,11.836952943503968,0.0589046478271484,11.47187936679135,0.8063439974936725,17.907528352143775,0.7273463762471901,1.0
auto_mpg,outer_3,streed,4,20,3,0.1,0.01,0.1,0.79343795837567,12.223626031131635,0.0608925819396972,11.608086258228278,0.8040446983757054,18.30103860788022,0.7213549297951402,1.0
auto_mpg,outer_3,streed,4,20,3,0.1,0.01,0.001,0.7902811580869713,12.404930174621368,0.0526323318481445,12.06300746286758,0.7963652049702189,19.097090963002927,0.7092345212690142,1.0
auto_mpg,outer_3,streed,4,20,3,0.1,0.001,0.1,0.7911437053544045,12.358775145866504,0.0612709522247314,11.930412361684448,0.7986035337066053,18.883855167938098,0.7124811732410201,1.0
auto_mpg,outer_3,streed,4,20,3,0.1,0.001,0.001,0.8021143300978001,11.734365023467518,0.0502972602844238,12.104262714300742,0.7956687779228715,19.186102989865905,0.7078792559747467,1.0
auto_mpg,outer_3,streed,4,20,3,0.1,0.0001,0.1,0.7886771195968082,12.499732632670794,0.0614030361175537,11.933158782036465,0.798557171574511,18.89068248854596,0.7123772228985914,1.0
auto_mpg,outer_3,streed,4,20,3,0.1,0.0001,0.001,0.8006260472401573,11.81955623714444,0.0504944324493408,12.108621343421287,0.7955952002060123,19.195438393322625,0.7077371184596404,1.0
auto_mpg,outer_3,streed,4,20,3,0.1,1e-05,0.1,0.7886700776489941,12.50015234777027,0.0611236095428466,11.93343555851375,0.7985524993299322,18.89136896603029,0.7123667708378689,1.0
auto_mpg,outer_3,streed,4,20,3,0.1,1e-05,0.001,0.8004515323513915,11.829541697718716,0.05027437210083,12.109059792988548,0.7955877987691787,19.196376653155628,0.7077228328509031,1.0
auto_mpg,outer_3,streed,4,20,3,0.08,0.1,0.1,0.8003970429908197,11.818743526454412,0.8287880420684814,11.456311050611513,0.8066068051628212,17.826869384364226,0.7285744608505365,1.0
auto_mpg,outer_3,streed,4,20,3,0.08,0.1,0.001,0.7999971452394883,11.836952943503968,0.0686879158020019,11.47187936679135,0.8063439974936725,17.907528352143775,0.7273463762471901,1.0
auto_mpg,outer_3,streed,4,20,3,0.08,0.01,0.1,0.83130526078213,10.042752708262489,0.0727760791778564,6.901158690695201,0.8835020172396012,13.643691482378582,0.7922660318675117,2.0
auto_mpg,outer_3,streed,4,20,3,0.08,0.01,0.001,0.8513569021408426,8.775909898643835,0.0621533393859863,6.659677437481679,0.8875784455807953,13.6582256823266,0.7920447393358876,2.0
auto_mpg,outer_3,streed,4,20,3,0.08,0.001,0.1,0.831220115936682,10.048053939990044,0.0719666481018066,6.696705166637131,0.886953383044757,14.388279984109133,0.7809291935719461,2.0
auto_mpg,outer_3,streed,4,20,3,0.08,0.001,0.001,0.8436102708826262,9.22364724604211,0.0619871616363525,6.670435553295195,0.8873968385714873,13.486571287805614,0.7946582877708752,2.0
auto_mpg,outer_3,streed,4,20,3,0.08,0.0001,0.1,0.8311210701935404,10.053791400722714,0.0723028182983398,6.682082616194425,0.8872002253078808,14.352321355331474,0.7814766867965058,2.0
auto_mpg,outer_3,streed,4,20,3,0.08,0.0001,0.001,0.8423120812781352,9.29804365679172,0.0622587203979492,6.685254909879441,0.887146674037494,13.456341365984525,0.7951185577516455,2.0
auto_mpg,outer_3,streed,4,20,3,0.08,1e-05,0.1,0.8311719994951252,10.050790820852924,0.0720562934875488,6.680548222095832,0.887226127308582,14.348514519205288,0.7815346483222076,2.0
auto_mpg,outer_3,streed,4,20,3,0.08,1e-05,0.001,0.8421347197163502,9.308235487247416,0.0618095397949218,6.687226990337828,0.8871133834836116,13.453073683827174,0.7951683103117952,2.0
auto_mpg,outer_3,streed,4,20,3,0.05,0.1,0.1,0.8298709080779118,10.073944418593486,5.757403612136841,7.530102106462494,0.8728848669187261,16.28814020013454,0.7520026012283907,2.0
auto_mpg,outer_3,streed,4,20,3,0.05,0.1,0.001,0.8404371276307708,9.427895134849557,4.34191107749939,7.241316026411982,0.8777598447714349,14.255590390775682,0.7829494778761349,2.0
auto_mpg,outer_3,streed,4,20,3,0.05,0.01,0.1,0.8562828009731156,8.49982401027559,4.842967748641968,6.901158690695201,0.8835020172396012,13.643691482378582,0.7922660318675117,2.0
auto_mpg,outer_3,streed,4,20,3,0.05,0.01,0.001,0.8513569021408426,8.775909898643835,1.0532832145690918,6.659677437481679,0.8875784455807953,13.6582256823266,0.7920447393358876,2.0
auto_mpg,outer_3,streed,4,20,3,0.05,0.001,0.1,0.8572805561839077,8.438231642351269,1.2072584629058838,6.696705166637131,0.886953383044757,14.388279984109133,0.7809291935719461,2.0
auto_mpg,outer_3,streed,4,20,3,0.05,0.001,0.001,0.8436102708826262,9.22364724604211,1.02514910697937,6.670435553295195,0.8873968385714873,13.486571287805614,0.7946582877708752,2.0
auto_mpg,outer_3,streed,4,20,3,0.05,0.0001,0.1,0.8572311932816136,8.44090006264382,1.2082271575927734,6.682082616194425,0.8872002253078808,14.352321355331474,0.7814766867965058,2.0
auto_mpg,outer_3,streed,4,20,3,0.05,0.0001,0.001,0.8423120812781352,9.29804365679172,1.0252583026885986,6.685254909879441,0.887146674037494,13.456341365984525,0.7951185577516455,2.0
auto_mpg,outer_3,streed,4,20,3,0.05,1e-05,0.1,0.8572870031986565,8.437597994252874,1.2054026126861572,6.680548222095832,0.887226127308582,14.348514519205288,0.7815346483222076,2.0
auto_mpg,outer_3,streed,4,20,3,0.05,1e-05,0.001,0.8421347197163502,9.308235487247416,1.0234594345092771,6.687226990337828,0.8871133834836116,13.453073683827174,0.7951683103117952,2.0
auto_mpg,outer_3,streed,4,20,3,0.03,0.1,0.1,0.834505467641988,9.757441349839858,13.667419910430908,6.6682728266302655,0.8874333474108024,12.56626827428065,0.808670492395316,3.0
auto_mpg,outer_3,streed,4,20,3,0.03,0.1,0.001,0.8404371276307708,9.427895134849557,11.545189380645752,7.241316026411982,0.8777598447714349,14.255590390775682,0.7829494778761349,2.0
auto_mpg,outer_3,streed,4,20,3,0.03,0.01,0.1,0.8562828009731156,8.49982401027559,12.513982772827148,6.901158690695201,0.8835020172396012,13.643691482378582,0.7922660318675117,2.0
auto_mpg,outer_3,streed,4,20,3,0.03,0.01,0.001,0.8513569021408426,8.775909898643835,6.9723219871521,6.659677437481679,0.8875784455807953,13.6582256823266,0.7920447393358876,2.0
auto_mpg,outer_3,streed,4,20,3,0.03,0.001,0.1,0.8572805561839077,8.438231642351269,11.645509004592896,6.696705166637131,0.886953383044757,14.388279984109133,0.7809291935719461,2.0
auto_mpg,outer_3,streed,4,20,3,0.03,0.001,0.001,0.8436102708826262,9.22364724604211,6.665284633636475,6.670435553295195,0.8873968385714873,13.486571287805614,0.7946582877708752,2.0
auto_mpg,outer_3,streed,4,20,3,0.03,0.0001,0.1,0.8572311932816136,8.44090006264382,11.607412576675417,6.682082616194425,0.8872002253078808,14.352321355331474,0.7814766867965058,2.0
auto_mpg,outer_3,streed,4,20,3,0.03,0.0001,0.001,0.8423120812781352,9.29804365679172,6.61401629447937,6.685254909879441,0.887146674037494,13.456341365984525,0.7951185577516455,2.0
auto_mpg,outer_3,streed,4,20,3,0.03,1e-05,0.1,0.8572870031986565,8.437597994252874,11.627523422241213,6.680548222095832,0.887226127308582,14.348514519205288,0.7815346483222076,2.0
auto_mpg,outer_3,streed,4,20,3,0.03,1e-05,0.001,0.8421347197163502,9.308235487247416,6.565399885177612,6.687226990337828,0.8871133834836116,13.453073683827174,0.7951683103117952,2.0
auto_mpg,outer_3,streed,4,20,3,0.01,0.1,0.1,0.8234132772668636,10.410748313384898,16.325888633728027,6.269697802528309,0.8941616648380136,15.997718015425376,0.7564244655706958,4.0
auto_mpg,outer_3,streed,4,20,3,0.01,0.1,0.001,0.8281712248144607,10.126908584010865,16.13460063934326,5.9212656101600905,0.900043524589248,12.419743001656348,0.8109014338053627,4.0
auto_mpg,outer_3,streed,4,20,3,0.01,0.01,0.1,0.8436328859074985,9.236456164215172,16.4687716960907,5.665153554515378,0.904366934494813,14.671530997492088,0.7766165149201614,4.0
auto_mpg,outer_3,streed,4,20,3,0.01,0.01,0.001,0.8443117089354922,9.19673873236964,16.029685974121094,5.480236402821474,0.907488508148696,13.739621261941132,0.7908054393441215,3.0
auto_mpg,outer_3,streed,4,20,3,0.01,0.001,0.1,0.8411320441863266,9.387244571877885,16.47158646583557,5.574283545544947,0.905900904834134,15.04937079809536,0.7708636612149102,3.0
auto_mpg,outer_3,streed,4,20,3,0.01,0.001,0.001,0.8337057568053488,9.819300627586207,15.90983271598816,5.432094378107231,0.9083011903396984,13.217583309048154,0.7987538025572799,3.0
auto_mpg,outer_3,streed,4,20,3,0.01,0.0001,0.1,0.8409707414312547,9.397198670719517,16.468883991241455,5.569265277561574,0.905985617869034,14.999826704675089,0.7716180018665596,3.0
auto_mpg,outer_3,streed,4,20,3,0.01,0.0001,0.001,0.8248379271293933,10.336736347600532,15.925292491912842,5.441181592587811,0.9081477897002772,13.105142793898104,0.8004657816372194,3.0
auto_mpg,outer_3,streed,4,20,3,0.01,1e-05,0.1,0.8409168078092503,9.400412901261763,16.52590250968933,5.568788142698718,0.905993672349668,14.999626976717297,0.771621042853031,3.0
auto_mpg,outer_3,streed,4,20,3,0.01,1e-05,0.001,0.8236523461580171,10.404788629618198,15.889638900756836,4.840171289875125,0.9182934030707752,12.363496921226515,0.8117578165148867,4.0
auto_mpg,outer_3,streed,4,20,3,0.008,0.1,0.1,0.8234132772668636,10.410748313384898,16.236884593963623,6.080443888309212,0.8973564470802712,12.267376464259115,0.8132213122242653,5.0
auto_mpg,outer_3,streed,4,20,3,0.008,0.1,0.001,0.8298888905220093,10.02887177536324,16.241220474243164,5.9212656101600905,0.900043524589248,12.419743001656348,0.8109014338053627,4.0
auto_mpg,outer_3,streed,4,20,3,0.008,0.01,0.1,0.8352247726946057,9.730251593269209,16.49363136291504,5.665153554515378,0.904366934494813,14.671530997492088,0.7766165149201614,4.0
auto_mpg,outer_3,streed,4,20,3,0.008,0.01,0.001,0.8443117089354922,9.19673873236964,16.162091732025146,4.451374225182024,0.9248566594411844,14.952564035709742,0.7723376063651943,5.0
auto_mpg,outer_3,streed,4,20,3,0.008,0.001,0.1,0.8344950931198852,9.777022399136287,16.373904943466187,5.111034773309759,0.9137209753324976,13.624568231796784,0.7925571956432449,4.0
auto_mpg,outer_3,streed,4,20,3,0.008,0.001,0.001,0.8322268128610878,9.903712247278492,16.00663924217224,4.249970741790165,0.9282565377207124,15.315770505642403,0.7668075545205045,5.0
auto_mpg,outer_3,streed,4,20,3,0.008,0.0001,0.1,0.834152849944635,9.797602847808486,16.533074855804443,5.581720404148043,0.905775363738187,14.572117947970192,0.7781301424664899,4.0
auto_mpg,outer_3,streed,4,20,3,0.008,0.0001,0.001,0.8248379271293933,10.336736347600532,16.137205123901367,4.274805814403457,0.9278372985768484,11.990173631079886,0.8174419034468287,5.0
auto_mpg,outer_3,streed,4,20,3,0.008,1e-05,0.1,0.8341084568997639,9.80025677507464,16.526278734207153,5.580903975533086,0.905789145813194,14.570430298138591,0.7781558380193971,4.0
auto_mpg,outer_3,streed,4,20,3,0.008,1e-05,0.001,0.8236523461580171,10.404788629618198,16.13173222541809,4.277141384050598,0.9277978719870996,11.98345427480383,0.8175442099629444,5.0
auto_mpg,outer_3,streed,4,20,3,0.005,0.1,0.1,0.819886538455895,10.628604294403852,16.14752769470215,6.080443888309212,0.8973564470802712,12.267376464259115,0.8132213122242653,5.0
auto_mpg,outer_3,streed,4,20,3,0.005,0.1,0.001,0.8298888905220093,10.02887177536324,16.02523136138916,5.726697903681797,0.903328008591275,11.68992386117238,0.8220133990874556,5.0
auto_mpg,outer_3,streed,4,20,3,0.005,0.01,0.1,0.8352247726946057,9.730251593269209,16.248913764953613,5.665153554515378,0.904366934494813,14.671530997492088,0.7766165149201614,4.0
auto_mpg,outer_3,streed,4,20,3,0.005,0.01,0.001,0.8467199164471099,9.054267652261274,16.274260997772217,4.073686206941437,0.9312323847664296,12.741014175525793,0.8060098737843319,6.0
auto_mpg,outer_3,streed,4,20,3,0.005,0.001,0.1,0.8344950931198852,9.777022399136287,16.227375268936157,5.111034773309759,0.9137209753324976,13.624568231796784,0.7925571956432449,4.0
auto_mpg,outer_3,streed,4,20,3,0.005,0.001,0.001,0.8303889923455193,10.011747987435916,16.190191507339478,4.249970741790165,0.9282565377207124,15.315770505642403,0.7668075545205045,5.0
auto_mpg,outer_3,streed,4,20,3,0.005,0.0001,0.1,0.834152849944635,9.797602847808486,16.246086835861206,5.138163610851333,0.913263015301454,15.765121594054747,0.7599658955163333,5.0
auto_mpg,outer_3,streed,4,20,3,0.005,0.0001,0.001,0.824011566605188,10.38228668310577,16.165448427200317,4.274805814403457,0.9278372985768484,11.990173631079886,0.8174419034468287,5.0
auto_mpg,outer_3,streed,4,20,3,0.005,1e-05,0.1,0.8341084568997639,9.80025677507464,16.200154304504395,4.839591328755881,0.9183031933543347,13.919376004344716,0.7880685579085982,5.0
auto_mpg,outer_3,streed,4,20,3,0.005,1e-05,0.001,0.822788047899574,10.452723892201378,16.139201641082764,4.277141384050598,0.9277978719870996,11.98345427480383,0.8175442099629444,5.0
auto_mpg,outer_3,streed,4,20,3,0.003,0.1,0.1,0.8192268062041537,10.666258911503324,16.216978788375854,5.960178638361794,0.8993866364503461,12.223598456844778,0.8138878605120845,6.0
auto_mpg,outer_3,streed,4,20,3,0.003,0.1,0.001,0.8303297626420858,10.003708732587183,15.876423835754396,5.21124705218805,0.9120292987807204,14.292719455993447,0.7823841640048341,6.0
auto_mpg,outer_3,streed,4,20,3,0.003,0.01,0.1,0.8331357946865691,9.859378318193082,16.052072525024414,4.728188326159395,0.9201837797395516,13.712392913702931,0.7912200084387482,7.0
auto_mpg,outer_3,streed,4,20,3,0.003,0.01,0.001,0.8482622397423331,8.967546318051967,16.050004959106445,4.073686206941437,0.9312323847664296,12.741014175525793,0.8060098737843319,6.0
auto_mpg,outer_3,streed,4,20,3,0.003,0.001,0.1,0.8326920139549926,9.88911719725712,16.155543088912964,4.6556066735913095,0.921409025598772,13.631373711557655,0.7924535778417432,7.0
auto_mpg,outer_3,streed,4,20,3,0.003,0.001,0.001,0.8303889923455193,10.011747987435916,16.10040020942688,3.5299483445530524,0.9404111860312238,11.59291295159584,0.8234904525098746,8.0
auto_mpg,outer_3,streed,4,20,3,0.003,0.0001,0.1,0.8323814606724905,9.907702732419027,16.17939853668213,4.649821270883964,0.921506688581913,13.640248581184387,0.7923184522500659,7.0
auto_mpg,outer_3,streed,4,20,3,0.003,0.0001,0.001,0.824011566605188,10.38228668310577,16.168083906173706,3.5263459271564037,0.940471998190251,11.68910267037889,0.8220259022448559,8.0
auto_mpg,outer_3,streed,4,20,3,0.003,1e-05,0.1,0.8323425951927735,9.910022501501398,16.300684452056885,4.648896660033217,0.9215222968737634,13.640449503913104,0.7923153930724395,7.0
auto_mpg,outer_3,streed,4,20,3,0.003,1e-05,0.001,0.8320913610431376,9.921731670352706,16.32304310798645,3.5264017550236963,0.9404710557638828,11.700880832720564,0.8218465721563893,8.0
auto_mpg,outer_3,streed,4,20,3,0.001,0.1,0.1,0.8192268062041537,10.666258911503324,16.26913547515869,5.6648293105931335,0.9043724080340484,12.101080659276157,0.8157532726909406,8.0
auto_mpg,outer_3,streed,4,20,3,0.001,0.1,0.001,0.8304345961545665,9.997232889342392,16.280775547027588,4.9449123829203785,0.9165252759201354,13.947996413575693,0.7876327937910348,8.0
auto_mpg,outer_3,streed,4,20,3,0.001,0.01,0.1,0.8331357946865691,9.859378318193082,16.46284794807434,4.759673203174074,0.9196522857073082,14.150420599003803,0.7845507555216061,8.0
auto_mpg,outer_3,streed,4,20,3,0.001,0.01,0.001,0.8482622397423331,8.967546318051967,16.577438592910767,3.722953531632154,0.9371530788111528,11.438815224705202,0.8258366894010072,8.0
auto_mpg,outer_3,streed,4,20,3,0.001,0.001,0.1,0.8326920139549926,9.88911719725712,16.506963968276978,4.458957068863787,0.9247286539812168,10.738038257010524,0.8365064689444017,8.0
auto_mpg,outer_3,streed,4,20,3,0.001,0.001,0.001,0.8355512256745902,9.717110399427716,16.786470413208008,3.5299483445530524,0.9404111860312238,11.59291295159584,0.8234904525098746,8.0
auto_mpg,outer_3,streed,4,20,3,0.001,0.0001,0.1,0.8323814606724905,9.907702732419027,16.518453359603882,4.480047382147593,0.9243726298607076,11.525384165539148,0.8245186216610786,8.0
auto_mpg,outer_3,streed,4,20,3,0.001,0.0001,0.001,0.8272206072693614,10.19912874722021,16.79570245742798,3.5263459271564037,0.940471998190251,11.68910267037889,0.8220259022448559,8.0
auto_mpg,outer_3,streed,4,20,3,0.001,1e-05,0.1,0.8323425951927735,9.910022501501398,16.56713342666626,4.478892843704896,0.9243921195443422,11.523146343169357,0.8245526939443352,8.0
auto_mpg,outer_3,streed,4,20,3,0.001,1e-05,0.001,0.8320913610431376,9.921731670352706,16.798718214035034,3.5264017550236963,0.9404710557638828,11.700880832720564,0.8218465721563893,8.0
auto_mpg,outer_3,streed,4,20,3,0.0005,0.1,0.1,0.8192268062041537,10.666258911503324,16.4813494682312,5.6648293105931335,0.9043724080340484,12.101080659276157,0.8157532726909406,8.0
auto_mpg,outer_3,streed,4,20,3,0.0005,0.1,0.001,0.8304345961545665,9.997232889342392,16.394187211990356,4.9449123829203785,0.9165252759201354,13.947996413575693,0.7876327937910348,8.0
auto_mpg,outer_3,streed,4,20,3,0.0005,0.01,0.1,0.8331357946865691,9.859378318193082,16.51904559135437,4.759673203174074,0.9196522857073082,14.150420599003803,0.7845507555216061,8.0
auto_mpg,outer_3,streed,4,20,3,0.0005,0.01,0.001,0.8482622397423331,8.967546318051967,16.607060432434082,3.722953531632154,0.9371530788111528,11.438815224705202,0.8258366894010072,8.0
auto_mpg,outer_3,streed,4,20,3,0.0005,0.001,0.1,0.8326920139549926,9.88911719725712,16.475092887878418,4.458957068863787,0.9247286539812168,10.738038257010524,0.8365064689444017,8.0
auto_mpg,outer_3,streed,4,20,3,0.0005,0.001,0.001,0.8355512256745902,9.717110399427716,16.90614342689514,3.5299483445530524,0.9404111860312238,11.59291295159584,0.8234904525098746,8.0
auto_mpg,outer_3,streed,4,20,3,0.0005,0.0001,0.1,0.8323814606724905,9.907702732419027,16.49101185798645,4.480047382147593,0.9243726298607076,11.525384165539148,0.8245186216610786,8.0
auto_mpg,outer_3,streed,4,20,3,0.0005,0.0001,0.001,0.8272206072693614,10.19912874722021,16.863147258758545,3.5263459271564037,0.940471998190251,11.68910267037889,0.8220259022448559,8.0
auto_mpg,outer_3,streed,4,20,3,0.0005,1e-05,0.1,0.8323425951927735,9.910022501501398,16.481807470321655,4.478892843704896,0.9243921195443422,11.523146343169357,0.8245526939443352,8.0
auto_mpg,outer_3,streed,4,20,3,0.0005,1e-05,0.001,0.8320913610431376,9.921731670352706,17.059773921966553,3.5264017550236963,0.9404710557638828,11.700880832720564,0.8218465721563893,8.0
auto_mpg,outer_3,streed,4,20,3,0.0001,0.1,0.1,0.8192268062041537,10.666258911503324,16.530843496322632,5.6648293105931335,0.9043724080340484,12.101080659276157,0.8157532726909406,8.0
auto_mpg,outer_3,streed,4,20,3,0.0001,0.1,0.001,0.8304345961545665,9.997232889342392,16.409056425094604,4.9449123829203785,0.9165252759201354,13.947996413575693,0.7876327937910348,8.0
auto_mpg,outer_3,streed,4,20,3,0.0001,0.01,0.1,0.8331357946865691,9.859378318193082,16.534751892089844,4.759673203174074,0.9196522857073082,14.150420599003803,0.7845507555216061,8.0
auto_mpg,outer_3,streed,4,20,3,0.0001,0.01,0.001,0.8482622397423331,8.967546318051967,16.715193271636963,3.722953531632154,0.9371530788111528,11.438815224705202,0.8258366894010072,8.0
auto_mpg,outer_3,streed,4,20,3,0.0001,0.001,0.1,0.8326920139549926,9.88911719725712,16.556846380233765,4.458957068863787,0.9247286539812168,10.738038257010524,0.8365064689444017,8.0
auto_mpg,outer_3,streed,4,20,3,0.0001,0.001,0.001,0.8355512256745902,9.717110399427716,16.999117851257324,3.5299483445530524,0.9404111860312238,11.59291295159584,0.8234904525098746,8.0
auto_mpg,outer_3,streed,4,20,3,0.0001,0.0001,0.1,0.8323814606724905,9.907702732419027,16.6297607421875,4.480047382147593,0.9243726298607076,11.525384165539148,0.8245186216610786,8.0
auto_mpg,outer_3,streed,4,20,3,0.0001,0.0001,0.001,0.8272206072693614,10.19912874722021,17.118243932724,3.5263459271564037,0.940471998190251,11.68910267037889,0.8220259022448559,8.0
auto_mpg,outer_3,streed,4,20,3,0.0001,1e-05,0.1,0.8323425951927735,9.910022501501398,16.478355646133423,4.478892843704896,0.9243921195443422,11.523146343169357,0.8245526939443352,8.0
auto_mpg,outer_3,streed,4,20,3,0.0001,1e-05,0.001,0.8320913610431376,9.921731670352706,17.08468532562256,3.5264017550236963,0.9404710557638828,11.700880832720564,0.8218465721563893,8.0
auto_mpg,outer_4,streed,4,20,3,0.1,0.1,0.1,0.7831603903856718,13.50537753390517,0.0729360580444336,12.927578426317227,0.7898478172773311,10.120005688749966,0.8232461240738853,1.0
auto_mpg,outer_4,streed,4,20,3,0.1,0.1,0.001,0.7820583792938648,13.574427744822126,0.0670645236968994,12.968897065162627,0.7891761367928551,10.094007754946766,0.8237001984792875,1.0
auto_mpg,outer_4,streed,4,20,3,0.1,0.01,0.1,0.773911784795271,14.123649346475023,0.0681326389312744,12.785006348480302,0.7921654851625819,9.894853444221862,0.8271785854892032,1.0
auto_mpg,outer_4,streed,4,20,3,0.1,0.01,0.001,0.7699946925756724,14.365212055920244,0.0625159740447998,12.991067694602036,0.7888157285233882,9.971008720943631,0.8258484735557917,1.0
auto_mpg,outer_4,streed,4,20,3,0.1,0.001,0.1,0.7732295391808228,14.165301850534084,0.0683808326721191,12.813209867628546,0.7917070055530212,9.88048635514603,0.827429518024029,1.0
auto_mpg,outer_4,streed,4,20,3,0.1,0.001,0.001,0.768985884099498,14.426713601220442,0.0612344741821289,13.041016099868704,0.7880037615761262,9.968241713898673,0.8258968015147824,1.0
auto_mpg,outer_4,streed,4,20,3,0.1,0.0001,0.1,0.7731560466214594,14.16977060442076,0.068549633026123,12.81627609540477,0.7916571606061449,9.879004077013324,0.8274554071799459,1.0
auto_mpg,outer_4,streed,4,20,3,0.1,0.0001,0.001,0.7688790151885522,14.433210816010158,0.0601844787597656,13.046310744295118,0.7879176912351653,9.967907456369325,0.8259026395859937,1.0
auto_mpg,outer_4,streed,4,20,3,0.1,1e-05,0.1,0.7731486384569136,14.170220879972629,0.0695583820343017,12.81658545494869,0.7916521316222735,9.878855435252149,0.827458003325464,1.0
auto_mpg,outer_4,streed,4,20,3,0.1,1e-05,0.001,0.7688682615795255,14.433864409445484,0.0607633590698242,13.046843523115472,0.7879090303221689,9.967873492498567,0.8259032327917667,1.0
auto_mpg,outer_4,streed,4,20,3,0.08,0.1,0.1,0.7862748958954424,13.323004057734025,1.074828863143921,12.927578426317227,0.7898478172773311,10.120005688749966,0.8232461240738853,1.0
auto_mpg,outer_4,streed,4,20,3,0.08,0.1,0.001,0.787775206890052,13.239672285852166,0.0793094635009765,12.968897065162627,0.7891761367928551,10.094007754946766,0.8237001984792875,1.0
auto_mpg,outer_4,streed,4,20,3,0.08,0.01,0.1,0.8251212011933623,10.811232522608629,0.8540153503417969,12.785006348480302,0.7921654851625819,9.894853444221862,0.8271785854892032,1.0
auto_mpg,outer_4,streed,4,20,3,0.08,0.01,0.001,0.8207100139290322,11.07343512615654,0.0732958316802978,12.991067694602036,0.7888157285233882,9.971008720943631,0.8258484735557917,1.0
auto_mpg,outer_4,streed,4,20,3,0.08,0.001,0.1,0.8299154222443305,10.48476662711488,0.0817234516143798,12.813209867628546,0.7917070055530212,9.88048635514603,0.827429518024029,1.0
auto_mpg,outer_4,streed,4,20,3,0.08,0.001,0.001,0.8073819861459093,11.858592207644852,0.0724151134490966,7.8285042970584655,0.8727389452821674,9.9071892306796,0.826963131255672,2.0
auto_mpg,outer_4,streed,4,20,3,0.08,0.0001,0.1,0.8299458163297837,10.48289969660562,0.082165241241455,12.81627609540477,0.7916571606061449,9.879004077013324,0.8274554071799459,1.0
auto_mpg,outer_4,streed,4,20,3,0.08,0.0001,0.001,0.8036999508548738,12.083030088692873,0.0722754001617431,7.903454789862292,0.8715205415611118,9.905066887810507,0.8270001996467078,2.0
auto_mpg,outer_4,streed,4,20,3,0.08,1e-05,0.1,0.8299378160110332,10.483364584017666,0.0827977657318115,12.81658545494869,0.7916521316222735,9.878855435252149,0.827458003325464,1.0
auto_mpg,outer_4,streed,4,20,3,0.08,1e-05,0.001,0.8033810084480092,12.101747773250594,0.0722463130950927,7.90625100668193,0.8714750859430034,9.902972885707564,0.8270367730439248,2.0
auto_mpg,outer_4,streed,4,20,3,0.05,0.1,0.1,0.8304401011549839,10.50126846829157,7.861286163330078,8.623915625540949,0.8598086484136802,9.713931533014067,0.8303385292708048,2.0
auto_mpg,outer_4,streed,4,20,3,0.05,0.1,0.001,0.83578365348159,10.18250345064084,6.528658628463745,8.400156957574497,0.8634460947261728,9.565936885247956,0.8329233724431817,2.0
auto_mpg,outer_4,streed,4,20,3,0.05,0.01,0.1,0.8477011708663821,9.498522258778856,7.091121912002564,7.958743448260215,0.8706217628526045,8.212517895325703,0.85656190186483,2.0
auto_mpg,outer_4,streed,4,20,3,0.05,0.01,0.001,0.8445960123988449,9.684797505858446,1.2864365577697754,7.906077562283333,0.8714779054748402,8.564359393903775,0.8504167127712645,2.0
auto_mpg,outer_4,streed,4,20,3,0.05,0.001,0.1,0.853925706933275,9.08890349686838,6.992400646209717,8.075621061496074,0.8687217871013122,8.920825235646902,0.8441907558794216,2.0
auto_mpg,outer_4,streed,4,20,3,0.05,0.001,0.001,0.8285685921553915,10.626886604532537,1.270768642425537,7.8285042970584655,0.8727389452821674,9.9071892306796,0.826963131255672,2.0
auto_mpg,outer_4,streed,4,20,3,0.05,0.0001,0.1,0.8539804420273128,9.085621476247686,6.961145639419556,8.073525634448723,0.8687558506013132,8.916383878863927,0.8442683276763066,2.0
auto_mpg,outer_4,streed,4,20,3,0.05,0.0001,0.001,0.824861760217879,10.852766064679637,1.2770869731903076,7.903454789862292,0.8715205415611118,9.905066887810507,0.8270001996467078,2.0
auto_mpg,outer_4,streed,4,20,3,0.05,1e-05,0.1,0.8539748933856567,9.085943832835634,7.032837867736816,8.073333643137321,0.8687589716338704,8.915947247997252,0.8442759537785447,2.0
auto_mpg,outer_4,streed,4,20,3,0.05,1e-05,0.001,0.8245405483268827,10.871615688082125,1.273510456085205,7.90625100668193,0.8714750859430034,9.902972885707564,0.8270367730439248,2.0
auto_mpg,outer_4,streed,4,20,3,0.03,0.1,0.1,0.8366075771283521,10.14271577183523,17.577004432678223,8.623915625540949,0.8598086484136802,9.713931533014067,0.8303385292708048,2.0
auto_mpg,outer_4,streed,4,20,3,0.03,0.1,0.001,0.83578365348159,10.18250345064084,15.678702354431152,8.400156957574497,0.8634460947261728,9.565936885247956,0.8329233724431817,2.0
auto_mpg,outer_4,streed,4,20,3,0.03,0.01,0.1,0.8477011708663821,9.498522258778856,16.30974507331848,7.958743448260215,0.8706217628526045,8.212517895325703,0.85656190186483,2.0
auto_mpg,outer_4,streed,4,20,3,0.03,0.01,0.001,0.8445960123988449,9.684797505858446,12.312803268432615,7.906077562283333,0.8714779054748402,8.564359393903775,0.8504167127712645,2.0
auto_mpg,outer_4,streed,4,20,3,0.03,0.001,0.1,0.853925706933275,9.08890349686838,16.28715968132019,8.075621061496074,0.8687217871013122,8.920825235646902,0.8441907558794216,2.0
auto_mpg,outer_4,streed,4,20,3,0.03,0.001,0.001,0.8285685921553915,10.626886604532537,11.980417013168337,7.8285042970584655,0.8727389452821674,9.9071892306796,0.826963131255672,2.0
auto_mpg,outer_4,streed,4,20,3,0.03,0.0001,0.1,0.8539804420273128,9.085621476247686,16.285309553146362,8.073525634448723,0.8687558506013132,8.916383878863927,0.8442683276763066,2.0
auto_mpg,outer_4,streed,4,20,3,0.03,0.0001,0.001,0.824861760217879,10.852766064679637,11.883854150772097,7.903454789862292,0.8715205415611118,9.905066887810507,0.8270001996467078,2.0
auto_mpg,outer_4,streed,4,20,3,0.03,1e-05,0.1,0.8539748933856567,9.085943832835634,16.492164134979248,8.073333643137321,0.8687589716338704,8.915947247997252,0.8442759537785447,2.0
auto_mpg,outer_4,streed,4,20,3,0.03,1e-05,0.001,0.8245405483268827,10.871615688082125,11.881104469299316,7.90625100668193,0.8714750859430034,9.902972885707564,0.8270367730439248,2.0
auto_mpg,outer_4,streed,4,20,3,0.01,0.1,0.1,0.8295912941043969,10.506034069006056,20.87282943725586,7.125902460377859,0.8841605205141383,7.232773051076278,0.873673917802946,5.0
auto_mpg,outer_4,streed,4,20,3,0.01,0.1,0.001,0.837400737559094,10.087376741612516,20.98333859443665,6.585000714997596,0.8929534807021621,6.753616554318951,0.8820427636891875,4.0
auto_mpg,outer_4,streed,4,20,3,0.01,0.01,0.1,0.8421527944138028,9.77105460629152,21.06711459159851,6.652983749775037,0.8918483407698832,7.649384903326419,0.86639746343061,4.0
auto_mpg,outer_4,streed,4,20,3,0.01,0.01,0.001,0.8226318393822357,10.97332243410471,20.715269327163696,6.021754993459594,0.9021096671035882,7.812759728958577,0.8635439933291713,4.0
auto_mpg,outer_4,streed,4,20,3,0.01,0.001,0.1,0.8428500676324987,9.727639971990405,21.102911949157715,6.598908299112018,0.8927273974357017,7.636397389421388,0.8666243005976988,4.0
auto_mpg,outer_4,streed,4,20,3,0.01,0.001,0.001,0.8074059971104509,11.9167502710712,19.970932483673096,5.258680771202932,0.9145142883016454,8.126885105479445,0.8580575460351212,5.0
auto_mpg,outer_4,streed,4,20,3,0.01,0.0001,0.1,0.8429596466953776,9.721827281868356,20.453152179718018,6.592599839560992,0.892829948470439,7.6344358882818435,0.8666585597611529,4.0
auto_mpg,outer_4,streed,4,20,3,0.01,0.0001,0.001,0.7934017127873042,12.749043286479427,20.63716435432434,5.258832138498659,0.9145118276576994,8.148544604254752,0.8576792458170286,5.0
auto_mpg,outer_4,streed,4,20,3,0.01,1e-05,0.1,0.8429123096028802,9.72465399746944,21.126770496368408,6.591960607793223,0.8928403398946355,7.634242986641107,0.8666619289403532,4.0
auto_mpg,outer_4,streed,4,20,3,0.01,1e-05,0.001,0.7928697580300085,12.78190612625242,20.72278571128845,5.258870130292568,0.914511210058784,8.151838116231549,0.8576217220344131,5.0
auto_mpg,outer_4,streed,4,20,3,0.008,0.1,0.1,0.8295912941043969,10.506034069006056,20.43264365196228,7.125902460377859,0.8841605205141383,7.232773051076278,0.873673917802946,5.0
auto_mpg,outer_4,streed,4,20,3,0.008,0.1,0.001,0.8353177309353875,10.150456816463956,21.01544594764709,6.37003963642883,0.8964479124025091,6.216046499901531,0.8914318484014342,5.0
auto_mpg,outer_4,streed,4,20,3,0.008,0.01,0.1,0.8421527944138028,9.77105460629152,20.753613471984863,6.652983749775037,0.8918483407698832,7.649384903326419,0.86639746343061,4.0
auto_mpg,outer_4,streed,4,20,3,0.008,0.01,0.001,0.8212111791092034,11.069048140195855,20.77299475669861,5.383974814648897,0.9124774941052384,8.408093684126595,0.8531460165609025,5.0
auto_mpg,outer_4,streed,4,20,3,0.008,0.001,0.1,0.8402609502118614,9.879248740295852,19.87902069091797,5.790094662582864,0.9058755637455218,7.26191215456412,0.8731649803931366,5.0
auto_mpg,outer_4,streed,4,20,3,0.008,0.001,0.001,0.7962344484595469,12.58580643176692,19.76649117469788,4.72476777878167,0.92319363852805,10.636057262101987,0.8142328765942778,6.0
auto_mpg,outer_4,streed,4,20,3,0.008,0.0001,0.1,0.8401198621744695,9.888114152458323,19.967794179916385,6.592599839560992,0.892829948470439,7.6344358882818435,0.8666585597611529,4.0
auto_mpg,outer_4,streed,4,20,3,0.008,0.0001,0.001,0.7912278369652231,12.895521513521707,19.714592933654785,4.725370504868718,0.923183840544344,10.779353098117738,0.8117301018727168,6.0
auto_mpg,outer_4,streed,4,20,3,0.008,1e-05,0.1,0.8400695574335068,9.891114642151306,19.89023756980896,6.591960607793223,0.8928403398946355,7.634242986641107,0.8666619289403532,4.0
auto_mpg,outer_4,streed,4,20,3,0.008,1e-05,0.001,0.7906901853338507,12.92876821515376,19.81975150108337,4.7422010569499,0.9229102411787362,10.67869495976572,0.8134881755976164,6.0
auto_mpg,outer_4,streed,4,20,3,0.005,0.1,0.1,0.829235129105418,10.529724527851974,19.316839694976807,6.946721462183273,0.887073307165377,8.021573422453262,0.8598968975856716,6.0
auto_mpg,outer_4,streed,4,20,3,0.005,0.1,0.001,0.8267356168010876,10.728729434383462,19.14711904525757,6.37003963642883,0.8964479124025091,6.216046499901531,0.8914318484014342,5.0
auto_mpg,outer_4,streed,4,20,3,0.005,0.01,0.1,0.8440736376900905,9.6416260001684,19.49760150909424,5.714002477874507,0.9071125269398076,7.817943577107383,0.8634534533353517,6.0
auto_mpg,outer_4,streed,4,20,3,0.005,0.01,0.001,0.8203661191592101,11.118176588372345,19.619619131088257,4.9377680047827415,0.9197310826696828,7.642840180918077,0.8665117721660113,6.0
auto_mpg,outer_4,streed,4,20,3,0.005,0.001,0.1,0.8414387680117308,9.799886036432412,20.08699321746826,5.657385193215813,0.9080329039476648,7.688659620935014,0.865711499531307,6.0
auto_mpg,outer_4,streed,4,20,3,0.005,0.001,0.001,0.7962344484595469,12.58580643176692,20.55467700958252,4.72476777878167,0.92319363852805,10.636057262101987,0.8142328765942778,6.0
auto_mpg,outer_4,streed,4,20,3,0.005,0.0001,0.1,0.8413504775332853,9.805193888982656,20.65338921546936,5.650551844023549,0.9081439876480072,7.6714193614638,0.8660126142517164,6.0
auto_mpg,outer_4,streed,4,20,3,0.005,0.0001,0.001,0.7912278369652231,12.895521513521707,20.89651679992676,4.398559575932546,0.9284965161119312,11.230916911925965,0.8038431839426894,7.0
auto_mpg,outer_4,streed,4,20,3,0.005,1e-05,0.1,0.8413148710139579,9.80720399577339,20.60141634941101,5.649854861911878,0.9081553178683514,7.669534780341833,0.8660455299464354,6.0
auto_mpg,outer_4,streed,4,20,3,0.005,1e-05,0.001,0.7906901853338507,12.92876821515376,20.77875924110413,4.415856011806287,0.9282153432864938,11.12959145372853,0.8056129129346696,7.0
auto_mpg,outer_4,streed,4,20,3,0.003,0.1,0.1,0.8310970285697765,10.42069884896619,20.23581337928772,6.5309949331010495,0.8938314048246024,7.459890704973866,0.8697071289638576,7.0
auto_mpg,outer_4,streed,4,20,3,0.003,0.1,0.001,0.8323171573618918,10.402394389863012,20.009568214416504,6.246166640084853,0.8984616058958774,6.090513316113871,0.8936243844013378,6.0
auto_mpg,outer_4,streed,4,20,3,0.003,0.01,0.1,0.8440736376900905,9.6416260001684,20.50274157524109,5.714002477874507,0.9071125269398076,7.817943577107383,0.8634534533353517,6.0
auto_mpg,outer_4,streed,4,20,3,0.003,0.01,0.001,0.8203661191592101,11.118176588372345,20.496976613998413,4.5132232584636025,0.9266325302695504,10.031780016519654,0.8247870549787197,7.0
auto_mpg,outer_4,streed,4,20,3,0.003,0.001,0.1,0.8542885279311387,9.047453466602244,20.68058967590332,4.942420804209531,0.9196554462339122,5.725915413063355,0.8999923741535919,7.0
auto_mpg,outer_4,streed,4,20,3,0.003,0.001,0.001,0.7850187317469137,13.242555709691386,20.864723920822144,4.40265379349025,0.928429960046447,11.101616892755157,0.8061015106915732,7.0
auto_mpg,outer_4,streed,4,20,3,0.003,0.0001,0.1,0.854031877288766,9.062619843482544,20.66753649711609,4.92633143334362,0.9199169968735296,5.72914653932032,0.8999359399867456,7.0
auto_mpg,outer_4,streed,4,20,3,0.003,0.0001,0.001,0.7796482472414797,13.573577796912316,20.91396689414978,4.398559575932546,0.9284965161119312,11.230916911925965,0.8038431839426894,7.0
auto_mpg,outer_4,streed,4,20,3,0.003,1e-05,0.1,0.8540216818151346,9.063141977071044,20.67401599884033,4.924753355184257,0.9199426502912664,5.729689463024098,0.8999264573963275,7.0
auto_mpg,outer_4,streed,4,20,3,0.003,1e-05,0.001,0.7790788965324867,13.608680674736362,21.07785487174988,4.415856011806287,0.9282153432864938,11.12959145372853,0.8056129129346696,7.0
auto_mpg,outer_4,streed,4,20,3,0.001,0.1,0.1,0.8310970285697765,10.42069884896619,20.631468534469604,6.455215168684275,0.8950632892791555,7.706720425163316,0.8653960533499632,8.0
auto_mpg,outer_4,streed,4,20,3,0.001,0.1,0.001,0.8323171573618918,10.402394389863012,20.31207680702209,5.720006168860583,0.9070149302574664,7.177633521830747,0.8746369731421069,8.0
auto_mpg,outer_4,streed,4,20,3,0.001,0.01,0.1,0.8468582531347991,9.47985971415916,19.9539315700531,5.0967307111784175,0.9171469668655544,5.7633633434268425,0.8993383165333956,8.0
auto_mpg,outer_4,streed,4,20,3,0.001,0.01,0.001,0.8337624434326059,10.333739309969562,20.22719430923462,4.652245488531468,0.9243725691126908,5.737594047142675,0.8997883976043162,8.0
auto_mpg,outer_4,streed,4,20,3,0.001,0.001,0.1,0.8463205990278766,9.510677386042488,20.00511765480041,4.885829785749256,0.9205753962554656,5.639532210750794,0.901501124869081,8.0
auto_mpg,outer_4,streed,4,20,3,0.001,0.001,0.001,0.7850187317469137,13.242555709691386,21.116284132003784,4.40265379349025,0.928429960046447,11.101616892755157,0.8061015106915732,7.0
auto_mpg,outer_4,streed,4,20,3,0.001,0.0001,0.1,0.8456897709548016,9.547596961039927,21.09092116355896,4.868885333212882,0.9208508471998058,5.642375383715905,0.901451466612261,8.0
auto_mpg,outer_4,streed,4,20,3,0.001,0.0001,0.001,0.7796482472414797,13.573577796912316,21.464678049087524,4.398559575932546,0.9284965161119312,11.230916911925965,0.8038431839426894,7.0
auto_mpg,outer_4,streed,4,20,3,0.001,1e-05,0.1,0.8456350263169178,9.550709007104226,20.940316200256348,4.867230878434136,0.9208777422045392,5.642953209454051,0.9014413744303028,8.0
auto_mpg,outer_4,streed,4,20,3,0.001,1e-05,0.001,0.7790788965324867,13.608680674736362,21.55555391311645,4.415856011806287,0.9282153432864938,11.12959145372853,0.8056129129346696,7.0
auto_mpg,outer_4,streed,4,20,3,0.0005,0.1,0.1,0.8310970285697765,10.42069884896619,20.83632588386536,6.455215168684275,0.8950632892791555,7.706720425163316,0.8653960533499632,8.0
auto_mpg,outer_4,streed,4,20,3,0.0005,0.1,0.001,0.8323171573618918,10.402394389863012,20.52032494544983,5.720006168860583,0.9070149302574664,7.177633521830747,0.8746369731421069,8.0
auto_mpg,outer_4,streed,4,20,3,0.0005,0.01,0.1,0.8468582531347991,9.47985971415916,20.956270217895508,5.0967307111784175,0.9171469668655544,5.7633633434268425,0.8993383165333956,8.0
auto_mpg,outer_4,streed,4,20,3,0.0005,0.01,0.001,0.8337624434326059,10.333739309969562,21.28930711746216,4.652245488531468,0.9243725691126908,5.737594047142675,0.8997883976043162,8.0
auto_mpg,outer_4,streed,4,20,3,0.0005,0.001,0.1,0.8463205990278766,9.510677386042488,21.09254026412964,4.885829785749256,0.9205753962554656,5.639532210750794,0.901501124869081,8.0
auto_mpg,outer_4,streed,4,20,3,0.0005,0.001,0.001,0.7850187317469137,13.242555709691386,21.78584575653076,4.346732170007293,0.9293390283072448,11.001419161107078,0.8078515430504967,8.0
auto_mpg,outer_4,streed,4,20,3,0.0005,0.0001,0.1,0.8456897709548016,9.547596961039927,21.126856803894043,4.868885333212882,0.9208508471998058,5.642375383715905,0.901451466612261,8.0
auto_mpg,outer_4,streed,4,20,3,0.0005,0.0001,0.001,0.7796482472414797,13.573577796912316,21.674504041671756,4.342168964774369,0.929413208289627,11.128933521493895,0.8056244042397286,8.0
auto_mpg,outer_4,streed,4,20,3,0.0005,1e-05,0.1,0.8456350263169178,9.550709007104226,21.01338195800781,4.867230878434136,0.9208777422045392,5.642953209454051,0.9014413744303028,8.0
auto_mpg,outer_4,streed,4,20,3,0.0005,1e-05,0.001,0.7790788965324867,13.608680674736362,21.42441153526306,4.359264090769401,0.9291353079804352,11.027835889728548,0.8073901540635,8.0
auto_mpg,outer_4,streed,4,20,3,0.0001,0.1,0.1,0.8310970285697765,10.42069884896619,20.794092178344727,6.455215168684275,0.8950632892791555,7.706720425163316,0.8653960533499632,8.0
auto_mpg,outer_4,streed,4,20,3,0.0001,0.1,0.001,0.8323171573618918,10.402394389863012,20.557679653167725,5.720006168860583,0.9070149302574664,7.177633521830747,0.8746369731421069,8.0
auto_mpg,outer_4,streed,4,20,3,0.0001,0.01,0.1,0.8468582531347991,9.47985971415916,21.05596613883972,5.0967307111784175,0.9171469668655544,5.7633633434268425,0.8993383165333956,8.0
auto_mpg,outer_4,streed,4,20,3,0.0001,0.01,0.001,0.8337624434326059,10.333739309969562,21.35717988014221,4.652245488531468,0.9243725691126908,5.737594047142675,0.8997883976043162,8.0
auto_mpg,outer_4,streed,4,20,3,0.0001,0.001,0.1,0.8463205990278766,9.510677386042488,20.56066632270813,4.885829785749256,0.9205753962554656,5.639532210750794,0.901501124869081,8.0
auto_mpg,outer_4,streed,4,20,3,0.0001,0.001,0.001,0.7850187317469137,13.242555709691386,21.682880401611328,4.346732170007293,0.9293390283072448,11.001419161107078,0.8078515430504967,8.0
auto_mpg,outer_4,streed,4,20,3,0.0001,0.0001,0.1,0.8456897709548016,9.547596961039927,21.29915189743042,4.868885333212882,0.9208508471998058,5.642375383715905,0.901451466612261,8.0
auto_mpg,outer_4,streed,4,20,3,0.0001,0.0001,0.001,0.7796482472414797,13.573577796912316,21.940862894058228,4.342168964774369,0.929413208289627,11.128933521493895,0.8056244042397286,8.0
auto_mpg,outer_4,streed,4,20,3,0.0001,1e-05,0.1,0.8456350263169178,9.550709007104226,21.33155870437622,4.867230878434136,0.9208777422045392,5.642953209454051,0.9014413744303028,8.0
auto_mpg,outer_4,streed,4,20,3,0.0001,1e-05,0.001,0.7790788965324867,13.608680674736362,22.00680351257324,4.359264090769401,0.9291353079804352,11.027835889728548,0.8073901540635,8.0
auto_mpg,mean,streed,4,20,3,0.0001,1e-05,0.001,0.818965837886469,10.953279995765774,19.14000883102417,3.9479955492776213,0.9350394166061472,11.964577841538823,0.8019068843607808,8.0
auto_mpg,mean,streed,4,20,3,0.0001,1e-05,0.1,0.8425003465866447,9.530897368532278,18.27299952507019,4.8049602538359135,0.920921701460246,8.577009827599241,0.8584599115309505,7.8
auto_mpg,mean,streed,4,20,3,0.0001,0.0001,0.001,0.8183161041623043,10.989447842842198,19.133027648925783,3.947295464799138,0.9350509688441141,11.922100550677062,0.8026047747680861,8.0
auto_mpg,mean,streed,4,20,3,0.0001,0.0001,0.1,0.8381298318710261,9.769946285294075,18.223594379425048,4.806847162383336,0.92089076464817,8.576853517197588,0.8584624057196463,7.8
auto_mpg,mean,streed,4,20,3,0.0001,0.001,0.001,0.8227343744716414,10.722975943916122,18.911674976348877,3.9744225900566774,0.9346058493548627,11.378737611108056,0.8116489910421192,8.0
auto_mpg,mean,streed,4,20,3,0.0001,0.001,0.1,0.8386120560529011,9.74163548928013,18.078393030166627,4.819478816415176,0.9206857948931683,8.442142026146195,0.8604955541069256,7.8
auto_mpg,mean,streed,4,20,3,0.0001,0.01,0.001,0.840048527666073,9.706973902073116,18.52389168739319,4.234671889998381,0.9303386898251418,9.325486491230091,0.8468659434733616,8.0
auto_mpg,mean,streed,4,20,3,0.0001,0.01,0.1,0.8385135705457566,9.765174655463875,18.123855781555175,5.018716300309973,0.9173925337670845,9.135786414133566,0.8498832692021481,7.8
auto_mpg,mean,streed,4,20,3,0.0001,0.1,0.001,0.836839094244952,9.84884262365686,17.718031215667725,5.425899898763478,0.9107012929439074,9.381500888897607,0.8454193646748698,7.8
auto_mpg,mean,streed,4,20,3,0.0001,0.1,0.1,0.8266381654881897,10.439490196255868,17.92804970741272,6.032961429476541,0.9007115394631932,9.50906183464392,0.8424241526660632,7.8
auto_mpg,mean,streed,4,20,3,0.0005,1e-05,0.001,0.818965837886469,10.953279995765774,18.864021587371827,3.9479955492776213,0.9350394166061472,11.964577841538823,0.8019068843607808,8.0
auto_mpg,mean,streed,4,20,3,0.0005,1e-05,0.1,0.8425003465866447,9.530897368532278,18.072966432571413,4.8049602538359135,0.920921701460246,8.577009827599241,0.8584599115309505,7.8
auto_mpg,mean,streed,4,20,3,0.0005,0.0001,0.001,0.8183161041623043,10.989447842842198,18.864546680450438,3.947295464799138,0.9350509688441141,11.922100550677062,0.8026047747680861,8.0
auto_mpg,mean,streed,4,20,3,0.0005,0.0001,0.1,0.8381298318710261,9.769946285294075,18.179408025741576,4.806847162383336,0.92089076464817,8.576853517197588,0.8584624057196463,7.8
auto_mpg,mean,streed,4,20,3,0.0005,0.001,0.001,0.8227343744716414,10.722975943916122,18.901017904281616,3.9744225900566774,0.9346058493548627,11.378737611108056,0.8116489910421192,8.0
auto_mpg,mean,streed,4,20,3,0.0005,0.001,0.1,0.8386120560529011,9.74163548928013,18.15093822479248,4.819478816415176,0.9206857948931683,8.442142026146195,0.8604955541069256,7.8
auto_mpg,mean,streed,4,20,3,0.0005,0.01,0.001,0.840048527666073,9.706973902073116,18.441833114624025,4.234671889998381,0.9303386898251418,9.325486491230091,0.8468659434733616,8.0
auto_mpg,mean,streed,4,20,3,0.0005,0.01,0.1,0.8385135705457566,9.765174655463875,18.08068218231201,5.018716300309973,0.9173925337670845,9.135786414133566,0.8498832692021481,7.8
auto_mpg,mean,streed,4,20,3,0.0005,0.1,0.001,0.836839094244952,9.84884262365686,17.714466047286987,5.425899898763478,0.9107012929439074,9.381500888897607,0.8454193646748698,7.8
auto_mpg,mean,streed,4,20,3,0.0005,0.1,0.1,0.8266381654881897,10.439490196255868,17.906620740890503,6.032961429476541,0.9007115394631932,9.50906183464392,0.8424241526660632,7.8
auto_mpg,mean,streed,4,20,3,0.001,1e-05,0.001,0.818965837886469,10.953279995765774,18.766368246078493,3.9593139334849994,0.934855423667359,11.984928954338818,0.8015514361350148,7.8
auto_mpg,mean,streed,4,20,3,0.001,1e-05,0.1,0.8425003465866447,9.530897368532278,18.147508525848387,4.8049602538359135,0.920921701460246,8.577009827599241,0.8584599115309505,7.8
auto_mpg,mean,streed,4,20,3,0.001,0.0001,0.001,0.8183161041623043,10.989447842842198,18.719850635528566,3.9585735870307728,0.934867630408575,11.942497228763475,0.8022485307086782,7.8
auto_mpg,mean,streed,4,20,3,0.001,0.0001,0.1,0.8381298318710261,9.769946285294075,18.10574173927307,4.806847162383336,0.92089076464817,8.576853517197588,0.8584624057196463,7.8
auto_mpg,mean,streed,4,20,3,0.001,0.001,0.001,0.8227343744716414,10.722975943916122,18.57790689468384,4.026571755964386,0.9337563714027187,11.68439003128449,0.8068641765324351,7.4
auto_mpg,mean,streed,4,20,3,0.001,0.001,0.1,0.8386120560529011,9.74163548928013,17.97247519493103,4.826880311323217,0.9205646339926759,8.429204072156889,0.860714472507297,7.6
auto_mpg,mean,streed,4,20,3,0.001,0.01,0.001,0.840048527666073,9.706973902073116,18.162252807617186,4.234671889998381,0.9303386898251418,9.325486491230091,0.8468659434733616,8.0
auto_mpg,mean,streed,4,20,3,0.001,0.01,0.1,0.8385135705457566,9.765174655463875,17.880938148498537,5.018716300309973,0.9173925337670845,9.135786414133566,0.8498832692021481,7.8
auto_mpg,mean,streed,4,20,3,0.001,0.1,0.001,0.836839094244952,9.84884262365686,17.65584897994995,5.425899898763478,0.9107012929439074,9.381500888897607,0.8454193646748698,7.8
auto_mpg,mean,streed,4,20,3,0.001,0.1,0.1,0.8266381654881897,10.439490196255868,17.7777729511261,6.032961429476541,0.9007115394631932,9.50906183464392,0.8424241526660632,7.8
auto_mpg,mean,streed,4,20,3,0.003,1e-05,0.001,0.818965837886469,10.953279995765774,18.130844116210938,4.025220868071239,0.9337794504855855,11.18268252541106,0.8155628046530781,7.2
auto_mpg,mean,streed,4,20,3,0.003,1e-05,0.1,0.844177677686288,9.433383962525642,17.863072538375853,4.857414229532458,0.920046969519901,9.007272996439188,0.8518878912096021,7.2
auto_mpg,mean,streed,4,20,3,0.003,0.0001,0.001,0.8176742960294696,11.02607943001931,18.067319488525392,4.024530957584378,0.9337908329942071,11.18594016875689,0.8154830236489268,7.2
auto_mpg,mean,streed,4,20,3,0.003,0.0001,0.1,0.839798253137819,9.6729508617826,17.813063669204713,4.859284710881252,0.9200163233863516,9.006407964700136,0.8519015468770738,7.2
auto_mpg,mean,streed,4,20,3,0.003,0.001,0.001,0.8217019278058274,10.781903461517762,17.953420209884644,4.0560212827175475,0.9332742889011673,10.863199495845384,0.8207592420557053,7.2
auto_mpg,mean,streed,4,20,3,0.003,0.001,0.1,0.8402056418335537,9.64899070539208,17.770219850540162,4.877528435960777,0.9197167183118762,9.025147803528828,0.8516021441436674,7.2
auto_mpg,mean,streed,4,20,3,0.003,0.01,0.001,0.837369262811394,9.863861357753674,17.89980278015137,4.322040096711065,0.9288727356637855,10.158572059464415,0.8330571501043125,7.0
auto_mpg,mean,streed,4,20,3,0.003,0.01,0.1,0.8379566474568149,9.797527912665723,17.82402033805847,5.156095402079727,0.915160919261796,9.44071803430165,0.8443511296316826,7.0
auto_mpg,mean,streed,4,20,3,0.003,0.1,0.001,0.8368181275424558,9.85013779230582,17.436089754104614,5.663276237911616,0.9068160629301326,9.369330993079775,0.8457287528460841,6.6
auto_mpg,mean,streed,4,20,3,0.003,0.1,0.1,0.8254400714132138,10.520321714171406,17.691551446914673,6.134707025262879,0.8990230401133928,9.532707560415954,0.8420455498107711,7.0
auto_mpg,mean,streed,4,20,3,0.005,1e-05,0.001,0.8194274330180292,10.923495948218989,18.13258147239685,4.324942374809099,0.9287810421060143,11.328753998029146,0.8132979059331176,6.0
auto_mpg,mean,streed,4,20,3,0.005,1e-05,0.1,0.8420806421309626,9.551837126252403,18.14604606628418,5.106562082712263,0.9159787102981287,9.608430226184169,0.8414466433191456,6.2
auto_mpg,mean,streed,4,20,3,0.005,0.0001,0.001,0.8199902139742182,10.890468173341187,18.281468772888182,4.323852421189839,0.9287991965794383,11.337458946387803,0.8131299703273361,6.0
auto_mpg,mean,streed,4,20,3,0.005,0.0001,0.1,0.8377074293357248,9.791040304183685,18.1535945892334,5.167466258341594,0.9149511828099156,9.97681430656112,0.8358382899793944,6.2
auto_mpg,mean,streed,4,20,3,0.005,0.001,0.001,0.823945071148354,10.650553605932869,17.93379740715027,4.413084973100724,0.9273481624684982,11.642264109384222,0.8090191449601194,5.8
auto_mpg,mean,streed,4,20,3,0.005,0.001,0.1,0.8380877366126237,9.768658940336937,17.825298833847047,5.17599369645846,0.9148135282171982,9.567433285517513,0.8420637864942384,6.0
auto_mpg,mean,streed,4,20,3,0.005,0.01,0.001,0.8370607981523491,9.881205624595534,17.689744329452516,4.6336504852402305,0.9237498146520581,9.745587093815207,0.8386147478797955,6.0
auto_mpg,mean,streed,4,20,3,0.005,0.01,0.1,0.8437361693777291,9.479965164639236,17.565896701812743,5.429327219462408,0.9106096204237335,9.814232948276388,0.838180324411409,6.0
auto_mpg,mean,streed,4,20,3,0.005,0.1,0.001,0.8328087663315635,10.091722745888216,17.093844747543336,5.870682524210035,0.9033472502873071,8.970127909430717,0.8517070716822008,5.6
auto_mpg,mean,streed,4,20,3,0.005,0.1,0.1,0.8265080763789265,10.450413798139971,17.290996932983397,6.371712140658042,0.8951429938031124,9.583128422128562,0.8411819578286286,6.2
auto_mpg,mean,streed,4,20,3,0.008,1e-05,0.001,0.8251933786255335,10.534046015447755,17.578741455078124,4.58377288213637,0.9245433915398135,12.011597557348248,0.8014266959776556,5.4
auto_mpg,mean,streed,4,20,3,0.008,1e-05,0.1,0.8453338742979151,9.35345252505942,17.67360563278198,5.924289794904892,0.9024877440798577,9.598922912480319,0.8421950471064219,4.4
auto_mpg,mean,streed,4,20,3,0.008,0.0001,0.001,0.8242585031679098,10.601938854609703,17.56636962890625,4.5804150976587445,0.9245982072139057,12.011032706249077,0.801424622891713,5.4
auto_mpg,mean,streed,4,20,3,0.008,0.0001,0.1,0.8453572515171803,9.35208074388259,17.708574533462524,5.925717028963058,0.902464407970025,9.598833926419932,0.8421963941199688,4.4
auto_mpg,mean,streed,4,20,3,0.008,0.001,0.001,0.8282171411777932,10.369302212697132,17.534033203125,4.607335049970928,0.9241579919477196,12.36134768033109,0.7965121439983222,5.4
auto_mpg,mean,streed,4,20,3,0.008,0.001,0.1,0.8444472872533273,9.405232363216612,17.627936363220215,5.6840601226014495,0.9064503390117524,9.35659251771235,0.8460393882664559,4.6
auto_mpg,mean,streed,4,20,3,0.008,0.01,0.001,0.8341640427992537,9.997121234712711,17.77044439315796,5.0560477647890325,0.9167715499058652,10.353646571583749,0.8291967305374854,5.0
auto_mpg,mean,streed,4,20,3,0.008,0.01,0.1,0.8450722910032757,9.390174854062204,17.87475757598877,6.161444999067858,0.8986173332139735,9.79025151056596,0.8387162241973293,4.2
auto_mpg,mean,streed,4,20,3,0.008,0.1,0.001,0.8382345684307454,9.756619801536647,17.764427947998048,6.237690486508667,0.8973459126296162,8.73060874854819,0.8561620218382309,4.4
auto_mpg,mean,streed,4,20,3,0.008,0.1,0.1,0.8280513934605764,10.366004490877284,17.543349075317384,6.707445483362558,0.8896199276768023,9.12438352029279,0.8494788981615894,4.6
auto_mpg,mean,streed,4,20,3,0.01,1e-05,0.001,0.8130813942752647,11.155297381304896,17.628375673294066,4.79971267796981,0.920962691532558,11.582234717925951,0.8090961265754034,5.0
auto_mpg,mean,streed,4,20,3,0.01,1e-05,0.1,0.8437586723405499,9.428369201243411,18.002880907058717,6.02058315952825,0.9009324987015681,10.013081245326305,0.8350149657997281,4.0
auto_mpg,mean,streed,4,20,3,0.01,0.0001,0.001,0.8182471101355949,10.892187770784853,17.62063331604004,4.920382580021603,0.9189259028612625,11.707864840040122,0.8072192273186536,4.8
auto_mpg,mean,streed,4,20,3,0.01,0.0001,0.1,0.8437765482993731,9.427343413442562,17.826891231536866,6.021685119920911,0.9009144702604368,10.012225415731667,0.8350292380517328,4.0
auto_mpg,mean,streed,4,20,3,0.01,0.001,0.001,0.8245510641730279,10.5257607709952,17.461812210083007,5.087003636420351,0.9161564854144046,10.234262977632266,0.8305682124417748,4.6
auto_mpg,mean,streed,4,20,3,0.01,0.001,0.1,0.8436483758220682,9.43661437677017,17.94566559791565,6.034380572930688,0.9007059527014267,10.039627861005764,0.8346113915665543,4.0
auto_mpg,mean,streed,4,20,3,0.01,0.01,0.001,0.8337116960526076,10.017350995831208,17.619089317321777,5.508776321087077,0.9092698002011076,9.961200361812995,0.8354908934655088,4.2
auto_mpg,mean,streed,4,20,3,0.01,0.01,0.1,0.8440016749723405,9.423938180510962,17.960927724838257,6.161444999067858,0.8986173332139735,9.79025151056596,0.8387162241973293,4.2
auto_mpg,mean,streed,4,20,3,0.01,0.1,0.001,0.838333019194754,9.761923731996951,17.69726824760437,6.357121308713358,0.8953729303896516,9.04029479470066,0.8511145036046732,4.0
auto_mpg,mean,streed,4,20,3,0.01,0.1,0.1,0.8338702352823291,10.046083399531891,17.751753950119017,6.80352801124381,0.8880103513936639,9.815045641794804,0.8389882002459064,4.2
auto_mpg,mean,streed,4,20,3,0.03,1e-05,0.001,0.8355597938592547,9.955956921267267,9.80910882949829,7.730664032132291,0.8727800894644628,9.353973841984223,0.8453537011348086,2.0
auto_mpg,mean,streed,4,20,3,0.03,1e-05,0.1,0.8487230594897133,9.164746325853468,13.869915056228638,7.848529233584523,0.870852876863086,8.779968820499587,0.8554626580180283,2.0
auto_mpg,mean,streed,4,20,3,0.03,0.0001,0.001,0.8358132270330284,9.940267862381093,9.81243085861206,7.7290033157637055,0.8728074192916665,9.34845307750589,0.8454465830013316,2.0
auto_mpg,mean,streed,4,20,3,0.03,0.0001,0.1,0.8487159424916086,9.165166801457975,13.826976585388184,7.849025390268798,0.8708445940925061,8.780641037310385,0.8554524026960889,2.0
auto_mpg,mean,streed,4,20,3,0.03,0.001,0.001,0.837925850691982,9.816580837629958,9.900752305984497,7.708673709792545,0.8731401197298908,9.287452391887324,0.8464868505006038,2.0
auto_mpg,mean,streed,4,20,3,0.03,0.001,0.1,0.8489008680699376,9.154922330368048,13.827927303314208,7.8514384084524185,0.8708035588882928,8.822898714358251,0.8547478731394526,2.0
auto_mpg,mean,streed,4,20,3,0.03,0.01,0.001,0.843335279369301,9.489186930658752,10.20222511291504,7.716074808495101,0.8730204731956539,8.738028198006713,0.8560115681823183,2.0
auto_mpg,mean,streed,4,20,3,0.03,0.01,0.1,0.8438362536747231,9.475423524199533,14.070357036590575,7.885271345957645,0.8702243742694453,8.520387338996807,0.8596725429924963,2.0
auto_mpg,mean,streed,4,20,3,0.03,0.1,0.001,0.8376576024450092,9.81998568147935,13.397054433822632,7.714016690078533,0.8730841578763794,9.758245683129166,0.8390615205253308,2.4
auto_mpg,mean,streed,4,20,3,0.03,0.1,0.1,0.8347762252048035,9.98884773224591,15.447415208816528,7.537764066238511,0.8759692014203857,9.197167138410173,0.8477148019641391,2.8
auto_mpg,mean,streed,4,20,3,0.05,1e-05,0.001,0.8354083794660628,9.96444574580369,1.1396949768066407,7.730664032132291,0.8727800894644628,9.353973841984223,0.8453537011348086,2.0
auto_mpg,mean,streed,4,20,3,0.05,1e-05,0.1,0.843639887642658,9.466836966016299,5.117496681213379,7.848529233584523,0.870852876863086,8.779968820499587,0.8554626580180283,2.0
auto_mpg,mean,streed,4,20,3,0.05,0.0001,0.001,0.8355812997447523,9.954186277600046,1.1297539710998534,7.7290033157637055,0.8728074192916665,9.34845307750589,0.8454465830013316,2.0
auto_mpg,mean,streed,4,20,3,0.05,0.0001,0.1,0.8436415878346418,9.466763574916097,5.059537267684936,7.849025390268798,0.8708445940925061,8.780641037310385,0.8554524026960889,2.0
auto_mpg,mean,streed,4,20,3,0.05,0.001,0.001,0.8376014948091995,9.836857456884841,1.1302711963653564,7.708673709792545,0.8731401197298908,9.287452391887324,0.8464868505006038,2.0
auto_mpg,mean,streed,4,20,3,0.05,0.001,0.1,0.8439189672036681,9.451272255488067,5.090800380706787,7.8514384084524185,0.8708035588882928,8.822898714358251,0.8547478731394526,2.0
auto_mpg,mean,streed,4,20,3,0.05,0.01,0.001,0.8445574429048328,9.403911018205596,1.1406023502349854,7.716074808495101,0.8730204731956539,8.738028198006713,0.8560115681823183,2.0
auto_mpg,mean,streed,4,20,3,0.05,0.01,0.1,0.8393487949767053,9.74611254962718,5.910922908782959,7.885271345957645,0.8702243742694453,8.520387338996807,0.8596725429924963,2.0
auto_mpg,mean,streed,4,20,3,0.05,0.1,0.001,0.8270482783220672,10.496872895125728,5.396175956726074,8.293496810359128,0.8635043816373507,9.80216413233465,0.8381750969991237,2.0
auto_mpg,mean,streed,4,20,3,0.05,0.1,0.1,0.8201799963938621,10.905056527623632,6.948471927642823,8.703923717049301,0.8567770355699457,11.127919161380152,0.8159612121071225,2.0
auto_mpg,mean,streed,4,20,3,0.08,1e-05,0.001,0.820453868642058,10.939644157982912,0.0665366172790527,8.68440180156574,0.8573590735900775,10.630843643956187,0.822512462766732,1.8
auto_mpg,mean,streed,4,20,3,0.08,1e-05,0.1,0.8105527908934873,11.605701914890536,0.1969924926757812,10.55712894056964,0.8265470350498291,11.300857554878203,0.8129679995667569,1.4
auto_mpg,mean,streed,4,20,3,0.08,0.0001,0.001,0.8206213556671041,10.929751826686658,0.06676511764526362,8.682886764911899,0.8573840479174091,10.624525955810466,0.8226196003728928,1.8
auto_mpg,mean,streed,4,20,3,0.08,0.0001,0.1,0.8105504094185912,11.605847296999867,0.19919223785400386,10.55737503032464,0.8265428463605163,11.301048685664622,0.8129658698487414,1.4
auto_mpg,mean,streed,4,20,3,0.08,0.001,0.001,0.8225946889649535,10.815579752512535,0.0668892383575439,9.573984993724066,0.8425246885980503,11.744642459768269,0.8051337730729408,1.6
auto_mpg,mean,streed,4,20,3,0.08,0.001,0.1,0.8108046514743223,11.591533006149115,0.20215616226196284,10.557167178383423,0.8265447200272149,11.33844635596111,0.812343428235601,1.4
auto_mpg,mean,streed,4,20,3,0.08,0.01,0.001,0.8172044343174909,11.142842864094698,0.06789383888244627,10.607414065739814,0.8257269074219005,11.430121132427399,0.8104898766617754,1.4
auto_mpg,mean,streed,4,20,3,0.08,0.01,0.1,0.8083444698887868,11.72399206145812,0.5047595500946045,11.60744255389776,0.809330691256422,12.044248282203764,0.8001321207025651,1.2
auto_mpg,mean,streed,4,20,3,0.08,0.1,0.001,0.7906902644454405,12.790418288877188,0.19679617881774897,12.505450101027304,0.7941506583137472,12.820040408901045,0.7884065227602643,1.0
auto_mpg,mean,streed,4,20,3,0.08,0.1,0.1,0.7897772066528119,12.842221416308371,0.9648247718811035,12.480123185986047,0.7945665881534556,12.796803070295098,0.7888072396537902,1.0
auto_mpg,mean,streed,4,20,3,0.1,1e-05,0.001,0.7803180117354722,13.440343107375105,0.05500464439392085,12.970200962741519,0.7864730244049543,13.449367514338153,0.7782824818872165,1.0
auto_mpg,mean,streed,4,20,3,0.1,1e-05,0.1,0.782856595313505,13.281752532629682,0.0648015975952148,12.709569514214355,0.7907750443009441,13.203593040055818,0.7823125275628318,1.0
auto_mpg,mean,streed,4,20,3,0.1,0.0001,0.001,0.780360903904272,13.437866359442348,0.05501265525817865,12.969666952796581,0.7864818070973576,13.448760878633937,0.7782922312903993,1.0
auto_mpg,mean,streed,4,20,3,0.1,0.0001,0.1,0.7828665622519029,13.281169781524884,0.06461596488952633,12.709225898694656,0.7907806941152824,13.203172247065364,0.782319228756996,1.0
auto_mpg,mean,streed,4,20,3,0.1,0.001,0.001,0.7807317147086248,13.416407206863237,0.05572214126586912,12.901050389820032,0.7876243472230315,13.392315931584946,0.7791795677016123,1.0
auto_mpg,mean,streed,4,20,3,0.1,0.001,0.1,0.7836242337868188,13.238052126454471,0.0668587207794189,12.705816505731587,0.7908367519349628,13.198996008796456,0.7823857397114244,1.0
auto_mpg,mean,streed,4,20,3,0.1,0.01,0.001,0.7781699563875233,13.544073148591337,0.05670094490051266,12.786428204592166,0.7895045335017217,13.254916094402736,0.7814569542063092,1.0
auto_mpg,mean,streed,4,20,3,0.1,0.01,0.1,0.781873986487863,13.323569613289987,0.0641512870788574,12.548828067404376,0.7934392274836428,12.97571770730409,0.7859499002880906,1.0
auto_mpg,mean,streed,4,20,3,0.1,0.1,0.001,0.788029404906677,12.941734391939326,0.0621279716491699,12.505450101027304,0.7941506583137472,12.820040408901045,0.7884065227602643,1.0
auto_mpg,mean,streed,4,20,3,0.1,0.1,0.1,0.7885045379164412,12.914819913741406,0.06661396026611324,12.480123185986047,0.7945665881534556,12.796803070295098,0.7888072396537902,1.0
auto_mpg,std,streed,4,20,3,0.0001,1e-05,0.001,0.030023407952144813,1.812325783543739,2.370149909244278,0.3465890789839299,0.004955430252707629,1.681030963081832,0.022480347717101633,0.0
auto_mpg,std,streed,4,20,3,0.0001,1e-05,0.1,0.006861409783565974,0.37320166220352285,2.3298144009296733,0.299030814808644,0.003930381564716811,2.256765678278416,0.03268171356420287,0.44721359549995804
auto_mpg,std,streed,4,20,3,0.0001,0.0001,0.001,0.02934758939461829,1.7637134008216955,2.3740154135372626,0.34294017774894503,0.004886857622170108,1.6197108034806045,0.021237090333758115,0.0
auto_mpg,std,streed,4,20,3,0.0001,0.0001,0.1,0.007557778793951763,0.23401396094128277,2.259666026744809,0.2992626121806387,0.0039314206993463574,2.257212657357593,0.032688127842424815,0.44721359549995804
auto_mpg,std,streed,4,20,3,0.0001,0.001,0.001,0.028523141959808533,1.7297184132294794,2.317466263019587,0.32938242175171084,0.0046071220556383645,1.3399503071020247,0.014885867021498536,0.0
auto_mpg,std,streed,4,20,3,0.0001,0.001,0.1,0.007539551029250582,0.23132892051254186,2.0321064424126467,0.3073961418731002,0.004029430538309299,1.9978498240942997,0.029545244507741434,0.44721359549995804
auto_mpg,std,streed,4,20,3,0.0001,0.01,0.001,0.009636893245222952,0.690037924462508,2.238776425333865,0.36597148123405443,0.004948251314128144,2.563792954180851,0.034534010851964586,0.0
auto_mpg,std,streed,4,20,3,0.0001,0.01,0.1,0.011978385107678284,0.5177775606854464,2.2316350105841103,0.27000085837281934,0.0035336712917478875,3.127787681248552,0.043793916373618985,0.44721359549995804
auto_mpg,std,streed,4,20,3,0.0001,0.1,0.001,0.011306534455204822,0.5924711055799375,2.0944113907304884,0.30519906521234835,0.0038735547386717153,2.7658463722686224,0.03809052848730086,0.44721359549995787
auto_mpg,std,streed,4,20,3,0.0001,0.1,0.1,0.010261428951539068,0.40423766965769087,2.1528713586414305,0.3408280218760271,0.00422819938995345,1.7703075325797057,0.026262828386339504,0.44721359549995787
auto_mpg,std,streed,4,20,3,0.0005,1e-05,0.001,0.030023407952144813,1.812325783543739,2.1426331993813648,0.3465890789839299,0.004955430252707629,1.681030963081832,0.022480347717101633,0.0
auto_mpg,std,streed,4,20,3,0.0005,1e-05,0.1,0.006861409783565974,0.37320166220352285,2.1876228381171927,0.299030814808644,0.003930381564716811,2.256765678278416,0.03268171356420287,0.44721359549995804
auto_mpg,std,streed,4,20,3,0.0005,0.0001,0.001,0.02934758939461829,1.7637134008216955,2.2471329706027867,0.34294017774894503,0.004886857622170108,1.6197108034806045,0.021237090333758115,0.0
auto_mpg,std,streed,4,20,3,0.0005,0.0001,0.1,0.007557778793951763,0.23401396094128277,2.2162284359108697,0.2992626121806387,0.0039314206993463574,2.257212657357593,0.032688127842424815,0.44721359549995804
auto_mpg,std,streed,4,20,3,0.0005,0.001,0.001,0.028523141959808533,1.7297184132294794,2.2088662848440492,0.32938242175171084,0.0046071220556383645,1.3399503071020247,0.014885867021498536,0.0
auto_mpg,std,streed,4,20,3,0.0005,0.001,0.1,0.007539551029250582,0.23132892051254186,2.2386478227444417,0.3073961418731002,0.004029430538309299,1.9978498240942997,0.029545244507741434,0.44721359549995804
auto_mpg,std,streed,4,20,3,0.0005,0.01,0.001,0.009636893245222952,0.690037924462508,2.266507334729,0.36597148123405443,0.004948251314128144,2.563792954180851,0.034534010851964586,0.0
auto_mpg,std,streed,4,20,3,0.0005,0.01,0.1,0.011978385107678284,0.5177775606854464,2.2064552943950964,0.27000085837281934,0.0035336712917478875,3.127787681248552,0.043793916373618985,0.44721359549995804
auto_mpg,std,streed,4,20,3,0.0005,0.1,0.001,0.011306534455204822,0.5924711055799375,2.117050678635239,0.30519906521234835,0.0038735547386717153,2.7658463722686224,0.03809052848730086,0.44721359549995787
auto_mpg,std,streed,4,20,3,0.0005,0.1,0.1,0.010261428951539068,0.40423766965769087,2.22246826528406,0.3408280218760271,0.00422819938995345,1.7703075325797057,0.026262828386339504,0.44721359549995787
auto_mpg,std,streed,4,20,3,0.001,1e-05,0.001,0.030023407952144813,1.812325783543739,2.291770447639214,0.363870522560961,0.005238448409547884,1.6674161403160201,0.022385825972470318,0.44721359549995787
auto_mpg,std,streed,4,20,3,0.001,1e-05,0.1,0.006861409783565974,0.37320166220352285,2.190933199403441,0.299030814808644,0.003930381564716811,2.256765678278416,0.03268171356420287,0.44721359549995804
auto_mpg,std,streed,4,20,3,0.001,0.0001,0.001,0.02934758939461829,1.7637134008216955,2.2158972847640546,0.3596908738301854,0.005160764267926027,1.6078240817605243,0.021188658342172248,0.44721359549995787
auto_mpg,std,streed,4,20,3,0.001,0.0001,0.1,0.007557778793951763,0.23401396094128277,2.227442200294364,0.2992626121806387,0.0039314206993463574,2.257212657357593,0.032688127842424815,0.44721359549995804
auto_mpg,std,streed,4,20,3,0.001,0.001,0.001,0.028523141959808533,1.7297184132294794,2.1493988959124075,0.3413341354641649,0.00467921091346186,2.7766069522096104,0.04325193373497966,0.5477225575051663
auto_mpg,std,streed,4,20,3,0.001,0.001,0.1,0.007539551029250582,0.23132892051254186,1.8449855987919186,0.30268717578713755,0.003916521658053684,1.985985269545182,0.029284119925178063,0.5477225575051662
auto_mpg,std,streed,4,20,3,0.001,0.01,0.001,0.009636893245222952,0.690037924462508,1.941901792201261,0.36597148123405443,0.004948251314128144,2.563792954180851,0.034534010851964586,0.0
auto_mpg,std,streed,4,20,3,0.001,0.01,0.1,0.011978385107678284,0.5177775606854464,1.9187008339410478,0.27000085837281934,0.0035336712917478875,3.127787681248552,0.043793916373618985,0.44721359549995804
auto_mpg,std,streed,4,20,3,0.001,0.1,0.001,0.011306534455204822,0.5924711055799375,2.039182791841507,0.30519906521234835,0.0038735547386717153,2.7658463722686224,0.03809052848730086,0.44721359549995787
auto_mpg,std,streed,4,20,3,0.001,0.1,0.1,0.010261428951539068,0.40423766965769087,2.158143410789742,0.3408280218760271,0.00422819938995345,1.7703075325797057,0.026262828386339504,0.44721359549995787
auto_mpg,std,streed,4,20,3,0.003,1e-05,0.001,0.030023407952144813,1.812325783543739,2.2292325705290894,0.33994661696444595,0.004638910606863272,2.3219372600366817,0.031164721221440057,0.8366600265340756
auto_mpg,std,streed,4,20,3,0.003,1e-05,0.1,0.00861921584627574,0.4266076083911775,2.136793435266386,0.2552169678841735,0.0033005290904436903,2.989994370459815,0.042149887695021454,0.44721359549995787
auto_mpg,std,streed,4,20,3,0.003,0.0001,0.001,0.029138516355325536,1.7449979137555063,2.1916981800250186,0.33679176119916765,0.00457673307947137,2.307415789272721,0.031082710243837575,0.8366600265340756
auto_mpg,std,streed,4,20,3,0.003,0.0001,0.1,0.010127737939605008,0.39461406717207415,2.209687852463221,0.2553901252237978,0.003299181038869579,2.9897271379148944,0.042146557959096866,0.44721359549995787
auto_mpg,std,streed,4,20,3,0.003,0.001,0.001,0.028032437810888714,1.691480165941728,2.2231917007724054,0.3337867618658076,0.0044869236181127705,2.109042560153808,0.02789512850273099,0.8366600265340756
auto_mpg,std,streed,4,20,3,0.003,0.001,0.1,0.010012640466447096,0.38719634331683267,2.1497768837266995,0.2537191629040028,0.0032389120031712537,2.9689290768142045,0.04173664735287051,0.44721359549995787
auto_mpg,std,streed,4,20,3,0.003,0.01,0.001,0.013071619013271528,0.9192658926174554,1.891875491095482,0.22908681709104414,0.0025835042054610374,2.5631381186505617,0.034331460668703614,0.7071067811865476
auto_mpg,std,streed,4,20,3,0.003,0.01,0.1,0.01155050476877575,0.5002500368898655,1.896376691166052,0.4051231310917569,0.005531111724538392,2.4877269523161174,0.033146646104100654,0.7071067811865475
auto_mpg,std,streed,4,20,3,0.003,0.1,0.001,0.011321467326060129,0.5928835250756058,1.8017490594856387,0.4490945694223532,0.006142664680996517,3.123701396239861,0.04464036887994198,0.8944271909999159
auto_mpg,std,streed,4,20,3,0.003,0.1,0.1,0.008054077185222172,0.238939006575159,1.7892647959746986,0.33636055799209785,0.004457455673402075,1.89761356986015,0.028604588243581627,0.7071067811865476
auto_mpg,std,streed,4,20,3,0.005,1e-05,0.001,0.02576542798919055,1.5142266127932007,2.014586212912669,0.24252491207814603,0.004006008576499142,2.4807013467621895,0.03309209827119059,0.7071067811865476
auto_mpg,std,streed,4,20,3,0.005,1e-05,0.1,0.006714443357280656,0.42149129555651094,2.019819178817956,0.4765638634443647,0.0068343407329815795,2.597445099861238,0.03580601174580193,0.8366600265340757
auto_mpg,std,streed,4,20,3,0.005,0.0001,0.001,0.025606786075836076,1.5077453851365652,2.126934863360968,0.24251806228016703,0.004000665089605584,2.462004927196943,0.03288919803647185,0.7071067811865476
auto_mpg,std,streed,4,20,3,0.005,0.0001,0.1,0.005794854394958451,0.13827791135650622,2.0380346308309756,0.4520986056672884,0.006761852066400301,3.3773137344952393,0.04679757034798673,0.8366600265340757
auto_mpg,std,streed,4,20,3,0.005,0.001,0.001,0.024602070285680667,1.4626528231195186,2.3274188689804043,0.26801838831160585,0.004019709741232364,3.0300638212174653,0.037603972033323003,0.4472135954999579
auto_mpg,std,streed,4,20,3,0.005,0.001,0.1,0.005672888489525846,0.13272386841870742,2.158670058035143,0.4432584566551435,0.00655550335791726,2.448760882715034,0.03356249049130919,1.224744871391589
auto_mpg,std,streed,4,20,3,0.005,0.01,0.001,0.012764902264414759,0.8987152392353077,2.0778501269094525,0.3443980142274485,0.004823354620485719,2.0369045916790385,0.030009576425961682,0.0
auto_mpg,std,streed,4,20,3,0.005,0.01,0.1,0.007600947444559066,0.3358401652642626,1.8815977580358854,0.4407111728510455,0.007051037011101909,2.834723871640813,0.038955654116897186,1.224744871391589
auto_mpg,std,streed,4,20,3,0.005,0.1,0.001,0.008623337923009159,0.47059031729009176,1.8107789433941397,0.3810003145087461,0.005868220070634601,2.058469198101222,0.030112277236402685,0.8944271909999159
auto_mpg,std,streed,4,20,3,0.005,0.1,0.1,0.009218225351974087,0.35272960966074013,1.7869074396661888,0.4086554925278021,0.005336516188362973,1.756826070525587,0.02585473009772788,1.0954451150103321
auto_mpg,std,streed,4,20,3,0.008,1e-05,0.001,0.026936938980596157,1.6147831764919685,1.890707060691639,0.4691627809570674,0.007416697693110112,1.9718314124696907,0.02419373252648867,0.547722557505166
auto_mpg,std,streed,4,20,3,0.008,1e-05,0.1,0.008951578021017694,0.5380291585512786,1.887558056873235,0.4367622766936577,0.006411535950880911,2.8317496423794424,0.03702439764227086,0.5477225575051663
auto_mpg,std,streed,4,20,3,0.008,0.0001,0.001,0.0240890038232968,1.4543387624263646,1.8548378351110768,0.46694945837001306,0.007385617316690608,1.9492857074165173,0.023826063652090522,0.547722557505166
auto_mpg,std,streed,4,20,3,0.008,0.0001,0.1,0.008944607997100073,0.5373938041783077,1.906576880710797,0.4363777709549882,0.006401332672943366,2.832554968481143,0.037038771584009214,0.5477225575051663
auto_mpg,std,streed,4,20,3,0.008,0.001,0.001,0.022305341344219607,1.3644922506336212,1.9631099632594926,0.44196821668772485,0.0069307733382376144,2.4228115849623406,0.02578211525667958,0.547722557505166
auto_mpg,std,streed,4,20,3,0.008,0.001,0.1,0.009485462171207677,0.5556489014252949,1.9308693275662392,0.37890885323896917,0.005334732558617241,2.4804504634216613,0.03180353834254002,0.5477225575051663
auto_mpg,std,streed,4,20,3,0.008,0.01,0.001,0.011272066665989582,0.8656593922137219,2.114422156373954,0.5370573100013549,0.008587058046232346,2.6761176038359773,0.035994540596944895,0.7071067811865476
auto_mpg,std,streed,4,20,3,0.008,0.01,0.1,0.010966012887756142,0.6293964101074825,2.146893150274339,0.4355038218601943,0.005664554590735401,2.8256724948559175,0.03842896099686543,0.44721359549995787
auto_mpg,std,streed,4,20,3,0.008,0.1,0.001,0.012447273501356933,0.6123875167717535,2.401669873178557,0.32937976929209356,0.0037412902384358526,2.277307965533408,0.030506819993485514,0.5477225575051661
auto_mpg,std,streed,4,20,3,0.008,0.1,0.1,0.008236777268818798,0.33078111128236554,2.1743728293216407,0.39971940794988425,0.004988160253543068,1.8715399663455925,0.02297196411157209,0.5477225575051663
auto_mpg,std,streed,4,20,3,0.01,1e-05,0.001,0.01616074023754451,1.1236253480481584,2.209577465929521,0.5122692062735446,0.008401945519073459,2.6398328055019777,0.03502358278064403,0.7071067811865475
auto_mpg,std,streed,4,20,3,0.01,1e-05,0.1,0.003718614411257656,0.17640885141229473,2.329597512852039,0.5168839857054295,0.007349330394230599,2.906296373148411,0.03974672100577506,0.7071067811865475
auto_mpg,std,streed,4,20,3,0.01,0.0001,0.001,0.015341904733283498,1.0946597305981678,2.204206578218011,0.5875877120419402,0.010212410736946807,2.708215591717376,0.03501993660010624,1.0954451150103321
auto_mpg,std,streed,4,20,3,0.01,0.0001,0.1,0.0037007343202632302,0.17503106629918322,2.093886612160869,0.5166620192989412,0.007343095803696815,2.9067404493591376,0.03975384329246223,0.7071067811865475
auto_mpg,std,streed,4,20,3,0.01,0.001,0.001,0.011140941353808538,0.8491927347645827,2.0190658326868336,0.6228887305132105,0.011029604757614263,2.0118662678850923,0.028918484230559767,1.140175425099138
auto_mpg,std,streed,4,20,3,0.01,0.001,0.1,0.0033129262803478156,0.16592284397226523,2.3190066304573715,0.5135653875514403,0.0072750832935566815,2.9143307050722846,0.03970386373883169,0.7071067811865475
auto_mpg,std,streed,4,20,3,0.01,0.01,0.001,0.008585524977061136,0.700104382312539,2.269811837704795,0.3576973670409076,0.006187652469276935,2.2889985793182452,0.030968008432785226,0.8366600265340757
auto_mpg,std,streed,4,20,3,0.01,0.01,0.1,0.0026908972141641164,0.27082522151396987,2.309228641247211,0.4355038218601943,0.005664554590735401,2.8256724948559175,0.03842896099686543,0.44721359549995787
auto_mpg,std,streed,4,20,3,0.01,0.1,0.001,0.01266945303999075,0.6153418632549547,2.364752642566836,0.29712890863223734,0.0031822814876963108,2.0762400296632153,0.025745391567375715,0.0
auto_mpg,std,streed,4,20,3,0.01,0.1,0.1,0.02072928738690643,1.0271661127030083,2.300036083844673,0.3464981928401283,0.004631806241599788,3.5108107229403296,0.04755773270148768,0.44721359549995787
auto_mpg,std,streed,4,20,3,0.03,1e-05,0.001,0.010942977047673733,0.6908622425366948,2.065608482044959,0.5923145331990674,0.0085680110978616,2.5839296572785964,0.037252652594418574,0.0
auto_mpg,std,streed,4,20,3,0.03,1e-05,0.1,0.007851901749609579,0.47778403716176904,2.0176936258713596,0.6746641926191829,0.009878271925976642,3.3133322854620557,0.04753783412982545,0.0
auto_mpg,std,streed,4,20,3,0.03,0.0001,0.001,0.011055284656291254,0.6952470056309246,2.048005253614804,0.5925550721415885,0.008573328989953161,2.587147390375554,0.03730052904201808,0.0
auto_mpg,std,streed,4,20,3,0.03,0.0001,0.1,0.00783514300717998,0.4762754211051353,1.9246008088604267,0.6741681500650523,0.009870423452979504,3.3152438399417945,0.047567103794596485,0.0
auto_mpg,std,streed,4,20,3,0.03,0.001,0.001,0.011337731828336396,0.6884577268711287,2.0793072993369,0.5929130892011754,0.008621315629244227,2.626103493778029,0.03785157519375009,0.0
auto_mpg,std,streed,4,20,3,0.03,0.001,0.1,0.007524164972970715,0.45981244953573425,1.9236980516920594,0.6669942589998463,0.00975417382346011,3.295766754872272,0.0471586861538182,0.0
auto_mpg,std,streed,4,20,3,0.03,0.01,0.001,0.009339482291325554,0.5768606115897601,2.0797961450069344,0.6130519958816366,0.008952654553785518,2.845381334623499,0.03976280654246994,0.0
auto_mpg,std,streed,4,20,3,0.03,0.01,0.1,0.009626525149791888,0.6535476692514373,1.738046298260847,0.586144572617119,0.008579672233528719,3.0112275118087144,0.04278618443404083,0.0
auto_mpg,std,streed,4,20,3,0.03,0.1,0.001,0.006799253869769229,0.3741558986229893,1.8252618359815722,0.614259139073017,0.008207844018945695,2.874906438428144,0.040980550531480725,0.5477225575051661
auto_mpg,std,streed,4,20,3,0.03,0.1,0.1,0.006838232583786944,0.31591274695080585,1.820563568731672,0.7106638018068575,0.010422273032035276,2.3146642422980106,0.03504414218156355,0.44721359549995787
auto_mpg,std,streed,4,20,3,0.05,1e-05,0.001,0.013614418014439189,0.8248953272618175,0.09742089067686266,0.5923145331990674,0.0085680110978616,2.5839296572785964,0.037252652594418574,0.0
auto_mpg,std,streed,4,20,3,0.05,1e-05,0.1,0.015301284784158938,0.8310267074426216,2.267039374805107,0.6746641926191829,0.009878271925976642,3.3133322854620557,0.04753783412982545,0.0
auto_mpg,std,streed,4,20,3,0.05,0.0001,0.001,0.013553775909663798,0.8213019711482311,0.11308227540852682,0.5925550721415885,0.008573328989953161,2.587147390375554,0.03730052904201808,0.0
auto_mpg,std,streed,4,20,3,0.05,0.0001,0.1,0.015272805185563915,0.8291353022744575,2.2450257783385226,0.6741681500650523,0.009870423452979504,3.3152438399417945,0.047567103794596485,0.0
auto_mpg,std,streed,4,20,3,0.05,0.001,0.001,0.013549463200856258,0.8034375918106457,0.1150331198678679,0.5929130892011754,0.008621315629244227,2.626103493778029,0.03785157519375009,0.0
auto_mpg,std,streed,4,20,3,0.05,0.001,0.1,0.015053392374906176,0.818047629915261,2.2606725502983855,0.6669942589998463,0.00975417382346011,3.295766754872272,0.0471586861538182,0.0
auto_mpg,std,streed,4,20,3,0.05,0.01,0.001,0.0070531013662950065,0.41419290790860164,0.11655730883633386,0.6130519958816366,0.008952654553785518,2.845381334623499,0.03976280654246994,0.0
auto_mpg,std,streed,4,20,3,0.05,0.01,0.1,0.01338014323703464,0.7860102391448139,0.8875887889083269,0.586144572617119,0.008579672233528719,3.0112275118087144,0.04278618443404083,0.0
auto_mpg,std,streed,4,20,3,0.05,0.1,0.001,0.015984980431890918,0.8897631423204605,0.8503047147051959,0.6178058143073984,0.009089246729821539,2.702622925040126,0.038166848068519395,0.0
auto_mpg,std,streed,4,20,3,0.05,0.1,0.1,0.01674873804067832,0.8772796376181914,0.8034523870221171,0.7188418734313003,0.010348666106751794,3.293665935954603,0.0492493027829979,0.0
auto_mpg,std,streed,4,20,3,0.08,1e-05,0.001,0.018090227799869,1.4385740279558035,0.0051517953835474115,2.2884276028060158,0.035568613135081764,3.156998977132231,0.05625576759547401,0.4472135954999579
auto_mpg,std,streed,4,20,3,0.08,1e-05,0.1,0.022328971196423616,1.4019357229247915,0.2671400572371079,2.825753244039333,0.045070396473558184,3.4624375268260645,0.05591464923580364,0.5477225575051661
auto_mpg,std,streed,4,20,3,0.08,0.0001,0.001,0.01811043259228563,1.4402492148862147,0.005068663387648992,2.288993997872132,0.03557844887830749,3.1630461436721236,0.05634180247763238,0.4472135954999579
auto_mpg,std,streed,4,20,3,0.08,0.0001,0.1,0.022316217118804764,1.4010421673997548,0.27229937017016526,2.82491763719854,0.045056519551627316,3.4637874822573487,0.05593174593840786,0.5477225575051661
auto_mpg,std,streed,4,20,3,0.08,0.001,0.001,0.017694762655887663,1.4202045117363309,0.005137266588212935,2.848322226526936,0.046308523372635524,2.4106736237238877,0.04062551280189532,0.5477225575051661
auto_mpg,std,streed,4,20,3,0.08,0.001,0.1,0.02232601259282499,1.4017700683788081,0.27733108409620494,2.8192607156776672,0.04496377928410106,3.407813090148013,0.054930393527066565,0.5477225575051661
auto_mpg,std,streed,4,20,3,0.08,0.01,0.001,0.03061711604590525,1.9886193542587287,0.00497464886429291,2.9516207724344796,0.0471606401758369,2.9995206537705346,0.04985153068347438,0.5477225575051661
auto_mpg,std,streed,4,20,3,0.08,0.01,0.1,0.021185388108093176,1.329868945652628,0.3968661270054324,2.6702140970923027,0.04215628763779712,1.8022610278677507,0.030212175879222834,0.4472135954999579
auto_mpg,std,streed,4,20,3,0.08,0.1,0.001,0.011240949627011219,0.6836542596956185,0.2739053284562516,0.7051929820201952,0.009922193011934439,3.2128848045307032,0.04487817896877566,0.0
auto_mpg,std,streed,4,20,3,0.08,0.1,0.1,0.012727012074312519,0.7696952867782862,0.1019742551649344,0.6990951273933512,0.009836197320585908,3.153798955195786,0.04363273174652611,0.0
auto_mpg,std,streed,4,20,3,0.1,1e-05,0.001,0.015100139475076872,1.018038006711477,0.0044934578521454846,0.7260336114246051,0.010817187772090477,3.601949224066817,0.0498653472546018,0.0
auto_mpg,std,streed,4,20,3,0.1,1e-05,0.1,0.00976472178979177,0.6416186856417103,0.004019208260400567,0.7387326555426061,0.010810410214115464,3.524695809783299,0.04870320970021144,0.0
auto_mpg,std,streed,4,20,3,0.1,0.0001,0.001,0.01515469092753995,1.021751866968135,0.004098759685126158,0.7259810554651291,0.010816527554212925,3.601666960606379,0.04986193037410628,0.0
auto_mpg,std,streed,4,20,3,0.1,0.0001,0.1,0.009762356867085676,0.6415309545039798,0.0036059645681261027,0.7386758462825243,0.01080959225787662,3.5244663308807325,0.048700474602772735,0.0
auto_mpg,std,streed,4,20,3,0.1,0.001,0.001,0.01562661673724957,1.0534887952636396,0.00447623902544549,0.7397315030698418,0.010753747621096266,3.6117554499029065,0.05027048484124288,0.0
auto_mpg,std,streed,4,20,3,0.1,0.001,0.1,0.010048737867088181,0.6800666348491493,0.005283883299010267,0.7381088555751758,0.01080142280643466,3.52218279652235,0.0486732067949925,0.0
auto_mpg,std,streed,4,20,3,0.1,0.01,0.001,0.015433127951408882,0.9417022030101201,0.004347115057040945,0.6092831298118986,0.008498344626651725,3.6553414696199376,0.051188058365668775,0.0
auto_mpg,std,streed,4,20,3,0.1,0.01,0.1,0.015468965455717744,0.9278663808464972,0.0035307011931170027,0.6964252446163418,0.00964978455752937,3.3631684997072706,0.046875888950793844,0.0
auto_mpg,std,streed,4,20,3,0.1,0.1,0.001,0.01405483460226883,0.8577921360362124,0.0038870809220592772,0.7051929820201952,0.009922193011934439,3.2128848045307032,0.04487817896877566,0.0
auto_mpg,std,streed,4,20,3,0.1,0.1,0.1,0.014035408583240119,0.8526008637982202,0.004578036702458326,0.6990951273933512,0.009836197320585908,3.153798955195786,0.04363273174652611,0.0
auto_mpg,best_by_mean_val_r2,streed,4,20,3,0.03,0.001,0.1,0.8489008680699376,9.154922330368048,13.827927303314208,7.8514384084524185,0.8708035588882928,8.822898714358251,0.8547478731394526,2.0
