dataset,outer,method,depth,n_thresholds,cv_folds,cost_complexity,ridge_penalty,lasso_penalty,val_r2,val_mse,train_time_s,train_mse,train_r2,test_mse,test_r2,n_leaves,threshold_label
auto_mpg,outer_0,streed,4,313.0,3,0.1,0.1,0.1,0.8047229166625659,12.327805952180016,1.4217634201049805,12.198915881131306,0.8027553469283614,13.578294406113692,0.7571051812150456,1.0,full
auto_mpg,outer_0,streed,4,313.0,3,0.1,0.1,0.001,0.8044835492105215,12.344670182226409,1.3052678108215332,12.219763968507594,0.8024182535504076,13.725868573713116,0.754465306159732,1.0,full
auto_mpg,outer_0,streed,4,313.0,3,0.1,0.01,0.1,0.8013906380498953,12.571361194209215,1.367969989776611,12.404462034874554,0.7994318647287664,13.86116286041125,0.7520450993011013,1.0,full
auto_mpg,outer_0,streed,4,313.0,3,0.1,0.01,0.001,0.797285395236094,12.80948918362673,1.1292109489440918,12.58138200679562,0.7965712401599068,14.160959737477867,0.7466821939206874,1.0,full
auto_mpg,outer_0,streed,4,313.0,3,0.1,0.001,0.1,0.7970524857184639,12.842481374197389,1.3573355674743652,12.4391144774727,0.7988715682987427,13.893126232088262,0.7514733237055046,1.0,full
auto_mpg,outer_0,streed,4,313.0,3,0.1,0.001,0.001,0.7928022631108557,13.11008089874008,1.0974955558776855,12.634879970099195,0.7957062299151707,14.20969053539095,0.7458104748391645,1.0,full
auto_mpg,outer_0,streed,4,313.0,3,0.1,0.0001,0.1,0.7969966024436084,12.846051233528106,1.3664453029632568,12.442834625038396,0.7988114171162015,13.896435559821017,0.7514141249183884,1.0,full
auto_mpg,outer_0,streed,4,313.0,3,0.1,0.0001,0.001,0.7927141149467017,13.115581004612691,1.099295139312744,12.640535968279908,0.7956147779033854,14.214709380572817,0.7457206954121984,1.0,full
auto_mpg,outer_0,streed,4,313.0,3,0.1,1e-05,0.1,0.7969909713973147,12.846410780761294,1.3625483512878418,12.443209454953882,0.7988053564795546,13.896767874327,0.7514081803226023,1.0,full
auto_mpg,outer_0,streed,4,313.0,3,0.1,1e-05,0.001,0.7927052476311379,13.116134126931223,1.0972352027893066,12.641104934700248,0.7956055782675093,14.215213015404728,0.7457116861590791,1.0,full
auto_mpg,outer_0,streed,4,313.0,3,0.08,0.1,0.1,0.8047229166625659,12.327805952180016,61.978697538375854,12.198915881131306,0.8027553469283614,13.578294406113692,0.7571051812150456,1.0,full
auto_mpg,outer_0,streed,4,313.0,3,0.08,0.1,0.001,0.8044835492105215,12.344670182226409,1.4852373600006104,12.219763968507594,0.8024182535504076,13.725868573713116,0.754465306159732,1.0,full
auto_mpg,outer_0,streed,4,313.0,3,0.08,0.01,0.1,0.8013906380498953,12.571361194209215,1.5864543914794922,12.404462034874554,0.7994318647287664,13.86116286041125,0.7520450993011013,1.0,full
auto_mpg,outer_0,streed,4,313.0,3,0.08,0.01,0.001,0.8013032025722969,12.610321485144182,1.3951337337493896,12.58138200679562,0.7965712401599068,14.160959737477867,0.7466821939206874,1.0,full
auto_mpg,outer_0,streed,4,313.0,3,0.08,0.001,0.1,0.8009217407104504,12.65067759987197,1.5677063465118408,12.4391144774727,0.7988715682987427,13.893126232088262,0.7514733237055046,1.0,full
auto_mpg,outer_0,streed,4,313.0,3,0.08,0.001,0.001,0.8094841690000069,12.03345533349823,1.3931362628936768,12.634879970099195,0.7957062299151707,14.20969053539095,0.7458104748391645,1.0,full
auto_mpg,outer_0,streed,4,313.0,3,0.08,0.0001,0.1,0.8008491287913443,12.655076718869791,1.5553171634674072,12.442834625038396,0.7988114171162015,13.896435559821017,0.7514141249183884,1.0,full
auto_mpg,outer_0,streed,4,313.0,3,0.08,0.0001,0.001,0.8090819985914081,12.05679413458268,1.4016482830047607,12.640535968279908,0.7956147779033854,14.214709380572817,0.7457206954121984,1.0,full
auto_mpg,outer_0,streed,4,313.0,3,0.08,1e-05,0.1,0.8008416208322849,12.655529306999297,1.54813814163208,12.443209454953882,0.7988053564795546,13.896767874327,0.7514081803226023,1.0,full
auto_mpg,outer_0,streed,4,313.0,3,0.08,1e-05,0.001,0.809040699802804,12.05918691003536,1.3902294635772705,12.641104934700248,0.7956055782675093,14.215213015404728,0.7457116861590791,1.0,full
auto_mpg,outer_0,streed,4,313.0,3,0.05,0.1,0.1,0.8429091035103701,9.954012902329136,599.6179955005646,8.785564839312228,0.8579459268631484,11.95617919904711,0.7861223292812529,2.0,full
auto_mpg,outer_0,streed,4,313.0,3,0.05,0.1,0.001,0.8393977334455703,10.06176155021012,599.8985984325409,8.562607391101999,0.8615509328284724,11.919879485172263,0.7867716753743532,2.0,full
auto_mpg,outer_0,streed,4,313.0,3,0.05,0.01,0.1,0.8489281024641201,9.38627737315815,599.074241399765,7.8996406247702815,0.8722704632439079,8.150957040906924,0.8541919055397995,2.0,full
auto_mpg,outer_0,streed,4,313.0,3,0.05,0.01,0.001,0.8500840670712897,9.301413836248784,70.9122838973999,7.76745373923537,0.8744077971375109,7.916598308833657,0.8583842230765277,2.0,full
auto_mpg,outer_0,streed,4,313.0,3,0.05,0.001,0.1,0.8500768114124808,9.305812231879347,599.3301289081573,7.916702245141651,0.8719945933695861,8.048509404876192,0.8560245362991847,2.0,full
auto_mpg,outer_0,streed,4,313.0,3,0.05,0.001,0.001,0.845257011762253,9.588603920301829,70.88589811325073,7.867219939434524,0.8727946743208355,7.810643963758084,0.8602795834713518,2.0,full
auto_mpg,outer_0,streed,4,313.0,3,0.05,0.0001,0.1,0.8500450708911149,9.3074354877636,599.6326832771301,7.9159905748054,0.8720061003895494,8.035070873536398,0.8562649309715116,2.0,full
auto_mpg,outer_0,streed,4,313.0,3,0.05,0.0001,0.001,0.8446795066999405,9.623925754961856,73.55217385292053,7.8711187225389425,0.872731634774672,7.8343449890499395,0.8598556085543924,2.0,full
auto_mpg,outer_0,streed,4,313.0,3,0.05,1e-05,0.1,0.8500406525354753,9.307678509494307,599.5183551311493,7.915945334438348,0.8720068318824616,8.033699981874362,0.8562894541164564,2.0,full
auto_mpg,outer_0,streed,4,313.0,3,0.05,1e-05,0.001,0.8446175119014306,9.627732974030389,73.87427234649658,7.872416087533002,0.8727106576394368,7.830864005544905,0.8599178779994612,2.0,full
auto_mpg,outer_0,streed,4,313.0,3,0.03,0.1,0.1,0.8577026461307673,9.080574794873252,599.6432750225067,7.162731203753506,0.8841855747595548,9.372519816368394,0.8323400248760128,3.0,full
auto_mpg,outer_0,streed,4,313.0,3,0.03,0.1,0.001,0.8467023763718572,9.56894100473276,599.7314162254333,8.562607391101999,0.8615509328284724,11.919879485172263,0.7867716753743532,2.0,full
auto_mpg,outer_0,streed,4,313.0,3,0.03,0.01,0.1,0.8510476057372536,9.243281367775362,599.9907433986664,7.8996406247702815,0.8722704632439079,8.150957040906924,0.8541919055397995,2.0,full
auto_mpg,outer_0,streed,4,313.0,3,0.03,0.01,0.001,0.8500840670712897,9.301413836248784,599.9481501579285,7.76745373923537,0.8744077971375109,7.916598308833657,0.8583842230765277,2.0,full
auto_mpg,outer_0,streed,4,313.0,3,0.03,0.001,0.1,0.851162631607977,9.232555468142268,599.8012437820435,7.916702245141651,0.8719945933695861,8.048509404876192,0.8560245362991847,2.0,full
auto_mpg,outer_0,streed,4,313.0,3,0.03,0.001,0.001,0.8489079378162074,9.342287791291271,599.7197196483612,7.867219939434524,0.8727946743208355,7.810643963758084,0.8602795834713518,2.0,full
auto_mpg,outer_0,streed,4,313.0,3,0.03,0.0001,0.1,0.8510497382829539,9.239653840246296,599.3854057788849,7.9159905748054,0.8720061003895494,8.035070873536398,0.8562649309715116,2.0,full
auto_mpg,outer_0,streed,4,313.0,3,0.03,0.0001,0.001,0.847976428551673,9.40149314028605,599.2058930397034,7.8711187225389425,0.872731634774672,7.8343449890499395,0.8598556085543924,2.0,full
auto_mpg,outer_0,streed,4,313.0,3,0.03,1e-05,0.1,0.8510367993249437,9.240471719358863,599.6944487094879,7.915945334438348,0.8720068318824616,8.033699981874362,0.8562894541164564,2.0,full
auto_mpg,outer_0,streed,4,313.0,3,0.03,1e-05,0.001,0.8478670156468144,9.408499505058511,600.0084238052368,7.872416087533002,0.8727106576394368,7.830864005544905,0.8599178779994612,2.0,full
auto_mpg,outer_0,streed,4,313.0,3,0.01,0.1,0.1,0.8376468880468027,10.076269941178245,599.4065220355988,6.863875229269561,0.8890177863740845,8.739727463414603,0.8436597075476457,4.0,full
auto_mpg,outer_0,streed,4,313.0,3,0.01,0.1,0.001,0.8560790403448193,8.873451528437622,600.0102841854095,6.932042145814658,0.8879155933648107,9.224065971546638,0.83499563600488,3.0,full
auto_mpg,outer_0,streed,4,313.0,3,0.01,0.01,0.1,0.8450442093375276,9.631649616564577,599.3611378669739,6.577465628093264,0.8936487521886602,11.739021187495666,0.790006952363202,4.0,full
auto_mpg,outer_0,streed,4,313.0,3,0.01,0.01,0.001,0.8454907679891109,9.609113894206995,599.061546087265,4.883084602687482,0.9210452520730694,9.72069063159751,0.8261117840865652,5.0,full
auto_mpg,outer_0,streed,4,313.0,3,0.01,0.001,0.1,0.843864751530051,9.712355170335352,599.5401790142059,6.356793349319163,0.8972168091777777,6.739739727999693,0.8794364144031849,4.0,full
auto_mpg,outer_0,streed,4,313.0,3,0.01,0.001,0.001,0.8132007092530685,11.214288314497958,599.7978394031525,4.713849213755075,0.9237816243788288,10.344911773378724,0.8149454272099299,5.0,full
auto_mpg,outer_0,streed,4,313.0,3,0.01,0.0001,0.1,0.8455658896984554,9.595700370508608,599.1201856136322,6.353668177230736,0.8972673401831864,6.734035878482903,0.8795384475049368,4.0,full
auto_mpg,outer_0,streed,4,313.0,3,0.01,0.0001,0.001,0.8037941268171015,11.70098224523081,599.5090663433075,4.713049295424409,0.9237945582833786,10.430273298423014,0.8134184407168763,5.0,full
auto_mpg,outer_0,streed,4,313.0,3,0.01,1e-05,0.1,0.8455655760136377,9.59566081209542,599.9607150554657,6.353211615733519,0.8972747223403389,6.733498531911775,0.8795480598092599,4.0,full
auto_mpg,outer_0,streed,4,313.0,3,0.01,1e-05,0.001,0.802711200616249,11.757479538368742,599.9373278617859,4.713699431028932,0.9237840462204204,10.440866828879798,0.813228938737936,5.0,full
auto_mpg,outer_0,streed,4,313.0,3,0.008,0.1,0.1,0.8290228684181044,10.65810454972946,599.1353809833527,6.805942933178776,0.8899544954845837,9.303028351206828,0.8335831203880617,5.0,full
auto_mpg,outer_0,streed,4,313.0,3,0.008,0.1,0.001,0.8560790403448193,8.873451528437622,599.0836071968079,5.709910024940222,0.9076762859163876,10.011553091304297,0.8209087017016364,5.0,full
auto_mpg,outer_0,streed,4,313.0,3,0.008,0.01,0.1,0.8450442093375276,9.631649616564577,599.5457029342651,5.5542066445841725,0.9101938587515208,9.65410081084093,0.8273029736396735,5.0,full
auto_mpg,outer_0,streed,4,313.0,3,0.008,0.01,0.001,0.8367743915875528,10.204824034017056,599.2736332416534,4.883084602687482,0.9210452520730694,9.72069063159751,0.8261117840865652,5.0,full
auto_mpg,outer_0,streed,4,313.0,3,0.008,0.001,0.1,0.843864751530051,9.712355170335352,599.6948719024658,5.731507592898805,0.9073270741634176,8.49554394412394,0.8480277754282238,5.0,full
auto_mpg,outer_0,streed,4,313.0,3,0.008,0.001,0.001,0.8278882031904454,10.688984061129531,599.522444486618,4.713849213755075,0.9237816243788288,10.344911773378724,0.8149454272099299,5.0,full
auto_mpg,outer_0,streed,4,313.0,3,0.008,0.0001,0.1,0.8438745401565254,9.711293597059791,599.1931347846985,5.726471777371542,0.9074084984224492,8.505266128342784,0.84785386049433,5.0,full
auto_mpg,outer_0,streed,4,313.0,3,0.008,0.0001,0.001,0.8276047690416787,10.67405824749497,599.8353662490845,4.713049295424409,0.9237945582833786,10.430273298423014,0.8134184407168763,5.0,full
auto_mpg,outer_0,streed,4,313.0,3,0.008,1e-05,0.1,0.84385592649289,9.712504728433034,599.690601348877,5.725990171077763,0.907416285529702,8.506283443630549,0.8478356622873182,5.0,full
auto_mpg,outer_0,streed,4,313.0,3,0.008,1e-05,0.001,0.8272530784926305,10.694293564771964,599.7955107688904,4.713699431028932,0.9237840462204204,10.440866828879798,0.813228938737936,5.0,full
auto_mpg,outer_0,streed,4,313.0,3,0.005,0.1,0.1,0.8351913785840784,10.293882621928576,599.9186842441559,6.425420691928278,0.8961071715250497,10.191559127133733,0.8176886703674137,6.0,full
auto_mpg,outer_0,streed,4,313.0,3,0.005,0.1,0.001,0.845969502442343,9.559358515097374,599.4222373962402,5.709910024940222,0.9076762859163876,10.011553091304297,0.8209087017016364,5.0,full
auto_mpg,outer_0,streed,4,313.0,3,0.005,0.01,0.1,0.8464660426561187,9.545898098760889,599.3672118186951,4.931761545370128,0.9202581930617948,6.034704994278253,0.8920484022392464,7.0,full
auto_mpg,outer_0,streed,4,313.0,3,0.005,0.01,0.001,0.8369988120367099,10.198096770355688,599.419921875,4.382889567426249,0.92913292126922,10.297991975834757,0.8157847502781304,6.0,full
auto_mpg,outer_0,streed,4,313.0,3,0.005,0.001,0.1,0.8478408781859373,9.478665545982102,599.2804613113403,4.609098254669247,0.9254753459181144,6.136409486482483,0.8902290651807983,7.0,full
auto_mpg,outer_0,streed,4,313.0,3,0.005,0.001,0.001,0.8285988241913408,10.638230887641797,599.8642718791962,4.33099076309574,0.9299720746624192,11.129227522021338,0.8009152238619338,6.0,full
auto_mpg,outer_0,streed,4,313.0,3,0.005,0.0001,0.1,0.8423947268869592,9.844168228729773,599.1029376983643,4.582572201529286,0.9259042465023904,6.138767337905565,0.890186886842562,7.0,full
auto_mpg,outer_0,streed,4,313.0,3,0.005,0.0001,0.001,0.8246555261397427,10.873034092083737,600.0033931732178,3.98814013637883,0.9355156371872476,6.14387849739762,0.8900954560544622,7.0,full
auto_mpg,outer_0,streed,4,313.0,3,0.005,1e-05,0.1,0.8423629489244306,9.84609345389836,599.7271649837494,4.5801487520984665,0.9259434313321636,6.140679486748144,0.8901526814385019,7.0,full
auto_mpg,outer_0,streed,4,313.0,3,0.005,1e-05,0.001,0.8242330332504239,10.898046213416096,599.5343363285065,3.9874006580776062,0.9355275938350676,6.156352327179432,0.889872318410382,7.0,full
auto_mpg,outer_0,streed,4,313.0,3,0.003,0.1,0.1,0.8351913785840784,10.293882621928576,599.9856035709381,6.411854277715041,0.8963265273014966,8.837686903539732,0.841907363715216,7.0,full
auto_mpg,outer_0,streed,4,313.0,3,0.003,0.1,0.001,0.8496855470123695,9.375149571626675,599.3825826644897,5.934367247147139,0.9040470300583234,9.233065794877009,0.8348346429971026,6.0,full
auto_mpg,outer_0,streed,4,313.0,3,0.003,0.01,0.1,0.8464660426561187,9.545898098760889,599.8650162220001,4.931761545370128,0.9202581930617948,6.034704994278253,0.8920484022392464,7.0,full
auto_mpg,outer_0,streed,4,313.0,3,0.003,0.01,0.001,0.8369988120367099,10.198096770355688,599.6353385448456,4.101083724294523,0.9336894487757385,6.02752647394886,0.8921768149354512,7.0,full
auto_mpg,outer_0,streed,4,313.0,3,0.003,0.001,0.1,0.8478408781859373,9.478665545982102,599.264888048172,4.609098254669247,0.9254753459181144,6.136409486482483,0.8902290651807983,7.0,full
auto_mpg,outer_0,streed,4,313.0,3,0.003,0.001,0.001,0.8285988241913408,10.638230887641797,599.3910903930664,4.02927540650504,0.9348505197158168,6.24157740619231,0.8883477727271298,7.0,full
auto_mpg,outer_0,streed,4,313.0,3,0.003,0.0001,0.1,0.8423947268869592,9.844168228729773,599.977799654007,4.582572201529286,0.9259042465023904,6.138767337905565,0.890186886842562,7.0,full
auto_mpg,outer_0,streed,4,313.0,3,0.003,0.0001,0.001,0.8246555261397427,10.873034092083737,599.4920482635498,3.98814013637883,0.9355156371872476,6.14387849739762,0.8900954560544622,7.0,full
auto_mpg,outer_0,streed,4,313.0,3,0.003,1e-05,0.1,0.8423629489244306,9.84609345389836,599.059267282486,4.5801487520984665,0.9259434313321636,6.140679486748144,0.8901526814385019,7.0,full
auto_mpg,outer_0,streed,4,313.0,3,0.003,1e-05,0.001,0.8242330332504239,10.898046213416096,599.2482309341431,3.9874006580776062,0.9355275938350676,6.156352327179432,0.889872318410382,7.0,full
auto_mpg,outer_0,streed,4,313.0,3,0.001,0.1,0.1,0.83536930749053,10.281878336213522,599.1453478336334,6.356719528353301,0.8972180027912875,8.81741760491157,0.8422699503162967,8.0,full
auto_mpg,outer_0,streed,4,313.0,3,0.001,0.1,0.001,0.8496855470123695,9.375149571626675,599.9916377067566,5.668389404441581,0.9083476341300628,7.739236264592919,0.8615569574647132,7.0,full
auto_mpg,outer_0,streed,4,313.0,3,0.001,0.01,0.1,0.8464660426561187,9.545898098760889,599.4782128334045,4.931761545370128,0.9202581930617948,6.034704994278253,0.8920484022392464,7.0,full
auto_mpg,outer_0,streed,4,313.0,3,0.001,0.01,0.001,0.8369988120367099,10.198096770355688,599.776171207428,4.016543449859173,0.9350563831217136,5.038177147049753,0.9098747538874876,8.0,full
auto_mpg,outer_0,streed,4,313.0,3,0.001,0.001,0.1,0.8478408781859373,9.478665545982102,599.5788056850433,4.609098254669247,0.9254753459181144,6.136409486482483,0.8902290651807983,7.0,full
auto_mpg,outer_0,streed,4,313.0,3,0.001,0.001,0.001,0.8285988241913408,10.638230887641797,599.0443279743195,3.800931063112069,0.938542626558121,7.283205019004656,0.8697146555852934,8.0,full
auto_mpg,outer_0,streed,4,313.0,3,0.001,0.0001,0.1,0.8423947268869592,9.844168228729773,599.8983919620514,4.582572201529286,0.9259042465023904,6.138767337905565,0.890186886842562,7.0,full
auto_mpg,outer_0,streed,4,313.0,3,0.001,0.0001,0.001,0.8246555261397427,10.873034092083737,599.5069227218628,3.80992958546278,0.9383971291683104,7.261946114329467,0.8700949447176546,8.0,full
auto_mpg,outer_0,streed,4,313.0,3,0.001,1e-05,0.1,0.8423629489244306,9.84609345389836,599.7799010276794,5.218898051163401,0.9156154739036932,5.666332686381562,0.898638016685349,8.0,full
auto_mpg,outer_0,streed,4,313.0,3,0.001,1e-05,0.001,0.8242330332504239,10.898046213416096,599.556479215622,3.811873158187519,0.9383657034800325,7.261612376409331,0.8701009147761324,8.0,full
auto_mpg,outer_0,streed,4,313.0,3,0.0005,0.1,0.1,0.83536930749053,10.281878336213522,599.66224193573,6.356719528353301,0.8972180027912875,8.81741760491157,0.8422699503162967,8.0,full
auto_mpg,outer_0,streed,4,313.0,3,0.0005,0.1,0.001,0.8496855470123695,9.375149571626675,599.1715462207794,5.668389404441581,0.9083476341300628,7.739236264592919,0.8615569574647132,7.0,full
auto_mpg,outer_0,streed,4,313.0,3,0.0005,0.01,0.1,0.8464660426561187,9.545898098760889,599.6260859966278,5.366325998371903,0.9132317068063904,5.8369631863502525,0.8955856992786488,8.0,full
auto_mpg,outer_0,streed,4,313.0,3,0.0005,0.01,0.001,0.8369988120367099,10.198096770355688,599.3748931884766,4.016543449859173,0.9350563831217136,5.038177147049753,0.9098747538874876,8.0,full
auto_mpg,outer_0,streed,4,313.0,3,0.0005,0.001,0.1,0.8478408781859373,9.478665545982102,599.471517086029,4.609098254669247,0.9254753459181144,6.136409486482483,0.8902290651807983,7.0,full
auto_mpg,outer_0,streed,4,313.0,3,0.0005,0.001,0.001,0.8285988241913408,10.638230887641797,599.7662732601166,3.800931063112069,0.938542626558121,7.283205019004656,0.8697146555852934,8.0,full
auto_mpg,outer_0,streed,4,313.0,3,0.0005,0.0001,0.1,0.8423947268869592,9.844168228729773,599.1604804992676,5.210949654704529,0.9157439917750584,5.611359311612377,0.8996214058727676,8.0,full
auto_mpg,outer_0,streed,4,313.0,3,0.0005,0.0001,0.001,0.8246555261397427,10.873034092083737,599.3403551578522,3.80992958546278,0.9383971291683104,7.261946114329467,0.8700949447176546,8.0,full
auto_mpg,outer_0,streed,4,313.0,3,0.0005,1e-05,0.1,0.8423629489244306,9.84609345389836,599.7492673397064,5.218898051163401,0.9156154739036932,5.666332686381562,0.898638016685349,8.0,full
auto_mpg,outer_0,streed,4,313.0,3,0.0005,1e-05,0.001,0.8242330332504239,10.898046213416096,599.6289155483246,3.811873158187519,0.9383657034800325,7.261612376409331,0.8701009147761324,8.0,full
auto_mpg,outer_0,streed,4,313.0,3,0.0001,0.1,0.1,0.83536930749053,10.281878336213522,599.8773210048676,6.356719528353301,0.8972180027912875,8.81741760491157,0.8422699503162967,8.0,full
auto_mpg,outer_0,streed,4,313.0,3,0.0001,0.1,0.001,0.8496855470123695,9.375149571626675,599.7576580047607,5.867309549764375,0.90513128806821,7.993467051082054,0.8570091594153476,8.0,full
auto_mpg,outer_0,streed,4,313.0,3,0.0001,0.01,0.1,0.8464660426561187,9.545898098760889,599.1293377876282,5.366325998371903,0.9132317068063904,5.8369631863502525,0.8955856992786488,8.0,full
auto_mpg,outer_0,streed,4,313.0,3,0.0001,0.01,0.001,0.8369988120367099,10.198096770355688,599.766672372818,4.016543449859173,0.9350563831217136,5.038177147049753,0.9098747538874876,8.0,full
auto_mpg,outer_0,streed,4,313.0,3,0.0001,0.001,0.1,0.8478408781859373,9.478665545982102,599.1599898338318,4.609098254669247,0.9254753459181144,6.136409486482483,0.8902290651807983,7.0,full
auto_mpg,outer_0,streed,4,313.0,3,0.0001,0.001,0.001,0.8285988241913408,10.638230887641797,599.7554683685303,3.800931063112069,0.938542626558121,7.283205019004656,0.8697146555852934,8.0,full
auto_mpg,outer_0,streed,4,313.0,3,0.0001,0.0001,0.1,0.8423947268869592,9.844168228729773,599.778311252594,5.210949654704529,0.9157439917750584,5.611359311612377,0.8996214058727676,8.0,full
auto_mpg,outer_0,streed,4,313.0,3,0.0001,0.0001,0.001,0.8246555261397427,10.873034092083737,599.1403076648712,3.80992958546278,0.9383971291683104,7.261946114329467,0.8700949447176546,8.0,full
auto_mpg,outer_0,streed,4,313.0,3,0.0001,1e-05,0.1,0.8423629489244306,9.84609345389836,599.6026341915131,5.218898051163401,0.9156154739036932,5.666332686381562,0.898638016685349,8.0,full
auto_mpg,outer_0,streed,4,313.0,3,0.0001,1e-05,0.001,0.8242330332504239,10.898046213416096,599.4140555858612,3.811873158187519,0.9383657034800325,7.261612376409331,0.8701009147761324,8.0,full
auto_mpg,outer_1,streed,4,313.0,3,0.1,0.1,0.1,0.7702008649797562,13.917250672575856,1.3585000038146973,13.269282020175396,0.782784670066399,10.282087099303752,0.8260205545544903,1.0,full
auto_mpg,outer_1,streed,4,313.0,3,0.1,0.1,0.001,0.7701513763906033,13.920358667271572,1.2807750701904297,13.292740051538372,0.7824006670725404,10.232818004407676,0.8268542189384656,1.0,full
auto_mpg,outer_1,streed,4,313.0,3,0.1,0.01,0.1,0.762834699840957,14.336686379808045,1.34081768989563,13.5292042177091,0.7785297988677534,10.48591914901304,0.8225715867885155,1.0,full
auto_mpg,outer_1,streed,4,313.0,3,0.1,0.01,0.001,0.7722204377019141,13.842353829000634,1.1877548694610596,13.70317605190195,0.7756819168718854,10.59826355640048,0.8206706480484134,1.0,full
auto_mpg,outer_1,streed,4,313.0,3,0.1,0.001,0.1,0.7797501053076251,13.414239518996036,1.2945470809936523,13.90065480730199,0.7724492315657869,10.917799495925385,0.8152638969655308,1.0,full
auto_mpg,outer_1,streed,4,313.0,3,0.1,0.001,0.001,0.7707730967555176,13.927639621007565,1.1313514709472656,14.082805432688332,0.7694674644942342,11.043791228627365,0.8131320368116042,1.0,full
auto_mpg,outer_1,streed,4,313.0,3,0.1,0.0001,0.1,0.7692858647965645,13.996355039644216,1.2998573780059814,13.905067878847126,0.7723769905213778,10.920696948009542,0.8152148702356522,1.0,full
auto_mpg,outer_1,streed,4,313.0,3,0.1,0.0001,0.001,0.7694994884327503,13.9989556351492,1.133091688156128,14.088845704233451,0.7693685865312392,11.048319061491451,0.813055423003225,1.0,full
auto_mpg,outer_1,streed,4,313.0,3,0.1,1e-05,0.1,0.7786248440315955,13.477190822780848,1.3042218685150146,13.905511861485223,0.7723697226198385,10.92098785249178,0.8152099479470147,1.0,full
auto_mpg,outer_1,streed,4,313.0,3,0.1,1e-05,0.001,0.7694960211344514,13.999199679449603,1.1290640830993652,14.0894528660408,0.7693586474213381,11.048773295535298,0.8130477370746496,1.0,full
auto_mpg,outer_1,streed,4,313.0,3,0.08,0.1,0.1,0.7734497031518394,13.73663166158183,58.42604207992554,13.269282020175396,0.782784670066399,10.282087099303752,0.8260205545544903,1.0,full
auto_mpg,outer_1,streed,4,313.0,3,0.08,0.1,0.001,0.7777388464882344,13.498533610930844,51.766212940216064,13.292740051538372,0.7824006670725404,10.232818004407676,0.8268542189384656,1.0,full
auto_mpg,outer_1,streed,4,313.0,3,0.08,0.01,0.1,0.8053093529557077,11.878979188613322,55.793065786361694,8.436272310315324,0.8619000130897343,5.948325997976495,0.8993505454231042,2.0,full
auto_mpg,outer_1,streed,4,313.0,3,0.08,0.01,0.001,0.8307595971865508,10.145090107957763,1.3687083721160889,8.13893520836861,0.8667673583313726,7.132901688581618,0.879306772232964,2.0,full
auto_mpg,outer_1,streed,4,313.0,3,0.08,0.001,0.1,0.813031038229099,11.466088294817284,55.72284841537476,8.39505240252358,0.8625747742303298,5.998584628164648,0.8985001374733819,2.0,full
auto_mpg,outer_1,streed,4,313.0,3,0.08,0.001,0.001,0.8233242798874336,10.634947447470749,1.3443360328674316,8.09381741602429,0.8675059270146703,8.566008054823344,0.8550577021312287,2.0,full
auto_mpg,outer_1,streed,4,313.0,3,0.08,0.0001,0.1,0.802562806609612,12.048437441211014,55.25451564788818,8.361532434693064,0.8631234889882646,5.9356874276405005,0.8995643980618773,2.0,full
auto_mpg,outer_1,streed,4,313.0,3,0.08,0.0001,0.001,0.8216177423864469,10.734725376038874,1.337090253829956,8.097530092887613,0.8674451512825261,8.853475226029495,0.8501935749800765,2.0,full
auto_mpg,outer_1,streed,4,313.0,3,0.08,1e-05,0.1,0.811901077467268,11.529314690320176,55.05235815048218,8.360896799052028,0.8631338942087788,5.937304490129117,0.8995370363373263,2.0,full
auto_mpg,outer_1,streed,4,313.0,3,0.08,1e-05,0.001,0.8215270273790604,10.74082231698948,1.345961332321167,8.098791055518252,0.8674245095919334,8.886949211851775,0.8496271738755181,2.0,full
auto_mpg,outer_1,streed,4,313.0,3,0.05,0.1,0.1,0.8010164420251166,11.946877398648686,599.2403914928436,9.512029534686508,0.8442900956831291,7.836807988977062,0.8673962304717789,2.0,full
auto_mpg,outer_1,streed,4,313.0,3,0.05,0.1,0.001,0.8073283639300888,11.579128578270344,599.3491520881653,8.793332653398707,0.8560550110684391,7.044927957024683,0.8807953436564724,2.0,full
auto_mpg,outer_1,streed,4,313.0,3,0.05,0.01,0.1,0.828416821859863,10.292759145043089,599.0653338432312,8.436272310315324,0.8619000130897343,5.948325997976495,0.8993505454231042,2.0,full
auto_mpg,outer_1,streed,4,313.0,3,0.05,0.01,0.001,0.8307595971865508,10.145090107957763,70.40720701217651,8.13893520836861,0.8667673583313726,7.132901688581618,0.879306772232964,2.0,full
auto_mpg,outer_1,streed,4,313.0,3,0.05,0.001,0.1,0.8383837461988218,9.725743053754314,599.0325427055359,8.39505240252358,0.8625747742303298,5.998584628164648,0.8985001374733819,2.0,full
auto_mpg,outer_1,streed,4,313.0,3,0.05,0.001,0.001,0.8233242798874336,10.634947447470749,71.9998562335968,8.09381741602429,0.8675059270146703,8.566008054823344,0.8550577021312287,2.0,full
auto_mpg,outer_1,streed,4,313.0,3,0.05,0.0001,0.1,0.8279881690321037,10.303104810585191,599.8547577857971,8.361532434693064,0.8631234889882646,5.9356874276405005,0.8995643980618773,2.0,full
auto_mpg,outer_1,streed,4,313.0,3,0.05,0.0001,0.001,0.8216177423864469,10.734725376038874,72.23254323005676,8.097530092887613,0.8674451512825261,8.853475226029495,0.8501935749800765,2.0,full
auto_mpg,outer_1,streed,4,313.0,3,0.05,1e-05,0.1,0.8373335831954974,9.783491705048176,599.5850377082825,8.360896799052028,0.8631338942087788,5.937304490129117,0.8995370363373263,2.0,full
auto_mpg,outer_1,streed,4,313.0,3,0.05,1e-05,0.001,0.8215270273790604,10.74082231698948,72.16923546791077,8.098791055518252,0.8674245095919334,8.886949211851775,0.8496271738755181,2.0,full
auto_mpg,outer_1,streed,4,313.0,3,0.03,0.1,0.1,0.8240465285995463,10.521189421339509,599.6472494602203,7.087966564495424,0.8839714919372212,10.557227860260982,0.8213649980951372,3.0,full
auto_mpg,outer_1,streed,4,313.0,3,0.03,0.1,0.001,0.826608090429561,10.38545078176218,599.3838450908661,6.913983084865438,0.8868195645664232,10.034691354575273,0.8302066477141519,3.0,full
auto_mpg,outer_1,streed,4,313.0,3,0.03,0.01,0.1,0.8242481390013556,10.536779486455272,599.1931843757629,8.436272310315324,0.8619000130897343,5.948325997976495,0.8993505454231042,2.0,full
auto_mpg,outer_1,streed,4,313.0,3,0.03,0.01,0.001,0.8240722775919048,10.604143430620882,599.3539500236511,8.13893520836861,0.8667673583313726,7.132901688581618,0.879306772232964,2.0,full
auto_mpg,outer_1,streed,4,313.0,3,0.03,0.001,0.1,0.8383837461988218,9.725743053754314,599.7289991378784,8.39505240252358,0.8625747742303298,5.998584628164648,0.8985001374733819,2.0,full
auto_mpg,outer_1,streed,4,313.0,3,0.03,0.001,0.001,0.8283539468685275,10.310906676977508,599.4620535373688,8.09381741602429,0.8675059270146703,8.566008054823344,0.8550577021312287,2.0,full
auto_mpg,outer_1,streed,4,313.0,3,0.03,0.0001,0.1,0.8279881690321037,10.303104810585191,599.5032300949097,8.361532434693064,0.8631234889882646,5.9356874276405005,0.8995643980618773,2.0,full
auto_mpg,outer_1,streed,4,313.0,3,0.03,0.0001,0.001,0.8270317108643593,10.38451087382404,599.7301993370056,8.097530092887613,0.8674451512825261,8.853475226029495,0.8501935749800765,2.0,full
auto_mpg,outer_1,streed,4,313.0,3,0.03,1e-05,0.1,0.8373335831954974,9.783491705048176,599.6777982711792,8.360896799052028,0.8631338942087788,5.937304490129117,0.8995370363373263,2.0,full
auto_mpg,outer_1,streed,4,313.0,3,0.03,1e-05,0.001,0.8270138409670419,10.38559350057439,599.9256060123444,8.098791055518252,0.8674245095919334,8.886949211851775,0.8496271738755181,2.0,full
auto_mpg,outer_1,streed,4,313.0,3,0.01,0.1,0.1,0.8180564716899634,10.897986684049837,599.9649465084076,6.800315406924295,0.8886802803255148,8.215837029575917,0.8609828183255623,4.0,full
auto_mpg,outer_1,streed,4,313.0,3,0.01,0.1,0.001,0.8237918034849488,10.555117043261234,600.0165762901306,6.318251224478726,0.8965715686619807,8.763517149806392,0.8517157227758971,4.0,full
auto_mpg,outer_1,streed,4,313.0,3,0.01,0.01,0.1,0.8419220406957248,9.398572001355827,599.4910008907318,5.944746549445704,0.9026857609065712,9.238167137452182,0.8436843434621657,4.0,full
auto_mpg,outer_1,streed,4,313.0,3,0.01,0.01,0.001,0.8399487521613084,9.59506287933951,599.3591389656067,5.268986887588419,0.9137478031243014,8.26389315193755,0.860169678207414,4.0,full
auto_mpg,outer_1,streed,4,313.0,3,0.01,0.001,0.1,0.8443834102436641,9.259325336483768,599.773359298706,5.496277541563905,0.9100271033668432,9.17924805215726,0.8446812918138735,5.0,full
auto_mpg,outer_1,streed,4,313.0,3,0.01,0.001,0.001,0.8416500877428374,9.496578872945502,599.6221401691437,4.413222575069366,0.9277564832628798,9.74088059599308,0.8351781123934887,5.0,full
auto_mpg,outer_1,streed,4,313.0,3,0.01,0.0001,0.1,0.8444644628360786,9.255387361700093,599.2567367553711,5.471484039508488,0.9104329677324502,9.190876720276076,0.8444845273621584,5.0,full
auto_mpg,outer_1,streed,4,313.0,3,0.01,0.0001,0.001,0.8413556169615805,9.507511548563048,599.0858879089355,4.396247450174481,0.9280343624540148,9.98390513006379,0.8310659828949807,5.0,full
auto_mpg,outer_1,streed,4,313.0,3,0.01,1e-05,0.1,0.8445016490744323,9.253270851815657,599.4707674980164,5.468927359639177,0.9104748200391916,9.19261521535608,0.8444551109210208,5.0,full
auto_mpg,outer_1,streed,4,313.0,3,0.01,1e-05,0.001,0.8412506030932619,9.513700197323482,599.2757940292358,4.395183981151761,0.9280517712161688,10.02627422035532,0.830349070972162,5.0,full
auto_mpg,outer_1,streed,4,313.0,3,0.008,0.1,0.1,0.8180564716899634,10.897986684049837,599.6416149139404,6.331384398120967,0.8963565813973015,8.574941865517767,0.8549065363790502,5.0,full
auto_mpg,outer_1,streed,4,313.0,3,0.008,0.1,0.001,0.8317607312488161,10.008087292956722,599.0739777088165,5.769143916157421,0.9055603387374536,9.762342406225264,0.8348149649306837,5.0,full
auto_mpg,outer_1,streed,4,313.0,3,0.008,0.01,0.1,0.8384516868438552,9.63679561905058,599.3819534778595,5.714809915993038,0.9064497747863954,8.587662567726463,0.8546912940168165,5.0,full
auto_mpg,outer_1,streed,4,313.0,3,0.008,0.01,0.001,0.8427972560420717,9.436700435134965,599.2203934192657,4.744968285330984,0.9223258764072136,8.485197296949822,0.8564250714897141,5.0,full
auto_mpg,outer_1,streed,4,313.0,3,0.008,0.001,0.1,0.8394772466488291,9.596110601172034,599.340188741684,5.496277541563905,0.9100271033668432,9.17924805215726,0.8446812918138735,5.0,full
auto_mpg,outer_1,streed,4,313.0,3,0.008,0.001,0.001,0.8443278309752827,9.339833003812767,599.2525420188904,4.413222575069366,0.9277564832628798,9.74088059599308,0.8351781123934887,5.0,full
auto_mpg,outer_1,streed,4,313.0,3,0.008,0.0001,0.1,0.8406323174658658,9.518446280931752,599.1336240768433,4.654702773484412,0.9238035036750316,8.536228664897251,0.855561588326221,6.0,full
auto_mpg,outer_1,streed,4,313.0,3,0.008,0.0001,0.001,0.8442148558912308,9.340141546220837,599.9311330318451,4.396247450174481,0.9280343624540148,9.98390513006379,0.8310659828949807,5.0,full
auto_mpg,outer_1,streed,4,313.0,3,0.008,1e-05,0.1,0.8406678596844076,9.516442625345135,599.4155035018921,4.65138943411031,0.9238577423372464,8.539032716256116,0.8555141419959473,6.0,full
auto_mpg,outer_1,streed,4,313.0,3,0.008,1e-05,0.001,0.8441214349678422,9.345651583900562,599.1274282932281,4.395183981151761,0.9280517712161688,10.02627422035532,0.830349070972162,5.0,full
auto_mpg,outer_1,streed,4,313.0,3,0.005,0.1,0.1,0.8231250064278418,10.519756418720595,599.593770980835,6.444329362586983,0.8945076963043836,10.837911222040931,0.8166156573089107,6.0,full
auto_mpg,outer_1,streed,4,313.0,3,0.005,0.1,0.001,0.8267420190738953,10.301865423829485,599.3297982215881,5.769143916157421,0.9055603387374536,9.762342406225264,0.8348149649306837,5.0,full
auto_mpg,outer_1,streed,4,313.0,3,0.005,0.01,0.1,0.833678853577766,9.916180845182064,599.876856803894,4.663848285273546,0.9236537935884068,8.861312978215285,0.8500609552341384,7.0,full
auto_mpg,outer_1,streed,4,313.0,3,0.005,0.01,0.001,0.8431679238496818,9.349629069962845,599.5670773983002,4.3919526210265305,0.9281046678954818,8.753692834398612,0.8518819564335212,6.0,full
auto_mpg,outer_1,streed,4,313.0,3,0.005,0.001,0.1,0.8394772466488291,9.596110601172034,599.2971837520599,4.450950899234759,0.927138878605072,9.158667968591583,0.8450295199013618,7.0,full
auto_mpg,outer_1,streed,4,313.0,3,0.005,0.001,0.001,0.8435535631908385,9.39626878609255,599.4622976779938,3.759832167222718,0.9384523455408892,9.99882385997076,0.8308135485077889,7.0,full
auto_mpg,outer_1,streed,4,313.0,3,0.005,0.0001,0.1,0.8406323174658658,9.518446280931752,599.9318525791168,4.415036748858838,0.92772678562305,9.170754482845522,0.8448250084021923,7.0,full
auto_mpg,outer_1,streed,4,313.0,3,0.005,0.0001,0.001,0.8432253468270936,9.411078057396066,599.8993103504181,3.550845187851449,0.9418734180304884,13.004670621012668,0.7799527118381925,7.0,full
auto_mpg,outer_1,streed,4,313.0,3,0.005,1e-05,0.1,0.8406678596844076,9.516442625345135,599.2056751251221,4.411370834469865,0.9277867958634156,9.172510888669027,0.8447952888998967,7.0,full
auto_mpg,outer_1,streed,4,313.0,3,0.005,1e-05,0.001,0.843127756508793,9.416860414230635,599.4797763824463,3.549505099926201,0.9418953549853576,13.260350897188168,0.775626439143675,7.0,full
auto_mpg,outer_1,streed,4,313.0,3,0.003,0.1,0.1,0.8259835934879586,10.352424574576435,599.5831642150879,5.530819977504001,0.9094616510229993,10.28521349436276,0.8259676539640405,8.0,full
auto_mpg,outer_1,streed,4,313.0,3,0.003,0.1,0.001,0.826255906455276,10.32889083283914,599.6880624294281,5.052463553422392,0.9172922441421112,10.175253267322551,0.8278282508581101,8.0,full
auto_mpg,outer_1,streed,4,313.0,3,0.003,0.01,0.1,0.8324524108371226,9.984364873786282,599.7270464897156,4.592743488732707,0.9248177640140106,9.751238982033671,0.8350028419214875,8.0,full
auto_mpg,outer_1,streed,4,313.0,3,0.003,0.01,0.001,0.8431679238496818,9.349629069962845,599.5482661724091,4.057884675845502,0.9335732892438264,9.282359604759847,0.8429365788419285,7.0,full
auto_mpg,outer_1,streed,4,313.0,3,0.003,0.001,0.1,0.8313305941618978,10.06862865753345,600.031768321991,4.450950899234759,0.927138878605072,9.158667968591583,0.8450295199013618,7.0,full
auto_mpg,outer_1,streed,4,313.0,3,0.003,0.001,0.001,0.8435535631908385,9.39626878609255,599.2321286201477,3.759832167222718,0.9384523455408892,9.99882385997076,0.8308135485077889,7.0,full
auto_mpg,outer_1,streed,4,313.0,3,0.003,0.0001,0.1,0.832406540340978,9.995700151923437,599.4400882720947,4.415036748858838,0.92772678562305,9.170754482845522,0.8448250084021923,7.0,full
auto_mpg,outer_1,streed,4,313.0,3,0.003,0.0001,0.001,0.8432253468270936,9.411078057396066,599.385561466217,3.550845187851449,0.9418734180304884,13.004670621012668,0.7799527118381925,7.0,full
auto_mpg,outer_1,streed,4,313.0,3,0.003,1e-05,0.1,0.8324339813785594,9.994181238446629,599.5418908596039,4.411370834469865,0.9277867958634156,9.172510888669027,0.8447952888998967,7.0,full
auto_mpg,outer_1,streed,4,313.0,3,0.003,1e-05,0.001,0.843127756508793,9.416860414230635,599.8569734096527,3.549505099926201,0.9418953549853576,13.260350897188168,0.775626439143675,7.0,full
auto_mpg,outer_1,streed,4,313.0,3,0.001,0.1,0.1,0.8259835934879586,10.352424574576435,599.7571337223053,5.530819977504001,0.9094616510229993,10.28521349436276,0.8259676539640405,8.0,full
auto_mpg,outer_1,streed,4,313.0,3,0.001,0.1,0.001,0.826255906455276,10.32889083283914,599.4211575984955,5.052463553422392,0.9172922441421112,10.175253267322551,0.8278282508581101,8.0,full
auto_mpg,outer_1,streed,4,313.0,3,0.001,0.01,0.1,0.8324524108371226,9.984364873786282,599.9308876991272,4.5832486036042805,0.9249731932680364,9.824013659241896,0.8337714481528021,8.0,full
auto_mpg,outer_1,streed,4,313.0,3,0.001,0.01,0.001,0.8431679238496818,9.349629069962845,599.4655079841614,3.9295172299660455,0.9356746370836752,9.371505829780508,0.8414281680841841,8.0,full
auto_mpg,outer_1,streed,4,313.0,3,0.001,0.001,0.1,0.8313305941618978,10.06862865753345,599.0622689723969,4.450950899234759,0.927138878605072,9.158667968591583,0.8450295199013618,7.0,full
auto_mpg,outer_1,streed,4,313.0,3,0.001,0.001,0.001,0.8435535631908385,9.39626878609255,599.6427352428436,3.6265541513007817,0.940634078369942,11.81743755333894,0.8000414495364399,8.0,full
auto_mpg,outer_1,streed,4,313.0,3,0.001,0.0001,0.1,0.832406540340978,9.995700151923437,599.8882033824921,4.415036748858838,0.92772678562305,9.170754482845522,0.8448250084021923,7.0,full
auto_mpg,outer_1,streed,4,313.0,3,0.001,0.0001,0.001,0.8432253468270936,9.411078057396066,599.0890519618988,3.550845187851449,0.9418734180304884,13.004670621012668,0.7799527118381925,7.0,full
auto_mpg,outer_1,streed,4,313.0,3,0.001,1e-05,0.1,0.8324339813785594,9.994181238446629,599.5628755092621,4.411370834469865,0.9277867958634156,9.172510888669027,0.8447952888998967,7.0,full
auto_mpg,outer_1,streed,4,313.0,3,0.001,1e-05,0.001,0.843127756508793,9.416860414230635,599.9474740028381,3.549505099926201,0.9418953549853576,13.260350897188168,0.775626439143675,7.0,full
auto_mpg,outer_1,streed,4,313.0,3,0.0005,0.1,0.1,0.8259835934879586,10.352424574576435,599.6042582988739,5.530819977504001,0.9094616510229993,10.28521349436276,0.8259676539640405,8.0,full
auto_mpg,outer_1,streed,4,313.0,3,0.0005,0.1,0.001,0.826255906455276,10.32889083283914,599.5679287910461,5.052463553422392,0.9172922441421112,10.175253267322551,0.8278282508581101,8.0,full
auto_mpg,outer_1,streed,4,313.0,3,0.0005,0.01,0.1,0.8324524108371226,9.984364873786282,599.2484138011932,4.5832486036042805,0.9249731932680364,9.824013659241896,0.8337714481528021,8.0,full
auto_mpg,outer_1,streed,4,313.0,3,0.0005,0.01,0.001,0.8431679238496818,9.349629069962845,599.3113896846771,3.9295172299660455,0.9356746370836752,9.371505829780508,0.8414281680841841,8.0,full
auto_mpg,outer_1,streed,4,313.0,3,0.0005,0.001,0.1,0.8313305941618978,10.06862865753345,599.7944979667664,4.450950899234759,0.927138878605072,9.158667968591583,0.8450295199013618,7.0,full
auto_mpg,outer_1,streed,4,313.0,3,0.0005,0.001,0.001,0.8435535631908385,9.39626878609255,599.8563199043274,3.6265541513007817,0.940634078369942,11.81743755333894,0.8000414495364399,8.0,full
auto_mpg,outer_1,streed,4,313.0,3,0.0005,0.0001,0.1,0.832406540340978,9.995700151923437,599.1123328208923,4.415036748858838,0.92772678562305,9.170754482845522,0.8448250084021923,7.0,full
auto_mpg,outer_1,streed,4,313.0,3,0.0005,0.0001,0.001,0.8432253468270936,9.411078057396066,599.3300478458405,3.550845187851449,0.9418734180304884,13.004670621012668,0.7799527118381925,7.0,full
auto_mpg,outer_1,streed,4,313.0,3,0.0005,1e-05,0.1,0.8324339813785594,9.994181238446629,599.2143411636353,4.411370834469865,0.9277867958634156,9.172510888669027,0.8447952888998967,7.0,full
auto_mpg,outer_1,streed,4,313.0,3,0.0005,1e-05,0.001,0.843127756508793,9.416860414230635,599.8882098197937,3.549505099926201,0.9418953549853576,13.260350897188168,0.775626439143675,7.0,full
auto_mpg,outer_1,streed,4,313.0,3,0.0001,0.1,0.1,0.8259835934879586,10.352424574576435,600.0293893814087,5.530819977504001,0.9094616510229993,10.28521349436276,0.8259676539640405,8.0,full
auto_mpg,outer_1,streed,4,313.0,3,0.0001,0.1,0.001,0.826255906455276,10.32889083283914,599.4079308509827,5.052463553422392,0.9172922441421112,10.175253267322551,0.8278282508581101,8.0,full
auto_mpg,outer_1,streed,4,313.0,3,0.0001,0.01,0.1,0.8324524108371226,9.984364873786282,599.6328148841858,4.5832486036042805,0.9249731932680364,9.824013659241896,0.8337714481528021,8.0,full
auto_mpg,outer_1,streed,4,313.0,3,0.0001,0.01,0.001,0.8431679238496818,9.349629069962845,599.4298448562622,3.9295172299660455,0.9356746370836752,9.371505829780508,0.8414281680841841,8.0,full
auto_mpg,outer_1,streed,4,313.0,3,0.0001,0.001,0.1,0.8313305941618978,10.06862865753345,599.2391929626465,4.3402141709386175,0.9289516153406422,9.47396454968119,0.8396945014562691,8.0,full
auto_mpg,outer_1,streed,4,313.0,3,0.0001,0.001,0.001,0.8435535631908385,9.39626878609255,599.8876943588257,3.6265541513007817,0.940634078369942,11.81743755333894,0.8000414495364399,8.0,full
auto_mpg,outer_1,streed,4,313.0,3,0.0001,0.0001,0.1,0.832406540340978,9.995700151923437,600.0104782581329,4.415036748858838,0.92772678562305,9.170754482845522,0.8448250084021923,7.0,full
auto_mpg,outer_1,streed,4,313.0,3,0.0001,0.0001,0.001,0.8432253468270936,9.411078057396066,599.8551149368286,3.574427606973168,0.9414873788354235,9.550724296376222,0.8383956777803401,8.0,full
auto_mpg,outer_1,streed,4,313.0,3,0.0001,1e-05,0.1,0.8324339813785594,9.994181238446629,599.0855269432068,4.411370834469865,0.9277867958634156,9.172510888669027,0.8447952888998967,7.0,full
auto_mpg,outer_1,streed,4,313.0,3,0.0001,1e-05,0.001,0.843127756508793,9.416860414230635,599.217205286026,3.549505099926201,0.9418953549853576,13.260350897188168,0.775626439143675,7.0,full
auto_mpg,outer_2,streed,4,314.0,3,0.1,0.1,0.1,0.7840414745633923,13.004921883591576,1.51366925239563,12.548528551694789,0.7908383013323649,12.176758772943852,0.8090898775749931,1.0,full
auto_mpg,outer_2,streed,4,314.0,3,0.1,0.1,0.001,0.7834565743989069,13.03226242187256,1.4102787971496582,12.573970053136568,0.7904142366592604,12.139979359293894,0.8096665139766466,1.0,full
auto_mpg,outer_2,streed,4,314.0,3,0.1,0.01,0.1,0.7777948513775215,13.362525114826012,1.4415090084075928,12.417381477729649,0.7930242902834068,12.335614474994088,0.8065993000664933,1.0,full
auto_mpg,outer_2,streed,4,314.0,3,0.1,0.01,0.001,0.7739970437324045,13.579596366251527,1.2917039394378662,12.593507806793651,0.7900885769832089,12.44725749418878,0.8048489342376396,1.0,full
auto_mpg,outer_2,streed,4,314.0,3,0.1,0.001,0.1,0.7770602328494561,13.40307491147773,1.443530797958374,12.445691014570253,0.7925524205506582,12.419712792884512,0.8052807866210375,1.0,full
auto_mpg,outer_2,streed,4,314.0,3,0.1,0.001,0.001,0.7702532343099326,13.812618242025792,1.2658169269561768,12.642287732143188,0.7892755022067555,12.553753190141837,0.803179269367764,1.0,full
auto_mpg,outer_2,streed,4,314.0,3,0.1,0.0001,0.1,0.7769858737914234,13.407153325568956,1.460527420043945,12.448792112146524,0.7925007307581766,12.429042161936984,0.8051345185524024,1.0,full
auto_mpg,outer_2,streed,4,314.0,3,0.1,0.0001,0.001,0.7700858537131986,13.822028104295242,1.2501635551452637,12.96402100375314,0.7839127796109859,12.817430101413455,0.7990452799909387,1.0,full
auto_mpg,outer_2,streed,4,314.0,3,0.1,1e-05,0.1,0.7769784281883179,13.407561424215848,1.4659428596496582,12.449105241170232,0.7924955114531218,12.429985072177866,0.8051197353812087,1.0,full
auto_mpg,outer_2,streed,4,314.0,3,0.1,1e-05,0.001,0.7700689959808548,13.8229756233305,1.2482352256774902,12.964543696862515,0.7839040672445767,12.81860111509654,0.7990269205596838,1.0,full
auto_mpg,outer_2,streed,4,314.0,3,0.08,0.1,0.1,0.7840414745633923,13.004921883591576,70.42429256439209,12.548528551694789,0.7908383013323649,12.176758772943852,0.8090898775749931,1.0,full
auto_mpg,outer_2,streed,4,314.0,3,0.08,0.1,0.001,0.7834565743989069,13.03226242187256,1.6772258281707764,12.573970053136568,0.7904142366592604,12.139979359293894,0.8096665139766466,1.0,full
auto_mpg,outer_2,streed,4,314.0,3,0.08,0.01,0.1,0.7777948513775215,13.362525114826012,64.68022751808167,12.417381477729649,0.7930242902834068,12.335614474994088,0.8065993000664933,1.0,full
auto_mpg,outer_2,streed,4,314.0,3,0.08,0.01,0.001,0.7813302421122014,13.16254015384772,1.5025599002838137,12.593507806793651,0.7900885769832089,12.44725749418878,0.8048489342376396,1.0,full
auto_mpg,outer_2,streed,4,314.0,3,0.08,0.001,0.1,0.7770602328494561,13.40307491147773,1.705949783325195,12.445691014570253,0.7925524205506582,12.419712792884512,0.8052807866210375,1.0,full
auto_mpg,outer_2,streed,4,314.0,3,0.08,0.001,0.001,0.8350455741814088,9.80800303076028,1.4773495197296145,12.642287732143188,0.7892755022067555,12.553753190141837,0.803179269367764,1.0,full
auto_mpg,outer_2,streed,4,314.0,3,0.08,0.0001,0.1,0.7769858737914234,13.407153325568956,1.729534149169922,12.448792112146524,0.7925007307581766,12.429042161936984,0.8051345185524024,1.0,full
auto_mpg,outer_2,streed,4,314.0,3,0.08,0.0001,0.001,0.8043482110564156,11.557673911352197,1.4946699142456057,8.014735037097005,0.8664085922246387,8.100104384384414,0.8730046354277651,2.0,full
auto_mpg,outer_2,streed,4,314.0,3,0.08,1e-05,0.1,0.7769784281883179,13.407561424215848,1.7290592193603516,12.449105241170232,0.7924955114531218,12.429985072177866,0.8051197353812087,1.0,full
auto_mpg,outer_2,streed,4,314.0,3,0.08,1e-05,0.001,0.8319522112204732,9.98810853675811,1.495145320892334,8.016963894706539,0.8663714411242704,8.10832475077398,0.8728757545668502,2.0,full
auto_mpg,outer_2,streed,4,314.0,3,0.05,0.1,0.1,0.8001488980657556,11.916876985716884,600.0234541893005,8.94455135350186,0.8509102045541692,8.962880487410501,0.8594778263215468,2.0,full
auto_mpg,outer_2,streed,4,314.0,3,0.05,0.1,0.001,0.8037059496097276,11.72360332664907,599.3068912029266,8.709546635962885,0.854827316087435,8.456314198309517,0.8674198931779201,2.0,full
auto_mpg,outer_2,streed,4,314.0,3,0.05,0.01,0.1,0.8252959348709563,10.372242788933423,599.4130213260651,8.199917806640984,0.8633219241358481,6.723267879729944,0.8945910058703535,2.0,full
auto_mpg,outer_2,streed,4,314.0,3,0.05,0.01,0.001,0.8118446816074494,11.108904346374777,81.32708597183228,7.950049879167738,0.8674867789981184,7.547447218749665,0.8816693260172528,2.0,full
auto_mpg,outer_2,streed,4,314.0,3,0.05,0.001,0.1,0.8228140639817862,10.503328132652303,599.3378734588623,8.186491814126764,0.8635457116013667,6.872118428012704,0.8922572915441049,2.0,full
auto_mpg,outer_2,streed,4,314.0,3,0.05,0.001,0.001,0.8350455741814088,9.80800303076028,80.37339544296265,7.994771777650548,0.8667413443269719,8.023301374900658,0.8742087712915495,2.0,full
auto_mpg,outer_2,streed,4,314.0,3,0.05,0.0001,0.1,0.8225433243055095,10.518967808314189,599.3428509235382,8.186184998255738,0.8635508256773716,6.874688994644739,0.8922169895885868,2.0,full
auto_mpg,outer_2,streed,4,314.0,3,0.05,0.0001,0.001,0.8043482110564156,11.557673911352197,79.12090706825256,8.014735037097005,0.8664085922246387,8.100104384384414,0.8730046354277651,2.0,full
auto_mpg,outer_2,streed,4,314.0,3,0.05,1e-05,0.1,0.8225084189131775,10.520969229496496,599.901040315628,8.186173974846028,0.8635510094180461,6.874979509616664,0.8922124348257068,2.0,full
auto_mpg,outer_2,streed,4,314.0,3,0.05,1e-05,0.001,0.8319522112204732,9.98810853675811,79.715096950531,8.016963894706539,0.8663714411242704,8.10832475077398,0.8728757545668502,2.0,full
auto_mpg,outer_2,streed,4,314.0,3,0.03,0.1,0.1,0.8277531179417336,10.183326975650976,599.4900546073914,7.390188914101226,0.8768186675927536,7.994368060256779,0.8746623946854117,3.0,full
auto_mpg,outer_2,streed,4,314.0,3,0.03,0.1,0.001,0.8321897686475888,9.93886223213559,599.7252442836761,6.960348211874261,0.8839833491778417,9.072921923545596,0.8577525704931195,3.0,full
auto_mpg,outer_2,streed,4,314.0,3,0.03,0.01,0.1,0.84446456467583,9.219156698477532,600.0058686733246,8.199917806640984,0.8633219241358481,6.723267879729944,0.8945910058703535,2.0,full
auto_mpg,outer_2,streed,4,314.0,3,0.03,0.01,0.001,0.8118446816074494,11.108904346374777,599.7091982364655,7.950049879167738,0.8674867789981184,7.547447218749665,0.8816693260172528,2.0,full
auto_mpg,outer_2,streed,4,314.0,3,0.03,0.001,0.1,0.845042591457808,9.17827153883662,599.041668176651,8.186491814126764,0.8635457116013667,6.872118428012704,0.8922572915441049,2.0,full
auto_mpg,outer_2,streed,4,314.0,3,0.03,0.001,0.001,0.8407513154652041,9.437022228512816,599.9873836040497,7.994771777650548,0.8667413443269719,8.023301374900658,0.8742087712915495,2.0,full
auto_mpg,outer_2,streed,4,314.0,3,0.03,0.0001,0.1,0.8450169097921941,9.18124546276342,599.0824820995331,8.186184998255738,0.8635508256773716,6.874688994644739,0.8922169895885868,2.0,full
auto_mpg,outer_2,streed,4,314.0,3,0.03,0.0001,0.001,0.8399545790973267,9.484197021937726,599.4423382282257,8.014735037097005,0.8664085922246387,8.100104384384414,0.8730046354277651,2.0,full
auto_mpg,outer_2,streed,4,314.0,3,0.03,1e-05,0.1,0.8450336033676501,9.180189665286228,599.1937937736511,8.186173974846028,0.8635510094180461,6.874979509616664,0.8922124348257068,2.0,full
auto_mpg,outer_2,streed,4,314.0,3,0.03,1e-05,0.001,0.8398575974639404,9.489889143588696,599.3917417526245,8.016963894706539,0.8663714411242704,8.10832475077398,0.8728757545668502,2.0,full
auto_mpg,outer_2,streed,4,314.0,3,0.01,0.1,0.1,0.8213161880453425,10.54203054694913,599.311356306076,6.675417703857418,0.888732635025463,8.411910947708932,0.8681160579099555,4.0,full
auto_mpg,outer_2,streed,4,314.0,3,0.01,0.1,0.001,0.829870991254869,10.054102048834023,599.9960188865662,6.447007554940547,0.8925398268044488,8.331761458886623,0.8693726606733582,4.0,full
auto_mpg,outer_2,streed,4,314.0,3,0.01,0.01,0.1,0.8327974614900109,9.85748822388252,599.3712780475616,5.896692024637422,0.9017126099436986,8.511600648435818,0.8665530990532382,4.0,full
auto_mpg,outer_2,streed,4,314.0,3,0.01,0.01,0.001,0.8376772035221046,9.574383779545572,599.6481282711029,5.25191123976409,0.9124599612109628,9.307223807098104,0.8540791297928891,4.0,full
auto_mpg,outer_2,streed,4,314.0,3,0.01,0.001,0.1,0.8329552779959521,9.842240880181087,599.2396192550659,5.828988083841406,0.902841114469552,8.520196804538577,0.8664183264717522,4.0,full
auto_mpg,outer_2,streed,4,314.0,3,0.01,0.001,0.001,0.814024632569397,10.89876649880707,599.5015015602112,5.15369585284853,0.9140970373890924,9.256573744046952,0.8548732335374271,4.0,full
auto_mpg,outer_2,streed,4,314.0,3,0.01,0.0001,0.1,0.8319898477744948,9.896976058957348,599.5720121860504,5.814436222837754,0.903083668164494,8.409880586015548,0.8681478904038629,4.0,full
auto_mpg,outer_2,streed,4,314.0,3,0.01,0.0001,0.001,0.809711319206027,11.138047294772198,599.1367228031158,5.155153400041307,0.9140727426643782,9.25059719112326,0.8549669353567386,4.0,full
auto_mpg,outer_2,streed,4,314.0,3,0.01,1e-05,0.1,0.8319090583053196,9.901289495226138,599.9561810493469,5.814117051936452,0.9030889881769248,8.411582775502225,0.8681212030719256,4.0,full
auto_mpg,outer_2,streed,4,314.0,3,0.01,1e-05,0.001,0.8092048222054294,11.16612339473354,599.9428699016571,5.155633321548679,0.9140647432246596,9.25024833667493,0.8549724047798158,4.0,full
auto_mpg,outer_2,streed,4,314.0,3,0.008,0.1,0.1,0.8213161880453425,10.54203054694913,599.6771080493927,6.497513991107617,0.8916979741570381,8.717502944217387,0.8633249138499154,5.0,full
auto_mpg,outer_2,streed,4,314.0,3,0.008,0.1,0.001,0.8297501325512789,10.062136651307968,599.2390491962433,6.447007554940547,0.8925398268044488,8.331761458886623,0.8693726606733582,4.0,full
auto_mpg,outer_2,streed,4,314.0,3,0.008,0.01,0.1,0.8278428591264081,10.186866739666105,599.7417099475861,5.896692024637422,0.9017126099436986,8.511600648435818,0.8665530990532382,4.0,full
auto_mpg,outer_2,streed,4,314.0,3,0.008,0.01,0.001,0.8349812185811626,9.766259503895393,599.746502161026,4.756120390348693,0.920723914695261,9.358275909351624,0.8532787227820408,5.0,full
auto_mpg,outer_2,streed,4,314.0,3,0.008,0.001,0.1,0.8304818162356709,10.00667489600319,599.0676918029785,5.828988083841406,0.902841114469552,8.520196804538577,0.8664183264717522,4.0,full
auto_mpg,outer_2,streed,4,314.0,3,0.008,0.001,0.001,0.8083178560220755,11.278149030667516,599.6129930019379,4.057232256958873,0.9323731394275684,14.44483228050722,0.7735304812633951,6.0,full
auto_mpg,outer_2,streed,4,314.0,3,0.008,0.0001,0.1,0.8319898477744948,9.896976058957348,599.9506664276123,5.814436222837754,0.903083668164494,8.409880586015548,0.8681478904038629,4.0,full
auto_mpg,outer_2,streed,4,314.0,3,0.008,0.0001,0.001,0.795834246130839,12.060585451719694,599.8137736320496,4.034962358489937,0.93274433910837,15.137760964726608,0.7626665804172966,6.0,full
auto_mpg,outer_2,streed,4,314.0,3,0.008,1e-05,0.1,0.8319090583053196,9.901289495226138,599.7570431232452,5.814117051936452,0.9030889881769248,8.411582775502225,0.8681212030719256,4.0,full
auto_mpg,outer_2,streed,4,314.0,3,0.008,1e-05,0.001,0.7952568008712676,12.093378142544095,599.4435157775879,4.0366172583668085,0.932716754864692,15.083480586038435,0.7635176011145005,6.0,full
auto_mpg,outer_2,streed,4,314.0,3,0.005,0.1,0.1,0.8168306656638133,10.820258562825725,599.9752016067505,6.012243434671354,0.8997865730297632,9.077709520158669,0.8576775094138482,7.0,full
auto_mpg,outer_2,streed,4,314.0,3,0.005,0.1,0.001,0.8211825314539601,10.565994475496847,599.9752390384674,5.392943753498878,0.9101091995245536,8.084776838940543,0.8732449443335855,7.0,full
auto_mpg,outer_2,streed,4,314.0,3,0.005,0.01,0.1,0.8203017021102094,10.659100619753332,599.1932454109192,5.003679068956776,0.9165975509129044,7.779396561203091,0.8780327690163392,6.0,full
auto_mpg,outer_2,streed,4,314.0,3,0.005,0.01,0.001,0.8277675243381082,10.245820875065888,599.1672034263611,4.057226460152877,0.9323732360500356,9.3354859648529,0.8536360289564866,7.0,full
auto_mpg,outer_2,streed,4,314.0,3,0.005,0.001,0.1,0.8231190850083081,10.507911414358146,600.0122997760773,4.571071286041684,0.9238083548217928,7.8931880757701425,0.8762487185656403,7.0,full
auto_mpg,outer_2,streed,4,314.0,3,0.005,0.001,0.001,0.8015796427626124,11.75499709163654,599.6202554702759,4.057232256958873,0.9323731394275684,14.44483228050722,0.7735304812633951,6.0,full
auto_mpg,outer_2,streed,4,314.0,3,0.005,0.0001,0.1,0.8339773768445831,9.90863401565082,599.5060589313507,4.5404382978395015,0.9243189523648624,7.774700383158152,0.8781063968135394,7.0,full
auto_mpg,outer_2,streed,4,314.0,3,0.005,0.0001,0.001,0.7975273065558824,11.970370349048444,599.0523571968079,4.034962358489937,0.93274433910837,15.137760964726608,0.7626665804172966,6.0,full
auto_mpg,outer_2,streed,4,314.0,3,0.005,1e-05,0.1,0.833876854687419,9.914352191251794,599.5102505683899,4.538416667106209,0.9243526493610092,7.7753870338615645,0.8780956313403707,7.0,full
auto_mpg,outer_2,streed,4,314.0,3,0.005,1e-05,0.001,0.7968803031551633,12.007072766913014,599.4411795139313,4.0366172583668085,0.932716754864692,15.083480586038435,0.7635176011145005,6.0,full
auto_mpg,outer_2,streed,4,314.0,3,0.003,0.1,0.1,0.8168306656638133,10.820258562825725,599.4749364852905,5.592672801429408,0.9067800707931396,7.93293144753854,0.8756256125231073,8.0,full
auto_mpg,outer_2,streed,4,314.0,3,0.003,0.1,0.001,0.8211825314539601,10.565994475496847,599.0618612766266,5.084539449882537,0.9152497518813548,7.588732236456551,0.8810220496827447,8.0,full
auto_mpg,outer_2,streed,4,314.0,3,0.003,0.01,0.1,0.8203017021102094,10.659100619753332,599.9912114143372,4.764579523500184,0.9205829159596776,8.008310367746523,0.8744438038699586,7.0,full
auto_mpg,outer_2,streed,4,314.0,3,0.003,0.01,0.001,0.831606804634233,10.035723561587115,599.3830745220184,3.692420925976915,0.9384538968141451,12.044238722058624,0.8111675584759632,8.0,full
auto_mpg,outer_2,streed,4,314.0,3,0.003,0.001,0.1,0.8231190850083081,10.507911414358146,599.5155329704285,4.571071286041684,0.9238083548217928,7.8931880757701425,0.8762487185656403,7.0,full
auto_mpg,outer_2,streed,4,314.0,3,0.003,0.001,0.001,0.8146569796624835,11.011258232639518,599.4596130847931,3.558830895288121,0.9406806055177848,13.73076676822529,0.7847257703309687,8.0,full
auto_mpg,outer_2,streed,4,314.0,3,0.003,0.0001,0.1,0.8339773768445831,9.90863401565082,599.193594455719,4.5404382978395015,0.9243189523648624,7.774700383158152,0.8781063968135394,7.0,full
auto_mpg,outer_2,streed,4,314.0,3,0.003,0.0001,0.001,0.7975273065558824,11.970370349048444,599.2112545967102,3.5748360698880064,0.940413827664669,14.333587030009266,0.7752746107799422,8.0,full
auto_mpg,outer_2,streed,4,314.0,3,0.003,1e-05,0.1,0.833876854687419,9.914352191251794,599.279390335083,4.538416667106209,0.9243526493610092,7.7753870338615645,0.8780956313403707,7.0,full
auto_mpg,outer_2,streed,4,314.0,3,0.003,1e-05,0.001,0.7968803031551633,12.007072766913014,599.2818570137024,3.5709186926312566,0.9404791233906156,14.239803577382522,0.776744970073106,8.0,full
auto_mpg,outer_2,streed,4,314.0,3,0.001,0.1,0.1,0.8168306656638133,10.820258562825725,599.5239522457123,5.592672801429408,0.9067800707931396,7.93293144753854,0.8756256125231073,8.0,full
auto_mpg,outer_2,streed,4,314.0,3,0.001,0.1,0.001,0.8211825314539601,10.565994475496847,599.5688433647156,5.084539449882537,0.9152497518813548,7.588732236456551,0.8810220496827447,8.0,full
auto_mpg,outer_2,streed,4,314.0,3,0.001,0.01,0.1,0.8203017021102094,10.659100619753332,599.078006029129,4.768825446111999,0.9205121439657948,7.595693749923635,0.8809129054175878,8.0,full
auto_mpg,outer_2,streed,4,314.0,3,0.001,0.01,0.001,0.831606804634233,10.035723561587115,599.5753030776978,3.692420925976915,0.9384538968141451,12.044238722058624,0.8111675584759632,8.0,full
auto_mpg,outer_2,streed,4,314.0,3,0.001,0.001,0.1,0.8231190850083081,10.507911414358146,599.55006980896,4.552646089443456,0.9241154701463422,8.958636851607443,0.8595443590537619,8.0,full
auto_mpg,outer_2,streed,4,314.0,3,0.001,0.001,0.001,0.8146569796624835,11.011258232639518,599.5622596740723,3.558830895288121,0.9406806055177848,13.73076676822529,0.7847257703309687,8.0,full
auto_mpg,outer_2,streed,4,314.0,3,0.001,0.0001,0.1,0.8339773768445831,9.90863401565082,599.72642993927,4.564734411223466,0.9239139792777412,9.009854195176889,0.8587413613502308,8.0,full
auto_mpg,outer_2,streed,4,314.0,3,0.001,0.0001,0.001,0.7975273065558824,11.970370349048444,599.1336688995361,3.5518765529435714,0.9407965220614584,14.320207199618016,0.7754843829455611,8.0,full
auto_mpg,outer_2,streed,4,314.0,3,0.001,1e-05,0.1,0.833876854687419,9.914352191251794,599.6248090267181,4.557799855899676,0.9240295660068985,7.718334260174688,0.8789901183062658,8.0,full
auto_mpg,outer_2,streed,4,314.0,3,0.001,1e-05,0.001,0.7968803031551633,12.007072766913014,599.9947695732117,3.5492350258193857,0.940840551630192,14.3522923237945,0.7749813447316347,8.0,full
auto_mpg,outer_2,streed,4,314.0,3,0.0005,0.1,0.1,0.8168306656638133,10.820258562825725,599.506103515625,5.592672801429408,0.9067800707931396,7.93293144753854,0.8756256125231073,8.0,full
auto_mpg,outer_2,streed,4,314.0,3,0.0005,0.1,0.001,0.8211825314539601,10.565994475496847,599.123322725296,5.084539449882537,0.9152497518813548,7.588732236456551,0.8810220496827447,8.0,full
auto_mpg,outer_2,streed,4,314.0,3,0.0005,0.01,0.1,0.8203017021102094,10.659100619753332,599.665424823761,4.768825446111999,0.9205121439657948,7.595693749923635,0.8809129054175878,8.0,full
auto_mpg,outer_2,streed,4,314.0,3,0.0005,0.01,0.001,0.831606804634233,10.035723561587115,599.4778175354004,3.692420925976915,0.9384538968141451,12.044238722058624,0.8111675584759632,8.0,full
auto_mpg,outer_2,streed,4,314.0,3,0.0005,0.001,0.1,0.8231190850083081,10.507911414358146,599.8707120418549,4.552646089443456,0.9241154701463422,8.958636851607443,0.8595443590537619,8.0,full
auto_mpg,outer_2,streed,4,314.0,3,0.0005,0.001,0.001,0.8146569796624835,11.011258232639518,599.6149458885193,3.558830895288121,0.9406806055177848,13.73076676822529,0.7847257703309687,8.0,full
auto_mpg,outer_2,streed,4,314.0,3,0.0005,0.0001,0.1,0.8339773768445831,9.90863401565082,599.2532687187195,4.564734411223466,0.9239139792777412,9.009854195176889,0.8587413613502308,8.0,full
auto_mpg,outer_2,streed,4,314.0,3,0.0005,0.0001,0.001,0.7975273065558824,11.970370349048444,599.1308078765869,3.5518765529435714,0.9407965220614584,14.320207199618016,0.7754843829455611,8.0,full
auto_mpg,outer_2,streed,4,314.0,3,0.0005,1e-05,0.1,0.833876854687419,9.914352191251794,599.2234201431274,4.557799855899676,0.9240295660068985,7.718334260174688,0.8789901183062658,8.0,full
auto_mpg,outer_2,streed,4,314.0,3,0.0005,1e-05,0.001,0.7968803031551633,12.007072766913014,599.1843018531799,3.5492350258193857,0.940840551630192,14.3522923237945,0.7749813447316347,8.0,full
auto_mpg,outer_2,streed,4,314.0,3,0.0001,0.1,0.1,0.8168306656638133,10.820258562825725,599.101991891861,5.592672801429408,0.9067800707931396,7.93293144753854,0.8756256125231073,8.0,full
auto_mpg,outer_2,streed,4,314.0,3,0.0001,0.1,0.001,0.8211825314539601,10.565994475496847,599.7481009960175,5.084539449882537,0.9152497518813548,7.588732236456551,0.8810220496827447,8.0,full
auto_mpg,outer_2,streed,4,314.0,3,0.0001,0.01,0.1,0.8203017021102094,10.659100619753332,599.882349729538,4.768825446111999,0.9205121439657948,7.595693749923635,0.8809129054175878,8.0,full
auto_mpg,outer_2,streed,4,314.0,3,0.0001,0.01,0.001,0.831606804634233,10.035723561587115,599.0736730098724,3.692420925976915,0.9384538968141451,12.044238722058624,0.8111675584759632,8.0,full
auto_mpg,outer_2,streed,4,314.0,3,0.0001,0.001,0.1,0.8231190850083081,10.507911414358146,599.0642654895782,4.552646089443456,0.9241154701463422,8.958636851607443,0.8595443590537619,8.0,full
auto_mpg,outer_2,streed,4,314.0,3,0.0001,0.001,0.001,0.8146569796624835,11.011258232639518,599.7504260540009,3.558830895288121,0.9406806055177848,13.73076676822529,0.7847257703309687,8.0,full
auto_mpg,outer_2,streed,4,314.0,3,0.0001,0.0001,0.1,0.8339773768445831,9.90863401565082,599.1048259735107,4.564734411223466,0.9239139792777412,9.009854195176889,0.8587413613502308,8.0,full
auto_mpg,outer_2,streed,4,314.0,3,0.0001,0.0001,0.001,0.7975273065558824,11.970370349048444,599.6320605278015,3.5518765529435714,0.9407965220614584,14.320207199618016,0.7754843829455611,8.0,full
auto_mpg,outer_2,streed,4,314.0,3,0.0001,1e-05,0.1,0.833876854687419,9.914352191251794,600.0280470848083,4.557799855899676,0.9240295660068985,7.718334260174688,0.8789901183062658,8.0,full
auto_mpg,outer_2,streed,4,314.0,3,0.0001,1e-05,0.001,0.7968803031551633,12.007072766913014,599.3144824504852,3.5492350258193857,0.940840551630192,14.3522923237945,0.7749813447316347,8.0,full
auto_mpg,outer_3,streed,4,314.0,3,0.1,0.1,0.1,0.8003970429908197,11.818743526454412,1.410534381866455,11.456311050611513,0.8066068051628212,17.826869384364226,0.7285744608505365,1.0,full
auto_mpg,outer_3,streed,4,314.0,3,0.1,0.1,0.001,0.7999971452394883,11.836952943503968,1.344264268875122,11.47187936679135,0.8063439974936725,17.907528352143775,0.7273463762471901,1.0,full
auto_mpg,outer_3,streed,4,314.0,3,0.1,0.01,0.1,0.79343795837567,12.223626031131635,1.3717410564422607,11.608086258228278,0.8040446983757054,18.30103860788022,0.7213549297951402,1.0,full
auto_mpg,outer_3,streed,4,314.0,3,0.1,0.01,0.001,0.7902811580869713,12.404930174621368,1.1504974365234375,12.06300746286758,0.7963652049702189,19.097090963002927,0.7092345212690142,1.0,full
auto_mpg,outer_3,streed,4,314.0,3,0.1,0.001,0.1,0.7911437053544045,12.358775145866504,1.3326187133789062,11.930412361684448,0.7986035337066053,18.883855167938098,0.7124811732410201,1.0,full
auto_mpg,outer_3,streed,4,314.0,3,0.1,0.001,0.001,0.8021143300978001,11.734365023467518,1.1001358032226562,12.104262714300742,0.7956687779228715,19.186102989865905,0.7078792559747467,1.0,full
auto_mpg,outer_3,streed,4,314.0,3,0.1,0.0001,0.1,0.7886771195968082,12.499732632670794,1.3260540962219238,11.933158782036465,0.798557171574511,18.89068248854596,0.7123772228985914,1.0,full
auto_mpg,outer_3,streed,4,314.0,3,0.1,0.0001,0.001,0.8006260472401573,11.81955623714444,1.0910446643829346,12.108621343421287,0.7955952002060123,19.195438393322625,0.7077371184596404,1.0,full
auto_mpg,outer_3,streed,4,314.0,3,0.1,1e-05,0.1,0.7886700776489941,12.50015234777027,1.3270885944366455,11.93343555851375,0.7985524993299322,18.89136896603029,0.7123667708378689,1.0,full
auto_mpg,outer_3,streed,4,314.0,3,0.1,1e-05,0.001,0.8004515323513915,11.829541697718716,1.0986135005950928,12.109059792988548,0.7955877987691787,19.196376653155628,0.7077228328509031,1.0,full
auto_mpg,outer_3,streed,4,314.0,3,0.08,0.1,0.1,0.8003970429908197,11.818743526454412,61.73967885971069,11.456311050611513,0.8066068051628212,17.826869384364226,0.7285744608505365,1.0,full
auto_mpg,outer_3,streed,4,314.0,3,0.08,0.1,0.001,0.7999971452394883,11.836952943503968,1.5526010990142822,11.47187936679135,0.8063439974936725,17.907528352143775,0.7273463762471901,1.0,full
auto_mpg,outer_3,streed,4,314.0,3,0.08,0.01,0.1,0.8566199105914215,8.489595072627619,1.6140098571777344,6.716583989308809,0.8866178100135175,13.614481338558695,0.7927107750730629,2.0,full
auto_mpg,outer_3,streed,4,314.0,3,0.08,0.01,0.001,0.8499797400275239,8.860980843587681,1.3977303504943848,6.603672646515224,0.8885238585853256,12.95661152985957,0.8027272655552857,2.0,full
auto_mpg,outer_3,streed,4,314.0,3,0.08,0.001,0.1,0.8579881700193095,8.405842235364618,1.5949211120605469,6.74709025714056,0.886102835815237,13.337422642171433,0.7969291717203687,2.0,full
auto_mpg,outer_3,streed,4,314.0,3,0.08,0.001,0.001,0.8467840941900664,9.0275917887815,1.3797659873962402,6.691039962273214,0.8870490169679722,13.139874835201375,0.7999369639949714,2.0,full
auto_mpg,outer_3,streed,4,314.0,3,0.08,0.0001,0.1,0.8579732307846571,8.406465146040198,1.587674617767334,6.720464732589303,0.8865522994544865,13.61576641609598,0.7926912089419669,2.0,full
auto_mpg,outer_3,streed,4,314.0,3,0.08,0.0001,0.001,0.845548748972504,9.09810613559054,1.3864753246307373,6.685254909879441,0.887146674037494,13.456341365984525,0.7951185577516455,2.0,full
auto_mpg,outer_3,streed,4,314.0,3,0.08,1e-05,0.1,0.8580329413402237,8.402932176352833,1.5956809520721436,6.720710569806013,0.8865481494934268,13.61727358364562,0.7926682613477523,2.0,full
auto_mpg,outer_3,streed,4,314.0,3,0.08,1e-05,0.001,0.845377906181015,9.107895284369484,1.385800838470459,6.687226990337828,0.8871133834836116,13.453073683827174,0.7951683103117952,2.0,full
auto_mpg,outer_3,streed,4,314.0,3,0.05,0.1,0.1,0.8410497276192865,9.418312867419786,599.8349158763885,7.356561006125429,0.8758144022361137,14.833072538880083,0.7741569411710696,2.0,full
auto_mpg,outer_3,streed,4,314.0,3,0.05,0.1,0.001,0.8395014523829839,9.48569426882222,74.06899976730347,7.1160713063091965,0.8798740922329572,14.37135943132599,0.7811868198585838,2.0,full
auto_mpg,outer_3,streed,4,314.0,3,0.05,0.01,0.1,0.8566199105914215,8.489595072627619,77.98562717437744,6.716583989308809,0.8866178100135175,13.614481338558695,0.7927107750730629,2.0,full
auto_mpg,outer_3,streed,4,314.0,3,0.05,0.01,0.001,0.8499797400275239,8.860980843587681,74.81282687187195,6.603672646515224,0.8885238585853256,12.95661152985957,0.8027272655552857,2.0,full
auto_mpg,outer_3,streed,4,314.0,3,0.05,0.001,0.1,0.8579881700193095,8.405842235364618,77.02907109260559,6.74709025714056,0.886102835815237,13.337422642171433,0.7969291717203687,2.0,full
auto_mpg,outer_3,streed,4,314.0,3,0.05,0.001,0.001,0.8467840941900664,9.0275917887815,74.41469168663025,6.691039962273214,0.8870490169679722,13.139874835201375,0.7999369639949714,2.0,full
auto_mpg,outer_3,streed,4,314.0,3,0.05,0.0001,0.1,0.8579732307846571,8.406465146040198,76.97819781303406,6.720464732589303,0.8865522994544865,13.61576641609598,0.7926912089419669,2.0,full
auto_mpg,outer_3,streed,4,314.0,3,0.05,0.0001,0.001,0.845548748972504,9.09810613559054,74.13710308074951,6.685254909879441,0.887146674037494,13.456341365984525,0.7951185577516455,2.0,full
auto_mpg,outer_3,streed,4,314.0,3,0.05,1e-05,0.1,0.8580329413402237,8.402932176352833,76.83091759681702,6.720710569806013,0.8865481494934268,13.61727358364562,0.7926682613477523,2.0,full
auto_mpg,outer_3,streed,4,314.0,3,0.05,1e-05,0.001,0.845377906181015,9.107895284369484,74.69273829460144,6.687226990337828,0.8871133834836116,13.453073683827174,0.7951683103117952,2.0,full
auto_mpg,outer_3,streed,4,314.0,3,0.03,0.1,0.1,0.8379012746875573,9.59801272184869,599.8489224910736,6.653733610612082,0.8876787829112669,13.16202390900096,0.7995997301168242,3.0,full
auto_mpg,outer_3,streed,4,314.0,3,0.03,0.1,0.001,0.8395014523829839,9.48569426882222,599.683137178421,7.1160713063091965,0.8798740922329572,14.37135943132599,0.7811868198585838,2.0,full
auto_mpg,outer_3,streed,4,314.0,3,0.03,0.01,0.1,0.8566199105914215,8.489595072627619,599.1026015281677,6.716583989308809,0.8866178100135175,13.614481338558695,0.7927107750730629,2.0,full
auto_mpg,outer_3,streed,4,314.0,3,0.03,0.01,0.001,0.8499797400275239,8.860980843587681,599.0655901432037,6.603672646515224,0.8885238585853256,12.95661152985957,0.8027272655552857,2.0,full
auto_mpg,outer_3,streed,4,314.0,3,0.03,0.001,0.1,0.8579881700193095,8.405842235364618,599.8605206012726,6.74709025714056,0.886102835815237,13.337422642171433,0.7969291717203687,2.0,full
auto_mpg,outer_3,streed,4,314.0,3,0.03,0.001,0.001,0.8467840941900664,9.0275917887815,599.4602205753326,6.691039962273214,0.8870490169679722,13.139874835201375,0.7999369639949714,2.0,full
auto_mpg,outer_3,streed,4,314.0,3,0.03,0.0001,0.1,0.8579732307846571,8.406465146040198,599.388167142868,6.720464732589303,0.8865522994544865,13.61576641609598,0.7926912089419669,2.0,full
auto_mpg,outer_3,streed,4,314.0,3,0.03,0.0001,0.001,0.845548748972504,9.09810613559054,599.246036529541,6.685254909879441,0.887146674037494,13.456341365984525,0.7951185577516455,2.0,full
auto_mpg,outer_3,streed,4,314.0,3,0.03,1e-05,0.1,0.8580329413402237,8.402932176352833,599.8366591930389,6.720710569806013,0.8865481494934268,13.61727358364562,0.7926682613477523,2.0,full
auto_mpg,outer_3,streed,4,314.0,3,0.03,1e-05,0.001,0.845377906181015,9.107895284369484,599.5483725070953,6.687226990337828,0.8871133834836116,13.453073683827174,0.7951683103117952,2.0,full
auto_mpg,outer_3,streed,4,314.0,3,0.01,0.1,0.1,0.8331033619006085,9.853516180779575,599.8924436569214,5.913035793022942,0.9001824515633889,12.694921266092653,0.8067116679425833,5.0,full
auto_mpg,outer_3,streed,4,314.0,3,0.01,0.1,0.001,0.8375255103504453,9.589652630576238,599.9881761074066,5.430898188062143,0.9083213831411534,12.796133900354382,0.8051706405624577,4.0,full
auto_mpg,outer_3,streed,4,314.0,3,0.01,0.01,0.1,0.8488559013929846,8.954432963938423,599.489904165268,5.2226884950422425,0.911836156574879,11.749263385972425,0.8211099167000291,4.0,full
auto_mpg,outer_3,streed,4,314.0,3,0.01,0.01,0.001,0.8446751938071317,9.181878089719254,599.7997951507568,5.368125101898684,0.9093810512689924,13.949917042077344,0.7876035509882001,3.0,full
auto_mpg,outer_3,streed,4,314.0,3,0.01,0.001,0.1,0.8647817799645673,8.01529769409482,599.4932746887207,5.168293057579908,0.9127544021941656,11.533820568081092,0.8243901720124579,4.0,full
auto_mpg,outer_3,streed,4,314.0,3,0.01,0.001,0.001,0.8337057568053488,9.819300627586207,599.622376203537,4.671517244999944,0.9211404403427672,12.815066323548209,0.8048823822563023,4.0,full
auto_mpg,outer_3,streed,4,314.0,3,0.01,0.0001,0.1,0.8529547170346402,8.709999577577294,599.4021332263947,5.154856431354256,0.9129812249525676,11.521158456445804,0.8245829607968079,4.0,full
auto_mpg,outer_3,streed,4,314.0,3,0.01,0.0001,0.001,0.8248379271293933,10.336736347600532,599.6983535289764,4.091708057875925,0.9309281591467076,14.070672351002644,0.7857649738312397,5.0,full
auto_mpg,outer_3,streed,4,314.0,3,0.01,1e-05,0.1,0.8528881988223773,8.713926652921485,599.7405829429626,5.154269507029877,0.9129911327815116,11.521718342566995,0.8245744361709171,4.0,full
auto_mpg,outer_3,streed,4,314.0,3,0.01,1e-05,0.001,0.8275809537636994,10.180560975542502,599.7546896934509,4.093942019335808,0.9308904477977435,14.083285577370496,0.7855729293564924,5.0,full
auto_mpg,outer_3,streed,4,314.0,3,0.008,0.1,0.1,0.8331033619006085,9.853516180779575,599.0389974117279,5.913035793022942,0.9001824515633889,12.694921266092653,0.8067116679425833,5.0,full
auto_mpg,outer_3,streed,4,314.0,3,0.008,0.1,0.001,0.834616624188493,9.76934221986865,599.7968466281891,5.430898188062143,0.9083213831411534,12.796133900354382,0.8051706405624577,4.0,full
auto_mpg,outer_3,streed,4,314.0,3,0.008,0.01,0.1,0.844822021920109,9.191336439739215,599.9880921840668,5.2226884950422425,0.911836156574879,11.749263385972425,0.8211099167000291,4.0,full
auto_mpg,outer_3,streed,4,314.0,3,0.008,0.01,0.001,0.8446751938071317,9.181878089719254,599.3710815906525,4.917441844372603,0.916989004182242,11.21833987154704,0.8291935682959977,4.0,full
auto_mpg,outer_3,streed,4,314.0,3,0.008,0.001,0.1,0.846739865336744,9.074871316502914,599.1238927841187,5.168293057579908,0.9127544021941656,11.533820568081092,0.8243901720124579,4.0,full
auto_mpg,outer_3,streed,4,314.0,3,0.008,0.001,0.001,0.8321044199527159,9.91127278083436,599.0922148227692,4.07382338890371,0.9312300690072084,13.427679328592744,0.7955549556847009,5.0,full
auto_mpg,outer_3,streed,4,314.0,3,0.008,0.0001,0.1,0.8462403202734783,9.104325670193772,599.9830989837646,5.154856431354256,0.9129812249525676,11.521158456445804,0.8245829607968079,4.0,full
auto_mpg,outer_3,streed,4,314.0,3,0.008,0.0001,0.001,0.8257642075954207,10.279517554136872,599.9376976490021,4.091708057875925,0.9309281591467076,14.070672351002644,0.7857649738312397,5.0,full
auto_mpg,outer_3,streed,4,314.0,3,0.008,1e-05,0.1,0.8461865302285351,9.107505240041355,599.9455444812775,5.154269507029877,0.9129911327815116,11.521718342566995,0.8245744361709171,4.0,full
auto_mpg,outer_3,streed,4,314.0,3,0.008,1e-05,0.001,0.8284821353146129,10.124892608426729,599.2079606056213,4.093942019335808,0.9308904477977435,14.083285577370496,0.7855729293564924,5.0,full
auto_mpg,outer_3,streed,4,314.0,3,0.005,0.1,0.1,0.8330250148411246,9.86894933050753,599.4567115306854,5.597968230503164,0.9055010853047458,13.754087913500795,0.7905851752801063,6.0,full
auto_mpg,outer_3,streed,4,314.0,3,0.005,0.1,0.001,0.834616624188493,9.76934221986865,599.1386601924896,4.931763191423404,0.916747246512754,16.878452160476474,0.7430147223895678,6.0,full
auto_mpg,outer_3,streed,4,314.0,3,0.005,0.01,0.1,0.8416033561820869,9.375043732533392,599.9406101703644,4.806933549767473,0.9188544870637104,17.238125937081293,0.7375384580703536,6.0,full
auto_mpg,outer_3,streed,4,314.0,3,0.005,0.01,0.001,0.8657800431115964,7.931117982575756,599.9344418048859,4.038216359161121,0.9318311488146752,11.336788611392535,0.8273901101351195,6.0,full
auto_mpg,outer_3,streed,4,314.0,3,0.005,0.001,0.1,0.8352392835416894,9.731273974961564,599.4857187271118,4.834887798231419,0.9183825933279494,14.952037661032511,0.7723456207578215,5.0,full
auto_mpg,outer_3,streed,4,314.0,3,0.005,0.001,0.001,0.8515195552133233,8.771052043623895,599.0370151996613,4.07382338890371,0.9312300690072084,13.427679328592744,0.7955549556847009,5.0,full
auto_mpg,outer_3,streed,4,314.0,3,0.005,0.0001,0.1,0.8462403202734783,9.104325670193772,599.742448091507,4.658781014626784,0.9213554397672036,16.101563477448337,0.7548433516964599,6.0,full
auto_mpg,outer_3,streed,4,314.0,3,0.005,0.0001,0.001,0.8454282682806756,9.124677813381366,599.5610892772675,4.091708057875925,0.9309281591467076,14.070672351002644,0.7857649738312397,5.0,full
auto_mpg,outer_3,streed,4,314.0,3,0.005,1e-05,0.1,0.8461865302285351,9.107505240041355,599.3049304485321,4.657878335110771,0.9213706778377088,16.109213741529498,0.754726871510955,6.0,full
auto_mpg,outer_3,streed,4,314.0,3,0.005,1e-05,0.001,0.8482294186779841,8.965165329051466,599.4849724769592,4.093942019335808,0.9308904477977435,14.083285577370496,0.7855729293564924,5.0,full
auto_mpg,outer_3,streed,4,314.0,3,0.003,0.1,0.1,0.8330250148411246,9.86894933050753,599.7166547775269,5.474643235251488,0.9075829260237728,13.304716575293464,0.7974271426004155,7.0,full
auto_mpg,outer_3,streed,4,314.0,3,0.003,0.1,0.001,0.835972997043339,9.702406739515617,600.0159120559692,4.931763191423404,0.916747246512754,16.878452160476474,0.7430147223895678,6.0,full
auto_mpg,outer_3,streed,4,314.0,3,0.003,0.01,0.1,0.8419058907078153,9.367650599901047,599.5258646011353,4.806933549767473,0.9188544870637104,17.238125937081293,0.7375384580703536,6.0,full
auto_mpg,outer_3,streed,4,314.0,3,0.003,0.01,0.001,0.8651612005491115,7.966438795941666,600.0048635005951,4.038216359161121,0.9318311488146752,11.336788611392535,0.8273901101351195,6.0,full
auto_mpg,outer_3,streed,4,314.0,3,0.003,0.001,0.1,0.8444772944840256,9.214604294929996,599.9782218933105,4.1727423034013125,0.9295602256501272,13.540709975645957,0.7938339914674089,7.0,full
auto_mpg,outer_3,streed,4,314.0,3,0.003,0.001,0.001,0.8539126162595192,8.634466637722749,599.2626521587372,3.490976006894362,0.9410690753689688,11.507735360619838,0.8247873360543511,8.0,full
auto_mpg,outer_3,streed,4,314.0,3,0.003,0.0001,0.1,0.844179500527264,9.232335249364922,599.7344207763672,4.158690174442613,0.9297974386676144,13.528933525742604,0.7940132954829018,7.0,full
auto_mpg,outer_3,streed,4,314.0,3,0.003,0.0001,0.001,0.8501953628282996,8.852593010199532,599.8560996055603,3.4824106821812104,0.9412136660233056,10.658781562900666,0.8377132030302441,8.0,full
auto_mpg,outer_3,streed,4,314.0,3,0.003,1e-05,0.1,0.8441377553720609,9.234809693334132,599.7012884616852,4.157254271412299,0.929821678047401,13.527820636060582,0.7940302399432803,7.0,full
auto_mpg,outer_3,streed,4,314.0,3,0.003,1e-05,0.001,0.8490750801797496,8.916898687606093,599.8483633995056,3.48240511024571,0.9412137600827636,10.66808460586653,0.8375715582244009,8.0,full
auto_mpg,outer_3,streed,4,314.0,3,0.001,0.1,0.1,0.8330250148411246,9.86894933050753,599.4357619285583,5.387395058267773,0.909055756467714,13.418544875490866,0.7956940336015553,8.0,full
auto_mpg,outer_3,streed,4,314.0,3,0.001,0.1,0.001,0.835972997043339,9.702406739515617,599.335898399353,4.882875877953274,0.9175725098717208,12.393239935574115,0.8113049600132113,8.0,full
auto_mpg,outer_3,streed,4,314.0,3,0.001,0.01,0.1,0.8419058907078153,9.367650599901047,599.1571233272552,4.54581767596528,0.9232623660776637,14.196674102367512,0.7838465162175892,8.0,full
auto_mpg,outer_3,streed,4,314.0,3,0.001,0.01,0.001,0.8651612005491115,7.966438795941666,599.4297821521759,3.753808880562283,0.9366322117989836,12.279201650920962,0.8130412661603136,8.0,full
auto_mpg,outer_3,streed,4,314.0,3,0.001,0.001,0.1,0.8444772944840256,9.214604294929996,599.1899905204773,4.032881344301576,0.931921208831694,12.89214269771172,0.8037088449423775,8.0,full
auto_mpg,outer_3,streed,4,314.0,3,0.001,0.001,0.001,0.8539126162595192,8.634466637722749,599.0880031585693,3.490976006894362,0.9410690753689688,11.507735360619838,0.8247873360543511,8.0,full
auto_mpg,outer_3,streed,4,314.0,3,0.001,0.0001,0.1,0.844179500527264,9.232335249364922,599.7252743244171,4.019388339970968,0.9321489833049882,12.879534645557952,0.8039008106363911,8.0,full
auto_mpg,outer_3,streed,4,314.0,3,0.001,0.0001,0.001,0.8501953628282996,8.852593010199532,599.0487859249115,3.4824106821812104,0.9412136660233056,10.658781562900666,0.8377132030302441,8.0,full
auto_mpg,outer_3,streed,4,314.0,3,0.001,1e-05,0.1,0.8441377553720609,9.234809693334132,599.3318526744843,4.018009594943648,0.9321722578044778,12.878345726743978,0.8039189126891482,8.0,full
auto_mpg,outer_3,streed,4,314.0,3,0.001,1e-05,0.001,0.8490750801797496,8.916898687606093,599.9043593406677,3.48240511024571,0.9412137600827636,10.66808460586653,0.8375715582244009,8.0,full
auto_mpg,outer_3,streed,4,314.0,3,0.0005,0.1,0.1,0.8330250148411246,9.86894933050753,599.7618532180786,5.387395058267773,0.909055756467714,13.418544875490866,0.7956940336015553,8.0,full
auto_mpg,outer_3,streed,4,314.0,3,0.0005,0.1,0.001,0.835972997043339,9.702406739515617,599.286080121994,4.882875877953274,0.9175725098717208,12.393239935574115,0.8113049600132113,8.0,full
auto_mpg,outer_3,streed,4,314.0,3,0.0005,0.01,0.1,0.8419058907078153,9.367650599901047,599.8293571472168,4.54581767596528,0.9232623660776637,14.196674102367512,0.7838465162175892,8.0,full
auto_mpg,outer_3,streed,4,314.0,3,0.0005,0.01,0.001,0.8651612005491115,7.966438795941666,599.6676690578461,3.753808880562283,0.9366322117989836,12.279201650920962,0.8130412661603136,8.0,full
auto_mpg,outer_3,streed,4,314.0,3,0.0005,0.001,0.1,0.8444772944840256,9.214604294929996,599.0772078037262,4.032881344301576,0.931921208831694,12.89214269771172,0.8037088449423775,8.0,full
auto_mpg,outer_3,streed,4,314.0,3,0.0005,0.001,0.001,0.8539126162595192,8.634466637722749,599.666079044342,3.490976006894362,0.9410690753689688,11.507735360619838,0.8247873360543511,8.0,full
auto_mpg,outer_3,streed,4,314.0,3,0.0005,0.0001,0.1,0.844179500527264,9.232335249364922,599.9340970516205,4.019388339970968,0.9321489833049882,12.879534645557952,0.8039008106363911,8.0,full
auto_mpg,outer_3,streed,4,314.0,3,0.0005,0.0001,0.001,0.8501953628282996,8.852593010199532,599.6534194946289,3.4824106821812104,0.9412136660233056,10.658781562900666,0.8377132030302441,8.0,full
auto_mpg,outer_3,streed,4,314.0,3,0.0005,1e-05,0.1,0.8441377553720609,9.234809693334132,599.3722140789032,4.018009594943648,0.9321722578044778,12.878345726743978,0.8039189126891482,8.0,full
auto_mpg,outer_3,streed,4,314.0,3,0.0005,1e-05,0.001,0.8490750801797496,8.916898687606093,599.1449129581451,3.48240511024571,0.9412137600827636,10.66808460586653,0.8375715582244009,8.0,full
auto_mpg,outer_3,streed,4,314.0,3,0.0001,0.1,0.1,0.8330250148411246,9.86894933050753,599.3615367412567,5.387395058267773,0.909055756467714,13.418544875490866,0.7956940336015553,8.0,full
auto_mpg,outer_3,streed,4,314.0,3,0.0001,0.1,0.001,0.835972997043339,9.702406739515617,599.7656984329224,4.882875877953274,0.9175725098717208,12.393239935574115,0.8113049600132113,8.0,full
auto_mpg,outer_3,streed,4,314.0,3,0.0001,0.01,0.1,0.8419058907078153,9.367650599901047,599.6638822555542,4.54581767596528,0.9232623660776637,14.196674102367512,0.7838465162175892,8.0,full
auto_mpg,outer_3,streed,4,314.0,3,0.0001,0.01,0.001,0.8651612005491115,7.966438795941666,599.423043012619,3.753808880562283,0.9366322117989836,12.279201650920962,0.8130412661603136,8.0,full
auto_mpg,outer_3,streed,4,314.0,3,0.0001,0.001,0.1,0.8444772944840256,9.214604294929996,599.416585445404,4.032881344301576,0.931921208831694,12.89214269771172,0.8037088449423775,8.0,full
auto_mpg,outer_3,streed,4,314.0,3,0.0001,0.001,0.001,0.8539126162595192,8.634466637722749,599.4255700111389,3.490976006894362,0.9410690753689688,11.507735360619838,0.8247873360543511,8.0,full
auto_mpg,outer_3,streed,4,314.0,3,0.0001,0.0001,0.1,0.844179500527264,9.232335249364922,600.0070044994354,4.019388339970968,0.9321489833049882,12.879534645557952,0.8039008106363911,8.0,full
auto_mpg,outer_3,streed,4,314.0,3,0.0001,0.0001,0.001,0.8501953628282996,8.852593010199532,599.1019096374512,3.4824106821812104,0.9412136660233056,10.658781562900666,0.8377132030302441,8.0,full
auto_mpg,outer_3,streed,4,314.0,3,0.0001,1e-05,0.1,0.8441377553720609,9.234809693334132,599.9674451351166,4.018009594943648,0.9321722578044778,12.878345726743978,0.8039189126891482,8.0,full
auto_mpg,outer_3,streed,4,314.0,3,0.0001,1e-05,0.001,0.8490750801797496,8.916898687606093,599.9347946643829,3.48240511024571,0.9412137600827636,10.66808460586653,0.8375715582244009,8.0,full
auto_mpg,outer_4,streed,4,314.0,3,0.1,0.1,0.1,0.7831603903856718,13.50537753390517,1.5151002407073977,12.927578426317227,0.7898478172773311,10.120005688749966,0.8232461240738853,1.0,full
auto_mpg,outer_4,streed,4,314.0,3,0.1,0.1,0.001,0.7820583792938648,13.574427744822126,1.40596604347229,12.968897065162627,0.7891761367928551,10.094007754946766,0.8237001984792875,1.0,full
auto_mpg,outer_4,streed,4,314.0,3,0.1,0.01,0.1,0.773911784795271,14.123649346475023,1.4717352390289309,12.785006348480302,0.7921654851625819,9.894853444221862,0.8271785854892032,1.0,full
auto_mpg,outer_4,streed,4,314.0,3,0.1,0.01,0.001,0.7699946925756724,14.365212055920244,1.2911245822906494,12.991067694602036,0.7888157285233882,9.971008720943631,0.8258484735557917,1.0,full
auto_mpg,outer_4,streed,4,314.0,3,0.1,0.001,0.1,0.7732295391808228,14.165301850534084,1.445943832397461,12.813209867628546,0.7917070055530212,9.88048635514603,0.827429518024029,1.0,full
auto_mpg,outer_4,streed,4,314.0,3,0.1,0.001,0.001,0.768985884099498,14.426713601220442,1.2640776634216309,13.041016099868704,0.7880037615761262,9.968241713898673,0.8258968015147824,1.0,full
auto_mpg,outer_4,streed,4,314.0,3,0.1,0.0001,0.1,0.7731560466214594,14.16977060442076,1.446148157119751,12.81627609540477,0.7916571606061449,9.879004077013324,0.8274554071799459,1.0,full
auto_mpg,outer_4,streed,4,314.0,3,0.1,0.0001,0.001,0.7688790151885522,14.433210816010158,1.2555553913116455,13.046310744295118,0.7879176912351653,9.967907456369325,0.8259026395859937,1.0,full
auto_mpg,outer_4,streed,4,314.0,3,0.1,1e-05,0.1,0.7731486384569136,14.170220879972629,1.4486851692199707,12.81658545494869,0.7916521316222735,9.878855435252149,0.827458003325464,1.0,full
auto_mpg,outer_4,streed,4,314.0,3,0.1,1e-05,0.001,0.7688682615795255,14.433864409445484,1.254286289215088,13.046843523115472,0.7879090303221689,9.967873492498567,0.8259032327917667,1.0,full
auto_mpg,outer_4,streed,4,314.0,3,0.08,0.1,0.1,0.7919119378329506,12.992920540385702,70.44796919822693,12.927578426317227,0.7898478172773311,10.120005688749966,0.8232461240738853,1.0,full
auto_mpg,outer_4,streed,4,314.0,3,0.08,0.1,0.001,0.7933407834199019,12.91377350819357,1.682464838027954,12.968897065162627,0.7891761367928551,10.094007754946766,0.8237001984792875,1.0,full
auto_mpg,outer_4,streed,4,314.0,3,0.08,0.01,0.1,0.8285956746688368,10.550772675039116,61.749573945999146,12.785006348480302,0.7921654851625819,9.894853444221862,0.8271785854892032,1.0,full
auto_mpg,outer_4,streed,4,314.0,3,0.08,0.01,0.001,0.8171930111469311,11.280334065305125,1.5292847156524658,7.822010360116601,0.8728445114584296,8.555939932846139,0.8505637652948418,2.0,full
auto_mpg,outer_4,streed,4,314.0,3,0.08,0.001,0.1,0.8302712368483286,10.43608591823306,1.713336706161499,12.813209867628546,0.7917070055530212,9.88048635514603,0.827429518024029,1.0,full
auto_mpg,outer_4,streed,4,314.0,3,0.08,0.001,0.001,0.8072428502440278,11.86796734306819,1.497891902923584,7.866687756277375,0.8721182306336746,10.109336634990967,0.8234324675071172,2.0,full
auto_mpg,outer_4,streed,4,314.0,3,0.08,0.0001,0.1,0.8299345256668219,10.45899802035944,1.717130422592163,12.81627609540477,0.7916571606061449,9.879004077013324,0.8274554071799459,1.0,full
auto_mpg,outer_4,streed,4,314.0,3,0.08,0.0001,0.001,0.8035230976017504,12.094946662170084,1.4941191673278809,7.870992408733263,0.8720482537145923,10.152829410839187,0.8226728318959924,2.0,full
auto_mpg,outer_4,streed,4,314.0,3,0.08,1e-05,0.1,0.82994068148703,10.458606502616693,1.7265920639038086,12.81658545494869,0.7916521316222735,9.878855435252149,0.827458003325464,1.0,full
auto_mpg,outer_4,streed,4,314.0,3,0.08,1e-05,0.001,0.803203868924853,12.11368363592843,1.4963088035583496,7.8714587969749745,0.8720406720543803,10.157378229249716,0.8225933831970813,2.0,full
auto_mpg,outer_4,streed,4,314.0,3,0.05,0.1,0.1,0.8343968226831006,10.274662297499624,599.9186508655548,8.407350241313214,0.8633291598889757,9.23412803800368,0.838718675491499,2.0,full
auto_mpg,outer_4,streed,4,314.0,3,0.05,0.1,0.001,0.8409790594689142,9.88154718543936,599.9140393733978,8.17806223928909,0.867056491683722,9.143920327449935,0.8402942242578916,2.0,full
auto_mpg,outer_4,streed,4,314.0,3,0.05,0.01,0.1,0.8507495418417151,9.262834327800867,599.3018293380737,7.943205338868952,0.8708743521230985,7.599185279973881,0.8672742394197239,2.0,full
auto_mpg,outer_4,streed,4,314.0,3,0.05,0.01,0.001,0.8405300945591422,9.923608198677154,79.67002511024475,7.822010360116601,0.8728445114584296,8.555939932846139,0.8505637652948418,2.0,full
auto_mpg,outer_4,streed,4,314.0,3,0.05,0.001,0.1,0.8526298514475311,9.136244364218165,599.1508095264435,7.958274293042517,0.8706293894930923,8.890444254304617,0.844721383664805,2.0,full
auto_mpg,outer_4,streed,4,314.0,3,0.05,0.001,0.001,0.8305393976946499,10.513598077162124,80.34411334991455,7.866687756277375,0.8721182306336746,10.109336634990967,0.8234324675071172,2.0,full
auto_mpg,outer_4,streed,4,314.0,3,0.05,0.0001,0.1,0.8523263141048413,9.157227870366071,599.8249657154083,7.948903883417877,0.8707817159358864,8.901261153113095,0.8445324580012528,2.0,full
auto_mpg,outer_4,streed,4,314.0,3,0.05,0.0001,0.001,0.8197769007661462,11.15001473581477,80.65002489089966,7.870992408733263,0.8720482537145923,10.152829410839187,0.8226728318959924,2.0,full
auto_mpg,outer_4,streed,4,314.0,3,0.05,1e-05,0.1,0.8521551179466322,9.167146896248925,599.5635464191437,7.948639420177743,0.8707860150803457,8.901171459075714,0.8445340245783123,2.0,full
auto_mpg,outer_4,streed,4,314.0,3,0.05,1e-05,0.001,0.8194455998241105,11.169453543392391,80.38002252578735,7.8714587969749745,0.8720406720543803,10.157378229249716,0.8225933831970813,2.0,full
auto_mpg,outer_4,streed,4,314.0,3,0.03,0.1,0.1,0.8343968226831006,10.274662297499624,599.1420817375183,7.674530222643802,0.8752419653183926,6.461929461963204,0.8871373086644745,3.0,full
auto_mpg,outer_4,streed,4,314.0,3,0.03,0.1,0.001,0.8409790594689142,9.88154718543936,599.313901424408,8.17806223928909,0.867056491683722,9.143920327449935,0.8402942242578916,2.0,full
auto_mpg,outer_4,streed,4,314.0,3,0.03,0.01,0.1,0.8507495418417151,9.262834327800867,599.7242655754089,7.943205338868952,0.8708743521230985,7.599185279973881,0.8672742394197239,2.0,full
auto_mpg,outer_4,streed,4,314.0,3,0.03,0.01,0.001,0.8405300945591422,9.923608198677154,599.605491399765,7.822010360116601,0.8728445114584296,8.555939932846139,0.8505637652948418,2.0,full
auto_mpg,outer_4,streed,4,314.0,3,0.03,0.001,0.1,0.8526298514475311,9.136244364218165,599.3948404788971,7.958274293042517,0.8706293894930923,8.890444254304617,0.844721383664805,2.0,full
auto_mpg,outer_4,streed,4,314.0,3,0.03,0.001,0.001,0.8305393976946499,10.513598077162124,599.2874801158905,7.866687756277375,0.8721182306336746,10.109336634990967,0.8234324675071172,2.0,full
auto_mpg,outer_4,streed,4,314.0,3,0.03,0.0001,0.1,0.8523263141048413,9.157227870366071,599.8311846256256,7.948903883417877,0.8707817159358864,8.901261153113095,0.8445324580012528,2.0,full
auto_mpg,outer_4,streed,4,314.0,3,0.03,0.0001,0.001,0.8197769007661462,11.15001473581477,599.0885918140411,7.870992408733263,0.8720482537145923,10.152829410839187,0.8226728318959924,2.0,full
auto_mpg,outer_4,streed,4,314.0,3,0.03,1e-05,0.1,0.8521551179466322,9.167146896248925,599.8483505249023,7.948639420177743,0.8707860150803457,8.901171459075714,0.8445340245783123,2.0,full
auto_mpg,outer_4,streed,4,314.0,3,0.03,1e-05,0.001,0.8194455998241105,11.169453543392391,599.1167290210724,7.8714587969749745,0.8720406720543803,10.157378229249716,0.8225933831970813,2.0,full
auto_mpg,outer_4,streed,4,314.0,3,0.01,0.1,0.1,0.8222536218108768,10.955029282473925,599.1575920581818,6.5927772478970805,0.8928270645003842,8.404399567170527,0.8532105372252372,6.0,full
auto_mpg,outer_4,streed,4,314.0,3,0.01,0.1,0.001,0.828771727361687,10.576185887067512,600.0124740600586,6.322934269704311,0.8972136625924254,6.946971595312032,0.8786656654961131,4.0,full
auto_mpg,outer_4,streed,4,314.0,3,0.01,0.01,0.1,0.8219740718554204,10.992509140702074,599.9847829341888,6.061941292919867,0.9014563940567252,7.190749486935508,0.8744078924735698,4.0,full
auto_mpg,outer_4,streed,4,314.0,3,0.01,0.01,0.001,0.8191892132732237,11.207332503491244,599.2048256397247,4.883274085647084,0.9206169420065062,7.666354872275931,0.8661010695472047,5.0,full
auto_mpg,outer_4,streed,4,314.0,3,0.01,0.001,0.1,0.8365520615491612,10.142349371974214,599.2727720737457,6.443390829944956,0.8952555070722621,6.99734083573461,0.8777859270111792,4.0,full
auto_mpg,outer_4,streed,4,314.0,3,0.01,0.001,0.001,0.8128522784297414,11.589230137502382,599.3073716163635,4.866293878336982,0.9208929741845076,7.734445860876201,0.864911806762094,5.0,full
auto_mpg,outer_4,streed,4,314.0,3,0.01,0.0001,0.1,0.8404076518952884,9.887761987691468,599.1192858219147,6.408300810987743,0.8958259344046252,7.001849902475176,0.8777071726065161,4.0,full
auto_mpg,outer_4,streed,4,314.0,3,0.01,0.0001,0.001,0.8118287630189615,11.647579101043654,599.450765132904,5.4322229686965855,0.9116931666348422,7.312554416497539,0.8722804733723206,4.0,full
auto_mpg,outer_4,streed,4,314.0,3,0.01,1e-05,0.1,0.8403785980062451,9.889349591363862,599.8192026615143,6.407676473361592,0.8958360837079645,7.001951803196461,0.8777053928301009,4.0,full
auto_mpg,outer_4,streed,4,314.0,3,0.01,1e-05,0.001,0.8116796619522039,11.656450702990284,599.2864136695862,5.433115820056545,0.9116786523417584,7.321392484834793,0.8721261095426593,4.0,full
auto_mpg,outer_4,streed,4,314.0,3,0.008,0.1,0.1,0.8222536218108768,10.955029282473925,599.3728785514832,6.5927772478970805,0.8928270645003842,8.404399567170527,0.8532105372252372,6.0,full
auto_mpg,outer_4,streed,4,314.0,3,0.008,0.1,0.001,0.828771727361687,10.576185887067512,599.6273274421692,5.884401253152542,0.9043425051014524,6.311215876063312,0.8897696402344205,5.0,full
auto_mpg,outer_4,streed,4,314.0,3,0.008,0.01,0.1,0.82066727273769,11.08056275256032,599.8618576526642,6.061941292919867,0.9014563940567252,7.190749486935508,0.8744078924735698,4.0,full
auto_mpg,outer_4,streed,4,314.0,3,0.008,0.01,0.001,0.8191892132732237,11.207332503491244,599.5988099575043,4.883274085647084,0.9206169420065062,7.666354872275931,0.8661010695472047,5.0,full
auto_mpg,outer_4,streed,4,314.0,3,0.008,0.001,0.1,0.8370909393175792,10.123427327432514,599.8944182395935,6.443390829944956,0.8952555070722621,6.99734083573461,0.8777859270111792,4.0,full
auto_mpg,outer_4,streed,4,314.0,3,0.008,0.001,0.001,0.7989311892287166,12.404395633827448,599.7283470630646,4.202631051150156,0.9316815524569306,8.036830869554047,0.8596304142461613,6.0,full
auto_mpg,outer_4,streed,4,314.0,3,0.008,0.0001,0.1,0.8206528183358799,11.047212955466373,599.4865448474884,6.408300810987743,0.8958259344046252,7.001849902475176,0.8777071726065161,4.0,full
auto_mpg,outer_4,streed,4,314.0,3,0.008,0.0001,0.001,0.7701342933084954,14.0890470497614,599.2228653430939,4.2127438127691175,0.9315171582558284,8.167209611683965,0.8573532467505488,6.0,full
auto_mpg,outer_4,streed,4,314.0,3,0.008,1e-05,0.1,0.8206466270267251,11.04749601823577,599.2419195175171,6.407676473361592,0.8958360837079645,7.001951803196461,0.8777053928301009,4.0,full
auto_mpg,outer_4,streed,4,314.0,3,0.008,1e-05,0.001,0.7698089042398429,14.108241399769286,599.2784357070923,4.214496653389242,0.9314886638796864,8.178697819385508,0.8571525961480546,6.0,full
auto_mpg,outer_4,streed,4,314.0,3,0.005,0.1,0.1,0.8271896612920783,10.67656556747611,599.5091745853424,6.5927772478970805,0.8928270645003842,8.404399567170527,0.8532105372252372,6.0,full
auto_mpg,outer_4,streed,4,314.0,3,0.005,0.1,0.001,0.8318896945051332,10.393609710928557,599.2714776992798,5.726073525897414,0.9069162986125752,7.791485738477836,0.8639155603410423,6.0,full
auto_mpg,outer_4,streed,4,314.0,3,0.005,0.01,0.1,0.8241844620172301,10.877227605250733,599.9915962219238,4.982693636277086,0.91900076650316,7.370390698536407,0.871270317120048,6.0,full
auto_mpg,outer_4,streed,4,314.0,3,0.005,0.01,0.001,0.8196612134753677,11.192882506903056,599.1060111522675,4.596042424525312,0.9252862125025888,7.548674004872128,0.8681564586522812,6.0,full
auto_mpg,outer_4,streed,4,314.0,3,0.005,0.001,0.1,0.8253901339212883,10.812486315412158,599.4375262260437,4.93342520635836,0.91980167969396,6.897965927037092,0.8795215881187234,6.0,full
auto_mpg,outer_4,streed,4,314.0,3,0.005,0.001,0.001,0.7968499190505778,12.544633987183756,599.3424663543701,4.202631051150156,0.9316815524569306,8.036830869554047,0.8596304142461613,6.0,full
auto_mpg,outer_4,streed,4,314.0,3,0.005,0.0001,0.1,0.8302837012442624,10.487311457516936,599.3127617835999,5.529396628477617,0.91011350058814,7.653167401740139,0.8663313991144552,6.0,full
auto_mpg,outer_4,streed,4,314.0,3,0.005,0.0001,0.001,0.7659122673872357,14.37353196154473,599.7931785583496,4.2127438127691175,0.9315171582558284,8.167209611683965,0.8573532467505488,6.0,full
auto_mpg,outer_4,streed,4,314.0,3,0.005,1e-05,0.1,0.8303002574925213,10.486272067133102,599.1262757778168,5.529069766657336,0.910118814091003,7.6519217393909456,0.866353155589213,6.0,full
auto_mpg,outer_4,streed,4,314.0,3,0.005,1e-05,0.001,0.7653937420107094,14.40574005579115,599.4561500549316,4.214496653389242,0.9314886638796864,8.178697819385508,0.8571525961480546,6.0,full
auto_mpg,outer_4,streed,4,314.0,3,0.003,0.1,0.1,0.8271896612920783,10.67656556747611,599.6244628429413,6.502779033769871,0.8942900856878226,8.343824218677934,0.8542685334320519,7.0,full
auto_mpg,outer_4,streed,4,314.0,3,0.003,0.1,0.001,0.8325540571452721,10.348844200105804,599.7708144187927,5.726073525897414,0.9069162986125752,7.791485738477836,0.8639155603410423,6.0,full
auto_mpg,outer_4,streed,4,314.0,3,0.003,0.01,0.1,0.8241844620172301,10.877227605250733,599.8855197429657,4.982693636277086,0.91900076650316,7.370390698536407,0.871270317120048,6.0,full
auto_mpg,outer_4,streed,4,314.0,3,0.003,0.01,0.001,0.8196612134753677,11.192882506903056,599.668163061142,4.17194707098023,0.9321803547224966,6.228582456767613,0.8912128980339472,7.0,full
auto_mpg,outer_4,streed,4,314.0,3,0.003,0.001,0.1,0.8253901339212883,10.812486315412158,599.5513684749603,4.774571768904488,0.9223840192097637,5.943263404905202,0.8961962201627388,8.0,full
auto_mpg,outer_4,streed,4,314.0,3,0.003,0.001,0.001,0.7968499190505778,12.544633987183756,599.1695110797882,4.04816202864767,0.9341926184254687,10.5836277839395,0.8151485987552154,7.0,full
auto_mpg,outer_4,streed,4,314.0,3,0.003,0.0001,0.1,0.8302837012442624,10.487311457516936,599.2590835094452,4.74671449981357,0.9228368701390786,5.891842951341466,0.8970943189137477,8.0,full
auto_mpg,outer_4,streed,4,314.0,3,0.003,0.0001,0.001,0.7659122673872357,14.37353196154473,599.852705001831,4.2127438127691175,0.9315171582558284,8.167209611683965,0.8573532467505488,6.0,full
auto_mpg,outer_4,streed,4,314.0,3,0.003,1e-05,0.1,0.8303002574925213,10.486272067133102,599.3148565292358,4.743198138863842,0.9228940325019324,5.893929407849526,0.8970578773062928,8.0,full
auto_mpg,outer_4,streed,4,314.0,3,0.003,1e-05,0.001,0.7653937420107094,14.40574005579115,599.9876890182495,4.214496653389242,0.9314886638796864,8.178697819385508,0.8571525961480546,6.0,full
auto_mpg,outer_4,streed,4,314.0,3,0.001,0.1,0.1,0.8271896612920783,10.67656556747611,599.4139227867126,6.432721342579734,0.8954289514703072,8.435020365598193,0.8526757208454343,8.0,full
auto_mpg,outer_4,streed,4,314.0,3,0.001,0.1,0.001,0.8325540571452721,10.348844200105804,599.351448059082,5.655996426892352,0.9080554798907026,6.894558889106886,0.8795810947215963,7.0,full
auto_mpg,outer_4,streed,4,314.0,3,0.001,0.01,0.1,0.8241844620172301,10.877227605250733,599.5660109519958,5.131043690324749,0.9165891711805838,5.856103832077834,0.897718530801203,8.0,full
auto_mpg,outer_4,streed,4,314.0,3,0.001,0.01,0.001,0.8196612134753677,11.192882506903056,599.7500064373016,4.17194707098023,0.9321803547224966,6.228582456767613,0.8912128980339472,7.0,full
auto_mpg,outer_4,streed,4,314.0,3,0.001,0.001,0.1,0.8259363257738112,10.775683286752546,599.0583064556122,4.774571768904488,0.9223840192097637,5.943263404905202,0.8961962201627388,8.0,full
auto_mpg,outer_4,streed,4,314.0,3,0.001,0.001,0.001,0.7968499190505778,12.544633987183756,599.5364809036255,4.04816202864767,0.9341926184254687,10.5836277839395,0.8151485987552154,7.0,full
auto_mpg,outer_4,streed,4,314.0,3,0.001,0.0001,0.1,0.8296917636880927,10.527196883752778,599.6110100746155,4.74671449981357,0.9228368701390786,5.891842951341466,0.8970943189137477,8.0,full
auto_mpg,outer_4,streed,4,314.0,3,0.001,0.0001,0.001,0.7659122673872357,14.37353196154473,599.7259359359741,4.0476338576244135,0.9342012044335926,10.702436440035497,0.8130735119317085,7.0,full
auto_mpg,outer_4,streed,4,314.0,3,0.001,1e-05,0.1,0.8297111001408144,10.525970160028008,599.304780960083,4.743198138863842,0.9228940325019324,5.893929407849526,0.8970578773062928,8.0,full
auto_mpg,outer_4,streed,4,314.0,3,0.001,1e-05,0.001,0.7653937420107094,14.40574005579115,599.6771800518036,4.047862034956724,0.9341974951569708,10.7119727246278,0.8129069532048199,7.0,full
auto_mpg,outer_4,streed,4,314.0,3,0.0005,0.1,0.1,0.8271896612920783,10.67656556747611,599.1027994155884,6.432721342579734,0.8954289514703072,8.435020365598193,0.8526757208454343,8.0,full
auto_mpg,outer_4,streed,4,314.0,3,0.0005,0.1,0.001,0.8325540571452721,10.348844200105804,599.4647076129913,5.707855954175286,0.9072124455269512,7.6459633685319295,0.866457223232644,8.0,full
auto_mpg,outer_4,streed,4,314.0,3,0.0005,0.01,0.1,0.8241844620172301,10.877227605250733,599.1965289115906,5.131043690324749,0.9165891711805838,5.856103832077834,0.897718530801203,8.0,full
auto_mpg,outer_4,streed,4,314.0,3,0.0005,0.01,0.001,0.8196612134753677,11.192882506903056,599.803551197052,4.17194707098023,0.9321803547224966,6.228582456767613,0.8912128980339472,7.0,full
auto_mpg,outer_4,streed,4,314.0,3,0.0005,0.001,0.1,0.8259363257738112,10.775683286752546,599.5289533138275,4.774571768904488,0.9223840192097637,5.943263404905202,0.8961962201627388,8.0,full
auto_mpg,outer_4,streed,4,314.0,3,0.0005,0.001,0.001,0.7968499190505778,12.544633987183756,599.5410444736481,3.99603501499763,0.9350400010779748,10.491063824689103,0.8167653012622864,8.0,full
auto_mpg,outer_4,streed,4,314.0,3,0.0005,0.0001,0.1,0.8296917636880927,10.527196883752778,599.6084370613098,4.74671449981357,0.9228368701390786,5.891842951341466,0.8970943189137477,8.0,full
auto_mpg,outer_4,streed,4,314.0,3,0.0005,0.0001,0.001,0.7659122673872357,14.37353196154473,599.3048362731934,3.995298315618173,0.9350519769467336,10.610061566456933,0.8146869119084839,8.0,full
auto_mpg,outer_4,streed,4,314.0,3,0.0005,1e-05,0.1,0.8297111001408144,10.525970160028008,599.7477135658264,4.743198138863842,0.9228940325019324,5.893929407849526,0.8970578773062928,8.0,full
auto_mpg,outer_4,streed,4,314.0,3,0.0005,1e-05,0.001,0.7653937420107094,14.40574005579115,599.4806749820709,3.995504874950518,0.9350486190947738,10.619616474790185,0.8145200279032804,8.0,full
auto_mpg,outer_4,streed,4,314.0,3,0.0001,0.1,0.1,0.8271896612920783,10.67656556747611,599.7980861663818,6.432721342579734,0.8954289514703072,8.435020365598193,0.8526757208454343,8.0,full
auto_mpg,outer_4,streed,4,314.0,3,0.0001,0.1,0.001,0.8325540571452721,10.348844200105804,599.7239487171173,5.707855954175286,0.9072124455269512,7.6459633685319295,0.866457223232644,8.0,full
auto_mpg,outer_4,streed,4,314.0,3,0.0001,0.01,0.1,0.8241844620172301,10.877227605250733,599.887195110321,5.131043690324749,0.9165891711805838,5.856103832077834,0.897718530801203,8.0,full
auto_mpg,outer_4,streed,4,314.0,3,0.0001,0.01,0.001,0.8196612134753677,11.192882506903056,599.746740102768,4.244720344836015,0.9309973441198662,6.82798057743415,0.880743937411878,8.0,full
auto_mpg,outer_4,streed,4,314.0,3,0.0001,0.001,0.1,0.8259363257738112,10.775683286752546,599.2665476799011,4.774571768904488,0.9223840192097637,5.943263404905202,0.8961962201627388,8.0,full
auto_mpg,outer_4,streed,4,314.0,3,0.0001,0.001,0.001,0.7968499190505778,12.544633987183756,599.5686964988708,3.99603501499763,0.9350400010779748,10.491063824689103,0.8167653012622864,8.0,full
auto_mpg,outer_4,streed,4,314.0,3,0.0001,0.0001,0.1,0.8296917636880927,10.527196883752778,599.6952049732208,4.74671449981357,0.9228368701390786,5.891842951341466,0.8970943189137477,8.0,full
auto_mpg,outer_4,streed,4,314.0,3,0.0001,0.0001,0.001,0.7659122673872357,14.37353196154473,599.3308272361755,3.995298315618173,0.9350519769467336,10.610061566456933,0.8146869119084839,8.0,full
auto_mpg,outer_4,streed,4,314.0,3,0.0001,1e-05,0.1,0.8297111001408144,10.525970160028008,599.8581278324127,4.743198138863842,0.9228940325019324,5.893929407849526,0.8970578773062928,8.0,full
auto_mpg,outer_4,streed,4,314.0,3,0.0001,1e-05,0.001,0.7653937420107094,14.40574005579115,599.873895406723,3.995504874950518,0.9350486190947738,10.619616474790185,0.8145200279032804,8.0,full
auto_mpg,mean,streed,4,,3,0.0001,1e-05,0.001,0.8157419830209678,11.128923627591398,599.5508866786956,3.6777046538258666,0.9394727978546239,11.232391335609744,0.8145600569558248,7.8,full
auto_mpg,mean,streed,4,,3,0.0001,1e-05,0.1,0.8365045281006569,9.903081347391785,599.7083562374115,4.589855295068086,0.9244996252160835,8.265890593963757,0.8646800427773906,7.8,full
auto_mpg,mean,streed,4,,3,0.0001,0.0001,0.001,0.8163031619476507,11.096121494054502,599.4120440006257,3.6827885486357808,0.9393893346070463,10.480344147936261,0.8272750240764568,8.0,full
auto_mpg,mean,streed,4,,3,0.0001,0.0001,0.1,0.8365299816575753,9.901606905884346,599.7191649913788,4.5913647309142736,0.9244741220239833,8.51266911730684,0.8608365810350659,7.8,full
auto_mpg,mean,streed,4,,3,0.0001,0.001,0.001,0.827514380470952,10.444971706256073,599.6775710582733,3.6946654263185925,0.9391932773785582,10.966041705175567,0.8192069025538679,8.0,full
auto_mpg,mean,streed,4,,3,0.0001,0.001,0.1,0.834540835522796,10.009098639911247,599.2293162822723,4.4618823256514775,0.9265695318893113,8.680883398077608,0.8578745981591892,7.8,full
auto_mpg,mean,streed,4,,3,0.0001,0.01,0.001,0.8393191909090207,9.748554140950073,599.4879946708679,3.9274021662400864,0.9353628945876767,9.1122207854488,0.8512511368039654,8.0,full
auto_mpg,mean,streed,4,,3,0.0001,0.01,0.1,0.8330621016656992,10.086848359490457,599.6391159534454,4.879052282875643,0.9197137162596938,8.661889705992227,0.8583670199735662,8.0,full
auto_mpg,mean,streed,4,,3,0.0001,0.1,0.001,0.8331302078220434,10.064257163916817,599.6806674003601,5.319008877039573,0.9124916478980696,9.15933117179344,0.8487243286404116,8.0,full
auto_mpg,mean,streed,4,,3,0.0001,0.1,0.1,0.827679648555101,10.400015274319864,599.6336650371552,5.860065741626843,0.9035888865090895,9.777825557580385,0.8384465942500869,8.0,full
auto_mpg,mean,streed,4,,3,0.0005,1e-05,0.001,0.8157419830209678,11.128923627591398,599.4654030323029,3.6777046538258666,0.9394727978546239,11.232391335609744,0.8145600569558248,7.8,full
auto_mpg,mean,streed,4,,3,0.0005,1e-05,0.1,0.8365045281006569,9.903081347391785,599.4613912582397,4.589855295068086,0.9244996252160835,8.265890593963757,0.8646800427773906,7.8,full
auto_mpg,mean,streed,4,,3,0.0005,0.0001,0.001,0.8163031619476507,11.096121494054502,599.3518933296203,3.678072064811437,0.9394665424460593,11.17113341286355,0.8155864308880272,7.8,full
auto_mpg,mean,streed,4,,3,0.0005,0.0001,0.1,0.8365299816575753,9.901606905884346,599.4137232303619,4.5913647309142736,0.9244741220239833,8.51266911730684,0.8608365810350659,7.8,full
auto_mpg,mean,streed,4,,3,0.0005,0.001,0.001,0.827514380470952,10.444971706256073,599.6889325141907,3.6946654263185925,0.9391932773785582,10.966041705175567,0.8192069025538679,8.0,full
auto_mpg,mean,streed,4,,3,0.0005,0.001,0.1,0.834540835522796,10.009098639911247,599.5485776424408,4.484029671310705,0.9262069845421973,8.617824081859686,0.8589416018482077,7.6,full
auto_mpg,mean,streed,4,,3,0.0005,0.01,0.001,0.8393191909090207,9.748554140950073,599.5270641326904,3.9128475114689296,0.9355994967082027,8.992341161315492,0.8533449289283791,7.8,full
auto_mpg,mean,streed,4,,3,0.0005,0.01,0.1,0.8330621016656992,10.086848359490457,599.5131621360779,4.879052282875643,0.9197137162596938,8.661889705992227,0.8583670199735662,8.0,full
auto_mpg,mean,streed,4,,3,0.0005,0.1,0.001,0.8331302078220434,10.064257163916817,599.3227170944214,5.279224847975014,0.9131349171104401,9.108485014495614,0.8496338882502845,7.8,full
auto_mpg,mean,streed,4,,3,0.0005,0.1,0.1,0.827679648555101,10.400015274319864,599.5274512767792,5.860065741626843,0.9035888865090895,9.777825557580385,0.8384465942500869,8.0,full
auto_mpg,mean,streed,4,,3,0.001,1e-05,0.001,0.8157419830209678,11.128923627591398,599.8160524368286,3.688176085827108,0.9393025730670633,11.250862585577266,0.8142374420161327,7.6,full
auto_mpg,mean,streed,4,,3,0.001,1e-05,0.1,0.8365045281006569,9.903081347391785,599.5208438396454,4.589855295068086,0.9244996252160835,8.265890593963757,0.8646800427773906,7.8,full
auto_mpg,mean,streed,4,,3,0.001,0.0001,0.001,0.8163031619476507,11.096121494054502,599.3008730888366,3.6885391732126847,0.9392963879434311,11.189608387579263,0.8152637508926721,7.6,full
auto_mpg,mean,streed,4,,3,0.001,0.0001,0.1,0.8365299816575753,9.901606905884346,599.7698619365692,4.465689240279225,0.9265061729694496,8.618150722565478,0.8589496772290248,7.6,full
auto_mpg,mean,streed,4,,3,0.001,0.001,0.001,0.827514380470952,10.444971706256073,599.374761390686,3.7050908290486007,0.9390238008480571,10.984554497025645,0.8188835620524536,7.8,full
auto_mpg,mean,streed,4,,3,0.001,0.001,0.1,0.834540835522796,10.009098639911247,599.2878882884979,4.484029671310705,0.9262069845421973,8.617824081859686,0.8589416018482077,7.6,full
auto_mpg,mean,streed,4,,3,0.001,0.01,0.001,0.8393191909090207,9.748554140950073,599.5993541717529,3.9128475114689296,0.9355994967082027,8.992341161315492,0.8533449289283791,7.8,full
auto_mpg,mean,streed,4,,3,0.001,0.01,0.1,0.8330621016656992,10.086848359490457,599.4420481681824,4.792139392275287,0.9211190135107747,8.701438067577826,0.8576595605656857,7.8,full
auto_mpg,mean,streed,4,,3,0.001,0.1,0.001,0.8331302078220434,10.064257163916817,599.5337970256805,5.268852942518427,0.9133035239831905,8.958204118610604,0.852258662548075,7.6,full
auto_mpg,mean,streed,4,,3,0.001,0.1,0.1,0.827679648555101,10.400015274319864,599.4552237033844,5.860065741626843,0.9035888865090895,9.777825557580385,0.8384465942500869,8.0,full
auto_mpg,mean,streed,4,,3,0.003,1e-05,0.001,0.8157419830209678,11.128923627591398,599.6446227550507,3.760945242854003,0.9381208992346981,10.500657845400433,0.8273935763999237,7.2,full
auto_mpg,mean,streed,4,,3,0.003,1e-05,0.1,0.8366223595709983,9.895141728812803,599.3793386936188,4.486077732790136,0.9261597174211843,8.502065490637769,0.8608263437856685,7.2,full
auto_mpg,mean,streed,4,,3,0.003,0.0001,0.001,0.8163031619476507,11.096121494054502,599.5595337867737,3.7617951778137226,0.9381067414323077,10.461625464600838,0.8280778456906779,7.2,full
auto_mpg,mean,streed,4,,3,0.003,0.0001,0.1,0.8366483691688094,9.893629820637177,599.5209973335266,4.488690384496762,0.9261168586593993,8.500999736198661,0.8608451812909885,7.2,full
auto_mpg,mean,streed,4,,3,0.003,0.001,0.001,0.827514380470952,10.444971706256073,599.3029990673065,3.7774153009115823,0.9378490329137856,10.41250623578954,0.8287646052750908,7.4,full
auto_mpg,mean,streed,4,,3,0.003,0.001,0.1,0.8344315971522913,10.016459245643171,599.6683559417725,4.515686902450298,0.9256733648409741,8.534447782279074,0.8603075030555896,7.2,full
auto_mpg,mean,streed,4,,3,0.003,0.01,0.001,0.8393191909090207,9.748554140950073,599.647941160202,4.012310551251658,0.9339456276741764,8.983899173785497,0.8529767920844818,7.0,full
auto_mpg,mean,streed,4,,3,0.003,0.01,0.1,0.8330621016656992,10.086848359490457,599.7989316940308,4.815742348729516,0.9207028253204707,9.68055419593523,0.8420607646442189,6.8,full
auto_mpg,mean,streed,4,,3,0.003,0.1,0.001,0.8331302078220434,10.064257163916817,599.5838465690613,5.345841393554577,0.9120505142414237,10.333397839522084,0.8301230452537135,6.8,full
auto_mpg,mean,streed,4,,3,0.003,0.1,0.1,0.8276440627738106,10.402416131462875,599.676964378357,5.902553865133962,0.9028882521658461,9.740874527882486,0.8390392612469663,7.4,full
auto_mpg,mean,streed,4,,3,0.005,1e-05,0.001,0.8155728507206147,11.138576955880472,599.479282951355,3.976392337819133,0.9345037630725095,11.352433441432407,0.8143483768346209,6.2,full
auto_mpg,mean,streed,4,,3,0.005,1e-05,0.1,0.8386788902034628,9.77413311553395,599.374859380722,4.74337687108853,0.92191447369706,9.369942578039836,0.8468247257557875,6.6,full
auto_mpg,mean,streed,4,,3,0.005,0.0001,0.001,0.8153497430381261,11.150538454690869,599.6618657112122,3.975679910673051,0.9345157423457284,11.3048384091647,0.8151665937783479,6.2,full
auto_mpg,mean,streed,4,,3,0.005,0.0001,0.1,0.8387056885430297,9.772577130604612,599.5192118167877,4.745244978266404,0.9218837849691293,9.367790616619544,0.8468586085738418,6.6,full
auto_mpg,mean,streed,4,,3,0.005,0.001,0.001,0.8244203008817387,10.621036559235709,599.4652613162995,4.084901925466239,0.9327418362190031,11.40747877212922,0.8120889247127959,6.0,full
auto_mpg,mean,streed,4,,3,0.005,0.001,0.1,0.8342133254612104,10.0252895703772,599.5026379585266,4.679886688907094,0.9229213704733776,9.007653823782762,0.8526749025048691,6.4,full
auto_mpg,mean,streed,4,,3,0.005,0.01,0.001,0.8386751033622929,9.783509440972647,599.4389311313629,4.293265486458418,0.9293456373064004,9.454526678270186,0.8433698608911078,6.2,full
auto_mpg,mean,streed,4,,3,0.005,0.01,0.1,0.8332468833086821,10.074690180296082,599.6739040851593,4.877783217129002,0.9196729582259954,9.456786233862866,0.845790180336025,6.4,full
auto_mpg,mean,streed,4,,3,0.005,0.1,0.001,0.8320800743327649,10.118034069044182,599.427482509613,5.5059668823834675,0.9094018738607448,10.505722047084884,0.8271797787393032,5.8,full
auto_mpg,mean,streed,4,,3,0.005,0.1,0.1,0.8270723453617872,10.435882500291708,599.6907085895539,6.214547793517371,0.8977459181328653,10.453133470000932,0.8271555099191031,6.2,full
auto_mpg,mean,streed,4,,3,0.008,1e-05,0.001,0.8129844707772392,11.273291459882527,599.370570230484,4.29078786865451,0.9293863367957422,11.562521006405913,0.8099642272658292,5.4,full
auto_mpg,mean,streed,4,,3,0.008,1e-05,0.1,0.8366532003475754,9.857047621456285,599.6101223945618,5.550688527503199,0.9086380465066698,8.79611381623047,0.8547501672712418,4.6,full
auto_mpg,mean,streed,4,,3,0.008,0.0001,0.001,0.8127104743935328,11.288669969866755,599.748167181015,4.289742194946774,0.9294037154496598,11.557964271180005,0.8100538449221885,5.4,full
auto_mpg,mean,streed,4,,3,0.008,0.0001,0.1,0.8366779688012489,9.855650912521806,599.5494138240814,5.551753603207142,0.9086205659238334,8.794876747635312,0.8547706945255475,4.6,full
auto_mpg,mean,streed,4,,3,0.008,0.001,0.001,0.8223138998738472,10.724526902054325,599.441708278656,4.292151697167435,0.9293645737066832,11.199026969605162,0.8157678781595351,5.4,full
auto_mpg,mean,streed,4,,3,0.008,0.001,0.1,0.8395309238137749,9.702687862289201,599.4242126941681,5.733691421165796,0.9056410402532482,8.945230040927095,0.8522606985474972,4.4,full
auto_mpg,mean,streed,4,,3,0.008,0.01,0.001,0.8356834546582285,9.959398913251581,599.4420840740204,4.836977841677369,0.9203401978728586,9.289771716344386,0.8462220432403045,4.8,full
auto_mpg,mean,streed,4,,3,0.008,0.01,0.1,0.8353656099931179,9.94544223351616,599.7038632392884,5.6900676746353485,0.9063297588226439,9.138675379982228,0.8488130351766655,4.4,full
auto_mpg,mean,streed,4,,3,0.008,0.1,0.001,0.8361956511390188,9.857840715927695,599.3641616344452,5.848272187450575,0.9036880679401792,9.442601346566775,0.8440073216205113,4.6,full
auto_mpg,mean,streed,4,,3,0.008,0.1,0.1,0.8247505023729792,10.581333448796386,599.3731959819794,6.428130872665477,0.8942037134205393,9.538958798841033,0.8423473551569696,5.2,full
auto_mpg,mean,streed,4,,3,0.01,1e-05,0.001,0.8184854483261688,10.85486296179171,599.6394190311432,4.758314914624345,0.92169393216015,10.224413489623068,0.8312498906778132,4.6,full
auto_mpg,mean,streed,4,,3,0.01,1e-05,0.1,0.8430486160444024,9.470699480684512,599.7894898414612,5.839640401540123,0.9039331494091863,8.572273333706708,0.8588808405606448,4.2,full
auto_mpg,mean,streed,4,,3,0.01,0.0001,0.001,0.8183055506266127,10.866171307442048,599.3761591434479,4.757676234442542,0.9217045978366644,10.209600477422049,0.8314993612344311,4.6,full
auto_mpg,mean,streed,4,,3,0.01,0.0001,0.1,0.8430765138477915,9.469165071286962,599.2940707206726,5.840549136383795,0.9039182270874647,8.571560308739102,0.8588921997348564,4.2,full
auto_mpg,mean,streed,4,,3,0.01,0.001,0.001,0.8230866929600786,10.603632890267823,599.5702457904815,4.763715753001979,0.9215337119116151,9.978375659568632,0.8349581924318483,4.6,full
auto_mpg,mean,streed,4,,3,0.01,0.001,0.1,0.8445074562566791,9.394313690613847,599.4638408660888,5.858748572449867,0.90361898725612,8.594069197702245,0.8585424263424896,4.2,full
auto_mpg,mean,streed,4,,3,0.01,0.01,0.001,0.8373962261505759,9.833554229260516,599.4146868228912,5.1310763835171525,0.9154502019367664,9.781615900997288,0.8388130425244545,4.2,full
auto_mpg,mean,streed,4,,3,0.01,0.01,0.1,0.8381187369543337,9.766930389288685,599.5396207809448,5.9407067980276995,0.9022679347341068,9.68576036925832,0.8391524408104409,4.0,full
auto_mpg,mean,streed,4,,3,0.01,0.1,0.001,0.835207814559354,9.929701827635325,600.0047059059143,6.290226676600077,0.8965124069129639,9.212490015181213,0.8479840651025412,3.8,full
auto_mpg,mean,streed,4,,3,0.01,0.1,0.1,0.8264753062987188,10.464966527086142,599.5465721130371,6.569084276194259,0.8918880435577672,9.293359254792525,0.8465361577901968,4.6,full
auto_mpg,mean,streed,4,,3,0.03,1e-05,0.001,0.8359123920165844,9.912266195396693,599.5981746196746,7.7093713650141185,0.8731321327787265,9.68731797624951,0.8400364999901413,2.0,full
auto_mpg,mean,streed,4,,3,0.03,1e-05,0.1,0.8487184090349894,9.154846432459005,599.650210094452,7.826473219664033,0.8712051800166118,8.672885804868296,0.8570482422411108,2.0,full
auto_mpg,mean,streed,4,,3,0.03,0.0001,0.001,0.8360576736504018,9.903664381490625,599.3426117897034,7.707926234227253,0.8731560612067846,9.679419075257512,0.8401690417219744,2.0,full
auto_mpg,mean,streed,4,,3,0.03,0.0001,0.1,0.8468708723993501,9.257539426000235,599.4380939483642,7.826615324752277,0.8712028860891117,8.672494973006142,0.8570539971130391,2.0,full
auto_mpg,mean,streed,4,,3,0.03,0.001,0.001,0.8390673384069312,9.726281312545044,599.5833714962006,7.70270737033199,0.8732418386528249,9.529832972734885,0.8425830976792437,2.0,full
auto_mpg,mean,streed,4,,3,0.03,0.001,0.1,0.8490413981462895,9.135731332063198,599.5654544353486,7.840722202395014,0.8709694609019223,8.629415871505918,0.8576865041403691,2.0,full
auto_mpg,mean,streed,4,,3,0.03,0.01,0.001,0.8353021721714621,9.959810131101856,599.5364759922028,7.656424366680708,0.8740060609021514,8.82189973577413,0.8545302704353744,2.0,full
auto_mpg,mean,streed,4,,3,0.03,0.01,0.1,0.8454259523695151,9.35032939062733,599.6033327102662,7.83912401398087,0.8709969125212214,8.407243507429188,0.8616236942652089,2.0,full
auto_mpg,mean,streed,4,,3,0.03,0.1,0.001,0.837196149460181,9.852099094578422,599.5675088405609,7.546214446687998,0.8758568860978834,10.90855450441381,0.81924238753962,2.4,full
auto_mpg,mean,streed,4,,3,0.03,0.1,0.1,0.836360078008541,9.93155324224241,599.554316663742,7.193830103121208,0.8815792965038378,9.509613821570063,0.8430208912875721,3.0,full
auto_mpg,mean,streed,4,,3,0.05,1e-05,0.001,0.8325840513012179,10.126802531107971,76.16627311706543,7.7093713650141185,0.8731321327787265,9.68731797624951,0.8400364999901413,2.0,full
auto_mpg,mean,streed,4,,3,0.05,1e-05,0.1,0.8440141427862013,9.436443703328148,495.0797794342041,7.826473219664033,0.8712051800166118,8.672885804868296,0.8570482422411108,2.0,full
auto_mpg,mean,streed,4,,3,0.05,0.0001,0.001,0.8271942219762906,10.432889182751648,75.93855042457581,7.707926234227253,0.8731560612067846,9.679419075257512,0.8401690417219744,2.0,full
auto_mpg,mean,streed,4,,3,0.05,0.0001,0.1,0.8421752218236452,9.53864022461385,495.12669110298157,7.826615324752277,0.8712028860891117,8.672494973006142,0.8570539971130391,2.0,full
auto_mpg,mean,streed,4,,3,0.05,0.001,0.001,0.8361900715431624,9.914548852895297,75.603590965271,7.70270737033199,0.8732418386528249,9.529832972734885,0.8425830976792437,2.0,full
auto_mpg,mean,streed,4,,3,0.05,0.001,0.1,0.8443785286119858,9.415394003573748,494.7760851383209,7.840722202395014,0.8709694609019223,8.629415871505918,0.8576865041403691,2.0,full
auto_mpg,mean,streed,4,,3,0.05,0.01,0.001,0.8366396360903912,9.867999466569232,75.42588577270507,7.656424366680708,0.8740060609021514,8.82189973577413,0.8545302704353744,2.0,full
auto_mpg,mean,streed,4,,3,0.05,0.01,0.1,0.8420020623256151,9.56074174151263,494.9680106163025,7.83912401398087,0.8709969125212214,8.407243507429188,0.8616236942652089,2.0,full
auto_mpg,mean,streed,4,,3,0.05,0.1,0.001,0.8261825117674568,10.546346981878223,494.5075361728668,8.271924045212376,0.8638727687802051,10.187280279856477,0.8312935912650442,2.0,full
auto_mpg,mean,streed,4,,3,0.05,0.1,0.1,0.8239041987807258,10.702148490322823,599.7270815849304,8.601211394987848,0.8584579578451071,10.564613650463688,0.8251744005474295,2.0,full
auto_mpg,mean,streed,4,,3,0.08,1e-05,0.001,0.8222203427016412,10.801939336816172,1.422689151763916,8.663109134447568,0.8577111169043411,10.964187778221476,0.8171952616220647,1.8,full
auto_mpg,mean,streed,4,,3,0.08,1e-05,0.1,0.815538949863025,11.290788820100968,12.330365705490113,10.558101503986169,0.8265270086514311,11.15203729110635,0.8152382433428708,1.4,full
auto_mpg,mean,streed,4,,3,0.08,0.0001,0.001,0.8168239597217051,11.108449243946875,1.4228005886077881,8.661809683375447,0.8577326898325273,10.955491953562088,0.8173420590935356,1.8,full
auto_mpg,mean,streed,4,,3,0.08,0.0001,0.1,0.8136611131287717,11.39522613040988,12.368834400177,10.55797999997441,0.8265290193846548,11.151187128501562,0.8152519315309161,1.4,full
auto_mpg,mean,streed,4,,3,0.08,0.001,0.001,0.8243761935005887,10.67439298871579,1.4184959411621094,9.585742567363452,0.8423309813476486,11.715732650109695,0.805483375568049,1.6,full
auto_mpg,mean,streed,4,,3,0.08,0.001,0.1,0.8158544837313286,11.272353791952932,12.460952472686769,10.568031603867128,0.8263617208895978,11.105866530090976,0.8159225875088643,1.4,full
auto_mpg,mean,streed,4,,3,0.08,0.01,0.001,0.8161131586091008,11.211853331168495,1.4386834144592284,9.547901605717941,0.8429591091036487,11.050734076590794,0.8168257862482837,1.6,full
auto_mpg,mean,streed,4,,3,0.08,0.01,0.1,0.8139420855286765,11.370646649063056,37.08466629981994,10.551941232141727,0.8266278926556014,11.130887623232478,0.815576861070593,1.4,full
auto_mpg,mean,streed,4,,3,0.08,0.1,0.001,0.7918033797514106,12.72523853334547,11.632748413085938,12.505450101027304,0.7941506583137472,12.820040408901045,0.7884065227602643,1.0,full
auto_mpg,mean,streed,4,,3,0.08,0.1,0.1,0.7909046150403135,12.776204712838709,64.60333604812622,12.480123185986047,0.7945665881534556,12.796803070295098,0.7888072396537902,1.0,full
auto_mpg,mean,streed,4,,3,0.1,1e-05,0.001,0.7803180117354722,13.440343107375105,1.1654868602752686,12.970200962741519,0.7864730244049543,13.449367514338153,0.7782824818872165,1.0,full
auto_mpg,mean,streed,4,,3,0.1,1e-05,0.1,0.7828825919446272,13.280307251100178,1.3816973686218261,12.709569514214355,0.7907750443009441,13.203593040055818,0.7823125275628318,1.0,full
auto_mpg,mean,streed,4,,3,0.1,0.0001,0.001,0.780360903904272,13.437866359442348,1.1658300876617431,12.969666952796581,0.7864818070973576,13.448760878633937,0.7782922312903993,1.0,full
auto_mpg,mean,streed,4,,3,0.1,0.0001,0.1,0.7810203014499727,13.383812567166567,1.3798064708709716,12.709225898694656,0.7907806941152824,13.203172247065364,0.782319228756996,1.0,full
auto_mpg,mean,streed,4,,3,0.1,0.001,0.001,0.7809857616747208,13.402283477292281,1.171775484085083,12.901050389820032,0.7876243472230315,13.392315931584946,0.7791795677016123,1.0,full
auto_mpg,mean,streed,4,,3,0.1,0.001,0.1,0.7836472136821545,13.236774560214348,1.3747951984405518,12.705816505731587,0.7908367519349628,13.198996008796456,0.7823857397114244,1.0,full
auto_mpg,mean,streed,4,,3,0.1,0.01,0.001,0.7807557454666113,13.4003163218841,1.2100583553314208,12.786428204592166,0.7895045335017217,13.254916094402736,0.7814569542063092,1.0,full
auto_mpg,mean,streed,4,,3,0.1,0.01,0.1,0.781873986487863,13.323569613289987,1.398754596710205,12.548828067404376,0.7934392274836428,12.97571770730409,0.7859499002880906,1.0,full
auto_mpg,mean,streed,4,,3,0.1,0.1,0.001,0.788029404906677,12.941734391939326,1.3493103981018066,12.505450101027304,0.7941506583137472,12.820040408901045,0.7884065227602643,1.0,full
auto_mpg,mean,streed,4,,3,0.1,0.1,0.1,0.7885045379164412,12.914819913741406,1.443913459777832,12.480123185986047,0.7945665881534556,12.796803070295098,0.7888072396537902,1.0,full
auto_mpg,std,streed,4,,3,0.0001,1e-05,0.001,0.03472708679802255,2.2014876207378227,0.33078427968705565,0.2179906252412788,0.0028093370470370278,2.752608890561289,0.040916435382502926,0.44721359549995787,full
auto_mpg,std,streed,4,,3,0.0001,1e-05,0.1,0.006368122461807668,0.4599595956713628,0.3843352397975774,0.4413333704087777,0.006152272138537347,2.94874642147558,0.040291329057023866,0.44721359549995787,full
auto_mpg,std,streed,4,,3,0.0001,0.0001,0.001,0.03476716233425568,2.2038766902372884,0.324553250236745,0.2138098052965791,0.0027160308511945874,2.55026928708206,0.03502463846742091,0.0,full
auto_mpg,std,streed,4,,3,0.0001,0.0001,0.1,0.006387295205409517,0.461380941165971,0.3705400765592773,0.4378860443837951,0.006096983761774044,2.9595655201671196,0.039753391516845864,0.44721359549995787,full
auto_mpg,std,streed,4,,3,0.0001,0.001,0.001,0.022698679493555404,1.5119786418008776,0.18089074065900315,0.20414183778313016,0.0025238720802795854,2.3691191203077704,0.03218850276084665,0.0,full
auto_mpg,std,streed,4,,3,0.0001,0.001,0.1,0.011072759073062863,0.6619272163661094,0.13095933134659699,0.2857141317674626,0.003842295734104101,2.8464776609230964,0.038021675030015585,0.44721359549995787,full
auto_mpg,std,streed,4,,3,0.0001,0.01,0.001,0.016836889145798922,1.1943319885688128,0.2845492126642162,0.22022277386506536,0.002757472778493533,3.182346249725711,0.0432138055148613,0.0,full
auto_mpg,std,streed,4,,3,0.0001,0.01,0.1,0.011179112712402172,0.665685261277513,0.308720257452568,0.3576417266964981,0.004813307834479248,3.499063747113185,0.048990652366859976,0.0,full
auto_mpg,std,streed,4,,3,0.0001,0.1,0.001,0.010868482480818122,0.5021369566953129,0.1532674274221354,0.4381980122652897,0.005884575064871862,2.098008929213231,0.02856174001728192,0.0,full
auto_mpg,std,streed,4,,3,0.0001,0.1,0.1,0.00722012664984377,0.3712602637313623,0.3872113240301009,0.49444887342874994,0.006740407749127984,2.2159322624253295,0.029928543598420038,0.0,full
auto_mpg,std,streed,4,,3,0.0005,1e-05,0.001,0.03472708679802255,2.2014876207378227,0.3112342025837152,0.2179906252412788,0.0028093370470370278,2.752608890561289,0.040916435382502926,0.44721359549995787,full
auto_mpg,std,streed,4,,3,0.0005,1e-05,0.1,0.006368122461807668,0.4599595956713628,0.26947619203219747,0.4413333704087777,0.006152272138537347,2.94874642147558,0.040291329057023866,0.44721359549995787,full
auto_mpg,std,streed,4,,3,0.0005,0.0001,0.001,0.03476716233425568,2.2038766902372884,0.18882632685663034,0.21703355848956507,0.002794922626698757,2.6989616419144467,0.039810543334163465,0.44721359549995787,full
auto_mpg,std,streed,4,,3,0.0005,0.0001,0.1,0.006387295205409517,0.461380941165971,0.3497914020857372,0.4378860443837951,0.006096983761774044,2.9595655201671196,0.039753391516845864,0.44721359549995787,full
auto_mpg,std,streed,4,,3,0.0005,0.001,0.001,0.022698679493555404,1.5119786418008776,0.12436569438058657,0.20414183778313016,0.0025238720802795854,2.3691191203077704,0.03218850276084665,0.0,full
auto_mpg,std,streed,4,,3,0.0005,0.001,0.1,0.011072759073062863,0.6619272163661094,0.3133529741681439,0.2781160243405912,0.00364161973757573,2.8279479438508,0.037454568223758554,0.5477225575051663,full
auto_mpg,std,streed,4,,3,0.0005,0.01,0.001,0.016836889145798922,1.1943319885688128,0.20512894290588124,0.19496440354888214,0.002302457968443951,3.299055610090935,0.0452076575203464,0.44721359549995787,full
auto_mpg,std,streed,4,,3,0.0005,0.01,0.1,0.011179112712402172,0.665685261277513,0.2767052985960688,0.3576417266964981,0.004813307834479248,3.499063747113185,0.048990652366859976,0.0,full
auto_mpg,std,streed,4,,3,0.0005,0.1,0.001,0.010868482480818122,0.5021369566953129,0.18989674743829246,0.38131000255277525,0.004986027267849311,2.1360635294373114,0.02896115251251502,0.44721359549995787,full
auto_mpg,std,streed,4,,3,0.0005,0.1,0.1,0.00722012664984377,0.3712602637313623,0.25485144721361713,0.49444887342874994,0.006740407749127984,2.2159322624253295,0.029928543598420038,0.0,full
auto_mpg,std,streed,4,,3,0.001,1e-05,0.001,0.03472708679802255,2.2014876207378227,0.1895213369288266,0.2374609981609237,0.0031496062069993583,2.7477745259944153,0.040923188675041335,0.547722557505166,full
auto_mpg,std,streed,4,,3,0.001,1e-05,0.1,0.006368122461807668,0.4599595956713628,0.20130007232966193,0.4413333704087777,0.006152272138537347,2.94874642147558,0.040291329057023866,0.44721359549995787,full
auto_mpg,std,streed,4,,3,0.001,0.0001,0.001,0.03476716233425568,2.2038766902372884,0.29979503174649264,0.2365427470656202,0.0031359608982255167,2.6944732504775595,0.039826192567312665,0.547722557505166,full
auto_mpg,std,streed,4,,3,0.001,0.0001,0.1,0.006387295205409517,0.461380941165971,0.12209931701953981,0.27577025651679515,0.003670039870390997,2.8371769198022485,0.03761882617720347,0.5477225575051663,full
auto_mpg,std,streed,4,,3,0.001,0.001,0.001,0.022698679493555404,1.5119786418008776,0.28484000724824815,0.22376792302579399,0.0028763255889516157,2.364837437738838,0.03222725751361711,0.44721359549995787,full
auto_mpg,std,streed,4,,3,0.001,0.001,0.1,0.011072759073062863,0.6619272163661094,0.25815109338189024,0.2781160243405912,0.00364161973757573,2.8279479438508,0.037454568223758554,0.5477225575051663,full
auto_mpg,std,streed,4,,3,0.001,0.01,0.001,0.016836889145798922,1.1943319885688128,0.1590662567150524,0.19496440354888214,0.002302457968443951,3.299055610090935,0.0452076575203464,0.44721359549995787,full
auto_mpg,std,streed,4,,3,0.001,0.01,0.1,0.011179112712402172,0.665685261277513,0.3425447364139532,0.24454230639832306,0.0032045840546657185,3.4600526632196527,0.04834004293896882,0.44721359549995787,full
auto_mpg,std,streed,4,,3,0.001,0.1,0.001,0.010868482480818122,0.5021369566953129,0.27200596850361825,0.3671796520610117,0.004744068483044798,2.285861281475494,0.031362225663796595,0.547722557505166,full
auto_mpg,std,streed,4,,3,0.001,0.1,0.1,0.00722012664984377,0.3712602637313623,0.2202162874917308,0.49444887342874994,0.006740407749127984,2.2159322624253295,0.029928543598420038,0.0,full
auto_mpg,std,streed,4,,3,0.003,1e-05,0.001,0.03472708679802255,2.2014876207378227,0.35107797226415355,0.3222547774614568,0.004474519647648092,3.387094516811651,0.050343573562458506,0.8366600265340757,full
auto_mpg,std,streed,4,,3,0.003,1e-05,0.1,0.0062145962019005754,0.44667020092283655,0.24832850820360827,0.21874963619838028,0.002740178485216509,3.1070199178125506,0.042396051123025726,0.44721359549995787,full
auto_mpg,std,streed,4,,3,0.003,0.0001,0.001,0.03476716233425568,2.2038766902372884,0.2872367075282677,0.3209735247404645,0.004452524776502902,3.3691734348930233,0.049750083765933394,0.8366600265340757,full
auto_mpg,std,streed,4,,3,0.003,0.0001,0.1,0.006232472947267607,0.4480118088380301,0.3303618084061688,0.21931317953336943,0.002746567389116905,3.108216586502325,0.04241471479462343,0.44721359549995787,full
auto_mpg,std,streed,4,,3,0.003,0.001,0.001,0.022698679493555404,1.5119786418008776,0.11911923466708954,0.2582988005675368,0.0032058895512669023,2.7298096449600187,0.037732563188934407,0.5477225575051663,full
auto_mpg,std,streed,4,,3,0.003,0.001,0.1,0.01118103372492779,0.6726996734901464,0.3270751959208311,0.22395101745547297,0.0028103685741158266,3.09549471597756,0.04209978254003356,0.44721359549995787,full
auto_mpg,std,streed,4,,3,0.003,0.01,0.001,0.016836889145798922,1.1943319885688128,0.22806290112451094,0.18603896013839552,0.002651224415922034,2.798336793373981,0.03708819818945344,0.7071067811865476,full
auto_mpg,std,streed,4,,3,0.003,0.01,0.1,0.011179112712402172,0.665685261277513,0.1792827834164756,0.15309874884155777,0.0024216809802718327,4.431347373215265,0.06199868938604057,0.8366600265340755,full
auto_mpg,std,streed,4,,3,0.003,0.1,0.001,0.010868482480818122,0.5021369566953129,0.369281163940066,0.4518708817628194,0.00612752146160496,3.810117543479433,0.053263420549688065,1.0954451150103321,full
auto_mpg,std,streed,4,,3,0.003,0.1,0.1,0.007173036614729581,0.37034298862233267,0.19313442883816073,0.5091603449162232,0.0070246083053523214,2.1813660102273804,0.029500649052057525,0.5477225575051662,full
auto_mpg,std,streed,4,,3,0.005,1e-05,0.001,0.03452563290732854,2.1894360394115,0.03553340453736207,0.2532254582203008,0.004500670205332382,3.9398690316479366,0.055783621114509734,0.8366600265340757,full
auto_mpg,std,streed,4,,3,0.005,1e-05,0.1,0.006464402103132564,0.5105826767025465,0.24380175714915708,0.448191766490187,0.00700169028338545,3.9172406801628674,0.05413564958032889,0.5477225575051661,full
auto_mpg,std,streed,4,,3,0.005,0.0001,0.001,0.03365288920507611,2.136975313571615,0.37812714349307164,0.25190079008364263,0.004475916396661904,3.9278105841817674,0.055350637373723546,0.8366600265340757,full
auto_mpg,std,streed,4,,3,0.005,0.0001,0.1,0.006468739827065197,0.5112788922062808,0.33022173965150603,0.44716202626804435,0.006983078670778917,3.9143000898844376,0.054092274325711134,0.5477225575051661,full
auto_mpg,std,streed,4,,3,0.005,0.001,0.001,0.024493534792861336,1.5739193121721635,0.3089153360198131,0.21270787202893696,0.0033101010135064136,2.585039957431067,0.03352529659481893,0.7071067811865475,full
auto_mpg,std,streed,4,,3,0.005,0.001,0.1,0.010190713047850694,0.5962466229847169,0.298267857754328,0.19847576290233784,0.0037225621278431076,3.510532917027549,0.04795317989340466,0.8944271909999159,full
auto_mpg,std,streed,4,,3,0.005,0.01,0.001,0.01759386566501553,1.2238824745699395,0.3342847974703092,0.23990101079306556,0.002889995871075694,1.4484437229266454,0.021263326219089593,0.44721359549995804,full
auto_mpg,std,streed,4,,3,0.005,0.01,0.1,0.011118325042191594,0.6670557148542803,0.36685935422191723,0.1419132234027297,0.0025869584888828802,4.46601495824767,0.06238052556828644,0.5477225575051663,full
auto_mpg,std,streed,4,,3,0.005,0.1,0.001,0.00930910599363111,0.4313087082968089,0.3230181024182162,0.35418427315310685,0.004426283406060658,3.695827369657155,0.05160643447493458,0.8366600265340753,full
auto_mpg,std,streed,4,,3,0.005,0.1,0.1,0.007447150883353544,0.3722517007777606,0.23979954866155134,0.40663923816559155,0.005041665954446553,2.0737572748383095,0.028055996778010017,0.44721359549995804,full
auto_mpg,std,streed,4,,3,0.008,1e-05,0.001,0.029965318025076144,1.8761221511928547,0.2645487555132869,0.27336974729713054,0.003568632040598177,2.90774104874668,0.036759919906863295,0.5477225575051661,full
auto_mpg,std,streed,4,,3,0.008,1e-05,0.1,0.01045942643417009,0.7276405227902867,0.2801876205818384,0.6709024691119252,0.010568390381494647,1.6542289609610707,0.02040034168116469,0.8944271909999159,full
auto_mpg,std,streed,4,,3,0.008,0.0001,0.001,0.02950552614886237,1.8460000329042408,0.29885121953834076,0.2741310389550255,0.003580785781510564,2.9315189122789396,0.03716707533725007,0.5477225575051661,full
auto_mpg,std,streed,4,,3,0.008,0.0001,0.1,0.010460043074846782,0.7281077337466293,0.4039971675642138,0.6699681474382092,0.010551846829574954,1.6542787257013698,0.020400972832332047,0.8944271909999159,full
auto_mpg,std,streed,4,,3,0.008,0.001,0.001,0.018399597169731323,1.194621191877252,0.2626538282485531,0.2753884949542565,0.0035935779181446308,2.6625801041462767,0.033518336854876,0.5477225575051661,full
auto_mpg,std,streed,4,,3,0.008,0.001,0.1,0.006296698621018838,0.41080275035302277,0.36010723430768127,0.47138098540822565,0.006862562603225243,1.653232329426954,0.020640415514667547,0.5477225575051663,full
auto_mpg,std,streed,4,,3,0.008,0.01,0.001,0.010064800306131163,0.7957114579182392,0.22349337586661902,0.08022985298614481,0.0019933856710609636,1.3409494128409125,0.01763140437318366,0.4472135954999579,full
auto_mpg,std,streed,4,,3,0.008,0.01,0.1,0.010784894306483536,0.7261522691913816,0.2428071650636525,0.3234568385043408,0.0047522057039275645,1.7008884615702773,0.023635281011875665,0.5477225575051663,full
auto_mpg,std,streed,4,,3,0.008,0.1,0.001,0.01133766246817308,0.62393603523795,0.32978901267715743,0.3739638272512891,0.00643409781426473,2.3828376593531333,0.0348709180029056,0.5477225575051663,full
auto_mpg,std,streed,4,,3,0.008,0.1,0.1,0.0061413017378121534,0.4407591017664793,0.28838170297655136,0.3351668317717714,0.004080744260530013,1.796323000591767,0.02270745329544623,0.44721359549995787,full
auto_mpg,std,streed,4,,3,0.01,1e-05,0.001,0.01567048284920378,0.9756463726323045,0.33576604767291157,0.5450835116448224,0.008483468450076493,2.4674649798506736,0.03407922359927455,0.5477225575051661,full
auto_mpg,std,streed,4,,3,0.01,1e-05,0.1,0.007688994158278385,0.49906696234949655,0.2012229493028326,0.5464048944671577,0.007672194105858995,1.933705888108068,0.023727163108675432,0.44721359549995787,full
auto_mpg,std,streed,4,,3,0.01,0.0001,0.001,0.01500307062924912,0.9364402959264614,0.2591460737500665,0.545237869156276,0.008485014821725211,2.4657693565575505,0.03403148482318085,0.5477225575051661,full
auto_mpg,std,streed,4,,3,0.01,0.0001,0.1,0.00767690174261287,0.49907162749940887,0.1943634350699203,0.5460536900826329,0.007664785744696882,1.933281483295658,0.023720473544030906,0.44721359549995787,full
auto_mpg,std,streed,4,,3,0.01,0.001,0.001,0.013619480496414763,0.9044544658715794,0.18099589749794742,0.27223126862336033,0.004991125350712924,1.8569992930645713,0.02548990666918292,0.5477225575051663,full
auto_mpg,std,streed,4,,3,0.01,0.001,0.1,0.012331035906516817,0.8338545294251622,0.21753053645387152,0.5474611680164692,0.007682130713276269,1.9350780853712672,0.023597713788394908,0.44721359549995787,full
auto_mpg,std,streed,4,,3,0.01,0.01,0.001,0.010684037543876217,0.7884112898080681,0.3060388021730835,0.2306070069905145,0.005164157242936117,2.468871488786707,0.0324712554280098,0.8366600265340755,full
auto_mpg,std,streed,4,,3,0.01,0.01,0.1,0.010801390778339172,0.762296670095124,0.2565153039986272,0.48416513549316464,0.006461090069605944,2.017299850156565,0.0344785904466344,0.0,full
auto_mpg,std,streed,4,,3,0.01,0.1,0.001,0.012661062256166731,0.7169134182462998,0.01205265516637174,0.5424038978196296,0.007576836000250193,2.176721768680313,0.02921663269213411,0.447213595499958,full
auto_mpg,std,streed,4,,3,0.01,0.1,0.1,0.008426910125494484,0.4895312517111262,0.36087055943946,0.3816534124214753,0.004953879508900252,1.910849736848621,0.024047917728289295,0.894427190999916,full
auto_mpg,std,streed,4,,3,0.03,1e-05,0.001,0.01223124162187523,0.8490810592167103,0.37161820279335117,0.5796326206094311,0.008293494636878512,2.290311321691357,0.03115719670777279,0.0,full
auto_mpg,std,streed,4,,3,0.03,1e-05,0.1,0.00786031910845217,0.4921115721817251,0.2669536087936185,0.6443279586467496,0.009486266908905265,2.9842719187103026,0.04284793287556699,0.0,full
auto_mpg,std,streed,4,,3,0.03,0.0001,0.001,0.012184566787050774,0.845821414908921,0.2513535432794528,0.5798710657021319,0.00829589435267319,2.29510216845057,0.03123256257072686,0.0,full
auto_mpg,std,streed,4,,3,0.03,0.0001,0.1,0.011516084293229914,0.6770778158102789,0.26948632352861607,0.6445809150246106,0.009490228056132782,2.983990527968183,0.04284725865479735,0.0,full
auto_mpg,std,streed,4,,3,0.03,0.001,0.001,0.00931026350769022,0.6482560060003032,0.27351988377165565,0.5735184353531384,0.008174009615053388,2.209209899464937,0.030225833120289054,0.0,full
auto_mpg,std,streed,4,,3,0.03,0.001,0.1,0.007533215704585299,0.47223849137225155,0.3438272440303079,0.6407926512851332,0.009430911930958956,2.853957043653575,0.040997566807072124,0.0,full
auto_mpg,std,streed,4,,3,0.03,0.01,0.001,0.01686439283904972,0.9189402837683757,0.33879231501516016,0.6056123101937942,0.008763231283822174,2.3697621469312753,0.0318768756616723,0.0,full
auto_mpg,std,streed,4,,3,0.03,0.01,0.1,0.012596352026315729,0.73906162402974,0.4317697227502195,0.6635792224745775,0.009840076434427105,3.029687109042992,0.042855307455863245,0.0,full
auto_mpg,std,streed,4,,3,0.03,0.1,0.001,0.00786072551792963,0.356121487170585,0.20196850486307058,0.7681577168217486,0.011005281769649993,2.2506062368644675,0.03372314635952999,0.5477225575051661,full
auto_mpg,std,streed,4,,3,0.03,0.1,0.1,0.013109520713660033,0.5839944899067001,0.2633485969386343,0.3786515017570373,0.005304346659938525,2.5515063717371764,0.03679639545569765,0.0,full
auto_mpg,std,streed,4,,3,0.05,1e-05,0.001,0.0122857926466029,0.8322589523697294,3.6657440259291056,0.5796326206094311,0.008293494636878512,2.290311321691357,0.03115719670777279,0.0,full
auto_mpg,std,streed,4,,3,0.05,1e-05,0.1,0.014197244846860238,0.7832440957718055,233.80827071820127,0.6443279586467496,0.009486266908905265,2.9842719187103026,0.04284793287556699,0.0,full
auto_mpg,std,streed,4,,3,0.05,0.0001,0.001,0.017682461908790297,1.0376153481200687,3.708095213668539,0.5798710657021319,0.00829589435267319,2.29510216845057,0.03123256257072686,0.0,full
auto_mpg,std,streed,4,,3,0.05,0.0001,0.1,0.015821189533746314,0.8697987838325256,233.75220291295634,0.6445809150246106,0.009490228056132782,2.983990527968183,0.04284725865479735,0.0,full
auto_mpg,std,streed,4,,3,0.05,0.001,0.001,0.009914778172778534,0.667480159450475,4.524394948270553,0.5735184353531384,0.008174009615053388,2.209209899464937,0.030225833120289054,0.0,full
auto_mpg,std,streed,4,,3,0.05,0.001,0.1,0.014024448702311397,0.7728267368395243,233.5277153921386,0.6407926512851332,0.009430911930958956,2.853957043653575,0.040997566807072124,0.0,full
auto_mpg,std,streed,4,,3,0.05,0.01,0.001,0.01599383779673093,0.8594798221706911,4.969216792228435,0.6056123101937942,0.008763231283822174,2.3697621469312753,0.0318768756616723,0.0,full
auto_mpg,std,streed,4,,3,0.05,0.01,0.1,0.014158242924622796,0.7843668239844375,233.1002864021673,0.6635792224745775,0.009840076434427105,3.029687109042992,0.042855307455863245,0.0,full
auto_mpg,std,streed,4,,3,0.05,0.1,0.001,0.018918567758334084,1.0313021277482959,235.03246534175113,0.6878740562131892,0.010179721459963325,2.935457376567616,0.045632866744681665,0.0,full
auto_mpg,std,streed,4,,3,0.05,0.1,0.1,0.02152565005206611,1.1635721488649058,0.31021394385653855,0.8012794363625936,0.012072011482748602,2.825458404203252,0.04263420210687271,0.0,full
auto_mpg,std,streed,4,,3,0.08,1e-05,0.001,0.01707916829905464,1.3074006347983658,0.06886814732942426,2.296259439616232,0.035694112165962216,2.733383136581495,0.04943777424330004,0.4472135954999579,full
auto_mpg,std,streed,4,,3,0.08,1e-05,0.1,0.03053403270723223,1.9642034549180711,23.882452978698087,2.8188452677787157,0.04495967989954813,3.3188294889663044,0.05463898395412357,0.5477225575051661,full
auto_mpg,std,streed,4,,3,0.08,0.0001,0.001,0.017610998479473963,1.250548572859272,0.06957863530090087,2.296711814681453,0.03570138655655866,2.7428418506485066,0.04957183017184848,0.4472135954999579,full
auto_mpg,std,streed,4,,3,0.08,0.0001,0.1,0.031067588647536264,1.991919605315501,23.97394796868011,2.818627945926973,0.04495605018498176,3.3190111609918294,0.054644603193414076,0.5477225575051661,full
auto_mpg,std,streed,4,,3,0.08,0.001,0.001,0.016825427665771005,1.2976721367942454,0.06597400445078885,2.8372522146318446,0.046123508464003427,2.315791360743186,0.03992715374200046,0.5477225575051661,full
auto_mpg,std,streed,4,,3,0.08,0.001,0.1,0.03049197784158905,1.9617284806348625,24.184222215964166,2.801285990539216,0.044665738040340845,3.242712457530366,0.05380326798222648,0.5477225575051661,full
auto_mpg,std,streed,4,,3,0.08,0.01,0.001,0.026418817438141954,1.7628221050396569,0.07203998179512511,2.833288351918316,0.04605226365870836,3.0343680818505927,0.05075544713180946,0.5477225575051661,full
auto_mpg,std,streed,4,,3,0.08,0.01,0.1,0.02989485686971217,1.9131354324396563,32.550604436226735,2.7876648209190353,0.044439273796188034,3.2962377376401912,0.0542963383743411,0.5477225575051661,full
auto_mpg,std,streed,4,,3,0.08,0.1,0.001,0.01115536144561039,0.6445304377759407,22.43544571965928,0.7051929820201952,0.009922193011934439,3.2128848045307032,0.04487817896877566,0.0,full
auto_mpg,std,streed,4,,3,0.08,0.1,0.1,0.012588119334992138,0.7313498803533217,5.506620832977137,0.6990951273933512,0.009836197320585908,3.153798955195786,0.04363273174652611,0.0,full
auto_mpg,std,streed,4,,3,0.1,1e-05,0.001,0.015100139475076872,1.018038006711477,0.07935613435405978,0.7260336114246051,0.010817187772090477,3.601949224066817,0.0498653472546018,0.0,full
auto_mpg,std,streed,4,,3,0.1,1e-05,0.1,0.009750368954717554,0.6410559360126588,0.0723462583468612,0.7387326555426061,0.010810410214115464,3.524695809783299,0.04870320970021144,0.0,full
auto_mpg,std,streed,4,,3,0.1,0.0001,0.001,0.01515469092753995,1.021751866968135,0.0810159329111333,0.7259810554651291,0.010816527554212925,3.601666960606379,0.04986193037410628,0.0,full
auto_mpg,std,streed,4,,3,0.1,0.0001,0.1,0.011507488558387397,0.7183779803228522,0.07137364185734432,0.7386758462825243,0.01080959225787662,3.5244663308807325,0.048700474602772735,0.0,full
auto_mpg,std,streed,4,,3,0.1,0.001,0.001,0.015407212921283858,1.0441701359478623,0.08609201143876004,0.7397315030698418,0.010753747621096266,3.6117554499029065,0.05027048484124288,0.0,full
auto_mpg,std,streed,4,,3,0.1,0.001,0.1,0.010037460061544833,0.6796437734999089,0.06765753046485418,0.7381088555751758,0.01080142280643466,3.52218279652235,0.0486732067949925,0.0,full
auto_mpg,std,streed,4,,3,0.1,0.01,0.001,0.012230030602798257,0.7903215420054159,0.07716700429630907,0.6092831298118986,0.008498344626651725,3.6553414696199376,0.051188058365668775,0.0,full
auto_mpg,std,streed,4,,3,0.1,0.01,0.1,0.015468965455717744,0.9278663808464972,0.05520014136292588,0.6964252446163418,0.00964978455752937,3.3631684997072706,0.046875888950793844,0.0,full
auto_mpg,std,streed,4,,3,0.1,0.1,0.001,0.01405483460226883,0.8577921360362124,0.05828660206521929,0.7051929820201952,0.009922193011934439,3.2128848045307032,0.04487817896877566,0.0,full
auto_mpg,std,streed,4,,3,0.1,0.1,0.1,0.014035408583240119,0.8526008637982202,0.06861791665108369,0.6990951273933512,0.009836197320585908,3.153798955195786,0.04363273174652611,0.0,full
auto_mpg,best_by_mean_val_r2,streed,4,,3,0.03,0.001,0.1,0.8490413981462895,9.135731332063198,599.5654544353486,7.840722202395014,0.8709694609019223,8.629415871505918,0.8576865041403691,2.0,full
