Holiday_Flag,Temperature,Fuel_Price,CPI,Unemployment,Weekly_Sales
0,42.31,2.572,211.0963582,8.106,1643690.9
1,38.51,2.548,211.2421698,8.106,1641957.44
0,39.93,2.514,211.2891429,8.106,1611968.17
0,46.63,2.561,211.3196429,8.106,1409727.59
0,46.5,2.625,211.3501429,8.106,1554806.68
0,57.79,2.667,211.3806429,8.106,1439541.59
0,51.45,2.732,211.0180424,8.106,1404429.92
0,65.86,2.77,210.6228574,7.808,1545418.53
0,66.32,2.808,210.4887,7.808,1466058.28
0,64.84,2.795,210.4391228,7.808,1391256.12
0,72.55,2.835,210.3399684,7.808,1603955.12
0,76.44,2.826,210.6170934,7.808,1399662.07
0,80.44,2.759,210.8967606,7.808,1432069.95
0,80.43,2.668,211.4560951,7.808,1542561.09
0,84.11,2.637,211.4537719,7.808,1503284.06
0,84.34,2.653,211.3386526,7.808,1422711.6
0,80.91,2.669,211.2235333,7.787,1492418.14
0,80.48,2.642,211.108414,7.787,1546074.18
0,83.15,2.623,211.1003854,7.787,1448938.92
0,83.36,2.608,211.2351443,7.787,1385065.2
0,81.84,2.64,211.3699032,7.787,1371986.6
0,87.16,2.627,211.5046621,7.787,1605491.78
0,87.0,2.692,211.6394211,7.787,1508237.76
0,86.65,2.664,211.6033633,7.787,1513080.49
0,85.22,2.619,211.5673056,7.787,1449142.92
0,81.21,2.577,211.5312479,7.787,1540163.53
1,78.69,2.565,211.4951902,7.787,1507460.69
0,82.11,2.582,211.5224596,7.787,1430378.67
0,80.94,2.624,211.5972246,7.787,1351791.03
0,71.89,2.603,211.6719895,7.838,1453329.5
0,63.93,2.633,211.7467544,7.838,1508239.93
0,69.86,2.725,211.8612937,7.838,1345454.0
0,69.64,2.716,211.9088438,7.838,1384209.22
0,59.61,2.728,212.003944,7.838,1494479.49
1,64.52,2.735,211.7484333,7.838,1955624.11
0,49.27,2.708,211.607193,7.838,1548033.78
0,46.33,2.843,211.4659526,7.838,1682614.26
0,49.84,2.869,211.4053124,7.838,1891034.93
0,48.27,2.976,211.4047419,7.742,1444732.28
0,35.4,2.983,211.4574109,7.742,1391013.96
0,44.04,3.016,211.8272343,7.742,1327405.42
0,42.27,2.989,212.5668812,7.742,1606629.58
1,36.39,3.022,212.9367046,7.742,1649614.93
0,57.36,3.045,213.2478853,7.742,1686842.78
0,62.9,3.065,213.535609,7.742,1456800.28
0,59.58,3.288,213.8233327,7.742,1636263.41
0,53.56,3.459,214.1110564,7.742,1553191.63
0,59.17,3.524,214.8371664,7.682,1495064.75
0,67.84,3.622,215.0743939,7.682,1614259.35
0,71.27,3.743,215.2918561,7.682,1559889.0
0,72.99,3.807,215.4599053,7.682,1564819.81
0,72.03,3.81,215.6279544,7.682,1455090.69
0,77.72,3.786,215.5037878,7.682,1466046.67
0,86.41,3.637,214.9980596,7.682,1532114.86
0,83.58,3.594,215.0910982,7.682,1438830.15
0,85.55,3.524,215.1841368,7.962,1488538.09
0,85.83,3.48,215.2771754,7.962,1534849.64
0,88.54,3.575,215.3611087,7.962,1455119.97
0,85.77,3.651,215.4222784,7.962,1396926.82
0,86.83,3.682,215.4834482,7.962,1352219.79
0,91.65,3.684,215.544618,7.962,1624383.75
0,90.76,3.638,215.6057878,7.962,1525147.09
0,87.96,3.523,215.7332258,7.962,1464693.46
0,87.83,3.533,215.7971409,7.962,1550229.22
1,76.0,3.546,215.861056,7.962,1540471.24
0,79.94,3.526,216.0410526,7.962,1514259.78
0,75.8,3.467,216.3758246,7.962,1380020.27
0,79.69,3.355,216.7105965,7.962,1394561.83
0,69.31,3.285,217.0453684,7.866,1630989.95
0,71.74,3.274,217.3552733,7.866,1493525.93
0,63.71,3.353,217.5159762,7.866,1502562.78
0,66.57,3.372,217.6766791,7.866,1445249.09
0,54.98,3.332,217.837382,7.866,1697229.58
0,59.11,3.297,217.9980849,7.866,1594938.89
0,62.25,3.308,218.2205088,7.866,1539483.7
0,48.91,3.172,218.7147333,7.866,1584083.95
0,43.93,3.158,218.9618456,7.866,1799682.38
0,51.63,3.159,219.1794533,7.866,1881176.67
0,47.96,3.112,219.3577216,7.866,2270188.99
1,44.55,3.129,219.5359898,7.866,1497462.72
0,49.01,3.157,219.7142581,7.348,1550369.92
0,48.53,3.261,219.8925263,7.348,1459601.17
0,54.11,3.268,219.9856893,7.348,1394393.84
0,54.26,3.29,220.0788523,7.348,1319325.59
1,48.02,3.409,220.2651783,7.348,1802477.43
0,45.32,3.51,220.4257586,7.348,1819870.0
0,57.25,3.555,220.636902,7.348,1539387.83
0,60.96,3.63,220.8480454,7.348,1688420.76
0,58.76,3.669,221.0591887,7.348,1675431.16
0,64.74,3.734,221.2118132,7.348,1677472.78
0,65.93,3.787,221.2864126,7.348,1511068.07
0,67.61,3.845,221.3610119,7.348,1649604.63
0,70.43,3.891,221.4356112,7.143,1899676.88
0,75.55,3.749,221.6718,7.143,1684519.99
0,73.77,3.688,221.7256632,7.143,1611096.05
0,70.33,3.63,221.742674,7.143,1595901.87
0,77.22,3.561,221.744944,7.143,1555444.55
0,77.95,3.501,221.7472139,7.143,1624477.58
0,78.3,3.452,221.7494839,7.143,1697230.96
0,79.35,3.393,221.7626421,7.143,1630607.0
0,78.39,3.346,221.8030211,7.143,1527845.81
0,84.88,3.286,221.8434,7.143,1540421.49
0,77.12,3.256,221.9241579,6.908,1527014.04
0,80.42,3.311,221.9327267,6.908,1497954.76
0,82.66,3.407,221.9412954,6.908,1439123.71
0,86.11,3.417,221.9498642,6.908,1631135.79
0,85.05,3.494,221.9584329,6.908,1592409.97
0,84.85,3.571,222.0384109,6.908,1597868.05
0,77.66,3.62,222.1719457,6.908,1494122.38
0,80.49,3.638,222.3054805,6.908,1582083.4
1,83.96,3.73,222.4390153,6.908,1661767.33
0,74.97,3.717,222.5820193,6.908,1517428.87
0,69.87,3.721,222.7818386,6.908,1506126.06
0,76.08,3.666,222.9816579,6.908,1437059.26
0,68.55,3.617,223.1814772,6.573,1670785.97
0,62.99,3.601,223.3812965,6.573,1573072.81
0,67.97,3.594,223.4257233,6.573,1508068.77
0,69.16,3.506,223.4442513,6.573,1493659.74
0,40.19,2.572,210.7526053,8.324,2136989.46
1,38.49,2.548,210.8979935,8.324,2137809.5
0,39.69,2.514,210.9451605,8.324,2124451.54
0,47.17,2.625,211.0067542,8.324,1991013.13
0,57.56,2.667,211.037551,8.324,1990483.78
0,54.52,2.72,210.8733316,8.324,1946070.88
0,51.26,2.732,210.6766095,8.324,1750197.81
0,63.27,2.719,210.4798874,8.2,2066187.72
0,65.41,2.77,210.2831653,8.2,1954689.21
0,68.07,2.808,210.1495463,8.2,1874957.94
0,66.98,2.78,210.0505833,8.2,1802450.29
0,73.31,2.854,209.9984585,8.2,1880752.36
0,74.83,2.826,210.2768443,8.2,1896937.1
0,81.13,2.759,210.5552301,8.2,1957113.89
0,81.81,2.705,210.833616,8.2,2102539.93
0,83.4,2.668,211.1120018,8.2,2025538.76
0,85.81,2.637,211.1096543,8.2,2001636.96
0,82.74,2.669,210.8803726,8.099,2003940.64
0,82.59,2.642,210.7657317,8.099,1880902.62
0,85.32,2.623,210.7577954,8.099,1845879.79
0,87.66,2.608,210.8921319,8.099,1781717.71
0,83.49,2.64,211.0264684,8.099,1804246.16
0,89.05,2.692,211.2951413,8.099,1895601.05
0,88.7,2.664,211.2596586,8.099,1964335.23
0,87.12,2.619,211.2241759,8.099,1863840.49
0,82.05,2.582,211.1806415,8.099,1793903.6
0,69.24,2.603,211.3298742,8.163,1827440.43
0,63.19,2.633,211.4044906,8.163,1849921.44
0,65.8,2.72,211.4713286,8.163,1794355.49
0,68.5,2.725,211.5187208,8.163,1737947.64
0,57.85,2.689,211.6135053,8.163,1939061.41
0,59.69,2.728,211.6608975,8.163,1916812.74
0,50.81,2.771,211.5470304,8.163,1956739.17
1,62.98,2.735,211.4062867,8.163,2658725.29
0,49.33,2.708,211.265543,8.163,2015781.27
0,45.5,2.843,211.1247993,8.163,2378726.55
0,47.55,2.869,211.0645458,8.163,2609166.75
0,49.97,2.886,211.0646599,8.163,3436007.68
1,47.3,2.943,211.064774,8.163,1750434.55
0,44.69,2.976,211.0648881,8.028,1758050.79
0,33.02,2.983,211.1176713,8.028,1744193.58
0,41.4,3.016,211.4864691,8.028,1751384.9
0,42.83,3.01,211.8552668,8.028,1695371.68
0,38.25,2.989,212.2240646,8.028,1929346.23
1,33.19,3.022,212.5928624,8.028,2168041.61
0,57.83,3.045,212.9033115,8.028,2080884.82
0,60.8,3.065,213.190421,8.028,1833511.08
0,57.77,3.288,213.4775305,8.028,1981607.78
0,62.32,3.488,214.0156238,8.028,1902557.66
0,69.42,3.473,214.2521573,8.028,1766162.05
0,55.43,3.524,214.4886908,7.931,1800171.36
0,67.0,3.622,214.7252242,7.931,1847552.61
0,69.48,3.743,214.9420631,7.931,1856467.84
0,69.39,3.807,215.1096657,7.931,1886339.6
0,69.21,3.81,215.2772683,7.931,1745545.28
0,61.48,3.906,215.4448709,7.931,1837743.6
0,74.61,3.899,215.6124735,7.931,1838513.07
0,67.14,3.907,215.3834778,7.931,1688281.86
0,83.07,3.699,214.9254865,7.931,1933756.21
0,83.4,3.648,214.6964908,7.931,1929153.16
0,86.53,3.637,214.6513538,7.931,1953771.99
0,85.17,3.594,214.7441108,7.931,1790925.8
0,89.83,3.575,215.0134426,7.852,1785187.29
0,90.07,3.682,215.1363819,7.852,1680693.06
0,93.34,3.684,215.1978515,7.852,1876704.26
0,91.58,3.638,215.2593211,7.852,1812768.26
0,89.86,3.554,215.3229307,7.852,1844094.59
0,90.45,3.523,215.386897,7.852,1821139.91
0,89.64,3.533,215.4508632,7.852,1809119.7
1,77.97,3.546,215.5148295,7.852,1748000.65
0,75.58,3.467,216.0282356,7.852,1669299.78
0,78.14,3.355,216.3620333,7.852,1650394.44
0,69.92,3.285,216.6958311,7.441,1837553.43
0,71.67,3.274,217.0048261,7.441,1743882.19
0,55.53,3.332,217.4853605,7.441,1959707.9
0,62.01,3.308,217.8670218,7.441,1902762.5
1,56.36,3.236,218.1130269,7.441,2614202.3
0,48.74,3.172,218.3590319,7.441,1954952.0
0,41.76,3.158,218.605037,7.441,2290549.32
0,50.13,3.159,218.8217928,7.441,2432736.52
0,46.66,3.112,218.9995495,7.441,3224369.8
1,44.57,3.129,219.1773063,7.441,1874226.52
0,45.99,3.261,219.5328198,7.057,1744725.48
1,46.98,3.409,219.9049073,7.057,2103322.68
0,43.82,3.51,220.0651993,7.057,2196688.46
0,54.63,3.555,220.275944,7.057,1861802.7
0,58.79,3.63,220.4866886,7.057,1952555.66
0,63.68,3.734,220.8498468,7.057,1976082.13
0,64.01,3.787,220.9244858,7.057,1790439.16
0,66.83,3.845,220.9991248,7.057,1857480.84
0,68.43,3.891,221.0737638,6.891,2129035.91
0,68.08,3.891,221.1484028,6.891,1935869.1
0,65.69,3.877,221.2021074,6.891,1847344.45
0,67.2,3.814,221.255812,6.891,1764133.09
0,76.73,3.749,221.3095166,6.891,1923957.09
0,73.87,3.688,221.3632212,6.891,1917520.99
0,78.19,3.561,221.3828029,6.891,1912791.09
0,78.38,3.501,221.3852748,6.891,1910092.37
0,78.69,3.452,221.3877467,6.891,2010216.49
0,80.56,3.393,221.4009901,6.891,1962924.3
0,81.04,3.346,221.4411622,6.891,1887733.21
0,86.32,3.286,221.4813343,6.891,1881046.12
0,84.2,3.227,221.5215064,6.565,2041507.4
0,80.17,3.256,221.5616784,6.565,1830075.13
0,83.23,3.311,221.5701123,6.565,1819666.46
0,86.37,3.407,221.5785461,6.565,1757923.88
0,90.22,3.417,221.5869799,6.565,1946104.64
0,88.55,3.494,221.5954138,6.565,1866719.96
0,84.79,3.571,221.6751459,6.565,1928016.01
0,76.91,3.62,221.8083518,6.565,1876788.15
0,82.64,3.638,221.9415576,6.565,1947083.3
1,87.65,3.73,222.0747635,6.565,1898777.07
0,75.88,3.717,222.2174395,6.565,1814806.63
0,71.09,3.721,222.4169362,6.565,1829415.67
0,70.27,3.617,222.8159296,6.17,1998321.04
0,45.71,2.572,214.4248812,7.368,461622.22
1,47.93,2.548,214.5747916,7.368,420728.96
0,47.07,2.514,214.6198868,7.368,421642.19
0,52.05,2.561,214.6475127,7.368,407204.86
0,53.04,2.625,214.6751386,7.368,415202.04
0,63.08,2.667,214.7027646,7.368,384200.69
0,60.42,2.72,214.5301219,7.368,375328.59
0,57.06,2.732,214.3241011,7.368,359949.27
0,65.56,2.719,214.1180803,7.343,423294.4
0,68.0,2.77,213.9120595,7.343,415870.28
0,66.98,2.808,213.7726889,7.343,354993.26
0,67.87,2.795,213.7221852,7.343,339976.65
0,70.24,2.78,213.6716815,7.343,361248.39
0,73.47,2.835,213.6211778,7.343,399323.86
0,77.18,2.854,213.6196139,7.343,384357.94
0,75.81,2.826,213.9116886,7.343,343763.17
0,78.6,2.759,214.2037634,7.343,350089.23
0,78.53,2.705,214.4958382,7.343,396968.8
0,82.1,2.668,214.787913,7.343,355017.09
0,83.52,2.637,214.7858259,7.343,364076.85
0,82.2,2.669,214.5463222,7.346,381151.72
0,83.32,2.608,214.5564968,7.346,352864.49
0,85.13,2.627,214.8341952,7.346,402635.76
0,86.74,2.692,214.9730444,7.346,339597.38
0,88.02,2.664,214.9314191,7.346,351728.21
0,86.15,2.619,214.8897938,7.346,362134.09
0,84.16,2.577,214.8481685,7.346,366473.97
1,80.84,2.565,214.8065431,7.346,352260.97
0,82.36,2.582,214.8322484,7.346,363064.64
0,76.9,2.624,214.9084516,7.346,355626.87
0,73.6,2.603,214.9846548,7.564,358784.1
0,66.99,2.633,215.060858,7.564,395107.35
0,69.71,2.72,215.1293114,7.564,345584.39
0,71.64,2.725,215.17839,7.564,348895.98
0,72.04,2.716,215.2274686,7.564,348591.74
0,62.94,2.689,215.2765472,7.564,423175.56
0,62.79,2.728,215.3256258,7.564,386635.03
0,57.72,2.771,215.2074519,7.564,372545.32
1,68.71,2.735,215.0614025,7.564,565567.84
0,57.16,2.886,214.7017828,7.564,605990.41
0,53.35,2.976,214.6955104,7.551,378241.34
0,44.76,2.983,214.7470729,7.551,381061.1
0,50.74,3.016,215.1268275,7.551,350876.7
0,48.71,3.01,215.5065821,7.551,364866.24
0,45.95,2.989,215.8863367,7.551,438516.53
0,61.58,3.045,216.5843571,7.551,432782.1
0,67.4,3.065,216.8780275,7.551,397211.19
0,65.11,3.288,217.1716979,7.551,437084.51
0,61.29,3.459,217.4653683,7.551,404753.3
0,69.47,3.488,217.7235226,7.551,392109.51
0,68.76,3.524,218.2114184,7.574,374556.08
0,72.55,3.622,218.4553663,7.574,384075.31
0,75.88,3.743,218.6788642,7.574,366250.69
0,78.69,3.81,219.0236099,7.574,367405.4
0,69.45,3.906,219.1959827,7.574,413042.12
0,79.87,3.899,219.3683556,7.574,386312.68
0,75.79,3.907,219.127216,7.574,364603.13
0,84.29,3.699,218.6449369,7.574,394507.84
0,86.96,3.637,218.3551748,7.574,403423.34
0,85.1,3.524,218.5467052,7.567,368962.72
0,85.38,3.48,218.6424704,7.567,395146.24
0,86.19,3.651,218.7857881,7.567,360617.37
0,88.07,3.682,218.8440545,7.567,345381.29
0,88.45,3.684,218.9023209,7.567,409981.25
0,88.44,3.554,219.023271,7.567,379716.91
0,87.67,3.523,219.0866908,7.567,366367.55
0,89.12,3.533,219.1501106,7.567,375988.69
1,81.72,3.546,219.2135305,7.567,377347.49
0,83.63,3.526,219.3972867,7.567,375629.51
0,80.19,3.467,219.7414914,7.567,365248.94
0,75.54,3.285,220.4299007,7.197,403342.4
0,73.75,3.274,220.7486167,7.197,368282.57
0,69.03,3.353,220.9144005,7.197,394976.36
0,71.04,3.372,221.0801842,7.197,389540.62
0,59.31,3.332,221.245968,7.197,459443.22
0,63.91,3.308,221.6432852,7.197,398838.97
1,68.0,3.236,221.9011185,7.197,556925.19
0,54.97,3.172,222.1589519,7.197,472511.32
0,49.26,3.158,222.4167852,7.197,468772.8
0,57.95,3.159,222.6426418,7.197,510747.62
0,53.41,3.112,222.8258628,7.197,551221.21
1,48.29,3.129,223.0090839,7.197,410553.88
0,52.42,3.157,223.1923049,6.833,398178.21
0,59.33,3.36,223.6591137,6.833,424960.66
1,51.65,3.409,223.753643,6.833,473292.47
0,52.39,3.51,223.9170153,6.833,475591.08
0,60.12,3.555,224.1320199,6.833,418925.47
0,60.71,3.669,224.5620291,6.833,445162.05
0,64.0,3.734,224.7166953,6.833,411775.8
0,66.53,3.787,224.7909104,6.833,413907.25
0,69.36,3.845,224.8651254,6.833,407488.84
0,73.01,3.891,224.9393405,6.664,503232.13
0,72.05,3.877,225.0689541,6.664,434822.13
0,73.39,3.814,225.1243526,6.664,394616.11
0,79.51,3.749,225.1797511,6.664,439913.57
0,72.38,3.63,225.2512024,6.664,418112.76
0,81.65,3.452,225.2521458,6.664,446336.8
0,84.66,3.393,225.2644795,6.664,442074.79
0,82.7,3.346,225.3068615,6.664,419497.95
0,86.42,3.286,225.3492435,6.664,422965.33
0,83.14,3.227,225.3916254,6.334,411206.5
0,82.28,3.256,225.4340074,6.334,416913.1
0,84.94,3.407,225.4537579,6.334,389427.9
0,86.55,3.417,225.4636332,6.334,419990.29
0,85.85,3.494,225.4735085,6.334,391811.6
0,87.36,3.571,225.5558664,6.334,394918.83
0,85.18,3.638,225.8293063,6.334,408838.73
1,84.99,3.73,225.9660263,6.334,408229.73
0,72.78,3.721,226.3151496,6.334,414392.09
0,77.46,3.666,226.5180926,6.334,389813.02
0,72.74,3.617,226.7210356,6.034,443557.65
0,70.31,3.601,226.9239785,6.034,410804.39
0,73.44,3.594,226.9688442,6.034,424513.08
0,74.66,3.506,226.9873637,6.034,405432.7
0,43.76,2.598,126.4420645,8.623,2135143.87
1,28.84,2.573,126.4962581,8.623,2188307.39
0,36.45,2.54,126.5262857,8.623,2049860.26
0,41.36,2.59,126.5522857,8.623,1925728.84
0,43.49,2.654,126.5782857,8.623,1971057.44
0,49.63,2.704,126.6042857,8.623,1894324.09
0,39.91,2.752,126.6050645,8.623,1762539.3
0,48.77,2.74,126.6034839,7.896,1979247.12
0,54.16,2.773,126.6019032,7.896,1818452.72
0,56.23,2.81,126.5621,7.896,1851519.69
0,56.87,2.805,126.4713333,7.896,1802677.9
0,53.04,2.787,126.3805667,7.896,1817273.28
0,56.77,2.836,126.2898,7.896,2000626.14
0,62.35,2.845,126.2085484,7.896,1875597.28
0,67.4,2.82,126.1843871,7.896,1903752.6
0,67.73,2.756,126.1602258,7.896,1857533.7
0,70.83,2.701,126.1360645,7.896,1903290.58
0,81.53,2.635,126.114,7.896,1929736.35
0,81.1,2.654,126.1266,7.896,1846651.95
0,80.35,2.637,126.1518,7.372,1812208.22
0,78.53,2.621,126.1498065,7.372,1898427.66
0,80.7,2.65,126.1069032,7.372,1796637.61
0,76.53,2.64,126.0854516,7.372,1907638.58
0,78.08,2.698,126.064,7.372,2007050.75
0,78.83,2.671,126.0766452,7.372,1997181.09
0,74.44,2.621,126.0892903,7.372,1848403.92
0,76.8,2.584,126.1019355,7.372,1935857.58
1,73.54,2.574,126.1145806,7.372,1865820.81
0,64.91,2.594,126.1454667,7.372,1899959.61
0,60.96,2.642,126.1900333,7.372,1810684.68
0,63.96,2.619,126.2346,7.127,1842821.02
0,67.73,2.645,126.2791667,7.127,1951494.85
0,64.17,2.736,126.3815484,7.127,1927610.06
0,56.94,2.718,126.4364194,7.127,1933333.0
0,51.6,2.699,126.4912903,7.127,2013115.79
0,52.65,2.741,126.5461613,7.127,1999794.26
0,48.05,2.78,126.6072,7.127,2097809.4
1,48.08,2.752,126.6692667,7.127,2789469.45
0,46.4,2.727,126.7313333,7.127,2102530.17
0,42.4,2.86,126.7934,7.127,2302504.86
0,46.57,2.884,126.8794839,7.127,2740057.14
0,43.21,2.887,126.9835806,7.127,3526713.39
1,38.09,2.955,127.0876774,7.127,1794868.74
0,39.34,2.98,127.1917742,6.51,1862476.27
0,31.6,2.992,127.3009355,6.51,1865502.46
0,40.6,3.022,127.5800323,6.51,1814240.85
1,33.29,3.033,127.859129,6.51,2187847.29
0,49.0,3.087,128.13,6.51,2078094.69
0,46.56,3.305,128.26475,6.51,2103455.75
0,50.93,3.461,128.3995,6.51,2039818.41
0,51.86,3.495,128.5121935,6.51,2116475.38
0,59.1,3.48,128.6160645,6.51,1944164.32
0,56.99,3.521,128.7199355,5.946,1900246.47
0,62.61,3.605,128.8238065,5.946,2074953.46
0,62.34,3.724,128.9107333,5.946,1960587.76
0,64.22,3.781,128.9998667,5.946,1878167.44
0,63.41,3.866,129.0444333,5.946,2063682.76
0,70.65,3.872,129.089,5.946,2002362.37
0,70.49,3.881,129.0756774,5.946,2015563.48
0,73.65,3.771,129.0623548,5.946,1986597.95
0,78.26,3.683,129.0490323,5.946,2065377.15
0,80.05,3.64,129.0357097,5.946,2073951.38
0,83.51,3.618,129.0432,5.946,2141210.62
0,81.85,3.57,129.0663,5.946,2008344.92
0,84.54,3.504,129.0894,5.644,2051533.53
0,84.59,3.469,129.1125,5.644,2066541.86
0,83.27,3.563,129.1338387,5.644,2049046.95
0,82.84,3.627,129.1507742,5.644,2036231.39
0,84.36,3.659,129.1677097,5.644,1989674.07
0,86.09,3.662,129.1846452,5.644,2160057.39
0,81.47,3.523,129.2832581,5.644,1988490.21
0,77.99,3.533,129.3259355,5.644,2078420.31
1,73.34,3.554,129.3686129,5.644,2093139.01
0,69.23,3.473,129.5183333,5.644,2031406.41
0,65.79,3.299,129.6938,5.143,2166737.65
0,63.75,3.283,129.7706452,5.143,2074548.85
0,64.79,3.361,129.7821613,5.143,2207742.13
0,49.86,3.322,129.8051935,5.143,2281217.31
0,47.12,3.286,129.8167097,5.143,2203028.96
0,50.44,3.294,129.8268333,5.143,2243946.59
1,47.96,3.225,129.8364,5.143,3004702.33
0,38.71,3.176,129.8459667,5.143,2180999.26
0,31.64,3.153,129.8555333,5.143,2508955.24
0,36.44,3.149,129.8980645,5.143,2771397.17
0,35.92,3.103,129.9845484,5.143,3676388.98
1,36.89,3.119,130.0710323,5.143,2007105.86
0,38.64,3.158,130.1575161,4.607,2047766.07
0,34.41,3.263,130.244,4.607,1941676.61
0,42.09,3.273,130.2792258,4.607,2005097.76
0,40.31,3.29,130.3144516,4.607,1928720.51
0,41.81,3.354,130.3496774,4.607,2173373.91
1,33.0,3.411,130.3849032,4.607,2374660.64
0,34.19,3.493,130.4546207,4.607,2427640.17
0,41.31,3.541,130.5502069,4.607,2226662.17
0,50.38,3.619,130.6457931,4.607,2206319.9
0,53.63,3.667,130.7413793,4.607,2202450.81
0,59.81,3.707,130.8261935,4.607,2214967.44
0,59.07,3.759,130.8966452,4.607,2091592.54
0,72.63,3.82,130.9670968,4.607,2089381.77
0,68.6,3.864,131.1173333,4.308,2144336.89
0,76.47,3.81,131.1266667,4.308,2064065.66
0,80.14,3.747,131.136,4.308,2196968.33
0,67.64,3.685,131.1453333,4.308,2127661.17
0,68.43,3.62,131.0983226,4.308,2207214.81
0,77.47,3.551,131.0287742,4.308,2154137.67
0,77.41,3.483,130.9592258,4.308,2179360.94
0,78.11,3.433,130.8896774,4.308,2245257.18
0,81.63,3.329,130.7929,4.308,2197299.65
0,84.23,3.257,130.7562667,4.308,2128362.92
0,80.37,3.187,130.7196333,4.077,2224499.28
0,76.86,3.224,130.683,4.077,2100252.61
0,79.14,3.263,130.7012903,4.077,2175563.69
0,81.06,3.356,130.7195806,4.077,2048613.65
0,83.86,3.374,130.737871,4.077,2174514.13
0,81.41,3.552,130.7909677,4.077,2283540.3
0,75.76,3.61,130.8381613,4.077,2125241.68
0,76.47,3.646,130.8853548,4.077,2081181.35
1,82.09,3.709,130.9325484,4.077,2125104.72
0,71.74,3.666,131.043,4.077,2027620.23
0,57.11,3.603,131.1083333,3.879,2133026.07
0,64.46,3.61,131.1499677,3.879,2097266.85
0,63.64,3.514,131.1930968,3.879,2149594.46
0,39.7,2.572,211.6539716,6.566,317173.1
1,39.81,2.548,211.8004698,6.566,311825.7
0,41.14,2.514,211.8471283,6.566,303447.57
0,46.7,2.561,211.8771468,6.566,270281.63
0,48.89,2.625,211.9071653,6.566,288855.71
0,58.5,2.667,211.9371839,6.566,297293.59
0,63.18,2.719,211.372888,6.465,331406.0
0,65.19,2.77,211.1738835,6.465,328020.49
0,65.3,2.808,211.0388528,6.465,306858.69
0,67.53,2.78,210.939388,6.465,298697.84
0,71.53,2.835,210.8896556,6.465,333522.6
0,74.79,2.854,210.8872772,6.465,296673.77
0,75.2,2.826,211.169023,6.465,301615.49
0,79.81,2.759,211.4507688,6.465,310013.11
0,79.54,2.705,211.7325146,6.465,337825.89
0,80.7,2.668,212.0142605,6.465,296641.91
0,83.72,2.653,211.8960815,6.465,295257.3
0,81.25,2.669,211.7801861,6.496,305993.27
0,81.14,2.642,211.6642907,6.496,291808.87
0,83.98,2.623,211.6561123,6.496,280701.7
0,83.66,2.608,211.7915565,6.496,274742.63
0,82.46,2.64,211.9270006,6.496,268929.03
0,86.1,2.627,212.0624447,6.496,303043.02
0,87.41,2.692,212.1978889,6.496,286477.35
0,84.06,2.577,212.0869176,6.496,323798.0
1,79.86,2.565,212.0499271,6.496,306533.08
0,82.28,2.582,212.0769346,6.496,282558.65
0,78.53,2.624,212.1519404,6.496,293131.58
0,71.1,2.603,212.2269463,6.768,283178.12
0,64.99,2.633,212.3019522,6.768,290494.85
0,70.96,2.725,212.4169928,6.768,284988.27
0,58.88,2.689,212.5126051,6.768,325310.3
0,62.37,2.728,212.5604113,6.768,301827.36
0,52.52,2.771,212.445487,6.768,297384.81
1,66.15,2.735,212.303441,6.768,488362.61
0,48.27,2.843,212.0193491,6.768,352811.53
0,51.61,2.869,211.9580815,6.768,367801.19
0,55.01,2.886,211.9573978,6.768,466010.25
1,49.79,2.943,211.9567142,6.768,298180.18
0,37.74,2.983,212.008514,6.634,260636.71
0,45.41,3.016,212.3800012,6.634,275313.34
0,44.5,3.01,212.7514884,6.634,279088.39
0,41.67,2.989,213.1229755,6.634,329613.2
1,38.25,3.022,213.4944627,6.634,311590.54
0,58.83,3.045,213.8068304,6.634,356622.61
0,63.35,3.065,214.0955503,6.634,294659.5
0,60.35,3.288,214.3842702,6.634,329033.66
0,64.31,3.488,214.9257339,6.634,312177.67
0,70.71,3.473,215.1640872,6.634,294732.5
0,72.02,3.743,215.8592673,6.489,307913.58
0,74.34,3.807,216.0280407,6.489,328415.44
0,74.75,3.81,216.1968142,6.489,307291.56
0,66.27,3.906,216.3655877,6.489,322904.68
0,77.38,3.899,216.5343611,6.489,290930.01
0,71.37,3.907,216.3023847,6.489,299614.33
0,80.14,3.786,216.0704083,6.489,297149.69
0,83.81,3.699,215.8384319,6.489,329183.92
0,83.61,3.648,215.6064555,6.489,304984.14
0,86.84,3.637,215.560463,6.489,304811.82
0,84.76,3.594,215.6539583,6.489,302881.64
0,85.81,3.524,215.7474537,6.529,327093.89
0,86.64,3.48,215.8409491,6.529,310804.93
0,88.64,3.575,215.9250696,6.529,283248.62
0,86.97,3.651,215.985753,6.529,292539.73
0,89.42,3.682,216.0464364,6.529,275142.17
0,91.07,3.684,216.1071198,6.529,317738.56
0,90.38,3.533,216.3588498,6.529,315645.53
1,79.04,3.546,216.4226819,6.529,321110.22
0,83.55,3.526,216.6033083,6.529,278529.71
0,78.01,3.467,216.9396605,6.529,291024.98
0,81.16,3.355,217.2760127,6.529,292315.38
0,71.64,3.285,217.6123648,6.3,309111.47
0,72.36,3.274,217.9237458,6.3,286117.72
0,66.9,3.353,218.0852999,6.3,306069.18
0,56.71,3.332,218.408408,6.3,353652.23
0,60.71,3.297,218.5699621,6.3,311906.7
0,51.14,3.172,219.2917287,6.3,376225.61
0,44.12,3.158,219.540637,6.3,367433.77
0,54.42,3.159,219.7596266,6.3,379530.3
0,50.33,3.112,219.9387246,6.3,458562.24
1,45.62,3.129,220.1178226,6.3,349624.88
0,50.21,3.157,220.2969205,5.943,312078.71
0,54.65,3.268,220.5694104,5.943,287523.98
0,57.35,3.36,220.7561941,5.943,333948.0
1,48.57,3.409,220.849586,5.943,349239.88
0,57.75,3.555,221.2224243,5.943,312220.47
0,60.66,3.63,221.4342146,5.943,359206.21
0,57.69,3.669,221.6460048,5.943,347295.6
0,63.55,3.734,221.7989713,5.943,339392.54
0,64.44,3.787,221.8735063,5.943,321299.99
0,67.76,3.845,221.9480412,5.943,331318.73
0,70.4,3.891,222.0225762,5.801,402985.7
0,70.56,3.891,222.0971111,5.801,351832.03
0,67.33,3.877,222.1512315,5.801,330063.06
0,68.96,3.814,222.2053519,5.801,324839.74
0,77.1,3.749,222.2594722,5.801,360932.69
0,70.45,3.63,222.330443,5.801,336189.66
0,78.23,3.561,222.3323853,5.801,341994.48
0,79.72,3.501,222.3343277,5.801,359867.8
0,81.02,3.452,222.33627,5.801,341704.59
0,80.57,3.346,222.3900046,5.801,325041.68
0,87.08,3.286,222.4307191,5.801,329658.1
0,82.35,3.227,222.4714336,5.603,341214.43
0,81.05,3.311,222.5209358,5.603,321205.12
0,86.91,3.417,222.5385111,5.603,324195.17
0,86.96,3.494,222.5472987,5.603,306759.7
0,87.52,3.571,222.6276753,5.603,314014.18
0,79.45,3.62,222.7617437,5.603,320831.36
0,84.25,3.638,222.8958121,5.603,344642.01
1,86.3,3.73,223.0298805,5.603,350648.91
0,76.65,3.717,223.1734167,5.603,299800.67
0,71.09,3.721,223.3737593,5.603,307306.76
0,66.24,3.601,223.974787,5.422,325345.41
0,69.17,3.594,224.0192873,5.422,313358.15
0,71.7,3.506,224.0378139,5.422,319550.77
1,40.57,2.548,212.7700425,7.259,1606283.86
0,43.58,2.514,212.8161546,7.259,1567138.07
0,47.1,2.561,212.845337,7.259,1432953.21
0,49.63,2.625,212.8745193,7.259,1601348.82
0,58.82,2.667,212.9037017,7.259,1558621.36
0,56.55,2.72,212.7351935,7.259,1693058.91
0,53.74,2.732,212.533737,7.259,1472033.38
0,64.94,2.719,212.3322805,7.092,1770333.9
0,66.15,2.77,212.1308239,7.092,1667181.82
0,65.68,2.808,211.9942765,7.092,1519846.36
0,68.91,2.78,211.8942725,7.092,1498080.16
0,73.68,2.835,211.8442706,7.092,1619920.04
0,74.95,2.854,211.8421769,7.092,1524059.4
0,78.89,2.759,212.412888,7.092,1644470.66
0,79.44,2.705,212.6982436,7.092,1857380.09
0,81.81,2.668,212.9835992,7.092,1685652.35
0,83.89,2.637,212.9813843,7.092,1677248.24
0,84.2,2.653,212.8641412,7.092,1640681.88
0,80.34,2.669,212.746898,6.973,1759777.25
0,80.93,2.642,212.6296549,6.973,1690317.99
0,83.75,2.623,212.6212163,6.973,1560120.8
0,83.9,2.608,212.7578505,6.973,1585240.92
0,86.61,2.627,213.0311188,6.973,1633241.59
0,86.83,2.692,213.1677529,6.973,1547654.98
0,87.36,2.664,213.1291427,6.973,1539930.5
0,85.71,2.619,213.0905324,6.973,1450766.12
1,78.78,2.565,213.013312,6.973,1424225.44
0,76.49,2.624,213.1152886,6.973,1275591.84
0,70.69,2.603,213.1907129,7.007,1328468.89
0,65.21,2.633,213.2661373,7.007,1360317.9
0,70.39,2.716,213.4302994,7.007,1385323.7
0,59.9,2.689,213.4785503,7.007,1505442.15
0,62.11,2.728,213.5268011,7.007,1495536.46
0,52.99,2.771,213.4107412,7.007,1518841.45
0,48.46,2.843,212.9804059,7.007,1834737.58
0,52.24,2.869,212.918049,7.007,2090268.95
0,55.07,2.886,212.9165082,7.007,2727575.18
1,49.14,2.943,212.9149674,7.007,1464050.02
0,38.37,2.983,212.9655882,6.858,1306194.55
0,46.2,3.016,213.3399647,6.858,1261253.18
0,44.98,3.01,213.7143412,6.858,1287034.7
0,40.59,2.989,214.0887176,6.858,1514999.17
1,39.38,3.022,214.4630941,6.858,1486920.17
0,62.86,3.065,215.0679731,6.858,1422600.43
0,60.45,3.288,215.3584231,6.858,1502617.99
0,57.71,3.459,215.6488731,6.858,1494497.39
0,65.07,3.488,215.9035078,6.858,1685375.47
0,70.83,3.473,216.1438163,6.858,1438465.81
0,70.35,3.622,216.6244334,6.855,1534594.0
0,73.17,3.743,216.8446627,6.855,1448797.02
0,74.24,3.807,217.0146941,6.855,1639358.93
0,75.27,3.81,217.1847255,6.855,1479249.9
0,65.42,3.906,217.3547569,6.855,1504651.57
0,76.95,3.899,217.5247882,6.855,1453185.65
0,72.01,3.907,217.2896095,6.855,1382783.83
0,80.83,3.786,217.0544307,6.855,1523979.11
0,84.01,3.699,216.819252,6.855,1705506.29
0,87.08,3.637,216.5371616,6.855,1622150.33
0,85.51,3.594,216.6314502,6.855,1543365.9
0,87.0,3.524,216.7257388,6.925,1694551.15
0,88.93,3.575,216.9044732,6.925,1526801.24
0,88.06,3.651,216.964312,6.925,1526506.08
0,91.46,3.684,217.0839894,6.925,1601584.57
0,89.26,3.554,217.2069662,6.925,1493544.04
0,91.22,3.533,217.3343423,6.925,1481618.74
1,80.21,3.546,217.3980304,6.925,1483574.38
0,84.94,3.526,217.5797506,6.925,1351407.79
0,78.49,3.467,217.9188471,6.925,1336044.75
0,82.51,3.355,218.2579435,6.925,1307551.92
0,71.24,3.274,218.9109844,6.551,1386520.99
0,68.53,3.353,219.0740167,6.551,1417922.37
0,69.51,3.372,219.237049,6.551,1419445.12
0,61.33,3.297,219.5631135,6.551,1536176.54
0,63.89,3.308,219.7897137,6.551,1524390.07
1,62.78,3.236,220.0417412,6.551,2249811.55
0,51.18,3.172,220.2937686,6.551,1688531.34
0,43.64,3.158,220.5457961,6.551,1903385.14
1,46.8,3.129,221.1282634,6.551,1598080.52
0,50.82,3.157,221.3088023,6.132,1395339.71
0,48.33,3.261,221.4893412,6.132,1344243.17
0,55.37,3.268,221.5831306,6.132,1326255.7
0,53.95,3.29,221.6769199,6.132,1315610.66
0,57.45,3.36,221.7707093,6.132,1496305.78
1,48.58,3.409,221.8644987,6.132,1620603.92
0,49.03,3.51,222.026359,6.132,1632616.09
0,59.17,3.555,222.2392726,6.132,1465187.71
0,57.89,3.669,222.6650998,6.132,1569304.4
0,62.8,3.734,222.8186603,6.132,1748010.29
0,63.71,3.787,222.8930835,6.132,1495143.62
0,67.91,3.845,222.9675066,6.132,1508933.26
0,71.6,3.891,223.0419298,5.964,1840131.19
0,68.64,3.877,223.17092,5.964,1456073.24
0,71.5,3.814,223.2254871,5.964,1456221.1
0,77.66,3.749,223.2800541,5.964,1543461.12
0,70.5,3.63,223.3511928,5.964,1513635.64
0,78.47,3.561,223.3525662,5.964,1603793.42
0,80.39,3.501,223.3539397,5.964,1681121.38
0,80.5,3.452,223.3553131,5.964,1696619.52
0,82.1,3.393,223.3680933,5.964,1642247.48
0,81.2,3.346,223.4093906,5.964,1618272.25
0,87.35,3.286,223.4506878,5.964,1648863.46
0,80.27,3.256,223.5332824,5.668,1588142.26
0,81.57,3.311,223.5424501,5.668,1574361.97
0,85.78,3.407,223.5516178,5.668,1513229.16
0,87.55,3.417,223.5607856,5.668,1627274.93
0,87.04,3.494,223.5699533,5.668,1588380.73
0,87.53,3.571,223.6510224,5.668,1543049.52
0,79.03,3.62,223.7860175,5.668,1501095.49
0,83.58,3.638,223.9210125,5.668,1577439.81
1,86.33,3.73,224.0560076,5.668,1608077.01
0,76.41,3.717,224.2004678,5.668,1375166.86
0,70.81,3.721,224.4017192,5.668,1425603.65
0,77.82,3.666,224.6029706,5.668,1369131.46
0,70.84,3.617,224.804222,5.329,1518177.71
0,65.43,3.601,225.0054733,5.329,1459396.84
0,69.68,3.594,225.0501013,5.329,1436883.99
0,72.34,3.506,225.0686254,5.329,1431426.34
0,10.53,2.58,189.3816974,9.014,496725.44
0,27.28,2.55,189.5340998,9.014,506760.54
0,24.91,2.586,189.6018023,9.014,496083.24
0,35.86,2.62,189.6695049,9.014,491419.55
0,27.25,2.684,189.7372075,9.014,480452.1
0,29.04,2.692,189.734262,9.014,574450.23
0,38.26,2.725,189.7048215,8.963,561145.14
0,33.79,2.75,189.6901012,8.963,484263.25
0,41.89,2.765,189.6628845,8.963,406228.19
0,43.07,2.776,189.6190057,8.963,404751.25
0,38.99,2.766,189.575127,8.963,373655.61
0,40.07,2.771,189.5312483,8.963,395453.83
0,41.41,2.788,189.4904116,8.963,372673.61
0,46.6,2.776,189.467827,8.963,395195.65
0,54.24,2.737,189.4452425,8.963,442734.55
0,53.63,2.7,189.422658,8.963,509183.22
0,63.59,2.684,189.4000734,8.963,498580.87
0,52.7,2.674,189.4185259,8.963,481144.09
0,59.94,2.715,189.4533931,8.963,553714.87
0,61.31,2.728,189.4882603,9.017,575570.77
0,58.0,2.711,189.5231276,9.017,593462.34
0,62.19,2.699,189.6125456,9.017,557166.35
0,64.64,2.691,189.774698,9.017,570231.21
0,61.7,2.69,190.0990028,9.017,643854.17
0,60.13,2.723,190.2611552,9.017,598185.4
0,59.59,2.732,190.2948237,9.017,582353.17
0,57.57,2.731,190.3284922,9.017,554309.24
1,48.5,2.78,190.3958293,9.017,535769.32
0,47.55,2.793,190.5713264,9.017,488008.83
0,49.99,2.759,190.6738241,9.137,448998.73
0,44.13,2.745,190.7763218,9.137,480239.88
0,35.86,2.762,190.8623087,9.137,463370.48
0,36.84,2.762,190.9070184,9.137,472450.81
0,34.78,2.748,190.951728,9.137,465493.15
0,49.44,2.729,190.9964377,9.137,480512.44
0,25.56,2.758,191.0312172,9.137,482528.36
1,17.95,2.742,191.0121805,9.137,835189.26
0,21.88,2.712,190.9931437,9.137,552811.62
0,20.74,2.778,191.0303376,9.137,716388.81
0,26.04,2.781,191.1430189,9.137,1045124.88
1,13.76,2.829,191.2557002,9.137,729572.08
0,10.09,2.882,191.3683815,8.818,661163.94
0,11.32,2.911,191.4784939,8.818,547384.9
0,25.4,2.973,191.5731924,8.818,521539.46
0,10.11,3.008,191.667891,8.818,513372.17
1,10.24,3.037,191.8572881,8.818,559903.13
0,17.3,3.051,191.9178331,8.818,572387.47
0,17.46,3.101,191.9647167,8.818,546690.84
0,21.84,3.232,192.0116004,8.818,551378.39
0,27.69,3.406,192.1237981,8.818,635014.69
0,24.83,3.461,192.2691707,8.595,513409.67
0,30.64,3.532,192.3418571,8.595,500552.16
0,27.79,3.611,192.4225954,8.595,423380.14
0,31.84,3.636,192.5234638,8.595,466594.89
0,26.79,3.663,192.6243322,8.595,410429.73
0,36.61,3.767,192.826069,8.595,414094.05
0,36.16,3.828,192.831317,8.595,424670.98
0,37.51,3.795,192.8365651,8.595,457216.87
0,45.77,3.763,192.8418131,8.595,542295.37
0,53.3,3.735,192.8470612,8.595,621099.95
0,48.79,3.697,192.9034759,8.595,610991.35
0,46.85,3.661,192.9982655,8.595,640043.97
0,58.54,3.597,193.0930552,8.622,704344.21
0,59.08,3.54,193.1878448,8.622,761793.94
0,54.37,3.532,193.3125484,8.622,642748.21
0,56.22,3.545,193.5120367,8.622,688043.96
0,56.66,3.547,193.711525,8.622,653382.62
0,55.91,3.554,193.9110133,8.622,695392.84
0,56.06,3.499,194.2500634,8.622,645156.21
0,57.6,3.485,194.3796374,8.622,629994.47
0,53.4,3.511,194.5092113,8.622,592355.24
1,45.61,3.566,194.6387853,8.622,613135.23
0,43.67,3.596,194.7419707,8.622,558981.45
0,47.34,3.538,194.8779718,8.622,488880.26
0,40.65,3.498,194.9459724,8.513,525866.36
0,32.65,3.491,195.0261012,8.513,501959.19
0,37.49,3.548,195.1789994,8.513,558691.43
0,28.82,3.55,195.3318977,8.513,527339.52
1,27.6,3.424,195.7704,8.513,949075.87
0,20.38,3.378,195.8223287,8.513,591907.88
0,11.17,3.331,195.8742575,8.513,653845.45
0,15.2,3.266,195.9841685,8.513,720242.19
0,12.19,3.173,196.1713893,8.513,1059715.27
1,15.56,3.119,196.3586101,8.513,815915.52
0,18.67,3.095,196.5458309,8.256,713117.66
0,7.46,3.077,196.7330517,8.256,593875.46
0,27.41,3.055,196.7796652,8.256,578002.85
0,26.9,3.038,196.8262786,8.256,541037.98
1,18.79,3.103,196.9195056,8.256,563460.77
0,27.03,3.113,196.9432711,8.256,620908.18
0,24.41,3.129,196.9499007,8.256,603041.14
0,21.64,3.191,196.9565303,8.256,551058.13
0,37.29,3.486,197.0457208,8.256,669205.73
0,35.06,3.664,197.2295234,8.256,615997.29
0,44.99,3.75,197.4133259,8.256,583322.2
0,44.29,3.854,197.5971285,8.09,621425.98
0,41.43,3.901,197.780931,8.09,517420.23
0,39.3,3.936,197.7227385,8.09,457340.06
0,51.49,3.927,197.664546,8.09,467827.75
0,48.54,3.87,197.5481609,8.09,460397.41
0,49.41,3.837,197.5553137,8.09,468428.3
0,50.6,3.804,197.5886046,8.09,532739.77
0,55.06,3.764,197.6218954,8.09,598495.02
0,63.07,3.741,197.6551863,8.09,642963.75
0,59.33,3.723,197.692292,8.09,666942.02
0,63.69,3.735,197.7389345,8.09,687344.68
0,68.84,3.693,197.785577,8.09,704335.41
0,64.67,3.646,197.8322195,7.872,805642.61
0,62.87,3.585,197.9290378,7.872,686345.69
0,64.6,3.57,197.9792136,7.872,686365.4
0,61.83,3.528,198.0293893,7.872,680954.81
0,63.41,3.509,198.0795651,7.872,675926.3
0,60.46,3.556,198.0967341,7.872,586467.16
1,57.84,3.596,198.0950484,7.872,597876.55
0,53.66,3.659,198.1267184,7.872,541120.2
0,51.77,3.765,198.358523,7.872,530842.25
0,50.64,3.789,198.5903276,7.872,525545.76
0,48.43,3.779,198.8221322,7.557,505830.56
0,41.43,3.76,199.0539368,7.557,503463.93
0,43.01,3.75,199.1481963,7.557,516424.83
0,34.14,2.572,214.4714512,6.299,1004137.09
1,33.34,2.548,214.6214189,6.299,994801.4
0,37.91,2.561,214.6940735,6.299,847592.11
0,49.76,2.667,214.7492449,6.299,860336.16
0,47.26,2.72,214.5764954,6.299,839911.0
0,46.51,2.732,214.3703567,6.299,772539.12
0,60.18,2.719,214.164218,6.29,914500.91
0,59.25,2.77,213.9580793,6.29,916033.92
0,56.1,2.795,213.768119,6.29,850440.26
0,61.01,2.78,213.7176024,6.29,778672.64
0,61.35,2.854,213.6655355,6.29,873337.84
0,74.71,2.759,214.2500323,6.29,868041.56
0,82.21,2.668,214.834529,6.29,914835.86
0,78.79,2.637,214.8324452,6.29,869922.56
0,81.78,2.653,214.7126286,6.29,814919.11
0,74.78,2.669,214.5928119,6.315,852333.75
0,72.49,2.642,214.4729952,6.315,845289.77
0,77.49,2.623,214.4640599,6.315,848630.57
0,78.29,2.608,214.6029664,6.315,785515.88
0,76.02,2.64,214.7418728,6.315,787295.09
0,80.11,2.692,215.0196857,6.315,867919.21
0,74.92,2.619,214.9362793,6.315,888816.78
0,76.14,2.577,214.894576,6.315,899036.47
1,74.34,2.565,214.8528728,6.315,831425.2
0,75.32,2.582,214.8785562,6.315,836707.85
0,72.21,2.624,214.9547795,6.315,773725.08
0,62.94,2.633,215.1072262,6.433,870349.86
0,62.59,2.72,215.1757,6.433,826546.96
0,62.86,2.725,215.2248,6.433,836419.14
0,57.93,2.716,215.2739,6.433,830756.76
0,55.76,2.689,215.323,6.433,927266.34
0,54.89,2.728,215.3721,6.433,911538.98
0,43.86,2.771,215.2538714,6.433,885608.04
0,42.47,2.843,214.8155214,6.433,1069061.63
0,45.67,2.886,214.7479069,6.433,1511641.09
1,41.47,2.943,214.7447295,6.433,773586.49
0,35.77,2.976,214.7415521,6.262,873065.23
0,39.26,3.01,215.5528862,6.262,782256.66
0,24.48,2.989,215.9327797,6.262,944594.78
1,28.26,3.022,216.3126733,6.262,996147.39
0,51.29,3.065,216.9247918,6.262,917317.15
0,53.18,3.288,217.2185454,6.262,935266.43
0,49.14,3.459,217.512299,6.262,900387.29
0,56.68,3.488,217.7705442,6.262,898289.14
0,59.74,3.473,218.0145862,6.262,827968.36
0,49.86,3.524,218.2586281,6.297,878762.3
0,65.62,3.622,218.50267,6.297,949825.83
0,63.55,3.743,218.7262524,6.297,908278.74
0,65.11,3.807,218.8986857,6.297,937473.13
0,62.29,3.81,219.071119,6.297,855014.77
0,58.92,3.906,219.2435524,6.297,941457.34
0,72.96,3.899,219.4159857,6.297,895763.41
0,65.54,3.907,219.1746922,6.297,836049.89
0,73.14,3.786,218.9333986,6.297,857939.41
0,82.05,3.699,218.6921051,6.297,929222.16
0,82.21,3.648,218.4508115,6.297,897309.41
0,84.73,3.637,218.4021448,6.297,922048.41
0,83.94,3.594,218.4979481,6.297,864881.24
0,85.46,3.651,218.8328475,6.425,829902.42
0,86.46,3.682,218.8910733,6.425,807082.19
0,85.15,3.684,218.9492991,6.425,892393.77
0,86.05,3.638,219.0075249,6.425,856796.1
0,82.92,3.554,219.0701968,6.425,895066.5
0,84.69,3.523,219.1336097,6.425,912542.82
1,69.01,3.546,219.2604355,6.425,848358.09
0,69.09,3.526,219.4442443,6.425,870971.82
0,68.72,3.467,219.788581,6.425,806444.29
0,72.2,3.355,220.1329176,6.425,809049.37
0,67.61,3.285,220.4772543,6.123,929976.55
0,61.74,3.274,220.7960935,6.123,863188.26
0,56.86,3.372,221.1278032,6.123,876712.31
0,49.68,3.332,221.2936581,6.123,947815.05
0,40.82,3.172,222.2071405,6.123,986601.46
0,30.51,3.158,222.4651238,6.123,1051922.95
0,39.79,3.159,222.6910959,6.123,1118163.94
0,38.16,3.112,222.8743862,6.123,1462254.05
1,36.33,3.129,223.0576765,6.123,858572.22
0,43.47,3.157,223.2409668,5.825,872113.23
0,36.46,3.261,223.4242571,5.825,817661.76
0,45.52,3.29,223.6133539,5.825,778178.53
1,35.71,3.409,223.8024507,5.825,1021400.42
0,37.51,3.51,223.9658621,5.825,1096232.89
0,50.95,3.63,224.3959793,5.825,952264.91
0,49.59,3.669,224.6110379,5.825,960115.56
0,56.63,3.734,224.7657327,5.825,921178.39
0,52.9,3.787,224.8399424,5.825,874223.25
0,66.69,3.845,224.9141521,5.825,905935.29
0,65.19,3.891,225.0625714,5.679,909989.45
0,63.59,3.877,225.1179914,5.679,872288.46
0,70.34,3.814,225.1734114,5.679,879448.25
0,73.96,3.749,225.2288314,5.679,937232.09
0,64.96,3.688,225.2842514,5.679,920128.89
0,64.16,3.63,225.3002908,5.679,913922.01
0,76.11,3.561,225.3005779,5.679,895157.44
0,78.31,3.501,225.300865,5.679,921161.2
0,74.28,3.452,225.3011521,5.679,928820.0
0,77.14,3.393,225.3134743,5.679,916918.7
0,78.85,3.346,225.3558843,5.679,899449.65
0,84.47,3.286,225.3982943,5.679,878298.22
0,81.24,3.227,225.4407043,5.401,936205.5
0,78.46,3.256,225.4831143,5.401,890488.01
0,79.94,3.311,225.4930078,5.401,888834.07
0,81.71,3.407,225.5029014,5.401,838227.52
0,81.21,3.571,225.6050797,5.401,896613.19
0,73.77,3.62,225.7418442,5.401,936373.65
0,75.33,3.638,225.8786088,5.401,976137.73
1,80.87,3.73,226.0153733,5.401,932160.37
0,67.21,3.717,226.1615981,5.401,883569.38
0,66.96,3.721,226.3645848,5.401,857796.45
0,71.1,3.666,226.5675714,5.401,884724.41
0,62.99,3.594,227.0184166,5.124,900309.75
0,64.74,3.506,227.0369359,5.124,891671.44
0,38.01,2.572,214.6554591,6.415,549505.55
1,37.08,2.548,214.8056534,6.415,552677.48
0,43.06,2.514,214.8506185,6.415,511327.9
0,43.83,2.561,214.8780453,6.415,473773.27
0,48.43,2.625,214.9054721,6.415,507297.88
0,55.76,2.667,214.932899,6.415,494145.8
0,53.15,2.72,214.7597274,6.415,485744.61
0,51.8,2.732,214.5531227,6.415,484946.56
0,64.95,2.77,214.1399135,6.384,529384.31
0,61.26,2.795,213.9496138,6.384,488683.57
0,66.07,2.78,213.8990459,6.384,491723.42
0,68.58,2.835,213.848478,6.384,526128.61
0,71.5,2.826,214.1399162,6.384,506274.94
0,77.12,2.759,214.4328505,6.384,558143.53
0,79.65,2.705,214.7257848,6.384,586061.46
0,83.75,2.668,215.0187191,6.384,522715.68
0,82.99,2.637,215.0166484,6.384,513073.87
0,78.55,2.669,214.7765028,6.442,528832.54
0,78.51,2.642,214.6564301,6.442,485389.15
0,82.93,2.623,214.6474453,6.442,474030.51
0,79.83,2.64,214.9257105,6.442,468675.19
0,86.85,2.692,215.2039756,6.442,481897.98
0,86.3,2.664,215.1619646,6.442,499325.38
0,84.01,2.619,215.1199536,6.442,506789.66
1,77.7,2.565,215.0359315,6.442,484835.2
0,81.19,2.582,215.0615285,6.442,463448.59
0,77.15,2.624,215.1378313,6.442,452905.22
0,69.08,2.603,215.2141341,6.56,495692.19
0,65.35,2.633,215.290437,6.56,505069.21
0,67.36,2.72,215.3589917,6.56,454769.68
0,69.99,2.725,215.4081762,6.56,466322.76
0,64.43,2.716,215.4573607,6.56,508801.61
0,58.69,2.689,215.5065452,6.56,517869.97
0,61.59,2.728,215.5557297,6.56,520846.68
0,49.89,2.708,215.1445203,6.56,578164.82
0,46.1,2.843,214.9981378,6.56,618121.82
0,49.7,2.869,214.9334937,6.56,685243.2
0,50.93,2.886,214.9301534,6.56,873347.55
1,45.92,2.943,214.9268131,6.56,459770.85
0,41.82,2.976,214.9234729,6.416,490981.78
0,36.43,2.983,214.9749587,6.416,458086.69
0,44.72,3.016,215.3554013,6.416,454021.69
0,43.9,3.01,215.7358438,6.416,463561.48
0,31.82,2.989,216.1162864,6.416,544612.28
1,34.13,3.022,216.496729,6.416,555279.02
0,58.5,3.045,216.8154856,6.416,610985.56
0,59.01,3.065,217.1095679,6.416,513107.2
0,60.67,3.288,217.4036503,6.416,542016.18
0,54.75,3.459,217.6977326,6.416,517783.5
0,63.82,3.488,217.9563371,6.416,515226.11
0,68.79,3.473,218.2007506,6.416,497488.4
0,56.12,3.524,218.445164,6.38,520962.14
0,71.4,3.622,218.6895775,6.38,561625.92
0,71.9,3.743,218.9134935,6.38,528420.28
0,72.35,3.807,219.0861659,6.38,549502.11
0,62.2,3.906,219.4315106,6.38,545251.1
0,70.49,3.907,219.3622809,6.38,518266.9
0,89.15,3.637,218.5877333,6.38,558671.14
0,86.74,3.594,218.6836874,6.38,538745.93
0,89.14,3.524,218.7796415,6.404,537064.03
0,89.04,3.48,218.8755955,6.404,535983.13
0,90.45,3.575,218.9607242,6.404,512834.04
0,89.08,3.651,219.0187895,6.404,491449.94
0,91.1,3.682,219.0768548,6.404,471449.98
0,91.52,3.684,219.1349201,6.404,554879.67
0,91.63,3.638,219.1929854,6.404,520284.79
0,85.8,3.554,219.2556109,6.404,540819.44
0,88.95,3.523,219.3189965,6.404,542663.53
0,89.33,3.533,219.382382,6.404,544643.33
1,75.65,3.546,219.4457675,6.404,528784.86
0,77.95,3.526,219.6297841,6.404,500274.03
0,74.42,3.467,219.9746423,6.404,506743.78
0,78.45,3.355,220.3195004,6.404,508567.04
0,72.62,3.285,220.6643585,6.054,553836.98
0,67.27,3.274,220.9836849,6.054,529515.66
0,65.46,3.353,221.1498206,6.054,557075.21
0,63.96,3.372,221.3159563,6.054,548527.49
0,54.46,3.332,221.4820921,6.054,597855.07
0,58.28,3.297,221.6482278,6.054,594574.12
0,58.8,3.308,221.8803923,6.054,542414.27
1,54.32,3.236,222.1389683,6.054,814753.5
0,46.84,3.172,222.3975443,6.054,613115.21
0,37.65,3.158,222.6561203,6.054,630327.28
0,47.31,3.159,222.8825484,6.054,705557.97
0,44.43,3.112,223.0661125,6.054,905324.68
1,43.41,3.129,223.2496766,6.054,549788.36
0,47.54,3.157,223.4332408,5.667,519585.67
0,42.44,3.261,223.6168049,5.667,474964.6
0,49.38,3.29,223.8060527,5.667,482451.21
0,54.43,3.36,223.9006766,5.667,549967.89
1,44.03,3.409,223.9953006,5.667,609736.12
0,43.81,3.51,224.1588663,5.667,658965.05
0,53.67,3.555,224.3741384,5.667,563578.79
0,57.2,3.63,224.5894104,5.667,619498.28
0,54.03,3.669,224.8046825,5.667,574955.95
0,59.94,3.734,224.9594902,5.667,550373.57
0,58.79,3.787,225.0336786,5.667,550791.32
0,68.83,3.891,225.1820555,5.539,677885.99
0,69.19,3.891,225.2562439,5.539,578539.86
0,68.04,3.877,225.3117488,5.539,542819.03
0,73.07,3.814,225.3672537,5.539,550414.99
0,78.98,3.749,225.4227585,5.539,586289.08
0,69.52,3.63,225.4942498,5.539,571463.93
0,79.69,3.561,225.4944288,5.539,547226.0
0,80.26,3.501,225.4946078,5.539,583648.59
0,78.91,3.452,225.4947868,5.539,582525.42
0,82.21,3.393,225.5070634,5.539,564606.1
0,81.05,3.346,225.5495841,5.539,562173.12
0,87.18,3.286,225.5921049,5.539,544770.7
0,84.15,3.227,225.6346256,5.277,578790.36
0,82.39,3.256,225.6771463,5.277,536537.64
0,83.39,3.311,225.6871121,5.277,513991.57
0,90.23,3.417,225.7070437,5.277,533887.54
0,88.66,3.494,225.7170094,5.277,538713.47
0,86.37,3.571,225.7995323,5.277,535153.47
0,77.9,3.62,225.9364729,5.277,572887.78
0,80.71,3.638,226.0734135,5.277,576879.15
1,87.93,3.73,226.2103541,5.277,565812.29
0,73.55,3.717,226.3567545,5.277,523427.35
0,69.92,3.721,226.5599138,5.277,533756.88
0,66.61,3.617,226.9662325,4.954,606755.3
0,60.09,3.601,227.1693919,4.954,558464.8
0,68.01,3.594,227.214288,4.954,542009.46
0,69.52,3.506,227.2328068,4.954,549731.49
1,49.96,2.828,126.4962581,9.765,2176028.52
0,58.22,2.915,126.5262857,9.765,2113432.58
0,52.77,2.825,126.5522857,9.765,2006774.96
0,55.92,2.877,126.5782857,9.765,1987090.09
0,61.46,3.054,126.6066452,9.765,1946875.06
0,60.05,2.98,126.6050645,9.765,1893532.46
0,63.66,3.086,126.6034839,9.524,2138651.97
0,65.29,3.004,126.6019032,9.524,2041069.37
0,66.42,3.05,126.4713333,9.524,1829521.83
0,69.76,3.105,126.3805667,9.524,1790694.59
0,71.06,3.127,126.2898,9.524,1921432.16
0,73.88,3.145,126.2085484,9.524,1808056.41
0,78.32,3.12,126.1843871,9.524,1847613.58
0,76.67,3.058,126.1602258,9.524,1904618.17
0,82.82,2.941,126.1360645,9.524,1931406.28
0,89.67,3.057,126.1119032,9.524,1827521.71
0,83.49,2.935,126.114,9.524,1837636.24
0,90.32,3.084,126.1266,9.524,1768172.31
0,92.89,2.978,126.1392,9.199,1845893.87
0,91.03,3.1,126.1518,9.199,1769793.37
0,86.13,3.123,126.0854516,9.199,1949236.09
0,88.37,3.049,126.064,9.199,1962996.7
0,89.88,3.041,126.0766452,9.199,1983190.56
0,84.99,3.022,126.0892903,9.199,1727565.42
0,83.8,3.087,126.1019355,9.199,1766331.45
1,84.04,2.961,126.1145806,9.199,1720530.23
0,85.52,3.028,126.1454667,9.199,1716755.78
0,85.75,2.939,126.1900333,9.199,1655036.75
0,86.01,3.001,126.2346,9.003,1645892.97
0,77.04,2.924,126.2791667,9.003,1772192.42
0,68.12,3.014,126.3815484,9.003,1740234.06
0,68.76,3.13,126.4364194,9.003,1741308.56
0,71.04,3.009,126.4912903,9.003,1832211.96
0,61.24,3.13,126.5461613,9.003,1895901.59
0,58.83,3.047,126.6072,9.003,1949177.13
0,51.17,3.041,126.7313333,9.003,2251206.64
0,60.51,3.091,126.7934,9.003,2411790.21
0,57.06,3.236,126.9835806,9.003,3749057.69
1,49.67,3.148,127.0876774,9.003,1707298.14
0,43.43,3.287,127.1917742,8.744,1714309.9
0,49.98,3.312,127.3009355,8.744,1710803.59
0,56.75,3.336,127.4404839,8.744,1677556.18
0,53.03,3.231,127.5800323,8.744,1715769.05
0,44.88,3.348,127.7195806,8.744,1968045.91
1,51.51,3.381,127.859129,8.744,2115408.31
0,61.77,3.43,127.99525,8.744,2106934.55
0,53.59,3.398,128.13,8.744,1967996.71
0,56.96,3.674,128.26475,8.744,1958003.19
0,64.22,3.63,128.3995,8.744,1933469.15
0,70.12,3.892,128.5121935,8.744,1884734.31
0,62.53,3.716,128.6160645,8.744,1815798.85
0,67.64,3.772,128.7199355,8.494,1827733.18
0,61.05,4.089,128.9107333,8.494,1781767.22
0,75.93,3.917,128.9553,8.494,2004831.14
0,73.38,4.151,128.9998667,8.494,1873646.34
0,73.56,4.193,129.0444333,8.494,1841369.99
0,74.04,4.202,129.089,8.494,1712995.44
0,72.62,3.99,129.0756774,8.494,1720908.01
0,84.57,3.981,129.0357097,8.494,1740063.1
0,95.36,3.842,129.0894,8.257,1751369.75
0,88.57,3.793,129.1125,8.257,1699708.38
0,86.01,3.779,129.1338387,8.257,1775068.4
0,88.59,3.697,129.1507742,8.257,1774342.61
0,86.75,3.694,129.1677097,8.257,1745841.33
0,89.8,3.803,129.1846452,8.257,1886299.98
0,85.61,3.794,129.2015806,8.257,1917397.63
0,87.4,3.743,129.2405806,8.257,1954849.68
0,91.59,3.663,129.2832581,8.257,1728399.07
0,91.61,3.798,129.3259355,8.257,1758587.35
1,89.06,3.771,129.3686129,8.257,1670579.82
0,77.49,3.784,129.4306,8.257,1650894.3
0,82.51,3.789,129.5183333,8.257,1685910.53
0,82.27,3.877,129.6060667,8.257,1627707.31
0,75.01,3.827,129.6938,7.874,1788227.6
0,70.27,3.698,129.7706452,7.874,1704753.02
0,72.79,3.843,129.7936774,7.874,1771792.97
0,68.57,3.828,129.8051935,7.874,1904438.59
0,55.28,3.677,129.8167097,7.874,2076570.84
0,58.97,3.669,129.8268333,7.874,1869087.85
1,60.68,3.76,129.8364,7.874,2950198.64
0,57.29,3.701,129.8459667,7.874,2068097.18
0,42.58,3.644,129.8555333,7.874,2429310.9
0,50.53,3.489,129.8980645,7.874,2555031.18
0,48.36,3.541,129.9845484,7.874,3487986.89
0,59.85,3.443,130.1575161,7.545,1683401.78
0,54.51,3.66,130.2792258,7.545,1675562.94
0,53.59,3.675,130.3144516,7.545,1632406.0
0,56.85,3.543,130.3496774,7.545,1867403.01
1,55.73,3.722,130.3849032,7.545,2218595.8
0,54.12,3.781,130.4546207,7.545,2168709.76
0,56.02,3.95,130.5502069,7.545,2039415.74
0,57.62,3.882,130.6457931,7.545,1990371.02
0,57.65,3.963,130.7413793,7.545,1917483.1
0,62.11,4.273,130.8261935,7.545,1930814.66
0,56.54,4.288,130.8966452,7.545,1837457.69
0,67.92,4.294,130.9670968,7.545,1815760.42
0,65.99,4.282,131.0375484,7.382,2163384.17
0,70.28,4.254,131.108,7.382,1974687.51
0,67.75,4.111,131.1173333,7.382,1777166.53
0,77.02,4.058,131.136,7.382,1821364.42
0,85.19,4.308,131.0983226,7.382,1795152.73
0,80.06,4.277,130.9592258,7.382,1767471.48
0,86.87,3.666,130.7196333,7.17,1805999.79
0,89.8,3.723,130.683,7.17,1765571.91
0,84.45,3.589,130.7012903,7.17,1869967.03
0,83.98,3.769,130.7195806,7.17,1817603.66
0,90.78,3.811,130.7561613,7.17,1880436.94
0,82.5,4.055,130.8381613,7.17,1764984.15
0,86.97,3.886,130.8853548,7.17,1650285.54
0,78.47,3.966,130.9776667,7.17,1640168.99
0,82.52,3.966,131.043,7.17,1694862.41
0,80.88,4.132,131.0756667,6.943,1758971.38
0,76.03,4.468,131.1083333,6.943,1713889.11
0,72.71,4.449,131.1499677,6.943,1734834.82
0,46.04,2.572,214.4248812,7.368,1528008.64
0,52.79,2.561,214.6475127,7.368,1336404.65
0,53.96,2.625,214.6751386,7.368,1426622.65
0,69.57,2.77,213.9120595,7.343,1470308.32
0,67.81,2.808,213.7726889,7.343,1323243.35
0,68.37,2.795,213.7221852,7.343,1283766.55
0,71.13,2.78,213.6716815,7.343,1239766.89
0,77.64,2.854,213.6196139,7.343,1266796.13
0,76.97,2.826,213.9116886,7.343,1271646.62
0,79.69,2.759,214.2037634,7.343,1264272.52
0,79.66,2.705,214.4958382,7.343,1396322.19
0,82.81,2.668,214.787913,7.343,1339570.85
0,84.13,2.637,214.7858259,7.343,1336522.92
0,84.5,2.653,214.6660741,7.343,1262025.08
0,83.09,2.669,214.5463222,7.346,1302600.14
0,83.01,2.642,214.4265704,7.346,1280156.47
0,84.9,2.623,214.4176476,7.346,1290609.54
0,84.57,2.608,214.5564968,7.346,1244390.03
0,86.54,2.627,214.8341952,7.346,1369634.92
0,87.73,2.692,214.9730444,7.346,1384339.1
0,88.93,2.664,214.9314191,7.346,1430192.37
0,87.7,2.619,214.8897938,7.346,1311263.07
0,84.94,2.577,214.8481685,7.346,1303914.27
1,81.93,2.565,214.8065431,7.346,1231428.46
0,83.04,2.582,214.8322484,7.346,1215676.31
0,77.36,2.624,214.9084516,7.346,1170103.25
0,68.71,2.633,215.060858,7.564,1293472.8
0,72.6,2.725,215.17839,7.564,1169831.38
0,64.41,2.689,215.2765472,7.564,1332759.13
0,63.74,2.728,215.3256258,7.564,1281675.6
0,58.63,2.771,215.2074519,7.564,1292346.57
1,69.9,2.735,215.0614025,7.564,1757242.51
0,55.9,2.708,214.9153531,7.564,1380522.64
0,53.33,2.843,214.7693037,7.564,1564516.43
0,54.63,2.869,214.704919,7.564,1843971.15
1,55.03,2.943,214.6986466,7.564,1172003.1
0,54.43,2.976,214.6955104,7.551,1178905.44
0,45.34,2.983,214.7470729,7.551,1194449.78
0,51.51,3.016,215.1268275,7.551,1187776.19
0,47.17,2.989,215.8863367,7.551,1422546.05
1,44.61,3.022,216.2660913,7.551,1419236.9
0,61.5,3.045,216.5843571,7.551,1554747.15
0,68.74,3.065,216.8780275,7.551,1323999.36
0,63.29,3.459,217.4653683,7.551,1314557.31
0,69.1,3.524,218.2114184,7.574,1258674.12
0,73.57,3.622,218.4553663,7.574,1327401.06
0,76.64,3.743,218.6788642,7.574,1312905.8
0,78.31,3.807,218.851237,7.574,1388118.53
0,79.97,3.81,219.0236099,7.574,1357589.89
0,71.39,3.906,219.1959827,7.574,1331453.41
0,80.93,3.899,219.3683556,7.574,1277959.42
0,76.97,3.907,219.127216,7.574,1239466.97
0,85.61,3.786,218.8860765,7.574,1216876.52
0,86.14,3.699,218.6449369,7.574,1343637.0
0,85.79,3.648,218.4037974,7.574,1314626.75
0,87.9,3.637,218.3551748,7.574,1337506.74
0,86.13,3.594,218.45094,7.574,1254587.84
0,86.43,3.524,218.5467052,7.567,1297472.06
0,87.17,3.48,218.6424704,7.567,1334627.96
0,88.3,3.575,218.7275216,7.567,1266546.73
0,87.8,3.651,218.7857881,7.567,1290576.44
0,89.46,3.682,218.8440545,7.567,1212938.67
0,90.04,3.684,218.9023209,7.567,1403198.94
0,90.3,3.638,218.9605873,7.567,1354188.43
0,89.51,3.554,219.023271,7.567,1484169.74
0,89.09,3.523,219.0866908,7.567,1304706.75
0,91.44,3.533,219.1501106,7.567,1297792.41
1,84.91,3.546,219.2135305,7.567,1249439.95
0,84.4,3.355,220.085696,7.567,1190515.83
0,75.56,3.274,220.7486167,7.197,1286388.96
0,70.91,3.353,220.9144005,7.197,1325107.53
0,61.13,3.332,221.245968,7.197,1458287.38
0,64.2,3.297,221.4117517,7.197,1366053.69
0,56.89,3.172,222.1589519,7.197,1399322.44
0,50.63,3.158,222.4167852,7.197,1646655.94
0,59.69,3.159,222.6426418,7.197,1783910.06
0,54.44,3.157,223.1923049,6.833,1283885.55
0,53.1,3.261,223.3755259,6.833,1264736.59
0,58.36,3.29,223.5645845,6.833,1162675.85
0,60.24,3.36,223.6591137,6.833,1376732.18
1,52.23,3.409,223.753643,6.833,1574287.76
0,52.77,3.51,223.9170153,6.833,1569607.94
0,61.11,3.555,224.1320199,6.833,1379473.03
0,62.61,3.63,224.3470245,6.833,1438383.44
0,61.44,3.669,224.5620291,6.833,1413382.76
0,74.19,3.891,224.9393405,6.664,1596325.01
0,72.74,3.891,225.0135556,6.664,1472752.01
0,71.97,3.877,225.0689541,6.664,1315356.99
0,79.07,3.749,225.1797511,6.664,1370251.22
0,75.13,3.688,225.2351496,6.664,1300147.07
0,78.44,3.561,225.2515168,6.664,1297335.87
0,82.1,3.452,225.2521458,6.664,1414343.53
0,84.97,3.393,225.2644795,6.664,1417875.42
0,83.26,3.346,225.3068615,6.664,1355680.3
0,83.44,3.227,225.3916254,6.334,1461129.94
0,82.46,3.256,225.4340074,6.334,1320239.51
0,82.41,3.311,225.4438827,6.334,1344483.81
0,85.43,3.407,225.4537579,6.334,1272395.02
0,86.94,3.417,225.4636332,6.334,1399341.07
0,86.21,3.494,225.4735085,6.334,1388973.65
0,87.73,3.571,225.5558664,6.334,1421307.2
0,83.17,3.62,225.6925864,6.334,1409515.73
1,85.17,3.73,225.9660263,6.334,1304584.4
0,79.61,3.717,226.1122067,6.334,1267675.05
0,77.67,3.666,226.5180926,6.334,1227430.73
0,73.77,3.594,226.9688442,6.034,1232073.18
0,74.26,3.506,226.9873637,6.034,1200729.45
1,47.87,2.946,126.4962581,13.975,1117863.33
0,54.83,2.915,126.5262857,13.975,1095421.65
0,50.23,2.825,126.5522857,13.975,1048617.17
0,53.77,2.987,126.5782857,13.975,1077018.27
0,50.11,2.925,126.6042857,13.975,985594.23
0,59.57,3.054,126.6066452,13.975,972088.34
0,60.06,3.083,126.6050645,13.975,981615.81
0,59.84,3.086,126.6034839,14.099,1011822.3
0,64.95,3.109,126.5621,14.099,957997.52
0,64.55,3.05,126.4713333,14.099,993833.44
0,67.38,3.105,126.3805667,14.099,954220.22
0,68.44,3.145,126.2085484,14.099,966054.97
0,76.2,3.12,126.1843871,14.099,958374.56
0,67.84,3.058,126.1602258,14.099,955451.16
0,81.39,2.941,126.1360645,14.099,1049357.36
0,90.84,2.949,126.1119032,14.099,1016039.71
0,81.06,3.043,126.114,14.099,956211.2
0,87.27,3.084,126.1266,14.099,958007.69
0,91.98,3.105,126.1392,14.18,951957.31
0,90.37,3.1,126.1518,14.18,943506.28
0,99.22,3.112,126.1283548,14.18,912403.67
0,96.31,3.017,126.1069032,14.18,913548.25
0,92.95,3.123,126.0854516,14.18,967576.95
0,87.01,3.159,126.064,14.18,928264.4
0,92.81,3.041,126.0766452,14.18,948447.34
0,93.19,3.129,126.0892903,14.18,1004516.46
1,83.63,3.044,126.1145806,14.18,903119.03
0,82.45,3.028,126.1454667,14.18,852882.61
0,81.77,2.939,126.1900333,14.18,851919.34
0,85.2,3.001,126.2346,14.313,850936.26
0,71.82,3.013,126.2791667,14.313,918335.68
0,75.0,2.976,126.3266774,14.313,862419.84
0,68.85,3.014,126.3815484,14.313,857883.46
0,65.49,3.129,126.4912903,14.313,929690.71
0,57.79,3.13,126.5461613,14.313,942475.24
0,58.18,3.161,126.6072,14.313,894493.7
1,47.66,3.162,126.6692667,14.313,1601377.41
0,50.01,3.203,126.7934,14.313,1121934.15
0,52.02,3.236,126.9835806,14.313,1768249.89
1,45.64,3.148,127.0876774,14.313,891736.91
0,37.64,3.287,127.1917742,14.021,910110.24
0,43.15,3.312,127.3009355,14.021,812011.8
0,53.53,3.223,127.4404839,14.021,802105.5
0,50.74,3.342,127.5800323,14.021,873119.06
0,45.14,3.348,127.7195806,14.021,1046068.17
0,53.35,3.43,127.99525,14.021,1128485.1
0,48.45,3.53,128.13,14.021,1046203.72
0,57.75,3.818,128.3995,14.021,997672.62
0,64.21,3.692,128.5121935,14.021,1009502.01
0,54.4,3.909,128.6160645,14.021,954107.32
0,64.47,4.003,128.8238065,13.736,998362.05
0,57.63,3.868,128.9107333,13.736,990951.77
0,72.12,4.134,128.9553,13.736,1016019.47
0,68.27,4.151,128.9998667,13.736,994966.1
0,68.4,4.193,129.0444333,13.736,1021154.48
0,66.59,4.169,129.0756774,13.736,924134.99
0,76.67,4.087,129.0623548,13.736,964332.51
0,71.81,4.031,129.0490323,13.736,970328.68
0,78.72,3.981,129.0357097,13.736,996937.95
0,86.84,3.935,129.0432,13.736,986504.93
0,88.95,3.898,129.0663,13.736,997282.75
0,89.85,3.842,129.0894,13.503,961993.34
0,88.1,3.692,129.1338387,13.503,936001.98
0,91.17,3.794,129.1507742,13.503,922231.92
0,93.29,3.805,129.1677097,13.503,890547.07
0,91.04,3.701,129.2015806,13.503,955913.68
1,88.0,3.913,129.3686129,13.503,922850.57
0,76.36,3.918,129.4306,13.503,889290.23
0,82.95,3.789,129.5183333,13.503,871692.74
0,83.26,3.877,129.6060667,13.503,866401.45
0,70.44,3.827,129.6938,12.89,951244.66
0,67.31,3.805,129.7706452,12.89,927600.01
0,73.05,3.842,129.7821613,12.89,938604.58
0,67.41,3.727,129.7936774,12.89,990926.38
0,59.77,3.828,129.8051935,12.89,1051944.79
0,54.2,3.813,129.8268333,12.89,970641.34
1,53.25,3.622,129.8364,12.89,1591920.42
0,52.5,3.701,129.8459667,12.89,1071383.1
0,42.17,3.644,129.8555333,12.89,1189646.45
0,43.29,3.6,129.8980645,12.89,1293404.18
0,45.4,3.541,129.9845484,12.89,1617612.03
1,44.64,3.428,130.0710323,12.89,1111638.07
0,50.43,3.599,130.1575161,12.187,945823.65
0,46.2,3.66,130.2792258,12.187,855922.64
0,50.43,3.675,130.3144516,12.187,888203.69
0,50.58,3.702,130.3496774,12.187,1058767.95
1,52.27,3.722,130.3849032,12.187,1199330.85
0,51.8,3.781,130.4546207,12.187,1240048.85
0,53.13,3.95,130.5502069,12.187,1112034.72
0,54.54,4.25,130.7413793,12.187,1113208.57
0,64.44,4.273,130.8261935,12.187,1088498.52
0,56.26,4.038,130.8966452,12.187,1045419.87
0,64.36,4.294,130.9670968,12.187,1025382.22
0,64.05,4.121,131.0375484,11.627,1128765.71
0,77.99,4.193,131.1266667,11.627,1004252.38
0,76.03,4.171,131.136,11.627,1073433.69
0,77.27,4.186,131.1453333,11.627,1041995.22
0,83.84,4.293,131.0287742,11.627,991514.21
0,78.11,4.277,130.9592258,11.627,981345.2
0,84.83,4.103,130.8896774,11.627,1086231.47
0,85.94,4.144,130.8295333,11.627,1019555.51
0,90.47,3.875,130.7562667,11.627,943124.74
0,89.13,3.765,130.7196333,10.926,1014898.78
0,95.61,3.723,130.683,10.926,960312.75
0,85.53,3.726,130.7012903,10.926,941550.34
0,93.47,3.769,130.7195806,10.926,916967.92
0,88.16,3.76,130.737871,10.926,958667.23
0,95.91,3.811,130.7561613,10.926,984689.9
0,94.87,4.002,130.7909677,10.926,1005003.12
0,85.32,4.055,130.8381613,10.926,1048101.39
0,89.78,4.093,130.8853548,10.926,1061943.49
1,88.52,4.124,130.9325484,10.926,955146.04
0,83.64,4.133,130.9776667,10.926,885892.37
0,81.22,3.966,131.043,10.926,880415.67
0,71.74,4.468,131.1083333,10.199,934917.47
0,65.95,4.301,131.1930968,10.199,974697.6
0,31.53,2.666,126.4420645,8.316,1967220.53
1,33.16,2.671,126.4962581,8.316,2030933.46
0,29.98,2.667,126.5522857,8.316,1817850.32
0,37.62,2.733,126.6042857,8.316,1840686.94
0,42.49,2.782,126.6066452,8.316,1879794.89
0,41.48,2.819,126.6050645,8.316,1882095.98
0,42.15,2.842,126.6034839,8.107,2142482.14
0,38.97,2.877,126.6019032,8.107,1898321.33
0,50.39,2.915,126.5621,8.107,1819660.44
0,48.33,2.941,126.3805667,8.107,1785823.37
0,50.15,2.962,126.2085484,8.107,1890273.44
0,57.71,2.95,126.1843871,8.107,1853657.6
0,59.85,2.871,126.1360645,8.107,2022705.22
0,65.24,2.841,126.1119032,8.107,2037880.96
0,58.41,2.819,126.114,8.107,2003435.31
0,71.83,2.82,126.1266,8.107,1970340.25
0,78.82,2.814,126.1392,7.951,2018314.71
0,71.33,2.802,126.1518,7.951,1870843.9
0,77.79,2.791,126.1498065,7.951,1932231.05
0,82.27,2.797,126.1283548,7.951,1907351.2
0,78.94,2.797,126.1069032,7.951,1817887.23
0,81.24,2.802,126.0854516,7.951,1969121.45
0,74.93,2.837,126.064,7.951,1877592.55
0,76.34,2.85,126.0766452,7.951,1997397.63
0,75.31,2.854,126.0892903,7.951,1908278.27
0,65.71,2.868,126.1019355,7.951,1911852.58
1,65.74,2.87,126.1145806,7.951,1772143.94
0,66.84,2.875,126.1454667,7.951,1790279.74
0,68.22,2.872,126.1900333,7.951,1705655.09
0,68.74,2.853,126.2346,7.795,1765584.48
0,63.03,2.841,126.2791667,7.795,1871924.07
0,54.12,2.845,126.3266774,7.795,1851431.06
0,45.12,2.841,126.4364194,7.795,1887895.07
0,49.96,2.831,126.4912903,7.795,1854967.66
1,28.22,2.83,126.6692667,7.795,2766400.05
0,25.8,2.812,126.7313333,7.795,2083379.89
0,36.78,2.817,126.7934,7.795,2461468.35
0,35.21,2.842,126.8794839,7.795,2771646.81
1,26.79,2.868,127.0876774,7.795,1675292.0
0,16.94,2.891,127.1917742,7.47,1744544.39
0,20.6,2.903,127.3009355,7.47,1682316.31
0,34.8,2.934,127.4404839,7.47,1770177.37
1,30.83,3.034,127.859129,7.47,1944438.9
0,33.17,3.12,128.13,7.47,1831933.95
0,34.23,3.23,128.26475,7.47,1894960.68
0,41.28,3.346,128.3995,7.47,1852432.58
0,44.69,3.407,128.5121935,7.47,1852443.78
0,42.38,3.435,128.6160645,7.47,1807545.43
0,42.49,3.487,128.7199355,7.193,1864238.64
0,42.75,3.547,128.8238065,7.193,1887465.04
0,41.72,3.616,128.9107333,7.193,1950994.04
0,47.75,3.744,129.0444333,7.193,1986380.4
0,52.12,3.802,129.0756774,7.193,1860923.55
0,52.76,3.752,129.0490323,7.193,1935593.87
0,63.35,3.704,129.0432,7.193,2086433.49
0,66.38,3.668,129.0663,7.193,2009163.08
0,74.29,3.613,129.0894,6.877,2048035.74
0,77.3,3.563,129.1125,6.877,2021699.38
0,75.59,3.553,129.1338387,6.877,1956813.31
0,78.5,3.563,129.1507742,6.877,1987089.36
0,77.62,3.574,129.1677097,6.877,1880785.69
0,75.56,3.595,129.1846452,6.877,2076231.8
0,75.95,3.606,129.2015806,6.877,1970341.38
0,76.68,3.578,129.2405806,6.877,2090340.98
0,81.53,3.57,129.2832581,6.877,2035244.54
0,77.0,3.58,129.3259355,6.877,1953628.82
1,70.19,3.619,129.3686129,6.877,1872921.31
0,67.54,3.641,129.4306,6.877,1923223.82
0,63.6,3.648,129.5183333,6.877,1847430.96
0,68.28,3.623,129.6060667,6.877,1835662.69
0,60.62,3.592,129.6938,6.392,2067232.56
0,51.74,3.567,129.7706452,6.392,1929659.07
0,54.66,3.579,129.7821613,6.392,1973544.27
0,47.41,3.567,129.7936774,6.392,1948733.81
0,43.51,3.538,129.8051935,6.392,2036317.54
0,33.8,3.513,129.8167097,6.392,2111592.09
0,40.65,3.489,129.8268333,6.392,2016323.51
0,33.94,3.389,129.8459667,6.392,2051315.66
0,27.85,3.282,129.8980645,6.392,2760346.71
1,31.53,3.119,130.0710323,6.392,1969056.91
0,33.8,3.08,130.1575161,6.104,1865752.78
0,25.61,3.056,130.244,6.104,1794962.64
0,32.71,3.047,130.2792258,6.104,1811606.21
0,34.32,3.058,130.3144516,6.104,1733983.09
0,31.39,3.077,130.3496774,6.104,1927780.74
1,33.73,3.116,130.3849032,6.104,2069284.57
0,36.57,3.119,130.4546207,6.104,2214477.06
0,32.36,3.242,130.6457931,6.104,1969742.76
0,38.24,3.38,130.7413793,6.104,1986445.65
0,52.5,3.529,130.8261935,6.104,2025582.62
0,53.2,3.734,130.9670968,6.104,1948982.7
0,48.85,3.793,131.0375484,5.965,2271614.76
0,51.7,3.833,131.108,5.965,2057637.86
0,50.24,3.845,131.1173333,5.965,1955689.12
0,64.8,3.842,131.1266667,5.965,1970121.65
0,54.41,3.831,131.136,5.965,1995994.51
0,56.47,3.809,131.1453333,5.965,2080764.17
0,65.17,3.808,131.0983226,5.965,2131900.55
0,62.39,3.801,131.0287742,5.965,2043349.41
0,61.11,3.788,130.9592258,5.965,2035431.39
0,68.4,3.776,130.8896774,5.965,2182437.9
0,65.97,3.756,130.8295333,5.965,2152229.11
0,72.89,3.737,130.7929,5.965,2094373.0
0,79.23,3.63,130.7196333,5.765,2184980.35
0,83.68,3.595,130.683,5.765,2002750.99
0,75.69,3.556,130.7012903,5.765,2053089.32
0,80.42,3.537,130.7195806,5.765,1914430.53
0,81.99,3.512,130.737871,5.765,2044148.23
0,81.69,3.509,130.7561613,5.765,2041019.92
0,79.4,3.545,130.7909677,5.765,2095769.18
0,77.37,3.582,130.8381613,5.765,2059458.25
1,70.65,3.689,130.9325484,5.765,2165796.31
0,68.55,3.749,130.9776667,5.765,1919917.03
0,67.96,3.821,131.0103333,5.765,1938379.66
0,64.8,3.821,131.043,5.765,1927664.11
0,61.79,3.815,131.0756667,5.621,2041918.74
0,55.1,3.797,131.1083333,5.621,1999079.44
0,52.06,3.781,131.1499677,5.621,2018010.15
0,46.97,3.755,131.1930968,5.621,2035189.66
0,27.31,2.784,181.8711898,8.992,2623469.95
1,27.73,2.773,181.982317,8.992,1704218.84
0,31.27,2.745,182.0347816,8.992,2204556.7
0,34.89,2.754,182.0774691,8.992,2095591.63
0,37.13,2.777,182.1201566,8.992,2237544.75
0,45.8,2.818,182.1628441,8.992,2156035.06
0,65.45,2.869,181.7596377,8.899,2258781.28
0,54.28,2.899,181.6924769,8.899,2121788.61
0,53.15,2.921,181.6620359,8.899,2082355.12
0,54.26,2.982,181.6612792,8.899,2129771.13
0,62.62,2.958,181.8538486,8.899,2108187.1
0,69.27,2.899,182.0464181,8.899,2227152.16
0,69.71,2.809,182.4315571,8.899,2249570.04
0,72.62,2.78,182.4424199,8.899,2248645.59
0,79.32,2.808,182.3806,8.899,2246179.91
0,76.61,2.815,182.3187801,8.743,2334788.42
0,82.45,2.793,182.2569603,8.743,2236209.13
0,77.84,2.783,182.2604411,8.743,2130287.27
0,81.46,2.771,182.3509895,8.743,2044155.39
0,79.78,2.781,182.4415378,8.743,2054843.28
0,77.17,2.784,182.5320862,8.743,2219813.5
0,78.44,2.805,182.6226346,8.743,2052984.81
0,76.01,2.779,182.6165205,8.743,2057138.31
0,71.36,2.755,182.6104063,8.743,2020332.07
0,78.37,2.715,182.6042922,8.743,2182563.66
0,66.55,2.706,182.622509,8.743,1953539.85
0,68.59,2.713,182.6696737,8.743,1879891.13
0,56.49,2.764,182.7640032,8.724,2091663.2
0,53.15,2.917,182.8558685,8.724,1936621.09
0,61.3,2.921,182.9011166,8.724,1984768.34
0,45.65,2.917,182.9463648,8.724,2078417.47
0,50.02,3.0,182.8989385,8.724,1968462.58
0,40.93,3.046,182.6676154,8.724,2258489.63
0,30.54,3.109,182.5519538,8.724,2600519.26
0,30.51,3.14,182.517732,8.724,2762861.41
0,30.59,3.141,182.54459,8.724,3818686.45
1,29.67,3.179,182.5714479,8.724,1623716.46
0,34.32,3.193,182.5983058,8.549,1864746.1
0,24.78,3.205,182.6585782,8.549,1699095.9
0,30.55,3.229,182.9193368,8.549,1743188.87
0,24.05,3.237,183.1800955,8.549,1613718.38
0,28.73,3.231,183.4408542,8.549,1995891.87
1,30.3,3.239,183.7016129,8.549,1980405.03
0,40.7,3.245,183.9371353,8.549,2019031.67
0,35.78,3.274,184.1625632,8.549,1875708.88
0,38.65,3.433,184.3879911,8.549,2041215.61
0,45.01,3.582,184.613419,8.549,1931104.67
0,46.66,3.631,184.809719,8.549,1932491.42
0,41.76,3.625,184.9943679,8.549,1879451.23
0,37.27,3.638,185.1790167,8.521,1869110.55
0,48.71,3.72,185.3636656,8.521,2037798.88
0,53.69,3.821,185.5339821,8.521,1974960.86
0,66.18,3.962,185.8029526,8.521,1930617.64
0,62.28,4.062,185.9661154,8.521,1959967.8
0,69.7,3.985,185.8603077,8.521,2080694.24
0,76.38,3.922,185.7545,8.521,2079899.47
0,69.32,3.842,185.6719333,8.521,2082083.34
0,74.85,3.804,185.7919609,8.521,2069523.52
0,74.04,3.748,185.9119885,8.625,2074668.19
0,77.49,3.711,186.032016,8.625,2063401.06
0,78.47,3.76,186.1399808,8.625,1953544.76
0,82.33,3.811,186.2177885,8.625,1882070.88
0,78.22,3.842,186.3734038,8.625,2066020.69
0,72.98,3.747,186.5093071,8.625,1896873.99
1,71.48,3.738,186.6737376,8.625,2202742.9
0,70.66,3.645,187.2566641,8.625,1809989.29
0,55.82,3.583,187.4837962,8.523,2078796.76
0,63.82,3.541,187.6917481,8.523,1890870.75
0,59.6,3.57,187.7846197,8.523,2009004.59
0,43.92,3.551,187.9703629,8.523,2174056.71
0,47.65,3.53,188.0632345,8.523,2081534.65
0,51.34,3.53,188.1983654,8.523,1969360.72
1,48.71,3.492,188.3504,8.523,2685351.81
0,50.19,3.452,188.5024346,8.523,2143080.57
0,46.57,3.415,188.6544692,8.523,2470581.29
0,39.93,3.413,188.7979349,8.523,2594363.09
0,42.27,3.389,188.9299752,8.523,3369068.99
1,37.79,3.389,189.0620155,8.523,1914148.89
0,35.88,3.422,189.1940558,8.424,1859144.96
0,31.85,3.533,189.4214733,8.424,1789113.32
0,37.93,3.567,189.5168505,8.424,1595362.27
0,42.96,3.617,189.6122277,8.424,1877410.36
0,36.85,3.695,189.8424834,8.424,2020550.99
0,42.86,3.739,190.0069881,8.424,1875040.16
0,41.55,3.816,190.1714927,8.424,1926004.99
0,45.52,3.848,190.3359973,8.424,2020839.31
0,50.56,3.862,190.4618964,8.424,1941040.5
0,59.45,3.9,190.5363213,8.424,1893447.71
0,50.04,3.953,190.6107463,8.424,1905033.01
0,49.73,3.996,190.6851712,8.567,2376022.26
0,63.13,4.027,190.8138013,8.567,1875686.44
0,53.2,4.004,190.8680064,8.567,1784029.95
0,61.24,3.889,190.9764167,8.567,1987531.05
0,66.3,3.848,190.9964479,8.567,1932233.17
0,67.21,3.798,191.0028096,8.567,2030869.61
0,74.48,3.742,191.0091712,8.567,2049485.49
0,71.93,3.62,191.0299731,8.567,1905733.68
0,74.22,3.564,191.0646096,8.567,1660228.88
0,82.99,3.475,191.1338827,8.684,1862128.95
0,79.97,3.523,191.1685192,8.684,1544422.35
0,78.89,3.567,191.1670428,8.684,1553250.16
0,77.2,3.647,191.1655664,8.684,1479514.66
0,78.65,3.722,191.1626135,8.684,1648570.03
0,75.71,3.807,191.2284919,8.684,1660433.3
0,72.62,3.834,191.3448865,8.684,1621841.33
0,75.09,3.867,191.461281,8.684,1613342.19
1,75.7,3.911,191.5776756,8.684,1904512.34
0,65.32,4.038,191.8567038,8.684,1565352.46
0,64.88,3.997,192.0135577,8.684,1522512.2
0,64.89,3.985,192.1704115,8.667,1687592.16
0,54.47,4.0,192.3272654,8.667,1639585.61
0,56.47,3.969,192.3308542,8.667,1590274.72
0,58.85,3.882,192.3088989,8.667,1704357.62
0,19.83,2.954,131.5279032,8.35,652122.44
1,22.0,2.94,131.5866129,8.35,682447.1
0,27.54,2.909,131.637,8.35,660838.75
0,29.87,2.91,131.686,8.35,564883.2
0,31.79,2.919,131.735,8.35,605325.43
0,41.39,2.938,131.784,8.35,604173.59
0,44.69,2.96,131.8242903,8.35,593710.67
0,45.27,2.957,131.9019677,8.185,718470.71
0,57.77,2.992,131.9408065,8.185,634605.77
0,49.63,3.01,131.9809,8.185,641208.65
0,46.54,3.021,132.0226667,8.185,643097.6
0,49.09,3.042,132.0644333,8.185,570791.11
0,63.16,3.095,132.1062,8.185,661348.88
0,59.09,3.096,132.2230323,8.185,616598.1
0,70.61,3.046,132.2939355,8.185,744772.88
0,69.99,3.006,132.3648387,8.185,693192.5
0,65.83,2.942,132.4733333,8.185,652329.53
0,66.13,2.958,132.5218667,8.099,709337.11
0,73.2,2.924,132.5825806,8.099,598553.43
0,72.04,2.932,132.5983871,8.099,619224.06
0,72.7,2.942,132.6141935,8.099,639651.24
0,71.1,2.913,132.6616129,8.099,637090.44
0,65.07,2.885,132.6932258,8.099,649791.15
0,73.17,2.86,132.7248387,8.099,638647.21
0,59.69,2.84,132.7568,8.067,566945.95
0,52.19,2.903,132.7516667,8.067,591603.79
0,49.96,2.999,132.7633548,8.067,577011.26
0,47.1,3.049,132.8170968,8.067,600395.73
0,55.09,3.055,132.8708387,8.067,598301.5
0,39.63,3.065,132.9783226,8.067,619639.74
0,36.0,3.2,132.7566667,8.067,754134.95
0,23.97,3.255,132.6764,8.067,847294.04
0,25.3,3.301,132.6804516,8.067,983825.15
1,26.54,3.336,132.8150323,8.067,543754.17
0,19.53,3.367,132.9510645,7.771,479424.2
0,21.84,3.391,133.0285161,7.771,487311.03
0,20.69,3.4,133.1834194,7.771,556550.85
1,21.64,3.416,133.260871,7.771,582864.35
0,33.06,3.42,133.3701429,7.771,649993.5
0,20.87,3.452,133.4921429,7.771,547564.09
0,28.16,3.605,133.6141429,7.771,573374.49
0,34.27,3.752,133.7361429,7.771,537035.28
0,40.23,3.796,133.8492258,7.771,551553.99
0,32.63,3.789,133.9587419,7.771,527389.28
0,40.94,3.895,134.1777742,7.658,587370.81
0,48.63,3.981,134.2784667,7.658,607691.36
0,41.37,4.061,134.3571,7.658,655318.26
0,55.46,4.117,134.4357333,7.658,560764.41
0,49.87,4.192,134.5143667,7.658,630522.67
0,57.07,4.211,134.593,7.658,630482.91
0,57.19,4.202,134.6803871,7.658,593941.9
0,65.87,4.134,134.7677742,7.658,636193.24
0,69.8,4.069,134.8551613,7.658,695396.19
0,69.86,4.025,134.9425484,7.658,642679.81
0,63.9,3.989,135.0837333,7.658,639928.85
0,69.96,3.964,135.2652667,7.658,656594.95
0,67.43,3.916,135.4468,7.806,674669.16
0,73.47,3.886,135.6283333,7.806,635118.48
0,73.34,3.915,135.7837419,7.806,624114.56
0,79.97,3.972,135.8738387,7.806,607475.44
0,74.67,4.004,135.9639355,7.806,577511.02
0,73.63,4.02,136.0540323,7.806,607961.21
0,70.63,3.995,136.144129,7.806,590836.37
0,70.41,3.942,136.183129,7.806,599488.98
0,69.19,3.906,136.2136129,7.806,605413.17
0,67.63,3.879,136.2440968,7.806,649159.68
1,67.59,3.93,136.2745806,7.806,607593.51
0,62.1,3.937,136.3145,7.806,545052.34
0,59.0,3.899,136.367,7.806,545570.86
0,51.24,3.775,136.472,7.866,579068.88
0,51.67,3.757,136.5017742,7.866,603318.89
0,45.54,3.757,136.4884516,7.866,589842.69
0,43.39,3.738,136.475129,7.866,615121.78
0,47.13,3.719,136.4618065,7.866,618949.82
0,46.53,3.717,136.4666667,7.866,597856.51
1,41.1,3.689,136.4788,7.866,1066478.1
0,45.67,3.666,136.4909333,7.866,699028.66
0,38.53,3.627,136.5030667,7.866,764565.55
0,35.49,3.611,136.5335161,7.866,870415.49
0,34.93,3.587,136.5883871,7.866,1182691.87
1,31.44,3.566,136.6432581,7.866,603460.79
0,30.24,3.585,136.698129,7.943,516087.65
0,36.26,3.666,136.753,7.943,454183.42
0,21.39,3.705,136.8564194,7.943,492721.85
0,30.87,3.737,136.9598387,7.943,466045.63
0,35.3,3.796,137.0632581,7.943,523831.64
1,31.91,3.826,137.1666774,7.943,628218.22
0,33.18,3.917,137.3411034,7.943,561137.06
0,33.24,3.983,137.4238966,7.943,541292.64
0,36.97,4.021,137.5066897,7.943,545120.67
0,47.42,4.021,137.5843871,7.943,570611.23
0,42.65,4.098,137.7261935,7.943,557547.25
0,40.01,4.143,137.7970968,8.15,659950.36
0,43.52,4.187,137.868,8.15,558585.13
0,54.47,4.17,137.9230667,8.15,534780.57
0,41.57,4.163,137.9781333,8.15,527402.62
0,51.04,4.124,138.0332,8.15,577868.38
0,54.23,4.055,138.0882667,8.15,579539.95
0,58.84,4.029,138.1065806,8.15,600050.98
0,67.97,3.979,138.1101935,8.15,693780.42
0,67.61,3.915,138.1138065,8.15,663971.26
0,59.35,3.871,138.1174194,8.15,611390.67
0,67.7,3.786,138.1295333,8.15,636737.65
0,74.28,3.722,138.1629,8.15,687085.6
0,68.91,3.667,138.1962667,8.15,624099.48
0,74.64,3.646,138.2296333,8.193,678024.75
0,72.62,3.689,138.263,8.193,591335.5
0,75.31,3.732,138.2331935,8.193,592369.22
0,73.9,3.82,138.2033871,8.193,571190.83
0,73.13,3.819,138.1735806,8.193,590739.62
0,73.99,3.863,138.1437742,8.193,590453.63
0,71.42,4.026,138.3771935,8.193,610185.32
1,71.61,4.076,138.4729355,8.193,587259.82
0,65.44,4.088,138.5673,8.193,527509.76
0,60.34,4.203,138.6534,8.193,533161.64
0,57.13,4.158,138.7395,8.193,553901.97
0,59.57,4.151,138.8256,7.992,573498.64
0,49.12,4.186,138.9117,7.992,551799.63
0,52.89,4.153,138.8336129,7.992,555652.77
0,55.75,4.071,138.7281613,7.992,558473.6
0,19.79,2.58,189.3816974,7.039,477409.3
1,20.87,2.572,189.4642725,7.039,472044.28
0,21.13,2.55,189.5340998,7.039,469868.7
0,18.12,2.586,189.6018023,7.039,443242.17
0,27.92,2.62,189.6695049,7.039,444181.85
0,28.64,2.684,189.7372075,7.039,445393.74
0,33.45,2.692,189.734262,7.039,504307.35
0,29.88,2.717,189.7195417,7.039,483177.2
0,36.19,2.725,189.7048215,6.842,490503.69
0,34.21,2.75,189.6901012,6.842,424083.99
0,45.69,2.765,189.6628845,6.842,436312.41
0,37.75,2.766,189.575127,6.842,383550.93
0,37.43,2.771,189.5312483,6.842,403217.22
0,47.34,2.776,189.467827,6.842,435300.51
0,52.08,2.737,189.4452425,6.842,479430.0
0,62.63,2.684,189.4000734,6.842,535587.31
0,52.4,2.674,189.4185259,6.842,540149.85
0,64.44,2.728,189.4882603,6.868,610641.42
0,61.79,2.711,189.5231276,6.868,614253.33
0,67.68,2.699,189.6125456,6.868,586583.69
0,70.71,2.69,189.9368504,6.868,562633.67
0,67.42,2.69,190.0990028,6.868,586936.45
0,63.59,2.732,190.2948237,6.868,521516.96
0,65.66,2.731,190.3284922,6.868,581010.52
0,58.02,2.773,190.3621607,6.868,542087.89
1,57.24,2.78,190.3958293,6.868,537518.57
0,56.55,2.8,190.4688287,6.868,522049.52
0,58.19,2.793,190.5713264,6.868,511330.32
0,59.39,2.759,190.6738241,6.986,463977.54
0,54.29,2.745,190.7763218,6.986,442894.2
0,45.0,2.762,190.8623087,6.986,452169.28
0,45.85,2.762,190.9070184,6.986,541216.92
0,35.76,2.748,190.951728,6.986,495022.51
0,39.94,2.729,190.9964377,6.986,446905.02
0,34.04,2.737,191.0411474,6.986,453632.76
0,27.26,2.758,191.0312172,6.986,458634.68
1,23.46,2.742,191.0121805,6.986,651837.77
0,23.68,2.712,190.9931437,6.986,512260.59
0,26.01,2.778,191.0303376,6.986,648652.01
0,32.46,2.781,191.1430189,6.986,1004730.69
1,19.66,2.829,191.2557002,6.986,575317.38
0,12.39,2.882,191.3683815,6.614,573545.96
0,17.46,2.911,191.4784939,6.614,470365.59
0,28.6,2.973,191.5731924,6.614,462888.13
0,20.8,3.008,191.667891,6.614,448391.99
0,13.64,3.011,191.7625895,6.614,479263.15
0,27.18,3.051,191.9178331,6.614,491179.79
0,26.15,3.101,191.9647167,6.614,475201.64
0,31.77,3.232,192.0116004,6.614,484829.07
0,36.5,3.406,192.1237981,6.614,497373.49
0,32.61,3.414,192.1964844,6.614,465279.68
0,35.75,3.461,192.2691707,6.339,459756.11
0,38.04,3.532,192.3418571,6.339,439276.5
0,34.59,3.611,192.4225954,6.339,427855.24
0,40.74,3.636,192.5234638,6.339,368600.0
0,37.77,3.663,192.6243322,6.339,378100.31
0,38.64,3.735,192.7252006,6.339,423805.22
0,43.29,3.767,192.826069,6.339,410406.95
0,43.95,3.828,192.831317,6.339,435397.19
0,45.17,3.795,192.8365651,6.339,444718.68
0,54.08,3.763,192.8418131,6.339,531080.31
0,55.78,3.735,192.8470612,6.339,600952.06
0,58.34,3.697,192.9034759,6.339,581546.23
0,54.36,3.661,192.9982655,6.339,569105.03
0,63.59,3.597,193.0930552,6.338,608737.56
0,65.0,3.54,193.1878448,6.338,634634.66
0,65.16,3.532,193.3125484,6.338,586841.77
0,65.36,3.545,193.5120367,6.338,581758.22
0,63.96,3.554,193.9110133,6.338,592981.33
0,67.09,3.542,194.1105017,6.338,563884.47
0,68.83,3.499,194.2500634,6.338,554630.42
0,67.51,3.485,194.3796374,6.338,557312.01
1,56.99,3.566,194.6387853,6.338,574622.56
0,53.68,3.596,194.7419707,6.338,539081.09
0,48.91,3.498,194.9459724,6.232,482926.93
0,39.97,3.491,195.0261012,6.232,498241.06
0,46.99,3.548,195.1789994,6.232,560104.16
0,41.97,3.55,195.3318977,6.232,505918.21
0,29.56,3.505,195.6376941,6.232,513181.31
0,31.73,3.479,195.7184713,6.232,480353.64
1,31.39,3.424,195.7704,6.232,712422.4
0,27.83,3.378,195.8223287,6.232,530492.84
0,20.79,3.173,196.1713893,6.232,950691.96
0,26.49,3.095,196.5458309,6.162,564538.07
0,19.55,3.077,196.7330517,6.162,508520.09
0,29.3,3.055,196.7796652,6.162,474389.75
0,28.17,3.038,196.8262786,6.162,453979.19
0,25.53,3.031,196.8728921,6.162,475905.1
1,23.69,3.103,196.9195056,6.162,473766.97
0,26.21,3.129,196.9499007,6.162,495720.3
0,23.4,3.191,196.9565303,6.162,464189.09
0,28.16,3.286,196.9631599,6.162,495951.66
0,38.02,3.486,197.0457208,6.162,520850.71
0,38.7,3.664,197.2295234,6.162,493503.89
0,48.93,3.854,197.5971285,6.169,502662.07
0,45.83,3.901,197.780931,6.169,450756.71
0,59.69,3.927,197.664546,6.169,398445.15
0,51.34,3.903,197.6063534,6.169,426959.62
0,53.57,3.87,197.5481609,6.169,479855.0
0,56.74,3.837,197.5553137,6.169,493506.47
0,57.36,3.804,197.5886046,6.169,518045.09
0,58.97,3.764,197.6218954,6.169,532311.93
0,65.43,3.741,197.6551863,6.169,603618.89
0,65.36,3.723,197.692292,6.169,570045.79
0,70.41,3.735,197.7389345,6.169,581745.72
0,77.31,3.693,197.785577,6.169,570162.28
0,70.29,3.613,197.8788621,6.061,569005.06
0,68.43,3.585,197.9290378,6.061,565297.54
0,69.0,3.57,197.9792136,6.061,539337.87
0,68.59,3.528,198.0293893,6.061,584000.71
0,70.24,3.509,198.0795651,6.061,554036.84
0,62.07,3.545,198.1001057,6.061,521896.6
0,61.44,3.558,198.0984199,6.061,551152.15
0,64.19,3.556,198.0967341,6.061,551837.31
1,60.09,3.596,198.0950484,6.061,537138.58
0,56.69,3.659,198.1267184,6.061,526525.16
0,56.48,3.765,198.358523,6.061,509942.56
0,51.4,3.789,198.5903276,6.061,469607.73
0,50.46,3.779,198.8221322,5.847,471281.68
0,43.26,3.76,199.0539368,5.847,491817.19
0,40.59,3.75,199.1481963,5.847,577198.97
0,40.99,3.686,199.2195317,5.847,475770.14
0,23.11,2.666,126.4420645,6.548,789036.02
1,18.36,2.671,126.4962581,6.548,841951.91
0,29.71,2.733,126.6042857,6.548,763961.82
0,35.59,2.819,126.6050645,6.548,793097.64
0,36.94,2.842,126.6034839,6.635,848521.17
0,52.25,2.936,126.4713333,6.635,977790.83
0,40.26,2.948,126.2898,6.635,843848.65
0,53.79,2.871,126.1360645,6.635,876902.87
0,54.94,2.819,126.114,6.635,877996.27
0,62.64,2.82,126.1266,6.635,893995.44
0,68.98,2.814,126.1392,6.697,958875.37
0,62.41,2.802,126.1518,6.697,836915.92
0,65.66,2.791,126.1498065,6.697,876591.41
0,69.66,2.797,126.1283548,6.697,893504.87
0,69.96,2.797,126.1069032,6.697,833517.19
0,70.53,2.802,126.0854516,6.697,795301.17
0,67.04,2.85,126.0766452,6.697,783929.7
0,65.03,2.854,126.0892903,6.697,802583.89
0,57.86,2.868,126.1019355,6.697,834373.73
1,56.28,2.87,126.1145806,6.697,1200888.28
0,60.07,2.853,126.2346,6.885,829207.27
0,58.06,2.841,126.2791667,6.885,827738.06
0,47.35,2.845,126.3266774,6.885,838297.32
0,47.95,2.849,126.3815484,6.885,815093.76
0,42.54,2.831,126.4912903,6.885,818434.49
0,36.32,2.831,126.5461613,6.885,855459.96
0,36.31,2.842,126.6072,6.885,782252.57
1,19.03,2.83,126.6692667,6.885,1005448.76
0,22.47,2.812,126.7313333,6.885,926573.81
0,31.64,2.817,126.7934,6.885,962475.55
1,20.79,2.868,127.0876774,6.885,635862.55
0,6.23,2.891,127.1917742,6.866,1083071.14
0,16.57,2.903,127.3009355,6.866,758510.36
0,26.62,2.934,127.4404839,6.866,755804.37
0,22.16,2.96,127.5800323,6.866,736335.69
1,14.19,3.034,127.859129,6.866,813211.46
0,26.86,3.062,127.99525,6.866,860962.91
0,24.21,3.23,128.26475,6.866,816138.33
0,32.42,3.346,128.3995,6.866,779602.36
0,34.48,3.407,128.5121935,6.866,778436.81
0,36.71,3.435,128.6160645,6.866,781267.76
0,39.38,3.487,128.7199355,6.774,795859.23
0,39.16,3.547,128.8238065,6.774,811855.72
0,39.98,3.616,128.9107333,6.774,825283.43
0,42.24,3.655,128.9553,6.774,1060770.11
0,40.14,3.683,128.9998667,6.774,806979.15
0,45.66,3.744,129.0444333,6.774,882132.28
0,49.26,3.77,129.089,6.774,870625.49
0,51.93,3.802,129.0756774,6.774,844443.35
0,51.04,3.778,129.0623548,6.774,892056.64
0,54.57,3.732,129.0357097,6.774,881190.46
0,60.99,3.668,129.0663,6.774,920719.98
0,67.39,3.613,129.0894,6.745,940554.34
0,70.6,3.563,129.1125,6.745,915064.22
0,67.93,3.553,129.1338387,6.745,902727.76
0,69.82,3.563,129.1507742,6.745,899044.34
0,68.59,3.574,129.1677097,6.745,861894.77
0,64.79,3.606,129.2015806,6.745,800819.79
0,72.04,3.57,129.2832581,6.745,837390.79
0,69.31,3.58,129.3259355,6.745,847380.07
1,61.94,3.619,129.3686129,6.745,1161900.18
0,61.48,3.641,129.4306,6.745,1051116.95
0,54.4,3.592,129.6938,6.617,918006.9
0,47.69,3.567,129.7706452,6.617,884042.63
0,41.89,3.567,129.7936774,6.617,936508.43
0,27.61,3.513,129.8167097,6.617,914759.2
1,32.81,3.445,129.8364,6.617,1225700.28
0,17.56,3.341,129.8555333,6.617,976522.93
0,18.76,3.186,129.9845484,6.617,1289156.9
1,26.73,3.119,130.0710323,6.617,777207.3
0,27.64,3.08,130.1575161,6.403,1198104.22
0,20.28,3.056,130.244,6.403,873576.96
0,29.99,3.058,130.3144516,6.403,769522.33
0,26.26,3.077,130.3496774,6.403,864852.85
1,23.63,3.116,130.3849032,6.403,880165.7
0,30.76,3.119,130.4546207,6.403,927084.65
0,30.01,3.145,130.5502069,6.403,843864.43
0,26.28,3.242,130.6457931,6.403,856178.47
0,43.69,3.529,130.8261935,6.403,853136.46
0,40.69,3.671,130.8966452,6.403,851762.28
0,43.92,3.793,131.0375484,6.235,986922.62
0,47.69,3.845,131.1173333,6.235,1119979.98
0,59.11,3.842,131.1266667,6.235,925916.65
0,48.86,3.831,131.136,6.235,930121.14
0,59.67,3.808,131.0983226,6.235,968816.33
0,55.69,3.801,131.0287742,6.235,984881.59
0,60.51,3.776,130.8896774,6.235,987990.24
0,56.67,3.756,130.8295333,6.235,964169.67
0,62.9,3.737,130.7929,6.235,981210.57
0,71.14,3.681,130.7562667,6.235,982322.24
0,68.91,3.63,130.7196333,5.936,1046782.52
0,72.94,3.595,130.683,5.936,960746.04
0,70.59,3.556,130.7012903,5.936,944698.7
0,74.2,3.537,130.7195806,5.936,907493.24
0,70.98,3.545,130.7909677,5.936,844928.17
0,68.89,3.582,130.8381613,5.936,924299.78
0,68.07,3.624,130.8853548,5.936,865924.2
1,61.99,3.689,130.9325484,5.936,1255633.29
0,58.43,3.821,131.0103333,5.936,938303.28
0,52.81,3.815,131.0756667,5.527,952609.17
0,44.82,3.797,131.1083333,5.527,919878.34
0,48.16,3.781,131.1499677,5.527,957356.84
0,39.94,3.755,131.1930968,5.527,943465.29
1,26.41,2.771,131.5866129,9.202,1187880.7
0,30.91,2.747,131.637,9.202,1150663.42
0,35.42,2.753,131.686,9.202,1068157.45
0,37.17,2.766,131.735,9.202,1179738.5
0,42.39,2.805,131.784,9.202,1138800.32
0,45.42,2.834,131.8242903,9.202,1087507.47
0,45.63,2.826,131.9019677,9.269,1254107.84
0,59.91,2.849,131.9408065,9.269,1174447.55
0,50.26,2.885,131.9809,9.269,1135577.62
0,50.3,2.895,132.0226667,9.269,1132433.55
0,51.12,2.935,132.0644333,9.269,1060446.16
0,65.64,2.981,132.1062,9.269,1222255.47
0,49.9,2.983,132.152129,9.269,1092616.49
0,60.27,2.961,132.2230323,9.269,1101621.36
0,70.28,2.857,132.3648387,9.269,1271311.76
0,65.96,2.805,132.4733333,9.269,1183225.92
0,74.04,2.81,132.4976,9.269,1220983.17
0,79.75,2.806,132.5461333,9.342,1171391.41
0,75.71,2.784,132.5825806,9.342,1032908.23
0,75.79,2.792,132.5983871,9.342,1078557.62
0,67.05,2.77,132.6932258,9.342,1214302.76
0,75.42,2.735,132.7248387,9.342,1187359.77
0,60.94,2.716,132.7670667,9.342,997998.21
0,64.82,2.718,132.7619333,9.342,950862.92
0,54.73,2.776,132.7516667,9.331,1107432.71
0,52.02,2.878,132.7633548,9.331,1029618.1
0,42.05,2.938,132.9245806,9.331,1089530.94
0,43.17,2.961,132.9783226,9.331,1081322.12
0,45.26,3.03,132.9172,9.331,1045722.37
0,25.64,3.132,132.6764,9.331,1416168.98
0,28.16,3.15,132.7477419,9.331,2027507.15
1,26.1,3.177,132.8150323,9.331,887907.01
0,30.1,3.193,132.8823226,9.131,933960.3
0,22.69,3.215,132.9510645,9.131,777175.28
0,22.55,3.232,133.0285161,9.131,891148.55
0,14.84,3.243,133.1059677,9.131,849540.85
0,20.79,3.24,133.1834194,9.131,1055841.24
1,24.3,3.255,133.260871,9.131,1122053.58
0,31.59,3.263,133.3701429,9.131,1095058.57
0,26.15,3.281,133.4921429,9.131,1005983.31
0,38.4,3.6,133.7361429,9.131,1002714.25
0,41.12,3.634,133.8492258,9.131,945889.59
0,36.65,3.624,133.9587419,9.131,944523.3
0,35.06,3.638,134.0682581,8.975,938083.17
0,45.99,3.919,134.3571,8.975,1105860.06
0,58.82,3.988,134.4357333,8.975,974114.39
0,54.17,4.078,134.5143667,8.975,1065427.37
0,58.48,4.095,134.593,8.975,993172.98
0,57.55,4.101,134.6803871,8.975,994610.43
0,64.6,4.034,134.7677742,8.975,1065214.14
0,70.9,3.973,134.8551613,8.975,1178039.0
0,69.49,3.924,134.9425484,8.975,1044079.2
0,67.41,3.851,135.2652667,8.975,1056478.65
0,69.75,3.815,135.4468,8.89,1087051.26
0,74.58,3.903,136.0540323,8.89,1002806.39
0,73.57,3.88,136.144129,8.89,928470.83
0,69.24,3.82,136.183129,8.89,932679.79
0,70.32,3.796,136.2136129,8.89,1147906.46
0,68.23,3.784,136.2440968,8.89,540922.94
1,68.11,3.809,136.2745806,8.89,951549.61
0,60.44,3.758,136.367,8.89,853073.17
0,69.01,3.684,136.4195,8.89,847348.08
0,55.83,3.618,136.5017742,8.471,1048212.62
0,45.61,3.604,136.4884516,8.471,1106642.63
0,38.29,3.586,136.475129,8.471,1100625.06
0,45.69,3.57,136.4618065,8.471,1079931.63
0,47.88,3.571,136.4666667,8.471,1056992.18
1,41.97,3.536,136.4788,8.471,1624170.99
0,46.25,3.501,136.4909333,8.471,1188047.61
0,35.52,3.445,136.5335161,8.471,1516924.23
0,35.78,3.413,136.5883871,8.471,1882393.4
1,32.36,3.402,136.6432581,8.471,1010562.49
0,31.27,3.439,136.698129,8.075,977286.07
0,35.25,3.523,136.753,8.075,890130.25
0,24.2,3.542,136.8564194,8.075,937522.77
0,37.62,3.633,137.0632581,8.075,1049772.04
1,32.83,3.655,137.1666774,8.075,1161615.51
0,32.87,3.703,137.2583103,8.075,1115985.81
0,36.34,3.751,137.3411034,8.075,1037861.11
0,33.59,3.827,137.4238966,8.075,1047178.91
0,38.1,3.876,137.5066897,8.075,1084894.47
0,45.84,3.867,137.5843871,8.075,1022018.43
0,58.06,3.889,137.6552903,8.075,1031139.3
0,43.8,3.957,137.7970968,8.304,1200815.3
0,60.88,4.046,137.9230667,8.304,1025813.8
0,50.43,4.023,137.9781333,8.304,961186.23
0,49.66,3.991,138.0332,8.304,1050027.89
0,62.31,3.899,138.1065806,8.304,1047444.59
0,65.48,3.85,138.1101935,8.304,1088446.58
0,71.42,3.798,138.1138065,8.304,1118313.7
0,59.1,3.746,138.1174194,8.304,1110479.94
0,66.58,3.683,138.1295333,8.304,1057425.83
0,70.92,3.629,138.1629,8.304,1080357.89
0,70.17,3.577,138.1962667,8.304,1097006.3
0,75.09,3.561,138.263,8.535,1024784.92
0,72.97,3.701,138.2033871,8.535,924506.26
0,72.67,3.698,138.1735806,8.535,1052066.58
0,73.25,3.84,138.1857097,8.535,1048134.24
0,68.52,3.874,138.2814516,8.535,1145840.91
0,70.09,3.884,138.3771935,8.535,1117097.23
1,71.85,3.921,138.4729355,8.535,1083521.24
0,64.45,3.988,138.5673,8.535,960476.1
0,60.23,4.056,138.6534,8.535,971386.65
0,58.24,4.018,138.7395,8.535,1002856.2
0,50.97,4.029,138.9117,8.243,1074079.0
0,20.96,2.954,131.5279032,8.35,1507637.17
1,23.22,2.94,131.5866129,8.35,1536549.95
0,28.57,2.909,131.637,8.35,1515976.11
0,30.33,2.91,131.686,8.35,1373270.06
0,32.92,2.919,131.735,8.35,1495844.57
0,39.06,2.938,131.784,8.35,1467889.2
0,39.07,2.963,131.863129,8.35,1427023.45
0,55.66,2.992,131.9408065,8.185,1489613.32
0,49.67,3.01,131.9809,8.185,1460354.67
0,46.87,3.021,132.0226667,8.185,1456793.33
0,62.54,3.095,132.1062,8.185,1566219.77
0,57.53,3.096,132.2230323,8.185,1377716.17
0,68.85,3.046,132.2939355,8.185,1648882.62
0,68.88,3.006,132.3648387,8.185,1519013.49
0,61.64,2.972,132.4357419,8.185,1410683.94
0,66.25,2.942,132.4733333,8.185,1457314.39
0,66.25,2.958,132.5218667,8.099,1549018.68
0,78.22,2.94,132.5461333,8.099,1577541.24
0,74.6,2.933,132.5667742,8.099,1412157.02
0,72.83,2.932,132.5983871,8.099,1366395.96
0,74.2,2.942,132.6141935,8.099,1492060.89
0,72.71,2.923,132.63,8.099,1418027.08
0,72.22,2.913,132.6616129,8.099,1419383.19
0,66.4,2.885,132.6932258,8.099,1557888.16
0,74.69,2.86,132.7248387,8.099,1623519.64
1,63.36,2.837,132.7564516,8.099,1591453.39
0,63.43,2.837,132.7619333,8.099,1318343.58
0,53.74,2.903,132.7516667,8.067,1428960.72
0,51.32,2.999,132.7633548,8.067,1369317.63
0,48.45,3.049,132.8170968,8.067,1357154.71
0,56.11,3.055,132.8708387,8.067,1404576.48
0,41.78,3.049,132.9245806,8.067,1435379.25
0,40.3,3.065,132.9783226,8.067,1490235.86
0,44.22,3.138,132.9172,8.067,1377593.1
1,42.62,3.186,132.8369333,8.067,1993367.83
0,25.12,3.255,132.6764,8.067,1799070.98
0,26.83,3.301,132.6804516,8.067,1911967.44
1,28.65,3.336,132.8150323,8.067,1275146.94
0,31.34,3.351,132.8823226,7.771,1224175.99
0,21.68,3.367,132.9510645,7.771,1181204.53
0,22.8,3.391,133.0285161,7.771,1212967.84
0,21.02,3.4,133.1834194,7.771,1370562.11
1,21.79,3.416,133.260871,7.771,1430851.11
0,34.74,3.42,133.3701429,7.771,1457270.16
0,23.24,3.452,133.4921429,7.771,1296658.47
0,29.28,3.605,133.6141429,7.771,1433569.44
0,35.59,3.752,133.7361429,7.771,1351450.43
0,33.26,3.789,133.9587419,7.771,1266564.94
0,30.68,3.811,134.0682581,7.658,1305950.22
0,41.26,3.895,134.1777742,7.658,1419911.91
0,48.67,3.981,134.2784667,7.658,1392093.04
0,41.66,4.061,134.3571,7.658,1514288.82
0,54.23,4.117,134.4357333,7.658,1297237.7
0,50.43,4.192,134.5143667,7.658,1451953.95
0,54.2,4.211,134.593,7.658,1429143.06
0,52.8,4.202,134.6803871,7.658,1355234.3
0,63.2,4.134,134.7677742,7.658,1388553.11
0,66.01,4.069,134.8551613,7.658,1457345.75
0,68.26,4.025,134.9425484,7.658,1467473.63
0,64.02,3.989,135.0837333,7.658,1418973.62
0,68.4,3.964,135.2652667,7.658,1440785.7
0,67.64,3.916,135.4468,7.806,1462731.93
0,73.7,3.915,135.7837419,7.806,1391580.41
0,79.37,3.972,135.8738387,7.806,1377119.45
0,74.86,4.004,135.9639355,7.806,1298775.8
0,73.84,4.02,136.0540323,7.806,1408968.55
0,70.92,3.995,136.144129,7.806,1360969.45
0,71.14,3.942,136.183129,7.806,1391792.69
0,69.34,3.906,136.2136129,7.806,1547729.24
1,68.28,3.93,136.2745806,7.806,1566712.79
0,62.76,3.937,136.3145,7.806,1365633.53
0,61.32,3.899,136.367,7.806,1300375.76
0,64.99,3.858,136.4195,7.806,1330757.22
0,53.1,3.775,136.472,7.866,1461718.87
0,61.86,3.744,136.5150968,7.866,1318905.53
0,46.49,3.757,136.4884516,7.866,1396612.36
0,44.97,3.738,136.475129,7.866,1480289.64
0,48.22,3.719,136.4618065,7.866,1502078.93
0,48.21,3.717,136.4666667,7.866,1411835.57
1,42.75,3.689,136.4788,7.866,1974646.78
0,45.67,3.666,136.4909333,7.866,1484708.38
0,40.18,3.627,136.5030667,7.866,1713769.06
0,36.09,3.587,136.5883871,7.866,2480159.47
0,31.84,3.585,136.698129,7.943,1266570.4
0,37.08,3.666,136.753,7.943,1182198.7
0,23.44,3.705,136.8564194,7.943,1237104.73
0,32.41,3.737,136.9598387,7.943,1279623.26
1,32.61,3.826,137.1666774,7.943,1499496.67
0,30.95,3.874,137.2583103,7.943,1424720.27
0,34.83,3.983,137.4238966,7.943,1308977.05
0,38.15,4.021,137.5066897,7.943,1358816.46
0,48.2,4.021,137.5843871,7.943,1312849.1
0,56.72,4.054,137.6552903,7.943,1342254.55
0,43.47,4.098,137.7261935,7.943,1327139.35
0,40.23,4.143,137.7970968,8.15,1631737.68
0,44.42,4.187,137.868,8.15,1365098.46
0,55.2,4.17,137.9230667,8.15,1255087.26
0,42.45,4.163,137.9781333,8.15,1285897.24
0,50.76,4.124,138.0332,8.15,1405007.44
0,55.33,4.055,138.0882667,8.15,1442873.22
0,58.81,4.029,138.1065806,8.15,1366937.1
0,67.79,3.979,138.1101935,8.15,1485540.28
0,68.18,3.915,138.1138065,8.15,1450733.29
0,60.19,3.871,138.1174194,8.15,1390122.11
0,68.19,3.786,138.1295333,8.15,1440263.15
0,75.83,3.722,138.1629,8.15,1468350.36
0,69.92,3.667,138.1962667,8.15,1379652.65
0,76.07,3.646,138.2296333,8.193,1557120.44
0,73.17,3.689,138.263,8.193,1321741.35
0,76.17,3.732,138.2331935,8.193,1317672.92
0,74.43,3.82,138.2033871,8.193,1248915.43
0,73.41,3.819,138.1735806,8.193,1342123.78
0,74.45,3.863,138.1437742,8.193,1408907.89
0,69.83,3.963,138.1857097,8.193,1375101.26
0,66.66,3.997,138.2814516,8.193,1544653.37
0,71.85,4.026,138.3771935,8.193,1542719.87
1,72.2,4.076,138.4729355,8.193,1497073.82
0,65.08,4.088,138.5673,8.193,1370653.41
0,60.62,4.203,138.6534,8.193,1338572.29
0,56.81,4.158,138.7395,8.193,1338299.02
0,59.86,4.151,138.8256,7.992,1408016.1
0,48.29,4.186,138.9117,7.992,1352809.5
0,25.92,2.784,204.2471935,8.187,2401395.47
1,22.12,2.773,204.3857472,8.187,2109107.9
0,25.43,2.745,204.4321004,8.187,2161549.76
0,43.82,2.818,204.5250598,8.187,2010974.84
0,47.32,2.844,204.3782258,8.187,1951848.43
0,50.49,2.854,204.201755,8.187,1894742.95
0,51.0,2.85,204.0252842,7.856,2405395.22
0,65.1,2.869,203.8488134,7.856,2007796.26
0,55.43,2.899,203.7307486,7.856,1985784.59
0,54.75,2.921,203.6503685,7.856,1919053.21
0,66.74,2.966,203.6101784,7.856,2137202.38
0,55.91,2.982,203.6133915,7.856,2033211.62
0,70.97,2.899,204.1406556,7.856,2065984.95
0,72.52,2.847,204.4042877,7.856,2203619.35
0,67.32,2.809,204.6679198,7.856,2100489.79
0,78.09,2.793,204.3625658,7.527,2107285.85
0,75.14,2.783,204.3571656,7.527,2031852.16
0,77.75,2.771,204.4812188,7.527,1900535.9
0,74.57,2.784,204.7293252,7.527,1910177.38
0,70.51,2.755,204.7900305,7.527,1946369.57
0,75.5,2.715,204.7583566,7.527,2121561.41
1,65.02,2.699,204.7266827,7.527,2014954.79
0,65.28,2.706,204.7513279,7.527,1948359.78
0,69.37,2.713,204.8182126,7.527,1789687.65
0,61.08,2.707,204.8850973,7.484,1933719.21
0,51.5,2.764,204.951982,7.484,2060389.27
0,59.17,2.868,205.0137637,7.484,1950676.39
0,50.52,2.917,205.0627881,7.484,1893955.27
0,42.78,2.917,205.160837,7.484,2184316.64
0,45.88,3.0,205.0992811,7.484,2105058.91
1,46.66,3.039,204.9621,7.484,2811634.04
0,35.47,3.046,204.8249189,7.484,2416051.17
0,24.27,3.109,204.6877378,7.484,2752122.08
0,24.07,3.14,204.6321194,7.484,2819193.17
1,28.85,3.179,204.6432267,7.484,1799737.79
0,31.43,3.193,204.6487803,7.343,1843030.95
0,20.39,3.205,204.7026042,7.343,1884345.01
0,27.43,3.229,205.0460497,7.343,1781805.66
0,23.21,3.237,205.3894952,7.343,1761506.68
0,28.58,3.231,205.7329407,7.343,2351143.07
0,42.95,3.245,206.3694701,7.343,2258616.24
0,37.33,3.433,206.9153485,7.343,2143424.61
0,39.53,3.582,207.1882876,7.343,1990932.77
0,44.8,3.631,207.4283845,7.343,1931668.64
0,44.83,3.625,207.6553444,7.343,1824711.21
0,32.43,3.638,207.8823043,7.287,1927993.09
0,47.09,3.72,208.1092642,7.287,2027056.39
0,55.0,3.821,208.3172811,7.287,2057406.33
0,52.56,3.892,208.4779405,7.287,2313861.81
0,62.97,3.962,208.6386,7.287,1881788.19
0,53.41,4.046,208.7992595,7.287,2090838.44
0,59.01,4.062,208.7583165,7.287,1953416.06
0,73.51,3.922,208.3551116,7.287,2182246.69
0,73.64,3.881,208.1535092,7.287,2135062.04
0,66.41,3.842,208.1265604,7.287,2065191.27
0,72.4,3.804,208.2306018,7.287,1950826.32
0,69.66,3.748,208.3346432,7.274,2053165.41
0,74.69,3.711,208.4386847,7.274,2123787.79
0,78.89,3.811,208.5937018,7.274,1950904.84
0,77.47,3.829,208.6564699,7.274,1858440.92
0,73.52,3.812,208.7820061,7.274,2052246.4
0,71.25,3.747,208.8424359,7.274,1990017.93
0,70.82,3.703,208.9625161,7.274,2141765.98
0,64.02,3.742,209.1893892,7.274,1979009.46
0,62.15,3.711,209.4986126,7.274,1888119.7
0,63.44,3.645,209.807836,7.274,1945808.26
0,62.54,3.541,210.4027602,7.082,2010107.68
0,53.69,3.57,210.5473252,7.082,2104241.9
0,49.36,3.569,210.6918901,7.082,2065421.52
0,43.88,3.551,210.8364551,7.082,2284106.6
0,47.27,3.53,210.9810201,7.082,2269975.85
0,49.3,3.53,211.1847207,7.082,2169933.82
0,46.32,3.452,211.6394306,7.082,2298776.83
0,41.64,3.415,211.8667856,7.082,2546123.78
0,37.16,3.413,212.0685039,7.082,2762816.65
0,40.19,3.389,212.2360401,7.082,3555371.03
0,33.42,3.422,212.5711125,6.961,1964701.94
0,37.79,3.513,212.7386486,6.961,1911510.64
0,27.65,3.533,212.8336399,6.961,1892775.94
0,39.93,3.617,213.0236225,6.961,2203523.2
1,33.47,3.64,213.1186138,6.961,2462978.28
0,31.11,3.695,213.2732106,6.961,2309025.16
0,39.79,3.739,213.4725116,6.961,2045837.55
0,39.98,3.816,213.6718127,6.961,2148822.76
0,41.14,3.848,213.8711137,6.961,2139265.4
0,53.73,3.862,214.0167132,6.961,2064991.71
0,66.11,3.9,214.0907105,6.961,1992436.96
0,50.06,3.996,214.2387053,7.139,2565259.92
0,45.68,4.044,214.3127027,7.139,2045396.06
0,60.11,4.027,214.3675045,7.139,1884427.84
0,62.74,3.951,214.4771081,7.139,2163510.89
0,63.19,3.889,214.5319099,7.139,2168097.11
0,60.99,3.848,214.5485571,7.139,2039222.26
0,73.67,3.742,214.5513278,7.139,2143126.59
0,62.01,3.689,214.5527132,7.139,2231962.13
0,71.51,3.62,214.5653243,7.139,2165160.29
0,76.51,3.564,214.606,7.139,2060588.69
0,74.15,3.506,214.6466757,7.139,2055952.61
0,79.2,3.475,214.6873514,7.28,2358055.3
0,78.27,3.523,214.728027,7.28,2134680.12
0,76.04,3.567,214.7331351,7.28,1970170.29
0,74.6,3.647,214.7382432,7.28,1911559.1
0,74.73,3.654,214.7433514,7.28,2094515.71
0,75.4,3.722,214.7484595,7.28,2144245.39
1,76.36,3.911,215.2189573,7.28,2080529.06
0,64.84,3.948,215.3583757,7.28,2047949.98
0,60.94,4.038,215.5475459,7.28,2028587.24
0,58.65,3.997,215.7367162,7.28,2008350.58
0,60.77,3.985,215.9258865,7.293,2246411.89
0,56.26,3.969,216.1464699,7.293,1999363.49
0,60.04,3.882,216.1515902,7.293,2031650.55
0,39.05,2.572,210.7526053,8.324,798593.88
0,39.75,2.514,210.9451605,8.324,867283.25
0,45.31,2.561,210.9759573,8.324,749597.24
0,48.61,2.625,211.0067542,8.324,747444.32
0,54.68,2.72,210.8733316,8.324,727070.0
0,51.66,2.732,210.6766095,8.324,686497.53
0,65.74,2.77,210.2831653,8.2,751181.4
0,67.87,2.808,210.1495463,8.2,716026.51
0,64.21,2.795,210.1000648,8.2,718780.59
0,66.93,2.78,210.0505833,8.2,680532.69
0,70.87,2.835,210.0011018,8.2,744969.42
0,80.94,2.759,210.5552301,8.2,755214.26
0,82.68,2.705,210.833616,8.2,806012.48
0,83.51,2.668,211.1120018,8.2,784305.55
0,86.18,2.637,211.1096543,8.2,785104.29
0,87.01,2.653,210.9950134,8.2,769848.75
0,82.29,2.669,210.8803726,8.099,711470.8
0,81.67,2.642,210.7657317,8.099,714677.47
0,85.61,2.623,210.7577954,8.099,755098.41
0,90.3,2.627,211.1608049,8.099,739279.19
0,89.65,2.692,211.2951413,8.099,793589.18
0,89.58,2.664,211.2596586,8.099,848873.28
0,86.2,2.619,211.2241759,8.099,855882.57
0,82.57,2.577,211.1886931,8.099,727772.8
1,79.3,2.565,211.1532104,8.099,674055.81
0,80.79,2.624,211.2552578,8.099,671688.06
0,70.28,2.603,211.3298742,8.163,677158.39
0,68.61,2.72,211.4713286,8.163,693412.05
0,70.72,2.725,211.5187208,8.163,710668.45
0,67.51,2.716,211.5661131,8.163,731756.65
0,60.95,2.728,211.6608975,8.163,735796.38
1,62.96,2.735,211.4062867,8.163,1245628.61
0,50.43,2.708,211.265543,8.163,829210.73
0,46.35,2.843,211.1247993,8.163,943891.64
0,48.63,2.869,211.0645458,8.163,1147556.83
0,51.29,2.886,211.0646599,8.163,1587257.78
1,47.19,2.943,211.064774,8.163,672903.23
0,44.24,2.976,211.0648881,8.028,629152.06
0,34.14,2.983,211.1176713,8.028,650789.13
0,42.72,3.016,211.4864691,8.028,663941.73
0,59.87,3.045,212.9033115,8.028,884701.92
0,61.27,3.065,213.190421,8.028,768313.85
0,59.52,3.288,213.4775305,8.028,796277.72
0,54.69,3.459,213.7646401,8.028,763479.9
0,63.26,3.488,214.0156238,8.028,793569.0
0,68.62,3.622,214.7252242,7.931,744782.89
0,71.01,3.743,214.9420631,7.931,768390.05
0,70.19,3.81,215.2772683,7.931,783250.75
0,75.04,3.899,215.6124735,7.931,754236.7
0,68.36,3.907,215.3834778,7.931,744836.56
0,83.82,3.699,214.9254865,7.931,773878.58
0,84.71,3.648,214.6964908,7.931,794397.89
0,87.54,3.637,214.6513538,7.931,823220.43
0,91.05,3.575,215.0134426,7.852,728311.15
0,90.27,3.651,215.0749122,7.852,784490.67
0,91.56,3.682,215.1363819,7.852,751167.12
0,90.11,3.554,215.3229307,7.852,855546.5
0,92.07,3.523,215.386897,7.852,821127.53
0,91.94,3.533,215.4508632,7.852,705557.8
1,78.87,3.546,215.5148295,7.852,653989.65
0,80.62,3.526,215.6944378,7.852,653525.84
0,71.64,3.285,216.6958311,7.441,663452.46
0,69.79,3.274,217.0048261,7.441,671379.44
0,65.16,3.353,217.1650042,7.441,729036.06
0,65.46,3.372,217.3251824,7.441,738812.0
0,56.01,3.332,217.4853605,7.441,767358.37
0,61.9,3.308,217.8670218,7.441,737014.09
0,48.72,3.172,218.3590319,7.441,793184.25
0,41.44,3.158,218.605037,7.441,897747.13
0,50.56,3.159,218.8217928,7.441,1027584.51
0,46.54,3.112,218.9995495,7.441,1384552.17
0,48.1,3.157,219.355063,7.057,640181.86
0,45.0,3.261,219.5328198,7.057,631181.25
0,52.21,3.268,219.6258417,7.057,651178.2
0,50.79,3.29,219.7188636,7.057,611258.71
1,46.52,3.409,219.9049073,7.057,770652.79
0,45.03,3.51,220.0651993,7.057,834663.52
0,54.81,3.555,220.275944,7.057,747099.07
0,59.3,3.63,220.4866886,7.057,764385.4
0,57.16,3.669,220.6974332,7.057,755084.4
0,63.39,3.734,220.8498468,7.057,767338.32
0,62.96,3.787,220.9244858,7.057,729759.97
0,67.87,3.845,220.9991248,7.057,724798.76
0,69.02,3.891,221.0737638,6.891,761956.58
0,69.03,3.891,221.1484028,6.891,769319.04
0,66.97,3.877,221.2021074,6.891,734858.91
0,69.21,3.814,221.255812,6.891,674829.58
0,77.53,3.749,221.3095166,6.891,697645.32
0,74.14,3.688,221.3632212,6.891,649945.54
0,79.49,3.561,221.3828029,6.891,722891.24
0,79.47,3.452,221.3877467,6.891,707895.72
0,81.78,3.346,221.4411622,6.891,735870.0
0,88.05,3.286,221.4813343,6.891,716341.39
0,85.26,3.227,221.5215064,6.565,693013.59
0,82.51,3.256,221.5616784,6.565,668132.36
0,84.25,3.311,221.5701123,6.565,691200.33
0,88.09,3.407,221.5785461,6.565,677789.14
0,91.57,3.417,221.5869799,6.565,693785.85
0,89.57,3.494,221.5954138,6.565,700272.01
0,85.55,3.571,221.6751459,6.565,751963.81
0,83.58,3.638,221.9415576,6.565,763867.59
1,88.4,3.73,222.0747635,6.565,642827.29
0,76.1,3.717,222.2174395,6.565,628494.63
0,71.54,3.721,222.4169362,6.565,667151.46
0,70.28,3.617,222.8159296,6.17,651768.91
0,61.53,3.601,223.0154263,6.17,653043.44
0,68.52,3.594,223.0598077,6.17,641368.14
0,70.5,3.506,223.0783366,6.17,675202.87
0,24.36,2.788,135.3524608,8.283,1033017.37
1,28.14,2.771,135.4113076,8.283,1022571.25
0,31.96,2.747,135.4657781,8.283,988467.61
0,35.98,2.753,135.5195191,8.283,899761.48
0,36.82,2.766,135.5732602,8.283,1009201.24
0,43.43,2.805,135.6270013,8.283,967187.37
0,48.56,2.831,135.7073618,8.283,1012075.12
0,44.96,2.826,135.7464988,8.348,1177340.99
0,57.06,2.849,135.7856359,8.348,1033171.07
0,51.04,2.895,135.8721667,8.348,969594.47
0,50.96,2.935,135.9170833,8.348,977683.06
0,63.81,2.981,135.962,8.348,1052973.28
0,50.99,2.983,136.010394,8.348,973585.33
0,65.64,2.906,136.1489101,8.348,1103740.4
0,69.49,2.857,136.2181682,8.348,1095539.13
0,65.01,2.83,136.2874263,8.348,1061196.47
0,67.13,2.805,136.3243393,8.348,1052895.25
0,74.37,2.81,136.3483143,8.348,1095020.33
0,72.88,2.815,136.3722893,8.433,1120259.71
0,74.37,2.792,136.4741118,8.433,1010326.14
0,74.75,2.81,136.4928214,8.433,993097.43
0,73.21,2.796,136.5249182,8.433,1017045.44
0,68.99,2.77,136.557015,8.433,1081420.96
1,68.6,2.717,136.6212085,8.433,924174.4
0,62.49,2.716,136.6338071,8.433,918285.97
0,65.14,2.718,136.6317821,8.433,902779.25
0,69.31,2.717,136.6297571,8.572,905987.17
0,55.23,2.878,136.6401935,8.572,954401.46
0,50.24,2.919,136.688871,8.572,960998.52
0,57.73,2.938,136.7375484,8.572,1025766.27
0,44.42,2.961,136.8349032,8.572,1043698.64
0,48.62,3.03,136.7715714,8.572,985896.44
1,44.61,3.07,136.6895714,8.572,1564502.26
0,28.43,3.132,136.5255714,8.572,1367202.84
0,30.46,3.139,136.5292811,8.572,1527682.99
0,29.76,3.15,136.597273,8.572,1962445.04
1,28.49,3.177,136.665265,8.572,774262.28
0,24.76,3.215,136.803477,8.458,807535.52
0,26.8,3.232,136.8870657,8.458,855001.02
0,20.61,3.243,136.9706544,8.458,799369.15
0,26.39,3.24,137.0542431,8.458,946060.98
1,28.89,3.255,137.1378318,8.458,1009206.33
0,35.34,3.263,137.2511849,8.458,975964.86
0,30.23,3.281,137.3764439,8.458,911245.43
0,41.42,3.6,137.6269617,8.458,944587.23
0,43.38,3.634,137.7398929,8.458,926427.12
0,38.77,3.624,137.8478929,8.458,933528.39
0,36.04,3.638,137.9558929,8.252,951588.37
0,44.42,3.72,138.0638929,8.252,969046.69
0,48.88,3.823,138.1646952,8.252,1008557.04
0,47.76,3.919,138.2475036,8.252,1152781.9
0,57.2,3.988,138.3303119,8.252,926133.8
0,53.63,4.078,138.4131202,8.252,1032076.06
0,57.71,4.095,138.4959286,8.252,1001558.74
0,58.56,4.101,138.587106,8.252,970307.83
0,70.09,3.973,138.7694608,8.252,1125169.92
0,69.53,3.924,138.8606382,8.252,1060868.49
0,63.97,3.873,139.0028333,8.252,1042454.61
0,68.53,3.851,139.1832917,8.252,1012584.2
0,70.8,3.815,139.36375,8.023,1077491.68
0,74.22,3.784,139.5442083,8.023,1017050.65
0,75.2,3.827,139.7006325,8.023,961953.57
0,77.79,3.882,139.7969712,8.023,964683.8
0,75.32,3.898,139.8933099,8.023,944958.69
0,75.33,3.903,139.9896486,8.023,983232.96
0,74.69,3.88,140.0859873,8.023,991779.2
0,71.3,3.82,140.1289205,8.023,973004.91
0,72.22,3.796,140.1629528,8.023,1181815.31
0,69.16,3.784,140.196985,8.023,912762.76
1,69.14,3.809,140.2310173,8.023,1004434.54
0,62.36,3.758,140.32725,8.023,899834.75
0,69.78,3.684,140.381,8.023,953314.16
0,56.44,3.633,140.43475,7.706,993436.67
0,62.63,3.583,140.4784194,7.706,944337.32
0,59.3,3.618,140.4616048,7.706,981567.22
0,42.81,3.586,140.4279758,7.706,1106575.59
0,47.8,3.57,140.4111613,7.706,1051740.29
1,46.28,3.536,140.4217857,7.706,1535857.49
0,49.11,3.501,140.4307857,7.706,1167621.14
0,45.35,3.47,140.4397857,7.706,1308967.44
0,39.11,3.445,140.4700795,7.706,1453153.33
0,39.0,3.523,140.7048214,7.503,855437.57
0,35.68,3.568,140.9124021,7.503,786459.23
0,40.58,3.633,141.0161924,7.503,958487.75
1,35.68,3.655,141.1199827,7.503,1034448.07
0,36.25,3.703,141.2140357,7.503,1004749.41
0,37.47,3.827,141.3875357,7.503,974866.65
0,41.72,3.876,141.4742857,7.503,991127.01
0,46.06,3.867,141.55478,7.503,966780.01
0,54.68,3.889,141.6269332,7.503,992774.4
0,49.89,4.025,141.8433929,7.671,939118.24
0,58.81,4.046,141.9015262,7.671,1000342.87
0,51.42,4.023,141.9596595,7.671,922539.94
0,50.75,3.991,142.0177929,7.671,1005083.31
0,56.72,3.947,142.0759262,7.671,997868.63
0,61.9,3.899,142.0970115,7.671,986612.02
0,62.39,3.85,142.1032776,7.671,1047297.38
0,70.01,3.798,142.1095438,7.671,1102857.37
0,61.71,3.746,142.1158099,7.671,1061134.37
0,66.56,3.683,142.1292548,7.671,1061219.19
0,70.99,3.577,142.1920381,7.671,1053881.78
0,76.57,3.61,142.2337569,7.753,991969.37
0,73.52,3.701,142.2126924,7.753,925731.21
0,72.99,3.698,142.1916279,7.753,1007257.83
0,76.74,3.772,142.1705634,7.753,973812.79
0,74.92,3.84,142.2157385,7.753,981273.26
0,70.42,3.874,142.3105933,7.753,1060906.75
0,63.38,4.056,142.6798167,7.753,921612.53
0,62.17,4.018,142.76575,7.753,976479.51
0,55.28,4.0,142.8633629,7.543,978027.95
0,57.58,3.917,142.7624113,7.543,1094422.69
0,26.7,2.747,131.637,5.892,1319588.04
0,32.68,2.753,131.686,5.892,1198709.65
0,33.15,2.766,131.735,5.892,1311175.93
0,36.07,2.805,131.784,5.892,1408082.96
0,40.5,2.826,131.9019677,5.435,1556627.62
0,56.82,2.849,131.9408065,5.435,1264434.7
0,44.25,2.885,131.9809,5.435,1288823.72
0,46.4,2.895,132.0226667,5.435,1315023.08
0,45.47,2.935,132.0644333,5.435,1259414.52
0,61.04,2.981,132.1062,5.435,1365552.28
0,45.33,2.983,132.152129,5.435,1303055.09
0,64.94,2.857,132.3648387,5.435,1514435.51
0,58.35,2.83,132.4357419,5.435,1439432.06
0,60.29,2.805,132.4733333,5.435,1507708.93
0,69.83,2.81,132.4976,5.435,1415204.88
0,64.76,2.815,132.5218667,5.326,1549113.18
0,77.16,2.806,132.5461333,5.326,1417535.78
0,70.2,2.784,132.5825806,5.326,1333634.45
0,69.71,2.792,132.5983871,5.326,1319773.55
0,67.43,2.81,132.63,5.326,1346345.97
0,63.25,2.77,132.6932258,5.326,1584623.36
0,72.91,2.735,132.7248387,5.326,1405119.23
1,63.21,2.717,132.7564516,5.326,1272842.85
0,55.3,2.716,132.7670667,5.326,1159132.58
0,57.75,2.718,132.7619333,5.326,1099055.65
0,62.07,2.717,132.7568,5.287,1129909.44
0,45.55,2.878,132.7633548,5.287,1119809.71
0,43.19,2.919,132.8170968,5.287,1147503.92
0,48.68,2.938,132.8708387,5.287,1112871.23
0,36.6,2.938,132.9245806,5.287,1203119.96
0,35.59,2.961,132.9783226,5.287,1387953.75
0,41.66,3.03,132.9172,5.287,1314994.32
0,34.3,3.065,132.7566667,5.287,1617025.41
0,20.12,3.132,132.6764,5.287,1872365.99
0,23.05,3.139,132.6804516,5.287,2238573.48
0,22.96,3.15,132.7477419,5.287,2734277.1
1,19.05,3.177,132.8150323,5.287,1169773.85
0,27.81,3.193,132.8823226,5.114,1122034.48
0,18.2,3.215,132.9510645,5.114,1016756.1
0,15.58,3.232,133.0285161,5.114,1110706.06
0,10.91,3.243,133.1059677,5.114,1083657.61
0,14.5,3.24,133.1834194,5.114,1159438.53
0,26.6,3.263,133.3701429,5.114,1369971.57
0,17.0,3.281,133.4921429,5.114,1206917.2
0,20.67,3.437,133.6141429,5.114,1301185.28
0,29.36,3.6,133.7361429,5.114,1042043.55
0,29.11,3.624,133.9587419,5.114,1148624.83
0,29.44,3.638,134.0682581,4.781,1182694.95
0,36.74,3.72,134.1777742,4.781,1248901.98
0,39.62,3.919,134.3571,4.781,1447301.24
0,54.2,3.988,134.4357333,4.781,1173307.4
0,55.12,4.095,134.593,4.781,1254914.87
0,63.27,4.034,134.7677742,4.781,1361945.18
0,65.23,3.924,134.9425484,4.781,1447028.06
0,61.06,3.873,135.0837333,4.781,1470520.83
0,63.8,3.851,135.2652667,4.781,1434036.18
0,65.65,3.815,135.4468,4.584,1492507.44
0,69.92,3.784,135.6283333,4.584,1379488.05
0,76.74,3.882,135.8738387,4.584,1362144.0
0,69.55,3.898,135.9639355,4.584,1319767.55
0,69.53,3.903,136.0540323,4.584,1416344.68
0,69.86,3.88,136.144129,4.584,1380952.05
0,67.09,3.82,136.183129,4.584,1453416.53
0,67.04,3.796,136.2136129,4.584,1637266.29
1,66.04,3.809,136.2745806,4.584,1423289.9
0,60.52,3.809,136.3145,4.584,1253329.17
0,57.14,3.758,136.367,4.584,1289082.81
0,64.76,3.684,136.4195,4.584,1275597.85
0,49.0,3.633,136.472,4.42,1463501.99
0,56.79,3.583,136.5150968,4.42,1257778.34
0,52.12,3.618,136.5017742,4.42,1441032.59
0,42.57,3.604,136.4884516,4.42,1407191.96
0,39.18,3.586,136.475129,4.42,1428436.33
0,44.04,3.57,136.4618065,4.42,1436940.78
0,45.48,3.571,136.4666667,4.42,1345631.96
1,35.23,3.536,136.4788,4.42,2057059.53
0,43.6,3.501,136.4909333,4.42,1552886.59
0,36.4,3.47,136.5030667,4.42,1841173.6
0,32.99,3.445,136.5335161,4.42,2173621.2
0,27.8,3.413,136.5883871,4.42,2587953.32
1,22.3,3.402,136.6432581,4.42,1213486.95
0,24.29,3.439,136.698129,4.261,1150662.55
0,15.33,3.542,136.8564194,4.261,1146992.13
0,25.71,3.568,136.9598387,4.261,1037476.38
0,29.71,3.633,137.0632581,4.261,1261872.67
0,25.91,3.827,137.4238966,4.261,1322852.2
0,41.19,3.867,137.5843871,4.261,1258364.31
0,57.82,3.889,137.6552903,4.261,1288154.1
0,36.71,3.921,137.7261935,4.261,1261964.96
0,37.43,3.957,137.7970968,4.125,1604605.69
0,56.55,4.046,137.9230667,4.125,1287899.41
0,44.62,4.023,137.9781333,4.125,1277758.76
0,58.42,3.899,138.1065806,4.125,1332952.47
0,66.22,3.798,138.1138065,4.125,1476144.34
0,56.82,3.746,138.1174194,4.125,1568048.54
0,71.82,3.629,138.1629,4.125,1522042.57
0,64.23,3.577,138.1962667,4.125,1451782.16
0,70.86,3.538,138.2296333,4.156,1545370.16
0,69.19,3.561,138.263,4.156,1384921.63
0,69.31,3.701,138.2033871,4.156,1322932.36
0,71.51,3.698,138.1735806,4.156,1416926.31
0,69.97,3.84,138.1857097,4.156,1510131.45
0,64.63,3.874,138.2814516,4.156,1702220.96
1,66.74,3.921,138.4729355,4.156,1427162.26
0,61.37,3.988,138.5673,4.156,1279041.64
0,56.8,4.056,138.6534,4.156,1338627.55
0,53.71,4.018,138.7395,4.156,1319035.06
0,56.65,4.027,138.8256,4.145,1464616.59
0,48.1,4.029,138.9117,4.145,1412925.25
0,47.89,4.0,138.8336129,4.145,1363155.77
0,50.56,3.917,138.7281613,4.145,1347454.59
0,22.43,2.954,131.5279032,8.326,1388725.63
1,25.94,2.94,131.5866129,8.326,1414107.1
0,31.05,2.909,131.637,8.326,1385362.49
0,33.98,2.91,131.686,8.326,1158722.74
0,36.73,2.919,131.735,8.326,1412387.37
0,42.31,2.938,131.784,8.326,1309340.16
0,48.87,2.963,131.863129,8.326,1258311.56
0,45.22,2.957,131.9019677,8.211,1478321.26
0,62.06,2.992,131.9408065,8.211,1379579.63
0,51.08,3.01,131.9809,8.211,1268266.72
0,51.07,3.021,132.0226667,8.211,1264117.01
0,51.48,3.042,132.0644333,8.211,1259877.19
0,66.65,3.095,132.1062,8.211,1409705.03
0,51.31,3.112,132.152129,8.211,1346783.35
0,60.44,3.096,132.2230323,8.211,1283482.85
0,69.59,3.046,132.2939355,8.211,1473868.15
0,71.99,3.006,132.3648387,8.211,1566668.91
0,64.84,2.972,132.4357419,8.211,1375458.21
0,67.17,2.942,132.4733333,8.211,1354168.18
0,74.9,2.958,132.4976,8.211,1399073.75
0,71.12,2.958,132.5218667,8.117,1563387.94
0,76.56,2.933,132.5667742,8.117,1418697.05
0,75.27,2.924,132.5825806,8.117,1333740.35
0,75.91,2.932,132.5983871,8.117,1387517.63
0,74.54,2.942,132.6141935,8.117,1442819.28
0,74.17,2.923,132.63,8.117,1384243.75
0,72.17,2.913,132.6616129,8.117,1375307.54
0,67.0,2.885,132.6932258,8.117,1350059.35
0,73.52,2.86,132.7248387,8.117,1366381.6
0,60.31,2.846,132.7670667,8.117,1273295.46
0,64.3,2.837,132.7619333,8.117,1169413.27
0,66.88,2.84,132.7568,8.275,1215273.2
0,54.82,2.903,132.7516667,8.275,1361944.94
0,52.83,2.999,132.7633548,8.275,1300806.74
0,48.69,3.049,132.8170968,8.275,1234875.33
0,57.29,3.055,132.8708387,8.275,1244925.94
0,42.2,3.049,132.9245806,8.275,1285358.01
0,41.76,3.065,132.9783226,8.275,1312877.01
1,41.92,3.186,132.8369333,8.275,1779276.51
0,37.08,3.2,132.7566667,8.275,1413302.7
0,27.11,3.255,132.6764,8.275,1593012.75
0,27.99,3.301,132.6804516,8.275,1663525.77
0,27.74,3.309,132.7477419,8.275,2386015.75
1,25.9,3.336,132.8150323,8.275,1208600.05
0,30.72,3.351,132.8823226,8.252,1178641.71
0,22.41,3.367,132.9510645,8.252,1167740.2
0,23.69,3.391,133.0285161,8.252,1107170.39
0,23.83,3.4,133.1834194,8.252,1225182.04
1,26.51,3.416,133.260871,8.252,1341240.62
0,34.04,3.42,133.3701429,8.252,1360150.12
0,26.09,3.452,133.4921429,8.252,1235121.33
0,31.36,3.605,133.6141429,8.252,1346994.53
0,39.51,3.752,133.7361429,8.252,1253218.7
0,36.88,3.789,133.9587419,8.252,1158693.12
0,35.73,3.811,134.0682581,8.212,1163803.3
0,44.7,3.895,134.1777742,8.212,1273670.32
0,52.36,3.981,134.2784667,8.212,1245576.65
0,46.0,4.061,134.3571,8.212,1372484.9
0,55.75,4.192,134.5143667,8.212,1339630.35
0,65.74,4.134,134.7677742,8.212,1311153.72
0,73.12,4.069,134.8551613,8.212,1554837.62
0,64.34,3.989,135.0837333,8.212,1320359.23
0,70.27,3.916,135.4468,8.358,1445596.61
0,72.56,3.886,135.6283333,8.358,1567340.07
0,74.43,3.915,135.7837419,8.358,1356938.95
0,74.84,4.004,135.9639355,8.358,1310973.06
0,74.64,4.02,136.0540323,8.358,1417616.81
0,69.93,3.942,136.183129,8.358,1352039.88
0,69.94,3.906,136.2136129,8.358,1402372.09
0,68.14,3.879,136.2440968,8.358,1196105.44
1,68.32,3.93,136.2745806,8.358,1527455.19
0,65.56,3.937,136.3145,8.358,1227535.97
0,60.61,3.899,136.367,8.358,1232376.49
0,68.0,3.858,136.4195,8.358,1246242.61
0,53.87,3.775,136.472,8.454,1405914.39
0,60.21,3.744,136.5150968,8.454,1333315.03
0,48.0,3.757,136.4884516,8.454,1307142.75
0,46.78,3.719,136.4618065,8.454,1425078.59
0,48.17,3.717,136.4666667,8.454,1297535.69
1,41.83,3.689,136.4788,8.454,1761235.67
0,47.21,3.666,136.4909333,8.454,1335647.1
0,42.3,3.627,136.5030667,8.454,1529615.54
0,36.0,3.611,136.5335161,8.454,1624994.43
1,33.45,3.566,136.6432581,8.454,1363973.16
0,36.5,3.666,136.753,8.659,1155594.2
0,25.73,3.705,136.8564194,8.659,1151993.85
0,31.92,3.737,136.9598387,8.659,1057290.41
0,38.61,3.796,137.0632581,8.659,1249696.97
1,33.82,3.826,137.1666774,8.659,1403460.87
0,33.92,3.874,137.2583103,8.659,1326370.08
0,35.36,3.983,137.4238966,8.659,1213994.39
0,48.68,4.021,137.5843871,8.659,1239299.12
0,47.28,4.098,137.7261935,8.659,1230106.13
0,48.65,4.187,137.868,8.983,1285783.87
0,61.05,4.17,137.9230667,8.983,1208654.4
0,52.14,4.124,138.0332,8.983,1306551.71
0,58.7,4.055,138.0882667,8.983,1355391.79
0,63.1,4.029,138.1065806,8.983,1298809.8
0,65.79,3.979,138.1101935,8.983,1407897.57
0,59.93,3.871,138.1174194,8.983,1406313.13
0,68.28,3.786,138.1295333,8.983,1364445.98
0,72.29,3.722,138.1629,8.983,1434709.63
0,70.4,3.667,138.1962667,8.983,1428869.9
0,77.18,3.646,138.2296333,8.953,1645097.75
0,75.36,3.689,138.263,8.953,1405475.78
0,76.42,3.732,138.2331935,8.953,1394299.0
0,73.26,3.819,138.1735806,8.953,1440374.13
0,75.53,3.863,138.1437742,8.953,1497054.81
0,72.87,3.963,138.1857097,8.953,1397970.54
1,72.81,4.076,138.4729355,8.953,1477134.75
0,58.86,4.158,138.7395,8.953,1259278.36
0,60.35,4.151,138.8256,8.693,1416720.54
0,52.59,4.153,138.8336129,8.693,1255414.84
0,55.16,4.071,138.7281613,8.693,1307182.29
0,21.1,2.784,204.2471935,8.187,677231.63
1,19.64,2.773,204.3857472,8.187,583364.02
0,24.16,2.745,204.4321004,8.187,676260.67
0,29.16,2.754,204.4630869,8.187,628516.57
0,29.45,2.777,204.4940734,8.187,665750.06
0,40.05,2.818,204.5250598,8.187,660619.99
0,45.0,2.844,204.3782258,8.187,659795.84
0,47.2,2.85,204.0252842,7.856,822486.37
0,61.36,2.869,203.8488134,7.856,712647.97
0,52.16,2.899,203.7307486,7.856,715311.6
0,46.12,2.902,203.6905586,7.856,694531.72
0,63.67,2.966,203.6101784,7.856,724468.97
0,50.27,2.982,203.6133915,7.856,698073.95
0,57.17,2.958,203.8770235,7.856,704113.22
0,69.31,2.899,204.1406556,7.856,792442.54
0,69.22,2.847,204.4042877,7.856,764155.44
0,69.56,2.78,204.670036,7.856,780444.94
0,72.17,2.808,204.5675459,7.856,737569.14
0,73.43,2.783,204.3571656,7.527,726997.84
0,75.37,2.771,204.4812188,7.527,665290.93
0,71.81,2.779,204.8217044,7.527,724499.81
0,67.15,2.755,204.7900305,7.527,711461.95
0,71.17,2.715,204.7583566,7.527,685700.08
1,61.14,2.699,204.7266827,7.527,655811.95
0,60.13,2.706,204.7513279,7.527,628989.88
0,65.06,2.713,204.8182126,7.527,607819.33
0,57.56,2.707,204.8850973,7.484,658640.14
0,48.46,2.764,204.951982,7.484,674283.86
0,54.09,2.868,205.0137637,7.484,616094.72
0,46.73,2.917,205.0627881,7.484,661644.19
0,40.68,2.931,205.2098614,7.484,713250.08
0,42.72,3.0,205.0992811,7.484,718056.73
1,43.43,3.039,204.9621,7.484,1115240.61
0,22.65,3.109,204.6877378,7.484,964729.18
0,21.6,3.14,204.6321194,7.484,1047707.59
0,22.94,3.141,204.6376731,7.484,1295391.19
1,25.89,3.179,204.6432267,7.484,623092.54
0,29.0,3.193,204.6487803,7.343,558794.63
0,18.3,3.205,204.7026042,7.343,572360.83
0,23.21,3.229,205.0460497,7.343,568093.57
1,21.18,3.239,206.0763862,7.343,615666.78
0,38.42,3.245,206.3694701,7.343,634637.03
0,28.36,3.274,206.6424093,7.343,570816.34
0,31.59,3.433,206.9153485,7.343,640912.18
0,40.94,3.631,207.4283845,7.343,603393.64
0,38.51,3.625,207.6553444,7.343,616324.24
0,28.5,3.638,207.8823043,7.287,618377.79
0,51.43,3.821,208.3172811,7.287,674562.45
0,45.87,3.892,208.4779405,7.287,756588.42
0,58.43,3.962,208.6386,7.287,649245.0
0,49.5,4.046,208.7992595,7.287,659446.55
0,60.1,4.066,208.9599189,7.287,684783.15
0,56.56,4.062,208.7583165,7.287,677971.33
0,67.18,3.985,208.556714,7.287,718373.94
0,70.69,3.922,208.3551116,7.287,737551.74
0,63.58,3.842,208.1265604,7.287,717373.43
0,70.71,3.804,208.2306018,7.287,699270.1
0,66.61,3.748,208.3346432,7.274,706206.86
0,71.64,3.711,208.4386847,7.274,698529.64
0,72.67,3.76,208.5309337,7.274,680510.23
0,74.72,3.829,208.6564699,7.274,668390.82
0,74.0,3.842,208.719238,7.274,679706.01
0,70.93,3.812,208.7820061,7.274,667130.48
0,66.8,3.704,208.902476,7.274,726422.55
0,67.2,3.703,208.9625161,7.274,699779.0
1,67.51,3.738,209.0225562,7.274,673248.48
0,62.05,3.742,209.1893892,7.274,628720.46
0,60.28,3.711,209.4986126,7.274,620885.93
0,60.7,3.645,209.807836,7.274,639160.24
0,50.82,3.583,210.1170595,7.082,671522.87
0,50.22,3.57,210.5473252,7.082,690675.5
0,46.28,3.569,210.6918901,7.082,724443.97
0,40.88,3.551,210.8364551,7.082,718393.61
0,44.81,3.53,210.9810201,7.082,719235.07
0,38.69,3.415,211.8667856,7.082,916446.02
0,36.56,3.389,212.2360401,7.082,1290532.97
1,32.42,3.389,212.4035763,7.082,683665.37
0,30.23,3.422,212.5711125,6.961,636419.12
0,34.6,3.513,212.7386486,6.961,614764.31
0,23.87,3.533,212.8336399,6.961,594744.89
0,32.24,3.567,212.9286312,6.961,589554.29
0,34.98,3.617,213.0236225,6.961,642776.4
0,32.23,3.695,213.2732106,6.961,654088.02
0,35.51,3.739,213.4725116,6.961,613501.05
0,36.01,3.816,213.6718127,6.961,643155.89
0,37.44,3.848,213.8711137,6.961,643711.53
0,50.64,3.862,214.0167132,6.961,638204.27
0,47.92,3.953,214.1647079,6.961,684348.92
0,42.46,4.044,214.3127027,7.139,658691.56
0,57.1,4.027,214.3675045,7.139,661566.48
0,44.2,4.004,214.4223063,7.139,655157.32
0,59.21,3.889,214.5319099,7.139,739866.16
0,58.21,3.848,214.5485571,7.139,717207.19
0,67.69,3.798,214.5499425,7.139,783371.02
0,69.54,3.742,214.5513278,7.139,694765.95
0,68.34,3.62,214.5653243,7.139,753860.89
0,69.84,3.506,214.6466757,7.139,718890.81
0,75.52,3.475,214.6873514,7.28,753385.55
0,73.87,3.523,214.728027,7.28,714093.95
0,74.32,3.567,214.7331351,7.28,685676.58
0,72.98,3.647,214.7382432,7.28,659109.53
0,66.99,3.807,214.825578,7.28,728467.72
0,64.53,3.834,214.9567044,7.28,756527.64
0,68.55,3.867,215.0878309,7.28,714828.73
1,72.79,3.911,215.2189573,7.28,671482.9
0,57.6,4.038,215.5475459,7.28,664745.2
0,54.52,3.997,215.7367162,7.28,683300.84
0,57.58,3.985,215.9258865,7.293,699536.73
0,43.74,4.0,216.1150568,7.293,697317.41
0,51.93,3.969,216.1464699,7.293,685531.85
0,56.69,3.882,216.1515902,7.293,688940.94
0,9.55,2.788,131.5279032,8.488,1034119.21
0,22.62,2.747,131.637,8.488,999348.55
0,28.6,2.766,131.735,8.488,1005669.58
0,31.1,2.805,131.784,8.488,963382.09
0,35.34,2.834,131.8242903,8.488,903366.55
0,36.53,2.826,131.9019677,8.512,1029849.2
0,50.13,2.849,131.9408065,8.512,1022293.81
0,36.6,2.885,131.9809,8.512,905548.38
0,39.68,2.895,132.0226667,8.512,881930.87
0,40.56,2.935,132.0644333,8.512,904503.85
0,54.72,2.981,132.1062,8.512,1074479.73
0,39.08,2.983,132.152129,8.512,972663.59
0,50.81,2.961,132.2230323,8.512,986765.01
0,61.65,2.906,132.2939355,8.512,1069851.59
0,58.46,2.857,132.3648387,8.512,1003202.66
0,51.62,2.83,132.4357419,8.512,1073862.59
0,53.62,2.805,132.4733333,8.512,1001286.67
0,63.78,2.81,132.4976,8.512,976242.09
0,71.08,2.806,132.5461333,8.445,1122356.53
0,65.4,2.784,132.5825806,8.445,971615.62
0,62.93,2.792,132.6141935,8.445,1125329.77
0,61.58,2.81,132.63,8.445,1011938.29
0,62.68,2.796,132.6616129,8.445,1007385.36
0,57.23,2.77,132.6932258,8.445,977322.52
0,66.93,2.735,132.7248387,8.445,1037549.71
1,54.82,2.717,132.7564516,8.445,1042226.3
0,57.8,2.717,132.7568,8.149,923221.52
0,46.81,2.776,132.7516667,8.149,1001069.52
0,39.93,2.878,132.7633548,8.149,937956.89
0,36.13,2.919,132.8170968,8.149,916522.66
0,30.51,2.938,132.9245806,8.149,970224.51
0,37.51,2.961,132.9783226,8.149,971193.01
0,36.73,3.03,132.9172,8.149,901972.7
0,16.6,3.132,132.6764,8.149,1149612.04
0,21.81,3.15,132.7477419,8.149,1573982.47
1,18.73,3.177,132.8150323,8.149,877268.29
0,21.13,3.193,132.8823226,7.907,938149.21
0,16.7,3.215,132.9510645,7.907,812323.29
0,12.98,3.232,133.0285161,7.907,809833.21
0,5.54,3.243,133.1059677,7.907,817485.14
0,11.17,3.24,133.1834194,7.907,911807.02
1,15.12,3.255,133.260871,7.907,1010711.08
0,19.63,3.263,133.3701429,7.907,981978.02
0,16.3,3.281,133.4921429,7.907,910298.44
0,14.31,3.437,133.6141429,7.907,945643.17
0,28.13,3.6,133.7361429,7.907,946614.55
0,31.76,3.634,133.8492258,7.907,887426.12
0,22.99,3.624,133.9587419,7.907,866566.54
0,22.99,3.638,134.0682581,7.818,849231.61
0,33.81,3.919,134.3571,7.818,921700.61
0,47.17,3.988,134.4357333,7.818,873450.29
0,48.2,4.095,134.593,7.818,941008.85
0,48.86,4.101,134.6803871,7.818,938334.62
0,59.85,3.924,134.9425484,7.818,1094058.68
0,54.5,3.873,135.0837333,7.818,981646.46
0,56.94,3.851,135.2652667,7.818,997474.93
0,59.89,3.815,135.4468,7.767,1070119.09
0,64.43,3.827,135.7837419,7.767,1021534.7
0,69.52,3.882,135.8738387,7.767,1017867.8
0,63.32,3.898,135.9639355,7.767,1005360.5
0,62.99,3.88,136.144129,7.767,1087644.5
0,61.1,3.796,136.2136129,7.767,1064617.62
0,59.67,3.784,136.2440968,7.767,1040143.14
1,60.98,3.809,136.2745806,7.767,1069710.97
0,55.19,3.809,136.3145,7.767,951569.84
0,50.72,3.758,136.367,7.767,923644.6
0,46.84,3.633,136.472,7.598,1130022.99
0,53.91,3.583,136.5150968,7.598,987886.08
0,45.23,3.618,136.5017742,7.598,974907.28
0,35.06,3.604,136.4884516,7.598,972256.98
0,31.7,3.586,136.475129,7.598,988950.75
0,40.08,3.57,136.4618065,7.598,1077640.13
0,37.78,3.571,136.4666667,7.598,946091.79
0,36.74,3.501,136.4909333,7.598,1012498.49
0,28.24,3.445,136.5335161,7.598,1204807.83
0,22.53,3.413,136.5883871,7.598,1515175.01
1,18.8,3.402,136.6432581,7.598,972834.42
0,25.55,3.523,136.753,7.467,836305.65
0,15.22,3.542,136.8564194,7.467,838751.5
0,24.16,3.568,136.9598387,7.467,820059.89
0,25.24,3.633,137.0632581,7.467,939158.25
1,23.89,3.655,137.1666774,7.467,1081005.64
0,23.9,3.703,137.2583103,7.467,965788.76
0,28.06,3.751,137.3411034,7.467,917924.47
0,22.49,3.827,137.4238966,7.467,955641.74
0,29.03,3.876,137.5066897,7.467,1028569.01
0,35.06,3.867,137.5843871,7.467,919503.4
0,49.97,3.889,137.6552903,7.467,874790.68
0,33.33,3.921,137.7261935,7.467,922018.43
0,33.35,3.957,137.7970968,7.489,1116829.23
0,36.9,4.025,137.868,7.489,889670.29
0,50.81,4.046,137.9230667,7.489,923600.02
0,43.6,4.023,137.9781333,7.489,911969.0
0,47.11,3.947,138.0882667,7.489,1062548.73
0,52.55,3.899,138.1065806,7.489,978082.84
0,58.51,3.798,138.1138065,7.489,1015853.03
0,63.04,3.629,138.1629,7.489,1056282.91
0,60.71,3.577,138.1962667,7.489,1051190.44
0,64.94,3.538,138.2296333,7.405,1180470.8
0,66.75,3.61,138.2331935,7.405,1049625.9
0,65.6,3.698,138.1735806,7.405,1090915.09
0,67.01,3.772,138.1437742,7.405,1121476.51
0,65.54,3.84,138.1857097,7.405,1068292.56
0,62.08,3.874,138.2814516,7.405,1022704.2
0,63.69,3.884,138.3771935,7.405,1053495.51
1,61.58,3.921,138.4729355,7.405,1081874.03
0,57.69,3.988,138.5673,7.405,986131.94
0,52.68,4.056,138.6534,7.405,961084.08
0,50.66,4.018,138.7395,7.405,964726.37
0,45.19,4.029,138.9117,7.138,1044639.69
0,43.51,4.0,138.8336129,7.138,975578.02
0,27.19,2.954,135.3524608,8.237,1874289.79
1,29.81,2.94,135.4113076,8.237,1745362.72
0,36.0,2.91,135.5195191,8.237,1390934.27
0,38.07,2.919,135.5732602,8.237,1313729.72
0,45.98,2.938,135.6270013,8.237,1925113.12
0,49.04,2.96,135.6682247,8.237,1700627.97
0,52.34,2.963,135.7073618,8.237,1836714.84
0,46.9,2.957,135.7464988,8.058,2053952.97
0,54.95,3.01,135.82725,8.058,1857500.96
0,53.91,3.021,135.8721667,8.058,1850205.47
0,53.55,3.042,135.9170833,8.058,1805885.04
0,69.02,3.095,135.962,8.058,1939458.84
0,63.31,3.096,136.0796521,8.058,1836595.58
0,67.88,3.046,136.1489101,8.058,1962468.67
0,74.29,3.006,136.2181682,8.058,2073102.59
0,68.9,2.972,136.2874263,8.058,1873812.93
0,70.0,2.942,136.3243393,8.058,1887182.27
0,78.02,2.958,136.3483143,8.058,1962625.01
0,76.25,2.958,136.3722893,7.982,2024554.1
0,82.69,2.94,136.3962643,7.982,2119163.01
0,81.56,2.924,136.4366924,7.982,1808250.71
0,79.78,2.932,136.4554021,7.982,1816489.53
0,77.45,2.942,136.4741118,7.982,1908036.68
0,75.16,2.913,136.5249182,7.982,1936878.46
0,70.31,2.885,136.557015,7.982,1870684.21
0,78.52,2.86,136.5891118,7.982,1908110.9
1,70.38,2.837,136.6212085,7.982,1913494.81
0,64.5,2.846,136.6338071,7.982,1629978.46
0,57.78,2.903,136.6277321,8.021,1707662.87
0,58.38,2.999,136.6401935,8.021,1728388.2
0,52.82,3.049,136.688871,8.021,1693935.29
0,61.02,3.055,136.7375484,8.021,1688955.49
0,45.91,3.049,136.7862258,8.021,1686010.02
0,45.9,3.065,136.8349032,8.021,1828010.25
0,50.81,3.138,136.7715714,8.021,1704785.74
1,46.67,3.186,136.6895714,8.021,2627910.75
0,41.81,3.2,136.6075714,8.021,1884343.67
0,30.83,3.255,136.5255714,8.021,2139733.68
0,31.62,3.301,136.5292811,8.021,2350098.36
0,31.34,3.309,136.597273,8.021,3078162.08
1,29.59,3.336,136.665265,8.021,1440963.0
0,34.42,3.351,136.7332569,7.827,1568159.48
0,23.64,3.402,136.9706544,7.827,1421111.55
0,28.7,3.4,137.0542431,7.827,1628100.79
1,30.45,3.416,137.1378318,7.827,1636224.77
0,39.32,3.42,137.2511849,7.827,1709365.19
0,33.05,3.452,137.3764439,7.827,1688935.71
0,36.99,3.605,137.5017028,7.827,1656130.67
0,46.65,3.796,137.7398929,7.827,1624539.21
0,40.11,3.789,137.8478929,7.827,1554651.08
0,37.27,3.811,137.9558929,7.725,1628868.28
0,46.87,3.895,138.0638929,7.725,1689844.18
0,52.24,3.981,138.1646952,7.725,1727175.61
0,50.02,4.061,138.2475036,7.725,1921655.48
0,61.71,4.117,138.3303119,7.725,1642074.64
0,56.48,4.192,138.4131202,7.725,1757041.96
0,60.07,4.211,138.4959286,7.725,1763545.32
0,60.22,4.202,138.587106,7.725,1725268.56
0,66.43,4.134,138.6782834,7.725,1820723.17
0,67.03,3.989,139.0028333,7.725,1814740.09
0,72.02,3.964,139.1832917,7.725,1811455.15
0,73.76,3.916,139.36375,7.85,1949983.93
0,76.87,3.886,139.5442083,7.85,2000055.27
0,77.83,3.915,139.7006325,7.85,1762155.79
0,82.28,3.972,139.7969712,7.85,1754879.45
0,78.14,4.02,139.9896486,7.85,1747289.53
0,72.88,3.906,140.1629528,7.85,2034400.78
0,71.44,3.879,140.196985,7.85,1511717.53
0,63.61,3.899,140.32725,7.85,1606208.68
0,70.92,3.858,140.381,7.85,1599626.26
0,64.78,3.744,140.4784194,7.906,1682652.51
0,59.62,3.757,140.4616048,7.906,1689591.44
0,44.46,3.738,140.4279758,7.906,1621109.3
0,51.42,3.717,140.4127857,7.906,1723739.44
1,47.88,3.689,140.4217857,7.906,2504400.71
0,50.55,3.666,140.4307857,7.906,1806924.74
0,46.28,3.627,140.4397857,7.906,2014665.98
0,40.68,3.611,140.4700795,7.906,2205919.86
1,37.85,3.566,140.5874505,7.906,1650604.6
0,35.8,3.585,140.6461359,8.009,1535287.4
0,30.35,3.705,140.8086118,8.009,1542131.05
0,36.96,3.737,140.9124021,8.009,1263534.86
0,42.52,3.796,141.0161924,8.009,1564246.02
1,37.86,3.826,141.1199827,8.009,1651605.35
0,37.24,3.874,141.2140357,8.009,1606221.56
0,41.74,3.917,141.3007857,8.009,1648602.39
0,40.07,3.983,141.3875357,8.009,1509323.09
0,44.32,4.021,141.4742857,8.009,1607343.41
0,49.6,4.021,141.55478,8.009,1635984.07
0,49.4,4.098,141.6990864,8.009,1615494.14
0,48.73,4.143,141.7712396,8.253,1899013.34
0,52.22,4.187,141.8433929,8.253,1650405.21
0,62.62,4.17,141.9015262,8.253,1639999.47
0,53.68,4.124,142.0177929,8.253,1669388.45
0,58.97,4.055,142.0759262,8.253,1674306.31
0,65.15,4.029,142.0970115,8.253,1707158.82
0,64.77,3.979,142.1032776,8.253,1818906.73
0,73.4,3.915,142.1095438,8.253,1900638.6
0,69.52,3.786,142.1292548,8.253,1773500.56
0,73.23,3.722,142.1606464,8.253,1837884.79
0,73.94,3.667,142.1920381,8.253,1842555.32
0,82.08,3.646,142.2234298,8.239,2062224.92
0,78.95,3.689,142.2548214,8.239,1755889.53
0,78.64,3.732,142.2337569,8.239,1730913.66
0,76.01,3.82,142.2126924,8.239,1625883.71
0,75.22,3.819,142.1916279,8.239,1705810.84
0,78.44,3.863,142.1705634,8.239,1720537.26
0,72.93,3.997,142.3105933,8.239,1780443.36
0,75.0,4.026,142.4054482,8.239,1731935.43
1,76.0,4.076,142.500303,8.239,1840955.23
0,66.1,4.203,142.6798167,8.239,1557485.75
0,64.92,4.158,142.76575,8.239,1540687.63
0,56.53,4.153,142.8633629,8.0,1620374.24
0,58.99,4.071,142.7624113,8.0,1703047.74
0,49.47,2.962,126.4420645,13.975,1672352.29
1,47.87,2.946,126.4962581,13.975,1558968.49
0,54.83,2.915,126.5262857,13.975,1491300.42
0,50.23,2.825,126.5522857,13.975,1542173.33
0,53.77,2.987,126.5782857,13.975,1608435.45
0,50.11,2.925,126.6042857,13.975,1326877.11
0,59.57,3.054,126.6066452,13.975,1279819.43
0,59.84,3.086,126.6034839,14.099,1441559.4
0,59.25,3.09,126.6019032,14.099,1382359.21
0,64.95,3.109,126.5621,14.099,1268240.66
0,67.38,3.105,126.3805667,14.099,1186971.02
0,70.15,3.127,126.2898,14.099,1532893.22
0,68.44,3.145,126.2085484,14.099,1245898.73
0,67.84,3.058,126.1602258,14.099,1176588.25
0,81.39,2.941,126.1360645,14.099,1543678.02
0,90.84,2.949,126.1119032,14.099,1348995.17
0,81.06,3.043,126.114,14.099,1267619.06
0,87.27,3.084,126.1266,14.099,1231025.07
0,91.98,3.105,126.1392,14.18,1399960.15
0,90.37,3.1,126.1518,14.18,1340293.87
0,97.18,3.094,126.1498065,14.18,1225336.41
0,99.22,3.112,126.1283548,14.18,1205884.98
0,96.31,3.017,126.1069032,14.18,1150204.71
0,92.95,3.123,126.0854516,14.18,1523101.38
0,87.01,3.159,126.064,14.18,1218688.09
0,92.81,3.041,126.0766452,14.18,1195897.6
0,93.19,3.129,126.0892903,14.18,1191585.92
0,83.12,3.087,126.1019355,14.18,1523410.71
1,83.63,3.044,126.1145806,14.18,1246062.17
0,81.77,2.939,126.1900333,14.18,1111797.21
0,85.2,3.001,126.2346,14.313,1203080.41
0,75.0,2.976,126.3266774,14.313,1158062.99
0,68.85,3.014,126.3815484,14.313,1120619.32
0,61.09,3.016,126.4364194,14.313,1231688.48
0,57.79,3.13,126.5461613,14.313,1266460.45
0,58.18,3.161,126.6072,14.313,1179315.72
1,47.66,3.162,126.6692667,14.313,1937033.5
0,43.33,3.041,126.7313333,14.313,1447916.29
0,50.01,3.203,126.7934,14.313,1466164.49
0,52.77,3.236,126.8794839,14.313,1510443.62
0,52.02,3.236,126.9835806,14.313,2026026.39
1,45.64,3.148,127.0876774,14.313,1090558.57
0,37.64,3.287,127.1917742,14.021,1402902.47
0,50.74,3.342,127.5800323,14.021,1127859.69
0,45.14,3.348,127.7195806,14.021,1564897.32
1,51.3,3.381,127.859129,14.021,1397301.38
0,48.45,3.53,128.13,14.021,1311796.91
0,51.72,3.674,128.26475,14.021,1723736.91
0,57.75,3.818,128.3995,14.021,1380836.35
0,64.21,3.692,128.5121935,14.021,1286413.71
0,63.63,3.772,128.7199355,13.736,1336838.41
0,57.63,3.868,128.9107333,13.736,1240126.07
0,68.27,4.151,128.9998667,13.736,1222367.9
0,68.4,4.193,129.0444333,13.736,1515890.38
0,70.93,4.202,129.089,13.736,1253316.3
0,66.59,4.169,129.0756774,13.736,1151282.31
0,76.67,4.087,129.0623548,13.736,1160043.98
0,71.81,4.031,129.0490323,13.736,1403779.25
0,78.72,3.981,129.0357097,13.736,1339972.83
0,86.84,3.935,129.0432,13.736,1268503.49
0,89.9,3.705,129.1125,13.503,1459655.85
0,88.1,3.692,129.1338387,13.503,1197373.13
0,91.17,3.794,129.1507742,13.503,1165870.54
0,93.29,3.805,129.1677097,13.503,1114530.29
0,91.04,3.701,129.2015806,13.503,1218764.94
0,91.74,3.743,129.2405806,13.503,1200019.74
0,94.61,3.74,129.2832581,13.503,1166479.51
0,93.66,3.798,129.3259355,13.503,1468871.49
1,88.0,3.913,129.3686129,13.503,1310087.0
0,76.36,3.918,129.4306,13.503,1159212.1
0,82.95,3.789,129.5183333,13.503,1109105.92
0,83.26,3.877,129.6060667,13.503,1120731.76
0,73.05,3.842,129.7821613,12.89,1203172.05
0,67.41,3.727,129.7936774,12.89,1242746.06
0,59.77,3.828,129.8051935,12.89,1576654.67
0,54.2,3.813,129.8268333,12.89,1255081.22
1,53.25,3.622,129.8364,12.89,1929738.27
0,52.5,3.701,129.8459667,12.89,1368130.35
0,42.17,3.644,129.8555333,12.89,1467024.3
0,45.4,3.541,129.9845484,12.89,1796203.51
1,44.64,3.428,130.0710323,12.89,1270036.53
0,50.43,3.599,130.1575161,12.187,1466046.07
0,46.2,3.66,130.2792258,12.187,1129540.48
0,50.43,3.675,130.3144516,12.187,1132948.48
0,51.8,3.781,130.4546207,12.187,1501503.68
0,52.27,4.178,130.6457931,12.187,1451740.57
0,64.44,4.273,130.8261935,12.187,1337875.49
0,56.26,4.038,130.8966452,12.187,1216059.41
0,64.36,4.294,130.9670968,12.187,1209524.11
0,64.05,4.121,131.0375484,11.627,1559592.79
0,66.73,4.222,131.1173333,11.627,1180797.2
0,77.99,4.193,131.1266667,11.627,1170456.16
0,77.27,4.186,131.1453333,11.627,1264575.18
0,84.51,4.11,131.0983226,11.627,1213310.45
0,83.84,4.293,131.0287742,11.627,1151214.41
0,78.11,4.277,130.9592258,11.627,1245480.95
0,85.94,4.144,130.8295333,11.627,1229760.97
0,91.61,4.014,130.7929,11.627,1180671.55
0,90.47,3.875,130.7562667,11.627,1129031.98
0,89.13,3.765,130.7196333,10.926,1500863.54
0,85.53,3.726,130.7012903,10.926,1149427.48
0,93.47,3.769,130.7195806,10.926,1135035.09
0,95.91,3.811,130.7561613,10.926,1269113.41
0,94.87,4.002,130.7909677,10.926,1184198.41
0,89.78,4.093,130.8853548,10.926,1227118.75
1,88.52,4.124,130.9325484,10.926,1469693.99
0,83.64,4.133,130.9776667,10.926,1124660.77
0,82.97,4.125,131.0103333,10.926,1135340.19
0,81.22,3.966,131.043,10.926,1129508.61
0,81.61,3.966,131.0756667,10.199,1462941.03
0,71.74,4.468,131.1083333,10.199,1205536.71
0,68.66,4.449,131.1499677,10.199,1143724.48
0,65.95,4.301,131.1930968,10.199,1213860.61
0,24.36,2.788,131.5279032,10.064,538634.46
1,28.14,2.771,131.5866129,10.064,529672.95
0,31.96,2.747,131.637,10.064,542399.07
0,35.98,2.753,131.686,10.064,488417.61
0,36.82,2.766,131.735,10.064,535087.91
0,43.43,2.805,131.784,10.064,519042.49
0,46.03,2.834,131.8242903,10.064,496851.6
0,48.56,2.831,131.863129,10.064,552985.34
0,44.96,2.826,131.9019677,10.16,599629.25
0,57.06,2.849,131.9408065,10.16,569937.23
0,51.14,2.885,131.9809,10.16,509100.84
0,51.04,2.895,132.0226667,10.16,505329.66
0,50.96,2.935,132.0644333,10.16,501013.47
0,50.99,2.983,132.152129,10.16,518940.88
0,59.99,2.961,132.2230323,10.16,502021.82
0,65.64,2.906,132.2939355,10.16,577627.66
0,69.49,2.857,132.3648387,10.16,588017.66
0,65.01,2.83,132.4357419,10.16,540716.58
0,74.37,2.81,132.4976,10.16,585548.79
0,72.88,2.815,132.5218667,10.409,581473.55
0,79.22,2.806,132.5461333,10.409,563449.43
0,76.91,2.784,132.5825806,10.409,506502.09
0,76.35,2.792,132.5983871,10.409,509872.77
0,74.37,2.792,132.6141935,10.409,519787.93
0,74.75,2.81,132.63,10.409,495269.0
0,73.21,2.796,132.6616129,10.409,531640.19
0,68.99,2.77,132.6932258,10.409,545766.13
0,75.85,2.735,132.7248387,10.409,579272.38
1,68.6,2.717,132.7564516,10.409,491290.37
0,65.14,2.718,132.7619333,10.409,465338.41
0,69.31,2.717,132.7568,10.524,474698.01
0,56.32,2.776,132.7516667,10.524,530059.06
0,55.23,2.878,132.7633548,10.524,483011.69
0,50.24,2.919,132.8170968,10.524,505221.17
0,57.73,2.938,132.8708387,10.524,527058.59
0,44.34,2.938,132.9245806,10.524,521002.97
0,44.42,2.961,132.9783226,10.524,524450.7
0,48.62,3.03,132.9172,10.524,508174.55
1,44.61,3.07,132.8369333,10.524,975268.91
0,39.42,3.065,132.7566667,10.524,642678.53
0,28.43,3.132,132.6764,10.524,713834.74
0,30.46,3.139,132.6804516,10.524,850538.25
0,29.76,3.15,132.7477419,10.524,1130926.79
1,28.49,3.177,132.8150323,10.524,465992.02
0,32.56,3.193,132.8823226,10.256,455952.18
0,24.76,3.215,132.9510645,10.256,426905.26
0,26.8,3.232,133.0285161,10.256,445134.15
0,20.61,3.243,133.1059677,10.256,410426.97
1,28.89,3.255,133.260871,10.256,550387.78
0,35.34,3.263,133.3701429,10.256,542529.21
0,41.42,3.6,133.7361429,10.256,493430.45
0,43.38,3.634,133.8492258,10.256,493653.43
0,38.77,3.624,133.9587419,10.256,478773.05
0,36.04,3.638,134.0682581,9.966,475615.26
0,44.42,3.72,134.1777742,9.966,505304.33
0,48.88,3.823,134.2784667,9.966,518245.97
0,47.76,3.919,134.3571,9.966,589252.69
0,57.2,3.988,134.4357333,9.966,493078.64
0,53.63,4.078,134.5143667,9.966,534372.53
0,58.56,4.101,134.6803871,9.966,492932.51
0,62.59,4.034,134.7677742,9.966,550735.64
0,70.09,3.973,134.8551613,9.966,598251.57
0,63.97,3.873,135.0837333,9.966,536914.17
0,68.53,3.851,135.2652667,9.966,545368.17
0,70.8,3.815,135.4468,9.863,567114.6
0,74.22,3.784,135.6283333,9.863,547586.07
0,77.79,3.882,135.8738387,9.863,507335.75
0,75.32,3.898,135.9639355,9.863,474653.06
0,75.33,3.903,136.0540323,9.863,503486.37
0,71.3,3.82,136.183129,9.863,498056.0
0,72.22,3.796,136.2136129,9.863,608294.98
0,68.08,3.809,136.3145,9.863,474129.35
0,62.36,3.758,136.367,9.863,475696.37
0,69.78,3.684,136.4195,9.863,446516.26
0,56.44,3.633,136.472,9.357,514993.0
0,62.63,3.583,136.5150968,9.357,475776.45
0,59.3,3.618,136.5017742,9.357,505068.22
0,49.31,3.604,136.4884516,9.357,515119.64
0,42.81,3.586,136.475129,9.357,620735.72
0,47.8,3.57,136.4618065,9.357,531600.62
0,50.62,3.571,136.4666667,9.357,504601.29
1,46.28,3.536,136.4788,9.357,913165.19
0,49.11,3.501,136.4909333,9.357,579874.22
0,39.11,3.445,136.5335161,9.357,736805.66
0,39.83,3.413,136.5883871,9.357,1016637.39
0,34.61,3.439,136.698129,8.988,469773.85
0,39.0,3.523,136.753,8.988,444756.37
0,35.68,3.568,136.9598387,8.988,395987.24
0,40.58,3.633,137.0632581,8.988,493159.35
1,35.68,3.655,137.1666774,8.988,545840.05
0,36.25,3.703,137.2583103,8.988,559606.91
0,39.0,3.751,137.3411034,8.988,488782.63
0,37.47,3.827,137.4238966,8.988,500801.72
0,41.72,3.876,137.5066897,8.988,504750.35
0,46.06,3.867,137.5843871,8.988,489293.72
0,54.68,3.889,137.6552903,8.988,517408.48
0,46.4,3.921,137.7261935,8.988,504566.28
0,46.38,3.957,137.7970968,9.14,633826.55
0,58.81,4.046,137.9230667,9.14,525200.59
0,51.42,4.023,137.9781333,9.14,497250.22
0,56.72,3.947,138.0882667,9.14,529707.87
0,61.9,3.899,138.1065806,9.14,543706.04
0,62.39,3.85,138.1101935,9.14,549665.67
0,70.01,3.798,138.1138065,9.14,576252.35
0,61.71,3.746,138.1174194,9.14,554093.15
0,66.56,3.683,138.1295333,9.14,552338.76
0,70.61,3.629,138.1629,9.14,581854.5
0,75.81,3.561,138.263,9.419,514709.76
0,76.57,3.61,138.2331935,9.419,506705.36
0,76.74,3.772,138.1437742,9.419,518628.42
0,71.93,3.884,138.3771935,9.419,545844.91
1,73.3,3.921,138.4729355,9.419,540811.85
0,66.42,3.988,138.5673,9.419,475127.18
0,63.38,4.056,138.6534,9.419,489079.23
0,62.17,4.018,138.7395,9.419,489674.23
0,62.09,4.027,138.8256,9.151,520632.8
0,54.18,4.029,138.9117,9.151,513737.0
0,55.28,4.0,138.8336129,9.151,516909.24
0,57.58,3.917,138.7281613,9.151,534970.68
0,39.05,2.572,210.7526053,8.324,465108.52
0,39.75,2.514,210.9451605,8.324,463513.26
0,45.31,2.561,210.9759573,8.324,472330.71
0,48.61,2.625,211.0067542,8.324,472591.07
0,54.68,2.72,210.8733316,8.324,445736.36
0,51.66,2.732,210.6766095,8.324,442457.35
0,65.74,2.77,210.2831653,8.2,454800.96
0,67.87,2.808,210.1495463,8.2,471054.16
0,64.21,2.795,210.1000648,8.2,462454.39
0,66.93,2.78,210.0505833,8.2,456140.34
0,70.87,2.835,210.0011018,8.2,457883.94
0,73.08,2.854,209.9984585,8.2,461868.09
0,74.24,2.826,210.2768443,8.2,455751.84
0,80.94,2.759,210.5552301,8.2,462474.16
0,82.68,2.705,210.833616,8.2,458343.7
0,83.51,2.668,211.1120018,8.2,445530.16
0,86.18,2.637,211.1096543,8.2,447727.52
0,87.01,2.653,210.9950134,8.2,453210.24
0,82.29,2.669,210.8803726,8.099,450337.47
0,81.67,2.642,210.7657317,8.099,436293.4
0,85.61,2.623,210.7577954,8.099,438068.71
0,87.17,2.608,210.8921319,8.099,440491.33
0,83.59,2.64,211.0264684,8.099,437893.76
0,90.3,2.627,211.1608049,8.099,441407.06
0,89.65,2.692,211.2951413,8.099,444160.07
0,89.58,2.664,211.2596586,8.099,447139.8
0,86.2,2.619,211.2241759,8.099,443810.78
0,82.57,2.577,211.1886931,8.099,461548.98
1,79.3,2.565,211.1532104,8.099,455162.92
0,80.79,2.624,211.2552578,8.099,448392.17
0,70.28,2.603,211.3298742,8.163,445475.3
0,65.76,2.633,211.4044906,8.163,462080.47
0,68.61,2.72,211.4713286,8.163,453943.89
0,70.72,2.725,211.5187208,8.163,459631.74
0,58.71,2.689,211.6135053,8.163,484661.87
0,60.95,2.728,211.6608975,8.163,431266.64
0,51.71,2.771,211.5470304,8.163,423707.69
1,62.96,2.735,211.4062867,8.163,462732.36
0,50.43,2.708,211.265543,8.163,407112.22
0,46.35,2.843,211.1247993,8.163,428631.91
0,48.63,2.869,211.0645458,8.163,445332.28
1,47.19,2.943,211.064774,8.163,397631.02
0,34.14,2.983,211.1176713,8.028,465408.72
0,42.72,3.016,211.4864691,8.028,439132.62
0,44.04,3.01,211.8552668,8.028,425989.04
0,36.33,2.989,212.2240646,8.028,490970.95
0,59.87,3.045,212.9033115,8.028,417070.51
0,61.27,3.065,213.190421,8.028,432687.97
0,59.52,3.288,213.4775305,8.028,443334.71
0,54.69,3.459,213.7646401,8.028,438529.81
0,63.26,3.488,214.0156238,8.028,425470.84
0,70.33,3.473,214.2521573,8.028,431754.01
0,56.36,3.524,214.4886908,7.931,437926.79
0,68.62,3.622,214.7252242,7.931,443889.5
0,71.01,3.743,214.9420631,7.931,426666.92
0,70.79,3.807,215.1096657,7.931,445358.73
0,70.19,3.81,215.2772683,7.931,423687.2
0,75.04,3.899,215.6124735,7.931,424614.59
0,68.36,3.907,215.3834778,7.931,435102.2
0,76.86,3.786,215.1544822,7.931,429305.82
0,83.82,3.699,214.9254865,7.931,432808.48
0,84.71,3.648,214.6964908,7.931,424697.05
0,87.54,3.637,214.6513538,7.931,435481.03
0,87.57,3.524,214.8368678,7.852,428782.38
0,89.16,3.48,214.9296249,7.852,419764.37
0,90.27,3.651,215.0749122,7.852,423441.76
0,91.56,3.682,215.1363819,7.852,414245.96
0,94.22,3.684,215.1978515,7.852,431798.64
0,92.32,3.638,215.2593211,7.852,412224.67
0,90.11,3.554,215.3229307,7.852,414450.61
0,92.07,3.523,215.386897,7.852,387944.83
0,91.94,3.533,215.4508632,7.852,369722.32
0,80.62,3.526,215.6944378,7.852,382914.66
0,75.68,3.467,216.0282356,7.852,391837.56
0,78.91,3.355,216.3620333,7.852,387001.13
0,71.64,3.285,216.6958311,7.441,417528.26
0,69.79,3.274,217.0048261,7.441,410711.99
0,65.46,3.372,217.3251824,7.441,426151.88
0,59.8,3.297,217.6455387,7.441,409686.63
0,61.9,3.308,217.8670218,7.441,436462.63
0,50.56,3.159,218.8217928,7.441,441265.08
1,45.16,3.129,219.1773063,7.441,376777.45
0,48.1,3.157,219.355063,7.057,457030.86
0,45.0,3.261,219.5328198,7.057,447023.91
0,52.21,3.268,219.6258417,7.057,438760.62
0,50.79,3.29,219.7188636,7.057,433037.66
0,55.83,3.36,219.8118854,7.057,434080.74
1,46.52,3.409,219.9049073,7.057,451365.99
0,54.81,3.555,220.275944,7.057,425215.71
0,59.3,3.63,220.4866886,7.057,438640.61
0,57.16,3.669,220.6974332,7.057,446617.89
0,63.39,3.734,220.8498468,7.057,413617.45
0,62.96,3.787,220.9244858,7.057,430222.97
0,69.02,3.891,221.0737638,6.891,461511.92
0,69.21,3.814,221.255812,6.891,433744.83
0,74.14,3.688,221.3632212,6.891,436070.45
0,72.42,3.63,221.380331,6.891,460945.14
0,79.49,3.561,221.3828029,6.891,449355.91
0,79.24,3.501,221.3852748,6.891,427021.18
0,79.47,3.452,221.3877467,6.891,437222.94
0,81.78,3.346,221.4411622,6.891,428554.63
0,88.05,3.286,221.4813343,6.891,423192.4
0,85.26,3.227,221.5215064,6.565,440553.42
0,84.25,3.311,221.5701123,6.565,427491.04
0,88.09,3.407,221.5785461,6.565,424581.17
0,91.57,3.417,221.5869799,6.565,425136.55
0,89.57,3.494,221.5954138,6.565,430878.28
0,85.55,3.571,221.6751459,6.565,423351.15
0,77.72,3.62,221.8083518,6.565,425296.65
0,83.58,3.638,221.9415576,6.565,439132.5
1,88.4,3.73,222.0747635,6.565,433565.77
0,76.1,3.717,222.2174395,6.565,437773.31
0,71.54,3.721,222.4169362,6.565,443891.64
0,80.38,3.666,222.6164329,6.565,425410.04
0,61.53,3.601,223.0154263,6.17,434593.26
0,70.5,3.506,223.0783366,6.17,439424.5
0,39.05,2.572,210.7526053,8.324,1469252.05
1,37.77,2.548,210.8979935,8.324,1543947.23
0,39.75,2.514,210.9451605,8.324,1473386.75
0,48.61,2.625,211.0067542,8.324,1384870.51
0,57.1,2.667,211.037551,8.324,1366193.35
0,54.68,2.72,210.8733316,8.324,1332261.01
0,51.66,2.732,210.6766095,8.324,1229635.7
0,64.12,2.719,210.4798874,8.2,1357600.68
0,65.74,2.77,210.2831653,8.2,1395710.09
0,67.87,2.808,210.1495463,8.2,1367448.28
0,66.93,2.78,210.0505833,8.2,1243200.24
0,70.87,2.835,210.0011018,8.2,1381796.8
0,73.08,2.854,209.9984585,8.2,1287288.59
0,74.24,2.826,210.2768443,8.2,1337405.6
0,80.94,2.759,210.5552301,8.2,1309437.17
0,82.68,2.705,210.833616,8.2,1427624.5
0,83.51,2.668,211.1120018,8.2,1377092.33
0,86.18,2.637,211.1096543,8.2,1368090.08
0,87.01,2.653,210.9950134,8.2,1303523.73
0,82.29,2.669,210.8803726,8.099,1311704.92
0,81.67,2.642,210.7657317,8.099,1315118.4
0,87.17,2.608,210.8921319,8.099,1276031.84
0,89.65,2.692,211.2951413,8.099,1327719.34
0,89.58,2.664,211.2596586,8.099,1376571.21
0,86.2,2.619,211.2241759,8.099,1326621.98
1,79.3,2.565,211.1532104,8.099,1308179.02
0,83.03,2.582,211.1806415,8.099,1294105.01
0,80.79,2.624,211.2552578,8.099,1230250.25
0,70.28,2.603,211.3298742,8.163,1213981.64
0,65.76,2.633,211.4044906,8.163,1300131.68
0,68.61,2.72,211.4713286,8.163,1265852.43
0,70.72,2.725,211.5187208,8.163,1262289.29
0,67.51,2.716,211.5661131,8.163,1257921.28
0,51.71,2.771,211.5470304,8.163,1359158.57
1,62.96,2.735,211.4062867,8.163,1858856.06
0,50.43,2.708,211.265543,8.163,1338716.37
0,46.35,2.843,211.1247993,8.163,1475685.1
0,51.29,2.886,211.0646599,8.163,2068942.97
1,47.19,2.943,211.064774,8.163,1198071.6
0,44.24,2.976,211.0648881,8.028,1311986.87
0,34.14,2.983,211.1176713,8.028,1350730.31
0,42.72,3.016,211.4864691,8.028,1344167.13
0,44.04,3.01,211.8552668,8.028,1254955.68
0,36.33,2.989,212.2240646,8.028,1443206.46
1,34.61,3.022,212.5928624,8.028,1539230.32
0,59.87,3.045,212.9033115,8.028,1539063.91
0,59.52,3.288,213.4775305,8.028,1412721.18
0,63.26,3.488,214.0156238,8.028,1425559.02
0,70.33,3.473,214.2521573,8.028,1357036.1
0,68.62,3.622,214.7252242,7.931,1416790.17
0,71.01,3.743,214.9420631,7.931,1408464.08
0,70.19,3.81,215.2772683,7.931,1331137.96
0,61.87,3.906,215.4448709,7.931,1388755.61
0,75.04,3.899,215.6124735,7.931,1408118.22
0,68.36,3.907,215.3834778,7.931,1387365.19
0,84.71,3.648,214.6964908,7.931,1425299.37
0,87.54,3.637,214.6513538,7.931,1491039.14
0,85.72,3.594,214.7441108,7.931,1375962.46
0,87.57,3.524,214.8368678,7.852,1371889.27
0,89.16,3.48,214.9296249,7.852,1423144.47
0,91.05,3.575,215.0134426,7.852,1415473.91
0,90.27,3.651,215.0749122,7.852,1401944.8
0,92.32,3.638,215.2593211,7.852,1443311.49
0,90.11,3.554,215.3229307,7.852,1487542.53
0,92.07,3.523,215.386897,7.852,1417267.07
0,91.94,3.533,215.4508632,7.852,1385769.03
1,78.87,3.546,215.5148295,7.852,1376670.27
0,80.62,3.526,215.6944378,7.852,1363460.86
0,75.68,3.467,216.0282356,7.852,1347607.74
0,78.91,3.355,216.3620333,7.852,1285534.74
0,71.64,3.285,216.6958311,7.441,1427383.24
0,69.79,3.274,217.0048261,7.441,1378340.18
0,65.16,3.353,217.1650042,7.441,1409310.4
0,65.46,3.372,217.3251824,7.441,1346862.72
0,56.01,3.332,217.4853605,7.441,1426405.46
0,59.8,3.297,217.6455387,7.441,1444783.64
0,61.9,3.308,217.8670218,7.441,1445174.79
0,48.72,3.172,218.3590319,7.441,1388809.43
0,41.44,3.158,218.605037,7.441,1556798.94
0,50.56,3.159,218.8217928,7.441,1611196.61
1,45.16,3.129,219.1773063,7.441,1355405.95
0,48.1,3.157,219.355063,7.057,1401232.52
0,52.21,3.268,219.6258417,7.057,1372504.9
0,50.79,3.29,219.7188636,7.057,1259941.48
0,55.83,3.36,219.8118854,7.057,1391479.91
1,46.52,3.409,219.9049073,7.057,1527688.58
0,45.03,3.51,220.0651993,7.057,1570813.52
0,54.81,3.555,220.275944,7.057,1392543.37
0,59.3,3.63,220.4866886,7.057,1427881.22
0,63.39,3.734,220.8498468,7.057,1481728.13
0,67.87,3.845,220.9991248,7.057,1318854.22
0,69.02,3.891,221.0737638,6.891,1496169.81
0,69.03,3.891,221.1484028,6.891,1407842.91
0,66.97,3.877,221.2021074,6.891,1407036.59
0,69.21,3.814,221.255812,6.891,1311352.25
0,77.53,3.749,221.3095166,6.891,1391257.28
0,74.14,3.688,221.3632212,6.891,1392938.06
0,72.42,3.63,221.380331,6.891,1441473.82
0,79.49,3.561,221.3828029,6.891,1397094.26
0,79.24,3.501,221.3852748,6.891,1404516.29
0,79.47,3.452,221.3877467,6.891,1443285.79
0,81.51,3.393,221.4009901,6.891,1431003.43
0,81.78,3.346,221.4411622,6.891,1394065.76
0,88.05,3.286,221.4813343,6.891,1349202.25
0,85.26,3.227,221.5215064,6.565,1458059.42
0,82.51,3.256,221.5616784,6.565,1374301.34
0,84.25,3.311,221.5701123,6.565,1392395.2
0,91.57,3.417,221.5869799,6.565,1390174.63
0,89.57,3.494,221.5954138,6.565,1386472.59
0,85.55,3.571,221.6751459,6.565,1410181.7
0,77.72,3.62,221.8083518,6.565,1379783.21
1,88.4,3.73,222.0747635,6.565,1358111.62
0,71.54,3.721,222.4169362,6.565,1373064.87
0,68.52,3.594,223.0598077,6.17,1378730.45
0,70.5,3.506,223.0783366,6.17,1340232.55
0,34.43,2.58,189.3816974,9.014,1087616.19
1,28.09,2.572,189.4642725,9.014,1123566.12
0,29.16,2.55,189.5340998,9.014,1082559.06
0,37.72,2.62,189.6695049,9.014,1066566.74
0,39.88,2.684,189.7372075,9.014,1093319.37
0,36.59,2.717,189.7195417,9.014,1076021.58
0,48.28,2.725,189.7048215,8.963,1131732.94
0,53.49,2.765,189.6628845,8.963,1082763.27
0,50.06,2.776,189.6190057,8.963,1072474.8
0,47.51,2.766,189.575127,8.963,1066792.63
0,48.94,2.771,189.5312483,8.963,1133657.58
0,46.42,2.788,189.4904116,8.963,1079314.52
0,66.69,2.7,189.422658,8.963,1149234.96
0,70.86,2.684,189.4000734,8.963,1192074.09
0,60.94,2.674,189.4185259,8.963,1150191.72
0,72.42,2.715,189.4533931,8.963,1124763.74
0,67.55,2.711,189.5231276,9.017,1077253.67
0,76.2,2.699,189.6125456,9.017,1120172.24
0,75.69,2.691,189.774698,9.017,1109574.11
0,75.62,2.69,189.9368504,9.017,1065350.56
0,72.95,2.69,190.0990028,9.017,1144552.09
0,74.97,2.723,190.2611552,9.017,1157975.68
0,71.46,2.732,190.2948237,9.017,1189887.86
0,74.95,2.731,190.3284922,9.017,1140501.03
1,68.44,2.78,190.3958293,9.017,1028635.39
0,67.17,2.8,190.4688287,9.017,1043962.36
0,64.19,2.793,190.5713264,9.017,1067432.1
0,66.14,2.759,190.6738241,9.137,1061089.56
0,61.81,2.745,190.7763218,9.137,1085483.44
0,52.96,2.762,190.8623087,9.137,1096692.88
0,52.3,2.762,190.9070184,9.137,1102185.0
0,45.45,2.748,190.951728,9.137,1115138.51
0,49.2,2.729,190.9964377,9.137,1063056.21
0,42.3,2.737,191.0411474,9.137,1141019.11
1,29.97,2.742,191.0121805,9.137,1634635.86
0,35.18,2.712,190.9931437,9.137,1200892.56
0,36.62,2.728,190.9741069,9.137,1377322.73
1,27.7,2.829,191.2557002,9.137,955463.84
0,23.78,2.882,191.3683815,8.818,1046416.17
0,34.54,2.973,191.5731924,8.818,1078348.91
0,34.86,3.008,191.667891,8.818,1006814.85
0,15.47,3.011,191.7625895,8.818,1070457.8
0,42.09,3.051,191.9178331,8.818,1183528.58
0,33.0,3.101,191.9647167,8.818,1054754.67
0,45.25,3.406,192.1237981,8.818,1100765.5
0,46.7,3.414,192.1964844,8.818,1068719.22
0,44.83,3.461,192.2691707,8.595,1051121.02
0,45.97,3.611,192.4225954,8.595,1120508.14
0,61.25,3.763,192.8418131,8.595,1167757.0
0,65.49,3.735,192.8470612,8.595,1239741.34
0,67.38,3.697,192.9034759,8.595,1192031.38
0,65.06,3.661,192.9982655,8.595,1163869.52
0,72.56,3.54,193.1878448,8.622,1110244.52
0,70.55,3.532,193.3125484,8.622,1144254.26
0,76.0,3.545,193.5120367,8.622,1185674.48
0,75.91,3.547,193.711525,8.622,1169988.62
0,74.2,3.542,194.1105017,8.622,1206795.74
0,73.72,3.499,194.2500634,8.622,1221318.17
0,75.64,3.485,194.3796374,8.622,1183740.91
0,65.04,3.538,194.8779718,8.622,1088943.98
0,62.62,3.498,194.9459724,8.513,1149448.02
0,48.87,3.548,195.1789994,8.513,1151258.74
0,42.76,3.55,195.3318977,8.513,1185391.96
0,37.95,3.527,195.4847959,8.513,1204628.28
0,42.61,3.479,195.7184713,8.513,1181651.55
1,40.22,3.424,195.7704,8.513,1684468.66
0,33.8,3.378,195.8223287,8.513,1179773.88
0,17.94,3.331,195.8742575,8.513,1415746.91
0,26.23,3.266,195.9841685,8.513,1556017.91
0,25.97,3.173,196.1713893,8.513,1959526.96
0,36.75,3.095,196.5458309,8.256,1099937.25
0,28.99,3.077,196.7330517,8.256,1071598.36
0,36.67,3.038,196.8262786,8.256,1051864.6
0,35.89,3.031,196.8728921,8.256,1156826.31
1,23.34,3.103,196.9195056,8.256,1129422.86
0,24.26,3.113,196.9432711,8.256,1243812.59
0,33.41,3.129,196.9499007,8.256,1091822.72
0,33.4,3.191,196.9565303,8.256,1153332.89
0,39.9,3.286,196.9631599,8.256,1124537.97
0,56.09,3.75,197.4133259,8.256,1108686.87
0,51.49,3.854,197.5971285,8.09,1270577.01
0,52.1,3.901,197.780931,8.09,1171834.47
0,49.15,3.936,197.7227385,8.09,1121405.91
0,61.76,3.927,197.664546,8.09,1126962.44
0,58.29,3.903,197.6063534,8.09,1187384.53
0,55.4,3.87,197.5481609,8.09,1187051.07
0,57.46,3.837,197.5553137,8.09,1177539.71
0,59.74,3.804,197.5886046,8.09,1232784.22
0,62.84,3.764,197.6218954,8.09,1157557.79
0,70.91,3.723,197.692292,8.09,1234759.54
0,74.85,3.735,197.7389345,8.09,1196880.11
0,78.68,3.646,197.8322195,7.872,1214183.97
0,71.57,3.613,197.8788621,7.872,1141184.66
0,77.56,3.57,197.9792136,7.872,1144901.52
0,75.09,3.528,198.0293893,7.872,1183571.35
0,75.93,3.509,198.0795651,7.872,1227469.2
0,70.75,3.545,198.1001057,7.872,1261306.37
0,70.12,3.558,198.0984199,7.872,1272809.11
0,76.12,3.556,198.0967341,7.872,1183979.27
1,72.56,3.596,198.0950484,7.872,1126685.95
0,63.49,3.765,198.358523,7.872,1159119.6
0,60.62,3.789,198.5903276,7.872,1157111.15
0,55.34,3.779,198.8221322,7.557,1202775.24
0,43.49,3.76,199.0539368,7.557,1176681.31
0,53.57,3.75,199.1481963,7.557,1199292.06
0,47.22,3.686,199.2195317,7.557,1219979.29
0,58.4,2.962,126.4420645,10.115,274593.43
1,55.47,2.828,126.4962581,10.115,294882.83
0,62.16,2.915,126.5262857,10.115,296850.83
0,56.5,2.825,126.5522857,10.115,284052.77
0,55.61,3.034,126.6042857,10.115,312161.0
0,64.6,3.054,126.6066452,10.115,282235.73
0,68.43,3.004,126.6019032,9.849,325201.05
0,72.44,3.109,126.5621,9.849,307779.64
0,73.29,3.105,126.3805667,9.849,275883.23
0,76.8,3.145,126.2085484,9.849,331173.51
0,82.8,3.12,126.1843871,9.849,294264.2
0,78.47,3.058,126.1602258,9.849,279246.33
0,86.06,2.941,126.1360645,9.849,285100.0
0,93.52,3.057,126.1119032,9.849,310800.79
0,87.69,2.935,126.114,9.849,272399.08
0,93.66,3.084,126.1266,9.849,259419.91
0,97.66,2.978,126.1392,9.495,267495.76
0,95.88,3.1,126.1518,9.495,302423.93
0,100.14,2.971,126.1498065,9.495,280937.84
0,97.04,3.112,126.1283548,9.495,252734.31
0,92.71,3.017,126.1069032,9.495,242047.03
0,92.51,3.123,126.0854516,9.495,262789.95
0,95.57,3.049,126.064,9.495,265367.51
0,96.46,3.041,126.0766452,9.495,230519.49
0,94.0,3.022,126.0892903,9.495,224031.19
1,91.77,2.961,126.1145806,9.495,272834.88
0,89.43,3.028,126.1454667,9.495,246277.18
0,91.18,2.939,126.1900333,9.495,231976.84
0,91.45,3.001,126.2346,9.265,224294.39
0,79.02,2.924,126.2791667,9.265,266484.19
0,74.23,3.009,126.4912903,9.265,246124.61
0,65.21,3.13,126.5461613,9.265,272803.94
0,61.95,3.047,126.6072,9.265,224639.76
1,56.87,3.162,126.6692667,9.265,240044.57
0,52.82,3.041,126.7313333,9.265,209986.25
0,60.72,3.091,126.7934,9.265,253050.1
0,61.12,3.125,126.8794839,9.265,238875.26
0,60.43,3.236,126.9835806,9.265,249246.8
1,52.91,3.148,127.0876774,9.265,219804.85
0,46.25,3.287,127.1917742,8.951,243948.82
0,53.63,3.312,127.3009355,8.951,259527.75
0,59.46,3.336,127.4404839,8.951,244856.44
0,56.62,3.231,127.5800323,8.951,231155.9
0,49.26,3.348,127.7195806,8.951,234218.03
1,53.35,3.381,127.859129,8.951,276198.74
0,54.89,3.398,128.13,8.951,242901.21
0,59.51,3.674,128.26475,8.951,245435.8
0,72.72,3.892,128.5121935,8.951,247234.47
0,63.34,3.716,128.6160645,8.951,238084.08
0,71.41,3.772,128.7199355,8.687,232769.09
0,64.64,4.089,128.9107333,8.687,275749.56
0,79.46,3.917,128.9553,8.687,248603.3
0,77.44,4.151,128.9998667,8.687,248561.86
0,76.07,3.99,129.0756774,8.687,239206.26
0,82.32,3.933,129.0623548,8.687,239431.85
0,82.93,3.893,129.0490323,8.687,243477.03
0,87.02,3.981,129.0357097,8.687,258427.39
0,94.11,3.807,129.0663,8.687,238433.53
0,98.43,3.842,129.0894,8.442,226702.36
0,96.44,3.793,129.1125,8.442,262717.71
0,92.83,3.779,129.1338387,8.442,265003.47
0,97.17,3.697,129.1507742,8.442,238915.05
0,95.28,3.694,129.1677097,8.442,224806.96
0,96.93,3.803,129.1846452,8.442,242456.39
0,96.0,3.794,129.2015806,8.442,274721.85
0,95.89,3.743,129.2405806,8.442,242771.37
0,99.66,3.663,129.2832581,8.442,237095.82
0,99.2,3.798,129.3259355,8.442,239198.36
1,96.22,3.771,129.3686129,8.442,281842.28
0,85.79,3.784,129.4306,8.442,262407.57
0,88.93,3.789,129.5183333,8.442,234793.12
0,89.1,3.877,129.6060667,8.442,229731.98
0,81.16,3.827,129.6938,8.01,262159.13
0,76.49,3.698,129.7706452,8.01,272487.33
0,81.74,3.842,129.7821613,8.01,233543.08
0,76.73,3.843,129.7936774,8.01,231319.96
0,58.75,3.677,129.8167097,8.01,271961.04
1,62.35,3.76,129.8364,8.01,255996.47
0,59.12,3.701,129.8459667,8.01,220060.35
0,47.7,3.644,129.8555333,8.01,270373.05
0,53.39,3.541,129.9845484,8.01,256235.19
1,51.6,3.428,130.0710323,8.01,215359.21
0,60.92,3.443,130.1575161,7.603,267058.08
0,54.61,3.477,130.244,7.603,279447.22
0,55.99,3.66,130.2792258,7.603,244899.2
0,56.33,3.675,130.3144516,7.603,236920.49
0,59.53,3.543,130.3496774,7.603,256091.32
1,59.94,3.722,130.3849032,7.603,282552.58
0,59.41,3.95,130.5502069,7.603,242526.7
0,60.91,3.882,130.6457931,7.603,248051.53
0,62.2,3.963,130.7413793,7.603,287346.29
0,65.99,4.273,130.8261935,7.603,278067.73
0,70.75,4.282,131.0375484,7.396,275911.97
0,73.17,4.254,131.108,7.396,312698.67
0,72.94,4.111,131.1173333,7.396,261837.2
0,83.07,4.088,131.1266667,7.396,249798.75
0,82.43,4.058,131.136,7.396,270497.51
0,81.02,4.186,131.1453333,7.396,295841.84
0,89.81,4.308,131.0983226,7.396,276899.95
0,88.89,4.127,131.0287742,7.396,261851.74
0,92.44,4.144,130.8295333,7.396,290444.31
0,95.75,4.014,130.7929,7.396,261666.29
0,98.15,3.875,130.7562667,7.396,244338.31
0,93.21,3.666,130.7196333,7.147,273690.37
0,91.49,3.589,130.7012903,7.147,253205.89
0,100.07,3.811,130.7561613,7.147,297753.49
0,96.79,4.002,130.7909677,7.147,270097.76
0,94.55,3.886,130.8853548,7.147,237129.81
1,92.02,4.124,130.9325484,7.147,286428.78
0,85.18,4.132,131.0756667,6.895,265444.9
0,75.55,4.449,131.1499677,6.895,254412.34
0,73.7,4.301,131.1930968,6.895,253731.13
0,35.44,2.598,126.4420645,9.521,956228.96
0,38.36,2.54,126.5262857,9.521,983963.07
0,37.28,2.59,126.5522857,9.521,905756.13
0,42.65,2.654,126.5782857,9.521,918295.79
0,42.26,2.704,126.6042857,9.521,921247.88
0,42.91,2.752,126.6050645,9.521,880742.35
0,50.07,2.74,126.6034839,9.593,979428.66
0,56.58,2.787,126.3805667,9.593,859922.19
0,57.39,2.836,126.2898,9.593,953495.48
0,63.99,2.82,126.1843871,9.593,913616.32
0,72.17,2.701,126.1360645,9.593,966187.51
0,80.84,2.668,126.1119032,9.593,954681.56
0,73.48,2.635,126.114,9.593,941612.04
0,78.47,2.654,126.1266,9.593,895800.07
0,75.0,2.637,126.1518,9.816,911210.81
0,78.53,2.621,126.1498065,9.816,930269.79
0,79.58,2.612,126.1283548,9.816,902050.95
0,72.26,2.65,126.1069032,9.816,875976.83
0,76.72,2.698,126.064,9.816,951208.65
0,76.45,2.671,126.0766452,9.816,985152.94
0,72.87,2.621,126.0892903,9.816,855421.39
0,72.59,2.584,126.1019355,9.816,964356.74
1,72.61,2.574,126.1145806,9.816,932240.96
0,70.71,2.594,126.1454667,9.816,885445.47
0,69.78,2.642,126.1900333,9.816,867539.07
0,70.13,2.619,126.2346,10.21,865709.11
0,59.57,2.732,126.3266774,10.21,888703.62
0,58.11,2.736,126.3815484,10.21,936293.6
0,50.78,2.718,126.4364194,10.21,926294.02
0,52.43,2.699,126.4912903,10.21,972292.31
0,40.93,2.78,126.6072,10.21,955766.33
1,41.13,2.752,126.6692667,10.21,1309476.68
0,34.7,2.727,126.7313333,10.21,1001512.21
0,42.64,2.884,126.8794839,10.21,1227148.13
0,42.74,2.887,126.9835806,10.21,1620748.25
1,34.11,2.955,127.0876774,10.21,902109.69
0,24.5,2.98,127.1917742,10.398,900646.94
0,30.75,2.992,127.3009355,10.398,898610.33
0,39.57,3.017,127.4404839,10.398,891025.39
0,34.68,3.022,127.5800323,10.398,836717.75
0,23.82,2.996,127.7195806,10.398,971932.87
1,28.66,3.033,127.859129,10.398,1015654.6
0,45.12,3.058,127.99525,10.398,1062629.3
0,44.57,3.087,128.13,10.398,953331.45
0,46.21,3.305,128.26475,10.398,963910.81
0,45.87,3.461,128.3995,10.398,943951.67
0,55.58,3.495,128.5121935,10.398,1014218.8
0,53.11,3.48,128.6160645,10.398,922898.38
0,55.46,3.521,128.7199355,10.581,884233.67
0,58.59,3.605,128.8238065,10.581,975479.83
0,53.3,3.724,128.9107333,10.581,941829.0
0,57.73,3.781,128.9998667,10.581,895973.02
0,54.4,3.866,129.0444333,10.581,965853.58
0,63.05,3.872,129.089,10.581,966232.69
0,61.47,3.881,129.0756774,10.581,945018.83
0,65.99,3.771,129.0623548,10.581,941311.83
0,74.64,3.683,129.0490323,10.581,947229.24
0,76.58,3.618,129.0432,10.581,968258.09
0,77.16,3.57,129.0663,10.581,923795.04
0,81.96,3.504,129.0894,10.641,911106.22
0,80.84,3.469,129.1125,10.641,926934.57
0,78.09,3.563,129.1338387,10.641,903882.96
0,80.75,3.627,129.1507742,10.641,913236.62
0,78.04,3.659,129.1677097,10.641,851461.9
0,77.08,3.55,129.2405806,10.641,960418.54
0,77.27,3.523,129.2832581,10.641,871404.6
0,78.24,3.533,129.3259355,10.641,926455.64
1,70.05,3.554,129.3686129,10.641,930506.14
0,64.94,3.532,129.4306,10.641,927249.61
0,69.44,3.371,129.6060667,10.641,871847.85
0,60.42,3.299,129.6938,10.148,954069.45
0,54.72,3.283,129.7706452,10.148,911788.79
0,58.93,3.361,129.7821613,10.148,953693.23
0,54.56,3.362,129.7936774,10.148,958063.87
0,48.04,3.322,129.8051935,10.148,992621.93
0,41.04,3.286,129.8167097,10.148,991570.02
0,46.0,3.294,129.8268333,10.148,947552.44
1,45.99,3.225,129.8364,10.148,1345595.82
0,39.75,3.176,129.8459667,10.148,988742.08
0,24.69,3.153,129.8555333,10.148,1084243.91
0,32.45,3.103,129.9845484,10.148,1593655.96
1,28.84,3.119,130.0710323,10.148,965512.36
0,36.39,3.158,130.1575161,9.653,953844.85
0,39.28,3.273,130.2792258,9.653,910899.05
0,39.81,3.29,130.3144516,9.653,872450.37
0,38.64,3.354,130.3496774,9.653,939367.14
1,36.7,3.411,130.3849032,9.653,1047658.09
0,37.25,3.493,130.4546207,9.653,1123446.51
0,39.89,3.541,130.5502069,9.653,950154.24
0,42.74,3.619,130.6457931,9.653,990263.7
0,42.7,3.667,130.7413793,9.653,976393.43
0,48.09,3.707,130.8261935,9.653,999298.43
0,59.29,3.82,130.9670968,9.653,938861.77
0,54.42,3.864,131.0375484,9.575,1091020.37
0,59.12,3.881,131.108,9.575,987353.65
0,55.34,3.864,131.1173333,9.575,977628.78
0,66.49,3.81,131.1266667,9.575,940299.87
0,61.92,3.685,131.1453333,9.575,949625.52
0,64.97,3.62,131.0983226,9.575,998672.85
0,72.42,3.551,131.0287742,9.575,1015737.61
0,75.35,3.433,130.8896774,9.575,999511.29
0,76.48,3.372,130.8295333,9.575,982345.51
0,78.85,3.329,130.7929,9.575,1000285.1
0,81.91,3.257,130.7562667,9.575,942970.63
0,77.95,3.187,130.7196333,9.285,1007867.68
0,74.02,3.224,130.683,9.285,954677.75
0,77.7,3.263,130.7012903,9.285,950929.59
0,77.3,3.356,130.7195806,9.285,917883.79
0,78.26,3.476,130.7561613,9.285,1004523.59
0,77.78,3.552,130.7909677,9.285,1013820.86
0,72.44,3.61,130.8381613,9.285,926250.21
0,75.89,3.646,130.8853548,9.285,933487.71
1,78.26,3.709,130.9325484,9.285,976415.56
0,64.28,3.706,130.9776667,9.285,955211.7
0,66.08,3.721,131.0103333,9.285,943047.78
0,65.41,3.62,131.0756667,8.839,968896.68
0,59.94,3.603,131.1083333,8.839,948613.39
0,58.47,3.61,131.1499677,8.839,963516.28
0,57.95,3.514,131.1930968,8.839,956987.81
0,27.19,2.784,135.3524608,9.262,1230613.5
1,29.81,2.773,135.4113076,9.262,1168815.31
0,32.44,2.745,135.4657781,9.262,1270658.64
0,36.0,2.754,135.5195191,9.262,1020651.74
0,38.07,2.777,135.5732602,9.262,1162610.27
0,45.98,2.818,135.6270013,9.262,1150344.39
0,52.34,2.854,135.7073618,9.262,1078900.44
0,46.9,2.85,135.7464988,9.051,1189556.47
0,62.62,2.869,135.7856359,9.051,1198014.97
0,54.95,2.899,135.82725,9.051,1084487.55
0,69.02,2.966,135.962,9.051,1182099.88
0,53.82,2.982,136.010394,9.051,1104277.57
0,63.31,2.958,136.0796521,9.051,1078182.18
0,67.88,2.899,136.1489101,9.051,1223777.48
0,74.29,2.847,136.2181682,9.051,1282378.71
0,70.0,2.78,136.3243393,9.051,1198025.76
0,78.02,2.808,136.3483143,9.051,1230245.74
0,76.25,2.815,136.3722893,8.861,1245827.08
0,82.69,2.793,136.3962643,8.861,1268766.76
0,78.26,2.783,136.4179827,8.861,1124414.87
0,81.56,2.771,136.4366924,8.861,1121756.43
0,79.78,2.781,136.4554021,8.861,1139131.78
0,77.45,2.784,136.4741118,8.861,1180183.39
0,77.36,2.805,136.4928214,8.861,1090587.5
0,75.16,2.779,136.5249182,8.861,1033719.5
0,70.31,2.755,136.557015,8.861,917693.06
0,78.52,2.715,136.5891118,8.861,948660.79
0,67.08,2.713,136.6317821,8.861,758069.78
0,70.19,2.707,136.6297571,8.763,771065.21
0,57.78,2.764,136.6277321,8.763,874615.32
0,58.38,2.868,136.6401935,8.763,798376.99
0,52.82,2.917,136.688871,8.763,827705.82
0,61.02,2.921,136.7375484,8.763,857797.33
0,45.9,2.931,136.8349032,8.763,870914.69
0,50.81,3.0,136.7715714,8.763,846850.35
1,46.67,3.039,136.6895714,8.763,1781866.98
0,41.81,3.046,136.6075714,8.763,982598.88
0,30.83,3.109,136.5255714,8.763,1108580.19
0,31.62,3.14,136.5292811,8.763,1314987.4
0,31.34,3.141,136.597273,8.763,1779236.54
1,29.59,3.179,136.665265,8.763,576332.05
0,25.7,3.205,136.803477,8.549,687670.78
0,30.13,3.229,136.8870657,8.549,659902.07
0,23.64,3.237,136.9706544,8.549,633289.78
1,30.45,3.239,137.1378318,8.549,859258.17
0,39.32,3.245,137.2511849,8.549,865305.88
0,33.05,3.274,137.3764439,8.549,841129.26
0,36.99,3.433,137.5017028,8.549,850448.54
0,43.64,3.582,137.6269617,8.549,830601.39
0,46.65,3.631,137.7398929,8.549,800662.82
0,40.11,3.625,137.8478929,8.549,762184.1
0,37.27,3.638,137.9558929,8.512,762620.94
0,46.87,3.72,138.0638929,8.512,813352.41
0,52.24,3.821,138.1646952,8.512,795157.2
0,50.02,3.892,138.2475036,8.512,841778.34
0,61.71,3.962,138.3303119,8.512,811824.06
0,56.48,4.046,138.4131202,8.512,835181.18
0,60.07,4.066,138.4959286,8.512,826155.95
0,60.22,4.062,138.587106,8.512,776838.56
0,74.17,3.922,138.7694608,8.512,955466.84
0,73.26,3.881,138.8606382,8.512,855130.21
0,67.03,3.842,139.0028333,8.512,828594.86
0,72.02,3.804,139.1832917,8.512,849397.57
0,73.76,3.748,139.36375,8.684,874453.88
0,76.87,3.711,139.5442083,8.684,827717.85
0,77.83,3.76,139.7006325,8.684,813845.5
0,82.28,3.811,139.7969712,8.684,820188.42
0,79.41,3.829,139.8933099,8.684,770820.27
0,72.97,3.747,140.1289205,8.684,820288.35
0,72.88,3.704,140.1629528,8.684,897037.25
1,70.93,3.738,140.2310173,8.684,922440.64
0,69.65,3.742,140.2735,8.684,738792.11
0,63.61,3.711,140.32725,8.684,705802.45
0,70.92,3.645,140.381,8.684,749676.95
0,56.91,3.583,140.43475,8.745,791637.53
0,64.78,3.541,140.4784194,8.745,772859.25
0,59.62,3.57,140.4616048,8.745,811328.4
0,51.81,3.569,140.4447903,8.745,808821.5
0,44.46,3.551,140.4279758,8.745,653468.75
0,49.69,3.53,140.4111613,8.745,880576.33
0,51.42,3.53,140.4127857,8.745,820964.1
0,40.68,3.413,140.4700795,8.745,1115255.65
0,41.59,3.389,140.528765,8.745,1550214.02
1,37.85,3.389,140.5874505,8.745,904650.55
0,35.8,3.422,140.6461359,8.744,671708.09
0,41.3,3.513,140.7048214,8.744,625135.11
0,30.35,3.533,140.8086118,8.744,669850.04
0,36.96,3.567,140.9124021,8.744,588722.99
0,42.52,3.617,141.0161924,8.744,746901.03
1,37.86,3.64,141.1199827,8.744,849779.14
0,37.24,3.695,141.2140357,8.744,824568.39
0,41.74,3.739,141.3007857,8.744,805028.74
0,40.07,3.816,141.3875357,8.744,766571.1
0,44.32,3.848,141.4742857,8.744,796351.35
0,48.73,3.996,141.7712396,8.876,860293.46
0,52.22,4.044,141.8433929,8.876,788633.42
0,62.62,4.027,141.9015262,8.876,794660.24
0,52.33,4.004,141.9596595,8.876,721212.45
0,53.68,3.951,142.0177929,8.876,772036.6
0,65.15,3.848,142.0970115,8.876,819196.68
0,64.77,3.798,142.1032776,8.876,822167.17
0,73.4,3.742,142.1095438,8.876,932195.52
0,69.52,3.62,142.1292548,8.876,848289.41
0,73.23,3.564,142.1606464,8.876,911696.0
0,73.94,3.506,142.1920381,8.876,892133.41
0,82.08,3.475,142.2234298,8.839,985479.64
0,78.95,3.523,142.2548214,8.839,825763.48
0,78.64,3.567,142.2337569,8.839,841224.74
0,76.01,3.647,142.2126924,8.839,808030.15
0,75.22,3.654,142.1916279,8.839,866216.36
0,78.44,3.722,142.1705634,8.839,888368.8
0,76.51,3.807,142.2157385,8.839,887979.47
0,72.93,3.834,142.3105933,8.839,895274.72
0,75.0,3.867,142.4054482,8.839,931278.97
1,76.0,3.911,142.500303,8.839,984833.35
0,68.72,3.948,142.5938833,8.839,821568.64
0,66.1,4.038,142.6798167,8.839,772302.94
0,64.92,3.997,142.76575,8.839,814099.86
0,64.5,3.985,142.8516833,8.665,866064.4
0,55.4,4.0,142.9376167,8.665,873643.14
0,56.53,3.969,142.8633629,8.665,829284.67
0,58.99,3.882,142.7624113,8.665,865137.6
1,46.11,2.539,209.9970208,8.554,469563.7
0,45.66,2.472,210.0451024,8.554,470281.03
0,50.87,2.52,210.0771885,8.554,447519.44
0,51.33,2.574,210.1092746,8.554,480203.43
0,61.96,2.619,210.1413607,8.554,441434.2
0,59.56,2.701,209.9803208,8.554,428851.99
0,55.76,2.711,209.7870932,8.554,404438.51
0,63.43,2.708,209.5938656,8.464,435972.82
0,68.54,2.743,209.400638,8.464,453016.91
0,75.56,2.786,209.1215867,8.464,489372.02
0,77.53,2.805,209.118536,8.464,476733.74
0,77.34,2.767,209.3922937,8.464,474917.98
0,80.87,2.716,209.6660514,8.464,447050.42
0,79.93,2.664,209.9398091,8.464,471088.88
0,82.3,2.615,210.2135668,8.464,467711.18
0,84.37,2.572,210.2108417,8.464,485694.72
0,81.85,2.606,209.984205,8.36,434252.15
0,81.74,2.596,209.8708867,8.36,471713.59
0,84.43,2.561,209.8630532,8.36,466962.04
0,82.6,2.542,209.9958663,8.36,452021.2
0,81.88,2.602,210.1286794,8.36,432451.91
0,85.49,2.573,210.2614925,8.36,467442.94
0,86.06,2.644,210.3943056,8.36,470436.8
0,84.62,2.562,210.3292106,8.36,412050.73
0,82.29,2.533,210.2966631,8.36,431294.45
1,80.58,2.513,210.2641156,8.36,434471.38
0,82.1,2.55,210.2924504,8.36,454694.21
0,79.17,2.578,210.3664469,8.36,419348.59
0,74.66,2.567,210.4404433,8.476,422169.47
0,66.34,2.595,210.5144398,8.476,444351.61
0,76.22,2.68,210.6736944,8.476,392654.26
0,61.97,2.705,210.7667944,8.476,425804.8
0,56.73,2.741,210.65429,8.476,411615.71
1,67.73,2.725,210.5152765,8.476,408891.49
0,51.83,2.813,210.2372494,8.476,404545.03
0,59.1,2.863,210.1805602,8.476,422093.59
1,52.88,2.949,210.182398,8.476,359310.65
0,54.11,2.942,210.1842358,8.395,384659.85
0,42.87,2.971,210.2379731,8.395,410497.73
0,51.18,2.98,210.6031072,8.395,399191.05
0,48.74,2.995,210.9682412,8.395,372174.12
0,46.68,2.98,211.3333753,8.395,417521.7
1,41.16,3.009,211.6985093,8.395,401501.2
0,57.48,3.017,212.0063522,8.395,427175.03
0,67.73,3.053,212.2912786,8.395,380279.44
0,64.55,3.282,212.576205,8.395,402579.84
0,59.15,3.448,212.8611313,8.395,407506.78
0,64.9,3.487,213.1096787,8.395,431412.22
0,71.07,3.488,213.3436744,8.395,390732.02
0,69.39,3.645,213.8116658,8.3,428727.61
0,73.25,3.763,214.026217,8.3,414986.54
0,76.1,3.837,214.3580974,8.3,340708.78
0,69.56,3.917,214.5240376,8.3,393401.4
0,76.73,3.92,214.6899778,8.3,395316.65
0,81.28,3.786,214.2408462,8.3,348655.2
0,82.96,3.69,214.0162805,8.3,373703.95
0,82.41,3.633,213.7917147,8.3,374182.04
0,84.43,3.599,213.7481256,8.3,394645.25
0,83.95,3.569,213.8402689,8.3,360009.94
0,85.33,3.502,213.9324122,8.177,354270.77
0,84.71,3.44,214.0245556,8.177,377464.62
0,83.31,3.637,214.1713416,8.177,361311.41
0,86.71,3.652,214.2972939,8.177,381017.75
0,87.64,3.608,214.3602701,8.177,380188.69
0,87.24,3.534,214.4239935,8.177,373267.58
0,86.02,3.501,214.4878416,8.177,344964.2
1,77.94,3.499,214.6155376,8.177,352960.64
0,82.06,3.473,214.7934111,8.177,343108.12
0,78.35,3.441,215.1233185,8.177,322405.13
0,81.52,3.328,215.4532259,8.177,314910.37
0,71.2,3.262,215.7831333,7.716,346137.87
0,74.16,3.234,216.0885258,7.716,342076.99
0,71.31,3.306,216.4051315,7.716,306193.81
0,58.97,3.287,216.5634344,7.716,313387.11
0,63.5,3.254,216.7217373,7.716,328498.92
0,66.28,3.26,216.9395861,7.716,332901.94
1,66.41,3.181,217.1812533,7.716,332811.55
0,53.57,3.164,217.4229206,7.716,293350.51
0,50.64,3.147,217.6645878,7.716,312298.37
0,58.31,3.133,217.8781339,7.716,341503.92
0,55.41,3.098,218.0541851,7.716,325262.46
1,48.26,3.132,218.2302364,7.716,287425.22
0,57.18,3.129,218.4062876,7.244,329467.82
0,56.28,3.254,218.5823389,7.244,325976.34
0,58.9,3.275,218.6755292,7.244,330927.21
0,61.33,3.421,218.8619099,7.244,310982.87
1,54.49,3.462,218.9551002,7.244,335741.9
0,54.38,3.503,219.1148297,7.244,326316.73
0,62.21,3.55,219.3244636,7.244,313270.45
0,64.54,3.619,219.5340975,7.244,315396.72
0,63.19,3.647,219.7437314,7.244,318674.93
0,67.48,3.779,219.8956335,7.244,335345.82
0,69.18,3.845,219.9705599,7.244,317872.51
0,70.48,3.891,220.0454862,7.244,304144.9
0,73.95,3.934,220.1204125,6.989,331026.11
0,70.87,3.918,220.2483937,6.989,323915.32
0,70.06,3.888,220.3014485,6.989,308389.82
0,77.17,3.835,220.3545033,6.989,312467.52
0,73.7,3.713,220.4252149,6.989,324801.13
0,78.94,3.636,220.4287124,6.989,306098.17
0,80.74,3.567,220.4322099,6.989,306005.53
0,81.5,3.513,220.4357073,6.989,338273.38
0,82.15,3.407,220.4494148,6.989,333146.88
0,80.4,3.358,220.4886472,6.989,306411.01
0,86.68,3.273,220.5278796,6.989,291530.43
0,81.52,3.232,220.567112,6.623,306578.89
0,78.15,3.245,220.6063444,6.623,298337.41
0,81.76,3.301,220.6148749,6.623,303289.55
0,84.0,3.392,220.6234054,6.623,279643.43
0,84.41,3.49,220.6404663,6.623,298947.51
0,84.79,3.608,220.9853964,6.623,282647.48
1,84.19,3.697,221.1181142,6.623,293728.57
0,78.16,3.692,221.2601207,6.623,301893.63
0,75.98,3.709,221.4578604,6.623,293804.45
0,79.49,3.66,221.6556,6.623,270677.98
0,73.57,3.611,221.8533396,6.228,277137.86
0,71.28,3.576,222.0510793,6.228,300236.85
0,74.06,3.57,222.0951719,6.228,287360.05
0,74.39,3.494,222.1136566,6.228,272489.41
0,45.66,2.514,210.0451024,8.554,510382.5
0,50.87,2.561,210.0771885,8.554,513615.82
0,61.96,2.667,210.1413607,8.554,513015.35
0,59.56,2.72,209.9803208,8.554,460020.74
0,55.76,2.732,209.7870932,8.554,515777.97
0,63.43,2.719,209.5938656,8.464,540189.7
0,68.03,2.795,209.2199574,8.464,527019.78
0,70.9,2.78,209.170772,8.464,517850.83
0,77.53,2.854,209.118536,8.464,505196.08
0,77.34,2.826,209.3922937,8.464,510494.7
0,79.93,2.705,209.9398091,8.464,479195.02
0,84.37,2.637,210.2108417,8.464,505761.62
0,84.14,2.653,210.0975233,8.464,485419.39
0,84.43,2.623,209.8630532,8.36,485150.01
0,86.06,2.692,210.3943056,8.36,491815.83
0,85.54,2.664,210.3617581,8.36,486930.72
0,84.62,2.619,210.3292106,8.36,512157.25
0,82.29,2.577,210.2966631,8.36,510427.53
1,80.58,2.565,210.2641156,8.36,510296.07
0,82.1,2.582,210.2924504,8.36,501251.4
0,79.17,2.624,210.3664469,8.36,494265.48
0,74.66,2.603,210.4404433,8.476,529877.93
0,71.57,2.72,210.5805944,8.476,498925.86
0,62.72,2.689,210.7202444,8.476,539683.42
0,61.97,2.728,210.7667944,8.476,517546.69
0,56.73,2.771,210.65429,8.476,518124.16
1,67.73,2.735,210.5152765,8.476,518220.72
0,51.83,2.843,210.2372494,8.476,511207.52
0,56.73,2.869,210.1787224,8.476,534285.21
0,54.11,2.976,210.1842358,8.395,542464.02
0,42.87,2.983,210.2379731,8.395,525616.9
0,51.18,3.016,210.6031072,8.395,526486.82
0,48.74,3.01,210.9682412,8.395,513672.36
0,46.68,2.989,211.3333753,8.395,583835.18
1,41.16,3.022,211.6985093,8.395,522514.32
0,57.48,3.045,212.0063522,8.395,536840.69
0,67.73,3.065,212.2912786,8.395,514758.19
0,59.15,3.459,212.8611313,8.395,505610.4
0,64.9,3.488,213.1096787,8.395,478503.06
0,71.07,3.473,213.3436744,8.395,522105.93
0,67.31,3.524,213.5776701,8.3,534578.78
0,69.39,3.622,213.8116658,8.3,543703.16
0,73.25,3.743,214.026217,8.3,543775.87
0,74.57,3.807,214.1921572,8.3,526434.37
0,76.1,3.81,214.3580974,8.3,502918.18
0,69.56,3.906,214.5240376,8.3,547513.3
0,73.02,3.907,214.465412,8.3,533564.42
0,81.28,3.786,214.2408462,8.3,507086.75
0,82.41,3.648,213.7917147,8.3,509647.25
0,83.95,3.594,213.8402689,8.3,509276.22
0,84.71,3.48,214.0245556,8.177,489059.93
0,85.63,3.575,214.1083654,8.177,498749.62
0,83.31,3.651,214.1713416,8.177,505543.53
0,84.99,3.682,214.2343177,8.177,504974.95
0,86.71,3.684,214.2972939,8.177,510787.46
0,87.24,3.554,214.4239935,8.177,506897.98
0,87.5,3.533,214.5516896,8.177,530367.83
1,77.94,3.546,214.6155376,8.177,506273.74
0,82.06,3.526,214.7934111,8.177,513341.94
0,78.35,3.467,215.1233185,8.177,516556.94
0,81.52,3.355,215.4532259,8.177,516402.1
0,71.2,3.285,215.7831333,7.716,522816.85
0,74.16,3.274,216.0885258,7.716,513636.01
0,67.89,3.353,216.2468287,7.716,522784.33
0,71.31,3.372,216.4051315,7.716,517355.44
0,58.97,3.332,216.5634344,7.716,555925.6
0,63.5,3.297,216.7217373,7.716,501268.78
0,66.28,3.308,216.9395861,7.716,527495.09
1,66.41,3.236,217.1812533,7.716,522554.04
0,53.57,3.172,217.4229206,7.716,527117.81
0,50.64,3.158,217.6645878,7.716,537224.52
0,58.31,3.159,217.8781339,7.716,533905.67
0,55.41,3.112,218.0541851,7.716,605791.46
1,48.26,3.129,218.2302364,7.716,451327.61
0,57.18,3.157,218.4062876,7.244,558343.57
0,56.28,3.261,218.5823389,7.244,546221.4
0,58.9,3.268,218.6755292,7.244,543894.07
0,54.38,3.51,219.1148297,7.244,541071.29
0,62.21,3.555,219.3244636,7.244,518696.89
0,64.54,3.63,219.5340975,7.244,525559.17
0,67.48,3.734,219.8956335,7.244,484588.34
0,69.18,3.787,219.9705599,7.244,520887.23
0,70.48,3.845,220.0454862,7.244,533734.94
0,73.95,3.891,220.1204125,6.989,564848.78
0,72.54,3.891,220.1953389,6.989,506973.17
0,70.87,3.877,220.2483937,6.989,523483.19
0,70.06,3.814,220.3014485,6.989,528807.45
0,77.17,3.749,220.3545033,6.989,535311.64
0,76.55,3.688,220.4075581,6.989,527983.04
0,73.7,3.63,220.4252149,6.989,534847.96
0,78.94,3.561,220.4287124,6.989,540625.79
0,80.74,3.501,220.4322099,6.989,531811.85
0,81.5,3.452,220.4357073,6.989,528940.78
0,80.4,3.346,220.4886472,6.989,484032.75
0,86.68,3.286,220.5278796,6.989,508309.81
0,81.52,3.227,220.567112,6.623,519498.32
0,78.15,3.256,220.6063444,6.623,506005.47
0,81.76,3.311,220.6148749,6.623,503744.56
0,84.0,3.407,220.6234054,6.623,514489.17
0,85.56,3.417,220.6319358,6.623,521959.28
0,84.41,3.494,220.6404663,6.623,500964.59
0,85.89,3.571,220.7199609,6.623,509633.71
0,81.26,3.62,220.8526787,6.623,522665.04
0,84.79,3.638,220.9853964,6.623,538344.1
1,84.19,3.73,221.1181142,6.623,526838.14
0,78.16,3.717,221.2601207,6.623,514651.74
0,75.98,3.721,221.4578604,6.623,521320.98
0,79.49,3.666,221.6556,6.623,527953.14
0,73.57,3.617,221.8533396,6.228,546122.37
0,71.28,3.601,222.0510793,6.228,521810.75
0,74.06,3.594,222.0951719,6.228,551969.1
0,74.39,3.506,222.1136566,6.228,534738.43
0,54.83,2.915,126.5262857,13.975,327237.92
0,50.23,2.825,126.5522857,13.975,334222.73
0,53.77,2.987,126.5782857,13.975,372239.89
0,50.11,2.925,126.6042857,13.975,342023.92
0,59.57,3.054,126.6066452,13.975,333025.47
0,60.06,3.083,126.6050645,13.975,335858.11
0,59.84,3.086,126.6034839,14.099,368929.55
0,64.95,3.109,126.5621,14.099,337723.49
0,64.55,3.05,126.4713333,14.099,335121.82
0,67.38,3.105,126.3805667,14.099,337979.65
0,68.44,3.145,126.2085484,14.099,346174.3
0,76.2,3.12,126.1843871,14.099,340497.08
0,81.39,2.941,126.1360645,14.099,376184.88
0,90.84,2.949,126.1119032,14.099,354828.65
0,81.06,3.043,126.114,14.099,335691.85
0,87.27,3.084,126.1266,14.099,322046.76
0,91.98,3.105,126.1392,14.18,361181.48
0,97.18,3.094,126.1498065,14.18,338277.71
0,99.22,3.112,126.1283548,14.18,328336.85
0,87.01,3.159,126.064,14.18,341400.72
0,83.12,3.087,126.1019355,14.18,377096.55
1,83.63,3.044,126.1145806,14.18,336227.69
0,82.45,3.028,126.1454667,14.18,336253.19
0,81.77,2.939,126.1900333,14.18,330604.9
0,85.2,3.001,126.2346,14.313,360256.58
0,68.85,3.014,126.3815484,14.313,339042.18
0,61.09,3.016,126.4364194,14.313,341219.63
0,65.49,3.129,126.4912903,14.313,380870.09
0,57.79,3.13,126.5461613,14.313,340147.2
0,58.18,3.161,126.6072,14.313,348593.99
1,47.66,3.162,126.6692667,14.313,360857.98
0,50.01,3.203,126.7934,14.313,355965.23
0,52.02,3.236,126.9835806,14.313,369106.72
1,45.64,3.148,127.0876774,14.313,303908.81
0,37.64,3.287,127.1917742,14.021,386344.54
0,43.15,3.312,127.3009355,14.021,356138.79
0,53.53,3.223,127.4404839,14.021,341098.08
0,45.14,3.348,127.7195806,14.021,402341.76
0,53.35,3.43,127.99525,14.021,364606.7
0,51.72,3.674,128.26475,14.021,405429.43
0,57.75,3.818,128.3995,14.021,357897.18
0,64.21,3.692,128.5121935,14.021,349459.95
0,64.47,4.003,128.8238065,13.736,392152.3
0,72.12,4.134,128.9553,13.736,362952.34
0,68.27,4.151,128.9998667,13.736,344225.99
0,68.4,4.193,129.0444333,13.736,422186.65
0,70.93,4.202,129.089,13.736,366977.79
0,66.59,4.169,129.0756774,13.736,365730.76
0,76.67,4.087,129.0623548,13.736,356886.1
0,71.81,4.031,129.0490323,13.736,396826.06
0,78.72,3.981,129.0357097,13.736,381763.02
0,86.84,3.935,129.0432,13.736,356797.0
0,89.9,3.705,129.1125,13.503,399699.17
0,88.1,3.692,129.1338387,13.503,367181.71
0,91.17,3.794,129.1507742,13.503,365562.67
0,91.04,3.701,129.2015806,13.503,387844.05
0,91.74,3.743,129.2405806,13.503,362224.7
0,94.61,3.74,129.2832581,13.503,365672.55
0,93.66,3.798,129.3259355,13.503,416953.51
1,88.0,3.913,129.3686129,13.503,397771.68
0,76.36,3.918,129.4306,13.503,408188.88
0,82.95,3.789,129.5183333,13.503,394665.28
0,83.26,3.877,129.6060667,13.503,366819.84
0,70.44,3.827,129.6938,12.89,449516.29
0,67.31,3.805,129.7706452,12.89,400430.78
0,73.05,3.842,129.7821613,12.89,402709.17
0,67.41,3.727,129.7936774,12.89,378539.17
0,59.77,3.828,129.8051935,12.89,436970.1
0,48.76,3.824,129.8167097,12.89,411116.95
0,54.2,3.813,129.8268333,12.89,392003.13
0,52.5,3.701,129.8459667,12.89,411252.02
0,43.29,3.6,129.8980645,12.89,404283.84
0,45.4,3.541,129.9845484,12.89,419717.41
1,44.64,3.428,130.0710323,12.89,342667.35
0,50.43,3.599,130.1575161,12.187,478483.2
0,46.2,3.66,130.2792258,12.187,405215.91
0,50.43,3.675,130.3144516,12.187,412882.31
0,50.58,3.702,130.3496774,12.187,457711.68
1,52.27,3.722,130.3849032,12.187,469787.38
0,51.8,3.781,130.4546207,12.187,415513.97
0,53.13,3.95,130.5502069,12.187,409411.61
0,52.27,4.178,130.6457931,12.187,471115.38
0,54.54,4.25,130.7413793,12.187,452792.53
0,56.26,4.038,130.8966452,12.187,412456.48
0,64.05,4.121,131.0375484,11.627,499267.66
0,64.28,4.254,131.108,11.627,435790.74
0,66.73,4.222,131.1173333,11.627,401615.8
0,77.99,4.193,131.1266667,11.627,419964.77
0,84.51,4.11,131.0983226,11.627,412314.71
0,83.84,4.293,131.0287742,11.627,422810.12
0,78.11,4.277,130.9592258,11.627,435579.7
0,85.94,4.144,130.8295333,11.627,430222.07
0,91.61,4.014,130.7929,11.627,405938.35
0,89.13,3.765,130.7196333,10.926,471086.22
0,95.61,3.723,130.683,10.926,416036.75
0,85.53,3.726,130.7012903,10.926,441683.74
0,93.47,3.769,130.7195806,10.926,407186.47
0,88.16,3.76,130.737871,10.926,469311.17
0,95.91,3.811,130.7561613,10.926,436690.13
0,94.87,4.002,130.7909677,10.926,411866.46
0,85.32,4.055,130.8381613,10.926,397428.22
0,89.78,4.093,130.8853548,10.926,424904.95
1,88.52,4.124,130.9325484,10.926,490274.82
0,83.64,4.133,130.9776667,10.926,430944.39
0,81.22,3.966,131.043,10.926,398468.08
0,81.61,3.966,131.0756667,10.199,458479.01
0,71.74,4.468,131.1083333,10.199,437320.66
0,44.3,2.572,209.8529663,8.554,1230596.8
1,44.58,2.548,209.9970208,8.554,1266229.07
0,43.96,2.514,210.0451024,8.554,1230591.97
0,49.79,2.561,210.0771885,8.554,1168582.02
0,61.88,2.667,210.1413607,8.554,1244391.83
0,54.83,2.732,209.7870932,8.554,1235094.66
0,63.31,2.719,209.5938656,8.464,1463942.62
0,68.15,2.77,209.400638,8.464,1327035.27
0,66.33,2.808,209.2691428,8.464,1242874.98
0,67.64,2.795,209.2199574,8.464,1280231.85
0,70.03,2.78,209.170772,8.464,1263836.59
0,77.49,2.854,209.118536,8.464,1226997.7
0,76.67,2.826,209.3922937,8.464,1350673.98
0,79.83,2.705,209.9398091,8.464,1512207.95
0,81.78,2.668,210.2135668,8.464,1371405.33
0,83.96,2.637,210.2108417,8.464,1368312.45
0,83.24,2.653,210.0975233,8.464,1280414.8
0,81.35,2.669,209.984205,8.36,1352547.7
0,82.2,2.608,209.9958663,8.36,1314651.83
0,80.99,2.64,210.1286794,8.36,1308222.24
0,84.92,2.627,210.2614925,8.36,1409989.67
0,84.31,2.619,210.3292106,8.36,1417515.93
0,82.13,2.577,210.2966631,8.36,1345167.61
0,81.83,2.582,210.2924504,8.36,1252915.43
0,72.74,2.603,210.4404433,8.476,1219583.91
0,64.8,2.633,210.5144398,8.476,1286598.59
0,69.96,2.72,210.5805944,8.476,1238742.0
0,71.73,2.725,210.6271444,8.476,1261109.01
0,75.14,2.716,210.6736944,8.476,1294769.08
0,61.62,2.689,210.7202444,8.476,1293707.19
0,62.21,2.728,210.7667944,8.476,1291398.71
1,67.75,2.735,210.5152765,8.476,2149355.2
0,53.55,2.708,210.376263,8.476,1431910.98
0,55.31,2.869,210.1787224,8.476,1842172.46
0,58.86,2.886,210.1805602,8.476,2495489.25
1,52.45,2.943,210.182398,8.476,1230012.16
0,52.74,2.976,210.1842358,8.395,1224475.12
0,41.74,2.983,210.2379731,8.395,1193199.39
0,50.25,3.016,210.6031072,8.395,1243370.74
0,45.96,2.989,211.3333753,8.395,1343773.94
1,40.34,3.022,211.6985093,8.395,1227893.89
0,58.2,3.045,212.0063522,8.395,1335233.74
0,63.56,3.288,212.576205,8.395,1316385.43
0,58.35,3.459,212.8611313,8.395,1283716.81
0,65.28,3.488,213.1096787,8.395,1348410.05
0,71.17,3.473,213.3436744,8.395,1284334.79
0,66.57,3.524,213.5776701,8.3,1316849.36
0,69.45,3.622,213.8116658,8.3,1350646.16
0,73.19,3.743,214.026217,8.3,1348031.55
0,74.98,3.807,214.1921572,8.3,1563140.85
0,76.47,3.81,214.3580974,8.3,1379651.87
0,73.31,3.907,214.465412,8.3,1373907.21
0,82.1,3.786,214.2408462,8.3,1406124.14
0,83.59,3.699,214.0162805,8.3,1541745.59
0,82.75,3.648,213.7917147,8.3,1442092.08
0,85.21,3.637,213.7481256,8.3,1451392.67
0,84.06,3.594,213.8402689,8.3,1363167.95
0,84.93,3.524,213.9324122,8.177,1429829.36
0,84.33,3.48,214.0245556,8.177,1414564.53
0,85.96,3.575,214.1083654,8.177,1380257.12
0,86.24,3.682,214.2343177,8.177,1426418.53
0,87.73,3.684,214.2972939,8.177,1518790.89
0,88.27,3.638,214.3602701,8.177,1514055.97
0,86.49,3.523,214.4878416,8.177,1573898.63
0,88.65,3.533,214.5516896,8.177,1465089.85
1,79.15,3.546,214.6155376,8.177,1429345.86
0,81.51,3.355,215.4532259,8.177,1311775.83
0,73.79,3.274,216.0885258,7.716,1384721.84
0,67.65,3.353,216.2468287,7.716,1465283.29
0,71.05,3.372,216.4051315,7.716,1472663.1
0,58.04,3.332,216.5634344,7.716,1553629.59
0,63.11,3.297,216.7217373,7.716,1456957.38
0,66.09,3.308,216.9395861,7.716,1510397.27
1,66.36,3.236,217.1812533,7.716,2338832.4
0,53.14,3.172,217.4229206,7.716,1632894.58
0,49.36,3.158,217.6645878,7.716,1781528.77
0,54.62,3.112,218.0541851,7.716,2554482.84
0,55.83,3.157,218.4062876,7.244,1478537.93
0,58.04,3.268,218.6755292,7.244,1394841.03
0,60.65,3.29,218.7687195,7.244,1320301.61
0,60.69,3.36,218.8619099,7.244,1396150.15
0,52.75,3.51,219.1148297,7.244,1511041.69
0,64.05,3.63,219.5340975,7.244,1453047.02
0,61.64,3.669,219.7437314,7.244,1470764.35
0,69.11,3.845,220.0454862,7.244,1499727.02
0,71.59,3.891,220.1953389,6.989,1580732.73
0,70.04,3.877,220.2483937,6.989,1433391.04
0,69.11,3.814,220.3014485,6.989,1456997.2
0,75.52,3.688,220.4075581,6.989,1470792.41
0,72.36,3.63,220.4252149,6.989,1522978.54
0,81.33,3.393,220.4494148,6.989,1587499.82
0,79.84,3.346,220.4886472,6.989,1532316.79
0,85.72,3.286,220.5278796,6.989,1492388.98
0,81.05,3.227,220.567112,6.623,1659221.99
0,78.16,3.256,220.6063444,6.623,1471261.76
0,82.89,3.407,220.6234054,6.623,1487797.54
0,84.72,3.571,220.7199609,6.623,1720221.91
0,80.49,3.62,220.8526787,6.623,1724669.75
0,83.72,3.638,220.9853964,6.623,1710923.94
1,83.71,3.73,221.1181142,6.623,1609811.75
0,76.71,3.717,221.2601207,6.623,1447614.08
0,73.58,3.721,221.4578604,6.623,1555672.51
0,72.05,3.617,221.8533396,6.228,1574408.67
0,69.88,3.601,222.0510793,6.228,1494417.07
0,71.45,3.594,222.0951719,6.228,1577486.33
0,72.9,3.506,222.1136566,6.228,1569502.0
0,33.32,2.753,131.686,5.892,863917.41
0,34.78,2.766,131.735,5.892,990152.28
0,39.51,2.831,131.863129,5.892,873354.58
0,41.39,2.826,131.9019677,5.435,1041202.13
0,54.31,2.849,131.9408065,5.435,919839.19
0,43.3,2.885,131.9809,5.435,882636.96
0,45.85,2.895,132.0226667,5.435,844958.49
0,46.5,2.935,132.0644333,5.435,816838.31
0,60.05,2.981,132.1062,5.435,1009797.06
0,45.5,2.983,132.152129,5.435,907262.47
0,67.88,2.906,132.2939355,5.435,1008483.07
0,65.7,2.857,132.3648387,5.435,1052429.03
0,59.42,2.83,132.4357419,5.435,1007574.67
0,60.97,2.805,132.4733333,5.435,973105.3
0,65.47,2.815,132.5218667,5.326,1087578.78
0,76.67,2.806,132.5461333,5.326,1058250.91
0,74.25,2.796,132.5667742,5.326,959229.09
0,71.79,2.784,132.5825806,5.326,922341.82
0,71.35,2.792,132.5983871,5.326,953393.02
0,67.05,2.796,132.6616129,5.326,932397.0
0,62.57,2.77,132.6932258,5.326,922328.02
0,70.66,2.735,132.7248387,5.326,976453.34
1,62.75,2.717,132.7564516,5.326,967310.82
0,55.34,2.716,132.7670667,5.326,855046.95
0,55.63,2.718,132.7619333,5.326,844373.31
0,52.02,2.776,132.7516667,5.287,972405.38
0,41.25,2.919,132.8170968,5.287,882180.91
0,47.1,2.938,132.8708387,5.287,875038.84
0,40.52,3.03,132.9172,5.287,852452.93
1,32.94,3.07,132.8369333,5.287,1166142.85
0,33.6,3.065,132.7566667,5.287,1000582.06
0,21.64,3.132,132.6764,5.287,1111215.72
0,23.01,3.139,132.6804516,5.287,1179036.3
0,24.18,3.15,132.7477419,5.287,1648829.18
0,24.05,3.193,132.8823226,5.114,894280.19
0,14.64,3.232,133.0285161,5.114,764014.75
0,9.51,3.243,133.1059677,5.114,775910.43
0,13.29,3.24,133.1834194,5.114,904261.65
1,16.87,3.255,133.260871,5.114,931939.52
0,21.82,3.263,133.3701429,5.114,968694.45
0,16.5,3.281,133.4921429,5.114,888869.27
0,18.49,3.437,133.6141429,5.114,977070.62
0,30.53,3.6,133.7361429,5.114,860255.58
0,35.76,3.634,133.8492258,5.114,871024.26
0,28.89,3.624,133.9587419,5.114,834621.39
0,28.6,3.638,134.0682581,4.781,841889.08
0,34.77,3.72,134.1777742,4.781,947753.32
0,43.69,3.823,134.2784667,4.781,874446.32
0,39.32,3.919,134.3571,4.781,965056.4
0,52.68,3.988,134.4357333,4.781,847246.5
0,50.81,4.078,134.5143667,4.781,1016752.55
0,54.09,4.095,134.593,4.781,903864.02
0,56.38,4.101,134.6803871,4.781,907110.83
0,66.16,3.973,134.8551613,4.781,1075687.74
0,64.19,3.924,134.9425484,4.781,984336.04
0,59.16,3.873,135.0837333,4.781,971422.67
0,62.59,3.851,135.2652667,4.781,977103.64
0,65.25,3.815,135.4468,4.584,1048866.3
0,67.86,3.784,135.6283333,4.584,1107366.06
0,73.34,3.882,135.8738387,4.584,980642.1
0,67.45,3.898,135.9639355,4.584,929096.9
0,68.1,3.903,136.0540323,4.584,1063818.2
0,68.3,3.88,136.144129,4.584,955506.95
0,65.01,3.796,136.2136129,4.584,969611.3
0,63.79,3.784,136.2440968,4.584,957298.26
1,64.83,3.809,136.2745806,4.584,1021391.99
0,58.28,3.809,136.3145,4.584,890661.79
0,54.09,3.758,136.367,4.584,876583.98
0,53.9,3.583,136.5150968,4.42,936751.68
0,42.09,3.604,136.4884516,4.42,941675.95
0,35.4,3.586,136.475129,4.42,1011321.18
0,41.85,3.571,136.4666667,4.42,905399.99
1,32.76,3.536,136.4788,4.42,1230011.95
0,38.51,3.501,136.4909333,4.42,1059676.62
0,34.48,3.47,136.5030667,4.42,1158708.98
0,29.53,3.445,136.5335161,4.42,1198670.19
0,24.46,3.413,136.5883871,4.42,1601585.7
1,18.75,3.402,136.6432581,4.42,908853.15
0,23.29,3.439,136.698129,4.261,954576.86
0,25.9,3.523,136.753,4.261,780607.52
0,14.02,3.542,136.8564194,4.261,811365.42
0,22.91,3.568,136.9598387,4.261,770157.29
0,27.86,3.633,137.0632581,4.261,979552.34
1,23.92,3.655,137.1666774,4.261,999785.48
0,25.56,3.703,137.2583103,4.261,975500.87
0,29.88,3.751,137.3411034,4.261,919301.81
0,23.79,3.827,137.4238966,4.261,927732.02
0,37.13,3.867,137.5843871,4.261,891154.18
0,52.27,3.889,137.6552903,4.261,844490.86
0,36.25,3.921,137.7261935,4.261,871945.64
0,36.54,3.957,137.7970968,4.125,1132064.23
0,40.65,4.025,137.868,4.125,857811.17
0,55.3,4.046,137.9230667,4.125,896979.93
0,47.51,4.023,137.9781333,4.125,875372.91
0,44.47,3.991,138.0332,4.125,993311.59
0,57.59,3.899,138.1065806,4.125,896295.41
0,64.75,3.798,138.1138065,4.125,1037464.27
0,63.39,3.683,138.1295333,4.125,977950.28
0,69.32,3.629,138.1629,4.125,1033552.18
0,64.42,3.577,138.1962667,4.125,988764.84
0,69.08,3.538,138.2296333,4.156,1182901.56
0,67.48,3.561,138.263,4.156,979848.71
0,67.88,3.701,138.2033871,4.156,954396.85
0,70.15,3.698,138.1735806,4.156,1068346.76
0,70.09,3.772,138.1437742,4.156,1007906.43
0,69.41,3.84,138.1857097,4.156,969387.48
0,63.91,3.874,138.2814516,4.156,945318.47
0,66.11,3.884,138.3771935,4.156,987264.67
1,65.06,3.921,138.4729355,4.156,1088248.4
0,59.38,3.988,138.5673,4.156,901709.82
0,54.12,4.056,138.6534,4.156,899768.4
0,57.21,4.027,138.8256,4.145,1069112.0
0,47.35,4.029,138.9117,4.145,982523.26
0,46.33,4.0,138.8336129,4.145,918170.5
0,49.65,3.917,138.7281613,4.145,921264.52
1,23.04,2.572,189.4642725,7.541,1075656.34
0,24.13,2.55,189.5340998,7.541,1052034.74
0,21.84,2.586,189.6018023,7.541,991941.73
0,33.4,2.684,189.7372075,7.541,1023997.71
0,36.7,2.692,189.734262,7.541,1006597.69
0,37.3,2.75,189.6901012,7.363,1082158.21
0,46.79,2.765,189.6628845,7.363,1043388.79
0,45.29,2.776,189.6190057,7.363,1067340.74
0,40.2,2.766,189.575127,7.363,1063960.11
0,41.5,2.771,189.5312483,7.363,1175738.22
0,40.23,2.788,189.4904116,7.363,1116439.02
0,50.59,2.776,189.467827,7.363,1163234.33
0,56.97,2.737,189.4452425,7.363,1246654.24
0,60.13,2.7,189.422658,7.363,1305068.1
0,54.9,2.674,189.4185259,7.363,1202963.06
0,66.0,2.715,189.4533931,7.363,1174209.52
0,69.39,2.728,189.4882603,7.335,1273279.79
0,60.93,2.711,189.5231276,7.335,1176079.59
0,69.06,2.699,189.6125456,7.335,1179788.38
0,70.77,2.691,189.774698,7.335,1192213.87
0,70.07,2.69,189.9368504,7.335,1211136.63
0,69.21,2.69,190.0990028,7.335,1338132.72
0,70.24,2.723,190.2611552,7.335,1285976.53
0,66.19,2.732,190.2948237,7.335,1353838.39
0,70.59,2.731,190.3284922,7.335,1173131.63
0,64.13,2.773,190.3621607,7.335,1223355.5
1,63.3,2.78,190.3958293,7.335,1172672.27
0,62.4,2.8,190.4688287,7.335,1111170.91
0,60.11,2.793,190.5713264,7.335,1110941.78
0,57.1,2.745,190.7763218,7.508,1162042.24
0,48.09,2.762,190.9070184,7.508,1156003.7
0,42.16,2.748,190.951728,7.508,1144854.56
0,46.74,2.729,190.9964377,7.508,1163878.49
0,38.99,2.737,191.0411474,7.508,1175326.23
0,31.34,2.758,191.0312172,7.508,1172155.28
1,25.3,2.742,191.0121805,7.508,1866681.57
0,33.0,2.712,190.9931437,7.508,1220115.75
0,31.51,2.778,191.0303376,7.508,1627904.68
1,25.19,2.829,191.2557002,7.508,1001790.16
0,23.76,2.882,191.3683815,7.241,1153596.53
0,32.7,2.973,191.5731924,7.241,1088025.8
0,32.23,3.008,191.667891,7.241,1026439.93
0,14.56,3.011,191.7625895,7.241,1179420.5
0,39.39,3.051,191.9178331,7.241,1203399.64
0,26.1,3.101,191.9647167,7.241,1099714.93
0,34.99,3.232,192.0116004,7.241,1229257.7
0,31.6,3.372,192.058484,7.241,1159089.6
0,41.11,3.414,192.1964844,7.241,1140578.16
0,38.16,3.461,192.2691707,6.934,1179125.48
0,42.87,3.532,192.3418571,6.934,1206252.12
0,39.94,3.611,192.4225954,6.934,1192982.07
0,42.86,3.636,192.5234638,6.934,1304481.75
0,39.81,3.663,192.6243322,6.934,1178841.05
0,41.11,3.828,192.831317,6.934,1244542.33
0,50.56,3.795,192.8365651,6.934,1278304.33
0,54.81,3.763,192.8418131,6.934,1297584.95
0,61.1,3.735,192.8470612,6.934,1311690.11
0,59.54,3.661,192.9982655,6.934,1244381.98
0,67.01,3.597,193.0930552,6.901,1333347.78
0,68.18,3.532,193.3125484,6.901,1245772.7
0,74.11,3.545,193.5120367,6.901,1292830.93
0,71.3,3.547,193.711525,6.901,1248330.1
0,67.65,3.542,194.1105017,6.901,1356689.88
0,70.55,3.499,194.2500634,6.901,1412959.97
0,71.61,3.485,194.3796374,6.901,1328740.71
0,70.37,3.511,194.5092113,6.901,1283849.38
1,58.31,3.566,194.6387853,6.901,1280958.97
0,55.06,3.581,194.8099713,6.901,1173059.79
0,47.43,3.491,195.0261012,6.759,1247130.22
0,45.62,3.548,195.1789994,6.759,1214944.29
0,37.02,3.55,195.3318977,6.759,1274463.02
0,35.04,3.527,195.4847959,6.759,1315684.86
0,32.87,3.505,195.6376941,6.759,1302499.23
0,36.64,3.479,195.7184713,6.759,1230118.02
1,36.37,3.424,195.7704,6.759,1906713.35
0,34.53,3.378,195.8223287,6.759,1292436.23
0,17.05,3.331,195.8742575,6.759,1548661.45
0,25.01,3.266,195.9841685,6.759,1682368.32
1,34.12,3.119,196.3586101,6.759,1264014.16
0,37.21,3.095,196.5458309,6.589,1208191.61
0,27.49,3.077,196.7330517,6.589,1134767.28
0,31.56,3.055,196.7796652,6.589,1116295.24
0,33.15,3.038,196.8262786,6.589,1079398.81
0,31.65,3.031,196.8728921,6.589,1208825.6
1,22.0,3.103,196.9195056,6.589,1238844.56
0,22.52,3.113,196.9432711,6.589,1330451.46
0,27.39,3.191,196.9565303,6.589,1239813.26
0,35.3,3.286,196.9631599,6.589,1243814.77
0,44.04,3.664,197.2295234,6.589,1215354.38
0,51.56,3.75,197.4133259,6.589,1239423.19
0,48.48,3.854,197.5971285,6.547,1460234.31
0,43.57,3.936,197.7227385,6.547,1220815.33
0,57.66,3.927,197.664546,6.547,1248950.65
0,52.86,3.903,197.6063534,6.547,1359770.73
0,50.22,3.87,197.5481609,6.547,1353285.1
0,55.24,3.837,197.5553137,6.547,1331514.44
0,54.89,3.804,197.5886046,6.547,1424500.47
0,57.29,3.764,197.6218954,6.547,1374891.36
0,65.11,3.741,197.6551863,6.547,1436383.84
0,74.47,3.646,197.8322195,6.432,1456300.89
0,74.06,3.585,197.9290378,6.432,1347175.93
0,73.31,3.57,197.9792136,6.432,1344723.97
0,73.16,3.528,198.0293893,6.432,1439607.35
0,71.73,3.509,198.0795651,6.432,1504545.94
0,65.77,3.545,198.1001057,6.432,1560590.05
0,69.07,3.558,198.0984199,6.432,1464462.85
0,71.56,3.556,198.0967341,6.432,1360517.52
0,59.39,3.659,198.1267184,6.432,1306644.25
0,59.81,3.765,198.358523,6.432,1276609.36
0,56.08,3.789,198.5903276,6.432,1307928.01
0,50.14,3.779,198.8221322,6.195,1400160.95
0,39.38,3.76,199.0539368,6.195,1409544.97
0,49.56,3.75,199.1481963,6.195,1326197.24
0,41.8,3.686,199.2195317,6.195,1316542.59
1,49.96,2.828,126.4962581,9.765,575709.96
0,58.22,2.915,126.5262857,9.765,508794.87
0,52.77,2.825,126.5522857,9.765,491510.58
0,55.92,2.877,126.5782857,9.765,554972.42
0,52.33,3.034,126.6042857,9.765,588363.62
0,61.46,3.054,126.6066452,9.765,519914.1
0,63.66,3.086,126.6034839,9.524,505907.41
0,65.29,3.004,126.6019032,9.524,582552.26
0,66.42,3.05,126.4713333,9.524,492364.77
0,69.76,3.105,126.3805667,9.524,477615.87
0,71.06,3.127,126.2898,9.524,582846.22
0,73.88,3.145,126.2085484,9.524,564345.55
0,76.67,3.058,126.1602258,9.524,484097.03
0,89.67,3.057,126.1119032,9.524,607218.6
0,83.49,2.935,126.114,9.524,529418.64
0,90.32,3.084,126.1266,9.524,484327.56
0,92.89,2.978,126.1392,9.199,507168.8
0,91.03,3.1,126.1518,9.199,570069.48
0,91.8,2.971,126.1498065,9.199,558837.27
0,88.44,3.112,126.1283548,9.199,491115.86
0,85.03,3.017,126.1069032,9.199,469598.57
0,86.13,3.123,126.0854516,9.199,579544.21
0,88.37,3.049,126.064,9.199,583079.97
0,89.88,3.041,126.0766452,9.199,500945.63
0,83.8,3.087,126.1019355,9.199,524658.06
1,84.04,2.961,126.1145806,9.199,589091.04
0,85.52,3.028,126.1454667,9.199,536871.58
0,85.75,2.939,126.1900333,9.199,492262.96
0,86.01,3.001,126.2346,9.003,481523.93
0,77.04,2.924,126.2791667,9.003,599759.45
0,75.48,3.08,126.3266774,9.003,559285.35
0,68.12,3.014,126.3815484,9.003,522467.51
0,68.76,3.13,126.4364194,9.003,476967.65
0,71.04,3.009,126.4912903,9.003,565390.4
0,61.24,3.13,126.5461613,9.003,588592.61
0,58.83,3.047,126.6072,9.003,524316.21
1,55.33,3.162,126.6692667,9.003,522296.71
0,60.51,3.091,126.7934,9.003,585175.24
0,57.06,3.236,126.9835806,9.003,555075.27
1,49.67,3.148,127.0876774,9.003,428953.6
0,49.98,3.312,127.3009355,8.744,613899.15
0,53.03,3.231,127.5800323,8.744,499081.79
0,44.88,3.348,127.7195806,8.744,586886.16
1,51.51,3.381,127.859129,8.744,628063.88
0,53.59,3.398,128.13,8.744,526904.08
0,56.96,3.674,128.26475,8.744,570879.04
0,64.22,3.63,128.3995,8.744,607294.56
0,70.12,3.892,128.5121935,8.744,558239.32
0,67.64,3.772,128.7199355,8.494,508432.17
0,73.03,3.818,128.8238065,8.494,620087.35
0,61.05,4.089,128.9107333,8.494,597644.02
0,75.93,3.917,128.9553,8.494,534597.69
0,73.38,4.151,128.9998667,8.494,496010.17
0,73.56,4.193,129.0444333,8.494,612337.35
0,74.04,4.202,129.089,8.494,603024.75
0,72.62,3.99,129.0756774,8.494,524559.95
0,78.62,3.933,129.0623548,8.494,503295.29
0,81.87,3.893,129.0490323,8.494,545109.3
0,84.57,3.981,129.0357097,8.494,616701.99
0,90.69,3.807,129.0663,8.494,501780.66
0,88.57,3.793,129.1125,8.257,593234.27
0,88.59,3.697,129.1507742,8.257,511316.29
0,86.75,3.694,129.1677097,8.257,479256.8
0,89.8,3.803,129.1846452,8.257,572603.33
0,85.61,3.794,129.2015806,8.257,603147.26
0,87.4,3.743,129.2405806,8.257,526641.23
0,91.59,3.663,129.2832581,8.257,503720.98
0,91.61,3.798,129.3259355,8.257,537124.76
1,89.06,3.771,129.3686129,8.257,608390.94
0,77.49,3.784,129.4306,8.257,576837.09
0,82.27,3.877,129.6060667,8.257,510243.79
0,75.01,3.827,129.6938,7.874,649111.23
0,70.27,3.698,129.7706452,7.874,613531.11
0,72.79,3.843,129.7936774,7.874,515599.7
0,68.57,3.828,129.8051935,7.874,597667.21
0,55.28,3.677,129.8167097,7.874,643125.29
0,58.97,3.669,129.8268333,7.874,567673.87
1,60.68,3.76,129.8364,7.874,577698.37
0,57.29,3.701,129.8459667,7.874,511883.36
0,42.58,3.644,129.8555333,7.874,619133.48
0,50.53,3.489,129.8980645,7.874,598437.98
0,48.36,3.541,129.9845484,7.874,575676.13
1,48.92,3.428,130.0710323,7.874,454412.28
0,59.85,3.443,130.1575161,7.545,636372.37
0,51.0,3.477,130.244,7.545,664348.2
0,54.51,3.66,130.2792258,7.545,579499.93
0,53.59,3.675,130.3144516,7.545,538978.67
0,56.85,3.543,130.3496774,7.545,588448.21
0,54.12,3.781,130.4546207,7.545,606671.5
0,56.02,3.95,130.5502069,7.545,564304.15
0,57.62,3.882,130.6457931,7.545,585895.34
0,57.65,3.963,130.7413793,7.545,659816.15
0,62.11,4.273,130.8261935,7.545,618767.26
0,65.99,4.282,131.0375484,7.382,652312.11
0,70.28,4.254,131.108,7.382,639123.45
0,80.11,4.088,131.1266667,7.382,526625.49
0,76.03,4.186,131.1453333,7.382,643603.69
0,85.19,4.308,131.0983226,7.382,590636.38
0,86.03,4.127,131.0287742,7.382,535764.58
0,86.87,4.103,130.8896774,7.382,642671.48
0,88.58,4.144,130.8295333,7.382,606309.13
0,89.92,4.014,130.7929,7.382,540031.29
0,91.36,3.875,130.7562667,7.382,507403.77
0,86.87,3.666,130.7196333,7.17,618702.09
0,89.8,3.723,130.683,7.17,628099.08
0,84.45,3.589,130.7012903,7.17,530318.39
0,83.98,3.769,130.7195806,7.17,516352.21
0,84.76,3.595,130.737871,7.17,573084.71
0,90.78,3.811,130.7561613,7.17,576620.31
0,88.83,4.002,130.7909677,7.17,575997.78
0,82.5,4.055,130.8381613,7.17,535537.03
0,86.97,3.886,130.8853548,7.17,504760.57
1,83.07,4.124,130.9325484,7.17,617405.35
0,78.47,3.966,130.9776667,7.17,586737.66
0,81.93,4.125,131.0103333,7.17,527165.7
0,76.03,4.468,131.1083333,6.943,612379.9
0,72.71,4.449,131.1499677,6.943,541406.98
0,70.5,4.301,131.1930968,6.943,514756.08
0,47.31,2.572,203.0642742,9.521,647029.28
1,47.99,2.548,203.2010968,9.521,682918.99
0,48.77,2.514,203.2479796,9.521,658997.55
0,48.77,2.561,203.2798724,9.521,618702.79
0,52.89,2.625,203.3117653,9.521,658600.05
0,56.0,2.72,203.195159,9.521,668098.49
0,62.19,2.719,202.83803,9.593,650102.8
0,64.37,2.77,202.6594654,9.593,693058.34
0,69.46,2.808,202.5351571,9.593,675282.2
0,62.71,2.795,202.4831905,9.593,638957.35
0,66.91,2.78,202.4312238,9.593,630740.11
0,67.16,2.835,202.3792571,9.593,691498.6
0,72.14,2.854,202.3705092,9.593,690851.59
0,74.74,2.826,202.6210737,9.593,672062.08
0,78.59,2.759,202.8716382,9.593,630315.76
0,88.12,2.668,203.3727673,9.593,684023.95
0,84.9,2.637,203.370619,9.593,700009.77
0,88.48,2.653,203.2673857,9.593,625196.14
0,80.17,2.669,203.1641524,9.816,667353.79
0,81.52,2.642,203.060919,9.816,718748.33
0,84.17,2.623,203.0538548,9.816,696844.36
0,86.6,2.608,203.1750161,9.816,649035.55
0,79.79,2.64,203.2961774,9.816,622112.23
0,85.26,2.664,203.5092419,9.816,712869.09
0,80.32,2.619,203.4799839,9.816,655284.69
0,80.43,2.577,203.4507258,9.816,689326.91
0,78.86,2.582,203.4499286,9.816,725043.04
0,77.42,2.624,203.5216786,9.816,650263.95
0,77.93,2.603,203.5934286,10.21,657108.77
0,68.78,2.72,203.7299032,10.21,699852.68
0,69.46,2.725,203.7770645,10.21,680943.03
0,65.88,2.716,203.8242258,10.21,610076.32
0,62.52,2.689,203.8713871,10.21,605960.2
0,59.98,2.728,203.9185484,10.21,595421.23
0,54.96,2.771,203.8191286,10.21,589467.35
0,44.56,2.708,203.5714286,10.21,557543.62
0,52.52,2.843,203.4475786,10.21,598679.02
0,56.51,2.869,203.3996521,10.21,615761.77
0,57.15,2.886,203.4086682,10.21,656637.63
1,48.61,2.943,203.4176843,10.21,534740.3
0,40.47,2.976,203.4267005,10.398,611796.61
0,53.05,3.016,203.8315161,10.398,601004.79
0,33.21,2.989,204.5264194,10.398,651521.77
1,40.65,3.022,204.873871,10.398,635650.98
0,59.15,3.045,205.1683214,10.398,626627.77
0,58.37,3.065,205.4415714,10.398,592340.01
0,60.26,3.288,205.7148214,10.398,616345.25
0,67.79,3.524,206.6733111,10.581,611585.54
0,70.35,3.622,206.8970046,10.581,650418.75
0,65.01,3.743,207.1015429,10.581,635758.03
0,74.49,3.807,207.2581929,10.581,638280.67
0,71.34,3.81,207.4148429,10.581,611464.21
0,66.77,3.906,207.5714929,10.581,649148.74
0,76.03,3.899,207.7281429,10.581,684655.91
0,74.21,3.907,207.5200622,10.581,648330.18
0,80.89,3.786,207.3119816,10.581,578209.63
0,83.49,3.699,207.1039009,10.581,630972.15
0,88.3,3.594,206.9424405,10.581,604925.08
0,91.36,3.524,207.0288571,10.641,586781.78
0,87.02,3.48,207.1152738,10.641,651147.83
0,84.67,3.575,207.1940691,10.641,631827.38
0,88.58,3.651,207.2538111,10.641,597354.39
0,83.43,3.682,207.313553,10.641,533917.52
0,87.47,3.684,207.3732949,10.641,605956.59
0,86.64,3.638,207.4330369,10.641,595626.56
0,82.08,3.554,207.4953088,10.641,663396.32
0,87.43,3.523,207.5580023,10.641,561573.08
0,87.84,3.533,207.6206959,10.641,594224.9
1,79.29,3.546,207.6833894,10.641,649128.23
0,77.17,3.526,207.8527143,10.641,618877.13
0,78.98,3.467,208.1642143,10.641,586108.13
0,78.97,3.355,208.4757143,10.641,555183.72
0,68.09,3.274,209.0752166,10.148,590984.56
0,70.3,3.353,209.2222327,10.148,594625.96
0,66.82,3.372,209.3692488,10.148,572516.57
0,59.08,3.332,209.516265,10.148,641905.37
0,51.26,3.297,209.6632811,10.148,615975.5
0,57.75,3.308,209.8651071,10.148,628115.61
1,55.7,3.236,210.0888571,10.148,669965.22
0,34.23,3.158,210.5363571,10.148,617898.07
0,43.78,3.159,210.7365392,10.148,665007.08
0,42.63,3.112,210.9052972,10.148,676290.46
0,47.59,3.157,211.2428134,9.653,670993.01
0,43.68,3.261,211.4115714,9.653,663529.64
0,52.72,3.268,211.4997811,9.653,619225.65
0,56.43,3.63,212.3180074,9.653,693249.98
0,54.52,3.669,212.5185936,9.653,636677.67
0,56.28,3.787,212.7396889,9.653,610940.94
0,70.18,3.891,212.9632857,9.575,665687.92
0,67.28,3.877,213.0130524,9.575,638144.98
0,78.27,3.814,213.062819,9.575,593138.59
0,67.59,3.688,213.1623524,9.575,640159.04
0,72.06,3.63,213.1753618,9.575,648541.81
0,80.89,3.501,213.1719747,9.575,605078.62
0,87.75,3.393,213.1786952,9.575,634815.1
0,87.51,3.346,213.2123786,9.575,613270.79
0,89.85,3.286,213.2460619,9.575,593128.13
0,82.68,3.227,213.2797452,9.285,645618.59
0,78.82,3.256,213.3134286,9.285,627634.04
0,83.83,3.311,213.3219124,9.285,596554.05
0,85.06,3.417,213.3388802,9.285,614378.94
0,81.65,3.62,213.5481636,9.285,598234.64
0,81.12,3.638,213.6736313,9.285,593141.29
1,84.99,3.73,213.7990991,9.285,663814.18
0,73.03,3.717,213.9332167,9.285,625196.94
0,75.87,3.721,214.1192333,9.285,601990.02
0,77.55,3.666,214.30525,9.285,577792.32
0,71.14,3.601,214.6772833,8.839,619369.72
0,71.25,3.594,214.7212488,8.839,623919.23
0,69.17,3.506,214.7415392,8.839,587603.55
0,31.53,2.666,126.4420645,8.119,281090.95
0,35.7,2.654,126.5262857,8.119,267956.3
0,29.98,2.667,126.5522857,8.119,273079.07
0,40.65,2.681,126.5782857,8.119,284617.27
0,37.62,2.733,126.6042857,8.119,272190.83
0,42.49,2.782,126.6066452,8.119,269624.2
0,41.48,2.819,126.6050645,8.119,276279.49
0,42.15,2.842,126.6034839,7.972,286197.5
0,38.97,2.877,126.6019032,7.972,257361.3
0,50.39,2.915,126.5621,7.972,280048.74
0,55.66,2.936,126.4713333,7.972,278287.04
0,44.42,2.948,126.2898,7.972,285379.86
0,50.15,2.962,126.2085484,7.972,286515.92
0,57.71,2.95,126.1843871,7.972,267065.35
0,53.11,2.908,126.1602258,7.972,291891.01
0,59.85,2.871,126.1360645,7.972,282351.82
0,65.24,2.841,126.1119032,7.972,296818.2
0,58.41,2.819,126.114,7.972,293481.36
0,78.82,2.814,126.1392,7.804,300628.19
0,77.79,2.791,126.1498065,7.804,297099.95
0,82.27,2.797,126.1283548,7.804,292680.16
0,78.94,2.797,126.1069032,7.804,275020.96
0,74.93,2.837,126.064,7.804,291028.09
0,76.34,2.85,126.0766452,7.804,284740.5
0,75.31,2.854,126.0892903,7.804,293155.08
0,65.71,2.868,126.1019355,7.804,295880.12
1,65.74,2.87,126.1145806,7.804,283455.13
0,66.84,2.875,126.1454667,7.804,279364.13
0,68.22,2.872,126.1900333,7.804,281313.78
0,68.74,2.853,126.2346,7.61,300152.45
0,63.03,2.841,126.2791667,7.61,279524.44
0,56.89,2.849,126.3815484,7.61,270110.3
0,45.12,2.841,126.4364194,7.61,286497.49
0,49.96,2.831,126.4912903,7.61,270516.84
0,42.55,2.831,126.5461613,7.61,281909.79
0,42.0,2.842,126.6072,7.61,284322.52
0,25.8,2.812,126.7313333,7.61,264214.12
0,36.78,2.817,126.7934,7.61,278253.28
0,35.21,2.842,126.8794839,7.61,278646.35
0,34.9,2.846,126.9835806,7.61,365098.24
0,16.94,2.891,127.1917742,7.224,288320.38
0,20.6,2.903,127.3009355,7.224,292859.36
0,34.8,2.934,127.4404839,7.224,276157.8
0,23.35,2.974,127.7195806,7.224,293953.08
1,30.83,3.034,127.859129,7.224,307486.73
0,40.85,3.062,127.99525,7.224,280785.76
0,33.17,3.12,128.13,7.224,279427.93
0,34.23,3.23,128.26475,7.224,293984.54
0,41.28,3.346,128.3995,7.224,284496.14
0,44.69,3.407,128.5121935,7.224,281699.68
0,42.38,3.435,128.6160645,7.224,285031.81
0,42.49,3.487,128.7199355,6.906,281514.26
0,42.75,3.547,128.8238065,6.906,292498.61
0,41.72,3.616,128.9107333,6.906,289667.55
0,47.55,3.655,128.9553,6.906,280357.3
0,43.85,3.683,128.9998667,6.906,281247.97
0,47.75,3.744,129.0444333,6.906,299354.67
0,52.4,3.77,129.089,6.906,307095.31
0,54.62,3.778,129.0623548,6.906,308442.49
0,52.76,3.752,129.0490323,6.906,308950.04
0,61.39,3.732,129.0357097,6.906,308770.42
0,63.35,3.704,129.0432,6.906,300255.87
0,66.38,3.668,129.0663,6.906,296765.59
0,74.29,3.613,129.0894,6.56,315273.08
0,77.3,3.563,129.1125,6.56,295339.01
0,75.59,3.553,129.1338387,6.56,289201.21
0,78.5,3.563,129.1507742,6.56,303108.81
0,77.62,3.574,129.1677097,6.56,279677.0
0,75.56,3.595,129.1846452,6.56,298080.45
0,75.95,3.606,129.2015806,6.56,290399.66
0,76.68,3.578,129.2405806,6.56,290909.69
0,81.53,3.57,129.2832581,6.56,324174.79
0,77.0,3.58,129.3259355,6.56,309543.52
1,70.19,3.619,129.3686129,6.56,295811.25
0,67.54,3.641,129.4306,6.56,303974.28
0,68.28,3.623,129.6060667,6.56,299757.75
0,60.62,3.592,129.6938,6.078,312577.36
0,54.66,3.579,129.7821613,6.078,305969.81
0,47.41,3.567,129.7936774,6.078,306336.07
0,43.51,3.538,129.8051935,6.078,307126.34
0,33.8,3.513,129.8167097,6.078,312233.56
0,40.65,3.489,129.8268333,6.078,310531.04
1,38.89,3.445,129.8364,6.078,309129.01
0,27.85,3.282,129.8980645,6.078,311144.16
1,31.53,3.119,130.0710323,6.078,263917.85
0,33.8,3.08,130.1575161,5.774,325327.93
0,25.61,3.056,130.244,5.774,312361.88
0,32.71,3.047,130.2792258,5.774,316948.39
0,31.39,3.077,130.3496774,5.774,325986.05
1,33.73,3.116,130.3849032,5.774,325377.97
0,35.38,3.145,130.5502069,5.774,315641.8
0,32.36,3.242,130.6457931,5.774,316687.22
0,38.24,3.38,130.7413793,5.774,303438.24
0,52.5,3.529,130.8261935,5.774,331965.95
0,47.83,3.671,130.8966452,5.774,296947.06
0,48.85,3.793,131.0375484,5.621,320021.1
0,51.7,3.833,131.108,5.621,311390.22
0,64.8,3.842,131.1266667,5.621,330338.36
0,54.41,3.831,131.136,5.621,326053.28
0,56.47,3.809,131.1453333,5.621,341381.08
0,65.17,3.808,131.0983226,5.621,334042.43
0,62.39,3.801,131.0287742,5.621,343268.29
0,61.11,3.788,130.9592258,5.621,323410.94
0,68.4,3.776,130.8896774,5.621,340238.38
0,65.97,3.756,130.8295333,5.621,338400.82
0,72.89,3.737,130.7929,5.621,336241.0
0,82.0,3.681,130.7562667,5.621,338386.08
0,79.23,3.63,130.7196333,5.407,358461.58
0,83.68,3.595,130.683,5.407,336479.49
0,75.69,3.556,130.7012903,5.407,337819.16
0,80.42,3.537,130.7195806,5.407,319855.26
0,81.99,3.512,130.737871,5.407,342385.38
0,79.4,3.545,130.7909677,5.407,327389.51
0,77.37,3.582,130.8381613,5.407,337985.74
0,79.18,3.624,130.8853548,5.407,339490.69
0,68.55,3.749,130.9776667,5.407,347726.67
0,67.96,3.821,131.0103333,5.407,336017.6
0,64.8,3.821,131.043,5.407,355307.94
0,61.79,3.815,131.0756667,5.217,337390.44
0,55.1,3.797,131.1083333,5.217,337796.13
0,52.06,3.781,131.1499677,5.217,323766.77
0,46.97,3.755,131.1930968,5.217,361067.07
0,27.31,2.784,181.8711898,8.992,890689.51
1,27.73,2.773,181.982317,8.992,656988.64
0,31.27,2.745,182.0347816,8.992,841264.04
0,34.89,2.754,182.0774691,8.992,741891.65
0,37.13,2.777,182.1201566,8.992,777951.22
0,48.79,2.844,182.0779857,8.992,773819.49
0,47.74,2.85,181.8657537,8.899,877235.96
0,65.45,2.869,181.7596377,8.899,833782.7
0,54.28,2.899,181.6924769,8.899,782221.96
0,53.47,2.902,181.6772564,8.899,749779.1
0,53.15,2.921,181.6620359,8.899,737265.57
0,70.75,2.966,181.6468154,8.899,812190.76
0,54.26,2.982,181.6612792,8.899,758182.2
0,69.27,2.899,182.0464181,8.899,801098.43
0,75.93,2.847,182.2389876,8.899,837548.62
0,72.62,2.78,182.4424199,8.899,815130.5
0,79.32,2.808,182.3806,8.899,792299.15
0,76.61,2.815,182.3187801,8.743,800147.84
0,82.45,2.793,182.2569603,8.743,787062.0
0,77.84,2.783,182.2604411,8.743,723708.99
0,81.46,2.771,182.3509895,8.743,714601.11
0,79.78,2.781,182.4415378,8.743,716859.27
0,77.17,2.784,182.5320862,8.743,746517.32
0,78.44,2.805,182.6226346,8.743,722262.21
0,76.01,2.779,182.6165205,8.743,708568.29
0,71.36,2.755,182.6104063,8.743,721744.33
0,78.37,2.715,182.6042922,8.743,790144.7
0,66.55,2.706,182.622509,8.743,716987.58
0,70.58,2.707,182.7168385,8.724,690007.76
0,56.49,2.764,182.7640032,8.724,745782.1
0,58.61,2.868,182.8106203,8.724,715263.3
0,53.15,2.917,182.8558685,8.724,730899.37
0,61.3,2.921,182.9011166,8.724,732859.76
0,45.65,2.917,182.9463648,8.724,764014.06
0,50.02,3.0,182.8989385,8.724,723987.85
1,46.15,3.039,182.7832769,8.724,1182500.16
0,40.93,3.046,182.6676154,8.724,879244.9
0,30.54,3.109,182.5519538,8.724,1002364.34
1,29.67,3.179,182.5714479,8.724,679156.2
0,34.32,3.193,182.5983058,8.549,680254.35
0,24.78,3.205,182.6585782,8.549,654018.95
0,30.55,3.229,182.9193368,8.549,644285.33
1,30.3,3.239,183.7016129,8.549,766456.0
0,40.7,3.245,183.9371353,8.549,802253.41
0,35.78,3.274,184.1625632,8.549,733716.78
0,38.65,3.433,184.3879911,8.549,761880.36
0,45.01,3.582,184.613419,8.549,714014.73
0,46.66,3.631,184.809719,8.549,733564.77
0,41.76,3.625,184.9943679,8.549,719737.25
0,53.69,3.821,185.5339821,8.521,765270.02
0,66.18,3.962,185.8029526,8.521,786561.61
0,58.21,4.046,185.9374378,8.521,810150.64
0,60.38,4.066,186.0719231,8.521,793889.1
0,69.7,3.985,185.8603077,8.521,817653.25
0,73.88,3.881,185.6486923,8.521,814395.17
0,69.32,3.842,185.6719333,8.521,811153.67
0,74.85,3.804,185.7919609,8.521,762861.78
0,74.04,3.748,185.9119885,8.625,791495.25
0,77.49,3.711,186.032016,8.625,768718.11
0,78.47,3.76,186.1399808,8.625,748435.2
0,81.31,3.829,186.2955962,8.625,704680.97
0,78.22,3.842,186.3734038,8.625,765996.92
0,77.0,3.812,186.4512115,8.625,724180.89
0,72.98,3.747,186.5093071,8.625,712362.72
0,70.63,3.703,186.6189274,8.625,726482.39
1,71.48,3.738,186.6737376,8.625,746129.56
0,69.17,3.742,186.8024,8.625,711367.56
0,59.6,3.57,187.7846197,8.523,771686.4
0,51.78,3.569,187.8774913,8.523,781694.57
0,43.92,3.551,187.9703629,8.523,833429.22
0,47.65,3.53,188.0632345,8.523,808624.82
0,51.34,3.53,188.1983654,8.523,773603.77
1,48.71,3.492,188.3504,8.523,1170672.94
0,50.19,3.452,188.5024346,8.523,875699.81
0,46.57,3.415,188.6544692,8.523,957155.31
0,39.93,3.413,188.7979349,8.523,1078905.68
0,42.27,3.389,188.9299752,8.523,1521957.99
1,37.79,3.389,189.0620155,8.523,869403.63
0,35.88,3.422,189.1940558,8.424,714081.05
0,41.18,3.513,189.3260962,8.424,676615.53
0,31.85,3.533,189.4214733,8.424,700392.21
0,42.96,3.617,189.6122277,8.424,757330.95
1,37.0,3.64,189.7076048,8.424,803657.12
0,36.85,3.695,189.8424834,8.424,858853.75
0,42.86,3.739,190.0069881,8.424,753060.78
0,41.55,3.816,190.1714927,8.424,782796.01
0,45.52,3.848,190.3359973,8.424,776968.87
0,59.45,3.9,190.5363213,8.424,791835.37
0,50.04,3.953,190.6107463,8.424,777254.06
0,49.73,3.996,190.6851712,8.567,899479.43
0,63.13,4.027,190.8138013,8.567,776661.74
0,53.2,4.004,190.8680064,8.567,711571.88
0,55.21,3.951,190.9222115,8.567,782300.68
0,61.24,3.889,190.9764167,8.567,770487.37
0,66.3,3.848,190.9964479,8.567,800842.28
0,67.21,3.798,191.0028096,8.567,817741.17
0,74.48,3.742,191.0091712,8.567,837144.63
0,64.3,3.689,191.0155329,8.567,795133.0
0,74.22,3.564,191.0646096,8.567,822569.16
0,75.22,3.506,191.0992462,8.567,773367.71
0,82.99,3.475,191.1338827,8.684,843361.1
0,79.97,3.523,191.1685192,8.684,749817.08
0,78.89,3.567,191.1670428,8.684,737613.65
0,77.2,3.647,191.1655664,8.684,711671.58
0,76.58,3.654,191.16409,8.684,725729.51
0,78.65,3.722,191.1626135,8.684,733037.32
0,75.71,3.807,191.2284919,8.684,722496.93
0,75.09,3.867,191.461281,8.684,734297.87
1,75.7,3.911,191.5776756,8.684,766512.66
0,67.87,3.948,191.69985,8.684,702238.27
0,65.32,4.038,191.8567038,8.684,723086.2
0,64.88,3.997,192.0135577,8.684,713173.95
0,54.47,4.0,192.3272654,8.667,734464.36
0,58.85,3.882,192.3088989,8.667,760281.43
