dataset,outer,method,depth,n_thresholds,cv_folds,cost_complexity,ridge_penalty,lasso_penalty,val_r2,val_mse,train_time_s,train_mse,train_r2,test_mse,test_r2,n_leaves
insurance,outer_0,streed,4,20,3,0.1,0.1,0.1,0.8329248053312087,24416385.047694016,0.0646483898162841,23945234.68067612,0.8355146030747372,24050212.317803256,0.8398582346174905,2.0
insurance,outer_0,streed,4,20,3,0.1,0.1,0.001,0.8329247433768426,24416394.812139686,0.0655417442321777,23945147.315514453,0.8355152032063913,24050012.331435632,0.8398595662552134,2.0
insurance,outer_0,streed,4,20,3,0.1,0.01,0.1,0.8336210249242906,24322120.84333418,0.0665574073791503,23732760.920546167,0.8369741348453481,23232263.752739545,0.8453046616789444,2.0
insurance,outer_0,streed,4,20,3,0.1,0.01,0.001,0.8336202601008743,24322232.79692669,0.0667421817779541,23732750.804342788,0.8369742043359064,23232140.23121247,0.8453054841646317,2.0
insurance,outer_0,streed,4,20,3,0.1,0.001,0.1,0.8335437052787054,24334174.881353933,0.0669653415679931,23730276.24979641,0.8369912026277253,23164347.111326665,0.8457568943125273,2.0
insurance,outer_0,streed,4,20,3,0.1,0.001,0.001,0.8335428566856109,24334299.01677636,0.0670828819274902,23730275.254123323,0.8369912094672358,23164232.700653546,0.8457576561322955,2.0
insurance,outer_0,streed,4,20,3,0.1,0.0001,0.1,0.833534216309415,24335637.092557084,0.0669021606445312,23730252.266771004,0.8369913673727156,23157727.59156406,0.8458009713280131,2.0
insurance,outer_0,streed,4,20,3,0.1,0.0001,0.001,0.8335333591846078,24335762.468696967,0.0670135021209716,23730252.198948428,0.8369913678386046,23157614.108590577,0.8458017269705611,2.0
insurance,outer_0,streed,4,20,3,0.1,1e-05,0.1,0.8335332495124654,24335785.92994693,0.0670592784881591,23730252.155491237,0.8369913681371223,23157067.39953525,0.8458053673107009,2.0
insurance,outer_0,streed,4,20,3,0.1,1e-05,0.001,0.8335323915329168,24335911.430387188,0.0676138401031494,23730252.180613738,0.8369913679645499,23156954.00950008,0.8458061223344058,2.0
insurance,outer_0,streed,4,20,3,0.08,0.1,0.1,0.8329248053312087,24416385.047694016,1.1496286392211914,23945234.68067612,0.8355146030747372,24050212.317803256,0.8398582346174905,2.0
insurance,outer_0,streed,4,20,3,0.08,0.1,0.001,0.8329247433768426,24416394.812139686,1.161273717880249,23945147.315514453,0.8355152032063913,24050012.331435632,0.8398595662552134,2.0
insurance,outer_0,streed,4,20,3,0.08,0.01,0.1,0.8336210249242906,24322120.84333418,1.1412065029144287,23732760.920546167,0.8369741348453481,23232263.752739545,0.8453046616789444,2.0
insurance,outer_0,streed,4,20,3,0.08,0.01,0.001,0.8336202601008743,24322232.79692669,1.150625228881836,23732750.804342788,0.8369742043359064,23232140.23121247,0.8453054841646317,2.0
insurance,outer_0,streed,4,20,3,0.08,0.001,0.1,0.8335437052787054,24334174.881353933,1.1481337547302246,23730276.24979641,0.8369912026277253,23164347.111326665,0.8457568943125273,2.0
insurance,outer_0,streed,4,20,3,0.08,0.001,0.001,0.8335428566856109,24334299.01677636,1.147834300994873,23730275.254123323,0.8369912094672358,23164232.700653546,0.8457576561322955,2.0
insurance,outer_0,streed,4,20,3,0.08,0.0001,0.1,0.833534216309415,24335637.092557084,1.1476974487304688,23730252.266771004,0.8369913673727156,23157727.59156406,0.8458009713280131,2.0
insurance,outer_0,streed,4,20,3,0.08,0.0001,0.001,0.8335333591846078,24335762.468696967,1.1477577686309814,23730252.198948428,0.8369913678386046,23157614.108590577,0.8458017269705611,2.0
insurance,outer_0,streed,4,20,3,0.08,1e-05,0.1,0.8335332495124654,24335785.92994693,1.1604230403900146,23730252.155491237,0.8369913681371223,23157067.39953525,0.8458053673107009,2.0
insurance,outer_0,streed,4,20,3,0.08,1e-05,0.001,0.8335323915329168,24335911.430387188,1.155348539352417,23730252.180613738,0.8369913679645499,23156954.00950008,0.8458061223344058,2.0
insurance,outer_0,streed,4,20,3,0.05,0.1,0.1,0.8329248053312087,24416385.047694016,8.397828102111816,23945234.68067612,0.8355146030747372,24050212.317803256,0.8398582346174905,2.0
insurance,outer_0,streed,4,20,3,0.05,0.1,0.001,0.8329247433768426,24416394.812139686,8.345354318618774,23945147.315514453,0.8355152032063913,24050012.331435632,0.8398595662552134,2.0
insurance,outer_0,streed,4,20,3,0.05,0.01,0.1,0.8336210249242906,24322120.84333418,8.429874420166016,23732760.920546167,0.8369741348453481,23232263.752739545,0.8453046616789444,2.0
insurance,outer_0,streed,4,20,3,0.05,0.01,0.001,0.8336202601008743,24322232.79692669,8.423585176467896,23732750.804342788,0.8369742043359064,23232140.23121247,0.8453054841646317,2.0
insurance,outer_0,streed,4,20,3,0.05,0.001,0.1,0.8335437052787054,24334174.881353933,8.492627620697021,23730276.24979641,0.8369912026277253,23164347.111326665,0.8457568943125273,2.0
insurance,outer_0,streed,4,20,3,0.05,0.001,0.001,0.8335428566856109,24334299.01677636,8.443983554840088,23730275.254123323,0.8369912094672358,23164232.700653546,0.8457576561322955,2.0
insurance,outer_0,streed,4,20,3,0.05,0.0001,0.1,0.833534216309415,24335637.092557084,8.430537462234497,23730252.266771004,0.8369913673727156,23157727.59156406,0.8458009713280131,2.0
insurance,outer_0,streed,4,20,3,0.05,0.0001,0.001,0.8335333591846078,24335762.468696967,8.490496397018433,23730252.198948428,0.8369913678386046,23157614.108590577,0.8458017269705611,2.0
insurance,outer_0,streed,4,20,3,0.05,1e-05,0.1,0.8335332495124654,24335785.92994693,8.456068515777588,23730252.155491237,0.8369913681371223,23157067.39953525,0.8458053673107009,2.0
insurance,outer_0,streed,4,20,3,0.05,1e-05,0.001,0.8335323915329168,24335911.430387188,8.486289501190186,23730252.180613738,0.8369913679645499,23156954.00950008,0.8458061223344058,2.0
insurance,outer_0,streed,4,20,3,0.03,0.1,0.1,0.8542516728949078,21318307.829587743,25.76606845855713,19747998.293720987,0.8643463978892025,19878631.493386257,0.8676352999020012,3.0
insurance,outer_0,streed,4,20,3,0.03,0.1,0.001,0.8542518020034798,21318287.4811182,26.10681939125061,19747917.741606645,0.8643469512204468,19878485.01815326,0.8676362752282099,3.0
insurance,outer_0,streed,4,20,3,0.03,0.01,0.1,0.8336210249242906,24322120.84333418,24.38809585571289,23732760.920546167,0.8369741348453481,23232263.752739545,0.8453046616789444,2.0
insurance,outer_0,streed,4,20,3,0.03,0.01,0.001,0.8336202601008743,24322232.79692669,24.302067518234253,23732750.804342788,0.8369742043359064,23232140.23121247,0.8453054841646317,2.0
insurance,outer_0,streed,4,20,3,0.03,0.001,0.1,0.8335437052787054,24334174.881353933,23.98185706138611,23730276.24979641,0.8369912026277253,23164347.111326665,0.8457568943125273,2.0
insurance,outer_0,streed,4,20,3,0.03,0.001,0.001,0.8335428566856109,24334299.01677636,24.064173698425293,23730275.254123323,0.8369912094672358,23164232.700653546,0.8457576561322955,2.0
insurance,outer_0,streed,4,20,3,0.03,0.0001,0.1,0.833534216309415,24335637.092557084,24.044379711151123,23730252.266771004,0.8369913673727156,23157727.59156406,0.8458009713280131,2.0
insurance,outer_0,streed,4,20,3,0.03,0.0001,0.001,0.8335333591846078,24335762.468696967,24.1773579120636,23730252.198948428,0.8369913678386046,23157614.108590577,0.8458017269705611,2.0
insurance,outer_0,streed,4,20,3,0.03,1e-05,0.1,0.8335332495124654,24335785.92994693,24.47057247161865,23730252.155491237,0.8369913681371223,23157067.39953525,0.8458053673107009,2.0
insurance,outer_0,streed,4,20,3,0.03,1e-05,0.001,0.8335323915329168,24335911.430387188,24.36697769165039,23730252.180613738,0.8369913679645499,23156954.00950008,0.8458061223344058,2.0
insurance,outer_0,streed,4,20,3,0.01,0.1,0.1,0.8542516728949078,21318307.829587743,32.720399618148804,19747998.293720987,0.8643463978892025,19878631.493386257,0.8676352999020012,3.0
insurance,outer_0,streed,4,20,3,0.01,0.1,0.001,0.8542518020034798,21318287.4811182,33.269181966781616,19747917.741606645,0.8643469512204468,19878485.01815326,0.8676362752282099,3.0
insurance,outer_0,streed,4,20,3,0.01,0.01,0.1,0.855072739205089,21196377.45829891,31.78917932510376,19617010.27165051,0.8652461851366462,19509719.825041223,0.8700917508080602,3.0
insurance,outer_0,streed,4,20,3,0.01,0.01,0.001,0.8550721025485561,21196469.15079998,31.99642872810364,19617000.312870447,0.8652462535458271,19509639.981454942,0.8700922824579556,3.0
insurance,outer_0,streed,4,20,3,0.01,0.001,0.1,0.8550680368735682,21196825.86749337,31.746706008911133,19615412.628478702,0.8652571597198884,19481194.766751826,0.8702816889729188,3.0
insurance,outer_0,streed,4,20,3,0.01,0.001,0.001,0.8550673215570318,21196929.00419223,31.679898738861084,19615411.67952201,0.8652571662384931,19481123.20721455,0.8702821654622936,3.0
insurance,outer_0,streed,4,20,3,0.01,0.0001,0.1,0.8550664404176085,21197034.932817627,31.5746328830719,19615399.801114663,0.8652572478340411,19478448.79725541,0.8702999734020553,3.0
insurance,outer_0,streed,4,20,3,0.01,0.0001,0.001,0.8550657170124989,21197139.246451423,31.61078143119812,19615399.77842708,0.8652572479898875,19478378.086523395,0.8703004442395393,3.0
insurance,outer_0,streed,4,20,3,0.01,1e-05,0.1,0.855066269177373,21197057.530336384,31.353158950805664,19615400.02815412,0.8652572462744542,19478175.2938303,0.87030179456358,3.0
insurance,outer_0,streed,4,20,3,0.01,1e-05,0.001,0.8550655449611115,21197161.9619989,31.443172931671143,19615400.09835421,0.8652572457922334,19478104.66818852,0.8703022648344786,3.0
insurance,outer_0,streed,4,20,3,0.008,0.1,0.1,0.8542516728949078,21318307.829587743,36.59219813346863,19747998.293720987,0.8643463978892025,19878631.493386257,0.8676352999020012,3.0
insurance,outer_0,streed,4,20,3,0.008,0.1,0.001,0.8542518020034798,21318287.4811182,36.81505227088928,19747917.741606645,0.8643469512204468,19878485.01815326,0.8676362752282099,3.0
insurance,outer_0,streed,4,20,3,0.008,0.01,0.1,0.855072739205089,21196377.45829891,35.117024660110474,19617010.27165051,0.8652461851366462,19509719.825041223,0.8700917508080602,3.0
insurance,outer_0,streed,4,20,3,0.008,0.01,0.001,0.8550721025485561,21196469.15079998,34.45724534988403,19617000.312870447,0.8652462535458271,19509639.981454942,0.8700922824579556,3.0
insurance,outer_0,streed,4,20,3,0.008,0.001,0.1,0.8550680368735682,21196825.86749337,33.880202293396,19615412.628478702,0.8652571597198884,19481194.766751826,0.8702816889729188,3.0
insurance,outer_0,streed,4,20,3,0.008,0.001,0.001,0.8550673215570318,21196929.00419223,32.77950072288513,19615411.67952201,0.8652571662384931,19481123.20721455,0.8702821654622936,3.0
insurance,outer_0,streed,4,20,3,0.008,0.0001,0.1,0.8550664404176085,21197034.932817627,32.35411238670349,19615399.801114663,0.8652572478340411,19478448.79725541,0.8702999734020553,3.0
insurance,outer_0,streed,4,20,3,0.008,0.0001,0.001,0.8550657170124989,21197139.246451423,32.34914827346802,19615399.77842708,0.8652572479898875,19478378.086523395,0.8703004442395393,3.0
insurance,outer_0,streed,4,20,3,0.008,1e-05,0.1,0.855066269177373,21197057.530336384,32.59127497673035,19615400.02815412,0.8652572462744542,19478175.2938303,0.87030179456358,3.0
insurance,outer_0,streed,4,20,3,0.008,1e-05,0.001,0.8550655449611115,21197161.9619989,32.443766355514526,19615400.09835421,0.8652572457922334,19478104.66818852,0.8703022648344786,3.0
insurance,outer_0,streed,4,20,3,0.005,0.1,0.1,0.8531936994572199,21476501.429068625,37.67100882530213,19747998.293720987,0.8643463978892025,19878631.493386257,0.8676352999020012,3.0
insurance,outer_0,streed,4,20,3,0.005,0.1,0.001,0.8531944640122271,21476386.027521685,39.57816553115845,19747917.741606645,0.8643469512204468,19878485.01815326,0.8676362752282099,3.0
insurance,outer_0,streed,4,20,3,0.005,0.01,0.1,0.855072739205089,21196377.45829891,37.44928002357483,19617010.27165051,0.8652461851366462,19509719.825041223,0.8700917508080602,3.0
insurance,outer_0,streed,4,20,3,0.005,0.01,0.001,0.8550721025485561,21196469.15079998,36.42100644111633,19617000.312870447,0.8652462535458271,19509639.981454942,0.8700922824579556,3.0
insurance,outer_0,streed,4,20,3,0.005,0.001,0.1,0.8550680368735682,21196825.86749337,36.34113073348999,19615412.628478702,0.8652571597198884,19481194.766751826,0.8702816889729188,3.0
insurance,outer_0,streed,4,20,3,0.005,0.001,0.001,0.8550673215570318,21196929.00419223,36.38586187362671,19615411.67952201,0.8652571662384931,19481123.20721455,0.8702821654622936,3.0
insurance,outer_0,streed,4,20,3,0.005,0.0001,0.1,0.8550664404176085,21197034.932817627,36.38795852661133,19615399.801114663,0.8652572478340411,19478448.79725541,0.8702999734020553,3.0
insurance,outer_0,streed,4,20,3,0.005,0.0001,0.001,0.8550657170124989,21197139.246451423,38.36020421981812,19615399.77842708,0.8652572479898875,19478378.086523395,0.8703004442395393,3.0
insurance,outer_0,streed,4,20,3,0.005,1e-05,0.1,0.855066269177373,21197057.530336384,36.68289160728455,19615400.02815412,0.8652572462744542,19478175.2938303,0.87030179456358,3.0
insurance,outer_0,streed,4,20,3,0.005,1e-05,0.001,0.8550655449611115,21197161.9619989,36.80353808403015,19615400.09835421,0.8652572457922334,19478104.66818852,0.8703022648344786,3.0
insurance,outer_0,streed,4,20,3,0.003,0.1,0.1,0.8442567177131656,22759213.394650698,38.629390239715576,19452902.218702905,0.8663734815940705,19468529.649042897,0.8703660214637046,4.0
insurance,outer_0,streed,4,20,3,0.003,0.1,0.001,0.8442578439712612,22759048.900678936,38.69005370140076,19452747.601360917,0.8663745436966227,19468322.57834329,0.8703674002734612,4.0
insurance,outer_0,streed,4,20,3,0.003,0.01,0.1,0.8375727954538655,23751793.25237115,37.67678260803223,18185128.79873156,0.8750821126422166,22792929.8943288,0.8482300287712808,6.0
insurance,outer_0,streed,4,20,3,0.003,0.01,0.001,0.8375718205231677,23751934.934740636,37.69628953933716,18185093.20687944,0.8750823571309427,22793351.320907995,0.8482272226423586,6.0
insurance,outer_0,streed,4,20,3,0.003,0.001,0.1,0.731072926971005,38290399.51348203,37.65487885475159,18175370.866510868,0.8751491421525094,23370640.022056203,0.8443832635739051,6.0
insurance,outer_0,streed,4,20,3,0.003,0.001,0.001,0.7310507848018277,38293435.449238606,37.68560743331909,18175364.896643408,0.8751491831609202,23371287.094915845,0.8443789549470746,6.0
insurance,outer_0,streed,4,20,3,0.003,0.0001,0.1,0.7261309008967883,38965924.55577638,37.560985803604126,18175143.277416423,0.8751507055150337,23438120.56252245,0.8439339347806107,6.0
insurance,outer_0,streed,4,20,3,0.003,0.0001,0.001,0.726107764517904,38969097.394505285,37.582852840423584,18175140.68820584,0.8751507233009246,23438782.04489252,0.843929530206002,6.0
insurance,outer_0,streed,4,20,3,0.003,1e-05,0.1,0.725617030546221,39036180.24260565,37.62517142295837,18175129.012159217,0.8751508035064096,23444979.21007785,0.8438882654986459,6.0
insurance,outer_0,streed,4,20,3,0.003,1e-05,0.001,0.7255937899172787,39039367.45241347,37.6185474395752,18175126.76447091,0.8751508189463044,23445642.154407047,0.8438838511893739,6.0
insurance,outer_0,streed,4,20,3,0.001,0.1,0.1,0.839432899029186,23466733.425963264,40.4109160900116,17377825.102754943,0.8806276698540283,21668012.99974591,0.8557204481915601,13.0
insurance,outer_0,streed,4,20,3,0.001,0.1,0.001,0.8394335808492333,23466633.749675184,40.79386878013611,17377648.397202764,0.8806288836856435,21667821.99409346,0.8557217200299114,13.0
insurance,outer_0,streed,4,20,3,0.001,0.01,0.1,0.811630063828385,27312256.77674523,39.465513467788696,16889628.3093056,0.8839812073916227,24312557.01990346,0.8381113750397905,12.0
insurance,outer_0,streed,4,20,3,0.001,0.01,0.001,0.8116246042432927,27313013.40882328,39.49056911468506,16889584.281498715,0.8839815098288879,24313172.71434226,0.8381072753506459,12.0
insurance,outer_0,streed,4,20,3,0.001,0.001,0.1,0.80968859614206,27590730.289176267,39.340163707733154,16877502.182646003,0.8840645045813713,24952330.545995068,0.8338513518616392,12.0
insurance,outer_0,streed,4,20,3,0.001,0.001,0.001,0.8096821726750906,27591613.955077857,39.32335376739502,16877495.481957395,0.8840645506099628,24953245.191303387,0.8338452615655354,12.0
insurance,outer_0,streed,4,20,3,0.001,0.0001,0.1,0.7888486702707156,30705556.96350302,39.419737339019775,16877316.689514518,0.8840657787769165,25027048.639403585,0.8333538307908751,12.0
insurance,outer_0,streed,4,20,3,0.001,0.0001,0.001,0.7888349323378013,30707534.971481845,39.4663290977478,16877314.951823227,0.8840657907135229,25027992.578419693,0.8333475454384444,12.0
insurance,outer_0,streed,4,20,3,0.001,1e-05,0.1,0.7886772804848327,30729871.9339589,39.6224250793457,16877310.137588356,0.8840658237836241,25034646.089805968,0.8333032420848893,12.0
insurance,outer_0,streed,4,20,3,0.001,1e-05,0.001,0.7886634528499102,30731862.883051123,39.732521057128906,16877308.920888204,0.884065832141421,25035593.14547674,0.8332969359797693,12.0
insurance,outer_0,streed,4,20,3,0.0005,0.1,0.1,0.8391403880196419,23512360.758558456,42.57820153236389,17201663.328454446,0.8818377661322769,22744721.07015709,0.8485510340958018,16.0
insurance,outer_0,streed,4,20,3,0.0005,0.1,0.001,0.8391409258416324,23512282.349242363,42.93522262573242,17201474.934491016,0.8818390602543127,22744499.489872508,0.8485525095196973,16.0
insurance,outer_0,streed,4,20,3,0.0005,0.01,0.1,0.8105778431365785,27470751.172391955,43.550572872161865,16593253.409782764,0.8860170756400153,25519947.976689253,0.8300717903254625,16.0
insurance,outer_0,streed,4,20,3,0.0005,0.01,0.001,0.8105721922265334,27471536.927281152,41.14899730682373,16593204.06692656,0.8860174145875929,25520523.457071703,0.8300679584073417,16.0
insurance,outer_0,streed,4,20,3,0.0005,0.001,0.1,0.7904430710475433,30480178.396518823,41.21093678474426,16632327.999065414,0.88574866318077,25522312.840746395,0.8300560435411931,15.0
insurance,outer_0,streed,4,20,3,0.0005,0.001,0.001,0.7904299780574934,30482063.731140006,41.00034427642822,16632320.20413337,0.8857487167259745,25523310.765889,0.8300493987144472,15.0
insurance,outer_0,streed,4,20,3,0.0005,0.0001,0.1,0.7888887665175505,30700767.095917523,41.386239528656006,16558042.447644211,0.8862589479440757,26162037.22944793,0.8257963475513547,16.0
insurance,outer_0,streed,4,20,3,0.0005,0.0001,0.001,0.7888746666257663,30702798.851431023,41.29855251312256,16558034.276136538,0.8862590040760661,26162955.451790355,0.8257902334370597,16.0
insurance,outer_0,streed,4,20,3,0.0005,1e-05,0.1,0.7887166873553905,30725184.641652018,41.2608630657196,16557902.415295662,0.8862599098589092,26169489.69483811,0.82574672424873,16.0
insurance,outer_0,streed,4,20,3,0.0005,1e-05,0.001,0.7887024969444164,30727229.4598016,41.1961715221405,16557896.72649756,0.8862599489365891,26170411.461559467,0.8257405865336829,16.0
insurance,outer_0,streed,4,20,3,0.0001,0.1,0.1,0.8409277735644866,23243646.482191008,44.77283549308777,17201663.328454446,0.8818377661322769,22744721.07015709,0.8485510340958018,16.0
insurance,outer_0,streed,4,20,3,0.0001,0.1,0.001,0.8409281203524389,23243596.857553776,44.751556396484375,17201474.934491016,0.8818390602543127,22744499.489872508,0.8485525095196973,16.0
insurance,outer_0,streed,4,20,3,0.0001,0.01,0.1,0.8055497316110648,28215861.715008315,42.81934428215027,16593253.409782764,0.8860170756400153,25519947.976689253,0.8300717903254625,16.0
insurance,outer_0,streed,4,20,3,0.0001,0.01,0.001,0.8055424770186068,28216886.83619672,42.6622428894043,16593204.06692656,0.8860174145875929,25520523.457071703,0.8300679584073417,16.0
insurance,outer_0,streed,4,20,3,0.0001,0.001,0.1,0.7868504310973262,31016249.97738108,42.60365653038025,16565430.24845523,0.8862081994187423,25470463.0408401,0.8304012928214075,16.0
insurance,outer_0,streed,4,20,3,0.0001,0.001,0.001,0.786836663609192,31018235.50034837,42.69955492019653,16565422.027306547,0.8862082558917284,25471425.78162811,0.8303948822746996,16.0
insurance,outer_0,streed,4,20,3,0.0001,0.0001,0.1,0.7852603659167974,31242176.21624568,42.709179162979126,16558042.447644211,0.8862589479440757,26162037.22944793,0.8257963475513547,16.0
insurance,outer_0,streed,4,20,3,0.0001,0.0001,0.001,0.7852456340376067,31244301.81150986,43.06706619262695,16558034.276136538,0.8862590040760661,26162955.451790355,0.8257902334370597,16.0
insurance,outer_0,streed,4,20,3,0.0001,1e-05,0.1,0.7850856067687527,31266993.810890693,43.05459141731262,16557902.415295662,0.8862599098589092,26169489.69483811,0.82574672424873,16.0
insurance,outer_0,streed,4,20,3,0.0001,1e-05,0.001,0.7850707905825377,31269131.54122914,44.876368045806885,16557896.72649756,0.8862599489365891,26170411.461559467,0.8257405865336829,16.0
insurance,outer_1,streed,4,20,3,0.1,0.1,0.1,0.8242545237717501,24241050.349955127,0.0598385334014892,23661751.06976522,0.828964640713973,24709780.76641384,0.8618923826692477,2.0
insurance,outer_1,streed,4,20,3,0.1,0.1,0.001,0.8242549702101553,24240989.54581253,0.0611763000488281,23661659.650590524,0.8289653015235362,24709721.18025196,0.8618927157075261,2.0
insurance,outer_1,streed,4,20,3,0.1,0.01,0.1,0.8257772745886279,24029341.19963627,0.0615525245666503,23430758.45209353,0.8306343356253686,24504743.207988955,0.8630383761899942,2.0
insurance,outer_1,streed,4,20,3,0.1,0.01,0.001,0.8257768022697931,24029404.493567877,0.0619072914123535,23430747.648819093,0.8306344137151904,24504773.88883847,0.8630382047089493,2.0
insurance,outer_1,streed,4,20,3,0.1,0.001,0.1,0.8257792985639206,24028902.02054441,0.061767578125,23427977.736449186,0.8306544356043559,24505412.1361221,0.863034637424705,2.0
insurance,outer_1,streed,4,20,3,0.1,0.001,0.001,0.8257787450148083,24028976.48379234,0.0629646778106689,23427976.4895087,0.830654444617675,24505453.48542513,0.8630344063156646,2.0
insurance,outer_1,streed,4,20,3,0.1,0.0001,0.1,0.825777698793079,24029106.78275501,0.062410831451416,23427943.37248755,0.8306546839990122,24505734.981797203,0.8630328329794379,2.0
insurance,outer_1,streed,4,20,3,0.1,0.0001,0.001,0.8257771369702721,24029182.38360634,0.0624613761901855,23427943.09800177,0.8306546859830908,24505777.41649845,0.8630325958039027,2.0
insurance,outer_1,streed,4,20,3,0.1,1e-05,0.1,0.8257775204503535,24029129.79325148,0.0619597434997558,23427942.419361707,0.830654690888537,24505769.87380099,0.8630326379614589,2.0
insurance,outer_1,streed,4,20,3,0.1,1e-05,0.001,0.8257769577986486,24029205.508072857,0.0634310245513916,23427942.24229184,0.8306546921684594,24505812.41723003,0.8630324001782235,2.0
insurance,outer_1,streed,4,20,3,0.08,0.1,0.1,0.8242545237717501,24241050.349955127,1.126702070236206,23661751.06976522,0.828964640713973,24709780.76641384,0.8618923826692477,2.0
insurance,outer_1,streed,4,20,3,0.08,0.1,0.001,0.8242549702101553,24240989.54581253,1.1255090236663818,23661659.650590524,0.8289653015235362,24709721.18025196,0.8618927157075261,2.0
insurance,outer_1,streed,4,20,3,0.08,0.01,0.1,0.8257772745886279,24029341.19963627,1.1209101676940918,23430758.45209353,0.8306343356253686,24504743.207988955,0.8630383761899942,2.0
insurance,outer_1,streed,4,20,3,0.08,0.01,0.001,0.8257768022697931,24029404.493567877,1.1257848739624023,23430747.648819093,0.8306344137151904,24504773.88883847,0.8630382047089493,2.0
insurance,outer_1,streed,4,20,3,0.08,0.001,0.1,0.8257792985639206,24028902.02054441,1.118819236755371,23427977.736449186,0.8306544356043559,24505412.1361221,0.863034637424705,2.0
insurance,outer_1,streed,4,20,3,0.08,0.001,0.001,0.8257787450148083,24028976.48379234,1.1133215427398682,23427976.4895087,0.830654444617675,24505453.48542513,0.8630344063156646,2.0
insurance,outer_1,streed,4,20,3,0.08,0.0001,0.1,0.825777698793079,24029106.78275501,1.116861343383789,23427943.37248755,0.8306546839990122,24505734.981797203,0.8630328329794379,2.0
insurance,outer_1,streed,4,20,3,0.08,0.0001,0.001,0.8257771369702721,24029182.38360634,1.1128439903259275,23427943.09800177,0.8306546859830908,24505777.41649845,0.8630325958039027,2.0
insurance,outer_1,streed,4,20,3,0.08,1e-05,0.1,0.8257775204503535,24029129.79325148,1.1134827136993408,23427942.419361707,0.830654690888537,24505769.87380099,0.8630326379614589,2.0
insurance,outer_1,streed,4,20,3,0.08,1e-05,0.001,0.8257769577986486,24029205.508072857,1.1102476119995115,23427942.24229184,0.8306546921684594,24505812.41723003,0.8630324001782235,2.0
insurance,outer_1,streed,4,20,3,0.05,0.1,0.1,0.8242545237717501,24241050.349955127,8.032730340957642,23661751.06976522,0.828964640713973,24709780.76641384,0.8618923826692477,2.0
insurance,outer_1,streed,4,20,3,0.05,0.1,0.001,0.8242549702101553,24240989.54581253,8.00191044807434,23661659.650590524,0.8289653015235362,24709721.18025196,0.8618927157075261,2.0
insurance,outer_1,streed,4,20,3,0.05,0.01,0.1,0.8257772745886279,24029341.19963627,8.055567026138306,23430758.45209353,0.8306343356253686,24504743.207988955,0.8630383761899942,2.0
insurance,outer_1,streed,4,20,3,0.05,0.01,0.001,0.8257768022697931,24029404.493567877,8.077885866165161,23430747.648819093,0.8306344137151904,24504773.88883847,0.8630382047089493,2.0
insurance,outer_1,streed,4,20,3,0.05,0.001,0.1,0.8257792985639206,24028902.02054441,8.120448589324951,23427977.736449186,0.8306544356043559,24505412.1361221,0.863034637424705,2.0
insurance,outer_1,streed,4,20,3,0.05,0.001,0.001,0.8257787450148083,24028976.48379234,8.146013498306274,23427976.4895087,0.830654444617675,24505453.48542513,0.8630344063156646,2.0
insurance,outer_1,streed,4,20,3,0.05,0.0001,0.1,0.825777698793079,24029106.78275501,8.206523895263672,23427943.37248755,0.8306546839990122,24505734.981797203,0.8630328329794379,2.0
insurance,outer_1,streed,4,20,3,0.05,0.0001,0.001,0.8257771369702721,24029182.38360634,8.137547492980957,23427943.09800177,0.8306546859830908,24505777.41649845,0.8630325958039027,2.0
insurance,outer_1,streed,4,20,3,0.05,1e-05,0.1,0.8257775204503535,24029129.79325148,8.13109302520752,23427942.419361707,0.830654690888537,24505769.87380099,0.8630326379614589,2.0
insurance,outer_1,streed,4,20,3,0.05,1e-05,0.001,0.8257769577986486,24029205.508072857,8.156827688217163,23427942.24229184,0.8306546921684594,24505812.41723003,0.8630324001782235,2.0
insurance,outer_1,streed,4,20,3,0.03,0.1,0.1,0.8390285208045732,22281158.29238601,26.046252012252808,19802908.816187084,0.8568576934860554,19555839.20774456,0.8906987324810297,3.0
insurance,outer_1,streed,4,20,3,0.03,0.1,0.001,0.8390291224268257,22281075.39949688,25.677687168121334,19802822.346658558,0.8568583185178561,19555847.132367875,0.8906986881888178,3.0
insurance,outer_1,streed,4,20,3,0.03,0.01,0.1,0.832316892727344,23116743.69751628,23.65779280662537,23430758.45209353,0.8306343356253686,24504743.207988955,0.8630383761899942,2.0
insurance,outer_1,streed,4,20,3,0.03,0.01,0.001,0.8323166421498823,23116776.047649782,23.58463954925537,23430747.648819093,0.8306344137151904,24504773.88883847,0.8630382047089493,2.0
insurance,outer_1,streed,4,20,3,0.03,0.001,0.1,0.8324056421353486,23104202.066632185,23.423099279403687,23427977.736449186,0.8306544356043559,24505412.1361221,0.863034637424705,2.0
insurance,outer_1,streed,4,20,3,0.03,0.001,0.001,0.8324053110230967,23104245.489027496,23.424330711364743,23427976.4895087,0.830654444617675,24505453.48542513,0.8630344063156646,2.0
insurance,outer_1,streed,4,20,3,0.03,0.0001,0.1,0.8324130361705717,23103151.75174579,23.48833417892456,23427943.37248755,0.8306546839990122,24505734.981797203,0.8630328329794379,2.0
insurance,outer_1,streed,4,20,3,0.03,0.0001,0.001,0.8324126968139228,23103196.30765599,23.481515407562256,23427943.09800177,0.8306546859830908,24505777.41649845,0.8630325958039027,2.0
insurance,outer_1,streed,4,20,3,0.03,1e-05,0.1,0.8324137604186473,23103048.806552928,23.430272340774536,23427942.419361707,0.830654690888537,24505769.87380099,0.8630326379614589,2.0
insurance,outer_1,streed,4,20,3,0.03,1e-05,0.001,0.8324134202355995,23103093.476084422,23.39820432662964,23427942.24229184,0.8306546921684594,24505812.41723003,0.8630324001782235,2.0
insurance,outer_1,streed,4,20,3,0.01,0.1,0.1,0.8512784610074299,20481862.616904102,33.230735778808594,19802908.816187084,0.8568576934860554,19555839.20774456,0.8906987324810297,3.0
insurance,outer_1,streed,4,20,3,0.01,0.1,0.001,0.8512791168290154,20481771.76310871,32.766634702682495,19802822.346658558,0.8568583185178561,19555847.132367875,0.8906986881888178,3.0
insurance,outer_1,streed,4,20,3,0.01,0.01,0.1,0.8521593269635136,20358535.693508144,31.2137143611908,19655742.556141805,0.8579214623545306,19453805.07375049,0.8912690204680231,3.0
insurance,outer_1,streed,4,20,3,0.01,0.01,0.001,0.8521591009208791,20358564.00295632,31.446004152297974,19655731.337451894,0.8579215434471198,19453907.084104,0.8912684503129498,3.0
insurance,outer_1,streed,4,20,3,0.01,0.001,0.1,0.8521403931045924,20361076.234718863,31.325053215026852,19653784.89600384,0.8579356130023026,19459880.984148104,0.8912350610607721,3.0
insurance,outer_1,streed,4,20,3,0.01,0.001,0.001,0.8521400811281064,20361116.39900124,31.107349395751957,19653783.596811447,0.8579356223933167,19459995.359445512,0.8912344217956991,3.0
insurance,outer_1,streed,4,20,3,0.01,0.0001,0.1,0.8521370377592773,20361533.97887127,31.187655687332157,19653759.319523048,0.8579357978779937,19460710.495093588,0.8912304247679085,3.0
insurance,outer_1,streed,4,20,3,0.01,0.0001,0.001,0.8521367168929928,20361575.369762704,30.977680921554565,19653759.045086544,0.8579357998617161,19460826.147283867,0.8912297783660408,3.0
insurance,outer_1,streed,4,20,3,0.01,1e-05,0.1,0.8521366870587519,20361581.866991837,30.963436126708984,19653758.52165375,0.8579358036452702,19460795.746715367,0.8912299482805423,3.0
insurance,outer_1,streed,4,20,3,0.01,1e-05,0.001,0.8521363653004062,20361623.380971808,30.91145491600037,19653758.350033693,0.8579358048857997,19460911.52701443,0.8912293011626504,3.0
insurance,outer_1,streed,4,20,3,0.008,0.1,0.1,0.8503333417624258,20602815.135480464,35.43255877494812,19802908.816187084,0.8568576934860554,19555839.20774456,0.8906987324810297,3.0
insurance,outer_1,streed,4,20,3,0.008,0.1,0.001,0.8503340567607386,20602716.708488096,35.58398127555847,19802822.346658558,0.8568583185178561,19555847.132367875,0.8906986881888178,3.0
insurance,outer_1,streed,4,20,3,0.008,0.01,0.1,0.8521593269635136,20358535.693508144,33.68800187110901,19655742.556141805,0.8579214623545306,19453805.07375049,0.8912690204680231,3.0
insurance,outer_1,streed,4,20,3,0.008,0.01,0.001,0.8521591009208791,20358564.00295632,33.70418882369995,19655731.337451894,0.8579215434471198,19453907.084104,0.8912684503129498,3.0
insurance,outer_1,streed,4,20,3,0.008,0.001,0.1,0.8521403931045924,20361076.234718863,33.382039070129395,19653784.89600384,0.8579356130023026,19459880.984148104,0.8912350610607721,3.0
insurance,outer_1,streed,4,20,3,0.008,0.001,0.001,0.8521400811281064,20361116.39900124,33.44773483276367,19653783.596811447,0.8579356223933167,19459995.359445512,0.8912344217956991,3.0
insurance,outer_1,streed,4,20,3,0.008,0.0001,0.1,0.8521370377592773,20361533.97887127,33.47458291053772,19653759.319523048,0.8579357978779937,19460710.495093588,0.8912304247679085,3.0
insurance,outer_1,streed,4,20,3,0.008,0.0001,0.001,0.8521367168929928,20361575.369762704,33.39410376548767,19653759.045086544,0.8579357998617161,19460826.147283867,0.8912297783660408,3.0
insurance,outer_1,streed,4,20,3,0.008,1e-05,0.1,0.8521366870587519,20361581.866991837,33.492671489715576,19653758.52165375,0.8579358036452702,19460795.746715367,0.8912299482805423,3.0
insurance,outer_1,streed,4,20,3,0.008,1e-05,0.001,0.8521363653004062,20361623.380971808,33.68314981460571,19653758.350033693,0.8579358048857997,19460911.52701443,0.8912293011626504,3.0
insurance,outer_1,streed,4,20,3,0.005,0.1,0.1,0.8490270783056956,20782862.870642606,37.89619064331055,19463235.36238971,0.8593129712479957,19978974.253033,0.8883337510404272,4.0
insurance,outer_1,streed,4,20,3,0.005,0.1,0.001,0.849028653677133,20782642.881098256,38.44994568824768,19463084.26673994,0.8593140634198585,19978822.64827581,0.8883345983879608,4.0
insurance,outer_1,streed,4,20,3,0.005,0.01,0.1,0.8505441548454505,20576912.850867663,36.839186668396,19655742.556141805,0.8579214623545306,19453805.07375049,0.8912690204680231,3.0
insurance,outer_1,streed,4,20,3,0.005,0.01,0.001,0.8505440596663183,20576925.213587493,36.63061189651489,19655731.337451894,0.8579215434471198,19453907.084104,0.8912684503129498,3.0
insurance,outer_1,streed,4,20,3,0.005,0.001,0.1,0.8504116515708074,20595149.040314924,36.5872209072113,19653784.89600384,0.8579356130023026,19459880.984148104,0.8912350610607721,3.0
insurance,outer_1,streed,4,20,3,0.005,0.001,0.001,0.8504114335245259,20595177.56287219,36.45948147773743,19653783.596811447,0.8579356223933167,19459995.359445512,0.8912344217956991,3.0
insurance,outer_1,streed,4,20,3,0.005,0.0001,0.1,0.8503964573241453,20597234.965777013,36.44804763793945,19653759.319523048,0.8579357978779937,19460710.495093588,0.8912304247679085,3.0
insurance,outer_1,streed,4,20,3,0.005,0.0001,0.001,0.8503962277130347,20597265.003419694,38.88110542297363,19653759.045086544,0.8579357998617161,19460826.147283867,0.8912297783660408,3.0
insurance,outer_1,streed,4,20,3,0.005,1e-05,0.1,0.8503949091114954,20597447.34983435,36.762518882751465,19653758.52165375,0.8579358036452702,19460795.746715367,0.8912299482805423,3.0
insurance,outer_1,streed,4,20,3,0.005,1e-05,0.001,0.8503946783335726,20597477.54025914,36.80029439926148,19653758.350033693,0.8579358048857997,19460911.52701443,0.8912293011626504,3.0
insurance,outer_1,streed,4,20,3,0.003,0.1,0.1,0.8475953272233853,20963523.62092292,38.86294651031494,19463235.36238971,0.8593129712479957,19978974.253033,0.8883337510404272,4.0
insurance,outer_1,streed,4,20,3,0.003,0.1,0.001,0.8475969449507718,20963299.56402765,38.84246850013733,19463084.26673994,0.8593140634198585,19978822.64827581,0.8883345983879608,4.0
insurance,outer_1,streed,4,20,3,0.003,0.01,0.1,0.8458213999726786,21237898.683825944,37.508124351501465,19196546.78711637,0.8612406889454249,19430202.287920117,0.8914009408822193,4.0
insurance,outer_1,streed,4,20,3,0.003,0.01,0.001,0.8458192301785953,21238196.02183211,37.588927268981934,19196511.554858897,0.8612409436164253,19430133.433947094,0.891401325720039,4.0
insurance,outer_1,streed,4,20,3,0.003,0.001,0.1,0.8422489522110705,21738079.79152766,37.603588581085205,19189687.143017378,0.8612902728367264,19374227.871037114,0.8917137924376526,4.0
insurance,outer_1,streed,4,20,3,0.003,0.001,0.001,0.8422451970160544,21738598.48705392,37.90929651260376,19189684.62703869,0.8612902910230946,19374183.317932136,0.8917140414533453,4.0
insurance,outer_1,streed,4,20,3,0.003,0.0001,0.1,0.8418597177931396,21792656.75605561,37.79997444152832,19184881.23101669,0.8613250116387412,18975996.81324688,0.8939395808029331,4.0
insurance,outer_1,streed,4,20,3,0.003,0.0001,0.001,0.841855806193005,21793197.307097808,37.829421281814575,19184877.31197509,0.8613250399669358,18976130.1100692,0.8939388357818946,4.0
insurance,outer_1,streed,4,20,3,0.003,1e-05,0.1,0.8418180965051555,21798492.113085344,37.67572331428528,19184865.091449343,0.8613251283011425,18976159.6151854,0.8939386708722445,4.0
insurance,outer_1,streed,4,20,3,0.003,1e-05,0.001,0.8418141681652642,21799035.003299665,37.9306709766388,19184861.495881557,0.861325154291156,18976293.280142777,0.8939379237936299,4.0
insurance,outer_1,streed,4,20,3,0.001,0.1,0.1,0.8297688119754253,23403998.355446994,40.435039043426514,17978148.19830666,0.8700476973437568,19203767.55061665,0.8926665272646125,10.0
insurance,outer_1,streed,4,20,3,0.001,0.1,0.001,0.8297698355967893,23403850.205739576,40.6055793762207,17977999.86665193,0.8700487695365029,19203683.565345597,0.8926669966741061,10.0
insurance,outer_1,streed,4,20,3,0.001,0.01,0.1,0.8269595725088141,23740976.78353187,39.64767003059387,17371744.113296095,0.8744309967980741,20898641.821128413,0.8831935558372926,10.0
insurance,outer_1,streed,4,20,3,0.001,0.01,0.001,0.826955739475462,23741500.78583348,39.77073740959168,17371684.36328203,0.8744314286919392,20899205.79047775,0.8831904037064089,10.0
insurance,outer_1,streed,4,20,3,0.001,0.001,0.1,0.8301298466292714,23362635.30575809,39.88185143470764,17356641.41515474,0.8745401643484882,21020645.45821145,0.882511654537459,10.0
insurance,outer_1,streed,4,20,3,0.001,0.001,0.001,0.8301237111955998,23363468.028135058,39.87051153182984,17356627.343317483,0.874540266064618,21021363.901155785,0.8825076390245667,10.0
insurance,outer_1,streed,4,20,3,0.001,0.0001,0.1,0.8233213980367916,24239018.612631235,39.951446533203125,17356301.93605137,0.8745426182214178,21040140.756426606,0.8824026916449469,10.0
insurance,outer_1,streed,4,20,3,0.001,0.0001,0.001,0.8233142859547685,24239983.103651647,39.86235475540161,17356300.046882607,0.874542631876986,21040900.023399077,0.8823984479588747,10.0
insurance,outer_1,streed,4,20,3,0.001,1e-05,0.1,0.8231443454167279,24262929.4738507,39.90677452087402,17356303.84715216,0.8745426044073171,21042311.025872037,0.8823905616003743,10.0
insurance,outer_1,streed,4,20,3,0.001,1e-05,0.001,0.8231352465870055,24264181.44976005,39.93618559837341,17356303.565206196,0.8745426064453206,21043075.39181536,0.8823862894151939,10.0
insurance,outer_1,streed,4,20,3,0.0005,0.1,0.1,0.8298916853193736,23390518.769076224,42.07512307167053,17469277.25920268,0.8737259933263004,20917161.82672619,0.8830900440388578,15.0
insurance,outer_1,streed,4,20,3,0.0005,0.1,0.001,0.8298927085575487,23390370.35430826,42.13368988037109,17469133.854972467,0.87372702990191,20916967.423092227,0.8830911305973725,15.0
insurance,outer_1,streed,4,20,3,0.0005,0.01,0.1,0.8276566073392755,23637581.89573093,41.65690803527832,16930188.326648086,0.8776227154663796,21452349.661301933,0.8800987784604062,14.0
insurance,outer_1,streed,4,20,3,0.0005,0.01,0.001,0.827653070672946,23638063.464013424,41.09392070770264,16930118.84186578,0.8776232177265323,21452994.99954365,0.880095171543462,14.0
insurance,outer_1,streed,4,20,3,0.0005,0.001,0.1,0.8240689301711237,24204460.641893536,41.34375333786011,16876728.423263643,0.878009142225574,21882115.63148167,0.8776967355320433,14.0
insurance,outer_1,streed,4,20,3,0.0005,0.001,0.001,0.8240604443861064,24205620.93111792,41.3716893196106,16876709.925866507,0.8780092759311884,21883082.17389149,0.8776913333445236,14.0
insurance,outer_1,streed,4,20,3,0.0005,0.0001,0.1,0.81694066941896,25125543.28114201,41.298975229263306,16876097.34881788,0.8780137038509689,21930719.526470263,0.8774250792112801,14.0
insurance,outer_1,streed,4,20,3,0.0005,0.0001,0.001,0.8169309165503296,25126876.871861085,41.46923923492432,16876094.60297075,0.8780137236989062,21931742.73165092,0.8774193603248652,14.0
insurance,outer_1,streed,4,20,3,0.0005,1e-05,0.1,0.8172050633301615,25084377.53000639,41.2126669883728,16876094.11309402,0.8780137272399053,21935954.315192103,0.8773958209914506,14.0
insurance,outer_1,streed,4,20,3,0.0005,1e-05,0.001,0.8171933758372892,25085990.827912595,41.06637454032898,16876093.364753257,0.8780137326491725,21936984.29602275,0.877390064234652,14.0
insurance,outer_1,streed,4,20,3,0.0001,0.1,0.1,0.8299853479724478,23378483.796689223,43.93862986564636,17426222.255332284,0.8740372098560628,20862833.7638953,0.8833936938115005,16.0
insurance,outer_1,streed,4,20,3,0.0001,0.1,0.001,0.8299863683946604,23378336.247394346,43.9870126247406,17426080.321862645,0.8740382358005039,20862657.746693406,0.8833946776047843,16.0
insurance,outer_1,streed,4,20,3,0.0001,0.01,0.1,0.8210515377290899,24580075.77429097,42.62253165245056,16830569.138271034,0.878342797578038,21695619.18710113,0.8787390992752726,16.0
insurance,outer_1,streed,4,20,3,0.0001,0.01,0.001,0.8210459193543348,24580847.575978387,42.77026987075806,16830487.993028563,0.8783433841240489,21696188.5280932,0.8787359171212661,16.0
insurance,outer_1,streed,4,20,3,0.0001,0.001,0.1,0.8233129555832784,24314363.046812862,42.99583101272583,16796393.775168438,0.8785898289786198,22164004.604577128,0.8761212049842797,16.0
insurance,outer_1,streed,4,20,3,0.0001,0.001,0.001,0.8233020301555297,24315873.388987567,42.81556558609009,16796370.21346848,0.8785899992907749,22164975.912749283,0.876115776160017,16.0
insurance,outer_1,streed,4,20,3,0.0001,0.0001,0.1,0.8155625495243277,25323250.84527537,42.95410966873169,16795125.453833424,0.8785989968459761,22265402.344934344,0.8755544739211498,16.0
insurance,outer_1,streed,4,20,3,0.0001,0.0001,0.001,0.8155502056196978,25324955.89808209,43.05986523628235,16795121.959825233,0.8785990221018815,22266479.925136965,0.8755484511224988,16.0
insurance,outer_1,streed,4,20,3,0.0001,1e-05,0.1,0.8158008923373646,25285821.841830645,43.18925857543945,16795105.12360976,0.8785991437998976,22277138.000485107,0.8754888811325592,16.0
insurance,outer_1,streed,4,20,3,0.0001,1e-05,0.001,0.8157865903003755,25287809.909779232,43.3118462562561,16795104.281196065,0.8785991498891564,22278228.66552872,0.8754827852002681,16.0
insurance,outer_2,streed,4,20,3,0.1,0.1,0.1,0.828840239957969,25002723.888508976,0.0621566772460937,24614273.060414877,0.8317066706882111,21002719.963529,0.8576893331678526,2.0
insurance,outer_2,streed,4,20,3,0.1,0.1,0.001,0.8288405890267879,25002678.52485117,0.0636518001556396,24614182.0838074,0.831707292715769,21002523.87889318,0.857690661802207,2.0
insurance,outer_2,streed,4,20,3,0.1,0.01,0.1,0.8304720651907903,24771112.187937822,0.0634775161743164,24377568.308114853,0.8333250743977465,20561698.938789025,0.8606776126015035,2.0
insurance,outer_2,streed,4,20,3,0.1,0.01,0.001,0.8304717492723359,24771164.348127183,0.0643472671508789,24377553.85194969,0.833325173237804,20562302.37166272,0.8606735238484853,2.0
insurance,outer_2,streed,4,20,3,0.1,0.001,0.1,0.8304892134540652,24769296.3882245,0.064180850982666,24374756.076627854,0.833344302257882,20534727.832057346,0.860860363987555,2.0
insurance,outer_2,streed,4,20,3,0.1,0.001,0.001,0.8304888196631225,24769359.97551086,0.0646178722381591,24374754.803958,0.8333443109594125,20534672.27538538,0.8608607404296087,2.0
insurance,outer_2,streed,4,20,3,0.1,0.0001,0.1,0.8304891724150241,24769371.402743395,0.0642874240875244,24374725.60688052,0.8333445105864079,20532163.25387542,0.860877741109749,2.0
insurance,outer_2,streed,4,20,3,0.1,0.0001,0.001,0.8304887706847729,24769436.15493058,0.065070629119873,24374725.440447196,0.8333445117243501,20532108.7313389,0.8608781105446862,2.0
insurance,outer_2,streed,4,20,3,0.1,1e-05,0.1,0.8304891504129895,24769381.51969284,0.0649657249450683,24374725.11317621,0.8333445139619755,20531908.830720488,0.8608794650354548,2.0
insurance,outer_2,streed,4,20,3,0.1,1e-05,0.001,0.8304887478872637,24769446.388595384,0.0670607089996337,24374725.057592217,0.8333445143420157,20531854.411813542,0.8608798337682165,2.0
insurance,outer_2,streed,4,20,3,0.08,0.1,0.1,0.828840239957969,25002723.888508976,1.1831130981445312,24614273.060414877,0.8317066706882111,21002719.963529,0.8576893331678526,2.0
insurance,outer_2,streed,4,20,3,0.08,0.1,0.001,0.8288405890267879,25002678.52485117,1.191169023513794,24614182.0838074,0.831707292715769,21002523.87889318,0.857690661802207,2.0
insurance,outer_2,streed,4,20,3,0.08,0.01,0.1,0.8304720651907903,24771112.187937822,1.171644926071167,24377568.308114853,0.8333250743977465,20561698.938789025,0.8606776126015035,2.0
insurance,outer_2,streed,4,20,3,0.08,0.01,0.001,0.8304717492723359,24771164.348127183,1.174140453338623,24377553.85194969,0.833325173237804,20562302.37166272,0.8606735238484853,2.0
insurance,outer_2,streed,4,20,3,0.08,0.001,0.1,0.8304892134540652,24769296.3882245,1.1842913627624512,24374756.076627854,0.833344302257882,20534727.832057346,0.860860363987555,2.0
insurance,outer_2,streed,4,20,3,0.08,0.001,0.001,0.8304888196631225,24769359.97551086,1.201451539993286,24374754.803958,0.8333443109594125,20534672.27538538,0.8608607404296087,2.0
insurance,outer_2,streed,4,20,3,0.08,0.0001,0.1,0.8304891724150241,24769371.402743395,1.18854022026062,24374725.60688052,0.8333445105864079,20532163.25387542,0.860877741109749,2.0
insurance,outer_2,streed,4,20,3,0.08,0.0001,0.001,0.8304887706847729,24769436.15493058,1.1880953311920166,24374725.440447196,0.8333445117243501,20532108.7313389,0.8608781105446862,2.0
insurance,outer_2,streed,4,20,3,0.08,1e-05,0.1,0.8304891504129895,24769381.51969284,1.186523675918579,24374725.11317621,0.8333445139619755,20531908.830720488,0.8608794650354548,2.0
insurance,outer_2,streed,4,20,3,0.08,1e-05,0.001,0.8304887478872637,24769446.388595384,1.208446741104126,24374725.057592217,0.8333445143420157,20531854.411813542,0.8608798337682165,2.0
insurance,outer_2,streed,4,20,3,0.05,0.1,0.1,0.828840239957969,25002723.888508976,8.622124671936035,24614273.060414877,0.8317066706882111,21002719.963529,0.8576893331678526,2.0
insurance,outer_2,streed,4,20,3,0.05,0.1,0.001,0.8288405890267879,25002678.52485117,8.556817054748535,24614182.0838074,0.831707292715769,21002523.87889318,0.857690661802207,2.0
insurance,outer_2,streed,4,20,3,0.05,0.01,0.1,0.8304720651907903,24771112.187937822,8.746848821640015,24377568.308114853,0.8333250743977465,20561698.938789025,0.8606776126015035,2.0
insurance,outer_2,streed,4,20,3,0.05,0.01,0.001,0.8304717492723359,24771164.348127183,8.76685643196106,24377553.85194969,0.833325173237804,20562302.37166272,0.8606735238484853,2.0
insurance,outer_2,streed,4,20,3,0.05,0.001,0.1,0.8304892134540652,24769296.3882245,8.791506052017212,24374756.076627854,0.833344302257882,20534727.832057346,0.860860363987555,2.0
insurance,outer_2,streed,4,20,3,0.05,0.001,0.001,0.8304888196631225,24769359.97551086,8.785954713821411,24374754.803958,0.8333443109594125,20534672.27538538,0.8608607404296087,2.0
insurance,outer_2,streed,4,20,3,0.05,0.0001,0.1,0.8304891724150241,24769371.402743395,8.83443832397461,24374725.60688052,0.8333445105864079,20532163.25387542,0.860877741109749,2.0
insurance,outer_2,streed,4,20,3,0.05,0.0001,0.001,0.8304887706847729,24769436.15493058,8.787276983261108,24374725.440447196,0.8333445117243501,20532108.7313389,0.8608781105446862,2.0
insurance,outer_2,streed,4,20,3,0.05,1e-05,0.1,0.8304891504129895,24769381.51969284,8.803438186645508,24374725.11317621,0.8333445139619755,20531908.830720488,0.8608794650354548,2.0
insurance,outer_2,streed,4,20,3,0.05,1e-05,0.001,0.8304887478872637,24769446.388595384,8.788193702697754,24374725.057592217,0.8333445143420157,20531854.411813542,0.8608798337682165,2.0
insurance,outer_2,streed,4,20,3,0.03,0.1,0.1,0.859403353422565,20637037.75709736,26.58814024925232,20294388.69235404,0.8612426931723404,17595419.142596703,0.8807765929497577,3.0
insurance,outer_2,streed,4,20,3,0.03,0.1,0.001,0.8594035935275105,20637007.07615817,26.11808753013611,20294301.974297825,0.8612432860832241,17595297.758306988,0.8807774154279531,3.0
insurance,outer_2,streed,4,20,3,0.03,0.01,0.1,0.8366544827973977,23772276.62204565,24.315216541290283,24377568.308114853,0.8333250743977465,20561698.938789025,0.8606776126015035,2.0
insurance,outer_2,streed,4,20,3,0.03,0.01,0.001,0.8366542161774003,23772320.81754298,24.25062465667725,24377553.85194969,0.833325173237804,20562302.37166272,0.8606735238484853,2.0
insurance,outer_2,streed,4,20,3,0.03,0.001,0.1,0.8366735234069546,23770155.0935884,23.911212921142575,24374756.076627854,0.833344302257882,20534727.832057346,0.860860363987555,2.0
insurance,outer_2,streed,4,20,3,0.03,0.001,0.001,0.8366731824516815,23770210.14470826,23.962608098983765,24374754.803958,0.8333443109594125,20534672.27538538,0.8608607404296087,2.0
insurance,outer_2,streed,4,20,3,0.03,0.0001,0.1,0.8366739378217484,23770156.524677992,24.17174863815308,24374725.60688052,0.8333445105864079,20532163.25387542,0.860877741109749,2.0
insurance,outer_2,streed,4,20,3,0.03,0.0001,0.001,0.8366735892692266,23770212.685435247,24.03383493423462,24374725.440447196,0.8333445117243501,20532108.7313389,0.8608781105446862,2.0
insurance,outer_2,streed,4,20,3,0.03,1e-05,0.1,0.8366739640621267,23770158.84755059,24.02775359153748,24374725.11317621,0.8333445139619755,20531908.830720488,0.8608794650354548,2.0
insurance,outer_2,streed,4,20,3,0.03,1e-05,0.001,0.8366736147482068,23770215.11951781,24.01987862586975,24374725.057592217,0.8333445143420157,20531854.411813542,0.8608798337682165,2.0
insurance,outer_2,streed,4,20,3,0.01,0.1,0.1,0.859403353422565,20637037.75709736,36.14794611930847,20294388.69235404,0.8612426931723404,17595419.142596703,0.8807765929497577,3.0
insurance,outer_2,streed,4,20,3,0.01,0.1,0.001,0.8594035935275105,20637007.07615817,35.69630408287048,20294301.974297825,0.8612432860832241,17595297.758306988,0.8807774154279531,3.0
insurance,outer_2,streed,4,20,3,0.01,0.01,0.1,0.8599809806714672,20555470.84802197,33.022759199142456,20147663.738524016,0.8622458847316672,17361956.965198334,0.8823584908279059,3.0
insurance,outer_2,streed,4,20,3,0.01,0.01,0.001,0.859980548741532,20555537.719503835,33.34461164474487,20147648.569370005,0.8622459884465901,17362641.859979037,0.8823538501036035,3.0
insurance,outer_2,streed,4,20,3,0.01,0.001,0.1,0.8599290508312665,20563094.745153453,33.09942603111267,20145725.532281008,0.8622591366843342,17351199.2547127,0.8824313831463988,3.0
insurance,outer_2,streed,4,20,3,0.01,0.001,0.001,0.8599285330246788,20563174.06166442,32.79801821708679,20145724.015263423,0.8622591470565251,17351221.810099322,0.8824312303151409,3.0
insurance,outer_2,streed,4,20,3,0.01,0.0001,0.1,0.8599223907528698,20564067.504180465,32.92602849006653,20145699.6795336,0.8622593134453915,17350212.684933856,0.8824380679664291,3.0
insurance,outer_2,streed,4,20,3,0.01,0.0001,0.001,0.8599218640868669,20564148.104153126,32.670321226119995,20145699.32667429,0.8622593158579701,17350236.43993372,0.8824379070068069,3.0
insurance,outer_2,streed,4,20,3,0.01,1e-05,0.1,0.8599217095763033,20564166.95426907,32.578245878219604,20145698.825056408,0.8622593192876447,17350115.64345617,0.8824387255020923,3.0
insurance,outer_2,streed,4,20,3,0.01,1e-05,0.001,0.8599211820215481,20564247.682990838,32.634193658828735,20145698.589012098,0.8622593209015328,17350139.51880744,0.8824385637269905,3.0
insurance,outer_2,streed,4,20,3,0.008,0.1,0.1,0.859403353422565,20637037.75709736,37.80681228637695,20294388.69235404,0.8612426931723404,17595419.142596703,0.8807765929497577,3.0
insurance,outer_2,streed,4,20,3,0.008,0.1,0.001,0.8594035935275105,20637007.07615817,37.81242251396179,20294301.974297825,0.8612432860832241,17595297.758306988,0.8807774154279531,3.0
insurance,outer_2,streed,4,20,3,0.008,0.01,0.1,0.8599809806714672,20555470.84802197,36.47961211204529,20147663.738524016,0.8622458847316672,17361956.965198334,0.8823584908279059,3.0
insurance,outer_2,streed,4,20,3,0.008,0.01,0.001,0.859980548741532,20555537.719503835,36.62343597412109,20147648.569370005,0.8622459884465901,17362641.859979037,0.8823538501036035,3.0
insurance,outer_2,streed,4,20,3,0.008,0.001,0.1,0.8599290508312665,20563094.745153453,36.388516426086426,20145725.532281008,0.8622591366843342,17351199.2547127,0.8824313831463988,3.0
insurance,outer_2,streed,4,20,3,0.008,0.001,0.001,0.8599285330246788,20563174.06166442,36.38693070411682,20145724.015263423,0.8622591470565251,17351221.810099322,0.8824312303151409,3.0
insurance,outer_2,streed,4,20,3,0.008,0.0001,0.1,0.8599223907528698,20564067.504180465,36.25172805786133,20145699.6795336,0.8622593134453915,17350212.684933856,0.8824380679664291,3.0
insurance,outer_2,streed,4,20,3,0.008,0.0001,0.001,0.8599218640868669,20564148.104153126,36.489938497543335,20145699.32667429,0.8622593158579701,17350236.43993372,0.8824379070068069,3.0
insurance,outer_2,streed,4,20,3,0.008,1e-05,0.1,0.8599217095763033,20564166.95426907,36.64267039299011,20145698.825056408,0.8622593192876447,17350115.64345617,0.8824387255020923,3.0
insurance,outer_2,streed,4,20,3,0.008,1e-05,0.001,0.8599211820215481,20564247.682990838,36.875614404678345,20145698.589012098,0.8622593209015328,17350139.51880744,0.8824385637269905,3.0
insurance,outer_2,streed,4,20,3,0.005,0.1,0.1,0.8553801888316221,21256776.64611419,42.37114071846008,19884222.02912656,0.8640470950394129,17572720.304581508,0.8809303962085674,4.0
insurance,outer_2,streed,4,20,3,0.005,0.1,0.001,0.8553808010457647,21256699.67399371,42.34318947792053,19884051.050794665,0.8640482640567811,17572711.901425965,0.8809304531468435,4.0
insurance,outer_2,streed,4,20,3,0.005,0.01,0.1,0.8558439906143072,21223845.75696012,39.983842849731445,20147663.738524016,0.8622458847316672,17361956.965198334,0.8823584908279059,3.0
insurance,outer_2,streed,4,20,3,0.005,0.01,0.001,0.8558428054353863,21224034.323857043,40.102062463760376,20147648.569370005,0.8622459884465901,17362641.859979037,0.8823538501036035,3.0
insurance,outer_2,streed,4,20,3,0.005,0.001,0.1,0.8552789140418521,21314373.986880302,40.08169651031494,20145725.532281008,0.8622591366843342,17351199.2547127,0.8824313831463988,3.0
insurance,outer_2,streed,4,20,3,0.005,0.001,0.001,0.8552771364280586,21314656.838694684,39.8245108127594,20145724.015263423,0.8622591470565251,17351221.810099322,0.8824312303151409,3.0
insurance,outer_2,streed,4,20,3,0.005,0.0001,0.1,0.8551781808773592,21330545.25726081,42.33889198303223,20145699.6795336,0.8622593134453915,17350212.684933856,0.8824380679664291,3.0
insurance,outer_2,streed,4,20,3,0.005,0.0001,0.001,0.8551762640397221,21330850.454302024,40.0349760055542,20145699.32667429,0.8622593158579701,17350236.43993372,0.8824379070068069,3.0
insurance,outer_2,streed,4,20,3,0.005,1e-05,0.1,0.8551672313655514,21332303.66652916,40.00076937675476,20145698.825056408,0.8622593192876447,17350115.64345617,0.8824387255020923,3.0
insurance,outer_2,streed,4,20,3,0.005,1e-05,0.001,0.8551653014467072,21332610.96214069,40.04163670539856,20145698.589012098,0.8622593209015328,17350139.51880744,0.8824385637269905,3.0
insurance,outer_2,streed,4,20,3,0.003,0.1,0.1,0.8451327687977854,22794401.75501487,42.42664289474487,19597305.118601475,0.8660088105850885,18235818.49369707,0.8764373617048417,5.0
insurance,outer_2,streed,4,20,3,0.003,0.1,0.001,0.8451327639076952,22794412.395034093,42.74792957305908,19597155.512119666,0.8660098334783037,18235773.321156632,0.8764376677858808,5.0
insurance,outer_2,streed,4,20,3,0.003,0.01,0.1,0.8361370951790423,24091634.884773426,41.20074486732483,19576098.922054227,0.866153802127606,17421893.946236055,0.8819523685849681,4.0
insurance,outer_2,streed,4,20,3,0.003,0.01,0.001,0.8361338872893863,24092109.0592594,40.92059898376465,19576062.52261101,0.8661540509987983,17422030.77722156,0.8819514414427301,4.0
insurance,outer_2,streed,4,20,3,0.003,0.001,0.1,0.8340448355480828,24403472.05027033,40.863797664642334,19560977.55906174,0.8662571902924927,17461832.373364497,0.881681752959623,4.0
insurance,outer_2,streed,4,20,3,0.003,0.001,0.001,0.8340400878659654,24404177.75828145,41.00617742538452,19560972.04158144,0.8662572280167484,17461900.899950784,0.8816812886357542,4.0
insurance,outer_2,streed,4,20,3,0.003,0.0001,0.1,0.8337232079880615,24451894.257790763,41.04443287849426,19560813.927255277,0.8662583090800118,17460185.739794716,0.8816929102536188,4.0
insurance,outer_2,streed,4,20,3,0.003,0.0001,0.001,0.8337180980274765,24452653.87731063,41.04391717910767,19560811.315864,0.8662583269346822,17460256.541552182,0.8816924305135978,4.0
insurance,outer_2,streed,4,20,3,0.003,1e-05,0.1,0.8336883697684154,24457140.765885346,40.91486835479736,19560802.540838525,0.8662583869315079,17460024.415164307,0.8816940033604055,4.0
insurance,outer_2,streed,4,20,3,0.003,1e-05,0.001,0.8336832166352558,24457906.77520201,41.185033321380615,19560800.222371284,0.8662584027833907,17460095.446162906,0.8816935220670876,4.0
insurance,outer_2,streed,4,20,3,0.001,0.1,0.1,0.8302581679995525,24913320.042944085,44.80081748962402,17812316.749955427,0.8782131781325248,17974730.392345592,0.8782064478931919,14.0
insurance,outer_2,streed,4,20,3,0.001,0.1,0.001,0.8302576566648724,24913395.488590542,45.13119626045227,17812194.982606336,0.8782140106833187,17974683.041543506,0.8782067687337417,14.0
insurance,outer_2,streed,4,20,3,0.001,0.01,0.1,0.8303876958078096,24867318.3754101,43.38589143753052,17465787.469553124,0.8805824768788164,18326413.3170688,0.8758235074160657,12.0
insurance,outer_2,streed,4,20,3,0.001,0.01,0.001,0.8303830777319666,24868009.84326777,43.093074321746826,17465718.536605712,0.8805829481889051,18326785.45756097,0.8758209858587775,12.0
insurance,outer_2,streed,4,20,3,0.001,0.001,0.1,0.8211171255000052,26225127.164196607,43.2501916885376,17271268.070872705,0.8819124498233476,19098684.374701746,0.8705907371188015,13.0
insurance,outer_2,streed,4,20,3,0.001,0.001,0.001,0.8211093984729066,26226269.247121274,43.47829008102417,17271226.27223448,0.8819127356100523,19099425.39304991,0.8705857161112632,13.0
insurance,outer_2,streed,4,20,3,0.001,0.0001,0.1,0.81387743620031,27176715.320305426,43.44130992889404,17268537.641104884,0.8819311183867031,19146584.63601692,0.8702661735317503,13.0
insurance,outer_2,streed,4,20,3,0.001,0.0001,0.001,0.8138649387921885,27178511.82376221,43.6098518371582,17268527.23119742,0.8819311895615853,19147412.66997975,0.8702605629219999,13.0
insurance,outer_2,streed,4,20,3,0.001,1e-05,0.1,0.81363883035563,27210870.89890937,43.438355922698975,17268468.76975268,0.8819315892756515,19151594.94007389,0.8702322246092956,13.0
insurance,outer_2,streed,4,20,3,0.001,1e-05,0.001,0.8136261383902456,27212695.524155635,43.53395247459412,17268463.72667055,0.88193162375634,19152434.640981574,0.8702265349464177,13.0
insurance,outer_2,streed,4,20,3,0.0005,0.1,0.1,0.8287585607987177,25152483.95766143,47.5814995765686,17812316.749955427,0.8782131781325248,17974730.392345592,0.8782064478931919,14.0
insurance,outer_2,streed,4,20,3,0.0005,0.1,0.001,0.8287580000098798,25152568.274024367,46.7219831943512,17812194.982606336,0.8782140106833187,17974683.041543506,0.8782067687337417,14.0
insurance,outer_2,streed,4,20,3,0.0005,0.01,0.1,0.8276501485410136,25284225.81269282,45.01898407936096,17012901.43701065,0.8836789606964903,19150650.712607224,0.8702386225254063,16.0
insurance,outer_2,streed,4,20,3,0.0005,0.01,0.001,0.8276453334464126,25284954.44926827,45.0808048248291,17012825.346257444,0.8836794809461095,19150975.954029467,0.8702364187478117,16.0
insurance,outer_2,streed,4,20,3,0.0005,0.001,0.1,0.8197882449703823,26450845.778161168,44.92294263839722,16958410.472032957,0.884051527698205,19591089.82972508,0.8672542859935264,16.0
insurance,outer_2,streed,4,20,3,0.0005,0.001,0.001,0.8197799608779457,26452076.53937609,45.14034008979797,16958368.531284403,0.8840518144565501,19591913.37046476,0.8672487058290509,16.0
insurance,outer_2,streed,4,20,3,0.0005,0.0001,0.1,0.8141479920614682,27144098.11177613,45.21349811553955,16955676.798246656,0.8840702184416457,19640602.9239415,0.8669187941397523,16.0
insurance,outer_2,streed,4,20,3,0.0005,0.0001,0.001,0.8141356428429048,27145874.10927674,45.25518584251404,16955666.33444217,0.8840702899850339,19641513.821072187,0.8669126220640254,16.0
insurance,outer_2,streed,4,20,3,0.0005,1e-05,0.1,0.8139113856476348,27177998.65182976,45.35632514953613,16955607.793201216,0.8840706902446849,19645775.3594375,0.8668837466437203,16.0
insurance,outer_2,streed,4,20,3,0.0005,1e-05,0.001,0.8138988439079583,27179802.491957515,45.398701429367065,16955602.70513474,0.8840707250329414,19646697.95777305,0.8668774952827262,16.0
insurance,outer_2,streed,4,20,3,0.0001,0.1,0.1,0.8296768401740837,25004648.541808717,48.1947238445282,17731012.56639227,0.8787690731494215,18525356.035214424,0.8744755072080038,16.0
insurance,outer_2,streed,4,20,3,0.0001,0.1,0.001,0.829676465505265,25004704.56654048,48.567949056625366,17730880.09341643,0.878769978896997,18525188.003834605,0.8744766457585227,16.0
insurance,outer_2,streed,4,20,3,0.0001,0.01,0.1,0.8287483276016451,25090593.45545994,46.76872229576111,17012901.43701065,0.8836789606964903,19150650.712607224,0.8702386225254063,16.0
insurance,outer_2,streed,4,20,3,0.0001,0.01,0.001,0.8287438995968581,25091261.046081737,47.15994191169739,17012825.346257444,0.8836794809461095,19150975.954029467,0.8702364187478117,16.0
insurance,outer_2,streed,4,20,3,0.0001,0.001,0.1,0.8242156383581749,25749111.15152416,46.78510308265686,16958410.472032957,0.884051527698205,19591089.82972508,0.8672542859935264,16.0
insurance,outer_2,streed,4,20,3,0.0001,0.001,0.001,0.8242085725115459,25750150.92801659,47.02076721191406,16958368.531284403,0.8840518144565501,19591913.37046476,0.8672487058290509,16.0
insurance,outer_2,streed,4,20,3,0.0001,0.0001,0.1,0.8147772055519781,27056350.915952727,46.969489097595215,16955676.798246656,0.8840702184416457,19640602.9239415,0.8669187941397523,16.0
insurance,outer_2,streed,4,20,3,0.0001,0.0001,0.001,0.8147651063443478,27058092.389005344,46.80462980270386,16955666.33444217,0.8840702899850339,19641513.821072187,0.8669126220640254,16.0
insurance,outer_2,streed,4,20,3,0.0001,1e-05,0.1,0.8145421141901545,27090042.040795676,46.5581750869751,16955607.793201216,0.8840706902446849,19645775.3594375,0.8668837466437203,16.0
insurance,outer_2,streed,4,20,3,0.0001,1e-05,0.001,0.8145298225994324,27091811.337325186,46.66542744636536,16955602.70513474,0.8840707250329414,19646697.95777305,0.8668774952827262,16.0
insurance,outer_3,streed,4,20,3,0.1,0.1,0.1,0.8499723925422207,22080892.618142005,0.0646357536315918,21791584.010502297,0.8523932960730441,31407722.17958199,0.7789006723517208,2.0
insurance,outer_3,streed,4,20,3,0.1,0.1,0.001,0.8499727312776315,22080843.97930045,0.0657856464385986,21791477.056209583,0.8523940205348643,31407867.230142303,0.7788996512467461,2.0
insurance,outer_3,streed,4,20,3,0.1,0.01,0.1,0.8515434032449138,21845694.688278303,0.0667145252227783,21530611.79883804,0.8541610082302569,32324652.067752536,0.772445808142978,2.0
insurance,outer_3,streed,4,20,3,0.1,0.01,0.001,0.8515431990337046,21845725.00698177,0.0668342113494873,21530598.61210566,0.8541610975514418,32324924.397799157,0.7724438910351451,2.0
insurance,outer_3,streed,4,20,3,0.1,0.001,0.1,0.8515404389515476,21845798.407185502,0.0660967826843261,21527385.10171376,0.8541828644719536,32454730.580158733,0.7715301011244922,2.0
insurance,outer_3,streed,4,20,3,0.1,0.001,0.001,0.8515401604892299,21845839.610907447,0.0660490989685058,21527383.3279244,0.8541828764868306,32455018.139848445,0.7715280768053234,2.0
insurance,outer_3,streed,4,20,3,0.1,0.0001,0.1,0.8515380843075165,21846112.25662908,0.06608247756958,21527338.28780182,0.8541831815690143,32468189.057405423,0.7714353581739082,2.0
insurance,outer_3,streed,4,20,3,0.1,0.0001,0.001,0.8515377973174529,21846154.7182114,0.0659615993499755,21527337.678939834,0.8541831856931803,32468478.16897396,0.7714333229300578,2.0
insurance,outer_3,streed,4,20,3,0.1,1e-05,0.1,0.8515378289622845,21846146.5760025,0.0659966468811035,21527336.41923751,0.8541831942258555,32469539.48768236,0.7714258516192922,2.0
insurance,outer_3,streed,4,20,3,0.1,1e-05,0.001,0.8515375411176804,21846189.163631264,0.0661208629608154,21527335.927108336,0.8541831975593244,32469828.75473239,0.7714238152809068,2.0
insurance,outer_3,streed,4,20,3,0.08,0.1,0.1,0.8499723925422207,22080892.618142005,1.1687724590301514,21791584.010502297,0.8523932960730441,31407722.17958199,0.7789006723517208,2.0
insurance,outer_3,streed,4,20,3,0.08,0.1,0.001,0.8499727312776315,22080843.97930045,1.171905279159546,21791477.056209583,0.8523940205348643,31407867.230142303,0.7788996512467461,2.0
insurance,outer_3,streed,4,20,3,0.08,0.01,0.1,0.8515434032449138,21845694.688278303,0.0682079792022705,21530611.79883804,0.8541610082302569,32324652.067752536,0.772445808142978,2.0
insurance,outer_3,streed,4,20,3,0.08,0.01,0.001,0.8515431990337046,21845725.00698177,0.0675117969512939,21530598.61210566,0.8541610975514418,32324924.397799157,0.7724438910351451,2.0
insurance,outer_3,streed,4,20,3,0.08,0.001,0.1,0.8515404389515476,21845798.407185502,0.0674777030944824,21527385.10171376,0.8541828644719536,32454730.580158733,0.7715301011244922,2.0
insurance,outer_3,streed,4,20,3,0.08,0.001,0.001,0.8515401604892299,21845839.610907447,0.0676710605621337,21527383.3279244,0.8541828764868306,32455018.139848445,0.7715280768053234,2.0
insurance,outer_3,streed,4,20,3,0.08,0.0001,0.1,0.8515380843075165,21846112.25662908,0.0671265125274658,21527338.28780182,0.8541831815690143,32468189.057405423,0.7714353581739082,2.0
insurance,outer_3,streed,4,20,3,0.08,0.0001,0.001,0.8515377973174529,21846154.7182114,0.0675547122955322,21527337.678939834,0.8541831856931803,32468478.16897396,0.7714333229300578,2.0
insurance,outer_3,streed,4,20,3,0.08,1e-05,0.1,0.8515378289622845,21846146.5760025,0.0670969486236572,21527336.41923751,0.8541831942258555,32469539.48768236,0.7714258516192922,2.0
insurance,outer_3,streed,4,20,3,0.08,1e-05,0.001,0.8515375411176804,21846189.163631264,0.0674273967742919,21527335.927108336,0.8541831975593244,32469828.75473239,0.7714238152809068,2.0
insurance,outer_3,streed,4,20,3,0.05,0.1,0.1,0.8499723925422207,22080892.618142005,8.490055799484253,21791584.010502297,0.8523932960730441,31407722.17958199,0.7789006723517208,2.0
insurance,outer_3,streed,4,20,3,0.05,0.1,0.001,0.8499727312776315,22080843.97930045,8.50179672241211,21791477.056209583,0.8523940205348643,31407867.230142303,0.7788996512467461,2.0
insurance,outer_3,streed,4,20,3,0.05,0.01,0.1,0.8515434032449138,21845694.688278303,1.173863649368286,21530611.79883804,0.8541610082302569,32324652.067752536,0.772445808142978,2.0
insurance,outer_3,streed,4,20,3,0.05,0.01,0.001,0.8515431990337046,21845725.00698177,1.1810200214385986,21530598.61210566,0.8541610975514418,32324924.397799157,0.7724438910351451,2.0
insurance,outer_3,streed,4,20,3,0.05,0.001,0.1,0.8515404389515476,21845798.407185502,1.1903691291809082,21527385.10171376,0.8541828644719536,32454730.580158733,0.7715301011244922,2.0
insurance,outer_3,streed,4,20,3,0.05,0.001,0.001,0.8515401604892299,21845839.610907447,1.183358907699585,21527383.3279244,0.8541828764868306,32455018.139848445,0.7715280768053234,2.0
insurance,outer_3,streed,4,20,3,0.05,0.0001,0.1,0.8515380843075165,21846112.25662908,1.1762146949768066,21527338.28780182,0.8541831815690143,32468189.057405423,0.7714353581739082,2.0
insurance,outer_3,streed,4,20,3,0.05,0.0001,0.001,0.8515377973174529,21846154.7182114,1.194122552871704,21527337.678939834,0.8541831856931803,32468478.16897396,0.7714333229300578,2.0
insurance,outer_3,streed,4,20,3,0.05,1e-05,0.1,0.8515378289622845,21846146.5760025,1.1819608211517334,21527336.41923751,0.8541831942258555,32469539.48768236,0.7714258516192922,2.0
insurance,outer_3,streed,4,20,3,0.05,1e-05,0.001,0.8515375411176804,21846189.163631264,1.1826550960540771,21527335.927108336,0.8541831975593244,32469828.75473239,0.7714238152809068,2.0
insurance,outer_3,streed,4,20,3,0.03,0.1,0.1,0.8715731034055757,18964458.087507907,26.15168118476868,18207647.55809627,0.8766693214674517,27587346.566636223,0.805794774208471,3.0
insurance,outer_3,streed,4,20,3,0.03,0.1,0.001,0.8715737064099037,18964368.871088225,25.86863803863525,18207547.538813032,0.8766699989545368,27587416.02394741,0.8057942852534071,3.0
insurance,outer_3,streed,4,20,3,0.03,0.01,0.1,0.8515434032449138,21845694.688278303,21.52246379852295,21530611.79883804,0.8541610082302569,32324652.067752536,0.772445808142978,2.0
insurance,outer_3,streed,4,20,3,0.03,0.01,0.001,0.8515431990337046,21845725.00698177,21.47210121154785,21530598.61210566,0.8541610975514418,32324924.397799157,0.7724438910351451,2.0
insurance,outer_3,streed,4,20,3,0.03,0.001,0.1,0.8515404389515476,21845798.407185502,21.714413166046143,21527385.10171376,0.8541828644719536,32454730.580158733,0.7715301011244922,2.0
insurance,outer_3,streed,4,20,3,0.03,0.001,0.001,0.8515401604892299,21845839.610907447,21.74639844894409,21527383.3279244,0.8541828764868306,32455018.139848445,0.7715280768053234,2.0
insurance,outer_3,streed,4,20,3,0.03,0.0001,0.1,0.8515380843075165,21846112.25662908,21.877529859542847,21527338.28780182,0.8541831815690143,32468189.057405423,0.7714353581739082,2.0
insurance,outer_3,streed,4,20,3,0.03,0.0001,0.001,0.8515377973174529,21846154.7182114,21.861152172088623,21527337.678939834,0.8541831856931803,32468478.16897396,0.7714333229300578,2.0
insurance,outer_3,streed,4,20,3,0.03,1e-05,0.1,0.8515378289622845,21846146.5760025,21.829832792282104,21527336.41923751,0.8541831942258555,32469539.48768236,0.7714258516192922,2.0
insurance,outer_3,streed,4,20,3,0.03,1e-05,0.001,0.8515375411176804,21846189.163631264,21.734755992889404,21527335.927108336,0.8541831975593244,32469828.75473239,0.7714238152809068,2.0
insurance,outer_3,streed,4,20,3,0.01,0.1,0.1,0.8715731034055757,18964458.087507907,33.62210488319397,18207647.55809627,0.8766693214674517,27587346.566636223,0.805794774208471,3.0
insurance,outer_3,streed,4,20,3,0.01,0.1,0.001,0.8715737064099037,18964368.871088225,33.63207817077637,18207547.538813032,0.8766699989545368,27587416.02394741,0.8057942852534071,3.0
insurance,outer_3,streed,4,20,3,0.01,0.01,0.1,0.8727428752201947,18783979.69361275,31.17572522163391,18044148.7893755,0.8777767909536239,27956427.61903906,0.8031965732925499,3.0
insurance,outer_3,streed,4,20,3,0.01,0.01,0.001,0.872742986424288,18783960.9338774,31.23738384246826,18044135.47421095,0.8777768811447523,27956616.95629664,0.8031952404247885,3.0
insurance,outer_3,streed,4,20,3,0.01,0.001,0.1,0.8727474013544932,18782219.04635061,30.79292726516724,18041939.52404509,0.8777917555552501,28015614.697129887,0.802779917060795,3.0
insurance,outer_3,streed,4,20,3,0.01,0.001,0.001,0.8727474285686427,18782212.486275427,30.9370756149292,18041937.73754379,0.8777917676562322,28015819.85709312,0.802778472806746,3.0
insurance,outer_3,streed,4,20,3,0.01,0.0001,0.1,0.8727462599405111,18782273.985354614,30.972482442855835,18041903.98095813,0.8777919963086488,28021821.639213663,0.8027362223696096,3.0
insurance,outer_3,streed,4,20,3,0.01,0.0001,0.001,0.8727462774835012,18782268.8392521,30.99510669708252,18041903.38519249,0.877792000344106,28022028.432216845,0.802734766619533,3.0
insurance,outer_3,streed,4,20,3,0.01,1e-05,0.1,0.8727461291631323,18782281.89038822,31.14312195777893,18041902.337805383,0.8777920074386503,28022445.301453635,0.8027318320065916,3.0
insurance,outer_3,streed,4,20,3,0.01,1e-05,0.001,0.8727461457347899,18782276.88629939,31.12873935699463,18041901.861504786,0.8777920106649032,28022652.258285407,0.8027303751032193,3.0
insurance,outer_3,streed,4,20,3,0.008,0.1,0.1,0.8715731034055757,18964458.087507907,37.00789022445679,18207647.55809627,0.8766693214674517,27587346.566636223,0.805794774208471,3.0
insurance,outer_3,streed,4,20,3,0.008,0.1,0.001,0.8715737064099037,18964368.871088225,35.18679332733154,18207547.538813032,0.8766699989545368,27587416.02394741,0.8057942852534071,3.0
insurance,outer_3,streed,4,20,3,0.008,0.01,0.1,0.8727428752201947,18783979.69361275,32.804840326309204,18044148.7893755,0.8777767909536239,27956427.61903906,0.8031965732925499,3.0
insurance,outer_3,streed,4,20,3,0.008,0.01,0.001,0.872742986424288,18783960.9338774,32.72154688835144,18044135.47421095,0.8777768811447523,27956616.95629664,0.8031952404247885,3.0
insurance,outer_3,streed,4,20,3,0.008,0.001,0.1,0.8727474013544932,18782219.04635061,32.442840576171875,18041939.52404509,0.8777917555552501,28015614.697129887,0.802779917060795,3.0
insurance,outer_3,streed,4,20,3,0.008,0.001,0.001,0.8727474285686427,18782212.486275427,32.463191986083984,18041937.73754379,0.8777917676562322,28015819.85709312,0.802778472806746,3.0
insurance,outer_3,streed,4,20,3,0.008,0.0001,0.1,0.8727462599405111,18782273.985354614,32.046085596084595,18041903.98095813,0.8777919963086488,28021821.639213663,0.8027362223696096,3.0
insurance,outer_3,streed,4,20,3,0.008,0.0001,0.001,0.8727462774835012,18782268.8392521,32.14270281791687,18041903.38519249,0.877792000344106,28022028.432216845,0.802734766619533,3.0
insurance,outer_3,streed,4,20,3,0.008,1e-05,0.1,0.8727461291631323,18782281.89038822,32.272077798843384,18041902.337805383,0.8777920074386503,28022445.301453635,0.8027318320065916,3.0
insurance,outer_3,streed,4,20,3,0.008,1e-05,0.001,0.8727461457347899,18782276.88629939,32.32127785682678,18041901.861504786,0.8777920106649032,28022652.258285407,0.8027303751032193,3.0
insurance,outer_3,streed,4,20,3,0.005,0.1,0.1,0.8730358925937581,18759733.375935864,38.36540412902832,17914272.21668149,0.8786565183200904,28080438.14210277,0.802323582786778,4.0
insurance,outer_3,streed,4,20,3,0.005,0.1,0.001,0.8730370239300139,18759564.642175943,38.40713548660278,17914108.68009265,0.8786576260457536,28080374.7521567,0.8023240290297233,4.0
insurance,outer_3,streed,4,20,3,0.005,0.01,0.1,0.8727428752201947,18783979.69361275,37.22838187217712,18044148.7893755,0.8777767909536239,27956427.61903906,0.8031965732925499,3.0
insurance,outer_3,streed,4,20,3,0.005,0.01,0.001,0.872742986424288,18783960.9338774,37.02215242385864,18044135.47421095,0.8777768811447523,27956616.95629664,0.8031952404247885,3.0
insurance,outer_3,streed,4,20,3,0.005,0.001,0.1,0.8727474013544932,18782219.04635061,36.91541409492493,18041939.52404509,0.8777917555552501,28015614.697129887,0.802779917060795,3.0
insurance,outer_3,streed,4,20,3,0.005,0.001,0.001,0.8727474285686427,18782212.486275427,37.01405382156372,18041937.73754379,0.8777917676562322,28015819.85709312,0.802778472806746,3.0
insurance,outer_3,streed,4,20,3,0.005,0.0001,0.1,0.8727462599405111,18782273.985354614,37.06895303726196,18041903.98095813,0.8777919963086488,28021821.639213663,0.8027362223696096,3.0
insurance,outer_3,streed,4,20,3,0.005,0.0001,0.001,0.8727462774835012,18782268.8392521,37.2055983543396,18041903.38519249,0.877792000344106,28022028.432216845,0.802734766619533,3.0
insurance,outer_3,streed,4,20,3,0.005,1e-05,0.1,0.8727461291631323,18782281.89038822,37.36005735397339,18041902.337805383,0.8777920074386503,28022445.301453635,0.8027318320065916,3.0
insurance,outer_3,streed,4,20,3,0.005,1e-05,0.001,0.8727461457347899,18782276.88629939,37.61850047111511,18041901.861504786,0.8777920106649032,28022652.258285407,0.8027303751032193,3.0
insurance,outer_3,streed,4,20,3,0.003,0.1,0.1,0.8660647211980818,19833162.23401466,40.49061179161072,17563006.68239608,0.8810358381388802,28780901.14595211,0.7973925693784174,5.0
insurance,outer_3,streed,4,20,3,0.003,0.1,0.001,0.8660656051767428,19833031.005877905,40.50781846046448,17562870.457388427,0.8810367608677815,28780848.37203118,0.7973929408882763,5.0
insurance,outer_3,streed,4,20,3,0.003,0.01,0.1,0.861094486511997,20530531.09267509,38.62157368659973,17561385.440371595,0.8810468197266063,27777941.32556536,0.8044530540795305,4.0
insurance,outer_3,streed,4,20,3,0.003,0.01,0.001,0.8610938269922997,20530629.700972,38.768314599990845,17561348.70282551,0.8810470685707512,27778103.612123925,0.8044519116391847,4.0
insurance,outer_3,streed,4,20,3,0.003,0.001,0.1,0.8648182582765923,20004951.095769864,38.56113624572754,17552801.6119555,0.8811049628436447,27790818.463142067,0.8043624035559438,4.0
insurance,outer_3,streed,4,20,3,0.003,0.001,0.001,0.864816690437831,20005183.01661691,38.795135259628296,17552794.12630979,0.8811050135481501,27791018.798803985,0.8043609932632807,4.0
insurance,outer_3,streed,4,20,3,0.003,0.0001,0.1,0.8647138167938584,20020324.949478038,38.85042214393616,17552523.93413347,0.8811068437123344,27792827.476193644,0.8043482608100165,4.0
insurance,outer_3,streed,4,20,3,0.003,0.0001,0.001,0.8647120829061407,20020581.205487948,38.98563623428345,17552519.652012493,0.8811068727175577,27793031.94448198,0.8043468214251156,4.0
insurance,outer_3,streed,4,20,3,0.003,1e-05,0.1,0.8647023432959058,20022012.75070497,39.21789407730103,17552502.567972798,0.8811069884374058,27793036.262343183,0.80434679102889,4.0
insurance,outer_3,streed,4,20,3,0.003,1e-05,0.001,0.8647005907913506,20022271.73278229,39.06480145454407,17552498.609201327,0.8811070152524004,27793241.14741187,0.8043453487100019,4.0
insurance,outer_3,streed,4,20,3,0.001,0.1,0.1,0.8484394957247176,22363146.34894669,42.95891046524048,15662385.382055247,0.893909819462196,31764199.182631586,0.7763911995142548,13.0
insurance,outer_3,streed,4,20,3,0.001,0.1,0.001,0.8484406015529989,22362981.44904033,43.44987869262695,15662245.77896824,0.8939107650727364,31763991.49224215,0.7763926615816152,13.0
insurance,outer_3,streed,4,20,3,0.001,0.01,0.1,0.8378805488202188,23906795.743547603,41.26005744934082,14908744.281417174,0.8990146562081369,29731895.465510715,0.7906979035427513,15.0
insurance,outer_3,streed,4,20,3,0.001,0.01,0.001,0.8378775873700324,23907229.109540597,41.02168154716492,14908696.334310714,0.8990149809809641,29732198.160474326,0.7906957726765727,15.0
insurance,outer_3,streed,4,20,3,0.001,0.001,0.1,0.8289838503601126,25263603.988105785,40.98901677131653,15036243.530821707,0.8981510317947535,31358127.374444783,0.7792498023525526,14.0
insurance,outer_3,streed,4,20,3,0.001,0.001,0.001,0.8289770364186507,25264617.368872475,41.1486599445343,15036226.473804696,0.8981511473315617,31358807.21813597,0.7792450164918598,14.0
insurance,outer_3,streed,4,20,3,0.001,0.0001,0.1,0.828405621756367,25348016.100691885,41.11687612533569,15029480.16635605,0.8981968438814634,31946022.09723522,0.7751112300869892,14.0
insurance,outer_3,streed,4,20,3,0.001,0.0001,0.001,0.8283981401606247,25349126.16278551,41.138749837875366,15029470.421105023,0.8981969098915515,31946766.836610507,0.7751059873834845,14.0
insurance,outer_3,streed,4,20,3,0.001,1e-05,0.1,0.8283364580652369,25358079.45538492,41.283754110336304,15029397.02828417,0.8981974070225711,31951709.95883807,0.7750711895399875,14.0
insurance,outer_3,streed,4,20,3,0.001,1e-05,0.001,0.828328888026847,25359202.28283561,41.28255915641785,15029391.895648072,0.8981974417888138,31952469.94373493,0.775065839513368,14.0
insurance,outer_3,streed,4,20,3,0.0005,0.1,0.1,0.8479753147449561,22425465.37256957,45.279600620269775,15228949.51785948,0.8968457253259844,28964013.96955193,0.7961035194450854,16.0
insurance,outer_3,streed,4,20,3,0.0005,0.1,0.001,0.8479760209849992,22425357.939823817,45.596442461013794,15228764.574187951,0.8968469780539069,28963997.32144487,0.7961036366419091,16.0
insurance,outer_3,streed,4,20,3,0.0005,0.01,0.1,0.8275174792478698,25395022.270358592,43.308255672454834,14816272.28327898,0.8996410212692605,29839726.490851577,0.7899388110155641,16.0
insurance,outer_3,streed,4,20,3,0.0005,0.01,0.001,0.8275141226681305,25395513.190113395,43.38467979431152,14816223.992272582,0.8996413483715161,29840050.791847944,0.7899365280505073,16.0
insurance,outer_3,streed,4,20,3,0.0005,0.001,0.1,0.8256312994939657,25755130.906427342,43.35727405548096,14804254.288435534,0.8997224259347404,30021889.55103373,0.788656447082951,16.0
insurance,outer_3,streed,4,20,3,0.0005,0.001,0.001,0.8256243385308751,25756168.348307043,43.50723528862,14804237.992496803,0.8997225363163356,30022465.113557115,0.7886523953250358,16.0
insurance,outer_3,streed,4,20,3,0.0005,0.0001,0.1,0.8249966825370518,25848023.32961985,43.61445617675781,14797551.867201429,0.899767825218529,30600593.82733246,0.7845825723312184,16.0
insurance,outer_3,streed,4,20,3,0.0005,0.0001,0.001,0.8249890657891271,25849155.88767592,43.4650616645813,14797542.661968628,0.8997678875707689,30601233.72185306,0.7845780676986487,16.0
insurance,outer_3,streed,4,20,3,0.0005,1e-05,0.1,0.8249236791384265,25858675.322393324,43.63478684425354,14797472.980291083,0.8997683595641193,30605356.29742178,0.7845490462152946,16.0
insurance,outer_3,streed,4,20,3,0.0005,1e-05,0.001,0.8249159776366829,25859820.12751948,43.52664589881897,14797468.365362002,0.8997683908236399,30606011.38082144,0.7845444346583537,16.0
insurance,outer_3,streed,4,20,3,0.0001,0.1,0.1,0.8479753147449561,22425465.37256957,47.43324875831604,15228949.51785948,0.8968457253259844,28964013.96955193,0.7961035194450854,16.0
insurance,outer_3,streed,4,20,3,0.0001,0.1,0.001,0.8479760209849992,22425357.939823817,47.48336982727051,15228764.574187951,0.8968469780539069,28963997.32144487,0.7961036366419091,16.0
insurance,outer_3,streed,4,20,3,0.0001,0.01,0.1,0.827389401599072,25413572.47499524,45.33764004707336,14816272.28327898,0.8996410212692605,29839726.490851577,0.7899388110155641,16.0
insurance,outer_3,streed,4,20,3,0.0001,0.01,0.001,0.8273859779321079,25414073.11136928,45.323561668396,14816223.992272582,0.8996413483715161,29840050.791847944,0.7899365280505073,16.0
insurance,outer_3,streed,4,20,3,0.0001,0.001,0.1,0.8254881918642055,25775857.987553805,45.06411147117615,14804254.288435534,0.8997224259347404,30021889.55103373,0.788656447082951,16.0
insurance,outer_3,streed,4,20,3,0.0001,0.001,0.001,0.8254811405721219,25776908.51228849,45.27907848358154,14804237.992496803,0.8997225363163356,30022465.113557115,0.7886523953250358,16.0
insurance,outer_3,streed,4,20,3,0.0001,0.0001,0.1,0.8248515301253779,25869046.567986023,45.30894017219544,14797551.867201429,0.899767825218529,30600593.82733246,0.7845825723312184,16.0
insurance,outer_3,streed,4,20,3,0.0001,0.0001,0.001,0.8248438201937037,25870192.62236746,45.23164200782776,14797542.661968628,0.8997678875707689,30601233.72185306,0.7845780676986487,16.0
insurance,outer_3,streed,4,20,3,0.0001,1e-05,0.1,0.824778315710029,25879729.12349577,45.07421326637268,14797472.980291083,0.8997683595641193,30605356.29742178,0.7845490462152946,16.0
insurance,outer_3,streed,4,20,3,0.0001,1e-05,0.001,0.824770520732705,25880887.467214838,44.69476199150085,14797468.365362002,0.8997683908236399,30606011.38082144,0.7845444346583537,16.0
insurance,outer_4,streed,4,20,3,0.1,0.1,0.1,0.8357612535179246,25535784.304974034,0.0670573711395263,24847373.13308813,0.8395110411603548,20065689.938106667,0.8219753072003276,2.0
insurance,outer_4,streed,4,20,3,0.1,0.1,0.001,0.8357617416965503,25535709.3654269,0.0678300857543945,24847282.55144527,0.8395116262263687,20065665.74068908,0.8219755218820977,2.0
insurance,outer_4,streed,4,20,3,0.1,0.01,0.1,0.8375800485220619,25258872.59931753,0.0688292980194091,24616673.20267726,0.8410011299290028,19591756.86202845,0.8261800861307644,2.0
insurance,outer_4,streed,4,20,3,0.1,0.01,0.001,0.8375797202366,25258923.8350036,0.0689184665679931,24616662.420421757,0.8410011995714938,19591811.159231577,0.8261796044008595,2.0
insurance,outer_4,streed,4,20,3,0.1,0.001,0.1,0.8376267196264644,25251890.79688631,0.0693802833557128,24613833.72132327,0.8410194701134441,19562521.684615467,0.8264394633808836,2.0
insurance,outer_4,streed,4,20,3,0.1,0.001,0.001,0.8376263309403473,25251951.348010525,0.068988561630249,24613832.358364947,0.8410194789167798,19562585.21206036,0.8264388997594035,2.0
insurance,outer_4,streed,4,20,3,0.1,0.0001,0.1,0.8376297448477991,25251443.93804099,0.0693576335906982,24613793.063466422,0.8410197327221747,19559817.885949023,0.8264634517375496,2.0
insurance,outer_4,streed,4,20,3,0.1,0.0001,0.001,0.8376293500176621,25251505.436716408,0.0694053173065185,24613792.6585944,0.8410197353372395,19559882.35186217,0.8264628797898909,2.0
insurance,outer_4,streed,4,20,3,0.1,1e-05,0.1,0.8376300306150327,25251401.81662807,0.0692639350891113,24613791.477116883,0.8410197429683921,19559549.74785488,0.8264658306839994,2.0
insurance,outer_4,streed,4,20,3,0.1,1e-05,0.001,0.8376296351694404,25251463.4102208,0.0695576667785644,24613791.16821713,0.8410197449635728,19559614.30777125,0.8264652579023349,2.0
insurance,outer_4,streed,4,20,3,0.08,0.1,0.1,0.8357612535179246,25535784.304974034,1.2140123844146729,24847373.13308813,0.8395110411603548,20065689.938106667,0.8219753072003276,2.0
insurance,outer_4,streed,4,20,3,0.08,0.1,0.001,0.8357617416965503,25535709.3654269,1.2191162109375,24847282.55144527,0.8395116262263687,20065665.74068908,0.8219755218820977,2.0
insurance,outer_4,streed,4,20,3,0.08,0.01,0.1,0.8375800485220619,25258872.59931753,1.2152726650238037,24616673.20267726,0.8410011299290028,19591756.86202845,0.8261800861307644,2.0
insurance,outer_4,streed,4,20,3,0.08,0.01,0.001,0.8375797202366,25258923.8350036,1.2126705646514893,24616662.420421757,0.8410011995714938,19591811.159231577,0.8261796044008595,2.0
insurance,outer_4,streed,4,20,3,0.08,0.001,0.1,0.8376267196264644,25251890.79688631,0.0700490474700927,24613833.72132327,0.8410194701134441,19562521.684615467,0.8264394633808836,2.0
insurance,outer_4,streed,4,20,3,0.08,0.001,0.001,0.8376263309403473,25251951.348010525,0.069460391998291,24613832.358364947,0.8410194789167798,19562585.21206036,0.8264388997594035,2.0
insurance,outer_4,streed,4,20,3,0.08,0.0001,0.1,0.8376297448477991,25251443.93804099,0.0699119567871093,24613793.063466422,0.8410197327221747,19559817.885949023,0.8264634517375496,2.0
insurance,outer_4,streed,4,20,3,0.08,0.0001,0.001,0.8376293500176621,25251505.436716408,0.0698883533477783,24613792.6585944,0.8410197353372395,19559882.35186217,0.8264628797898909,2.0
insurance,outer_4,streed,4,20,3,0.08,1e-05,0.1,0.8376300306150327,25251401.81662807,0.0697360038757324,24613791.477116883,0.8410197429683921,19559549.74785488,0.8264658306839994,2.0
insurance,outer_4,streed,4,20,3,0.08,1e-05,0.001,0.8376296351694404,25251463.4102208,0.0703213214874267,24613791.16821713,0.8410197449635728,19559614.30777125,0.8264652579023349,2.0
insurance,outer_4,streed,4,20,3,0.05,0.1,0.1,0.8357612535179246,25535784.304974034,9.420209169387816,24847373.13308813,0.8395110411603548,20065689.938106667,0.8219753072003276,2.0
insurance,outer_4,streed,4,20,3,0.05,0.1,0.001,0.8357617416965503,25535709.3654269,9.382730722427368,24847282.55144527,0.8395116262263687,20065665.74068908,0.8219755218820977,2.0
insurance,outer_4,streed,4,20,3,0.05,0.01,0.1,0.8375800485220619,25258872.59931753,9.271994590759276,24616673.20267726,0.8410011299290028,19591756.86202845,0.8261800861307644,2.0
insurance,outer_4,streed,4,20,3,0.05,0.01,0.001,0.8375797202366,25258923.8350036,9.337164402008057,24616662.420421757,0.8410011995714938,19591811.159231577,0.8261796044008595,2.0
insurance,outer_4,streed,4,20,3,0.05,0.001,0.1,0.8376267196264644,25251890.79688631,9.284745454788208,24613833.72132327,0.8410194701134441,19562521.684615467,0.8264394633808836,2.0
insurance,outer_4,streed,4,20,3,0.05,0.001,0.001,0.8376263309403473,25251951.348010525,9.328216552734377,24613832.358364947,0.8410194789167798,19562585.21206036,0.8264388997594035,2.0
insurance,outer_4,streed,4,20,3,0.05,0.0001,0.1,0.8376297448477991,25251443.93804099,9.368183612823486,24613793.063466422,0.8410197327221747,19559817.885949023,0.8264634517375496,2.0
insurance,outer_4,streed,4,20,3,0.05,0.0001,0.001,0.8376293500176621,25251505.436716408,9.329593420028688,24613792.6585944,0.8410197353372395,19559882.35186217,0.8264628797898909,2.0
insurance,outer_4,streed,4,20,3,0.05,1e-05,0.1,0.8376300306150327,25251401.81662807,9.328800678253174,24613791.477116883,0.8410197429683921,19559549.74785488,0.8264658306839994,2.0
insurance,outer_4,streed,4,20,3,0.05,1e-05,0.001,0.8376296351694404,25251463.4102208,9.375503063201904,24613791.16821713,0.8410197449635728,19559614.30777125,0.8264652579023349,2.0
insurance,outer_4,streed,4,20,3,0.03,0.1,0.1,0.8635305718180218,21253013.66170176,25.952603816986084,20998893.67120703,0.8643683352753039,16038716.48918666,0.8577029952772254,3.0
insurance,outer_4,streed,4,20,3,0.03,0.1,0.001,0.8635309239132751,21252960.38295136,26.03191375732422,20998807.289655145,0.8643688932129681,16038700.32365352,0.8577031386993594,3.0
insurance,outer_4,streed,4,20,3,0.03,0.01,0.1,0.8375800485220619,25258872.59931753,26.440311908721924,24616673.20267726,0.8410011299290028,19591756.86202845,0.8261800861307644,2.0
insurance,outer_4,streed,4,20,3,0.03,0.01,0.001,0.8375797202366,25258923.8350036,26.32347297668457,24616662.420421757,0.8410011995714938,19591811.159231577,0.8261796044008595,2.0
insurance,outer_4,streed,4,20,3,0.03,0.001,0.1,0.8376267196264644,25251890.79688631,26.85490703582764,24613833.72132327,0.8410194701134441,19562521.684615467,0.8264394633808836,2.0
insurance,outer_4,streed,4,20,3,0.03,0.001,0.001,0.8376263309403473,25251951.348010525,26.906569480896,24613832.358364947,0.8410194789167798,19562585.21206036,0.8264388997594035,2.0
insurance,outer_4,streed,4,20,3,0.03,0.0001,0.1,0.8376297448477991,25251443.93804099,26.918705701828003,24613793.063466422,0.8410197327221747,19559817.885949023,0.8264634517375496,2.0
insurance,outer_4,streed,4,20,3,0.03,0.0001,0.001,0.8376293500176621,25251505.436716408,26.95535922050476,24613792.6585944,0.8410197353372395,19559882.35186217,0.8264628797898909,2.0
insurance,outer_4,streed,4,20,3,0.03,1e-05,0.1,0.8376300306150327,25251401.81662807,26.998899936676025,24613791.477116883,0.8410197429683921,19559549.74785488,0.8264658306839994,2.0
insurance,outer_4,streed,4,20,3,0.03,1e-05,0.001,0.8376296351694404,25251463.4102208,26.91974830627441,24613791.16821713,0.8410197449635728,19559614.30777125,0.8264652579023349,2.0
insurance,outer_4,streed,4,20,3,0.01,0.1,0.1,0.8635305718180218,21253013.66170176,36.46689820289612,20998893.67120703,0.8643683352753039,16038716.48918666,0.8577029952772254,3.0
insurance,outer_4,streed,4,20,3,0.01,0.1,0.001,0.8635309239132751,21252960.38295136,36.556645154953,20998807.289655145,0.8643688932129681,16038700.32365352,0.8577031386993594,3.0
insurance,outer_4,streed,4,20,3,0.01,0.01,0.1,0.8643006851712651,21135908.377080623,34.6122727394104,20849289.532555807,0.8653346270567986,15833494.187348736,0.8595237468862172,3.0
insurance,outer_4,streed,4,20,3,0.01,0.01,0.001,0.864300184207153,21135987.718432706,34.81595706939697,20849278.14714353,0.8653347005950738,15833557.704642028,0.8595231833548032,3.0
insurance,outer_4,streed,4,20,3,0.01,0.001,0.1,0.8642815411879122,21139156.006384145,34.59541058540344,20847224.907127827,0.8653479624538065,15825570.23798143,0.8595940489120247,3.0
insurance,outer_4,streed,4,20,3,0.01,0.001,0.001,0.8642809679215983,21139246.60694833,34.28634810447693,20847223.42227539,0.8653479720444549,15825644.603331266,0.8595933891356303,3.0
insurance,outer_4,streed,4,20,3,0.01,0.0001,0.1,0.8642783029386621,21139686.951522782,34.31409668922424,20847190.705008555,0.8653481833649862,15824952.79189594,0.8595995269519041,3.0
insurance,outer_4,streed,4,20,3,0.01,0.0001,0.001,0.8642777222033948,21139778.71521216,34.32341527938843,20847190.2430788,0.8653481863485863,15825028.28296249,0.859598857188045,3.0
insurance,outer_4,streed,4,20,3,0.01,1e-05,0.1,0.8642779653727556,21139742.186518226,34.210500717163086,20847189.06589732,0.8653481939519909,15824892.86527634,0.8596000586265228,3.0
insurance,outer_4,streed,4,20,3,0.01,1e-05,0.001,0.8642773838881134,21139834.06690657,32.00762343406677,20847188.706601195,0.8653481962726813,15824968.4693414,0.8595993878601301,3.0
insurance,outer_4,streed,4,20,3,0.008,0.1,0.1,0.8635305718180218,21253013.66170176,37.43516564369202,20998893.67120703,0.8643683352753039,16038716.48918666,0.8577029952772254,3.0
insurance,outer_4,streed,4,20,3,0.008,0.1,0.001,0.8635309239132751,21252960.38295136,37.616694688797,20998807.289655145,0.8643688932129681,16038700.32365352,0.8577031386993594,3.0
insurance,outer_4,streed,4,20,3,0.008,0.01,0.1,0.8643006851712651,21135908.377080623,35.8615186214447,20849289.532555807,0.8653346270567986,15833494.187348736,0.8595237468862172,3.0
insurance,outer_4,streed,4,20,3,0.008,0.01,0.001,0.864300184207153,21135987.718432706,35.692466497421265,20849278.14714353,0.8653347005950738,15833557.704642028,0.8595231833548032,3.0
insurance,outer_4,streed,4,20,3,0.008,0.001,0.1,0.8642815411879122,21139156.006384145,35.31119704246521,20847224.907127827,0.8653479624538065,15825570.23798143,0.8595940489120247,3.0
insurance,outer_4,streed,4,20,3,0.008,0.001,0.001,0.8642809679215983,21139246.60694833,35.259472370147705,20847223.42227539,0.8653479720444549,15825644.603331266,0.8595933891356303,3.0
insurance,outer_4,streed,4,20,3,0.008,0.0001,0.1,0.8642783029386621,21139686.951522782,35.17997097969055,20847190.705008555,0.8653481833649862,15824952.79189594,0.8595995269519041,3.0
insurance,outer_4,streed,4,20,3,0.008,0.0001,0.001,0.8642777222033948,21139778.71521216,35.37605929374695,20847190.2430788,0.8653481863485863,15825028.28296249,0.859598857188045,3.0
insurance,outer_4,streed,4,20,3,0.008,1e-05,0.1,0.8642779653727556,21139742.186518226,35.46652722358704,20847189.06589732,0.8653481939519909,15824892.86527634,0.8596000586265228,3.0
insurance,outer_4,streed,4,20,3,0.008,1e-05,0.001,0.8642773838881134,21139834.06690657,35.57297086715698,20847188.706601195,0.8653481962726813,15824968.4693414,0.8595993878601301,3.0
insurance,outer_4,streed,4,20,3,0.005,0.1,0.1,0.8635531670163402,21250213.088504262,40.10432744026184,20589198.518161125,0.8670145525716678,16279367.900655689,0.8555679132675498,4.0
insurance,outer_4,streed,4,20,3,0.005,0.1,0.001,0.8635535361118222,21250155.677000057,40.00313472747803,20589051.52250506,0.8670155020152839,16279264.191726016,0.8555688333829509,4.0
insurance,outer_4,streed,4,20,3,0.005,0.01,0.1,0.8643006851712651,21135908.377080623,38.63544392585754,20849289.532555807,0.8653346270567986,15833494.187348736,0.8595237468862172,3.0
insurance,outer_4,streed,4,20,3,0.005,0.01,0.001,0.864300184207153,21135987.718432706,38.69205212593079,20849278.14714353,0.8653347005950738,15833557.704642028,0.8595231833548032,3.0
insurance,outer_4,streed,4,20,3,0.005,0.001,0.1,0.8642815411879122,21139156.006384145,38.33071827888489,20847224.907127827,0.8653479624538065,15825570.23798143,0.8595940489120247,3.0
insurance,outer_4,streed,4,20,3,0.005,0.001,0.001,0.8642809679215983,21139246.60694833,38.59463143348694,20847223.42227539,0.8653479720444549,15825644.603331266,0.8595933891356303,3.0
insurance,outer_4,streed,4,20,3,0.005,0.0001,0.1,0.8642783029386621,21139686.951522782,38.673553228378296,20847190.705008555,0.8653481833649862,15824952.79189594,0.8595995269519041,3.0
insurance,outer_4,streed,4,20,3,0.005,0.0001,0.001,0.8642777222033948,21139778.71521216,38.92267394065857,20847190.2430788,0.8653481863485863,15825028.28296249,0.859598857188045,3.0
insurance,outer_4,streed,4,20,3,0.005,1e-05,0.1,0.8642779653727556,21139742.186518226,39.00510382652283,20847189.06589732,0.8653481939519909,15824892.86527634,0.8596000586265228,3.0
insurance,outer_4,streed,4,20,3,0.005,1e-05,0.001,0.8642773838881134,21139834.06690657,39.20965266227722,20847188.706601195,0.8653481962726813,15824968.4693414,0.8595993878601301,3.0
insurance,outer_4,streed,4,20,3,0.003,0.1,0.1,0.8628235967243549,21376439.33668528,41.068281173706055,20589198.518161125,0.8670145525716678,16279367.900655689,0.8555679132675498,4.0
insurance,outer_4,streed,4,20,3,0.003,0.1,0.001,0.862824015685076,21376375.52491045,40.97631740570069,20589051.52250506,0.8670155020152839,16279264.191726016,0.8555688333829509,4.0
insurance,outer_4,streed,4,20,3,0.003,0.01,0.1,0.8596549662489551,21853061.56991744,39.114588022232056,20313274.05552012,0.8687967461858763,15930096.23389054,0.8586666844222566,4.0
insurance,outer_4,streed,4,20,3,0.003,0.01,0.001,0.859654724451017,21853099.355721164,39.2057375907898,20313239.56863984,0.8687969689363247,15930058.899797894,0.8586670156538461,4.0
insurance,outer_4,streed,4,20,3,0.003,0.001,0.1,0.8590937053759777,21918722.647493698,39.08489990234375,20292610.73215997,0.8689302104049901,16048419.106084846,0.8576169127454022,4.0
insurance,outer_4,streed,4,20,3,0.003,0.001,0.001,0.8590917143939242,21919026.890368443,39.16511988639832,20292609.160393547,0.8689302205570152,16048710.334396766,0.8576143289403636,4.0
insurance,outer_4,streed,4,20,3,0.003,0.0001,0.1,0.8589296919193895,21943807.21076489,39.30963063240051,20292531.97829419,0.8689307190754985,16054287.093965136,0.8575648514037307,4.0
insurance,outer_4,streed,4,20,3,0.003,0.0001,0.001,0.8589268126204318,21944248.40439896,39.1875638961792,20292533.37731436,0.8689307100392398,16054582.129576286,0.8575622338199744,4.0
insurance,outer_4,streed,4,20,3,0.003,1e-05,0.1,0.8589012649709264,21948175.74135179,39.30630803108215,20292529.40624954,0.8689307356883116,16054881.7344781,0.8575595756970407,4.0
insurance,outer_4,streed,4,20,3,0.003,1e-05,0.001,0.8588981900622707,21948647.171193328,39.38886070251465,20292531.105160154,0.8689307247150633,16055177.154104596,0.8575569547062641,4.0
insurance,outer_4,streed,4,20,3,0.001,0.1,0.1,0.8455385380372649,23932922.20005368,42.79144835472107,18309165.71288985,0.8817412638855066,16947744.759286646,0.8496380107673513,14.0
insurance,outer_4,streed,4,20,3,0.001,0.1,0.001,0.8455382986579604,23932954.35982314,43.17640209197998,18309007.23999452,0.8817422874605074,16947772.159904152,0.8496377676664896,14.0
insurance,outer_4,streed,4,20,3,0.001,0.01,0.1,0.8467732694441352,23821330.907235507,41.73208999633789,17647335.03208077,0.8860160222803785,17914891.16935561,0.8410573966406546,14.0
insurance,outer_4,streed,4,20,3,0.001,0.01,0.001,0.8467706570591732,23821740.600650992,41.9080662727356,17647283.514017556,0.8860163550350839,17915336.159243923,0.8410534486484146,14.0
insurance,outer_4,streed,4,20,3,0.001,0.001,0.1,0.8429735445606107,24397271.899565607,41.98828315734863,17635190.489675432,0.8860944637701802,18062540.96282823,0.8397474337534588,14.0
insurance,outer_4,streed,4,20,3,0.001,0.001,0.001,0.8429680498294195,24398128.312746856,41.94418692588806,17635181.535233755,0.8860945216068381,18063040.659777496,0.8397430003950166,14.0
insurance,outer_4,streed,4,20,3,0.001,0.0001,0.1,0.8405524248091023,24789763.518261917,42.01467561721802,17635053.86745132,0.8860953462118928,18079098.44088045,0.8396005342472431,14.0
insurance,outer_4,streed,4,20,3,0.001,0.0001,0.001,0.840545827172818,24790791.72755369,42.04230046272278,17635053.285073224,0.8860953499734676,18079623.793535758,0.8395958732689583,14.0
insurance,outer_4,streed,4,20,3,0.001,1e-05,0.1,0.8404930895240427,24799007.677559137,42.33234763145447,17635058.979800418,0.8860953131912761,18080881.241602693,0.839584717071164,14.0
insurance,outer_4,streed,4,20,3,0.001,1e-05,0.001,0.8404862544914184,24800072.892268945,42.31371426582336,17635059.462766025,0.8860953100718056,18081409.857082944,0.8395800271447886,14.0
insurance,outer_4,streed,4,20,3,0.0005,0.1,0.1,0.846660770785537,23749379.62186276,45.39459204673767,18245025.53667379,0.8821555447048741,16966333.72529599,0.849473087708464,15.0
insurance,outer_4,streed,4,20,3,0.0005,0.1,0.001,0.84666052718093,23749412.472685765,45.53072857856751,18244864.045235444,0.8821565877766171,16966353.907107357,0.8494729086535309,15.0
insurance,outer_4,streed,4,20,3,0.0005,0.01,0.1,0.8444577554942866,24174471.61798964,44.26602268218994,17647335.03208077,0.8860160222803785,17914891.16935561,0.8410573966406546,14.0
insurance,outer_4,streed,4,20,3,0.0005,0.01,0.001,0.8444543883875154,24174998.25407392,44.23532128334045,17647283.514017556,0.8860163550350839,17915336.159243923,0.8410534486484146,14.0
insurance,outer_4,streed,4,20,3,0.0005,0.001,0.1,0.8423037062403885,24506824.799758516,44.21662402153015,17541101.446282655,0.8867021840523783,18095145.65655355,0.8394581618369594,15.0
insurance,outer_4,streed,4,20,3,0.0005,0.001,0.001,0.8422981304979046,24507694.462438617,44.25218844413757,17541065.62254903,0.8867024154375506,18095996.39347334,0.8394506140188049,15.0
insurance,outer_4,streed,4,20,3,0.0005,0.0001,0.1,0.8405034283118317,24797776.95704741,44.541719913482666,17538963.184837494,0.8867159950637566,18158743.75875466,0.8388939134785967,15.0
insurance,outer_4,streed,4,20,3,0.0005,0.0001,0.001,0.8404967604325547,24798816.654669046,44.34243130683899,17538951.011370983,0.886716073692067,18159760.372459628,0.8388848939859661,15.0
insurance,outer_4,streed,4,20,3,0.0005,1e-05,0.1,0.8404437856536052,24807071.387612868,44.58918857574463,17538873.998118553,0.8867165711199694,18167279.95362007,0.8388181795530112,15.0
insurance,outer_4,streed,4,20,3,0.0005,1e-05,0.001,0.840436879939284,24808148.1624032,44.26786017417908,17538865.96910331,0.8867166229793064,18168322.13738648,0.838808933200385,15.0
insurance,outer_4,streed,4,20,3,0.0001,0.1,0.1,0.8445101151137266,24074315.295615625,47.4636538028717,18305730.04180635,0.8817634548540308,16839580.89492892,0.8505976507689512,16.0
insurance,outer_4,streed,4,20,3,0.0001,0.1,0.001,0.8445096897606778,24074377.347367693,47.50640416145325,18305574.909677736,0.8817644568510496,16839624.36165759,0.8505972651280367,16.0
insurance,outer_4,streed,4,20,3,0.0001,0.01,0.1,0.8447172078713249,24132037.855231702,46.1235613822937,17498724.81377881,0.8869758943393067,17822499.793818258,0.8418771016345079,16.0
insurance,outer_4,streed,4,20,3,0.0001,0.01,0.001,0.8447139421780134,24132547.90501703,45.98824191093445,17498649.163113788,0.8869763829662693,17823086.58936011,0.8418718955291411,16.0
insurance,outer_4,streed,4,20,3,0.0001,0.001,0.1,0.8456575445783994,23984676.086186204,46.25015306472778,17475495.057511088,0.8871259351254106,18088628.83208036,0.8395159797180514,16.0
insurance,outer_4,streed,4,20,3,0.0001,0.001,0.001,0.8436506099004628,24277508.890343096,46.218806982040405,17475458.959370613,0.8871261682829742,18089473.069483235,0.8395084895642236,16.0
insurance,outer_4,streed,4,20,3,0.0001,0.0001,0.1,0.8452448025353005,24048680.102919344,46.36613655090332,17473350.317428533,0.8871397879822494,18151951.0604242,0.838954178938558,16.0
insurance,outer_4,streed,4,20,3,0.0001,0.0001,0.001,0.8452381225347122,24049721.686966363,46.494868755340576,17473337.964964155,0.8871398677667053,18152961.24404064,0.838945216494279,16.0
insurance,outer_4,streed,4,20,3,0.0001,1e-05,0.1,0.8451898684603405,24057202.086263496,46.50838160514832,17473260.582608312,0.8871403675786433,18160459.695266448,0.8388786895280962,16.0
insurance,outer_4,streed,4,20,3,0.0001,1e-05,0.001,0.8451829634925563,24058278.63254102,46.41667795181274,17473252.384272967,0.8871404205316173,18161495.45601585,0.8388695001610824,16.0
insurance,mean,streed,4,20,3,0.0001,1e-05,0.001,0.8170681375415214,26717583.777617883,45.193016338348386,16515864.892492667,0.8871677270427888,23372568.984339707,0.8383029603672227,16.0
insurance,mean,streed,4,20,3,0.0001,1e-05,0.1,0.8170793594933283,26715957.780655257,44.87692399024964,16515869.779001206,0.8871676942092508,23371643.80948979,0.83830941755368,16.0
insurance,mean,streed,4,20,3,0.0001,0.0001,0.001,0.8171285777460137,26709452.881586224,44.9316143989563,16515940.639467347,0.887167214300091,23365028.83277864,0.8383549181633023,16.0
insurance,mean,streed,4,20,3,0.0001,0.0001,0.1,0.8171392907307563,26707900.92967583,44.86157093048096,16515949.37687085,0.8871671552864951,23364117.477216087,0.8383612733764065,16.0
insurance,mean,streed,4,20,3,0.0001,0.001,0.001,0.8206958033497704,26227735.443996824,44.80675463676452,16519971.54478537,0.8871397548476725,23068050.6495765,0.8403840498306053,16.0
insurance,mean,streed,4,20,3,0.0001,0.001,0.1,0.8211049522962769,26168051.649891622,44.73977103233337,16519996.76832065,0.8871395834311435,23067215.17165128,0.8403898421200433,16.0
insurance,mean,streed,4,20,3,0.0001,0.01,0.001,0.8254864432159842,25487123.294928633,44.780851650238034,16550278.112319788,0.8869316021991074,22806165.064080484,0.8421697435712137,16.0
insurance,mean,streed,4,20,3,0.0001,0.01,0.1,0.8254912412824392,25486428.254997235,44.734359931945804,16550344.216424447,0.8869311499046221,22805688.832213487,0.8421730849552427,16.0
insurance,mean,streed,4,20,3,0.0001,0.1,0.001,0.8386153329996082,23625274.591736022,46.45925841331482,17178554.966727156,0.882651741971354,21587193.384700596,0.85062494693059,16.0
insurance,mean,streed,4,20,3,0.0001,0.1,0.1,0.8386150783139401,23625311.897774827,46.360618352890015,17178715.541968964,0.8826506458635552,21587301.146749534,0.8506242810658685,16.0
insurance,mean,streed,4,20,3,0.0005,1e-05,0.001,0.8170295148531261,26732198.213918876,43.09115071296692,16545185.426170174,0.8869658840843299,23305685.446712635,0.8386723027819599,15.4
insurance,mean,streed,4,20,3,0.0005,1e-05,0.1,0.8170401202250437,26730661.50669887,43.21076612472534,16545190.260000106,0.8869658516055177,23304771.124101914,0.8386787035304414,15.4
insurance,mean,streed,4,20,3,0.0005,0.0001,0.001,0.8170854104481364,26724704.47498276,43.16609411239624,16545257.777377814,0.8869653958045683,23299441.219765227,0.838717035502113,15.4
insurance,mean,streed,4,20,3,0.0005,0.0001,0.1,0.8170955077693725,26723241.755100586,43.21097779273987,16545266.329349536,0.8869653381037953,23298539.45318936,0.8387233413424404,15.4
insurance,mean,streed,4,20,3,0.0005,0.001,0.001,0.820438570470065,26280724.802475937,43.05435948371887,16562540.455266023,0.8868469517735198,23023353.563455142,0.8406184894463724,15.2
insurance,mean,streed,4,20,3,0.0005,0.001,0.1,0.8204470503846807,26279488.104551874,43.010306167602536,16562564.525816042,0.8868467886183335,23022510.701908085,0.8406243347973346,15.2
insurance,mean,streed,4,20,3,0.0005,0.01,0.001,0.8275678214803076,25193013.256950032,42.988744783401486,16599931.152267987,0.886595563333367,22775976.27234734,0.8422779050795075,15.2
insurance,mean,streed,4,20,3,0.0005,0.01,0.1,0.8275719667518049,25192410.553832788,43.56014866828919,16599990.097760249,0.8865951590705048,22775513.20216112,0.8422810797934988,15.2
insurance,mean,streed,4,20,3,0.0005,0.1,0.001,0.8384856365149981,23645998.278016914,44.583613348007205,17191286.47829864,0.882556733334013,21513300.236612093,0.8510853908292504,15.2
insurance,mean,streed,4,20,3,0.0005,0.1,0.1,0.8384853439336453,23646041.695945688,44.58180336952209,17191446.478429165,0.8825556415243921,21513392.19681536,0.8510848266362802,15.2
insurance,mean,streed,4,20,3,0.001,1e-05,0.001,0.8188479960690854,26473603.006414272,41.35978651046753,16833305.51423581,0.8849665628407403,23052996.59581831,0.8401111253999074,12.6
insurance,mean,streed,4,20,3,0.001,1e-05,0.1,0.8188580007692939,26472151.887932606,41.316731452941895,16833307.75251556,0.8849665475360879,23052228.65123853,0.8401163869811421,12.6
insurance,mean,streed,4,20,3,0.001,0.0001,0.001,0.8189916248836402,26453189.557846982,41.223917198181155,16833333.1872163,0.8849663744034227,23048539.180388957,0.8401416833943524,12.6
insurance,mean,streed,4,20,3,0.001,0.0001,0.1,0.8190011102146573,26451814.103078697,41.188809108734134,16833338.06009563,0.8849663410956786,23047778.913992558,0.8401468920603609,12.6
insurance,mean,streed,4,20,3,0.001,0.001,0.001,0.8265720737183335,25368819.382390704,41.15300045013428,16835351.42130956,0.8849526442446066,22899176.47268451,0.8411853267176485,12.6
insurance,mean,streed,4,20,3,0.001,0.001,0.1,0.8265785926384119,25367873.72936047,41.08990135192871,16835369.137834117,0.8849525228636281,22898465.743236255,0.8411901959247823,12.6
insurance,mean,streed,4,20,3,0.001,0.01,0.001,0.8307223331759854,24730298.749623224,41.056825733184816,16856593.405942947,0.8848054445451561,22237339.656419847,0.8457735772481639,12.6
insurance,mean,streed,4,20,3,0.001,0.01,0.1,0.8307262300818726,24729735.71729406,41.09824447631836,16856647.841130555,0.8848050719114058,22236879.7585934,0.8457767476953109,12.6
insurance,mean,streed,4,20,3,0.001,0.1,0.001,0.8386879946643708,23615963.050573755,42.631385040283206,17427819.253084756,0.8809089432877417,21511590.45062577,0.8505251829371728,12.8
insurance,mean,streed,4,20,3,0.001,0.1,0.1,0.8386875825532293,23616024.074670944,42.27942628860474,17427968.229192425,0.8809079257356025,21511690.976925276,0.850524526726194,12.8
insurance,mean,streed,4,20,3,0.003,1e-05,0.001,0.824937991114284,25453445.62697815,39.03758277893066,18953163.639417045,0.870554423197663,20746089.83644584,0.8562835200932716,4.4
insurance,mean,streed,4,20,3,0.003,1e-05,0.1,0.8249454210173248,25452400.32272662,38.94799304008484,18953165.723733883,0.8705544085729555,20745816.247449767,0.8562854612914453,4.4
insurance,mean,streed,4,20,3,0.003,0.0001,0.001,0.8250641128529915,25435955.637760125,38.925878286361694,18953176.469074357,0.870554334591868,20744556.554114435,0.856293970349317,4.4
insurance,mean,streed,4,20,3,0.003,0.0001,0.1,0.8250714670782475,25434921.545973133,38.913089179992674,18953178.86962321,0.8705543178043239,20744283.537144564,0.8562959076101819,4.4
insurance,mean,streed,4,20,3,0.003,0.001,0.001,0.8262488949031205,25272084.320311867,38.9122673034668,18954284.970393375,0.8705463872611856,20809420.089199904,0.8559499214479637,4.4
insurance,mean,streed,4,20,3,0.003,0.001,0.1,0.8262557356765458,25271125.019708715,38.75366024971008,18954289.58254109,0.8705463557060726,20809187.567136947,0.8559516250545054,4.4
insurance,mean,streed,4,20,3,0.003,0.01,0.001,0.8480546978868932,22293193.814505063,38.83597359657288,18966451.11116294,0.8704642778506484,20670735.608799692,0.8569397834196317,4.4
insurance,mean,streed,4,20,3,0.003,0.01,0.1,0.8480561486733077,22292983.89671261,38.824362707138064,18966486.800758775,0.870464033925546,20670612.737588175,0.8569406153480511,4.4
insurance,mean,streed,4,20,3,0.003,0.1,0.001,0.8531754347383094,21545233.478105806,40.35291752815247,19332981.8720228,0.8679501406955701,20548606.222306587,0.857620288143706,4.4
insurance,mean,streed,4,20,3,0.003,0.1,0.1,0.8531746263313545,21545348.068257686,40.295574522018434,19333129.58005026,0.8679491308275405,20548718.288476154,0.8576195233709882,4.4
insurance,mean,streed,4,20,3,0.005,1e-05,0.001,0.8595298108728588,20609872.283520937,38.0947244644165,19660789.521101195,0.8657185157034301,20027355.28832744,0.8612599785374938,3.0
insurance,mean,streed,4,20,3,0.005,1e-05,0.1,0.8595305008380615,20609766.52472127,37.9622682094574,19660789.755713396,0.865718514119602,20027284.970146365,0.8612604717958657,3.0
insurance,mean,streed,4,20,3,0.005,0.0001,0.001,0.8595324416904303,20609460.45172748,38.68091158866882,19660790.355691843,0.8657185100804533,20027299.477784064,0.861260350683993,3.0
insurance,mean,streed,4,20,3,0.005,0.0001,0.1,0.8595331282996572,20609355.21854657,38.18348088264465,19660790.6972276,0.8657185077662122,20027229.28167849,0.8612608430915814,3.0
insurance,mean,streed,4,20,3,0.005,0.001,0.001,0.8595568575999714,20605644.499796573,37.655707883834836,19660816.09028321,0.8657183350778045,20026760.967436753,0.861263935903102,3.0
insurance,mean,streed,4,20,3,0.005,0.001,0.1,0.8595575090057267,20605544.789484672,37.65123610496521,19660817.497587293,0.8657183254831164,20026691.98814479,0.8612644198305819,3.0
insurance,mean,streed,4,20,3,0.005,0.01,0.001,0.8597004276563404,20583475.468110926,37.77357707023621,19662758.768209364,0.8657050734358727,20023272.71729533,0.8612866013308201,3.0
insurance,mean,streed,4,20,3,0.005,0.01,0.1,0.8597008890112614,20583404.827364013,38.027227067947386,19662770.97764953,0.8657049900466532,20023080.73407557,0.8612879164565512,3.0
insurance,mean,streed,4,20,3,0.005,0.1,0.001,0.8588388957553923,20705089.78035793,39.75631418228149,19519642.652347792,0.8666764813516249,20357931.70234755,0.8589588378351376,3.8
insurance,mean,streed,4,20,3,0.005,0.1,0.1,0.8588380052409272,20705217.48205311,39.28161435127258,19519785.284015976,0.8666755070136739,20358026.418751843,0.8589581886410647,3.8
insurance,mean,streed,4,20,3,0.008,1e-05,0.001,0.8608293243811938,20409028.795833502,34.17935585975647,19660789.521101195,0.8657185157034301,20027355.28832744,0.8612599785374938,3.0
insurance,mean,streed,4,20,3,0.008,1e-05,0.1,0.8608297520696633,20408966.085700747,34.09304437637329,19660789.755713396,0.865718514119602,20027284.970146365,0.8612604717958657,3.0
insurance,mean,streed,4,20,3,0.008,0.0001,0.001,0.8608296595358509,20408982.0549663,33.95039052963257,19660790.355691843,0.8657185100804533,20027299.477784064,0.861260350683993,3.0
insurance,mean,streed,4,20,3,0.008,0.0001,0.1,0.8608300863617858,20408919.470549352,33.861295986175534,19660790.6972276,0.8657185077662122,20027229.28167849,0.8612608430915814,3.0
insurance,mean,streed,4,20,3,0.008,0.001,0.001,0.8608328664400116,20408535.71161633,34.06736612319946,19660816.09028321,0.8657183350778045,20026760.967436753,0.861263935903102,3.0
insurance,mean,streed,4,20,3,0.008,0.001,0.1,0.8608332846703665,20408474.38002009,34.28095908164978,19660817.497587293,0.8657183254831164,20026691.98814479,0.8612644198305819,3.0
insurance,mean,streed,4,20,3,0.008,0.01,0.001,0.8608509845684816,20406103.905114047,34.63977670669556,19662758.768209364,0.8657050734358727,20023272.71729533,0.8612866013308201,3.0
insurance,mean,streed,4,20,3,0.008,0.01,0.1,0.8608513214463059,20406054.41410448,34.790199518203735,19662770.97764953,0.8657049900466532,20023080.73407557,0.8612879164565512,3.0
insurance,mean,streed,4,20,3,0.008,0.1,0.001,0.8598188165229816,20555068.10396081,36.60298881530762,19810279.378206242,0.8646974895978063,20131149.25128581,0.8605219605595493,3.0
insurance,mean,streed,4,20,3,0.008,0.1,0.1,0.8598184086606991,20555126.494275045,36.8549250125885,19810367.406313084,0.8646968882580708,20131190.57991008,0.8605216789636969,3.0
insurance,mean,streed,4,20,3,0.01,1e-05,0.001,0.8608293243811938,20409028.795833502,31.625036859512328,19660789.521101195,0.8657185157034301,20027355.28832744,0.8612599785374938,3.0
insurance,mean,streed,4,20,3,0.01,1e-05,0.1,0.8608297520696633,20408966.085700747,32.049692726135255,19660789.755713396,0.865718514119602,20027284.970146365,0.8612604717958657,3.0
insurance,mean,streed,4,20,3,0.01,0.0001,0.001,0.8608296595358509,20408982.0549663,32.115461111068726,19660790.355691843,0.8657185100804533,20027299.477784064,0.861260350683993,3.0
insurance,mean,streed,4,20,3,0.01,0.0001,0.1,0.8608300863617858,20408919.470549352,32.19497923851013,19660790.6972276,0.8657185077662122,20027229.28167849,0.8612608430915814,3.0
insurance,mean,streed,4,20,3,0.01,0.001,0.001,0.8608328664400116,20408535.71161633,32.16173801422119,19660816.09028321,0.8657183350778045,20026760.967436753,0.861263935903102,3.0
insurance,mean,streed,4,20,3,0.01,0.001,0.1,0.8608332846703665,20408474.38002009,32.31190462112427,19660817.497587293,0.8657183254831164,20026691.98814479,0.8612644198305819,3.0
insurance,mean,streed,4,20,3,0.01,0.01,0.001,0.8608509845684816,20406103.905114047,32.568077087402344,19662758.768209364,0.8657050734358727,20023272.71729533,0.8612866013308201,3.0
insurance,mean,streed,4,20,3,0.01,0.01,0.1,0.8608513214463059,20406054.41410448,32.36273016929626,19662770.97764953,0.8657049900466532,20023080.73407557,0.8612879164565512,3.0
insurance,mean,streed,4,20,3,0.01,0.1,0.001,0.8600078285366368,20530879.114884935,34.384168815612796,19810279.378206242,0.8646974895978063,20131149.25128581,0.8605219605595493,3.0
insurance,mean,streed,4,20,3,0.01,0.1,0.1,0.8600074325097001,20530935.990559775,34.43761692047119,19810367.406313084,0.8646968882580708,20131190.57991008,0.8605216789636969,3.0
insurance,mean,streed,4,20,3,0.03,1e-05,0.001,0.8383573205607687,23661374.519968297,24.08791298866272,23534809.31516465,0.8392387033995844,24044812.78020946,0.8335214858928175,2.0
insurance,mean,streed,4,20,3,0.03,1e-05,0.1,0.8383577667141113,23661308.395336203,24.15146622657776,23534809.51687671,0.8392387020363765,24044767.067918796,0.8335218305221812,2.0
insurance,mean,streed,4,20,3,0.03,0.0001,0.001,0.8383573585205746,23661366.323343202,24.101843929290773,23534810.214986324,0.8392386973152931,24044772.15545281,0.8335217272078197,2.0
insurance,mean,streed,4,20,3,0.03,0.0001,0.1,0.8383578038914102,23661300.312730186,24.100139617919922,23534810.51948146,0.8392386952498649,24044726.554118223,0.8335220710657316,2.0
insurance,mean,streed,4,20,3,0.03,0.001,0.001,0.8383575683179932,23661309.12188602,24.02081608772278,23534844.446775876,0.8392384640895868,24044392.36267457,0.8335239558884592,2.0
insurance,mean,streed,4,20,3,0.03,0.001,0.1,0.838358005879804,23661244.249129266,23.97709789276123,23534845.777182095,0.8392384550150721,24044347.86885606,0.8335242920460326,2.0
insurance,mean,streed,4,20,3,0.03,0.01,0.001,0.8383428075396923,23663195.700820964,23.98658118247986,23537662.6675278,0.8392192176823674,24043190.40974888,0.8335281416316143,2.0
insurance,mean,streed,4,20,3,0.03,0.01,0.1,0.8383431704432016,23663141.690098386,24.064776182174683,23537674.53645397,0.8392191366055446,24043022.965859704,0.8335293089488369,2.0
insurance,mean,streed,4,20,3,0.03,0.1,0.001,0.857557829656199,20890739.842162568,25.960629177093505,19810279.378206242,0.8646974895978063,20131149.25128581,0.8605219605595493,3.0
insurance,mean,streed,4,20,3,0.03,0.1,0.1,0.8575574444691287,20890795.125656158,26.100949144363405,19810367.406313084,0.8646968882580708,20131190.57991008,0.8605216789636969,3.0
insurance,mean,streed,4,20,3,0.05,1e-05,0.001,0.83579305470119,24046443.180181496,7.197893810272217,23534809.31516465,0.8392387033995844,24044812.78020946,0.8335214858928175,2.0
insurance,mean,streed,4,20,3,0.05,1e-05,0.1,0.8357935559906251,24046369.127104364,7.180272245407105,23534809.51687671,0.8392387020363765,24044767.067918796,0.8335218305221812,2.0
insurance,mean,streed,4,20,3,0.05,0.0001,0.001,0.8357932828349537,24046408.23243234,7.187807369232178,23534810.214986324,0.8392386973152931,24044772.15545281,0.8335217272078197,2.0
insurance,mean,streed,4,20,3,0.05,0.0001,0.1,0.8357937833345668,24046334.29454511,7.203179597854614,23534810.51948146,0.8392386952498649,24044726.554118223,0.8335220710657316,2.0
insurance,mean,streed,4,20,3,0.05,0.001,0.001,0.8357953825586237,24046085.286999505,7.177505445480347,23534844.446775876,0.8392384640895868,24044392.36267457,0.8335239558884592,2.0
insurance,mean,streed,4,20,3,0.05,0.001,0.1,0.8357958751749406,24046012.49883893,7.17593936920166,23534845.777182095,0.8392384550150721,24044347.86885606,0.8335242920460326,2.0
insurance,mean,streed,4,20,3,0.05,0.01,0.001,0.8357983461826615,24045490.096121423,7.157302379608154,23537662.6675278,0.8392192176823674,24043190.40974888,0.8335281416316143,2.0
insurance,mean,streed,4,20,3,0.05,0.01,0.1,0.835798763294137,24045428.30370082,7.13562970161438,23537674.53645397,0.8392191366055446,24043022.965859704,0.8335293089488369,2.0
insurance,mean,streed,4,20,3,0.05,0.1,0.001,0.8343509551175934,24255323.245506145,8.557721853256226,23771949.731513448,0.8376186888413859,24247158.07228243,0.8320636233787579,2.0
insurance,mean,streed,4,20,3,0.05,0.1,0.1,0.8343506430242146,24255367.24185483,8.592589616775513,23772043.19088933,0.837618050342064,24247225.033086948,0.8320631860013279,2.0
insurance,mean,streed,4,20,3,0.08,1e-05,0.001,0.83579305470119,24046443.180181496,0.7223583221435546,23534809.31516465,0.8392387033995844,24044812.78020946,0.8335214858928175,2.0
insurance,mean,streed,4,20,3,0.08,1e-05,0.1,0.8357935559906251,24046369.127104364,0.7194524765014648,23534809.51687671,0.8392387020363765,24044767.067918796,0.8335218305221812,2.0
insurance,mean,streed,4,20,3,0.08,0.0001,0.001,0.8357932828349537,24046408.23243234,0.7172280311584471,23534810.214986324,0.8392386973152931,24044772.15545281,0.8335217272078197,2.0
insurance,mean,streed,4,20,3,0.08,0.0001,0.1,0.8357937833345668,24046334.29454511,0.7180274963378905,23534810.51948146,0.8392386952498649,24044726.554118223,0.8335220710657316,2.0
insurance,mean,streed,4,20,3,0.08,0.001,0.001,0.8357953825586237,24046085.286999505,0.7199477672576904,23534844.446775876,0.8392384640895868,24044392.36267457,0.8335239558884592,2.0
insurance,mean,streed,4,20,3,0.08,0.001,0.1,0.8357958751749406,24046012.49883893,0.7177542209625244,23534845.777182095,0.8392384550150721,24044347.86885606,0.8335242920460326,2.0
insurance,mean,streed,4,20,3,0.08,0.01,0.001,0.8357983461826615,24045490.096121423,0.9461465835571289,23537662.6675278,0.8392192176823674,24043190.40974888,0.8335281416316143,2.0
insurance,mean,streed,4,20,3,0.08,0.01,0.1,0.835798763294137,24045428.30370082,0.9434484481811524,23537674.53645397,0.8392191366055446,24043022.965859704,0.8335293089488369,2.0
insurance,mean,streed,4,20,3,0.08,0.1,0.001,0.8343509551175934,24255323.245506145,1.173794651031494,23771949.731513448,0.8376186888413859,24247158.07228243,0.8320636233787579,2.0
insurance,mean,streed,4,20,3,0.08,0.1,0.1,0.8343506430242146,24255367.24185483,1.1684457302093505,23772043.19088933,0.837618050342064,24247225.033086948,0.8320631860013279,2.0
insurance,mean,streed,4,20,3,0.1,1e-05,0.001,0.83579305470119,24046443.180181496,0.0667568206787109,23534809.31516465,0.8392387033995844,24044812.78020946,0.8335214858928175,2.0
insurance,mean,streed,4,20,3,0.1,1e-05,0.1,0.8357935559906251,24046369.127104364,0.0658490657806396,23534809.51687671,0.8392387020363765,24044767.067918796,0.8335218305221812,2.0
insurance,mean,streed,4,20,3,0.1,0.0001,0.001,0.8357932828349537,24046408.23243234,0.06598248481750482,23534810.214986324,0.8392386973152931,24044772.15545281,0.8335217272078197,2.0
insurance,mean,streed,4,20,3,0.1,0.0001,0.1,0.8357937833345668,24046334.29454511,0.06580810546874996,23534810.51948146,0.8392386952498649,24044726.554118223,0.8335220710657316,2.0
insurance,mean,streed,4,20,3,0.1,0.001,0.001,0.8357953825586237,24046085.286999505,0.0659406185150146,23534844.446775876,0.8392384640895868,24044392.36267457,0.8335239558884592,2.0
insurance,mean,streed,4,20,3,0.1,0.001,0.1,0.8357958751749406,24046012.49883893,0.06567816734313961,23534845.777182095,0.8392384550150721,24044347.86885606,0.8335242920460326,2.0
insurance,mean,streed,4,20,3,0.1,0.01,0.001,0.8357983461826615,24045490.096121423,0.06574988365173337,23537662.6675278,0.8392192176823674,24043190.40974888,0.8335281416316143,2.0
insurance,mean,streed,4,20,3,0.1,0.01,0.1,0.835798763294137,24045428.30370082,0.06542625427246088,23537674.53645397,0.8392191366055446,24043022.965859704,0.8335293089488369,2.0
insurance,mean,streed,4,20,3,0.1,0.1,0.001,0.8343509551175934,24255323.245506145,0.0647971153259277,23771949.731513448,0.8376186888413859,24247158.07228243,0.8320636233787579,2.0
insurance,mean,streed,4,20,3,0.1,0.1,0.1,0.8343506430242146,24255367.24185483,0.06366734504699702,23772043.19088933,0.837618050342064,24247225.033086948,0.8320631860013279,2.0
insurance,std,streed,4,20,3,0.0001,1e-05,0.001,0.021689201020155827,2769153.8055201876,1.3741057663403284,1017667.4418753652,0.007788027194682381,5059288.348872213,0.036217939996347225,0.0
insurance,std,streed,4,20,3,0.0001,1e-05,0.1,0.021686095468120753,2768818.204361703,1.7099921649424512,1017668.0880785426,0.007788020869113878,5059422.311430365,0.03621852997795226,0.0
insurance,std,streed,4,20,3,0.0001,0.0001,0.001,0.021646424816834955,2755982.766230269,1.8042971202944784,1017665.7136120425,0.007787930056775965,5060337.855729003,0.036225235493904495,0.0
insurance,std,streed,4,20,3,0.0001,0.0001,0.1,0.021643300561566558,2755605.998194688,1.9479716841963615,1017666.187396924,0.007787920601242886,5060468.338810361,0.036225832436994544,0.0
insurance,std,streed,4,20,3,0.0001,0.001,0.001,0.020708669111209974,2776635.6805548915,1.9700227032969322,1015794.2348308258,0.007775409319283835,4791278.577966431,0.03455133919444523,0.0
insurance,std,streed,4,20,3,0.0001,0.001,0.1,0.021271850211855414,2830090.2954672636,1.8824283357921152,1015802.0624169946,0.007775441745221176,4791363.446499791,0.03455180006678373,0.0
insurance,std,streed,4,20,3,0.0001,0.01,0.001,0.014154469350649507,1602331.3020665864,1.996455487298845,1024775.7681178245,0.007853489263094718,4905782.718965243,0.03535418654417909,0.0
insurance,std,streed,4,20,3,0.0001,0.01,0.1,0.014152951907380446,1602158.570498868,1.9078496675120173,1024787.4919679811,0.00785358030235792,4905828.669849424,0.03535426464446399,0.0
insurance,std,streed,4,20,3,0.0001,0.1,0.001,0.008397578352729003,968371.9263172966,1.9761161436409729,1166052.4965214997,0.00854711979291934,4695658.479222757,0.03398392202254073,0.0
insurance,std,streed,4,20,3,0.0001,0.1,0.1,0.008397594760538763,968297.2056440992,1.8787129096299306,1166036.8142630358,0.008547017738367234,4695655.475905867,0.033983554515598875,0.0
insurance,std,streed,4,20,3,0.0005,1e-05,0.001,0.018857020775446678,2415245.077078451,1.909826968910588,1039232.8817317422,0.007952792207649445,5078273.524055411,0.03671400276637155,0.8944271909999157
insurance,std,streed,4,20,3,0.0005,1e-05,0.1,0.018854144719652362,2414908.661878811,1.9024844054040864,1039233.4400458465,0.007952785589068536,5078407.263881653,0.03671448959290534,0.8944271909999157
insurance,std,streed,4,20,3,0.0005,0.0001,0.001,0.018809107768198458,2399546.884478708,1.746745770665662,1039228.776029866,0.007952657062377053,5078957.538738041,0.036711780368092764,0.8944271909999157
insurance,std,streed,4,20,3,0.0005,0.0001,0.1,0.018806191684135876,2399160.806632581,1.7978584883596407,1039229.0925765358,0.007952645927407234,5079088.214976319,0.036712284064631305,0.8944271909999157
insurance,std,streed,4,20,3,0.0005,0.001,0.001,0.018833480233573577,2520191.5774636553,1.8056552242179382,1037953.5862648597,0.00795180789516,4811216.005992408,0.03498967250999416,0.8366600265340756
insurance,std,streed,4,20,3,0.0005,0.001,0.1,0.018830697397113936,2519830.6994470083,1.676968713156832,1037960.6574178316,0.00795182846325014,4811298.977818147,0.03499009606263361,0.8366600265340756
insurance,std,streed,4,20,3,0.0005,0.01,0.001,0.01197939600663901,1474394.1914113162,1.8071013927990283,1067486.4146384483,0.008060222820499377,4897714.189582219,0.035714233751850316,1.095445115010332
insurance,std,streed,4,20,3,0.0005,0.01,0.1,0.01197858865032324,1474280.2783705962,1.2562170955355199,1067491.5316469518,0.008060289349164479,4897730.800829564,0.03571442208219901,1.095445115010332
insurance,std,streed,4,20,3,0.0005,0.1,0.001,0.009024840188995145,981534.012240623,1.950307196470727,1164511.512797582,0.008684888715329513,4758699.508591523,0.034611939405194796,0.8366600265340756
insurance,std,streed,4,20,3,0.0005,0.1,0.1,0.009024792400622351,981455.0594880946,2.2607294292457363,1164495.3169776644,0.008684779692253198,4758710.286378737,0.034611696823659825,0.8366600265340756
insurance,std,streed,4,20,3,0.001,1e-05,0.001,0.019460578767331985,2626935.9793031155,1.6060489001555036,1044238.9176183933,0.008587946000391174,5636979.609231914,0.041748448604544464,1.6733200530681513
insurance,std,streed,4,20,3,0.001,1e-05,0.1,0.019457688617030115,2626552.7967310823,1.6118705558875324,1044237.1817826962,0.008587936596297226,5636926.328278909,0.041748200087584446,1.6733200530681513
insurance,std,streed,4,20,3,0.001,0.0001,0.001,0.019413014837341227,2622324.952371405,1.6817146729444419,1044210.0581437343,0.008587774179094256,5635517.153144077,0.04173991204571869,1.6733200530681513
insurance,std,streed,4,20,3,0.001,0.0001,0.1,0.019409988117791883,2621881.774434882,1.6141306374084188,1044207.3006929023,0.008587759376862226,5635467.01268323,0.04173968504753924,1.6733200530681513
insurance,std,streed,4,20,3,0.001,0.001,0.001,0.012271263026708806,1631760.4947737025,1.6602222408582146,1041641.7789067759,0.00857251045231459,5411493.52240335,0.040200980346913884,1.6733200530681513
insurance,std,streed,4,20,3,0.001,0.001,0.1,0.012270806036048304,1631708.917323208,1.581541046841138,1041642.3336564923,0.008572521470470667,5411445.0818573,0.040200769007349896,1.6733200530681513
insurance,std,streed,4,20,3,0.001,0.01,0.001,0.013112703142266723,1514102.2349765524,1.4982770818079185,1124381.4261281425,0.009076147017776743,4905220.114713409,0.03680177312857377,1.9493588689617927
insurance,std,streed,4,20,3,0.001,0.01,0.1,0.01311161345155598,1513969.7601624145,1.6148722062003558,1124386.2191959969,0.009076193897984959,4905250.005685723,0.03680195166957074,1.9493588689617927
insurance,std,streed,4,20,3,0.001,0.1,0.001,0.008561542860785039,924806.522223648,1.9167932972091113,1042437.3463844572,0.008588164839901014,5995846.917149836,0.04490441204214298,1.643167672515498
insurance,std,streed,4,20,3,0.001,0.1,0.1,0.008561401703796146,924708.9339609531,1.869115673486298,1042440.3954586411,0.008588196284380978,5995927.094265038,0.04490481790077744,1.643167672515498
insurance,std,streed,4,20,3,0.003,1e-05,0.001,0.056931788304964696,7757324.7409038525,1.4119663505693836,1093619.5896621023,0.0077258599143185175,4818830.903188111,0.035058769907173895,0.894427190999916
insurance,std,streed,4,20,3,0.003,1e-05,0.1,0.05692290332596448,7756116.341326297,1.3636680307366262,1093617.9146538374,0.007725857850356716,4818759.430687462,0.03505815704472964,0.894427190999916
insurance,std,streed,4,20,3,0.003,0.0001,0.001,0.056718284673718006,7728208.008023047,1.3751431228391913,1093613.4498507408,0.007725842475277006,4817926.81262159,0.03505428584993288,0.894427190999916
insurance,std,streed,4,20,3,0.003,0.0001,0.1,0.056709410373218576,7727001.577338415,1.3938262269250181,1093611.7602122095,0.007725840393058698,4817855.656241398,0.03505367481940506,0.894427190999916
insurance,std,streed,4,20,3,0.003,0.001,0.001,0.054647484343845046,7446099.86214955,1.3202990937107424,1093787.7885558824,0.007735543267460325,4775877.66223103,0.03442110750114702,0.894427190999916
insurance,std,streed,4,20,3,0.003,0.001,0.1,0.054638861006303156,7444929.953773422,1.3350515445446165,1093785.7091003223,0.00773553106484221,4775798.915085304,0.03442027034764869,0.894427190999916
insurance,std,streed,4,20,3,0.003,0.01,0.001,0.011848768534274133,1563438.3137165483,1.3547112653290287,1098092.2072412968,0.0077419310348091205,4732530.240109575,0.0340846360744706,0.894427190999916
insurance,std,streed,4,20,3,0.003,0.01,0.1,0.011847884362056506,1563349.4858423157,1.4850900464566887,1098091.5951816891,0.0077419320186507415,4732431.678377225,0.03408408557077012,0.894427190999916
insurance,std,streed,4,20,3,0.003,0.1,0.001,0.010423280861921414,1258232.2163644421,1.6729671824304604,1096820.810597449,0.007952394383249387,4817622.709570448,0.035677350385392124,0.5477225575051663
insurance,std,streed,4,20,3,0.003,0.1,0.1,0.010423367025186744,1258196.5586824282,1.5815467585434995,1096825.6430289396,0.007952454184127499,4817600.765844877,0.03567717451591621,0.5477225575051663
insurance,std,streed,4,20,3,0.005,1e-05,0.001,0.00893924236009334,1059289.6701888216,1.466546360905368,1032664.8443414143,0.007393507343352302,4726913.572015746,0.03484583099270025,0.0
insurance,std,streed,4,20,3,0.005,1e-05,0.1,0.00893892852274713,1059209.2214783092,1.47324929873345,1032664.7890551386,0.007393506563013961,4726847.660096566,0.034845344436798174,0.0
insurance,std,streed,4,20,3,0.005,0.0001,0.001,0.008937581641958516,1058983.6259154233,1.0260871560241005,1032664.7774104709,0.007393505131985613,4726617.38154912,0.034843877975950587,0.0
insurance,std,streed,4,20,3,0.005,0.0001,0.1,0.008937269637794572,1058903.5601410253,2.499270579251775,1032664.7172993515,0.007393504328545582,4726551.493282983,0.03484339161874973,0.0
insurance,std,streed,4,20,3,0.005,0.001,0.001,0.008922150939100499,1056179.5462073842,1.503368718621476,1032663.5694361832,0.007393480543636337,4723661.033811069,0.03482439145858872,0.0
insurance,std,streed,4,20,3,0.005,0.001,0.1,0.00892185775694394,1056103.4409882366,1.5619516847942692,1032663.4611971981,0.007393479509777371,4723595.381414472,0.03482390708185269,0.0
insurance,std,streed,4,20,3,0.005,0.01,0.001,0.00882337544273388,1040389.6090166317,1.5784403972014394,1032597.567393544,0.007392983855348325,4694640.962635951,0.03463378449659855,0.0
insurance,std,streed,4,20,3,0.005,0.01,0.1,0.00882316192534913,1040328.4530331286,1.2827596703633704,1032597.271444777,0.007392982495945805,4694673.102126518,0.03463401379512975,0.0
insurance,std,streed,4,20,3,0.005,0.1,0.001,0.009537734999877019,1116618.864481132,1.605573333243698,988619.8101208742,0.007249175776855839,4593547.035163977,0.034058694946315686,0.447213595499958
insurance,std,streed,4,20,3,0.005,0.1,0.1,0.009537842068320541,1116585.628485191,1.973253669865825,988611.4109406087,0.007249134698981336,4593542.432606431,0.034058649337876,0.447213595499958
insurance,std,streed,4,20,3,0.008,1e-05,0.001,0.00811654419789877,978249.9914770663,1.9951765687130474,1032664.8443414143,0.007393507343352302,4726913.572015746,0.03484583099270025,0.0
insurance,std,streed,4,20,3,0.008,1e-05,0.1,0.008116370394467876,978207.0179287795,1.892004635658855,1032664.7890551386,0.007393506563013961,4726847.660096566,0.034845344436798174,0.0
insurance,std,streed,4,20,3,0.008,0.0001,0.001,0.008116484726334642,978235.0560981872,1.9120016930084556,1032664.7774104709,0.007393505131985613,4726617.38154912,0.034843877975950587,0.0
insurance,std,streed,4,20,3,0.008,0.0001,0.1,0.008116310895554823,978192.0727520984,1.8144701288218232,1032664.7172993515,0.007393504328545582,4726551.493282983,0.03484339161874973,0.0
insurance,std,streed,4,20,3,0.008,0.001,0.001,0.008115880077769566,978083.7438754009,1.6894830597451587,1032663.5694361832,0.007393480543636337,4723661.033811069,0.03482439145858872,0.0
insurance,std,streed,4,20,3,0.008,0.001,0.1,0.008115705978877487,978040.6636085948,1.5692777834578562,1032663.4611971981,0.007393479509777371,4723595.381414472,0.03482390708185269,0.0
insurance,std,streed,4,20,3,0.008,0.01,0.001,0.008108925076087929,976389.5135709762,1.551717427864484,1032597.567393544,0.007392983855348325,4694640.962635951,0.03463378449659855,0.0
insurance,std,streed,4,20,3,0.008,0.01,0.1,0.008108751986836504,976346.1245694057,1.5219350331636277,1032597.271444777,0.007392982495945805,4694673.102126518,0.03463401379512975,0.0
insurance,std,streed,4,20,3,0.008,0.1,0.001,0.008262595023273752,949850.7626046737,1.1810256564539376,1027079.6463595156,0.0073647124549436945,4448859.59959277,0.03307036443946345,0.0
insurance,std,streed,4,20,3,0.008,0.1,0.1,0.00826257096570697,949829.1807994775,0.9162857162229806,1027074.4540104927,0.007364685768553169,4448807.659293876,0.03306999691652739,0.0
insurance,std,streed,4,20,3,0.01,1e-05,0.001,0.00811654419789877,978249.9914770663,0.698812353568051,1032664.8443414143,0.007393507343352302,4726913.572015746,0.03484583099270025,0.0
insurance,std,streed,4,20,3,0.01,1e-05,0.1,0.008116370394467876,978207.0179287795,1.3634004241856297,1032664.7890551386,0.007393506563013961,4726847.660096566,0.034845344436798174,0.0
insurance,std,streed,4,20,3,0.01,0.0001,0.001,0.008116484726334642,978235.0560981872,1.4130968392628482,1032664.7774104709,0.007393505131985613,4726617.38154912,0.034843877975950587,0.0
insurance,std,streed,4,20,3,0.01,0.0001,0.1,0.008116310895554823,978192.0727520984,1.4070465993500874,1032664.7172993515,0.007393504328545582,4726551.493282983,0.03484339161874973,0.0
insurance,std,streed,4,20,3,0.01,0.001,0.001,0.008115880077769566,978083.7438754009,1.3930652327199018,1032663.5694361832,0.007393480543636337,4723661.033811069,0.03482439145858872,0.0
insurance,std,streed,4,20,3,0.01,0.001,0.1,0.008115705978877487,978040.6636085948,1.5358390896317047,1032663.4611971981,0.007393479509777371,4723595.381414472,0.03482390708185269,0.0
insurance,std,streed,4,20,3,0.01,0.01,0.001,0.008108925076087929,976389.5135709762,1.5010449995499107,1032597.567393544,0.007392983855348325,4694640.962635951,0.03463378449659855,0.0
insurance,std,streed,4,20,3,0.01,0.01,0.1,0.008108751986836504,976346.1245694057,1.4623832208864167,1032597.271444777,0.007392982495945805,4694673.102126518,0.03463401379512975,0.0
insurance,std,streed,4,20,3,0.01,0.1,0.001,0.007997954136584592,949873.9801927764,1.6482267002891777,1027079.6463595156,0.0073647124549436945,4448859.59959277,0.03307036443946345,0.0
insurance,std,streed,4,20,3,0.01,0.1,0.1,0.00799790406343718,949851.2222540746,1.740234591085047,1027074.4540104927,0.007364685768553169,4448807.659293876,0.03306999691652739,0.0
insurance,std,streed,4,20,3,0.03,1e-05,0.001,0.007676139922190722,1284698.855797797,1.8784862878317414,1219551.9855942857,0.00921937151821048,5109784.48342663,0.037670268786580745,0.0
insurance,std,streed,4,20,3,0.03,1e-05,0.1,0.007676034281058507,1284682.0280630556,1.8798347513316211,1219551.8560823777,0.00921937041912696,5109664.177221965,0.03766932083121273,0.0
insurance,std,streed,4,20,3,0.03,0.0001,0.001,0.0076762460641627,1284693.2541569448,1.8410855580240122,1219551.6422382449,0.009219368110411274,5109095.7892399,0.03766582914715336,0.0
insurance,std,streed,4,20,3,0.03,0.0001,0.1,0.007676140423002938,1284676.4195474074,1.8211844924084342,1219551.5065916516,0.0092193669849145,5108975.513111228,0.03766488141647191,0.0
insurance,std,streed,4,20,3,0.03,0.001,0.001,0.007677294692954895,1284636.812417509,1.8615592320932373,1219546.8857231874,0.009219328344127808,5102220.467101567,0.03762152621427154,0.0
insurance,std,streed,4,20,3,0.03,0.001,0.1,0.007677189051024891,1284619.9093341292,1.8515402763104845,1219546.6889407295,0.009219326955594893,5102100.491239475,0.037620580727182405,0.0
insurance,std,streed,4,20,3,0.03,0.01,0.001,0.007686044207415317,1283974.3595279742,1.7402931105759651,1219370.1236021225,0.009218377534443845,5034613.647409472,0.037187726691854814,0.0
insurance,std,streed,4,20,3,0.03,0.01,0.1,0.00768594250013339,1283957.3068379657,1.7634776506179208,1219369.7397083736,0.009218376184775475,5034612.288288595,0.03718763073694003,0.0
insurance,std,streed,4,20,3,0.03,0.1,0.001,0.012142614122172867,1227020.6905831008,0.18692562226251402,1027079.6463595156,0.0073647124549436945,4448859.59959277,0.03307036443946345,0.0
insurance,std,streed,4,20,3,0.03,0.1,0.1,0.012142625987416493,1227013.2743695802,0.30703098326897454,1027074.4540104927,0.007364685768553169,4448807.659293876,0.03306999691652739,0.0
insurance,std,streed,4,20,3,0.05,1e-05,0.001,0.009808546607846195,1313393.899097207,3.392405128886027,1219551.9855942857,0.00921937151821048,5109784.48342663,0.037670268786580745,0.0
insurance,std,streed,4,20,3,0.05,1e-05,0.1,0.009808433135616834,1313382.0138704632,3.3823918430856126,1219551.8560823777,0.00921937041912696,5109664.177221965,0.03766932083121273,0.0
insurance,std,streed,4,20,3,0.05,0.0001,0.001,0.009808531503599742,1313408.4265032574,3.378935232333978,1219551.6422382449,0.009219368110411274,5109095.7892399,0.03766582914715336,0.0
insurance,std,streed,4,20,3,0.05,0.0001,0.1,0.0098084180362586,1313396.5342681084,3.398001635641649,1219551.5065916516,0.0092193669849145,5108975.513111228,0.03766488141647191,0.0
insurance,std,streed,4,20,3,0.05,0.001,0.001,0.009808375430178455,1313552.4477995064,3.3795130818639376,1219546.8857231874,0.009219328344127808,5102220.467101567,0.03762152621427154,0.0
insurance,std,streed,4,20,3,0.05,0.001,0.1,0.009808262012036906,1313540.4857312993,3.3730526059482235,1219546.6889407295,0.009219326955594893,5102100.491239475,0.037620580727182405,0.0
insurance,std,streed,4,20,3,0.05,0.01,0.001,0.009805887527951734,1314803.8138005394,3.373031262309175,1219370.1236021225,0.009218377534443845,5034613.647409472,0.037187726691854814,0.0
insurance,std,streed,4,20,3,0.05,0.01,0.1,0.009805778362898707,1314791.7794875163,3.3624429558942808,1219369.7397083736,0.009218376184775475,5034612.288288595,0.03718763073694003,0.0
insurance,std,streed,4,20,3,0.05,0.1,0.001,0.009751375990098425,1318373.8196480689,0.5093609626359211,1207283.037604703,0.009167115231073001,4459291.308143352,0.033672965036911744,0.0
insurance,std,streed,4,20,3,0.05,0.1,0.1,0.00975138527348243,1318377.9246849993,0.5117895278704052,1207276.2574289073,0.009167083760102349,4459191.072894266,0.0336721744606377,0.0
insurance,std,streed,4,20,3,0.08,1e-05,0.001,0.009808546607846195,1313393.899097207,0.5975590656288302,1219551.9855942857,0.00921937151821048,5109784.48342663,0.037670268786580745,0.0
insurance,std,streed,4,20,3,0.08,1e-05,0.1,0.009808433135616834,1313382.0138704632,0.5948885611863155,1219551.8560823777,0.00921937041912696,5109664.177221965,0.03766932083121273,0.0
insurance,std,streed,4,20,3,0.08,0.0001,0.001,0.009808531503599742,1313408.4265032574,0.5926018764624893,1219551.6422382449,0.009219368110411274,5109095.7892399,0.03766582914715336,0.0
insurance,std,streed,4,20,3,0.08,0.0001,0.1,0.0098084180362586,1313396.5342681084,0.593462882631306,1219551.5065916516,0.0092193669849145,5108975.513111228,0.03766488141647191,0.0
insurance,std,streed,4,20,3,0.08,0.001,0.001,0.009808375430178455,1313552.4477995064,0.5954566364603723,1219546.8857231874,0.009219328344127808,5102220.467101567,0.03762152621427154,0.0
insurance,std,streed,4,20,3,0.08,0.001,0.1,0.009808262012036906,1313540.4857312993,0.5928992612824946,1219546.6889407295,0.009219326955594893,5102100.491239475,0.037620580727182405,0.0
insurance,std,streed,4,20,3,0.08,0.01,0.001,0.009805887527951734,1314803.8138005394,0.4922135606532406,1219370.1236021225,0.009218377534443845,5034613.647409472,0.037187726691854814,0.0
insurance,std,streed,4,20,3,0.08,0.01,0.1,0.009805778362898707,1314791.7794875163,0.4905631524142127,1219369.7397083736,0.009218376184775475,5034612.288288595,0.03718763073694003,0.0
insurance,std,streed,4,20,3,0.08,0.1,0.001,0.009751375990098425,1318373.8196480689,0.03481292114487924,1207283.037604703,0.009167115231073001,4459291.308143352,0.033672965036911744,0.0
insurance,std,streed,4,20,3,0.08,0.1,0.1,0.00975138527348243,1318377.9246849993,0.03312164877593617,1207276.2574289073,0.009167083760102349,4459191.072894266,0.0336721744606377,0.0
insurance,std,streed,4,20,3,0.1,1e-05,0.001,0.009808546607846195,1313393.899097207,0.0022437096169048714,1219551.9855942857,0.00921937151821048,5109784.48342663,0.037670268786580745,0.0
insurance,std,streed,4,20,3,0.1,1e-05,0.1,0.009808433135616834,1313382.0138704632,0.00269512737217394,1219551.8560823777,0.00921937041912696,5109664.177221965,0.03766932083121273,0.0
insurance,std,streed,4,20,3,0.1,0.0001,0.001,0.009808531503599742,1313408.4265032574,0.0025499461714581137,1219551.6422382449,0.009219368110411274,5109095.7892399,0.03766582914715336,0.0
insurance,std,streed,4,20,3,0.1,0.0001,0.1,0.0098084180362586,1313396.5342681084,0.002632742357216497,1219551.5065916516,0.0092193669849145,5108975.513111228,0.03766488141647191,0.0
insurance,std,streed,4,20,3,0.1,0.001,0.001,0.009808375430178455,1313552.4477995064,0.0023028445309383914,1219546.8857231874,0.009219328344127808,5102220.467101567,0.03762152621427154,0.0
insurance,std,streed,4,20,3,0.1,0.001,0.1,0.009808262012036906,1313540.4857312993,0.00287542968858249,1219546.6889407295,0.009219326955594893,5102100.491239475,0.037620580727182405,0.0
insurance,std,streed,4,20,3,0.1,0.01,0.001,0.009805887527951734,1314803.8138005394,0.0026894789454112718,1219370.1236021225,0.009218377534443845,5034613.647409472,0.037187726691854814,0.0
insurance,std,streed,4,20,3,0.1,0.01,0.1,0.009805778362898707,1314791.7794875163,0.002886313312198077,1219369.7397083736,0.009218376184775475,5034612.288288595,0.03718763073694003,0.0
insurance,std,streed,4,20,3,0.1,0.1,0.001,0.009751375990098425,1318373.8196480689,0.0025076196730597655,1207283.037604703,0.009167115231073001,4459291.308143352,0.033672965036911744,0.0
insurance,std,streed,4,20,3,0.1,0.1,0.1,0.00975138527348243,1318377.9246849993,0.002753836267625316,1207276.2574289073,0.009167083760102349,4459191.072894266,0.0336721744606377,0.0
insurance,best_by_mean_val_r2,streed,4,20,3,0.01,0.01,0.1,0.8608513214463059,20406054.41410448,32.36273016929626,19662770.97764953,0.8657049900466532,20023080.73407557,0.8612879164565512,3.0
