dataset,outer,method,depth,n_thresholds,cv_folds,cost_complexity,ridge_penalty,lasso_penalty,val_r2,val_mse,train_time_s,train_mse,train_r2,test_mse,test_r2,n_leaves,threshold_label
auction,outer_0,streed,4,1634.0,3,0.1,0.1,0.1,0.8396204608795843,17120033.312402457,1.9490458965301516,16805888.249943558,0.8422754789170368,18658740.637679763,0.8330165276078381,3.0,full
auction,outer_0,streed,4,1634.0,3,0.1,0.1,0.001,0.8396229139072329,17119768.925389092,1.9565362930297847,16805570.667571936,0.8422784594514021,18658612.89423184,0.8330176708277864,3.0,full
auction,outer_0,streed,4,1634.0,3,0.1,0.01,0.1,0.8697639215259639,13890436.774869949,1.8901875019073489,13536321.187060812,0.8729606109060315,16003428.008567512,0.8567798314505706,3.0,full
auction,outer_0,streed,4,1634.0,3,0.1,0.01,0.001,0.8697640924259197,13890412.14642187,1.8892426490783687,13536198.724460404,0.8729617602267168,16003560.375618774,0.8567786468524092,3.0,full
auction,outer_0,streed,4,1634.0,3,0.1,0.001,0.1,0.8711572914222505,13735521.47549788,1.8924980163574217,13359391.866471233,0.8746211058433115,15966767.50004674,0.8571079189207451,3.0,full
auction,outer_0,streed,4,1634.0,3,0.1,0.001,0.001,0.8711561993495018,13735629.758048778,1.9007411003112795,13359373.024054892,0.8746212826808014,15966975.545499297,0.857106057050603,3.0,full
auction,outer_0,streed,4,1634.0,3,0.1,0.0001,0.1,0.8711560910330273,13734832.391282668,1.8974602222442627,13355611.713180484,0.8746565828653252,15978813.835121265,0.8570001121346708,3.0,full
auction,outer_0,streed,4,1634.0,3,0.1,0.0001,0.001,0.8711550673616731,13734931.887669316,1.9037694931030276,13355608.582523398,0.8746566122467767,15979035.470185688,0.856998128646429,3.0,full
auction,outer_0,streed,4,1634.0,3,0.1,1e-05,0.1,0.8711541156340123,13734958.88494564,1.898265361785889,13355420.5381868,0.8746583770569725,15980225.422314882,0.8569874793565133,3.0,full
auction,outer_0,streed,4,1634.0,3,0.1,1e-05,0.001,0.8711530741955286,13735060.256113134,1.8979158401489256,13355419.165947376,0.8746583899355423,15980448.864006208,0.8569854797001474,3.0,full
auction,outer_0,streed,4,1634.0,3,0.08,0.1,0.1,0.8396204608795843,17120033.312402457,9.979315996170044,16805888.249943558,0.8422754789170368,18658740.637679763,0.8330165276078381,3.0,full
auction,outer_0,streed,4,1634.0,3,0.08,0.1,0.001,0.8396229139072329,17119768.925389092,9.972673416137695,16805570.667571936,0.8422784594514021,18658612.89423184,0.8330176708277864,3.0,full
auction,outer_0,streed,4,1634.0,3,0.08,0.01,0.1,0.8697639215259639,13890436.774869949,1.9755396842956543,13536321.187060812,0.8729606109060315,16003428.008567512,0.8567798314505706,3.0,full
auction,outer_0,streed,4,1634.0,3,0.08,0.01,0.001,0.8697640924259197,13890412.14642187,1.9792349338531492,13536198.724460404,0.8729617602267168,16003560.375618774,0.8567786468524092,3.0,full
auction,outer_0,streed,4,1634.0,3,0.08,0.001,0.1,0.8711572914222505,13735521.47549788,1.9610142707824707,13359391.866471233,0.8746211058433115,15966767.50004674,0.8571079189207451,3.0,full
auction,outer_0,streed,4,1634.0,3,0.08,0.001,0.001,0.8711561993495018,13735629.758048778,1.976168155670166,13359373.024054892,0.8746212826808014,15966975.545499297,0.857106057050603,3.0,full
auction,outer_0,streed,4,1634.0,3,0.08,0.0001,0.1,0.8711560910330273,13734832.391282668,1.9662652015686035,13355611.713180484,0.8746565828653252,15978813.835121265,0.8570001121346708,3.0,full
auction,outer_0,streed,4,1634.0,3,0.08,0.0001,0.001,0.8711550673616731,13734931.887669316,1.9679596424102783,13355608.582523398,0.8746566122467767,15979035.470185688,0.856998128646429,3.0,full
auction,outer_0,streed,4,1634.0,3,0.08,1e-05,0.1,0.8711541156340123,13734958.88494564,1.9707772731781008,13355420.5381868,0.8746583770569725,15980225.422314882,0.8569874793565133,3.0,full
auction,outer_0,streed,4,1634.0,3,0.08,1e-05,0.001,0.8711530741955286,13735060.256113134,1.9754090309143064,13355419.165947376,0.8746583899355423,15980448.864006208,0.8569854797001474,3.0,full
auction,outer_0,streed,4,1634.0,3,0.05,0.1,0.1,0.8739719132145533,13432453.35112755,39.44615054130554,12889117.74293698,0.8790346637468873,15467378.764804186,0.8615771200690763,4.0,full
auction,outer_0,streed,4,1634.0,3,0.05,0.1,0.001,0.873971342745687,13432510.774187706,39.7287437915802,12889040.81949165,0.8790353856791884,15467379.136301143,0.8615771167444226,4.0,full
auction,outer_0,streed,4,1634.0,3,0.05,0.01,0.1,0.8697639215259639,13890436.774869949,9.92748999595642,13536321.187060812,0.8729606109060315,16003428.008567512,0.8567798314505706,3.0,full
auction,outer_0,streed,4,1634.0,3,0.05,0.01,0.001,0.8697640924259197,13890412.14642187,9.99332880973816,13536198.724460404,0.8729617602267168,16003560.375618774,0.8567786468524092,3.0,full
auction,outer_0,streed,4,1634.0,3,0.05,0.001,0.1,0.8711572914222505,13735521.47549788,10.214460611343384,13359391.866471233,0.8746211058433115,15966767.50004674,0.8571079189207451,3.0,full
auction,outer_0,streed,4,1634.0,3,0.05,0.001,0.001,0.8711561993495018,13735629.758048778,10.217604160308838,13359373.024054892,0.8746212826808014,15966975.545499297,0.857106057050603,3.0,full
auction,outer_0,streed,4,1634.0,3,0.05,0.0001,0.1,0.8711560910330273,13734832.391282668,10.254298210144045,13355611.713180484,0.8746565828653252,15978813.835121265,0.8570001121346708,3.0,full
auction,outer_0,streed,4,1634.0,3,0.05,0.0001,0.001,0.8711550673616731,13734931.887669316,10.330620050430298,13355608.582523398,0.8746566122467767,15979035.470185688,0.856998128646429,3.0,full
auction,outer_0,streed,4,1634.0,3,0.05,1e-05,0.1,0.8711541156340123,13734958.88494564,10.177496910095217,13355420.5381868,0.8746583770569725,15980225.422314882,0.8569874793565133,3.0,full
auction,outer_0,streed,4,1634.0,3,0.05,1e-05,0.001,0.8711530741955286,13735060.256113134,10.28011393547058,13355419.165947376,0.8746583899355423,15980448.864006208,0.8569854797001474,3.0,full
auction,outer_0,streed,4,1634.0,3,0.03,0.1,0.1,0.8933041823058047,11428705.089924356,55.29030251502991,9412389.1664034,0.9116640220714052,11006611.839035535,0.9014980539231408,5.0,full
auction,outer_0,streed,4,1634.0,3,0.03,0.1,0.001,0.893303770287551,11428746.456828425,55.29464054107666,9412340.378294636,0.9116644799514632,11006674.943968669,0.9014974891754408,5.0,full
auction,outer_0,streed,4,1634.0,3,0.03,0.01,0.1,0.8768197195762211,13171683.12890542,48.22032046318054,13536321.187060812,0.8729606109060315,16003428.008567512,0.8567798314505706,3.0,full
auction,outer_0,streed,4,1634.0,3,0.03,0.01,0.001,0.8768196927662307,13171678.640595064,48.29165029525757,13536198.724460404,0.8729617602267168,16003560.375618774,0.8567786468524092,3.0,full
auction,outer_0,streed,4,1634.0,3,0.03,0.001,0.1,0.8762601854499196,13218426.09254937,48.80578970909119,13359391.866471233,0.8746211058433115,15966767.50004674,0.8571079189207451,3.0,full
auction,outer_0,streed,4,1634.0,3,0.03,0.001,0.001,0.8762564059350346,13218816.041475791,48.57625985145569,13359373.024054892,0.8746212826808014,15966975.545499297,0.857106057050603,3.0,full
auction,outer_0,streed,4,1634.0,3,0.03,0.0001,0.1,0.8758032875511407,13265323.272045374,48.88502526283264,13355611.713180484,0.8746565828653252,15978813.835121265,0.8570001121346708,3.0,full
auction,outer_0,streed,4,1634.0,3,0.03,0.0001,0.001,0.8757993179205895,13265731.56010261,49.30653166770935,13355608.582523398,0.8746566122467767,15979035.470185688,0.856998128646429,3.0,full
auction,outer_0,streed,4,1634.0,3,0.03,1e-05,0.1,0.8757530208415568,13270494.24344199,48.89090013504028,13355420.5381868,0.8746583770569725,15980225.422314882,0.8569874793565133,3.0,full
auction,outer_0,streed,4,1634.0,3,0.03,1e-05,0.001,0.8757490060502184,13270907.280745223,48.66761875152588,13355419.165947376,0.8746583899355423,15980448.864006208,0.8569854797001474,3.0,full
auction,outer_0,streed,4,1634.0,3,0.01,0.1,0.1,0.9079134249511346,9800103.07334395,65.64373540878296,8188637.17327532,0.9231490262657592,9422227.355541795,0.9156772543201804,6.0,full
auction,outer_0,streed,4,1634.0,3,0.01,0.1,0.001,0.9079131045247588,9800133.096601203,65.88900637626648,8188587.656412487,0.9231494909852288,9422252.077589566,0.915677033074092,6.0,full
auction,outer_0,streed,4,1634.0,3,0.01,0.01,0.1,0.936120662837182,6805570.911724602,59.29438066482544,4859827.3967180895,0.9543901555637324,7069909.587587593,0.93672895318294,7.0,full
auction,outer_0,streed,4,1634.0,3,0.01,0.01,0.001,0.9361213078842114,6805498.786793947,59.24742293357849,4859599.771815438,0.9543922918405076,7069716.733061704,0.936730679104267,7.0,full
auction,outer_0,streed,4,1634.0,3,0.01,0.001,0.1,0.946355539235852,5742433.771915559,61.54877209663391,4630445.416760111,0.9565429226413104,6514106.1392958285,0.941703028956086,7.0,full
auction,outer_0,streed,4,1634.0,3,0.01,0.001,0.001,0.9463539863342536,5742594.7839656845,62.13310718536377,4630386.787813761,0.956543472878367,6513983.01215895,0.9417041308630828,7.0,full
auction,outer_0,streed,4,1634.0,3,0.01,0.0001,0.1,0.9462646647780698,5751051.067213427,61.852537870407104,4625772.929103919,0.9565867742882378,6472614.050987392,0.942074355891654,7.0,full
auction,outer_0,streed,4,1634.0,3,0.01,0.0001,0.001,0.9462627600437008,5751249.3294462925,61.95781970024109,4625743.770900144,0.956587047940166,6472520.990235944,0.9420751887242508,7.0,full
auction,outer_0,streed,4,1634.0,3,0.01,1e-05,0.1,0.946249930211454,5752525.095458525,60.84815001487732,4625555.139125215,0.9565888182635148,6468640.369074084,0.9421099177345966,7.0,full
auction,outer_0,streed,4,1634.0,3,0.01,1e-05,0.001,0.9462479733354714,5752728.972117715,61.19216895103455,4625529.052557051,0.9565890630879124,6468550.443903506,0.9421107225058044,7.0,full
auction,outer_0,streed,4,1634.0,3,0.008,0.1,0.1,0.9213875305086592,8375478.594285122,69.905752658844,6062686.985546725,0.9431012281499324,7219268.424697643,0.9353922896997292,8.0,full
auction,outer_0,streed,4,1634.0,3,0.008,0.1,0.001,0.9213877113087938,8375455.538463709,70.43092679977417,6062611.095556903,0.943101940383176,7219234.812872271,0.9353925905034876,8.0,full
auction,outer_0,streed,4,1634.0,3,0.008,0.01,0.1,0.936120662837182,6805570.911724602,65.62081122398376,4859827.3967180895,0.9543901555637324,7069909.587587593,0.93672895318294,7.0,full
auction,outer_0,streed,4,1634.0,3,0.008,0.01,0.001,0.9361213078842114,6805498.786793947,65.92032027244568,4859599.771815438,0.9543922918405076,7069716.733061704,0.936730679104267,7.0,full
auction,outer_0,streed,4,1634.0,3,0.008,0.001,0.1,0.946355539235852,5742433.771915559,65.8626458644867,4630445.416760111,0.9565429226413104,6514106.1392958285,0.941703028956086,7.0,full
auction,outer_0,streed,4,1634.0,3,0.008,0.001,0.001,0.9463539863342536,5742594.7839656845,66.25723218917847,4630386.787813761,0.956543472878367,6513983.01215895,0.9417041308630828,7.0,full
auction,outer_0,streed,4,1634.0,3,0.008,0.0001,0.1,0.9462646647780698,5751051.067213427,66.20042014122009,4625772.929103919,0.9565867742882378,6472614.050987392,0.942074355891654,7.0,full
auction,outer_0,streed,4,1634.0,3,0.008,0.0001,0.001,0.9462627600437008,5751249.3294462925,66.06898832321167,4625743.770900144,0.956587047940166,6472520.990235944,0.9420751887242508,7.0,full
auction,outer_0,streed,4,1634.0,3,0.008,1e-05,0.1,0.946249930211454,5752525.095458525,66.18573498725891,4625555.139125215,0.9565888182635148,6468640.369074084,0.9421099177345966,7.0,full
auction,outer_0,streed,4,1634.0,3,0.008,1e-05,0.001,0.9462479733354714,5752728.972117715,65.6170642375946,4625529.052557051,0.9565890630879124,6468550.443903506,0.9421107225058044,7.0,full
auction,outer_0,streed,4,1634.0,3,0.005,0.1,0.1,0.9267151571154962,7806834.332001243,74.17151522636414,6062686.985546725,0.9431012281499324,7219268.424697643,0.9353922896997292,8.0,full
auction,outer_0,streed,4,1634.0,3,0.005,0.1,0.001,0.926714853398292,7806862.897361196,74.3168272972107,6062611.095556903,0.943101940383176,7219234.812872271,0.9353925905034876,8.0,full
auction,outer_0,streed,4,1634.0,3,0.005,0.01,0.1,0.936120662837182,6805570.911724602,70.5002121925354,4859827.3967180895,0.9543901555637324,7069909.587587593,0.93672895318294,7.0,full
auction,outer_0,streed,4,1634.0,3,0.005,0.01,0.001,0.9361213078842114,6805498.786793947,70.95544362068176,4859599.771815438,0.9543922918405076,7069716.733061704,0.936730679104267,7.0,full
auction,outer_0,streed,4,1634.0,3,0.005,0.001,0.1,0.946355539235852,5742433.771915559,72.20417618751526,4630445.416760111,0.9565429226413104,6514106.1392958285,0.941703028956086,7.0,full
auction,outer_0,streed,4,1634.0,3,0.005,0.001,0.001,0.9463539863342536,5742594.7839656845,72.42995882034302,4630386.787813761,0.956543472878367,6513983.01215895,0.9417041308630828,7.0,full
auction,outer_0,streed,4,1634.0,3,0.005,0.0001,0.1,0.9462646647780698,5751051.067213427,71.8206422328949,4625772.929103919,0.9565867742882378,6472614.050987392,0.942074355891654,7.0,full
auction,outer_0,streed,4,1634.0,3,0.005,0.0001,0.001,0.9462627600437008,5751249.3294462925,71.79151201248169,4625743.770900144,0.956587047940166,6472520.990235944,0.9420751887242508,7.0,full
auction,outer_0,streed,4,1634.0,3,0.005,1e-05,0.1,0.946249930211454,5752525.095458525,72.03464460372925,4625555.139125215,0.9565888182635148,6468640.369074084,0.9421099177345966,7.0,full
auction,outer_0,streed,4,1634.0,3,0.005,1e-05,0.001,0.9462479733354714,5752728.972117715,72.1349744796753,4625529.052557051,0.9565890630879124,6468550.443903506,0.9421107225058044,7.0,full
auction,outer_0,streed,4,1634.0,3,0.003,0.1,0.1,0.9267151571154962,7806834.332001243,77.02589416503906,6062686.985546725,0.9431012281499324,7219268.424697643,0.9353922896997292,8.0,full
auction,outer_0,streed,4,1634.0,3,0.003,0.1,0.001,0.926714853398292,7806862.897361196,77.29260349273682,6062611.095556903,0.943101940383176,7219234.812872271,0.9353925905034876,8.0,full
auction,outer_0,streed,4,1634.0,3,0.003,0.01,0.1,0.9362717494510684,6790180.157367177,75.46280908584595,5641597.488226374,0.947053184649354,6929557.177118143,0.937985015063744,8.0,full
auction,outer_0,streed,4,1634.0,3,0.003,0.01,0.001,0.93627218307317,6790129.569679572,74.74629926681519,5641530.109215112,0.9470538170064258,6929574.088376357,0.9379848637190916,8.0,full
auction,outer_0,streed,4,1634.0,3,0.003,0.001,0.1,0.9499106974974711,5344179.334285515,74.61455583572388,4630445.416760111,0.9565429226413104,6514106.1392958285,0.941703028956086,7.0,full
auction,outer_0,streed,4,1634.0,3,0.003,0.001,0.001,0.9499096889873148,5344279.362747414,74.76306223869324,4630386.787813761,0.956543472878367,6513983.01215895,0.9417041308630828,7.0,full
auction,outer_0,streed,4,1634.0,3,0.003,0.0001,0.1,0.9499421415928012,5339094.312275216,74.58571887016296,4625772.929103919,0.9565867742882378,6472614.050987392,0.942074355891654,7.0,full
auction,outer_0,streed,4,1634.0,3,0.003,0.0001,0.001,0.949940751360228,5339234.939205176,74.63768792152405,4625743.770900144,0.956587047940166,6472520.990235944,0.9420751887242508,7.0,full
auction,outer_0,streed,4,1634.0,3,0.003,1e-05,0.1,0.949941361730116,5339005.112568932,74.95334792137146,4625555.139125215,0.9565888182635148,6468640.369074084,0.9421099177345966,7.0,full
auction,outer_0,streed,4,1634.0,3,0.003,1e-05,0.001,0.9499399314656763,5339149.997372233,74.89358520507812,4625529.052557051,0.9565890630879124,6468550.443903506,0.9421107225058044,7.0,full
auction,outer_0,streed,4,1634.0,3,0.001,0.1,0.1,0.9282051154635956,7648238.186881565,78.93709921836853,5852988.573021899,0.9450692634715672,6947526.425844712,0.9378242020910518,11.0,full
auction,outer_0,streed,4,1634.0,3,0.001,0.1,0.001,0.9282047562922454,7648272.980003524,79.58794808387756,5852962.066872651,0.9450695122337648,6947551.30253864,0.9378239794609818,11.0,full
auction,outer_0,streed,4,1634.0,3,0.001,0.01,0.1,0.9377087913826676,6641060.68037706,77.25597214698792,5641597.488226374,0.947053184649354,6929557.177118143,0.937985015063744,8.0,full
auction,outer_0,streed,4,1634.0,3,0.001,0.01,0.001,0.9377087706937886,6641059.723497454,76.6777663230896,5641530.109215112,0.9470538170064258,6929574.088376357,0.9379848637190916,8.0,full
auction,outer_0,streed,4,1634.0,3,0.001,0.001,0.1,0.9511978530100854,5210369.075668152,77.75388836860657,4425518.592155899,0.958466176252607,6337034.6512254365,0.94328770246186,8.0,full
auction,outer_0,streed,4,1634.0,3,0.001,0.001,0.001,0.951196811840378,5210472.420419767,77.91442155838013,4425468.960443926,0.9584666420499446,6336877.098063926,0.943289112459164,8.0,full
auction,outer_0,streed,4,1634.0,3,0.001,0.0001,0.1,0.9512262114154724,5205612.548346676,76.7134358882904,4421311.223592997,0.9585056627219762,6295934.861887752,0.943655518579328,8.0,full
auction,outer_0,streed,4,1634.0,3,0.001,0.0001,0.001,0.9512248113739488,5205754.116842265,76.19872903823853,4421287.488741823,0.9585058854753338,6295803.657527738,0.9436566927721664,8.0,full
auction,outer_0,streed,4,1634.0,3,0.001,1e-05,0.1,0.9512256700019144,5205500.157887196,76.49023246765137,3960821.178206663,0.9628273963186682,5604017.839830101,0.949847721429134,12.0,full
auction,outer_0,streed,4,1634.0,3,0.001,1e-05,0.001,0.9512242296543312,5205646.006181437,77.09520483016968,3960767.726669906,0.9628278979653476,5604433.570076983,0.949844000916504,12.0,full
auction,outer_0,streed,4,1634.0,3,0.0005,0.1,0.1,0.9282051154635956,7648238.186881565,77.48599219322205,5852988.573021899,0.9450692634715672,6947526.425844712,0.9378242020910518,11.0,full
auction,outer_0,streed,4,1634.0,3,0.0005,0.1,0.001,0.9282047562922454,7648272.980003524,77.42794752120972,5852962.066872651,0.9450695122337648,6947551.30253864,0.9378239794609818,11.0,full
auction,outer_0,streed,4,1634.0,3,0.0005,0.01,0.1,0.9377087913826676,6641060.68037706,77.8899793624878,4568787.3766557565,0.9571215879698988,6816582.508482791,0.9389960641386742,9.0,full
auction,outer_0,streed,4,1634.0,3,0.0005,0.01,0.001,0.9377087706937886,6641059.723497454,78.00166082382202,4568614.202785841,0.95712321321965,6816384.179485302,0.938997839052926,9.0,full
auction,outer_0,streed,4,1634.0,3,0.0005,0.001,0.1,0.9514267738411898,5183926.358940528,78.4443724155426,4382988.7302829055,0.958865322194546,6326707.808724396,0.94338012091888,9.0,full
auction,outer_0,streed,4,1634.0,3,0.0005,0.001,0.001,0.9514255189061158,5184052.8217183845,78.34922909736633,4382947.427853061,0.9588657098209462,6326592.213274146,0.943381155422229,9.0,full
auction,outer_0,streed,4,1634.0,3,0.0005,0.0001,0.1,0.9514359246058778,5181237.788510688,78.49691581726074,3963768.4758165902,0.9627997357096542,5598498.510038975,0.9498971158052978,12.0,full
auction,outer_0,streed,4,1634.0,3,0.0005,0.0001,0.001,0.9514343128782028,5181402.394106823,78.54171538352966,3963694.051756699,0.9628004341850356,5598871.020216959,0.9498937820838944,12.0,full
auction,outer_0,streed,4,1634.0,3,0.0005,1e-05,0.1,0.9514329455991608,5181386.583733731,78.34462118148804,3960821.178206663,0.9628273963186682,5604017.839830101,0.949847721429134,12.0,full
auction,outer_0,streed,4,1634.0,3,0.0005,1e-05,0.001,0.951431296553406,5181555.180224019,78.38985586166382,3960767.726669906,0.9628278979653476,5604433.570076983,0.949844000916504,12.0,full
auction,outer_0,streed,4,1634.0,3,0.0001,0.1,0.1,0.9282717361463292,7641014.995545625,79.83006453514099,5805538.216363489,0.9455145886259332,6945538.765028007,0.937841990349732,13.0,full
auction,outer_0,streed,4,1634.0,3,0.0001,0.1,0.001,0.9282714052627956,7641046.754852812,79.87523102760315,5805508.256419225,0.945514869802256,6945551.248226035,0.9378418786333096,13.0,full
auction,outer_0,streed,4,1634.0,3,0.0001,0.01,0.1,0.937863437491102,6624738.617426573,78.77091479301453,4551914.081041095,0.9572799451141528,6798058.698816511,0.939161840067504,10.0,full
auction,outer_0,streed,4,1634.0,3,0.0001,0.01,0.001,0.9378634597948752,6624733.233431644,79.44110894203186,4551735.501378833,0.9572816210976705,6797850.417563553,0.9391637040479048,10.0,full
auction,outer_0,streed,4,1634.0,3,0.0001,0.001,0.1,0.9519113016315438,5132747.4046476,81.27073764801025,4365797.6418206645,0.9590266618484978,6307779.553005061,0.9435495163742176,10.0,full
auction,outer_0,streed,4,1634.0,3,0.0001,0.001,0.001,0.9519101127013172,5132867.049597948,79.56038665771484,4365754.704545526,0.9590270648180438,6307660.917668725,0.94355057808255,10.0,full
auction,outer_0,streed,4,1634.0,3,0.0001,0.0001,0.1,0.9519368129735084,5128331.245739738,79.37586832046509,3927628.901036884,0.9631389083281732,5558608.825353827,0.9502541022810036,14.0,full
auction,outer_0,streed,4,1634.0,3,0.0001,0.0001,0.001,0.9519352574560246,5128490.077960459,79.79114699363708,3927556.746445976,0.963139585504418,5558968.629697613,0.9502508822684704,14.0,full
auction,outer_0,streed,4,1634.0,3,0.0001,1e-05,0.1,0.951935440636166,5128310.396093803,80.4712142944336,3924682.036731035,0.963166564870596,5564128.662435647,0.9502047033649214,14.0,full
auction,outer_0,streed,4,1634.0,3,0.0001,1e-05,0.001,0.951933846489241,5128473.358769414,80.69640636444092,3924630.201458775,0.963167051348512,5564524.465297678,0.950201161189296,14.0,full
auction,outer_1,streed,4,1634.0,3,0.1,0.1,0.1,0.8425861690473267,17540877.43228404,2.0671498775482178,17225352.164277658,0.8449358643426605,16791072.858243532,0.8200364906517751,3.0,full
auction,outer_1,streed,4,1634.0,3,0.1,0.1,0.001,0.842589122605032,17540548.93472682,2.076052188873291,17225022.64819074,0.8449388306754656,16790899.91499145,0.8200383442244935,3.0,full
auction,outer_1,streed,4,1634.0,3,0.1,0.01,0.1,0.8742745231345618,14031931.687204529,2.008366346359253,13672045.89533876,0.8769230399930645,15211754.783922868,0.8369633198920098,3.0,full
auction,outer_1,streed,4,1634.0,3,0.1,0.01,0.001,0.8742752958647838,14031846.769154036,2.0047497749328613,13671885.688498452,0.8769244821891359,15211906.32246614,0.836961695730869,3.0,full
auction,outer_1,streed,4,1634.0,3,0.1,0.001,0.1,0.8755138723177618,13901682.401957285,2.0494720935821533,13467382.605355008,0.8787654369356322,15528640.08628484,0.8335670037926525,3.0,full
auction,outer_1,streed,4,1634.0,3,0.1,0.001,0.001,0.8755130610670716,13901772.917770976,2.0854992866516118,13467358.030651592,0.8787656581592744,15528975.746733824,0.8335634062481204,3.0,full
auction,outer_1,streed,4,1634.0,3,0.1,0.0001,0.1,0.8754880695559302,13905475.95613464,2.039836883544922,13462434.2978137,0.8788099820354678,15584680.646652354,0.8329663717785625,3.0,full
auction,outer_1,streed,4,1634.0,3,0.1,0.0001,0.001,0.8754874532908449,13905548.060241845,2.059897422790528,13462428.478880832,0.8788100344180134,15585039.91158311,0.8329625212457067,3.0,full
auction,outer_1,streed,4,1634.0,3,0.1,1e-05,0.1,0.875483319546359,13906100.04781499,2.0561113357543945,13462150.50257988,0.8788125367851307,15590599.164852584,0.8329029382317935,3.0,full
auction,outer_1,streed,4,1634.0,3,0.1,1e-05,0.001,0.87548268330778,13906174.37578416,2.085290908813477,13462146.617361158,0.8788125717602115,15590960.856811851,0.83289906168651,3.0,full
auction,outer_1,streed,4,1634.0,3,0.08,0.1,0.1,0.8425861690473267,17540877.43228404,10.1938374042511,17225352.164277658,0.8449358643426605,16791072.858243532,0.8200364906517751,3.0,full
auction,outer_1,streed,4,1634.0,3,0.08,0.1,0.001,0.842589122605032,17540548.93472682,10.138099908828735,17225022.64819074,0.8449388306754656,16790899.91499145,0.8200383442244935,3.0,full
auction,outer_1,streed,4,1634.0,3,0.08,0.01,0.1,0.8742745231345618,14031931.687204529,2.0877795219421387,13672045.89533876,0.8769230399930645,15211754.783922868,0.8369633198920098,3.0,full
auction,outer_1,streed,4,1634.0,3,0.08,0.01,0.001,0.8742752958647838,14031846.769154036,2.10028076171875,13671885.688498452,0.8769244821891359,15211906.32246614,0.836961695730869,3.0,full
auction,outer_1,streed,4,1634.0,3,0.08,0.001,0.1,0.8755138723177618,13901682.401957285,2.103722333908081,13467382.605355008,0.8787654369356322,15528640.08628484,0.8335670037926525,3.0,full
auction,outer_1,streed,4,1634.0,3,0.08,0.001,0.001,0.8755130610670716,13901772.917770976,2.0780928134918213,13467358.030651592,0.8787656581592744,15528975.746733824,0.8335634062481204,3.0,full
auction,outer_1,streed,4,1634.0,3,0.08,0.0001,0.1,0.8754880695559302,13905475.95613464,2.0233798027038574,13462434.2978137,0.8788099820354678,15584680.646652354,0.8329663717785625,3.0,full
auction,outer_1,streed,4,1634.0,3,0.08,0.0001,0.001,0.8754874532908449,13905548.060241845,2.019131660461426,13462428.478880832,0.8788100344180134,15585039.91158311,0.8329625212457067,3.0,full
auction,outer_1,streed,4,1634.0,3,0.08,1e-05,0.1,0.875483319546359,13906100.04781499,2.014732599258423,13462150.50257988,0.8788125367851307,15590599.164852584,0.8329029382317935,3.0,full
auction,outer_1,streed,4,1634.0,3,0.08,1e-05,0.001,0.87548268330778,13906174.37578416,2.022927045822144,13462146.617361158,0.8788125717602115,15590960.856811851,0.83289906168651,3.0,full
auction,outer_1,streed,4,1634.0,3,0.05,0.1,0.1,0.8773802573453878,13688293.895504951,38.51266241073608,13104493.938424446,0.8820321926420339,14809545.37954058,0.8412741234074599,4.0,full
auction,outer_1,streed,4,1634.0,3,0.05,0.1,0.001,0.8773806212609858,13688251.965756629,38.77473306655884,13104411.665497469,0.8820329332701609,14809500.115870096,0.8412746085348282,4.0,full
auction,outer_1,streed,4,1634.0,3,0.05,0.01,0.1,0.8742745231345618,14031931.687204529,10.060129165649414,13672045.89533876,0.8769230399930645,15211754.783922868,0.8369633198920098,3.0,full
auction,outer_1,streed,4,1634.0,3,0.05,0.01,0.001,0.8742752958647838,14031846.769154036,10.093397855758669,13671885.688498452,0.8769244821891359,15211906.32246614,0.836961695730869,3.0,full
auction,outer_1,streed,4,1634.0,3,0.05,0.001,0.1,0.8755138723177618,13901682.401957285,10.457006931304932,13467382.605355008,0.8787654369356322,15528640.08628484,0.8335670037926525,3.0,full
auction,outer_1,streed,4,1634.0,3,0.05,0.001,0.001,0.8755130610670716,13901772.917770976,10.395817279815674,13467358.030651592,0.8787656581592744,15528975.746733824,0.8335634062481204,3.0,full
auction,outer_1,streed,4,1634.0,3,0.05,0.0001,0.1,0.8754880695559302,13905475.95613464,10.310001850128174,13462434.2978137,0.8788099820354678,15584680.646652354,0.8329663717785625,3.0,full
auction,outer_1,streed,4,1634.0,3,0.05,0.0001,0.001,0.8754874532908449,13905548.060241845,10.284683227539062,13462428.478880832,0.8788100344180134,15585039.91158311,0.8329625212457067,3.0,full
auction,outer_1,streed,4,1634.0,3,0.05,1e-05,0.1,0.875483319546359,13906100.04781499,10.30830717086792,13462150.50257988,0.8788125367851307,15590599.164852584,0.8329029382317935,3.0,full
auction,outer_1,streed,4,1634.0,3,0.05,1e-05,0.001,0.87548268330778,13906174.37578416,10.364136457443236,13462146.617361158,0.8788125717602115,15590960.856811851,0.83289906168651,3.0,full
auction,outer_1,streed,4,1634.0,3,0.03,0.1,0.1,0.8847688099081923,12872381.578643302,54.404515981674194,13104493.938424446,0.8820321926420339,14809545.37954058,0.8412741234074599,4.0,full
auction,outer_1,streed,4,1634.0,3,0.03,0.1,0.001,0.8847692133425508,12872334.029968737,54.36221671104431,13104411.665497469,0.8820329332701609,14809500.115870096,0.8412746085348282,4.0,full
auction,outer_1,streed,4,1634.0,3,0.03,0.01,0.1,0.8757799102663362,13877100.07876725,46.992286682128906,13672045.89533876,0.8769230399930645,15211754.783922868,0.8369633198920098,3.0,full
auction,outer_1,streed,4,1634.0,3,0.03,0.01,0.001,0.8757800433511275,13877080.949329386,46.6110897064209,13671885.688498452,0.8769244821891359,15211906.32246614,0.836961695730869,3.0,full
auction,outer_1,streed,4,1634.0,3,0.03,0.001,0.1,0.875764004660618,13875955.868131423,49.34329390525818,13467382.605355008,0.8787654369356322,15528640.08628484,0.8335670037926525,3.0,full
auction,outer_1,streed,4,1634.0,3,0.03,0.001,0.001,0.8757621991236005,13876148.64797278,49.81568956375122,13467358.030651592,0.8787656581592744,15528975.746733824,0.8335634062481204,3.0,full
auction,outer_1,streed,4,1634.0,3,0.03,0.0001,0.1,0.8755710140781936,13896944.971963163,48.88389587402344,13462434.2978137,0.8788099820354678,15584680.646652354,0.8329663717785625,3.0,full
auction,outer_1,streed,4,1634.0,3,0.03,0.0001,0.001,0.8755689583334186,13897165.128987117,49.285760164260864,13462428.478880832,0.8788100344180134,15585039.91158311,0.8329625212457067,3.0,full
auction,outer_1,streed,4,1634.0,3,0.03,1e-05,0.1,0.8755489257764174,13899352.336273529,49.53270888328552,13462150.50257988,0.8788125367851307,15590599.164852584,0.8329029382317935,3.0,full
auction,outer_1,streed,4,1634.0,3,0.03,1e-05,0.001,0.875546844126319,13899575.327258134,49.39911437034607,13462146.617361158,0.8788125717602115,15590960.856811851,0.83289906168651,3.0,full
auction,outer_1,streed,4,1634.0,3,0.01,0.1,0.1,0.8921931749460454,12008819.817705832,64.6266701221466,8912235.043474097,0.919771276046401,6362784.271028751,0.9318048944038824,6.0,full
auction,outer_1,streed,4,1634.0,3,0.01,0.1,0.001,0.892193554538979,12008775.04213615,64.37270307540894,8912182.760045132,0.9197717467064284,6362843.11758084,0.9318042636977856,6.0,full
auction,outer_1,streed,4,1634.0,3,0.01,0.01,0.1,0.923851226307535,8499714.026911082,57.77400040626526,5136955.307133459,0.9537566763794268,5164940.589935943,0.9446431540148056,7.0,full
auction,outer_1,streed,4,1634.0,3,0.01,0.01,0.001,0.9238521709351496,8499607.069210628,57.54543328285217,5136700.568731616,0.953758969556932,5164780.72386399,0.9446448674288072,7.0,full
auction,outer_1,streed,4,1634.0,3,0.01,0.001,0.1,0.9282042384534536,7999565.667415824,60.48444080352783,4883680.045734587,0.9560366825655208,5094226.795291917,0.9454010509491412,7.0,full
auction,outer_1,streed,4,1634.0,3,0.01,0.001,0.001,0.928204387893304,7999543.091304579,60.48086214065552,4883615.505879822,0.9560372635589716,5094307.355468341,0.9454001875205692,7.0,full
auction,outer_1,streed,4,1634.0,3,0.01,0.0001,0.1,0.9282052283561792,7999155.28160129,60.59118318557739,4875930.210973592,0.9561064472598644,5109828.134690399,0.945233838775602,7.0,full
auction,outer_1,streed,4,1634.0,3,0.01,0.0001,0.001,0.9282049601547196,7999179.976909059,60.60400748252869,4875806.7396479845,0.9561075587596004,5109760.275367688,0.9452345660788518,7.0,full
auction,outer_1,streed,4,1634.0,3,0.01,1e-05,0.1,0.928201457491732,7999551.462520874,61.26270270347595,4875615.396023001,0.9561092812517468,5111791.673751206,0.9452127939392708,7.0,full
auction,outer_1,streed,4,1634.0,3,0.01,1e-05,0.001,0.9282011452785416,7999581.147012477,61.055893421173096,4875592.202128898,0.9561094900452222,5111916.28726497,0.9452114583554496,7.0,full
auction,outer_1,streed,4,1634.0,3,0.008,0.1,0.1,0.9021321435718558,10911727.556071108,68.44692373275757,6660847.271645531,0.9400384668439332,4572523.056465571,0.9509925719002988,8.0,full
auction,outer_1,streed,4,1634.0,3,0.008,0.1,0.001,0.902132675926222,10911665.42641891,68.64045572280884,6660768.433328485,0.9400391765533994,4572561.83225402,0.95099215630881,8.0,full
auction,outer_1,streed,4,1634.0,3,0.008,0.01,0.1,0.9297964245311644,7888240.350795637,63.23919320106506,5136955.307133459,0.9537566763794268,5164940.589935943,0.9446431540148056,7.0,full
auction,outer_1,streed,4,1634.0,3,0.008,0.01,0.001,0.9297976052970256,7888109.105877797,63.52441906929016,5136700.568731616,0.953758969556932,5164780.72386399,0.9446448674288072,7.0,full
auction,outer_1,streed,4,1634.0,3,0.008,0.001,0.1,0.9343623145866904,7366197.138840447,64.9157874584198,4883680.045734587,0.9560366825655208,5094226.795291917,0.9454010509491412,7.0,full
auction,outer_1,streed,4,1634.0,3,0.008,0.001,0.001,0.9343626236005584,7366158.150272034,65.15651512145996,4883615.505879822,0.9560372635589716,5094307.355468341,0.9454001875205692,7.0,full
auction,outer_1,streed,4,1634.0,3,0.008,0.0001,0.1,0.9343715646895272,7364937.177496637,65.36854147911072,4875930.210973592,0.9561064472598644,5109828.134690399,0.945233838775602,7.0,full
auction,outer_1,streed,4,1634.0,3,0.008,0.0001,0.001,0.9343714214980988,7364949.015311639,65.34207439422607,4875806.7396479845,0.9561075587596004,5109760.275367688,0.9452345660788518,7.0,full
auction,outer_1,streed,4,1634.0,3,0.008,1e-05,0.1,0.9343684585843436,7365264.986803479,65.95284366607666,4875615.396023001,0.9561092812517468,5111791.673751206,0.9452127939392708,7.0,full
auction,outer_1,streed,4,1634.0,3,0.008,1e-05,0.001,0.934368267759251,7365282.186324251,65.51951503753662,4875592.202128898,0.9561094900452222,5111916.28726497,0.9452114583554496,7.0,full
auction,outer_1,streed,4,1634.0,3,0.005,0.1,0.1,0.9116240876724638,9898976.641503304,73.52776741981506,6660847.271645531,0.9400384668439332,4572523.056465571,0.9509925719002988,8.0,full
auction,outer_1,streed,4,1634.0,3,0.005,0.1,0.001,0.9116242855584858,9898952.216041572,73.37388396263123,6660768.433328485,0.9400391765533994,4572561.83225402,0.95099215630881,8.0,full
auction,outer_1,streed,4,1634.0,3,0.005,0.01,0.1,0.9467966023751114,5910872.125995365,68.07786154747009,5136955.307133459,0.9537566763794268,5164940.589935943,0.9446431540148056,7.0,full
auction,outer_1,streed,4,1634.0,3,0.005,0.01,0.001,0.9467981515853988,5910698.025625783,67.89139366149902,5136700.568731616,0.953758969556932,5164780.72386399,0.9446448674288072,7.0,full
auction,outer_1,streed,4,1634.0,3,0.005,0.001,0.1,0.949548391317241,5599835.288863602,69.55673623085022,4883680.045734587,0.9560366825655208,5094226.795291917,0.9454010509491412,7.0,full
auction,outer_1,streed,4,1634.0,3,0.005,0.001,0.001,0.949548464486615,5599823.732444004,70.17465949058533,4883615.505879822,0.9560372635589716,5094307.355468341,0.9454001875205692,7.0,full
auction,outer_1,streed,4,1634.0,3,0.005,0.0001,0.1,0.9343715646895272,7364937.177496637,70.01818776130676,4875930.210973592,0.9561064472598644,5109828.134690399,0.945233838775602,7.0,full
auction,outer_1,streed,4,1634.0,3,0.005,0.0001,0.001,0.9343714214980988,7364949.015311639,70.5828263759613,4875806.7396479845,0.9561075587596004,5109760.275367688,0.9452345660788518,7.0,full
auction,outer_1,streed,4,1634.0,3,0.005,1e-05,0.1,0.9343684585843436,7365264.986803479,69.60360765457153,4875615.396023001,0.9561092812517468,5111791.673751206,0.9452127939392708,7.0,full
auction,outer_1,streed,4,1634.0,3,0.005,1e-05,0.001,0.934368267759251,7365282.186324251,69.73263716697693,4875592.202128898,0.9561094900452222,5111916.28726497,0.9452114583554496,7.0,full
auction,outer_1,streed,4,1634.0,3,0.003,0.1,0.1,0.9116240876724638,9898976.641503304,75.30229473114014,6660847.271645531,0.9400384668439332,4572523.056465571,0.9509925719002988,8.0,full
auction,outer_1,streed,4,1634.0,3,0.003,0.1,0.001,0.9116242855584858,9898952.216041572,75.82704448699951,6660768.433328485,0.9400391765533994,4572561.83225402,0.95099215630881,8.0,full
auction,outer_1,streed,4,1634.0,3,0.003,0.01,0.1,0.947373635478519,5844516.203707375,71.89508581161499,5136955.307133459,0.9537566763794268,5164940.589935943,0.9446431540148056,7.0,full
auction,outer_1,streed,4,1634.0,3,0.003,0.01,0.001,0.9473747628705316,5844390.655084133,71.42859625816345,5136700.568731616,0.953758969556932,5164780.72386399,0.9446448674288072,7.0,full
auction,outer_1,streed,4,1634.0,3,0.003,0.001,0.1,0.949548391317241,5599835.288863602,72.93109059333801,4883680.045734587,0.9560366825655208,5094226.795291917,0.9454010509491412,7.0,full
auction,outer_1,streed,4,1634.0,3,0.003,0.001,0.001,0.949548464486615,5599823.732444004,72.7246322631836,4883615.505879822,0.9560372635589716,5094307.355468341,0.9454001875205692,7.0,full
auction,outer_1,streed,4,1634.0,3,0.003,0.0001,0.1,0.9496510191443076,5587714.138508071,72.54253029823303,4875930.210973592,0.9561064472598644,5109828.134690399,0.945233838775602,7.0,full
auction,outer_1,streed,4,1634.0,3,0.003,0.0001,0.001,0.949650788236803,5587736.178979951,73.24343466758728,4875806.7396479845,0.9561075587596004,5109760.275367688,0.9452345660788518,7.0,full
auction,outer_1,streed,4,1634.0,3,0.003,1e-05,0.1,0.9496587353140044,5586783.159661899,72.35757970809937,4875615.396023001,0.9561092812517468,5111791.673751206,0.9452127939392708,7.0,full
auction,outer_1,streed,4,1634.0,3,0.003,1e-05,0.001,0.9496584725950168,5586808.721489559,72.75598573684692,4875592.202128898,0.9561094900452222,5111916.28726497,0.9452114583554496,7.0,full
auction,outer_1,streed,4,1634.0,3,0.001,0.1,0.1,0.9130316471495848,9743361.056494994,78.25931024551392,6427532.39750764,0.9421387878678028,4445552.645571035,0.95235341649438,11.0,full
auction,outer_1,streed,4,1634.0,3,0.001,0.1,0.001,0.9130318523327344,9743335.28527745,77.82169723510742,6427503.621439584,0.9421390469124992,4445609.066642883,0.9523528117841168,11.0,full
auction,outer_1,streed,4,1634.0,3,0.001,0.01,0.1,0.9493223128726744,5633063.110650096,74.11063504219055,4844057.620863247,0.956393367120166,4997758.517717886,0.9464349795086544,9.0,full
auction,outer_1,streed,4,1634.0,3,0.001,0.01,0.001,0.9493232528759292,5632956.067654961,74.07565498352051,4843876.063386339,0.9563950015165466,4997632.9960447205,0.9464363248259544,9.0,full
auction,outer_1,streed,4,1634.0,3,0.001,0.001,0.1,0.9513259907445484,5403843.488722886,75.24086928367615,4678603.628530263,0.9578827985156748,4920947.574511479,0.947258224515836,8.0,full
auction,outer_1,streed,4,1634.0,3,0.001,0.001,0.001,0.9513260405840708,5403832.641291156,75.61127543449402,4678506.8271185225,0.9578836699305,4921029.607565055,0.947257345301248,8.0,full
auction,outer_1,streed,4,1634.0,3,0.001,0.0001,0.1,0.951423802198855,5392136.365982491,74.47286200523376,4673911.518486271,0.9579250373030996,4936284.837420075,0.947093842663638,8.0,full
auction,outer_1,streed,4,1634.0,3,0.001,0.0001,0.001,0.951423580883764,5392155.474650075,74.08099842071533,4673888.728831112,0.9579252424575804,4936390.490232089,0.947092710296994,8.0,full
auction,outer_1,streed,4,1634.0,3,0.001,1e-05,0.1,0.95143124842508,5391223.244582436,74.35361838340759,4673712.256978479,0.9579268310727236,4938161.298065208,0.9470737311171216,8.0,full
auction,outer_1,streed,4,1634.0,3,0.001,1e-05,0.001,0.9514309989548748,5391245.472183067,74.82684183120728,4673692.409441449,0.957927009741998,4938270.660687525,0.9470725589894398,8.0,full
auction,outer_1,streed,4,1634.0,3,0.0005,0.1,0.1,0.9130316471495848,9743361.056494994,77.07459139823914,6427532.39750764,0.9421387878678028,4445552.645571035,0.95235341649438,11.0,full
auction,outer_1,streed,4,1634.0,3,0.0005,0.1,0.001,0.9130318523327344,9743335.28527745,76.48615765571594,6427503.621439584,0.9421390469124992,4445609.066642883,0.9523528117841168,11.0,full
auction,outer_1,streed,4,1634.0,3,0.0005,0.01,0.1,0.9493223128726744,5633063.110650096,74.32121419906616,4844057.620863247,0.956393367120166,4997758.517717886,0.9464349795086544,9.0,full
auction,outer_1,streed,4,1634.0,3,0.0005,0.01,0.001,0.9493232528759292,5632956.067654961,74.88325214385986,4843876.063386339,0.9563950015165466,4997632.9960447205,0.9464363248259544,9.0,full
auction,outer_1,streed,4,1634.0,3,0.0005,0.001,0.1,0.9515020815960544,5383478.194234934,76.88331389427185,4633322.530113159,0.9582904229474252,4944987.177950156,0.9470005726412544,9.0,full
auction,outer_1,streed,4,1634.0,3,0.0005,0.001,0.001,0.9515019567686211,5383487.558574206,76.7172679901123,4633280.656437803,0.9582907998979348,4945056.682336658,0.9469998277065252,9.0,full
auction,outer_1,streed,4,1634.0,3,0.0005,0.0001,0.1,0.9514652735470625,5387417.695927992,76.38292527198792,4673911.518486271,0.9579250373030996,4936284.837420075,0.947093842663638,8.0,full
auction,outer_1,streed,4,1634.0,3,0.0005,0.0001,0.001,0.9514650221759656,5387440.224411448,76.33361268043518,4673888.728831112,0.9579252424575804,4936390.490232089,0.947092710296994,8.0,full
auction,outer_1,streed,4,1634.0,3,0.0005,1e-05,0.1,0.951472300995657,5386552.22365315,76.71470546722412,4673712.256978479,0.9579268310727236,4938161.298065208,0.9470737311171216,8.0,full
auction,outer_1,streed,4,1634.0,3,0.0005,1e-05,0.001,0.9514720226475633,5386577.737021801,76.36559414863586,4673692.409441449,0.957927009741998,4938270.660687525,0.9470725589894398,8.0,full
auction,outer_1,streed,4,1634.0,3,0.0001,0.1,0.1,0.9130982826655002,9735701.029088184,78.78584361076355,6379381.30447448,0.9425722482435872,4398792.551080119,0.9528545822491288,13.0,full
auction,outer_1,streed,4,1634.0,3,0.0001,0.1,0.001,0.913098521738144,9735671.34301478,79.26747751235962,6379347.318249662,0.9425725541905732,4398839.989479988,0.9528540738134263,13.0,full
auction,outer_1,streed,4,1634.0,3,0.0001,0.01,0.1,0.9494673764316304,5617096.860740916,75.56031370162964,4828052.19704389,0.956537449353534,4976412.082482075,0.946663766521226,10.0,full
auction,outer_1,streed,4,1634.0,3,0.0001,0.01,0.001,0.9494683496351994,5616985.907342325,75.60402607917786,4827865.071335277,0.9565391338756262,4976269.238897766,0.9466652974914588,10.0,full
auction,outer_1,streed,4,1634.0,3,0.0001,0.001,0.1,0.951788684819152,5352949.788149654,78.04036593437195,4616994.147028328,0.9584374124885148,4923015.415796459,0.9472360617882032,10.0,full
auction,outer_1,streed,4,1634.0,3,0.0001,0.001,0.001,0.9517885544147368,5352959.482844333,78.11523580551147,4616950.685065871,0.9584378037369244,4923072.063761085,0.9472354546461464,10.0,full
auction,outer_1,streed,4,1634.0,3,0.0001,0.0001,0.1,0.951878773345234,5342158.298801231,78.07428503036499,4518053.461567947,0.9593280852437618,4017360.398346591,0.956942699152896,14.0,full
auction,outer_1,streed,4,1634.0,3,0.0001,0.0001,0.001,0.9518784169292674,5342193.008538394,77.84536600112915,4517969.8525987165,0.9593288378990588,4017683.80168272,0.9569392329777564,14.0,full
auction,outer_1,streed,4,1634.0,3,0.0001,1e-05,0.1,0.9518856408805808,5341315.545172151,78.72323560714722,4515541.431158784,0.9593506987625118,4022554.081518041,0.956887034249416,14.0,full
auction,outer_1,streed,4,1634.0,3,0.0001,1e-05,0.001,0.95188526091275,5341352.867644798,79.02551865577698,4515467.021544725,0.959351368604404,4022892.412959406,0.9568834080776982,14.0,full
auction,outer_2,streed,4,1634.0,3,0.1,0.1,0.1,0.8325415354606006,17614219.976339906,2.026595115661621,17117152.406431656,0.8368387033214479,19116464.495954677,0.8376141818972547,3.0,full
auction,outer_2,streed,4,1634.0,3,0.1,0.1,0.001,0.8325434832036672,17614018.255728588,2.0376052856445312,17116860.16402588,0.8368414889863025,19116036.128604915,0.8376178206863495,3.0,full
auction,outer_2,streed,4,1634.0,3,0.1,0.01,0.1,0.8597883680704147,14834003.662976304,1.9752161502838133,14204192.532276092,0.8646051389384626,14034010.101471497,0.8807873593952535,3.0,full
auction,outer_2,streed,4,1634.0,3,0.1,0.01,0.001,0.8597881581061421,14834036.98917971,1.9553067684173584,14204050.865252018,0.8646064893135015,14033608.783223124,0.8807907684143268,3.0,full
auction,outer_2,streed,4,1634.0,3,0.1,0.001,0.1,0.8612539898279693,14703354.799278935,1.9780328273773196,14033308.922093283,0.8662340075000385,13427110.924933355,0.8859426965293185,3.0,full
auction,outer_2,streed,4,1634.0,3,0.1,0.001,0.001,0.8612526868830127,14703504.877317108,1.9846842288970947,14033286.038815852,0.866234225624241,13426688.372651964,0.8859462859220076,3.0,full
auction,outer_2,streed,4,1634.0,3,0.1,0.0001,0.1,0.8612743881512847,14703933.454999307,1.983930587768555,14028835.308860185,0.8662766501381725,13375365.553296285,0.8863822503238025,3.0,full
auction,outer_2,streed,4,1634.0,3,0.1,0.0001,0.001,0.8612729351659564,14704099.491807925,1.982633352279663,14028828.990409968,0.8662767103658613,13374958.67413732,0.8863857065803248,3.0,full
auction,outer_2,streed,4,1634.0,3,0.1,1e-05,0.1,0.861274712003827,14704176.068200571,1.9885408878326416,14028559.734270362,0.8662792769248213,13370325.79934222,0.8864250607801523,3.0,full
auction,outer_2,streed,4,1634.0,3,0.1,1e-05,0.001,0.8612732435569103,14704343.749224382,1.9925332069396973,14028555.123797974,0.8662793208720057,13369920.54346437,0.8864285032476273,3.0,full
auction,outer_2,streed,4,1634.0,3,0.08,0.1,0.1,0.8325415354606006,17614219.976339906,10.095883131027222,17117152.406431656,0.8368387033214479,19116464.495954677,0.8376141818972547,3.0,full
auction,outer_2,streed,4,1634.0,3,0.08,0.1,0.001,0.8325434832036672,17614018.255728588,10.17789912223816,17116860.16402588,0.8368414889863025,19116036.128604915,0.8376178206863495,3.0,full
auction,outer_2,streed,4,1634.0,3,0.08,0.01,0.1,0.8597883680704147,14834003.662976304,2.092078447341919,14204192.532276092,0.8646051389384626,14034010.101471497,0.8807873593952535,3.0,full
auction,outer_2,streed,4,1634.0,3,0.08,0.01,0.001,0.8597881581061421,14834036.98917971,2.085893392562866,14204050.865252018,0.8646064893135015,14033608.783223124,0.8807907684143268,3.0,full
auction,outer_2,streed,4,1634.0,3,0.08,0.001,0.1,0.8612539898279693,14703354.799278935,2.0797903537750244,14033308.922093283,0.8662340075000385,13427110.924933355,0.8859426965293185,3.0,full
auction,outer_2,streed,4,1634.0,3,0.08,0.001,0.001,0.8612526868830127,14703504.877317108,2.056421995162964,14033286.038815852,0.866234225624241,13426688.372651964,0.8859462859220076,3.0,full
auction,outer_2,streed,4,1634.0,3,0.08,0.0001,0.1,0.8612743881512847,14703933.454999307,2.0646228790283203,14028835.308860185,0.8662766501381725,13375365.553296285,0.8863822503238025,3.0,full
auction,outer_2,streed,4,1634.0,3,0.08,0.0001,0.001,0.8612729351659564,14704099.491807925,2.067668199539185,14028828.990409968,0.8662767103658613,13374958.67413732,0.8863857065803248,3.0,full
auction,outer_2,streed,4,1634.0,3,0.08,1e-05,0.1,0.861274712003827,14704176.068200571,2.04590392112732,14028559.734270362,0.8662792769248213,13370325.79934222,0.8864250607801523,3.0,full
auction,outer_2,streed,4,1634.0,3,0.08,1e-05,0.001,0.8612732435569103,14704343.749224382,2.068892240524292,14028555.123797974,0.8662793208720057,13369920.54346437,0.8864285032476273,3.0,full
auction,outer_2,streed,4,1634.0,3,0.05,0.1,0.1,0.8487742247979319,15916938.975097127,39.93979740142822,13474457.964604158,0.8715609944140368,13229670.547318012,0.8876198642531079,4.0,full
auction,outer_2,streed,4,1634.0,3,0.05,0.1,0.001,0.8487745850023898,15916903.863233456,39.57733917236328,13474382.915781094,0.8715617097820487,13229540.51342143,0.8876209688329156,4.0,full
auction,outer_2,streed,4,1634.0,3,0.05,0.01,0.1,0.8597883680704147,14834003.662976304,9.71725845336914,14204192.532276092,0.8646051389384626,14034010.101471497,0.8807873593952535,3.0,full
auction,outer_2,streed,4,1634.0,3,0.05,0.01,0.001,0.8597881581061421,14834036.98917971,9.748098850250244,14204050.865252018,0.8646064893135015,14033608.783223124,0.8807907684143268,3.0,full
auction,outer_2,streed,4,1634.0,3,0.05,0.001,0.1,0.8612539898279693,14703354.799278935,9.819974422454834,14033308.922093283,0.8662340075000385,13427110.924933355,0.8859426965293185,3.0,full
auction,outer_2,streed,4,1634.0,3,0.05,0.001,0.001,0.8612526868830127,14703504.877317108,9.840316534042358,14033286.038815852,0.866234225624241,13426688.372651964,0.8859462859220076,3.0,full
auction,outer_2,streed,4,1634.0,3,0.05,0.0001,0.1,0.8612743881512847,14703933.454999307,9.877370834350586,14028835.308860185,0.8662766501381725,13375365.553296285,0.8863822503238025,3.0,full
auction,outer_2,streed,4,1634.0,3,0.05,0.0001,0.001,0.8612729351659564,14704099.491807925,9.861555337905884,14028828.990409968,0.8662767103658613,13374958.67413732,0.8863857065803248,3.0,full
auction,outer_2,streed,4,1634.0,3,0.05,1e-05,0.1,0.861274712003827,14704176.068200571,9.868147134780884,14028559.734270362,0.8662792769248213,13370325.79934222,0.8864250607801523,3.0,full
auction,outer_2,streed,4,1634.0,3,0.05,1e-05,0.001,0.8612732435569103,14704343.749224382,9.83030128479004,14028555.123797974,0.8662793208720057,13369920.54346437,0.8864285032476273,3.0,full
auction,outer_2,streed,4,1634.0,3,0.03,0.1,0.1,0.8763311055607771,13168153.511429347,54.2410204410553,9557738.776885703,0.9088952989887736,10507089.981925732,0.9107469687736858,5.0,full
auction,outer_2,streed,4,1634.0,3,0.03,0.1,0.001,0.876330409369635,13168223.589775627,54.23945164680481,9557689.383052558,0.9088957698125224,10507029.666968351,0.9107474811222792,5.0,full
auction,outer_2,streed,4,1634.0,3,0.03,0.01,0.1,0.8738643215277174,13428691.546382835,46.716257095336914,10502693.793798665,0.8998879546477552,12004698.483295511,0.8980254541994809,4.0,full
auction,outer_2,streed,4,1634.0,3,0.03,0.01,0.001,0.8738637279379554,13428763.159724772,47.03561019897461,10502484.399353145,0.899889950602949,12004576.76692043,0.8980264881256625,4.0,full
auction,outer_2,streed,4,1634.0,3,0.03,0.001,0.1,0.8735723543747173,13473606.515564762,46.73331427574158,10277836.999707552,0.9020312974900556,11878739.89718108,0.899095416067042,4.0,full
auction,outer_2,streed,4,1634.0,3,0.03,0.001,0.001,0.8735697590081508,13473885.658758895,46.72151970863342,10277754.580511712,0.9020320831127188,11878775.137363411,0.8990951167174505,4.0,full
auction,outer_2,streed,4,1634.0,3,0.03,0.0001,0.1,0.8733100418705207,13502425.541922264,46.84639501571655,10270472.841697922,0.9021014929023102,11888819.332300097,0.8990097957726533,4.0,full
auction,outer_2,streed,4,1634.0,3,0.03,0.0001,0.001,0.8733071213098033,13502738.13167858,46.54235911369324,10270412.394309122,0.9021020690889388,11888883.9281726,0.8990092470596,4.0,full
auction,outer_2,streed,4,1634.0,3,0.03,1e-05,0.1,0.8732797606772921,13505725.155337883,46.69464087486267,10269948.147071132,0.9021064943098828,11890137.872720154,0.8989985953613608,4.0,full
auction,outer_2,streed,4,1634.0,3,0.03,1e-05,0.001,0.8732768099023392,13506040.862796923,46.572502851486206,10269889.989407504,0.902107048670771,11890205.520163704,0.8989980207265759,4.0,full
auction,outer_2,streed,4,1634.0,3,0.01,0.1,0.1,0.8974695083205971,10798753.338198405,62.93376564979553,9557738.776885703,0.9088952989887736,10507089.981925732,0.9107469687736858,5.0,full
auction,outer_2,streed,4,1634.0,3,0.01,0.1,0.001,0.8974682239256846,10798888.815474898,62.75193500518799,9557689.383052558,0.9088957698125224,10507029.666968351,0.9107474811222792,5.0,full
auction,outer_2,streed,4,1634.0,3,0.01,0.01,0.1,0.9325412583507612,7042831.564533982,58.58259868621826,5044804.098053161,0.9519127505216144,6163500.840302756,0.947643816326951,7.0,full
auction,outer_2,streed,4,1634.0,3,0.01,0.01,0.001,0.9325431910104156,7042619.894388832,59.69918608665466,5044550.560872772,0.9519151672469042,6163202.695083205,0.9476463489372776,7.0,full
auction,outer_2,streed,4,1634.0,3,0.01,0.001,0.1,0.9359085996221168,6683689.590213652,59.98237204551697,4798850.553133711,0.954257188332232,5605135.826404797,0.9523868774510914,7.0,full
auction,outer_2,streed,4,1634.0,3,0.01,0.001,0.001,0.9359084068459536,6683699.795875169,60.1778404712677,4798789.282531866,0.9542577723657564,5605037.409636631,0.9523877134575306,7.0,full
auction,outer_2,streed,4,1634.0,3,0.01,0.0001,0.1,0.9359889389214184,6674828.387238752,60.5229229927063,4793436.079778174,0.9543087992820294,5566571.507489158,0.9527144640965204,7.0,full
auction,outer_2,streed,4,1634.0,3,0.01,0.0001,0.001,0.9359883463573913,6674880.796785566,60.08160853385925,4793404.138163397,0.954309103750621,5566504.947031624,0.952715029497845,7.0,full
auction,outer_2,streed,4,1634.0,3,0.01,1e-05,0.1,0.9359927054263678,6674399.261359483,64.20363783836365,4793165.25222743,0.9543113808197352,5562971.766093329,0.9527450422900792,7.0,full
auction,outer_2,streed,4,1634.0,3,0.01,1e-05,0.001,0.9359920760336564,6674455.602526317,64.01206684112549,4793136.43561443,0.9543116555007004,5562908.4095029365,0.9527455804759852,7.0,full
auction,outer_2,streed,4,1634.0,3,0.008,0.1,0.1,0.9108789505175418,9345747.832908995,70.73777055740356,7451793.152120672,0.9289692464954908,8337208.624299522,0.9291791406597892,7.0,full
auction,outer_2,streed,4,1634.0,3,0.008,0.1,0.001,0.9108785714650646,9345782.050760968,71.48795866966248,7451677.325832156,0.9289703505557324,8337155.038250457,0.9291795958493152,7.0,full
auction,outer_2,streed,4,1634.0,3,0.008,0.01,0.1,0.9325412583507612,7042831.564533982,67.39488577842712,5044804.098053161,0.9519127505216144,6163500.840302756,0.947643816326951,7.0,full
auction,outer_2,streed,4,1634.0,3,0.008,0.01,0.001,0.9325431910104156,7042619.894388832,67.97964572906494,5044550.560872772,0.9519151672469042,6163202.695083205,0.9476463489372776,7.0,full
auction,outer_2,streed,4,1634.0,3,0.008,0.001,0.1,0.9359085996221168,6683689.590213652,67.86199951171875,4798850.553133711,0.954257188332232,5605135.826404797,0.9523868774510914,7.0,full
auction,outer_2,streed,4,1634.0,3,0.008,0.001,0.001,0.9359084068459536,6683699.795875169,68.10643148422241,4798789.282531866,0.9542577723657564,5605037.409636631,0.9523877134575306,7.0,full
auction,outer_2,streed,4,1634.0,3,0.008,0.0001,0.1,0.937635247766203,6510692.955890271,67.49003672599792,4793436.079778174,0.9543087992820294,5566571.507489158,0.9527144640965204,7.0,full
auction,outer_2,streed,4,1634.0,3,0.008,0.0001,0.001,0.937634501721594,6510760.667305621,67.23139476776123,4793404.138163397,0.954309103750621,5566504.947031624,0.952715029497845,7.0,full
auction,outer_2,streed,4,1634.0,3,0.008,1e-05,0.1,0.9376305411294136,6511108.594211027,67.40952396392822,4793165.25222743,0.9543113808197352,5562971.766093329,0.9527450422900792,7.0,full
auction,outer_2,streed,4,1634.0,3,0.008,1e-05,0.001,0.9376297545838322,6511180.603370015,67.48246431350708,4793136.43561443,0.9543116555007004,5562908.4095029365,0.9527455804759852,7.0,full
auction,outer_2,streed,4,1634.0,3,0.005,0.1,0.1,0.9203826631370718,8370863.20266313,74.56020331382751,6853382.442417942,0.934673318354122,7652158.796550784,0.9349983326313832,8.0,full
auction,outer_2,streed,4,1634.0,3,0.005,0.1,0.001,0.9203813602368476,8370990.42487774,74.78294014930725,6853344.06624089,0.9346736841571868,7652201.951519591,0.9349979660492196,8.0,full
auction,outer_2,streed,4,1634.0,3,0.005,0.01,0.1,0.9325412583507612,7042831.564533982,71.99739813804626,5044804.098053161,0.9519127505216144,6163500.840302756,0.947643816326951,7.0,full
auction,outer_2,streed,4,1634.0,3,0.005,0.01,0.001,0.9325431910104156,7042619.894388832,72.34035468101501,5044550.560872772,0.9519151672469042,6163202.695083205,0.9476463489372776,7.0,full
auction,outer_2,streed,4,1634.0,3,0.005,0.001,0.1,0.9376284152914974,6512225.598127441,73.42771053314209,4798850.553133711,0.954257188332232,5605135.826404797,0.9523868774510914,7.0,full
auction,outer_2,streed,4,1634.0,3,0.005,0.001,0.001,0.9376281042495852,6512247.594772052,73.04786396026611,4798789.282531866,0.9542577723657564,5605037.409636631,0.9523877134575306,7.0,full
auction,outer_2,streed,4,1634.0,3,0.005,0.0001,0.1,0.943004961876302,5973668.413595234,73.80456829071045,4793436.079778174,0.9543087992820294,5566571.507489158,0.9527144640965204,7.0,full
auction,outer_2,streed,4,1634.0,3,0.005,0.0001,0.001,0.9430047282631084,5973684.876798712,74.37894105911255,4793404.138163397,0.954309103750621,5566504.947031624,0.952715029497845,7.0,full
auction,outer_2,streed,4,1634.0,3,0.005,1e-05,0.1,0.9430110892885264,5973000.5398157695,73.90988159179688,4793165.25222743,0.9543113808197352,5562971.766093329,0.9527450422900792,7.0,full
auction,outer_2,streed,4,1634.0,3,0.005,1e-05,0.001,0.94301080663346,5973022.154937475,71.36083197593689,4793136.43561443,0.9543116555007004,5562908.4095029365,0.9527455804759852,7.0,full
auction,outer_2,streed,4,1634.0,3,0.003,0.1,0.1,0.9203826631370718,8370863.20266313,74.39417147636414,6853382.442417942,0.934673318354122,7652158.796550784,0.9349983326313832,8.0,full
auction,outer_2,streed,4,1634.0,3,0.003,0.1,0.001,0.9203813602368476,8370990.42487774,74.6647596359253,6853344.06624089,0.9346736841571868,7652201.951519591,0.9349979660492196,8.0,full
auction,outer_2,streed,4,1634.0,3,0.003,0.01,0.1,0.9301870153135152,7294643.356453743,70.0501959323883,5044804.098053161,0.9519127505216144,6163500.840302756,0.947643816326951,7.0,full
auction,outer_2,streed,4,1634.0,3,0.003,0.01,0.001,0.9301881554963431,7294518.168010984,70.70167779922485,5044550.560872772,0.9519151672469042,6163202.695083205,0.9476463489372776,7.0,full
auction,outer_2,streed,4,1634.0,3,0.003,0.001,0.1,0.9428822320797164,5986791.934780464,71.08613181114197,4798850.553133711,0.954257188332232,5605135.826404797,0.9523868774510914,7.0,full
auction,outer_2,streed,4,1634.0,3,0.003,0.001,0.001,0.942882457907836,5986760.239109724,71.14540696144104,4798789.282531866,0.9542577723657564,5605037.409636631,0.9523877134575306,7.0,full
auction,outer_2,streed,4,1634.0,3,0.003,0.0001,0.1,0.9459918014569352,5630793.645390148,71.39060854911804,4793436.079778174,0.9543087992820294,5566571.507489158,0.9527144640965204,7.0,full
auction,outer_2,streed,4,1634.0,3,0.003,0.0001,0.001,0.9459909968386596,5630875.657221161,71.15091252326965,4793404.138163397,0.954309103750621,5566504.947031624,0.952715029497845,7.0,full
auction,outer_2,streed,4,1634.0,3,0.003,1e-05,0.1,0.9460011852410118,5629751.955838583,71.73614931106567,4793165.25222743,0.9543113808197352,5562971.766093329,0.9527450422900792,7.0,full
auction,outer_2,streed,4,1634.0,3,0.003,1e-05,0.001,0.9460003329735904,5629838.959709487,71.89043378829956,4793136.43561443,0.9543116555007004,5562908.4095029365,0.9527455804759852,7.0,full
auction,outer_2,streed,4,1634.0,3,0.001,0.1,0.1,0.9214692965040596,8261142.701886508,74.18843626976013,6705648.786843027,0.9360815207369908,7485639.904449972,0.9364128361620478,9.0,full
auction,outer_2,streed,4,1634.0,3,0.001,0.1,0.001,0.9214684223076384,8261228.489551309,73.27732419967651,6705611.153541607,0.9360818794589392,7485695.753928845,0.9364123617456976,9.0,full
auction,outer_2,streed,4,1634.0,3,0.001,0.01,0.1,0.9344771772695069,6866608.672265344,72.0095956325531,4761791.201281955,0.9546104393729792,5886157.926464518,0.9499997203681064,9.0,full
auction,outer_2,streed,4,1634.0,3,0.001,0.01,0.001,0.934478517191733,6866463.621254695,72.08714509010315,4761610.276030657,0.954612163958816,5885970.957631811,0.9500013085847384,9.0,full
auction,outer_2,streed,4,1634.0,3,0.001,0.001,0.1,0.9465348965796002,5570770.010957964,75.26058864593506,3957677.775603494,0.962275276729982,4949977.516990446,0.9579521543402136,12.0,full
auction,outer_2,streed,4,1634.0,3,0.001,0.001,0.001,0.9465345095016808,5570809.905939553,73.72309279441833,3957559.3384372927,0.9622764056772016,4949880.39126528,0.9579529793798198,12.0,full
auction,outer_2,streed,4,1634.0,3,0.001,0.0001,0.1,0.946204139056178,5609623.788012779,74.90254044532776,3906584.374786609,0.9627623008173454,4967342.969027917,0.9578046425899928,12.0,full
auction,outer_2,streed,4,1634.0,3,0.001,0.0001,0.001,0.9462034240982904,5609696.860788067,75.08472037315369,3906564.523328936,0.9627624900421358,4967450.070433673,0.9578037328114406,12.0,full
auction,outer_2,streed,4,1634.0,3,0.001,1e-05,0.1,0.9462130485199652,5608629.387744482,75.15802335739136,3905491.939419619,0.9627727139495524,4980251.131148307,0.9576949935245724,12.0,full
auction,outer_2,streed,4,1634.0,3,0.001,1e-05,0.001,0.9462122451997248,5608711.511627792,75.60983109474182,3905490.648375702,0.9627727262558284,4980393.021883225,0.9576937882262248,12.0,full
auction,outer_2,streed,4,1634.0,3,0.0005,0.1,0.1,0.9214692965040596,8261142.701886508,75.54174613952637,6705648.786843027,0.9360815207369908,7485639.904449972,0.9364128361620478,9.0,full
auction,outer_2,streed,4,1634.0,3,0.0005,0.1,0.001,0.9214684223076384,8261228.489551309,76.15512895584106,6705611.153541607,0.9360818794589392,7485695.753928845,0.9364123617456976,9.0,full
auction,outer_2,streed,4,1634.0,3,0.0005,0.01,0.1,0.9354136809934576,6759102.564687674,74.95330882072449,4761791.201281955,0.9546104393729792,5886157.926464518,0.9499997203681064,9.0,full
auction,outer_2,streed,4,1634.0,3,0.0005,0.01,0.001,0.9354150413952864,6758955.162717495,73.07388257980347,4761610.276030657,0.954612163958816,5885970.957631811,0.9500013085847384,9.0,full
auction,outer_2,streed,4,1634.0,3,0.0005,0.001,0.1,0.946750652413237,5549192.292772121,73.83629584312439,3957677.775603494,0.962275276729982,4949977.516990446,0.9579521543402136,12.0,full
auction,outer_2,streed,4,1634.0,3,0.0005,0.001,0.001,0.9467501764181728,5549241.080347985,73.50361847877502,3957559.3384372927,0.9622764056772016,4949880.39126528,0.9579529793798198,12.0,full
auction,outer_2,streed,4,1634.0,3,0.0005,0.0001,0.1,0.9468853673032812,5534524.277033319,73.82739067077637,3906584.374786609,0.9627623008173454,4967342.969027917,0.9578046425899928,12.0,full
auction,outer_2,streed,4,1634.0,3,0.0005,0.0001,0.001,0.9468844648331896,5534617.541724856,73.72660779953003,3906564.523328936,0.9627624900421358,4967450.070433673,0.9578037328114406,12.0,full
auction,outer_2,streed,4,1634.0,3,0.0005,1e-05,0.1,0.9468932317378064,5533640.88174598,73.87364268302917,3905491.939419619,0.9627727139495524,4980251.131148307,0.9576949935245724,12.0,full
auction,outer_2,streed,4,1634.0,3,0.0005,1e-05,0.001,0.9468922618785024,5533740.79069285,73.95156669616699,3905490.648375702,0.9627727262558284,4980393.021883225,0.9576937882262248,12.0,full
auction,outer_2,streed,4,1634.0,3,0.0001,0.1,0.1,0.9215646473457864,8251621.427995932,74.81899285316467,6561704.165466402,0.9374536059130796,7375824.633389664,0.937345667786592,13.0,full
auction,outer_2,streed,4,1634.0,3,0.0001,0.1,0.001,0.921563817738122,8251702.758610435,74.85676169395447,6561664.559845123,0.9374539834352495,7375784.666238334,0.9373460072896715,13.0,full
auction,outer_2,streed,4,1634.0,3,0.0001,0.01,0.1,0.9354022848868976,6762244.716238134,73.96123623847961,4541476.934421239,0.956710482686508,5879390.91986666,0.9500572030633366,14.0,full
auction,outer_2,streed,4,1634.0,3,0.0001,0.01,0.001,0.9354034895310293,6762115.421196769,73.72786402702332,4541256.460539171,0.9567125842512793,5879137.493659863,0.9500593558056456,14.0,full
auction,outer_2,streed,4,1634.0,3,0.0001,0.001,0.1,0.9469717073052152,5525648.217875904,75.0380585193634,3921855.434934001,0.962616736536784,4908048.460264138,0.9583083229288256,14.0,full
auction,outer_2,streed,4,1634.0,3,0.0001,0.001,0.001,0.946971211355874,5525698.884996451,75.19490146636963,3921719.416326998,0.9626180330709132,4907936.956753786,0.958309270101288,14.0,full
auction,outer_2,streed,4,1634.0,3,0.0001,0.0001,0.1,0.9471058781352384,5511038.228832508,77.61207437515259,3870733.910722839,0.963104028697327,4925426.248056415,0.9581607063918838,14.0,full
auction,outer_2,streed,4,1634.0,3,0.0001,0.0001,0.001,0.9471049460981372,5511134.383483673,75.26146054267883,3870715.70480021,0.9631042022368196,4925529.202346563,0.9581598318412244,14.0,full
auction,outer_2,streed,4,1634.0,3,0.0001,1e-05,0.1,0.9471137263059368,5510156.197598876,74.92874383926392,3869640.930563224,0.9631144470225164,4938337.106010207,0.958051034426564,14.0,full
auction,outer_2,streed,4,1634.0,3,0.0001,1e-05,0.001,0.947112726129618,5510259.072910319,74.41911554336548,3869641.329878392,0.9631144432162304,4938474.912216168,0.9580498638244636,14.0,full
auction,outer_3,streed,4,1635.0,3,0.1,0.1,0.1,0.8325720602659352,17975358.286402848,2.060436964035034,17639695.39642801,0.8356798817775279,17188706.736936323,0.8412539951974469,3.0,full
auction,outer_3,streed,4,1635.0,3,0.1,0.1,0.001,0.8325749812945628,17975044.366450727,2.073413133621216,17639385.82608878,0.8356827655367765,17188300.187538374,0.8412577498774044,3.0,full
auction,outer_3,streed,4,1635.0,3,0.1,0.01,0.1,0.8598336825307366,15045031.401572969,2.03394079208374,14601934.02384422,0.8639777234724422,12511727.624207838,0.8844481551801293,3.0,full
auction,outer_3,streed,4,1635.0,3,0.1,0.01,0.001,0.8598345177460186,15044940.60228782,2.006899118423462,14601810.029181631,0.8639788785273996,12511370.25022892,0.8844514557013519,3.0,full
auction,outer_3,streed,4,1635.0,3,0.1,0.001,0.1,0.8610870359336847,14909045.975171218,2.0630457401275635,14426183.390790677,0.8656149039425132,11883865.93533866,0.890246760985788,3.0,full
auction,outer_3,streed,4,1635.0,3,0.1,0.001,0.001,0.8610862206450225,14909131.527099283,2.073474168777466,14426161.042315615,0.8656151121266106,11883474.172052192,0.8902503791088677,3.0,full
auction,outer_3,streed,4,1635.0,3,0.1,0.0001,0.1,0.8610791719987853,14909707.312890118,2.0736751556396484,14421849.665856984,0.8656552741517172,11826151.670358611,0.890779780085242,3.0,full
auction,outer_3,streed,4,1635.0,3,0.1,0.0001,0.001,0.861078185631306,14909811.218689673,2.084242105484009,14421844.377284952,0.8656553234166711,11825772.061262213,0.8907832859585088,3.0,full
auction,outer_3,streed,4,1635.0,3,0.1,1e-05,0.1,0.8610765862469777,14909966.126400448,2.0817580223083496,14421596.430456344,0.8656576331307151,11820463.860095864,0.8908323097588878,3.0,full
auction,outer_3,streed,4,1635.0,3,0.1,1e-05,0.001,0.8610755831785869,14910071.820495348,2.077321529388428,14421592.900076505,0.8656576660174753,11820085.509203205,0.8908358040120357,3.0,full
auction,outer_3,streed,4,1635.0,3,0.08,0.1,0.1,0.8325720602659352,17975358.286402848,10.375051021575928,17639695.39642801,0.8356798817775279,17188706.736936323,0.8412539951974469,3.0,full
auction,outer_3,streed,4,1635.0,3,0.08,0.1,0.001,0.8325749812945628,17975044.366450727,10.458101034164429,17639385.82608878,0.8356827655367765,17188300.187538374,0.8412577498774044,3.0,full
auction,outer_3,streed,4,1635.0,3,0.08,0.01,0.1,0.8598336825307366,15045031.401572969,2.090787887573242,14601934.02384422,0.8639777234724422,12511727.624207838,0.8844481551801293,3.0,full
auction,outer_3,streed,4,1635.0,3,0.08,0.01,0.001,0.8598345177460186,15044940.60228782,2.0873348712921143,14601810.029181631,0.8639788785273996,12511370.25022892,0.8844514557013519,3.0,full
auction,outer_3,streed,4,1635.0,3,0.08,0.001,0.1,0.8610870359336847,14909045.975171218,2.074303150177002,14426183.390790677,0.8656149039425132,11883865.93533866,0.890246760985788,3.0,full
auction,outer_3,streed,4,1635.0,3,0.08,0.001,0.001,0.8610862206450225,14909131.527099283,2.070558786392212,14426161.042315615,0.8656151121266106,11883474.172052192,0.8902503791088677,3.0,full
auction,outer_3,streed,4,1635.0,3,0.08,0.0001,0.1,0.8610791719987853,14909707.312890118,2.0783803462982178,14421849.665856984,0.8656552741517172,11826151.670358611,0.890779780085242,3.0,full
auction,outer_3,streed,4,1635.0,3,0.08,0.0001,0.001,0.861078185631306,14909811.218689673,2.0075550079345703,14421844.377284952,0.8656553234166711,11825772.061262213,0.8907832859585088,3.0,full
auction,outer_3,streed,4,1635.0,3,0.08,1e-05,0.1,0.8610765862469777,14909966.126400448,2.009950876235962,14421596.430456344,0.8656576331307151,11820463.860095864,0.8908323097588878,3.0,full
auction,outer_3,streed,4,1635.0,3,0.08,1e-05,0.001,0.8610755831785869,14910071.820495348,2.0095691680908203,14421592.900076505,0.8656576660174753,11820085.509203205,0.8908358040120357,3.0,full
auction,outer_3,streed,4,1635.0,3,0.05,0.1,0.1,0.8481837428981268,16272325.996268049,40.1018340587616,13768367.354949148,0.8717426973283335,11956343.483867832,0.8895773958355778,4.0,full
auction,outer_3,streed,4,1635.0,3,0.05,0.1,0.001,0.8481848030595854,16272213.146926705,40.11446142196655,13768289.10312527,0.8717434262722672,11956253.654470855,0.8895782254534254,4.0,full
auction,outer_3,streed,4,1635.0,3,0.05,0.01,0.1,0.8598336825307366,15045031.401572969,10.384143829345703,14601934.02384422,0.8639777234724422,12511727.624207838,0.8844481551801293,3.0,full
auction,outer_3,streed,4,1635.0,3,0.05,0.01,0.001,0.8598345177460186,15044940.60228782,10.494585990905762,14601810.029181631,0.8639788785273996,12511370.25022892,0.8844514557013519,3.0,full
auction,outer_3,streed,4,1635.0,3,0.05,0.001,0.1,0.8610870359336847,14909045.975171218,10.54294228553772,14426183.390790677,0.8656149039425132,11883865.93533866,0.890246760985788,3.0,full
auction,outer_3,streed,4,1635.0,3,0.05,0.001,0.001,0.8610862206450225,14909131.527099283,10.530907392501833,14426161.042315615,0.8656151121266106,11883474.172052192,0.8902503791088677,3.0,full
auction,outer_3,streed,4,1635.0,3,0.05,0.0001,0.1,0.8610791719987853,14909707.312890118,10.556011438369753,14421849.665856984,0.8656552741517172,11826151.670358611,0.890779780085242,3.0,full
auction,outer_3,streed,4,1635.0,3,0.05,0.0001,0.001,0.861078185631306,14909811.218689673,10.534727334976196,14421844.377284952,0.8656553234166711,11825772.061262213,0.8907832859585088,3.0,full
auction,outer_3,streed,4,1635.0,3,0.05,1e-05,0.1,0.8610765862469777,14909966.126400448,10.530648708343506,14421596.430456344,0.8656576331307151,11820463.860095864,0.8908323097588878,3.0,full
auction,outer_3,streed,4,1635.0,3,0.05,1e-05,0.001,0.8610755831785869,14910071.820495348,10.541921854019163,14421592.900076505,0.8656576660174753,11820085.509203205,0.8908358040120357,3.0,full
auction,outer_3,streed,4,1635.0,3,0.03,0.1,0.1,0.8758317640958024,13334627.012495795,58.180617332458496,9668429.793267304,0.9099350929281316,9958600.799662326,0.9080275139622472,5.0,full
auction,outer_3,streed,4,1635.0,3,0.03,0.1,0.001,0.8758317858809588,13334624.494269509,58.08526372909546,9668379.980366984,0.9099355569532456,9958587.270779438,0.908027638908012,5.0,full
auction,outer_3,streed,4,1635.0,3,0.03,0.01,0.1,0.8815085739741665,12682109.72852522,49.81230854988098,10783075.901573809,0.8995517628208423,11066299.060997011,0.8977973857620987,4.0,full
auction,outer_3,streed,4,1635.0,3,0.03,0.01,0.001,0.881509207945212,12682039.4739142,49.61521100997925,10782827.85820696,0.8995540734341748,11066226.048298655,0.8977980600696158,4.0,full
auction,outer_3,streed,4,1635.0,3,0.03,0.001,0.1,0.8979951097410236,10950598.411079727,50.88446187973023,10544196.419980492,0.9017770112604658,10945582.022382846,0.8989122658915277,4.0,full
auction,outer_3,streed,4,1635.0,3,0.03,0.001,0.001,0.8979954557281272,10950561.964463225,50.25332951545715,10544108.308623657,0.9017778320495016,10945699.570877757,0.8989111802744291,4.0,full
auction,outer_3,streed,4,1635.0,3,0.03,0.0001,0.1,0.8982137250516898,10927526.11911494,49.63202595710754,10536246.099928517,0.9018510713562604,10953639.830133596,0.8988378481469309,4.0,full
auction,outer_3,streed,4,1635.0,3,0.03,0.0001,0.001,0.8982138146351258,10927517.04433377,49.60443663597107,10536181.878419263,0.9018516696027582,10953784.959046608,0.8988365078113563,4.0,full
auction,outer_3,streed,4,1635.0,3,0.03,1e-05,0.1,0.8982177768128466,10927088.067707667,50.76867413520813,10535675.996826991,0.90185638207206,10954724.522663647,0.8988278304877655,4.0,full
auction,outer_3,streed,4,1635.0,3,0.03,1e-05,0.001,0.8982178414604022,10927081.658796526,49.318110704422,10535614.269406298,0.9018569570852244,10954872.520621045,0.8988264636551809,4.0,full
auction,outer_3,streed,4,1635.0,3,0.01,0.1,0.1,0.9082380187183045,9851794.318731915,66.269704580307,8568384.515900655,0.920182411034518,9112286.941319812,0.9158436310138116,6.0,full
auction,outer_3,streed,4,1635.0,3,0.01,0.1,0.001,0.9082380370476466,9851791.965067329,66.6048378944397,8568327.79780832,0.9201829393839838,9112309.71989354,0.9158434206426864,6.0,full
auction,outer_3,streed,4,1635.0,3,0.01,0.01,0.1,0.9298264839999256,7524384.283171664,62.28381681442261,5258101.119261629,0.9510188935735396,4883544.832784181,0.9548981058701326,7.0,full
auction,outer_3,streed,4,1635.0,3,0.01,0.01,0.001,0.9298272891067936,7524296.178008236,62.67028522491455,5257832.332745761,0.951021397416779,4883468.26360828,0.9548988130234368,7.0,full
auction,outer_3,streed,4,1635.0,3,0.01,0.001,0.1,0.9421999823774304,6207779.589985183,62.58496618270874,4986829.807952229,0.953545883577786,4749266.112971283,0.956138234672522,7.0,full
auction,outer_3,streed,4,1635.0,3,0.01,0.001,0.001,0.9421998410911298,6207794.895518371,62.5616569519043,4986760.890603263,0.9535465255677228,4749415.65768985,0.9561368535548512,7.0,full
auction,outer_3,streed,4,1635.0,3,0.01,0.0001,0.1,0.9425250940668988,6173572.380497335,62.806159019470215,4980962.612830911,0.953600538614299,4760555.633769424,0.9560339704977782,7.0,full
auction,outer_3,streed,4,1635.0,3,0.01,0.0001,0.001,0.9425244571334656,6173640.878651216,64.24985408782959,4980926.4920234345,0.953600875092635,4760740.87753001,0.9560322596822202,7.0,full
auction,outer_3,streed,4,1635.0,3,0.01,1e-05,0.1,0.9425324943266306,6172792.707595404,64.29413056373596,4971421.527355983,0.9536894172631633,6055803.897727566,0.944071727481033,7.0,full
auction,outer_3,streed,4,1635.0,3,0.01,1e-05,0.001,0.9425317940116692,6172867.975518413,63.77800989151001,4971390.472995581,0.9536897065457192,6056137.370932271,0.9440686476949988,7.0,full
auction,outer_3,streed,4,1635.0,3,0.008,0.1,0.1,0.9192753610077496,8662482.965032324,70.20866250991821,7401492.71276808,0.9310524286133028,7997004.38828213,0.9261438038092594,7.0,full
auction,outer_3,streed,4,1635.0,3,0.008,0.1,0.001,0.919275510832848,8662466.785776077,70.7226390838623,7401413.061106445,0.9310531705972294,7997000.409175276,0.9261438405582324,7.0,full
auction,outer_3,streed,4,1635.0,3,0.008,0.01,0.1,0.9353572821841984,6936717.625611599,67.3997974395752,5258101.119261629,0.9510188935735396,4883544.832784181,0.9548981058701326,7.0,full
auction,outer_3,streed,4,1635.0,3,0.008,0.01,0.001,0.935358516914266,6936583.871480122,67.21772503852844,5257832.332745761,0.951021397416779,4883468.26360828,0.9548988130234368,7.0,full
auction,outer_3,streed,4,1635.0,3,0.008,0.001,0.1,0.9453762000170628,5870295.353211951,67.14069890975952,4986829.807952229,0.953545883577786,4749266.112971283,0.956138234672522,7.0,full
auction,outer_3,streed,4,1635.0,3,0.008,0.001,0.001,0.9453757317203512,5870345.40474541,67.31419253349304,4986760.890603263,0.9535465255677228,4749415.65768985,0.9561368535548512,7.0,full
auction,outer_3,streed,4,1635.0,3,0.008,0.0001,0.1,0.9456425671401172,5842329.959433909,67.47439861297607,4980962.612830911,0.953600538614299,4760555.633769424,0.9560339704977782,7.0,full
auction,outer_3,streed,4,1635.0,3,0.008,0.0001,0.001,0.9456415281357148,5842441.179034964,67.48806738853455,4980926.4920234345,0.953600875092635,4760740.87753001,0.9560322596822202,7.0,full
auction,outer_3,streed,4,1635.0,3,0.008,1e-05,0.1,0.9456411681203188,5842485.240767916,67.19585871696472,4971421.527355983,0.9536894172631633,6055803.897727566,0.944071727481033,7.0,full
auction,outer_3,streed,4,1635.0,3,0.008,1e-05,0.001,0.9456400582342434,5842604.027054724,67.81524133682251,4971390.472995581,0.9536897065457192,6056137.370932271,0.9440686476949988,7.0,full
auction,outer_3,streed,4,1635.0,3,0.005,0.1,0.1,0.9235493247018952,8212361.801299117,74.95454263687134,6890541.878873775,0.9358121197272652,7666540.309173113,0.929195799115956,8.0,full
auction,outer_3,streed,4,1635.0,3,0.005,0.1,0.001,0.923549035786698,8212391.884633425,75.10238766670227,6890505.416314178,0.9358124593891451,7666695.500006249,0.9291943658536914,8.0,full
auction,outer_3,streed,4,1635.0,3,0.005,0.01,0.1,0.9353572821841984,6936717.625611599,73.01136231422424,5258101.119261629,0.9510188935735396,4883544.832784181,0.9548981058701326,7.0,full
auction,outer_3,streed,4,1635.0,3,0.005,0.01,0.001,0.935358516914266,6936583.871480122,73.30249357223511,5257832.332745761,0.951021397416779,4883468.26360828,0.9548988130234368,7.0,full
auction,outer_3,streed,4,1635.0,3,0.005,0.001,0.1,0.9453762000170628,5870295.353211951,73.6508731842041,4986829.807952229,0.953545883577786,4749266.112971283,0.956138234672522,7.0,full
auction,outer_3,streed,4,1635.0,3,0.005,0.001,0.001,0.9453757317203512,5870345.40474541,73.96822333335876,4986760.890603263,0.9535465255677228,4749415.65768985,0.9561368535548512,7.0,full
auction,outer_3,streed,4,1635.0,3,0.005,0.0001,0.1,0.9456425671401172,5842329.959433909,73.18569374084473,4980962.612830911,0.953600538614299,4760555.633769424,0.9560339704977782,7.0,full
auction,outer_3,streed,4,1635.0,3,0.005,0.0001,0.001,0.9456415281357148,5842441.179034964,73.67649531364441,4980926.4920234345,0.953600875092635,4760740.87753001,0.9560322596822202,7.0,full
auction,outer_3,streed,4,1635.0,3,0.005,1e-05,0.1,0.9456411681203188,5842485.240767916,73.91796374320984,4971421.527355983,0.9536894172631633,6055803.897727566,0.944071727481033,7.0,full
auction,outer_3,streed,4,1635.0,3,0.005,1e-05,0.001,0.9456400582342434,5842604.027054724,74.00006675720215,4971390.472995581,0.9536897065457192,6056137.370932271,0.9440686476949988,7.0,full
auction,outer_3,streed,4,1635.0,3,0.003,0.1,0.1,0.9240022351106948,8164972.003563896,76.0145959854126,6890541.878873775,0.9358121197272652,7666540.309173113,0.929195799115956,8.0,full
auction,outer_3,streed,4,1635.0,3,0.003,0.1,0.001,0.924002130789918,8164982.772057854,76.73644709587097,6890505.416314178,0.9358124593891451,7666695.500006249,0.9291943658536914,8.0,full
auction,outer_3,streed,4,1635.0,3,0.003,0.01,0.1,0.939755721677934,6472180.75998833,74.60792517662048,5258101.119261629,0.9510188935735396,4883544.832784181,0.9548981058701326,7.0,full
auction,outer_3,streed,4,1635.0,3,0.003,0.01,0.001,0.9397567901584624,6472064.319405455,74.62171030044556,5257832.332745761,0.951021397416779,4883468.26360828,0.9548988130234368,7.0,full
auction,outer_3,streed,4,1635.0,3,0.003,0.001,0.1,0.9453762000170628,5870295.353211951,74.93823075294495,4986829.807952229,0.953545883577786,4749266.112971283,0.956138234672522,7.0,full
auction,outer_3,streed,4,1635.0,3,0.003,0.001,0.001,0.9453757317203512,5870345.40474541,75.00660228729248,4986760.890603263,0.9535465255677228,4749415.65768985,0.9561368535548512,7.0,full
auction,outer_3,streed,4,1635.0,3,0.003,0.0001,0.1,0.9465468766311568,5746243.9121233625,75.2623929977417,4980962.612830911,0.953600538614299,4760555.633769424,0.9560339704977782,7.0,full
auction,outer_3,streed,4,1635.0,3,0.003,0.0001,0.001,0.9465457665382888,5746362.685122632,74.96094870567322,4980926.4920234345,0.953600875092635,4760740.87753001,0.9560322596822202,7.0,full
auction,outer_3,streed,4,1635.0,3,0.003,1e-05,0.1,0.9465374151850036,5747255.854465389,75.32614827156067,4971421.527355983,0.9536894172631633,6055803.897727566,0.944071727481033,7.0,full
auction,outer_3,streed,4,1635.0,3,0.003,1e-05,0.001,0.9465362306383536,5747382.573699467,75.33283734321594,4971390.472995581,0.9536897065457192,6056137.370932271,0.9440686476949988,7.0,full
auction,outer_3,streed,4,1635.0,3,0.001,0.1,0.1,0.9248608049454164,8071883.206381229,79.20961380004883,6741345.036068663,0.9372019420738076,7501948.638676159,0.9307158826519106,9.0,full
auction,outer_3,streed,4,1635.0,3,0.001,0.1,0.001,0.9248607289117916,8071890.952104077,79.46605610847473,6741308.684237418,0.9372022807042132,7502109.869770816,0.9307143936049148,9.0,full
auction,outer_3,streed,4,1635.0,3,0.001,0.01,0.1,0.9409580641718222,6342656.411020939,77.24580240249634,4766013.278475362,0.9556028691103402,9497938.202835623,0.9122819554352096,11.0,full
auction,outer_3,streed,4,1635.0,3,0.001,0.01,0.001,0.940959243012698,6342527.579794835,78.52348303794861,4765826.009691864,0.9556046135865316,9497846.7957175,0.9122827996240734,11.0,full
auction,outer_3,streed,4,1635.0,3,0.001,0.001,0.1,0.9474786397175454,5645043.153495856,79.22157597541809,4794722.683343972,0.955335430659954,4535613.607922866,0.9581114187003588,8.0,full
auction,outer_3,streed,4,1635.0,3,0.001,0.001,0.001,0.9474777964247872,5645131.984616314,79.23150730133057,4794666.231334328,0.9553359565307636,4535747.512663939,0.9581101820254306,8.0,full
auction,outer_3,streed,4,1635.0,3,0.001,0.0001,0.1,0.947031026660301,5693134.955179128,78.43896913528442,4291723.035052411,0.9600210536152044,5350626.105667064,0.9505843848250864,11.0,full
auction,outer_3,streed,4,1635.0,3,0.001,0.0001,0.001,0.9470290549592204,5693348.669925523,78.41032600402832,4291650.131803674,0.9600217327352336,5350230.15447401,0.9505880416255053,11.0,full
auction,outer_3,streed,4,1635.0,3,0.001,1e-05,0.1,0.9469295271840036,5704354.778039538,78.481454372406,4289122.319528092,0.9600452802173548,5339032.034824595,0.9506914616665154,11.0,full
auction,outer_3,streed,4,1635.0,3,0.001,1e-05,0.001,0.9469272188424948,5704605.536822989,78.28722286224365,4289065.65984104,0.9600458080227542,5338645.230257389,0.9506950339934288,11.0,full
auction,outer_3,streed,4,1635.0,3,0.0005,0.1,0.1,0.9248608049454164,8071883.206381229,80.10055685043335,6741345.036068663,0.9372019420738076,7501948.638676159,0.9307158826519106,9.0,full
auction,outer_3,streed,4,1635.0,3,0.0005,0.1,0.001,0.9248607289117916,8071890.952104077,79.8712649345398,6741308.684237418,0.9372022807042132,7502109.869770816,0.9307143936049148,9.0,full
auction,outer_3,streed,4,1635.0,3,0.0005,0.01,0.1,0.9410489658868092,6332565.394450461,78.2753746509552,4667169.650939307,0.9565236331143236,9466339.957510063,0.9125737804852828,12.0,full
auction,outer_3,streed,4,1635.0,3,0.0005,0.01,0.001,0.941050008810144,6332451.651456292,78.28242135047913,4666976.941299552,0.9565254282740516,9466270.673616504,0.9125744203554876,12.0,full
auction,outer_3,streed,4,1635.0,3,0.0005,0.001,0.1,0.9488900816308916,5495072.512022263,79.44036269187927,4451882.651560517,0.9585291090817176,9217008.249221,0.914876479179678,12.0,full
auction,outer_3,streed,4,1635.0,3,0.0005,0.001,0.001,0.9488890681534664,5495179.425859052,78.58909869194031,4451853.261949518,0.9585293828565332,9217075.63224462,0.9148758568649248,12.0,full
auction,outer_3,streed,4,1635.0,3,0.0005,0.0001,0.1,0.946669759020384,5730801.339668545,78.31630492210388,4205930.449342128,0.9608202424622738,5198693.950423462,0.9519875516261196,12.0,full
auction,outer_3,streed,4,1635.0,3,0.0005,0.0001,0.001,0.9466648438974468,5731323.276829521,78.64789128303528,4205863.310737295,0.960820867882568,5198243.456655754,0.9519917121535464,12.0,full
auction,outer_3,streed,4,1635.0,3,0.0005,1e-05,0.1,0.946313290511412,5768702.33955241,78.88105893135071,4203455.762802857,0.96084329505902,5186256.5703468295,0.9521024168354452,12.0,full
auction,outer_3,streed,4,1635.0,3,0.0005,1e-05,0.001,0.946307193789215,5769349.727819528,79.09695649147034,4203405.80668834,0.9608437604182258,5185814.906233508,0.9521064958167512,12.0,full
auction,outer_3,streed,4,1635.0,3,0.0001,0.1,0.1,0.924979698630512,8059180.670809473,80.25109314918518,6584263.850953949,0.9386652099097024,7383263.391959081,0.9318119982022944,13.0,full
auction,outer_3,streed,4,1635.0,3,0.0001,0.1,0.001,0.9249796574776152,8059184.659426987,82.5545756816864,6584220.4263353525,0.9386656144256704,7383256.57773769,0.9318120611349184,13.0,full
auction,outer_3,streed,4,1635.0,3,0.0001,0.01,0.1,0.9398943968716642,6455168.48173589,78.63825821876526,4713687.716497213,0.9560903005731334,9517102.13474427,0.9121049672723788,14.0,full
auction,outer_3,streed,4,1635.0,3,0.0001,0.01,0.001,0.9398954287158816,6455055.900577842,79.3129951953888,4713538.478763111,0.9560916907763972,9517135.661037875,0.912104657640872,14.0,full
auction,outer_3,streed,4,1635.0,3,0.0001,0.001,0.1,0.9491517162098247,5466724.506022357,80.64929151535034,4414566.468502002,0.958876722771976,9182116.668477433,0.9151987197722402,14.0,full
auction,outer_3,streed,4,1635.0,3,0.0001,0.001,0.001,0.9491505860677716,5466844.412315492,79.88775730133057,4414538.514321758,0.9588769831752368,9182177.726585602,0.9151981558711344,14.0,full
auction,outer_3,streed,4,1635.0,3,0.0001,0.0001,0.1,0.9468305104378576,5713654.084637682,79.5604407787323,4168590.4792334577,0.9611680777374748,5163686.467202696,0.952310862634012,14.0,full
auction,outer_3,streed,4,1635.0,3,0.0001,0.0001,0.001,0.9468255947417704,5714176.103886575,79.86848306655884,4168525.107310264,0.9611686867004932,5163229.243013199,0.9523150853201336,14.0,full
auction,outer_3,streed,4,1635.0,3,0.0001,1e-05,0.1,0.946474054268997,5751553.874332844,79.9110324382782,4166115.519760644,0.9611911328766952,5151243.657926973,0.9524257779846124,14.0,full
auction,outer_3,streed,4,1635.0,3,0.0001,1e-05,0.001,0.9464679563607032,5752201.410326454,80.1876380443573,4166067.379537328,0.9611915813202204,5150795.282510372,0.9524299189480444,14.0,full
auction,outer_4,streed,4,1635.0,3,0.1,0.1,0.1,0.8338969340697518,17876851.802387882,1.9766285419464111,17438267.405264214,0.8385601350391014,16107615.9445173,0.8478508404018756,3.0,full
auction,outer_4,streed,4,1635.0,3,0.1,0.1,0.001,0.8338993552347471,17876587.504757036,1.9912095069885252,17437941.82100714,0.838563149230665,16107449.19860447,0.8478524154487721,3.0,full
auction,outer_4,streed,4,1635.0,3,0.1,0.01,0.1,0.8661952126691297,14386572.79032012,1.9906268119812007,14072951.096033068,0.8697155358531168,13943109.629260896,0.868296312776277,3.0,full
auction,outer_4,streed,4,1635.0,3,0.1,0.01,0.001,0.8661968098547183,14386396.213874264,1.9920861721038816,14072794.607886264,0.8697169845879424,13943267.48232502,0.8682948217293629,3.0,full
auction,outer_4,streed,4,1635.0,3,0.1,0.001,0.1,0.8680424507348583,14184720.8906525,1.966062307357788,13890594.702232346,0.8714037535473276,13991147.865895366,0.8678425536751357,3.0,full
auction,outer_4,streed,4,1635.0,3,0.1,0.001,0.001,0.8680427826997211,14184679.71889335,1.9831180572509768,13890571.855974168,0.8714039650532501,13991444.468349952,0.8678397520305997,3.0,full
auction,outer_4,streed,4,1635.0,3,0.1,0.0001,0.1,0.8680917121255417,14179080.888962852,2.019349336624145,13886697.1738605,0.8714398360570981,14012148.037187932,0.8676441904645535,3.0,full
auction,outer_4,streed,4,1635.0,3,0.1,0.0001,0.001,0.8680918737996457,14179057.949225882,1.975801944732666,13886691.90894432,0.8714398847986007,14012462.536738057,0.8676412197678092,3.0,full
auction,outer_4,streed,4,1635.0,3,0.1,1e-05,0.1,0.8680948109924334,14178713.187694997,1.9874029159545896,13886500.15593121,0.8714416600082487,14014459.940580431,0.8676223527103227,3.0,full
auction,outer_4,streed,4,1635.0,3,0.1,1e-05,0.001,0.8680949551298852,14178692.125628732,1.983294486999512,13886496.701396331,0.8714416919896166,14014776.279527506,0.8676193646390209,3.0,full
auction,outer_4,streed,4,1635.0,3,0.08,0.1,0.1,0.8338969340697518,17876851.802387882,10.058489084243774,17438267.405264214,0.8385601350391014,16107615.9445173,0.8478508404018756,3.0,full
auction,outer_4,streed,4,1635.0,3,0.08,0.1,0.001,0.8338993552347471,17876587.504757036,10.075371980667114,17437941.82100714,0.838563149230665,16107449.19860447,0.8478524154487721,3.0,full
auction,outer_4,streed,4,1635.0,3,0.08,0.01,0.1,0.8661952126691297,14386572.79032012,2.030318021774292,14072951.096033068,0.8697155358531168,13943109.629260896,0.868296312776277,3.0,full
auction,outer_4,streed,4,1635.0,3,0.08,0.01,0.001,0.8661968098547183,14386396.213874264,2.0229620933532715,14072794.607886264,0.8697169845879424,13943267.48232502,0.8682948217293629,3.0,full
auction,outer_4,streed,4,1635.0,3,0.08,0.001,0.1,0.8680424507348583,14184720.8906525,2.0178942680358887,13890594.702232346,0.8714037535473276,13991147.865895366,0.8678425536751357,3.0,full
auction,outer_4,streed,4,1635.0,3,0.08,0.001,0.001,0.8680427826997211,14184679.71889335,2.002211809158325,13890571.855974168,0.8714039650532501,13991444.468349952,0.8678397520305997,3.0,full
auction,outer_4,streed,4,1635.0,3,0.08,0.0001,0.1,0.8680917121255417,14179080.888962852,2.007087230682373,13886697.1738605,0.8714398360570981,14012148.037187932,0.8676441904645535,3.0,full
auction,outer_4,streed,4,1635.0,3,0.08,0.0001,0.001,0.8680918737996457,14179057.949225882,1.996344327926636,13886691.90894432,0.8714398847986007,14012462.536738057,0.8676412197678092,3.0,full
auction,outer_4,streed,4,1635.0,3,0.08,1e-05,0.1,0.8680948109924334,14178713.187694997,2.0007481575012207,13886500.15593121,0.8714416600082487,14014459.940580431,0.8676223527103227,3.0,full
auction,outer_4,streed,4,1635.0,3,0.08,1e-05,0.001,0.8680949551298852,14178692.125628732,1.9930274486541748,13886496.701396331,0.8714416919896166,14014776.279527506,0.8676193646390209,3.0,full
auction,outer_4,streed,4,1635.0,3,0.05,0.1,0.1,0.871824508770084,13789106.460386544,36.99498867988586,13444350.83223758,0.8755349867964424,13339006.31478237,0.874002545897612,4.0,full
auction,outer_4,streed,4,1635.0,3,0.05,0.1,0.001,0.8718242818135553,13789131.02977928,37.33020067214966,13444271.949839838,0.8755357170733296,13339076.651601706,0.8740018815107786,4.0,full
auction,outer_4,streed,4,1635.0,3,0.05,0.01,0.1,0.8661952126691297,14386572.79032012,10.058488607406616,14072951.096033068,0.8697155358531168,13943109.629260896,0.868296312776277,3.0,full
auction,outer_4,streed,4,1635.0,3,0.05,0.01,0.001,0.8661968098547183,14386396.213874264,10.084776878356934,14072794.607886264,0.8697169845879424,13943267.48232502,0.8682948217293629,3.0,full
auction,outer_4,streed,4,1635.0,3,0.05,0.001,0.1,0.8680424507348583,14184720.8906525,10.165860652923584,13890594.702232346,0.8714037535473276,13991147.865895366,0.8678425536751357,3.0,full
auction,outer_4,streed,4,1635.0,3,0.05,0.001,0.001,0.8680427826997211,14184679.71889335,10.195272207260132,13890571.855974168,0.8714039650532501,13991444.468349952,0.8678397520305997,3.0,full
auction,outer_4,streed,4,1635.0,3,0.05,0.0001,0.1,0.8680917121255417,14179080.888962852,10.229135036468506,13886697.1738605,0.8714398360570981,14012148.037187932,0.8676441904645535,3.0,full
auction,outer_4,streed,4,1635.0,3,0.05,0.0001,0.001,0.8680918737996457,14179057.949225882,10.2501323223114,13886691.90894432,0.8714398847986007,14012462.536738057,0.8676412197678092,3.0,full
auction,outer_4,streed,4,1635.0,3,0.05,1e-05,0.1,0.8680948109924334,14178713.187694997,10.224544525146484,13886500.15593121,0.8714416600082487,14014459.940580431,0.8676223527103227,3.0,full
auction,outer_4,streed,4,1635.0,3,0.05,1e-05,0.001,0.8680949551298852,14178692.125628732,10.273250579833984,13886496.701396331,0.8714416919896166,14014776.279527506,0.8676193646390209,3.0,full
auction,outer_4,streed,4,1635.0,3,0.03,0.1,0.1,0.8983707742849057,11006154.473181795,55.03637170791626,9489335.059039246,0.9121497030124934,10809221.244637197,0.8978983647271814,5.0,full
auction,outer_4,streed,4,1635.0,3,0.03,0.1,0.001,0.8983702630499182,11006208.896684544,55.19110083580017,9489282.941422706,0.9121501855065842,10809267.738973206,0.8978979255514417,5.0,full
auction,outer_4,streed,4,1635.0,3,0.03,0.01,0.1,0.901188972415763,10625536.883714853,46.64052581787109,10219084.831653228,0.9053938308832196,13068667.221125064,0.8765561122384136,4.0,full
auction,outer_4,streed,4,1635.0,3,0.03,0.01,0.001,0.9011911592139332,10625305.013222044,46.550657510757446,10218845.250618627,0.9053960488747766,13068741.82307158,0.8765554075640839,4.0,full
auction,outer_4,streed,4,1635.0,3,0.03,0.001,0.1,0.90338851216378,10394549.67547324,47.84040331840515,9972958.32784423,0.9076724190373516,13111374.853537722,0.8761527049059818,4.0,full
auction,outer_4,streed,4,1635.0,3,0.03,0.001,0.001,0.9033890522722126,10394498.058303852,47.9316885471344,9972876.893795172,0.907673172936898,13111639.646610249,0.8761502037261927,4.0,full
auction,outer_4,streed,4,1635.0,3,0.03,0.0001,0.1,0.9034353360965984,10390294.369496206,47.84702372550965,9965690.434268383,0.9077397036895576,13136146.79839365,0.8759187143139275,4.0,full
auction,outer_4,streed,4,1635.0,3,0.03,0.0001,0.001,0.9034356423821512,10390268.148658754,47.79696750640869,9965632.231909614,0.9077402425149308,13136438.70419338,0.8759159570330075,4.0,full
auction,outer_4,streed,4,1635.0,3,0.03,1e-05,0.1,0.9034377668750412,10390114.260404332,47.7558069229126,9965180.634153534,0.9077444233133474,13138894.374392994,0.87589276128769,4.0,full
auction,outer_4,streed,4,1635.0,3,0.03,1e-05,0.001,0.9034380487334602,10390090.693228053,47.747095346450806,9965124.85832625,0.907744939674395,13139189.107677238,0.8758899772989447,4.0,full
auction,outer_4,streed,4,1635.0,3,0.01,0.1,0.1,0.9078274177905512,9927393.562441008,65.48179531097412,8080486.382693153,0.9251925320260568,10055171.149163296,0.9050209636714586,6.0,full
auction,outer_4,streed,4,1635.0,3,0.01,0.1,0.001,0.9078272549274568,9927408.24562993,65.75653076171875,8080438.762103874,0.9251929728876012,10055150.9237554,0.9050211547164166,6.0,full
auction,outer_4,streed,4,1635.0,3,0.01,0.01,0.1,0.9357527939663016,6897204.608015115,59.63179922103882,5163169.407952166,0.9522004478645388,5183216.024131853,0.951040429272488,7.0,full
auction,outer_4,streed,4,1635.0,3,0.01,0.01,0.001,0.9357545084568808,6897023.941789351,59.615904092788696,5162907.850816967,0.9522028693062798,5183088.115060365,0.9510416374747322,7.0,full
auction,outer_4,streed,4,1635.0,3,0.01,0.001,0.1,0.9396724259171976,6479641.23188978,61.11106133460999,4908386.512540177,0.9545591750977984,5162845.627767622,0.9512328437612724,7.0,full
auction,outer_4,streed,4,1635.0,3,0.01,0.001,0.001,0.9396741099378086,6479467.783885947,61.774399280548096,4908212.0718780905,0.9545607900332892,5162750.886967933,0.9512337386629824,7.0,full
auction,outer_4,streed,4,1635.0,3,0.01,0.0001,0.1,0.9398964068993388,6456102.894230907,59.67611217498779,4900214.1767805815,0.9546348328882648,5191613.204813895,0.9509611112661384,7.0,full
auction,outer_4,streed,4,1635.0,3,0.01,0.0001,0.001,0.9398964738854664,6456101.394143686,59.52679324150085,4900182.806100484,0.9546351233115185,5191754.430697586,0.950959777276081,7.0,full
auction,outer_4,streed,4,1635.0,3,0.01,1e-05,0.1,0.940355449044401,6408361.6157676885,59.57713150978088,4899935.285035241,0.9546374148102332,5194060.093704407,0.9509379984672236,7.0,full
auction,outer_4,streed,4,1635.0,3,0.01,1e-05,0.001,0.9403553952507604,6408372.806815389,59.70533156394959,4899907.099108079,0.9546376757497044,5194204.499989194,0.950936634435765,7.0,full
auction,outer_4,streed,4,1635.0,3,0.008,0.1,0.1,0.921238285245006,8491309.845779723,67.28146553039551,6068940.983660421,0.9438150023687542,7664653.71599442,0.9276012896311864,8.0,full
auction,outer_4,streed,4,1635.0,3,0.008,0.1,0.001,0.9212387172172416,8491262.178696351,67.37050580978394,6068831.352213306,0.9438160173139668,7664612.8522588285,0.9276016756214563,8.0,full
auction,outer_4,streed,4,1635.0,3,0.008,0.01,0.1,0.9416334508837912,6285652.822037672,63.26146960258484,5163169.407952166,0.9522004478645388,5183216.024131853,0.951040429272488,7.0,full
auction,outer_4,streed,4,1635.0,3,0.008,0.01,0.001,0.9416353940958718,6285448.370196669,63.03409171104431,5162907.850816967,0.9522028693062798,5183088.115060365,0.9510416374747322,7.0,full
auction,outer_4,streed,4,1635.0,3,0.008,0.001,0.1,0.945739900751856,5848661.543128652,63.89204740524292,4908386.512540177,0.9545591750977984,5162845.627767622,0.9512328437612724,7.0,full
auction,outer_4,streed,4,1635.0,3,0.008,0.001,0.001,0.9457415831762738,5848488.261119005,63.5046591758728,4908212.0718780905,0.9545607900332892,5162750.886967933,0.9512337386629824,7.0,full
auction,outer_4,streed,4,1635.0,3,0.008,0.0001,0.1,0.9459743084782788,5824038.888840385,63.59376764297485,4900214.1767805815,0.9546348328882648,5191613.204813895,0.9509611112661384,7.0,full
auction,outer_4,streed,4,1635.0,3,0.008,0.0001,0.001,0.9459743416564,5824040.904575828,63.22777843475342,4900182.806100484,0.9546351233115185,5191754.430697586,0.950959777276081,7.0,full
auction,outer_4,streed,4,1635.0,3,0.008,1e-05,0.1,0.9459879730022716,5822614.1160705015,63.32422852516174,4899935.285035241,0.9546374148102332,5194060.093704407,0.9509379984672236,7.0,full
auction,outer_4,streed,4,1635.0,3,0.008,1e-05,0.001,0.9459879658389676,5822620.457852905,63.46692252159119,4899907.099108079,0.9546376757497044,5194204.499989194,0.950936634435765,7.0,full
auction,outer_4,streed,4,1635.0,3,0.005,0.1,0.1,0.9308484044138822,7474107.314415381,70.6735565662384,6068940.983660421,0.9438150023687542,7664653.71599442,0.9276012896311864,8.0,full
auction,outer_4,streed,4,1635.0,3,0.005,0.1,0.001,0.9308483441600024,7474112.388048425,71.10868406295776,6068831.352213306,0.9438160173139668,7664612.8522588285,0.9276016756214563,8.0,full
auction,outer_4,streed,4,1635.0,3,0.005,0.01,0.1,0.9416334508837912,6285652.822037672,68.80525875091553,5588044.629062255,0.9482670411374152,7201755.696685729,0.931973727170053,8.0,full
auction,outer_4,streed,4,1635.0,3,0.005,0.01,0.001,0.9416353940958718,6285448.370196669,68.97174096107483,5587959.538898077,0.9482678288845174,7201787.871087337,0.931973423257408,8.0,full
auction,outer_4,streed,4,1635.0,3,0.005,0.001,0.1,0.9449989474897252,5925716.079235722,69.2519462108612,4908386.512540177,0.9545591750977984,5162845.627767622,0.9512328437612724,7.0,full
auction,outer_4,streed,4,1635.0,3,0.005,0.001,0.001,0.9450007479420052,5925530.523061638,69.27492594718933,4908212.0718780905,0.9545607900332892,5162750.886967933,0.9512337386629824,7.0,full
auction,outer_4,streed,4,1635.0,3,0.005,0.0001,0.1,0.9452593854401852,5898386.443359752,69.7361569404602,4900214.1767805815,0.9546348328882648,5191613.204813895,0.9509611112661384,7.0,full
auction,outer_4,streed,4,1635.0,3,0.005,0.0001,0.001,0.9452592203867628,5898409.0739441775,69.71784710884094,4900182.806100484,0.9546351233115185,5191754.430697586,0.950959777276081,7.0,full
auction,outer_4,streed,4,1635.0,3,0.005,1e-05,0.1,0.9452758401847868,5896671.504980717,72.05874037742615,4899935.285035241,0.9546374148102332,5194060.093704407,0.9509379984672236,7.0,full
auction,outer_4,streed,4,1635.0,3,0.005,1e-05,0.001,0.9452756377006818,5896698.158912969,71.40478444099426,4899907.099108079,0.9546376757497044,5194204.499989194,0.950936634435765,7.0,full
auction,outer_4,streed,4,1635.0,3,0.003,0.1,0.1,0.9308484044138822,7474107.314415381,74.47040319442749,6068940.983660421,0.9438150023687542,7664653.71599442,0.9276012896311864,8.0,full
auction,outer_4,streed,4,1635.0,3,0.003,0.1,0.001,0.9308483441600024,7474112.388048425,74.30090928077698,6068831.352213306,0.9438160173139668,7664612.8522588285,0.9276016756214563,8.0,full
auction,outer_4,streed,4,1635.0,3,0.003,0.01,0.1,0.9407939795753204,6372952.622923076,72.63990569114685,5588044.629062255,0.9482670411374152,7201755.696685729,0.931973727170053,8.0,full
auction,outer_4,streed,4,1635.0,3,0.003,0.01,0.001,0.9407957080096092,6372770.506638091,73.19849896430969,5587959.538898077,0.9482678288845174,7201787.871087337,0.931973423257408,8.0,full
auction,outer_4,streed,4,1635.0,3,0.003,0.001,0.1,0.9449989474897252,5925716.079235722,74.0547924041748,4908386.512540177,0.9545591750977984,5162845.627767622,0.9512328437612724,7.0,full
auction,outer_4,streed,4,1635.0,3,0.003,0.001,0.001,0.9450007479420052,5925530.523061638,77.55110359191895,4908212.0718780905,0.9545607900332892,5162750.886967933,0.9512337386629824,7.0,full
auction,outer_4,streed,4,1635.0,3,0.003,0.0001,0.1,0.9452593854401852,5898386.443359752,74.56372547149658,4900214.1767805815,0.9546348328882648,5191613.204813895,0.9509611112661384,7.0,full
auction,outer_4,streed,4,1635.0,3,0.003,0.0001,0.001,0.9452592203867628,5898409.0739441775,74.59268736839294,4900182.806100484,0.9546351233115185,5191754.430697586,0.950959777276081,7.0,full
auction,outer_4,streed,4,1635.0,3,0.003,1e-05,0.1,0.9452758401847868,5896671.504980717,74.73243856430054,4899935.285035241,0.9546374148102332,5194060.093704407,0.9509379984672236,7.0,full
auction,outer_4,streed,4,1635.0,3,0.003,1e-05,0.001,0.9452756377006818,5896698.158912969,75.10862469673157,4899907.099108079,0.9546376757497044,5194204.499989194,0.950936634435765,7.0,full
auction,outer_4,streed,4,1635.0,3,0.001,0.1,0.1,0.9318795791458532,7366018.847912672,76.13237476348877,5749090.688002401,0.9467761101060485,7439734.387422813,0.9297258304035404,11.0,full
auction,outer_4,streed,4,1635.0,3,0.001,0.1,0.001,0.9318795059208264,7366025.940080997,76.21801829338074,5749059.311080417,0.9467764005870882,7439835.49781297,0.9297248753360156,11.0,full
auction,outer_4,streed,4,1635.0,3,0.001,0.01,0.1,0.9437190309967144,6059177.796504132,75.98904800415039,5588044.629062255,0.9482670411374152,7201755.696685729,0.931973727170053,8.0,full
auction,outer_4,streed,4,1635.0,3,0.001,0.01,0.001,0.9437203714885048,6059036.92685918,76.4286949634552,5587959.538898077,0.9482678288845174,7201787.871087337,0.931973423257408,8.0,full
auction,outer_4,streed,4,1635.0,3,0.001,0.001,0.1,0.9463180102761908,5781405.881313081,79.85656094551086,4705553.0976969935,0.9564369648082576,4980193.59690046,0.9529581365104324,8.0,full
auction,outer_4,streed,4,1635.0,3,0.001,0.001,0.001,0.946318617481394,5781346.040435133,79.62017750740051,4705494.353987082,0.9564375086453472,4980307.106945065,0.952957064318374,8.0,full
auction,outer_4,streed,4,1635.0,3,0.001,0.0001,0.1,0.9465225919535474,5759965.967395957,79.24907541275024,4125276.370639094,0.9618090464651714,5864648.662269367,0.944603759589496,11.0,full
auction,outer_4,streed,4,1635.0,3,0.001,0.0001,0.001,0.946522522060104,5759977.66222825,78.1173300743103,4125198.7219741815,0.9618097653204158,5864582.799254311,0.944604381717713,11.0,full
auction,outer_4,streed,4,1635.0,3,0.001,1e-05,0.1,0.9465393374934382,5758219.234680045,78.14959168434143,4122291.992031976,0.9618366752237016,5856754.49940626,0.9446783261950996,11.0,full
auction,outer_4,streed,4,1635.0,3,0.001,1e-05,0.001,0.9465392322206556,5758234.72508233,78.40411067008972,4122233.893673816,0.9618372130862588,5856696.637873582,0.9446788727429936,11.0,full
auction,outer_4,streed,4,1635.0,3,0.0005,0.1,0.1,0.9318795791458532,7366018.847912672,78.73973727226257,5749090.688002401,0.9467761101060485,7439734.387422813,0.9297258304035404,11.0,full
auction,outer_4,streed,4,1635.0,3,0.0005,0.1,0.001,0.9318795059208264,7366025.940080997,79.1424081325531,5749059.311080417,0.9467764005870882,7439835.49781297,0.9297248753360156,11.0,full
auction,outer_4,streed,4,1635.0,3,0.0005,0.01,0.1,0.9437190309967144,6059177.796504132,78.25634121894836,5588044.629062255,0.9482670411374152,7201755.696685729,0.931973727170053,8.0,full
auction,outer_4,streed,4,1635.0,3,0.0005,0.01,0.001,0.9437203714885048,6059036.92685918,78.4464123249054,5587959.538898077,0.9482678288845174,7201787.871087337,0.931973423257408,8.0,full
auction,outer_4,streed,4,1635.0,3,0.0005,0.001,0.1,0.94631058330827,5781912.786319498,78.58809185028076,4129973.840082662,0.961765558266774,5803408.78317415,0.9451822186346036,12.0,full
auction,outer_4,streed,4,1635.0,3,0.0005,0.001,0.001,0.9463110549176932,5781867.860634389,78.16679811477661,4129698.1139862016,0.9617681108818212,5803119.478595555,0.9451849513449349,12.0,full
auction,outer_4,streed,4,1635.0,3,0.0005,0.0001,0.1,0.9464807358751108,5764318.739523471,78.26942372322083,4044043.884026853,0.962561079988018,5707020.594018496,0.94609268123973,12.0,full
auction,outer_4,streed,4,1635.0,3,0.0005,0.0001,0.001,0.9464806138055438,5764335.860348475,78.49093651771545,4043971.198731135,0.962561752893419,5706952.83594245,0.9460933212682954,12.0,full
auction,outer_4,streed,4,1635.0,3,0.0005,1e-05,0.1,0.9464966605515563,5762657.37150626,79.3223922252655,4041166.630325469,0.962587717006376,5698860.8986875685,0.9461697560092956,12.0,full
auction,outer_4,streed,4,1635.0,3,0.0005,1e-05,0.001,0.9464965034150896,5762678.255409484,78.7803225517273,4041114.426683859,0.9625882002968692,5698801.804799212,0.9461703141977628,12.0,full
auction,outer_4,streed,4,1635.0,3,0.0001,0.1,0.1,0.9319947498623437,7353637.577792247,78.82121920585632,5695001.576913418,0.947276855884693,7438483.131683309,0.929737649502646,13.0,full
auction,outer_4,streed,4,1635.0,3,0.0001,0.1,0.001,0.9319947087748855,7353641.149216506,80.02286219596863,5694966.378067473,0.9472771817483124,7438581.006086881,0.9297367250015716,13.0,full
auction,outer_4,streed,4,1635.0,3,0.0001,0.01,0.1,0.9434727369174156,6084232.693111503,80.49088382720947,5488120.200340899,0.949192120785764,7161498.788388073,0.9323539854768444,13.0,full
auction,outer_4,streed,4,1635.0,3,0.0001,0.01,0.001,0.9434738807896592,6084111.850120959,80.54263544082642,5488001.442565045,0.949193220220636,7161474.305261013,0.932354216739324,13.0,full
auction,outer_4,streed,4,1635.0,3,0.0001,0.001,0.1,0.9466776953818412,5742926.716005324,80.81559658050537,4090312.444694005,0.9621327352441024,5777162.88217309,0.9454301319070558,14.0,full
auction,outer_4,streed,4,1635.0,3,0.0001,0.001,0.001,0.946679120980504,5742779.986440388,81.27901887893677,4090100.686567203,0.962134695656946,5777048.943134248,0.9454312081513035,14.0,full
auction,outer_4,streed,4,1635.0,3,0.0001,0.0001,0.1,0.9468718866145748,5722579.668763615,80.22709965705872,4004416.277906483,0.9629279441513042,5680991.402508694,0.9463385475198098,14.0,full
auction,outer_4,streed,4,1635.0,3,0.0001,0.0001,0.001,0.9468717395153324,5722599.927825846,79.97776055335999,4004343.8973479792,0.9629286142355116,5681012.2289251,0.9463383507978514,14.0,full
auction,outer_4,streed,4,1635.0,3,0.0001,1e-05,0.1,0.9468877521756288,5720924.426363595,80.83071660995483,4001537.73292664,0.9629545931240509,5672907.345252831,0.9464149078279932,14.0,full
auction,outer_4,streed,4,1635.0,3,0.0001,1e-05,0.001,0.946887524244842,5720953.194896978,80.91448950767517,4001486.441418418,0.962955067970202,5672876.170860685,0.9464152022947586,14.0,full
auction,mean,streed,4,,3,0.0001,1e-05,0.001,0.9488574628274309,5490647.9809095925,79.04863362312317,4095458.4747675275,0.9619559024919138,5069912.648768862,0.9527959108668522,14.0,full
auction,mean,streed,4,,3,0.0001,1e-05,0.1,0.9488593228534619,5490452.087912254,78.97298855781555,4095503.530228065,0.961955487331274,5069834.1706287395,0.9527966915707013,14.0,full
auction,mean,streed,4,,3,0.0001,0.0001,0.001,0.9489231909481065,5483718.7003389895,78.54884343147278,4097822.2617006293,0.9619339853152603,5069284.621133039,0.9528006766410873,14.0,full
auction,mean,streed,4,,3,0.0001,0.0001,0.1,0.9489247723012827,5483552.305354955,78.96995363235473,4097884.606093522,0.9619334088316082,5069214.668293645,0.952801383595921,14.0,full
auction,mean,streed,4,,3,0.0001,0.001,0.001,0.9492999171040408,5444229.963238923,78.80746002197266,4281812.8013654705,0.9602189160916129,6219579.321580689,0.9419449333704846,12.4,full
auction,mean,streed,4,,3,0.0001,0.001,0.1,0.9493002210695154,5444199.326540167,79.16281003952027,4281905.2273958,0.960218053777975,6219624.595943237,0.9419445505541084,12.4,full
auction,mean,streed,4,,3,0.0001,0.01,0.001,0.9412209216933289,6308600.462533908,77.72572593688965,4824479.390916287,0.9551636500443218,6866373.423284014,0.9360694463450411,12.2,full
auction,mean,streed,4,,3,0.0001,0.01,0.1,0.9412200465197419,6308696.273850603,77.4843213558197,4824650.225868868,0.9551620597026185,6866492.524859518,0.936068352480258,12.2,full
auction,mean,streed,4,,3,0.0001,0.1,0.001,0.9239816221983125,8208249.333024303,79.31538162231445,6205141.387783367,0.9422968407204124,6708402.6975537855,0.9379181491745795,13.0,full
auction,mean,streed,4,,3,0.0001,0.1,0.1,0.9239818229300942,8208231.140246293,78.50144267082214,6205177.822834347,0.9422965017153991,6708380.494628036,0.9379183776180786,13.0,full
auction,mean,streed,4,,3,0.0005,1e-05,0.001,0.9485198556567553,5526780.338233536,77.31685914993287,4156894.2035718514,0.9613919189356539,5281542.792736091,0.9505774316293365,11.2,full
auction,mean,streed,4,,3,0.0005,1e-05,0.1,0.9485216858791186,5526587.880038306,77.4272840976715,4156929.5535466177,0.961391590681268,5281509.547615603,0.9505777237831138,11.2,full
auction,mean,streed,4,,3,0.0005,0.0001,0.001,0.9485858515180696,5519823.859484225,77.14815273284913,4158796.3626770354,0.9613741574921477,5281581.574696185,0.9505750517228341,11.2,full
auction,mean,streed,4,,3,0.0005,0.0001,0.1,0.9485874120703432,5519659.968132803,77.05859208106995,4158847.7404916906,0.9613736792560783,5281568.172185784,0.9505751667849557,11.2,full
auction,mean,streed,4,,3,0.0005,0.001,0.001,0.9489755550328139,5478765.749426803,77.06520247459412,4311067.759732775,0.9599460818268873,6248344.879543252,0.9416789541436866,10.8,full
auction,mean,streed,4,,3,0.0005,0.001,0.1,0.9489760345579284,5478716.428857869,77.43848733901977,4311169.105528547,0.959945137844089,6248417.907212029,0.9416783091429259,10.8,full
auction,mean,streed,4,,3,0.0005,0.01,0.001,0.9414434890527307,6284891.906437077,76.53752584457398,4885807.404480093,0.9545847271707164,6873609.335573135,0.9359966632153028,9.4,full
auction,mean,streed,4,,3,0.0005,0.01,0.1,0.9414425564264647,6284993.909333885,76.7392436504364,4885970.095760504,0.9545832137429565,6873718.921372198,0.9359956543341541,9.4,full
auction,mean,streed,4,,3,0.0005,0.1,0.001,0.9238890531530473,8218150.729403472,77.81658143997193,6295288.967434335,0.9414538239793009,6764160.29813883,0.9374056843863453,10.2,full
auction,mean,streed,4,,3,0.0005,0.1,0.1,0.923889288641702,8218128.799911393,77.7885247707367,6295321.096288726,0.9414535248512432,6764080.4003929375,0.9374064335605862,10.2,full
auction,mean,streed,4,,3,0.001,1e-05,0.001,0.9484667849744163,5533688.650379523,76.84464225769042,4190250.067600383,0.9610821310144374,5343687.82415574,0.9499968509737181,10.8,full
auction,mean,streed,4,,3,0.001,1e-05,0.1,0.9484677663248803,5533585.360586739,76.52658405303956,4190287.937232966,0.9610817793564002,5343643.360654894,0.9499972467864886,10.8,full
auction,mean,streed,4,,3,0.001,0.0001,0.001,0.9484806786750655,5532186.556886836,76.37842078208924,4283717.918935945,0.9602050232061398,5482891.434384364,0.9487491118447637,10.0,full
auction,mean,streed,4,,3,0.001,0.0001,0.1,0.9484815542568708,5532094.724983406,76.75537657737732,4283761.304511476,0.9602046201845594,5482967.487254435,0.9487484296495083,10.0,full
auction,mean,streed,4,,3,0.001,0.001,0.001,0.9485707551664622,5522318.598540384,77.22009491920471,4512339.14226423,0.9580800365667514,5144768.343300653,0.9519133366968073,8.8,full
auction,mean,streed,4,,3,0.001,0.001,0.1,0.948571078065594,5522286.322031587,77.46669664382935,4512415.155466124,0.9580793293932951,5144753.389510138,0.9519135273057401,8.8,full
auction,mean,streed,4,,3,0.001,0.01,0.001,0.9412380310525308,6308408.783812225,75.55854887962342,5120160.399444411,0.9523866849905674,6902562.541771544,0.9357357440022532,9.0,full
auction,mean,streed,4,,3,0.001,0.01,0.1,0.9412370753386771,6308513.334163515,75.32221064567565,5120300.8435818385,0.952385380278051,6902633.50416438,0.9357350795091535,9.0,full
auction,mean,streed,4,,3,0.001,0.1,0.001,0.9238890531530473,8218150.729403472,77.2742087841034,6295288.967434335,0.9414538239793009,6764160.29813883,0.9374056843863453,10.2,full
auction,mean,streed,4,,3,0.001,0.1,0.1,0.923889288641702,8218128.799911393,77.34536685943604,6295321.096288726,0.9414535248512432,6764080.4003929375,0.9374064335605862,10.2,full
auction,mean,streed,4,,3,0.003,1e-05,0.001,0.9474821210746638,5639975.682236743,73.99629335403442,4833111.0524808075,0.9550675181858518,5678743.402318575,0.9470146086936007,7.0,full
auction,mean,streed,4,,3,0.003,1e-05,0.1,0.9474829075309845,5639893.517503103,73.82113275527954,4833138.519953374,0.9550672624816787,5678653.560070118,0.9470154959824406,7.0,full
auction,mean,streed,4,,3,0.003,0.0001,0.001,0.9474775046721484,5640523.706894619,73.71713423728943,4835212.789367089,0.9550479417709081,5420256.304172571,0.9494033642518497,7.0,full
auction,mean,streed,4,,3,0.003,0.0001,0.1,0.9474782448530771,5640446.49033131,73.66899523735046,4835263.201893436,0.955047478466539,5420236.5063500535,0.9494035481055386,7.0,full
auction,mean,streed,4,,3,0.003,0.001,0.001,0.9465434182088245,5745347.852421639,74.23816146850587,4841552.90774136,0.9549891648808213,5425098.864384341,0.9493725248118032,7.0,full
auction,mean,streed,4,,3,0.003,0.001,0.1,0.9465432936802433,5745363.598075451,73.52496027946472,4841638.467224163,0.9549883704429295,5425116.10034629,0.9493724071580226,7.0,full
auction,mean,streed,4,,3,0.003,0.01,0.001,0.9388775199216232,6554774.643763647,72.93935651779175,5333714.622092667,0.9504034360223116,6068562.728403834,0.9434296632732042,7.4,full
auction,mean,streed,4,,3,0.003,0.01,0.1,0.9388764202992714,6554894.62008794,72.93118433952331,5333900.528347375,0.95040170925227,6068659.827365351,0.9434287636891373,7.4,full
auction,mean,streed,4,,3,0.003,0.1,0.001,0.9227141948287091,8343180.139677358,75.76435279846191,6507212.072730753,0.9394886555593749,6955061.389782192,0.935635750867333,8.0,full
auction,mean,streed,4,,3,0.003,0.1,0.1,0.9227145094899217,8343150.698829392,75.44147191047668,6507279.912428879,0.9394880270888013,6955028.8605763065,0.9356360565957107,8.0,full
auction,mean,streed,4,,3,0.005,1e-05,0.001,0.9429085487326215,6166067.099869427,71.72665896415711,4833111.0524808075,0.9550675181858518,5678743.402318575,0.9470146086936007,7.0,full
auction,mean,streed,4,,3,0.005,1e-05,0.1,0.9429092972778859,6165989.473565281,72.30496759414673,4833138.519953374,0.9550672624816787,5678653.560070118,0.9470154959824406,7.0,full
auction,mean,streed,4,,3,0.005,0.0001,0.001,0.9429079316654772,6166146.694907157,72.02952437400818,4835212.789367089,0.9550479417709081,5420256.304172571,0.9494033642518497,7.0,full
auction,mean,streed,4,,3,0.005,0.0001,0.1,0.9429086287848403,6166074.612219792,71.71304979324341,4835263.201893436,0.955047478466539,5420236.5063500535,0.9494035481055386,7.0,full
auction,mean,streed,4,,3,0.005,0.001,0.001,0.944781406946562,5930108.407797758,71.77912631034852,4841552.90774136,0.9549891648808213,5425098.864384341,0.9493725248118032,7.0,full
auction,mean,streed,4,,3,0.005,0.001,0.1,0.9447814986702756,5930101.218270855,71.61828846931458,4841638.467224163,0.9549883704429295,5425116.10034629,0.9493724071580226,7.0,full
auction,mean,streed,4,,3,0.005,0.01,0.001,0.9384913122980327,6596169.789697071,70.69228529930115,5177328.5546127325,0.951871130989128,6096591.257340902,0.9431788263502392,7.2,full
auction,mean,streed,4,,3,0.005,0.01,0.1,0.9384898513262089,6596329.009980644,70.4784185886383,5177546.510045718,0.9518691034351457,6096730.309459241,0.9431775513129764,7.2,full
auction,mean,streed,4,,3,0.005,0.1,0.001,0.9226235758280652,8352661.962192471,73.73694462776184,6507212.072730753,0.9394886555593749,6955061.389782192,0.935635750867333,8.0,full
auction,mean,streed,4,,3,0.005,0.1,0.1,0.9226239274081619,8352628.658376435,73.57751703262329,6507279.912428879,0.9394880270888013,6955028.8605763065,0.9356360565957107,8.0,full
auction,mean,streed,4,,3,0.008,1e-05,0.001,0.9419748039503532,6258883.249343922,65.9802414894104,4833111.0524808075,0.9550675181858518,5678743.402318575,0.9470146086936007,7.0,full
auction,mean,streed,4,,3,0.008,1e-05,0.1,0.9419756142095602,6258799.60666229,66.01363797187805,4833138.519953374,0.9550672624816787,5678653.560070118,0.9470154959824406,7.0,full
auction,mean,streed,4,,3,0.008,0.0001,0.001,0.9419769106111018,6258688.219134869,65.87166066169739,4835212.789367089,0.9550479417709081,5420256.304172571,0.9494033642518497,7.0,full
auction,mean,streed,4,,3,0.008,0.0001,0.1,0.9419776705704391,6258610.009774925,66.02543292045593,4835263.201893436,0.955047478466539,5420236.5063500535,0.9494035481055386,7.0,full
auction,mean,streed,4,,3,0.008,0.001,0.001,0.9415484663354782,6302257.2791954605,66.06780610084533,4841552.90774136,0.9549891648808213,5425098.864384341,0.9493725248118032,7.0,full
auction,mean,streed,4,,3,0.008,0.001,0.1,0.9415485108427155,6302255.479462052,65.93463582992554,4841638.467224163,0.9549883704429295,5425116.10034629,0.9493724071580226,7.0,full
auction,mean,streed,4,,3,0.008,0.01,0.001,0.9350912030403581,6991652.005747473,65.53524036407471,5092318.2169965105,0.9526581390734805,5692851.306135508,0.9469924691937042,7.0,full
auction,mean,streed,4,,3,0.008,0.01,0.1,0.9350898157574195,6991802.654940697,65.3832314491272,5092571.465823701,0.9526557847805706,5693022.374948465,0.9469908917334635,7.0,full
auction,mean,streed,4,,3,0.008,0.1,0.001,0.9149826373500339,9157326.396023203,69.73049721717834,6729060.253607459,0.9373961310807009,7158112.988962171,0.9338619717682602,7.6,full
auction,mean,streed,4,,3,0.008,0.1,0.1,0.9149824541701624,9157349.358815456,69.31611499786376,6729152.221148285,0.9373952744942826,7158131.641947856,0.9338618191400526,7.6,full
auction,mean,streed,4,,3,0.01,1e-05,0.001,0.9386656767820198,6601601.300798062,61.94869413375854,4833111.0524808075,0.9550675181858518,5678743.402318575,0.9470146086936007,7.0,full
auction,mean,streed,4,,3,0.01,1e-05,0.1,0.9386664073001171,6601526.028540395,62.03715052604675,4833138.519953374,0.9550672624816787,5678653.560070118,0.9470154959824406,7.0,full
auction,mean,streed,4,,3,0.01,0.0001,0.001,0.9385753995149487,6611010.475187164,61.284016609191895,4835212.789367089,0.9550479417709081,5420256.304172571,0.9494033642518497,7.0,full
auction,mean,streed,4,,3,0.01,0.0001,0.1,0.938576066604381,6610942.002156342,61.08978304862976,4835263.201893436,0.955047478466539,5420236.5063500535,0.9494035481055386,7.0,full
auction,mean,streed,4,,3,0.01,0.001,0.001,0.9384681464204899,6622620.07010995,61.42557320594788,4841552.90774136,0.9549891648808213,5425098.864384341,0.9493725248118032,7.0,full
auction,mean,streed,4,,3,0.01,0.001,0.1,0.93846815712121,6622621.970283999,61.14232249259949,4841638.467224163,0.9549883704429295,5425116.10034629,0.9493724071580226,7.0,full
auction,mean,streed,4,,3,0.01,0.01,0.001,0.9316196934786902,7353809.174038199,59.755646324157716,5092318.2169965105,0.9526581390734805,5692851.306135508,0.9469924691937042,7.0,full
auction,mean,streed,4,,3,0.01,0.01,0.1,0.9316184850923411,7353941.078871289,59.513319158554076,5092571.465823701,0.9526557847805706,5693022.374948465,0.9469908917334635,7.0,full
auction,mean,streed,4,,3,0.01,0.1,0.001,0.9027280349929052,10477399.432981903,65.07500262260437,8661445.271884475,0.9194385839551529,9091917.10115754,0.9158186706506519,5.8,full
auction,mean,streed,4,,3,0.01,0.1,0.1,0.9027283089453265,10477372.822084222,64.99113421440124,8661496.378445785,0.9194381088723016,9091911.939795878,0.9158187424366038,5.8,full
auction,mean,streed,4,,3,0.03,1e-05,0.001,0.8852457100545479,12398739.16456497,48.34088840484619,11517638.980089718,0.8930359814252288,13511135.373856008,0.8727198006134718,3.6,full
auction,mean,streed,4,,3,0.03,1e-05,0.1,0.8852474501966308,12398554.812633079,48.72854619026184,11517675.163763668,0.8930356427074786,13510916.271388853,0.8727219209450248,3.6,full
auction,mean,streed,4,,3,0.03,0.0001,0.001,0.8852649709162177,12396684.002752166,48.50721101760864,11518052.713208446,0.8930321255742836,13508636.594636276,0.8727444723592199,3.6,full
auction,mean,streed,4,,3,0.03,0.0001,0.1,0.8852666809296286,12396502.854908388,48.418873167037965,11518091.077377802,0.8930317665697842,13508420.088520193,0.872746568429349,3.6,full
auction,mean,streed,4,,3,0.03,0.001,0.001,0.8853945744134251,12382782.074194908,48.659697437286376,11524294.167527404,0.8929740057878389,13486413.129416907,0.8729651928033592,3.6,full
auction,mean,streed,4,,3,0.03,0.001,0.1,0.8853960332780118,12382627.312559705,48.72145261764526,11524353.243871704,0.8929734541133634,13486220.871886646,0.8729670619155898,3.6,full
auction,mean,streed,4,,3,0.03,0.01,0.001,0.8818327662428918,12756973.447357092,47.620843744277956,11742448.384227518,0.8909452630655507,13471002.267275115,0.8732240596685281,3.6,full
auction,mean,streed,4,,3,0.03,0.01,0.1,0.8818322995520408,12757024.273259114,47.67633972167969,11742644.321885055,0.8909434398501827,13470969.511581594,0.8732244207085147,3.6,full
auction,mean,streed,4,,3,0.03,0.1,0.001,0.8857210883861228,12362027.493505368,55.43453469276428,10246420.86972687,0.9049357850987952,11418211.947311953,0.8918890286584004,4.8,full
auction,mean,streed,4,,3,0.03,0.1,0.1,0.8857213272310964,12362004.33313492,55.43056559562683,10246477.346804019,0.9049352619285675,11418213.848960275,0.891889004958743,4.8,full
auction,mean,streed,4,,3,0.05,1e-05,0.001,0.8674159078737382,14286868.46544915,10.257944822311401,13830842.101715868,0.8713699281149703,14155238.41060263,0.8669536426570682,3.0,full
auction,mean,streed,4,,3,0.05,1e-05,0.1,0.8674167088847218,14286782.86301133,10.221828889846801,13830845.472284919,0.8713698967811776,14155214.837437198,0.8669540281675339,3.0,full
auction,mean,streed,4,,3,0.05,0.0001,0.001,0.8674171030498853,14286689.721526926,10.252343654632568,13831080.467608694,0.8713677130491846,14155453.730781278,0.8669541724397558,3.0,full
auction,mean,streed,4,,3,0.05,0.0001,0.1,0.8674178865729137,14286606.000853917,10.245363473892212,13831085.631914372,0.8713676650495561,14155431.948523289,0.8669545409573661,3.0,full
auction,mean,streed,4,,3,0.05,0.001,0.001,0.867410190128866,14286943.7598259,10.235983514785767,13835349.998362426,0.8713280487288355,14159511.661057446,0.8669411760720397,3.0,full
auction,mean,streed,4,,3,0.05,0.001,0.1,0.8674109280473049,14286865.108511563,10.24004898071289,13835372.297388509,0.8713278415537646,14159506.462499792,0.8669413867807279,3.0,full
auction,mean,streed,4,,3,0.05,0.01,0.001,0.8659717747995165,14437526.544183541,10.082837677001953,14017347.983055752,0.8696377189689393,14340742.642772395,0.8654554776856639,3.0,full
auction,mean,streed,4,,3,0.05,0.01,0.1,0.8659711415861613,14437595.263388773,10.029502010345459,14017488.94691059,0.8696364098326235,14340806.029486123,0.8654549957388481,3.0,full
auction,mean,streed,4,,3,0.05,0.1,0.001,0.8640271267764407,14619802.155976754,39.105095624923706,13336079.290747065,0.875981834415399,13760350.014333045,0.8708105602152741,4.0,full
auction,mean,streed,4,,3,0.05,0.1,0.1,0.8640269294052167,14619823.735676844,38.99908661842346,13336157.566630462,0.8759811069855468,13760388.898062596,0.8708102098925667,4.0,full
auction,mean,streed,4,,3,0.08,1e-05,0.001,0.8674159078737382,14286868.46544915,2.0139649868011475,13830842.101715868,0.8713699281149703,14155238.41060263,0.8669536426570682,3.0,full
auction,mean,streed,4,,3,0.08,1e-05,0.1,0.8674167088847218,14286782.86301133,2.0084225654602053,13830845.472284919,0.8713698967811776,14155214.837437198,0.8669540281675339,3.0,full
auction,mean,streed,4,,3,0.08,0.0001,0.001,0.8674171030498853,14286689.721526926,2.011731767654419,13831080.467608694,0.8713677130491846,14155453.730781278,0.8669541724397558,3.0,full
auction,mean,streed,4,,3,0.08,0.0001,0.1,0.8674178865729137,14286606.000853917,2.0279470920562743,13831085.631914372,0.8713676650495561,14155431.948523289,0.8669545409573661,3.0,full
auction,mean,streed,4,,3,0.08,0.001,0.001,0.867410190128866,14286943.7598259,2.0366907119750977,13835349.998362426,0.8713280487288355,14159511.661057446,0.8669411760720397,3.0,full
auction,mean,streed,4,,3,0.08,0.001,0.1,0.8674109280473049,14286865.108511563,2.0473448753356935,13835372.297388509,0.8713278415537646,14159506.462499792,0.8669413867807279,3.0,full
auction,mean,streed,4,,3,0.08,0.01,0.001,0.8659717747995165,14437526.544183541,2.0551412105560303,14017347.983055752,0.8696377189689393,14340742.642772395,0.8654554776856639,3.0,full
auction,mean,streed,4,,3,0.08,0.01,0.1,0.8659711415861613,14437595.263388773,2.055300712585449,14017488.94691059,0.8696364098326235,14340806.029486123,0.8654549957388481,3.0,full
auction,mean,streed,4,,3,0.08,0.1,0.001,0.8362459712490484,17625193.59741045,10.164429092407227,17244956.225376897,0.8396609387761224,17572259.66479421,0.8359568002129611,3.0,full
auction,mean,streed,4,,3,0.08,0.1,0.1,0.8362434319446397,17625468.161963426,10.140515327453613,17245271.12446902,0.8396580126795549,17572520.134666316,0.8359544071512381,3.0,full
auction,mean,streed,4,,3,0.1,1e-05,0.001,0.8674159078737382,14286868.46544915,2.007271194458008,13830842.101715868,0.8713699281149703,14155238.41060263,0.8669536426570682,3.0,full
auction,mean,streed,4,,3,0.1,1e-05,0.1,0.8674167088847218,14286782.86301133,2.0024157047271727,13830845.472284919,0.8713698967811776,14155214.837437198,0.8669540281675339,3.0,full
auction,mean,streed,4,,3,0.1,0.0001,0.001,0.8674171030498853,14286689.721526926,2.0012688636779785,13831080.467608694,0.8713677130491846,14155453.730781278,0.8669541724397558,3.0,full
auction,mean,streed,4,,3,0.1,0.0001,0.1,0.8674178865729137,14286606.000853917,2.0028504371643066,13831085.631914372,0.8713676650495561,14155431.948523289,0.8669545409573661,3.0,full
auction,mean,streed,4,,3,0.1,0.001,0.001,0.867410190128866,14286943.7598259,2.0055033683776857,13835349.998362426,0.8713280487288355,14159511.661057446,0.8669411760720397,3.0,full
auction,mean,streed,4,,3,0.1,0.001,0.1,0.8674109280473049,14286865.108511563,1.9898221969604493,13835372.297388509,0.8713278415537646,14159506.462499792,0.8669413867807279,3.0,full
auction,mean,streed,4,,3,0.1,0.01,0.001,0.8659717747995165,14437526.544183541,1.9696568965911865,14017347.983055752,0.8696377189689393,14340742.642772395,0.8654554776856639,3.0,full
auction,mean,streed,4,,3,0.1,0.01,0.1,0.8659711415861613,14437595.263388773,1.979667520523071,14017488.94691059,0.8696364098326235,14340806.029486123,0.8654549957388481,3.0,full
auction,mean,streed,4,,3,0.1,0.1,0.001,0.8362459712490484,17625193.59741045,2.0269632816314695,17244956.225376897,0.8396609387761224,17572259.66479421,0.8359568002129611,3.0,full
auction,mean,streed,4,,3,0.1,0.1,0.1,0.8362434319446397,17625468.161963426,2.015971279144287,17245271.12446902,0.8396580126795549,17572520.134666316,0.8359544071512381,3.0,full
auction,std,streed,4,,3,0.0001,1e-05,0.001,0.0027958094980933125,262342.7008352279,2.689185574344805,259999.6258352984,0.0016714674271749988,657319.3879783364,0.004793009831652383,0.0,full
auction,std,streed,4,,3,0.0001,1e-05,0.1,0.002794852674059543,262234.72640718054,2.3976056845915896,260019.88333319913,0.0016716212173758004,657407.5726394914,0.004793802393773976,0.0,full
auction,std,streed,4,,3,0.0001,0.0001,0.001,0.0027258155847450765,253546.52974079413,2.0388929472152717,260206.08610719943,0.0016721723280292606,661316.2235757812,0.004856621731942626,0.0,full
auction,std,streed,4,,3,0.0001,0.0001,0.1,0.002725213732964967,253481.089807533,1.0885674362688784,260222.00113219017,0.0016722831017349637,661395.2769110083,0.004857219843486917,0.0,full
auction,std,streed,4,,3,0.0001,0.001,0.001,0.0025159580313129544,224475.9895041239,2.3115091173058246,275409.03216367005,0.0019886948140489533,1759397.4519379244,0.016014863763047234,2.1908902300206643,full
auction,std,streed,4,,3,0.0001,0.001,0.1,0.0025165385235009228,224559.64504683847,2.6295505891169095,275347.5865091101,0.001988023584690819,1759355.7251277214,0.016014351331978535,2.1908902300206643,full
auction,std,streed,4,,3,0.0001,0.01,0.001,0.005476492749512996,462544.80106121616,2.9103887989086084,389610.48478476424,0.0033646785214353422,1707735.9999816783,0.01504724300015911,2.0493901531919194,full
auction,std,streed,4,,3,0.0001,0.01,0.1,0.005476394486349859,462530.19023081614,2.6523689905475045,389579.509408749,0.003364392620887956,1707645.809683506,0.01504626828855695,2.0493901531919194,full
auction,std,streed,4,,3,0.0001,0.1,0.001,0.00720929129104504,923201.0055005415,2.7923075019726085,424600.5699827263,0.004238944353594525,1306168.6483364152,0.009050345587269215,0.0,full
auction,std,streed,4,,3,0.0001,0.1,0.1,0.007209374033754466,923218.1936879792,2.1546513895144175,424604.43935614434,0.004238984757386062,1306181.3597576395,0.009050362180799673,0.0,full
auction,std,streed,4,,3,0.0005,1e-05,0.001,0.002684709778413437,251681.02982731033,2.161706040329723,309966.93938949617,0.002103914637340913,352155.6142601772,0.004615877635710594,1.788854381999832,full
auction,std,streed,4,,3,0.0005,1e-05,0.1,0.002683801561741283,251580.9418310606,2.21825038127396,309963.4953438704,0.002103862206192489,352104.9319552963,0.0046157682299827855,1.788854381999832,full
auction,std,streed,4,,3,0.0005,0.0001,0.001,0.0026182230879778488,243306.12929062534,2.142705421942914,309194.9522762688,0.0020960235935507617,355806.84043992416,0.004662013917046095,1.788854381999832,full
auction,std,streed,4,,3,0.0005,0.0001,0.1,0.0026176585217013316,243247.36950764223,2.0008696994684345,309184.4625450064,0.0020959037997957506,355767.05809219426,0.004661871909088812,1.788854381999832,full
auction,std,streed,4,,3,0.0005,0.001,0.001,0.0024720628801394424,219681.9941822611,2.1207567027163465,267708.58571010083,0.0019147060500575132,1760843.6001826548,0.01602147872514128,1.6431676725154982,full
auction,std,streed,4,,3,0.0005,0.001,0.1,0.002472416865803035,219735.01466818218,2.215000077580337,267642.03428298054,0.0019139421637670803,1760793.15656096,0.016020893862987367,1.6431676725154982,full
auction,std,streed,4,,3,0.0005,0.01,0.001,0.00542494241020575,455489.90765430627,2.4272229657183435,405801.39316098875,0.003653466919783649,1682823.9268785191,0.014823221674284095,1.5165750888103102,full
auction,std,streed,4,,3,0.0005,0.01,0.1,0.0054248537312650644,455475.65571738005,1.9379051709127944,405759.84758519207,0.0036530810256454834,1682784.9452174844,0.01482275199889588,1.5165750888103102,full
auction,std,streed,4,,3,0.0005,0.1,0.001,0.007196440893634003,921996.8615985839,1.6325615460956944,468721.27201667166,0.004711845761408194,1316342.6637140086,0.00906016663853905,1.0954451150103326,full
auction,std,streed,4,,3,0.0005,0.1,0.1,0.007196521523334784,922013.8403283318,1.7247853923816363,468724.79045242665,0.004711885219420348,1316323.4176376571,0.009059928276153126,1.0954451150103326,full
auction,std,streed,4,,3,0.001,1e-05,0.001,0.0026248208878651403,230848.42801772768,1.594681731717165,308973.01286130305,0.0020919320638575754,396086.4818806226,0.004913909894620639,1.6431676725154984,full
auction,std,streed,4,,3,0.001,1e-05,0.1,0.0026247394462243626,230846.83755848324,1.806359000422977,308971.8880729211,0.002091909133164089,396096.1972773,0.0049142002681606045,1.6431676725154984,full
auction,std,streed,4,,3,0.001,0.0001,0.001,0.00261335104930463,229148.80725658935,1.879929768298875,290944.4049363655,0.0020756865464844165,589163.9579459856,0.005727630607702741,1.8708286933869704,full
auction,std,streed,4,,3,0.001,0.0001,0.1,0.002613338357397155,229155.49763753664,2.1034288262416685,290938.3394459761,0.00207560624684352,589245.5507438447,0.005727988639109484,1.8708286933869704,full
auction,std,streed,4,,3,0.001,0.001,0.001,0.002495032602890806,221255.9102153855,2.5052739210585186,339100.3832761317,0.0026469515760166487,690492.123292038,0.006557877756752638,1.7888543819998317,full
auction,std,streed,4,,3,0.001,0.001,0.1,0.002495258580263192,221293.88101935398,2.1618714040877434,339080.737781229,0.00264672394762302,690596.2078589009,0.006558330216115989,1.7888543819998317,full
auction,std,streed,4,,3,0.001,0.01,0.001,0.005695552103591242,485198.0617001024,2.5025114901417145,453074.6335462715,0.0043811778957806025,1694696.197203254,0.014893479779045732,1.2247448713915892,full
auction,std,streed,4,,3,0.001,0.01,0.1,0.005695481250093314,485186.8476077487,2.2541985561197095,453015.8940595299,0.004380642315585219,1694666.3951364392,0.014893176701771064,1.2247448713915892,full
auction,std,streed,4,,3,0.001,0.1,0.001,0.007196440893634003,921996.8615985839,2.6243071742165713,468721.27201667166,0.004711845761408194,1316342.6637140086,0.00906016663853905,1.0954451150103326,full
auction,std,streed,4,,3,0.001,0.1,0.1,0.007196521523334784,922013.8403283318,2.1378658542968996,468724.79045242665,0.004711885219420348,1316323.4176376571,0.009059928276153126,1.0954451150103326,full
auction,std,streed,4,,3,0.003,1e-05,0.001,0.0021642730553211253,206681.05978617695,1.5653890101795362,132359.1843661762,0.0012303721062252666,577864.6126633574,0.004588149424953487,0.0,full
auction,std,streed,4,,3,0.003,1e-05,0.1,0.0021644183157461614,206711.75574813323,1.6482266719634786,132360.30852476633,0.0012303981741806514,577898.5721686924,0.0045878625804003596,0.0,full
auction,std,streed,4,,3,0.003,0.0001,0.001,0.0021673354815668244,206979.03357121805,1.5788422950493295,134839.4304613307,0.0012551831176143636,654261.2481147842,0.005665969413983991,0.0,full
auction,std,streed,4,,3,0.003,0.0001,0.1,0.0021674889327036495,207010.3423681896,1.6309360804341373,134848.46648341458,0.001255030356090374,654353.3552037703,0.005666881929296138,0.0,full
auction,std,streed,4,,3,0.003,0.001,0.001,0.0030621902169315133,268515.98008180136,2.434004350855743,135755.2231580089,0.0012563869228031865,680596.0341452007,0.005764012322620225,0.0,full
auction,std,streed,4,,3,0.003,0.001,0.1,0.0030626991810259025,268584.2069822024,1.5625171590903624,135772.44884004814,0.0012565025988095053,680689.5667487308,0.005764453781595966,0.0,full
auction,std,streed,4,,3,0.003,0.01,0.001,0.006303739636760997,535542.7942464616,1.8338561670319589,268132.1340278331,0.002725232938713845,1031475.5585475562,0.00882736983204302,0.547722557505166,full
auction,std,streed,4,,3,0.003,0.01,0.1,0.006303628707500136,535529.9815257448,2.1609616669183764,268037.478551301,0.0027243986311339258,1031413.0263985414,0.008826656833385464,0.547722557505166,full
auction,std,streed,4,,3,0.003,0.1,0.001,0.00728451505299253,934862.2102629681,1.2879460206050926,412355.5459406428,0.0041467857499447236,1345546.6441790229,0.009250984953913802,0.0,full
auction,std,streed,4,,3,0.003,0.1,0.1,0.007284549211085154,934877.2170095278,1.106576705865154,412329.8185652884,0.004146523725842635,1345544.7389822884,0.009250987420730435,0.0,full
auction,std,streed,4,,3,0.005,1e-05,0.001,0.004928561321538993,675170.2688997523,1.5450453128704733,132359.1843661762,0.0012303721062252666,577864.6126633574,0.004588149424953487,0.0,full
auction,std,streed,4,,3,0.005,1e-05,0.1,0.004928989734958808,675212.2692172532,1.7754262446867328,132360.30852476633,0.0012303981741806514,577898.5721686924,0.0045878625804003596,0.0,full
auction,std,streed,4,,3,0.005,0.0001,0.001,0.004927914294591136,675051.3079366899,1.9827826908373225,134839.4304613307,0.0012551831176143636,654261.2481147842,0.005665969413983991,0.0,full
auction,std,streed,4,,3,0.005,0.0001,0.1,0.004928341424935689,675093.2703256777,1.8258811991343704,134848.46648341458,0.001255030356090374,654353.3552037703,0.005666881929296138,0.0,full
auction,std,streed,4,,3,0.005,0.001,0.001,0.004380893613304419,348829.4470331295,1.979315360870023,135755.2231580089,0.0012563869228031865,680596.0341452007,0.005764012322620225,0.0,full
auction,std,streed,4,,3,0.005,0.001,0.1,0.004380879612431614,348840.72981518717,2.0975132039314044,135772.44884004814,0.0012565025988095053,680689.5667487308,0.005764453781595966,0.0,full
auction,std,streed,4,,3,0.005,0.01,0.001,0.005694302064079469,480998.287927414,2.258530440555316,271721.7657020956,0.002430429946001505,1062168.548111933,0.009036118960984399,0.44721359549995787,full
auction,std,streed,4,,3,0.005,0.01,0.1,0.005694210504548353,480983.87391804217,2.0788046866015573,271666.79013600637,0.0024299305611834555,1062152.1077283602,0.009035720873983974,0.44721359549995787,full
auction,std,streed,4,,3,0.005,0.1,0.001,0.007267285593632466,932841.2444986181,1.6073558937802472,412355.5459406428,0.0041467857499447236,1345546.6441790229,0.009250984953913802,0.0,full
auction,std,streed,4,,3,0.005,0.1,0.1,0.007267328987168389,932857.2470130028,1.706617056525128,412329.8185652884,0.004146523725842635,1345544.7389822884,0.009250987420730435,0.0,full
auction,std,streed,4,,3,0.008,1e-05,0.001,0.005579838275608097,690575.5442207952,1.7524865667767597,132359.1843661762,0.0012303721062252666,577864.6126633574,0.004588149424953487,0.0,full
auction,std,streed,4,,3,0.008,1e-05,0.1,0.0055801783711690285,690618.3419219872,1.6288324112169261,132360.30852476633,0.0012303981741806514,577898.5721686924,0.0045878625804003596,0.0,full
auction,std,streed,4,,3,0.008,0.0001,0.001,0.005578471151090758,690475.8470609506,1.715456251001519,134839.4304613307,0.0012551831176143636,654261.2481147842,0.005665969413983991,0.0,full
auction,std,streed,4,,3,0.008,0.0001,0.1,0.0055788077411636945,690518.4344747261,1.6293931999489053,134848.46648341458,0.001255030356090374,654353.3552037703,0.005666881929296138,0.0,full
auction,std,streed,4,,3,0.008,0.001,0.001,0.005890030103527002,704105.7723510521,1.8128381232396404,135755.2231580089,0.0012563869228031865,680596.0341452007,0.005764012322620225,0.0,full
auction,std,streed,4,,3,0.008,0.001,0.1,0.005890171707272748,704130.8808372241,1.6112666559515627,135772.44884004814,0.0012565025988095053,680689.5667487308,0.005764453781595966,0.0,full
auction,std,streed,4,,3,0.008,0.01,0.001,0.004429264940160127,579362.1823286032,2.193929446684105,150654.60145623863,0.0013835926531568438,909781.1266062858,0.006894729239196275,0.0,full
auction,std,streed,4,,3,0.008,0.01,0.1,0.004429121814412594,579346.3345250528,2.0777697795015517,150669.82453118163,0.0013837312570235687,909834.4850788201,0.006895077146381661,0.0,full
auction,std,streed,4,,3,0.008,0.1,0.001,0.008374919937574594,1050365.481717004,1.6823620109233959,681717.35089438,0.006927911185286293,1503265.1987103117,0.010203816903163335,0.5477225575051663,full
auction,std,streed,4,,3,0.008,0.1,0.1,0.008374943270780616,1050376.13704506,1.4195694834435713,681720.6184144388,0.006927967245271594,1503296.718039643,0.010204098421639047,0.5477225575051663,full
auction,std,streed,4,,3,0.01,1e-05,0.001,0.0069272612284801294,851673.2274166754,1.8712296862740483,132359.1843661762,0.0012303721062252666,577864.6126633574,0.004588149424953487,0.0,full
auction,std,streed,4,,3,0.01,1e-05,0.1,0.006927719084572345,851720.751969512,2.1126293670917073,132360.30852476633,0.0012303981741806514,577898.5721686924,0.0045878625804003596,0.0,full
auction,std,streed,4,,3,0.01,0.0001,0.001,0.0069042498149696945,849348.6031337938,1.8872091902548407,134839.4304613307,0.0012551831176143636,654261.2481147842,0.005665969413983991,0.0,full
auction,std,streed,4,,3,0.01,0.0001,0.1,0.006904711686395305,849396.4525939112,1.234518010889689,134848.46648341458,0.001255030356090374,654353.3552037703,0.005666881929296138,0.0,full
auction,std,streed,4,,3,0.01,0.001,0.001,0.006882284687139229,846561.389678074,1.0443043395310767,135755.2231580089,0.0012563869228031865,680596.0341452007,0.005764012322620225,0.0,full
auction,std,streed,4,,3,0.01,0.001,0.1,0.006882712777455759,846606.7794238591,1.0032064485604817,135772.44884004814,0.0012565025988095053,680689.5667487308,0.005764453781595966,0.0,full
auction,std,streed,4,,3,0.01,0.01,0.001,0.005043837694349768,697863.6027250447,1.848050883643417,150654.60145623863,0.0013835926531568438,909781.1266062858,0.006894729239196275,0.0,full
auction,std,streed,4,,3,0.01,0.01,0.1,0.005043689169230933,697845.5610466062,1.7050732513666467,150669.82453118163,0.0013837312570235687,909834.4850788201,0.006895077146381661,0.0,full
auction,std,streed,4,,3,0.01,0.1,0.001,0.007447952798107505,948819.1845444154,1.5294890064504976,599157.0219208387,0.006298805748732579,1619239.391990928,0.009973253887479605,0.44721359549995804,full
auction,std,streed,4,,3,0.01,0.1,0.1,0.007447940540596522,948832.8750350607,1.2910246217967434,599157.4452777542,0.0062988117936705066,1619279.040372167,0.009973622804655531,0.44721359549995804,full
auction,std,streed,4,,3,0.03,1e-05,0.001,0.01437660719634629,1615529.9406638255,1.1896781074957468,1738540.777301061,0.015136781170412365,2220552.8896276313,0.028352305157587843,0.5477225575051661,full
auction,std,streed,4,,3,0.03,1e-05,0.1,0.014374875221470832,1615359.5249191474,1.5746548023486866,1738510.6227023897,0.015136501028225589,2220473.360901848,0.02835119219862483,0.5477225575051661,full
auction,std,streed,4,,3,0.03,0.0001,0.001,0.014356594904682888,1613551.9153799326,1.3051863068679848,1738382.4912326403,0.01513525935585213,2219443.5219771396,0.028333910751309234,0.5477225575051661,full
auction,std,streed,4,,3,0.03,0.0001,0.1,0.014354868247346143,1613381.9751348498,1.0845486280751668,1738352.0374427643,0.015134976201633302,2219363.6108822497,0.028332796494150107,0.5477225575051661,full
auction,std,streed,4,,3,0.03,0.001,0.001,0.014130627016784188,1590922.006333164,1.4291144705498144,1736701.7880943324,0.015118872513540294,2208247.7447738135,0.02815192912906957,0.5477225575051661,full
auction,std,streed,4,,3,0.03,0.001,0.1,0.014128916251859093,1590753.3484692816,1.5653554176350843,1736668.230972722,0.01511855775250735,2208163.1623897124,0.028150798469584907,0.5477225575051661,full
auction,std,streed,4,,3,0.03,0.01,0.001,0.01118172616354133,1267630.4710344323,1.3167082358358464,1711725.5431790338,0.014857093695837069,2094025.034349745,0.026530880464681897,0.5477225575051661,full
auction,std,streed,4,,3,0.03,0.01,0.1,0.01118069352140928,1267527.0592017907,1.3528558252654403,1711676.7739520925,0.014856607278639786,2093914.8287698335,0.026529766256425634,0.5477225575051661,full
auction,std,streed,4,,3,0.03,0.1,0.001,0.010054699237438321,1068359.4191095084,1.5558987901773844,1600432.8967409565,0.012869952671611819,1936605.8285404474,0.028750412388109537,0.44721359549995787,full
auction,std,streed,4,,3,0.03,0.1,0.1,0.010054790066509191,1068378.7515339481,1.5973135723140541,1600447.2942295098,0.012870073421502341,1936623.0087295824,0.0287505944868059,0.44721359549995787,full
auction,std,streed,4,,3,0.05,1e-05,0.001,0.006273603935244098,505912.65169925,0.2624520665211611,433917.5346101047,0.005584717898016771,1694261.2680302276,0.023500796633197905,0.0,full
auction,std,streed,4,,3,0.05,1e-05,0.1,0.006273346793999245,505886.0125521095,0.2397455194341432,433918.1709817753,0.005584722670997607,1693953.7089020782,0.023497600523598547,0.0,full
auction,std,streed,4,,3,0.05,0.0001,0.001,0.006274769294527063,505915.405021294,0.24476212100730554,433928.8276759975,0.005584798959799595,1690133.3309048056,0.023454415165855398,0.0,full
auction,std,streed,4,,3,0.05,0.0001,0.1,0.006274510780713997,505888.6552243722,0.24312653699585082,433929.4227349395,0.005584803348589075,1689826.4570610614,0.023451225045203066,0.0,full
auction,std,streed,4,,3,0.05,0.001,0.001,0.006284837152589672,505816.77081301337,0.2603240754198297,433952.1827621612,0.005584663499987941,1649847.0217091653,0.023000682978767617,0.0,full
auction,std,streed,4,,3,0.05,0.001,0.1,0.006284728812637469,505804.22440112836,0.2834768127888375,433952.7490241385,0.005584666035066507,1649545.921380342,0.022997548079955136,0.0,full
auction,std,streed,4,,3,0.05,0.01,0.001,0.006310384603735031,498170.8857805243,0.26912537567733025,427310.47956807277,0.00551108425215798,1334429.6563457786,0.019308438572939544,0.0,full
auction,std,streed,4,,3,0.05,0.01,0.1,0.006310242163822695,498163.3573925609,0.24261675291904988,427306.576629615,0.0055110337263517845,1334229.886398259,0.019306272499833407,0.0,full
auction,std,streed,4,,3,0.05,0.1,0.001,0.014331940937843997,1358344.214848387,1.1056855146768034,343202.6185310522,0.004572761712458373,1390023.2018634973,0.02001642168316792,0.0,full
auction,std,streed,4,,3,0.05,0.1,0.1,0.014332374807866343,1358396.0330382788,1.2800265527178951,343202.099542811,0.004572755769423365,1389995.3986948892,0.020016200374033784,0.0,full
auction,std,streed,4,,3,0.08,1e-05,0.001,0.006273603935244098,505912.65169925,0.035502067417266574,433917.5346101047,0.005584717898016771,1694261.2680302276,0.023500796633197905,0.0,full
auction,std,streed,4,,3,0.08,1e-05,0.1,0.006273346793999245,505886.0125521095,0.027032706355138967,433918.1709817753,0.005584722670997607,1693953.7089020782,0.023497600523598547,0.0,full
auction,std,streed,4,,3,0.08,0.0001,0.001,0.006274769294527063,505915.405021294,0.03658503928204976,433928.8276759975,0.005584798959799595,1690133.3309048056,0.023454415165855398,0.0,full
auction,std,streed,4,,3,0.08,0.0001,0.1,0.006274510780713997,505888.6552243722,0.04513667036388345,433929.4227349395,0.005584803348589075,1689826.4570610614,0.023451225045203066,0.0,full
auction,std,streed,4,,3,0.08,0.001,0.001,0.006284837152589672,505816.77081301337,0.04500632892187528,433952.1827621612,0.005584663499987941,1649847.0217091653,0.023000682978767617,0.0,full
auction,std,streed,4,,3,0.08,0.001,0.1,0.006284728812637469,505804.22440112836,0.057615507985068856,433952.7490241385,0.005584666035066507,1649545.921380342,0.022997548079955136,0.0,full
auction,std,streed,4,,3,0.08,0.01,0.001,0.006310384603735031,498170.8857805243,0.052002322053410883,427310.47956807277,0.00551108425215798,1334429.6563457786,0.019308438572939544,0.0,full
auction,std,streed,4,,3,0.08,0.01,0.1,0.006310242163822695,498163.3573925609,0.05160613067667207,427306.576629615,0.0055110337263517845,1334229.886398259,0.019306272499833407,0.0,full
auction,std,streed,4,,3,0.08,0.1,0.001,0.004591582040328896,334790.2938853978,0.18153462859746455,317286.8445425817,0.00386289589273218,1271517.474316699,0.010421137663374548,0.0,full
auction,std,streed,4,,3,0.08,0.1,0.1,0.0045913967983567654,334799.69169322477,0.15211492171271923,317287.94179107144,0.003862842662013434,1271569.5054088363,0.010420854231411545,0.0,full
auction,std,streed,4,,3,0.1,1e-05,0.001,0.006273603935244098,505912.65169925,0.07704675454663582,433917.5346101047,0.005584717898016771,1694261.2680302276,0.023500796633197905,0.0,full
auction,std,streed,4,,3,0.1,1e-05,0.1,0.006273346793999245,505886.0125521095,0.07149058059621892,433918.1709817753,0.005584722670997607,1693953.7089020782,0.023497600523598547,0.0,full
auction,std,streed,4,,3,0.1,0.0001,0.001,0.006274769294527063,505915.405021294,0.07215233937228073,433928.8276759975,0.005584798959799595,1690133.3309048056,0.023454415165855398,0.0,full
auction,std,streed,4,,3,0.1,0.0001,0.1,0.006274510780713997,505888.6552243722,0.06730789282917418,433929.4227349395,0.005584803348589075,1689826.4570610614,0.023451225045203066,0.0,full
auction,std,streed,4,,3,0.1,0.001,0.001,0.006284837152589672,505816.77081301337,0.07571170348903267,433952.1827621612,0.005584663499987941,1649847.0217091653,0.023000682978767617,0.0,full
auction,std,streed,4,,3,0.1,0.001,0.1,0.006284728812637469,505804.22440112836,0.0690928997077037,433952.7490241385,0.005584666035066507,1649545.921380342,0.022997548079955136,0.0,full
auction,std,streed,4,,3,0.1,0.01,0.001,0.006310384603735031,498170.8857805243,0.049482176030845745,427310.47956807277,0.00551108425215798,1334429.6563457786,0.019308438572939544,0.0,full
auction,std,streed,4,,3,0.1,0.01,0.1,0.006310242163822695,498163.3573925609,0.05457976985114267,427306.576629615,0.0055110337263517845,1334229.886398259,0.019306272499833407,0.0,full
auction,std,streed,4,,3,0.1,0.1,0.001,0.004591582040328896,334790.2938853978,0.052246662424981195,317286.8445425817,0.00386289589273218,1271517.474316699,0.010421137663374548,0.0,full
auction,std,streed,4,,3,0.1,0.1,0.1,0.0045913967983567654,334799.69169322477,0.05180774502429789,317287.94179107144,0.003862842662013434,1271569.5054088363,0.010420854231411545,0.0,full
auction,best_by_mean_val_r2,streed,4,,3,0.0001,0.001,0.1,0.9493002210695154,5444199.326540167,79.16281003952027,4281905.2273958,0.960218053777975,6219624.595943237,0.9419445505541084,12.4,full
