dataset,outer,method,depth,n_thresholds,cv_folds,cost_complexity,ridge_penalty,lasso_penalty,val_r2,val_mse,train_time_s,train_mse,train_r2,test_mse,test_r2,n_leaves
yacht,outer_0,streed,4,20,3,0.1,0.1,0.1,0.8770854641418068,28.416762684115497,0.0218956470489501,20.093327110685223,0.9144886869609872,18.508080209939177,0.9099167907856818,2.0
yacht,outer_0,streed,4,20,3,0.1,0.1,0.001,0.8780700200345756,28.17564783499772,0.0211889743804931,19.702507925664506,0.9161518989063192,18.673126765921428,0.9091134701136292,2.0
yacht,outer_0,streed,4,20,3,0.1,0.01,0.1,0.9661848043878764,7.537040288681365,0.0032918453216552,5.933804302486422,0.9747474674339855,4.930195850243381,0.9760035692947489,2.0
yacht,outer_0,streed,4,20,3,0.1,0.01,0.001,0.9750534351991608,5.716942482382457,0.0034244060516357,4.129253045589691,0.9824271088678516,3.0104494876087333,0.9853474294499892,2.0
yacht,outer_0,streed,4,20,3,0.1,0.001,0.1,0.9801370021648056,4.468286077225104,0.0033178329467773,3.473107584920485,0.9852194717043962,2.278381697821353,0.9889105767412496,2.0
yacht,outer_0,streed,4,20,3,0.1,0.001,0.001,0.980217353773433,4.403798124922505,0.0034222602844238,3.3635470778046743,0.9856857291225471,2.120189221006327,0.9896805369869054,2.0
yacht,outer_0,streed,4,20,3,0.1,0.0001,0.1,0.9804123830496048,4.38926235335044,0.0034775733947753,3.431325335180979,0.985397284717506,2.2234377385277835,0.9891780020022148,2.0
yacht,outer_0,streed,4,20,3,0.1,0.0001,0.001,0.9803699511051124,4.352528056709898,0.0033128261566162,3.353898348544518,0.9857267912872972,2.0936125286469487,0.9898098920421504,2.0
yacht,outer_0,streed,4,20,3,0.1,1e-05,0.1,0.9804355920108212,4.382313033701094,0.0033330917358398,3.427913586123202,0.9854118041218874,2.218663734513622,0.9892012382102666,2.0
yacht,outer_0,streed,4,20,3,0.1,1e-05,0.001,0.9803804941669346,4.348441495774995,0.0033602714538574,3.353779831740192,0.9857272956600922,2.091749880116674,0.9898189579936344,2.0
yacht,outer_0,streed,4,20,3,0.08,0.1,0.1,0.8770854641418068,28.416762684115497,0.0220224857330322,20.093327110685223,0.9144886869609872,18.508080209939177,0.9099167907856818,2.0
yacht,outer_0,streed,4,20,3,0.08,0.1,0.001,0.8780700200345756,28.17564783499772,0.0219650268554687,19.702507925664506,0.9161518989063192,18.673126765921428,0.9091134701136292,2.0
yacht,outer_0,streed,4,20,3,0.08,0.01,0.1,0.9661848043878764,7.537040288681365,0.0034441947937011,5.933804302486422,0.9747474674339855,4.930195850243381,0.9760035692947489,2.0
yacht,outer_0,streed,4,20,3,0.08,0.01,0.001,0.9750534351991608,5.716942482382457,0.0032718181610107,4.129253045589691,0.9824271088678516,3.0104494876087333,0.9853474294499892,2.0
yacht,outer_0,streed,4,20,3,0.08,0.001,0.1,0.9801370021648056,4.468286077225104,0.0033917427062988,3.473107584920485,0.9852194717043962,2.278381697821353,0.9889105767412496,2.0
yacht,outer_0,streed,4,20,3,0.08,0.001,0.001,0.980217353773433,4.403798124922505,0.0034711360931396,3.3635470778046743,0.9856857291225471,2.120189221006327,0.9896805369869054,2.0
yacht,outer_0,streed,4,20,3,0.08,0.0001,0.1,0.9804123830496048,4.38926235335044,0.0034704208374023,3.431325335180979,0.985397284717506,2.2234377385277835,0.9891780020022148,2.0
yacht,outer_0,streed,4,20,3,0.08,0.0001,0.001,0.9803699511051124,4.352528056709898,0.0033538341522216,3.353898348544518,0.9857267912872972,2.0936125286469487,0.9898098920421504,2.0
yacht,outer_0,streed,4,20,3,0.08,1e-05,0.1,0.9804355920108212,4.382313033701094,0.0033540725708007,3.427913586123202,0.9854118041218874,2.218663734513622,0.9892012382102666,2.0
yacht,outer_0,streed,4,20,3,0.08,1e-05,0.001,0.9803804941669346,4.348441495774995,0.0033373832702636,3.353779831740192,0.9857272956600922,2.091749880116674,0.9898189579936344,2.0
yacht,outer_0,streed,4,20,3,0.05,0.1,0.1,0.8770854641418068,28.416762684115497,0.2682857513427734,20.093327110685223,0.9144886869609872,18.508080209939177,0.9099167907856818,2.0
yacht,outer_0,streed,4,20,3,0.05,0.1,0.001,0.8780700200345756,28.17564783499772,0.2542581558227539,19.702507925664506,0.9161518989063192,18.673126765921428,0.9091134701136292,2.0
yacht,outer_0,streed,4,20,3,0.05,0.01,0.1,0.9661848043878764,7.537040288681365,0.022670030593872,5.933804302486422,0.9747474674339855,4.930195850243381,0.9760035692947489,2.0
yacht,outer_0,streed,4,20,3,0.05,0.01,0.001,0.9750534351991608,5.716942482382457,0.0034301280975341,4.129253045589691,0.9824271088678516,3.0104494876087333,0.9853474294499892,2.0
yacht,outer_0,streed,4,20,3,0.05,0.001,0.1,0.9801370021648056,4.468286077225104,0.0033340454101562,3.473107584920485,0.9852194717043962,2.278381697821353,0.9889105767412496,2.0
yacht,outer_0,streed,4,20,3,0.05,0.001,0.001,0.980217353773433,4.403798124922505,0.0033533573150634,3.3635470778046743,0.9856857291225471,2.120189221006327,0.9896805369869054,2.0
yacht,outer_0,streed,4,20,3,0.05,0.0001,0.1,0.9804123830496048,4.38926235335044,0.0034286975860595,3.431325335180979,0.985397284717506,2.2234377385277835,0.9891780020022148,2.0
yacht,outer_0,streed,4,20,3,0.05,0.0001,0.001,0.9803699511051124,4.352528056709898,0.0034902095794677,3.353898348544518,0.9857267912872972,2.0936125286469487,0.9898098920421504,2.0
yacht,outer_0,streed,4,20,3,0.05,1e-05,0.1,0.9804355920108212,4.382313033701094,0.0033295154571533,3.427913586123202,0.9854118041218874,2.218663734513622,0.9892012382102666,2.0
yacht,outer_0,streed,4,20,3,0.05,1e-05,0.001,0.9803804941669346,4.348441495774995,0.0033357143402099,3.353779831740192,0.9857272956600922,2.091749880116674,0.9898189579936344,2.0
yacht,outer_0,streed,4,20,3,0.03,0.1,0.1,0.8770854641418068,28.416762684115497,1.004558563232422,12.385313531443732,0.9472917343832816,11.092247164695086,0.9460114063338912,3.0
yacht,outer_0,streed,4,20,3,0.03,0.1,0.001,0.8780700200345756,28.17564783499772,0.9703264236450196,11.942341405770737,0.9491768939637392,11.010060639861775,0.9464114276125531,3.0
yacht,outer_0,streed,4,20,3,0.03,0.01,0.1,0.9661848043878764,7.537040288681365,0.0245816707611084,5.933804302486422,0.9747474674339855,4.930195850243381,0.9760035692947489,2.0
yacht,outer_0,streed,4,20,3,0.03,0.01,0.001,0.9750534351991608,5.716942482382457,0.0226469039916992,4.129253045589691,0.9824271088678516,3.0104494876087333,0.9853474294499892,2.0
yacht,outer_0,streed,4,20,3,0.03,0.001,0.1,0.9801370021648056,4.468286077225104,0.0222465991973876,3.473107584920485,0.9852194717043962,2.278381697821353,0.9889105767412496,2.0
yacht,outer_0,streed,4,20,3,0.03,0.001,0.001,0.980217353773433,4.403798124922505,0.0034444332122802,3.3635470778046743,0.9856857291225471,2.120189221006327,0.9896805369869054,2.0
yacht,outer_0,streed,4,20,3,0.03,0.0001,0.1,0.9804123830496048,4.38926235335044,0.004042625427246,3.431325335180979,0.985397284717506,2.2234377385277835,0.9891780020022148,2.0
yacht,outer_0,streed,4,20,3,0.03,0.0001,0.001,0.9803699511051124,4.352528056709898,0.003486156463623,3.353898348544518,0.9857267912872972,2.0936125286469487,0.9898098920421504,2.0
yacht,outer_0,streed,4,20,3,0.03,1e-05,0.1,0.9804355920108212,4.382313033701094,0.0040738582611083,3.427913586123202,0.9854118041218874,2.218663734513622,0.9892012382102666,2.0
yacht,outer_0,streed,4,20,3,0.03,1e-05,0.001,0.9803804941669346,4.348441495774995,0.0034096240997314,3.353779831740192,0.9857272956600922,2.091749880116674,0.9898189579936344,2.0
yacht,outer_0,streed,4,20,3,0.01,0.1,0.1,0.8773808819080634,28.32732036577373,4.194068431854248,12.385313531443732,0.9472917343832816,11.092247164695086,0.9460114063338912,3.0
yacht,outer_0,streed,4,20,3,0.01,0.1,0.001,0.8786083694252653,28.012654193175397,4.176515579223633,11.942341405770737,0.9491768939637392,11.010060639861775,0.9464114276125531,3.0
yacht,outer_0,streed,4,20,3,0.01,0.01,0.1,0.9674160186885742,7.164271031011442,3.113330364227295,4.5570539764254505,0.9806065134476126,3.429607774483074,0.9833072868083907,3.0
yacht,outer_0,streed,4,20,3,0.01,0.01,0.001,0.9764573557303744,5.291883730261635,2.7005934715271,3.7333151333152994,0.9841121046166394,2.8980288954012394,0.985894607094183,3.0
yacht,outer_0,streed,4,20,3,0.01,0.001,0.1,0.9823688594203948,3.792556618982395,1.014667510986328,3.473107584920485,0.9852194717043962,2.278381697821353,0.9889105767412496,2.0
yacht,outer_0,streed,4,20,3,0.01,0.001,0.001,0.981719294670302,3.949062184255965,0.0236251354217529,3.3635470778046743,0.9856857291225471,2.120189221006327,0.9896805369869054,2.0
yacht,outer_0,streed,4,20,3,0.01,0.0001,0.1,0.9825498785188138,3.7421023919381127,0.2741463184356689,3.431325335180979,0.985397284717506,2.2234377385277835,0.9891780020022148,2.0
yacht,outer_0,streed,4,20,3,0.01,0.0001,0.001,0.9816423549955006,3.967288010840194,0.0234396457672119,3.353898348544518,0.9857267912872972,2.0936125286469487,0.9898098920421504,2.0
yacht,outer_0,streed,4,20,3,0.01,1e-05,0.1,0.9825603953184912,3.73899582138008,0.2729485034942627,3.427913586123202,0.9854118041218874,2.218663734513622,0.9892012382102666,2.0
yacht,outer_0,streed,4,20,3,0.01,1e-05,0.001,0.9816257563675546,3.9714190181556015,0.0234651565551757,3.353779831740192,0.9857272956600922,2.091749880116674,0.9898189579936344,2.0
yacht,outer_0,streed,4,20,3,0.008,0.1,0.1,0.8836002063745361,27.105235836048116,4.310133457183838,12.385313531443732,0.9472917343832816,11.092247164695086,0.9460114063338912,3.0
yacht,outer_0,streed,4,20,3,0.008,0.1,0.001,0.8786083694252653,28.012654193175397,4.259891748428345,11.942341405770737,0.9491768939637392,11.010060639861775,0.9464114276125531,3.0
yacht,outer_0,streed,4,20,3,0.008,0.01,0.1,0.9713982879852264,6.437246908045172,2.520436286926269,4.5570539764254505,0.9806065134476126,3.429607774483074,0.9833072868083907,3.0
yacht,outer_0,streed,4,20,3,0.008,0.01,0.001,0.978039075675558,5.003116580111276,3.008831262588501,3.7333151333152994,0.9841121046166394,2.8980288954012394,0.985894607094183,3.0
yacht,outer_0,streed,4,20,3,0.008,0.001,0.1,0.9823688594203948,3.792556618982395,2.235786199569702,1.756685957381694,0.9925240592568156,0.6862967229209914,0.9966596313300612,3.0
yacht,outer_0,streed,4,20,3,0.008,0.001,0.001,0.981719294670302,3.949062184255965,0.2706565856933594,1.4348947060329402,0.9938935085409348,0.6995320493451461,0.9965952118621444,3.0
yacht,outer_0,streed,4,20,3,0.008,0.0001,0.1,0.9825498785188138,3.7421023919381127,1.0482614040374756,3.431325335180979,0.985397284717506,2.2234377385277835,0.9891780020022148,2.0
yacht,outer_0,streed,4,20,3,0.008,0.0001,0.001,0.9816423549955006,3.967288010840194,0.0250930786132812,1.3883774614967246,0.9940914723045928,0.7535809752286333,0.996332142940736,3.0
yacht,outer_0,streed,4,20,3,0.008,1e-05,0.1,0.9825603953184912,3.73899582138008,1.0536742210388184,3.427913586123202,0.9854118041218874,2.218663734513622,0.9892012382102666,2.0
yacht,outer_0,streed,4,20,3,0.008,1e-05,0.001,0.9816257563675546,3.9714190181556015,0.0250446796417236,1.3877411970206728,0.994094180059784,0.7639985952813864,0.9962814379169797,3.0
yacht,outer_0,streed,4,20,3,0.005,0.1,0.1,0.8836002063745361,27.105235836048116,4.309048891067505,12.385313531443732,0.9472917343832816,11.092247164695086,0.9460114063338912,3.0
yacht,outer_0,streed,4,20,3,0.005,0.1,0.001,0.8853912436991407,26.680058000818587,4.331137418746948,11.942341405770737,0.9491768939637392,11.010060639861775,0.9464114276125531,3.0
yacht,outer_0,streed,4,20,3,0.005,0.01,0.1,0.9765988230565256,5.352733978548248,1.6882905960083008,4.5570539764254505,0.9806065134476126,3.429607774483074,0.9833072868083907,3.0
yacht,outer_0,streed,4,20,3,0.005,0.01,0.001,0.9796249572627396,4.672398863112999,2.0894880294799805,3.7333151333152994,0.9841121046166394,2.8980288954012394,0.985894607094183,3.0
yacht,outer_0,streed,4,20,3,0.005,0.001,0.1,0.9883036465974492,2.6261926832966584,2.527839422225952,1.756685957381694,0.9925240592568156,0.6862967229209914,0.9966596313300612,3.0
yacht,outer_0,streed,4,20,3,0.005,0.001,0.001,0.989319779755959,2.441118032901119,0.2778716087341308,1.4348947060329402,0.9938935085409348,0.6995320493451461,0.9965952118621444,3.0
yacht,outer_0,streed,4,20,3,0.005,0.0001,0.1,0.9885766857036734,2.5580655090067115,2.889177083969116,1.5960383300337344,0.993207728490659,0.6237471344746776,0.9969640749891748,3.0
yacht,outer_0,streed,4,20,3,0.005,0.0001,0.001,0.989588759092064,2.386944999829374,0.2794966697692871,1.3883774614967246,0.9940914723045928,0.7535809752286333,0.996332142940736,3.0
yacht,outer_0,streed,4,20,3,0.005,1e-05,0.1,0.9886351064319534,2.5450638277913997,2.949793100357056,1.5826084855153677,0.9932648819741188,0.6210687666813053,0.99697711123948,3.0
yacht,outer_0,streed,4,20,3,0.005,1e-05,0.001,0.9896042665319152,2.384284073724747,0.2766783237457275,1.3877411970206728,0.994094180059784,0.7639985952813864,0.9962814379169797,3.0
yacht,outer_0,streed,4,20,3,0.003,0.1,0.1,0.8836002063745361,27.105235836048116,4.410564184188843,11.908684335580109,0.9493201285932854,11.010236283259308,0.946410572714544,4.0
yacht,outer_0,streed,4,20,3,0.003,0.1,0.001,0.8853912436991407,26.680058000818587,4.378724575042725,11.45150791587202,0.9512657374874404,10.78406454527619,0.9475114041222312,4.0
yacht,outer_0,streed,4,20,3,0.003,0.01,0.1,0.9765988230565256,5.352733978548248,1.6621909141540527,4.5570539764254505,0.9806065134476126,3.429607774483074,0.9833072868083907,3.0
yacht,outer_0,streed,4,20,3,0.003,0.01,0.001,0.9796249572627396,4.672398863112999,1.6296582221984863,3.7333151333152994,0.9841121046166394,2.8980288954012394,0.985894607094183,3.0
yacht,outer_0,streed,4,20,3,0.003,0.001,0.1,0.9883036465974492,2.6261926832966584,2.1513705253601074,1.756685957381694,0.9925240592568156,0.6862967229209914,0.9966596313300612,3.0
yacht,outer_0,streed,4,20,3,0.003,0.001,0.001,0.989319779755959,2.441118032901119,2.988459348678589,1.4348947060329402,0.9938935085409348,0.6995320493451461,0.9965952118621444,3.0
yacht,outer_0,streed,4,20,3,0.003,0.0001,0.1,0.9885766857036734,2.5580655090067115,2.308910369873047,1.5960383300337344,0.993207728490659,0.6237471344746776,0.9969640749891748,3.0
yacht,outer_0,streed,4,20,3,0.003,0.0001,0.001,0.989588759092064,2.386944999829374,1.051572322845459,1.3883774614967246,0.9940914723045928,0.7535809752286333,0.996332142940736,3.0
yacht,outer_0,streed,4,20,3,0.003,1e-05,0.1,0.9886351064319534,2.5450638277913997,2.309229850769043,1.5826084855153677,0.9932648819741188,0.6210687666813053,0.99697711123948,3.0
yacht,outer_0,streed,4,20,3,0.003,1e-05,0.001,0.9896042665319152,2.384284073724747,1.0262701511383057,1.3877411970206728,0.994094180059784,0.7639985952813864,0.9962814379169797,3.0
yacht,outer_0,streed,4,20,3,0.001,0.1,0.1,0.8836342656259019,27.094923868552893,4.563110828399658,11.833584144580456,0.9496397330025744,10.796446948337216,0.9474511360343004,5.0
yacht,outer_0,streed,4,20,3,0.001,0.1,0.001,0.8853912436991407,26.680058000818587,4.49111533164978,11.45150791587202,0.9512657374874404,10.78406454527619,0.9475114041222312,4.0
yacht,outer_0,streed,4,20,3,0.001,0.01,0.1,0.9765988230565256,5.352733978548248,1.744490385055542,4.077807103816826,0.98264604772289,3.204191888249101,0.9844044393066248,4.0
yacht,outer_0,streed,4,20,3,0.001,0.01,0.001,0.9796249572627396,4.672398863112999,1.79939603805542,3.085870866193417,0.9868674377228096,2.323180384665819,0.9886925309237604,4.0
yacht,outer_0,streed,4,20,3,0.001,0.001,0.1,0.9883036465974492,2.6261926832966584,2.0869736671447754,1.415726789620255,0.9939750815771792,0.8077429706582565,0.9960685236830708,4.0
yacht,outer_0,streed,4,20,3,0.001,0.001,0.001,0.989319779755959,2.441118032901119,3.131198644638061,0.9544331469935352,0.9959382121657704,0.5236895338791441,0.9974510790255572,4.0
yacht,outer_0,streed,4,20,3,0.001,0.0001,0.1,0.9885766857036734,2.5580655090067115,2.237420558929444,1.2257891774851186,0.9947834004046038,0.6909341229017419,0.9966370600061888,4.0
yacht,outer_0,streed,4,20,3,0.001,0.0001,0.001,0.989588759092064,2.386944999829374,3.768063545227051,0.9006832177865262,0.9961669561162834,0.576715345457689,0.9971929898437508,4.0
yacht,outer_0,streed,4,20,3,0.001,1e-05,0.1,0.9886351064319534,2.5450638277913997,2.2426586151123047,1.20950572580945,0.9948526980040469,0.6830615519609178,0.9966753776732332,4.0
yacht,outer_0,streed,4,20,3,0.001,1e-05,0.001,0.9896042665319152,2.384284073724747,3.8469271659851074,0.8999079807073378,0.9961702552981556,0.5881842741739035,0.9971371678517728,4.0
yacht,outer_0,streed,4,20,3,0.0005,0.1,0.1,0.8836595350415601,27.088496929900497,4.684837102890015,11.833584144580456,0.9496397330025744,10.796446948337216,0.9474511360343004,5.0
yacht,outer_0,streed,4,20,3,0.0005,0.1,0.001,0.8855193146830603,26.648096815340875,4.628769874572754,11.381282282968252,0.95156459720567,10.62558163181477,0.9482827779918224,5.0
yacht,outer_0,streed,4,20,3,0.0005,0.01,0.1,0.9766180171972676,5.346922654238653,1.797879934310913,4.041314195822507,0.9828013508472564,3.112476852929557,0.9848508381022356,5.0
yacht,outer_0,streed,4,20,3,0.0005,0.01,0.001,0.9796249572627396,4.672398863112999,1.7409377098083496,3.085870866193417,0.9868674377228096,2.323180384665819,0.9886925309237604,4.0
yacht,outer_0,streed,4,20,3,0.0005,0.001,0.1,0.9883287337512824,2.618597157719884,2.098195075988769,1.4672550186656148,0.9937557925316184,0.8808105671823016,0.995712886387911,5.0
yacht,outer_0,streed,4,20,3,0.0005,0.001,0.001,0.989319779755959,2.441118032901119,3.1576218605041504,0.9544331469935352,0.9959382121657704,0.5236895338791441,0.9974510790255572,4.0
yacht,outer_0,streed,4,20,3,0.0005,0.0001,0.1,0.988602591275872,2.5502221945549217,2.2369959354400635,1.2759811302524586,0.9945697981593666,0.7672315398089415,0.996265702410382,5.0
yacht,outer_0,streed,4,20,3,0.0005,0.0001,0.001,0.989588759092064,2.386944999829374,3.770350217819214,0.9006832177865262,0.9961669561162834,0.576715345457689,0.9971929898437508,4.0
yacht,outer_0,streed,4,20,3,0.0005,1e-05,0.1,0.9886610963002666,2.537194991381232,2.2555301189422607,1.2595303673620668,0.994639807786319,0.7596432294748938,0.9963026365137384,5.0
yacht,outer_0,streed,4,20,3,0.0005,1e-05,0.001,0.9896042665319152,2.384284073724747,3.816376209259033,0.8999079807073378,0.9961702552981556,0.5881842741739035,0.9971371678517728,4.0
yacht,outer_0,streed,4,20,3,0.0001,0.1,0.1,0.8836595350415601,27.088496929900497,4.656836271286011,11.833584144580456,0.9496397330025744,10.796446948337216,0.9474511360343004,5.0
yacht,outer_0,streed,4,20,3,0.0001,0.1,0.001,0.8855173562396997,26.64845435910814,4.701496124267578,11.370489506985312,0.951610528098078,10.61455353198122,0.9483364543652372,6.0
yacht,outer_0,streed,4,20,3,0.0001,0.01,0.1,0.9766020733294556,5.349721505663896,1.8144378662109373,4.041314195822507,0.9828013508472564,3.112476852929557,0.9848508381022356,5.0
yacht,outer_0,streed,4,20,3,0.0001,0.01,0.001,0.9799597812056366,4.5973063534893255,1.835522413253784,3.072295131616813,0.9869252120716128,2.2945851199959097,0.9888317108484516,5.0
yacht,outer_0,streed,4,20,3,0.0001,0.001,0.1,0.9883421793903056,2.6157501039311977,2.107567310333252,1.4672550186656148,0.9937557925316184,0.8808105671823016,0.995712886387911,5.0
yacht,outer_0,streed,4,20,3,0.0001,0.001,0.001,0.9896770505317586,2.360639297145786,3.212820053100586,0.9161459338937924,0.9961011513269522,0.4616402844606195,0.9977530874161388,5.0
yacht,outer_0,streed,4,20,3,0.0001,0.0001,0.1,0.988619891315254,2.546628136354171,2.2651290893554688,1.2759811302524586,0.9945697981593666,0.7672315398089415,0.996265702410382,5.0
yacht,outer_0,streed,4,20,3,0.0001,0.0001,0.001,0.989944810563656,2.306606628221083,3.827041149139404,0.8614470107144265,0.9963339339177656,0.5085970592171365,0.9975245376737324,5.0
yacht,outer_0,streed,4,20,3,0.0001,1e-05,0.1,0.9886787921505228,2.5335241514074327,2.2864131927490234,1.2595303673620668,0.994639807786319,0.7596432294748938,0.9963026365137384,5.0
yacht,outer_0,streed,4,20,3,0.0001,1e-05,0.001,0.989960159803156,2.303967231186681,3.97568154335022,0.8606543990964495,0.9963373070405844,0.5194623116128737,0.9974716539173606,5.0
yacht,outer_1,streed,4,20,3,0.1,0.1,0.1,0.8859401273149374,27.098246922247924,0.0206475257873535,19.85031023972079,0.9162557400430154,18.77637638922069,0.902112403716014,2.0
yacht,outer_1,streed,4,20,3,0.1,0.1,0.001,0.8887145193659038,26.46889572348089,0.0030887126922607,19.44502915652717,0.9179655352037328,18.7493051701814,0.90225353513058,2.0
yacht,outer_1,streed,4,20,3,0.1,0.01,0.1,0.9674849097073578,7.726657199509044,0.0030851364135742,5.740522393878889,0.9757819503153192,4.6956531739708325,0.9755199729353982,2.0
yacht,outer_1,streed,4,20,3,0.1,0.01,0.001,0.9695739171362604,7.210607504229611,0.0030350685119628,4.047194461559066,0.9829257426714134,3.400184439468322,0.9822736892996646,2.0
yacht,outer_1,streed,4,20,3,0.1,0.001,0.1,0.979187803269124,4.998648985001476,0.0030572414398193,3.360317102851761,0.9858235329523456,2.589829974560346,0.9864983410143254,2.0
yacht,outer_1,streed,4,20,3,0.1,0.001,0.001,0.9799796725819908,4.808801822605031,0.0030665397644042,3.2516925597472106,0.9862817969223088,2.6606670112347923,0.9861290436001596,2.0
yacht,outer_1,streed,4,20,3,0.1,0.0001,0.1,0.9794515253898612,4.907060771001575,0.0030684471130371,3.317592023563825,0.9860037810242076,2.546337532783669,0.9867250818131776,2.0
yacht,outer_1,streed,4,20,3,0.1,0.0001,0.001,0.9800791808170136,4.757782433757498,0.0030574798583984,3.241660503818202,0.9863241200441883,2.6290152036840992,0.986294055170814,2.0
yacht,outer_1,streed,4,20,3,0.1,1e-05,0.1,0.9794738442088624,4.898827343756455,0.0031559467315673,3.314121306360073,0.986018423245928,2.542491405005484,0.9867451329772255,2.0
yacht,outer_1,streed,4,20,3,0.1,1e-05,0.001,0.9800846608277656,4.753707981130998,0.0030689239501953,3.24153870267589,0.9863246338974432,2.6263914660718406,0.9863077336017751,2.0
yacht,outer_1,streed,4,20,3,0.08,0.1,0.1,0.8859401273149374,27.098246922247924,0.0200850963592529,19.85031023972079,0.9162557400430154,18.77637638922069,0.902112403716014,2.0
yacht,outer_1,streed,4,20,3,0.08,0.1,0.001,0.8887145193659038,26.46889572348089,0.0200037956237792,19.44502915652717,0.9179655352037328,18.7493051701814,0.90225353513058,2.0
yacht,outer_1,streed,4,20,3,0.08,0.01,0.1,0.9674849097073578,7.726657199509044,0.0030438899993896,5.740522393878889,0.9757819503153192,4.6956531739708325,0.9755199729353982,2.0
yacht,outer_1,streed,4,20,3,0.08,0.01,0.001,0.9695739171362604,7.210607504229611,0.0030972957611083,4.047194461559066,0.9829257426714134,3.400184439468322,0.9822736892996646,2.0
yacht,outer_1,streed,4,20,3,0.08,0.001,0.1,0.979187803269124,4.998648985001476,0.0030825138092041,3.360317102851761,0.9858235329523456,2.589829974560346,0.9864983410143254,2.0
yacht,outer_1,streed,4,20,3,0.08,0.001,0.001,0.9799796725819908,4.808801822605031,0.0030725002288818,3.2516925597472106,0.9862817969223088,2.6606670112347923,0.9861290436001596,2.0
yacht,outer_1,streed,4,20,3,0.08,0.0001,0.1,0.9794515253898612,4.907060771001575,0.0030813217163085,3.317592023563825,0.9860037810242076,2.546337532783669,0.9867250818131776,2.0
yacht,outer_1,streed,4,20,3,0.08,0.0001,0.001,0.9800791808170136,4.757782433757498,0.0031700134277343,3.241660503818202,0.9863241200441883,2.6290152036840992,0.986294055170814,2.0
yacht,outer_1,streed,4,20,3,0.08,1e-05,0.1,0.9794738442088624,4.898827343756455,0.0030741691589355,3.314121306360073,0.986018423245928,2.542491405005484,0.9867451329772255,2.0
yacht,outer_1,streed,4,20,3,0.08,1e-05,0.001,0.9800846608277656,4.753707981130998,0.0030927658081054,3.24153870267589,0.9863246338974432,2.6263914660718406,0.9863077336017751,2.0
yacht,outer_1,streed,4,20,3,0.05,0.1,0.1,0.8859401273149374,27.098246922247924,0.2464721202850341,19.85031023972079,0.9162557400430154,18.77637638922069,0.902112403716014,2.0
yacht,outer_1,streed,4,20,3,0.05,0.1,0.001,0.8887145193659038,26.46889572348089,0.0210988521575927,19.44502915652717,0.9179655352037328,18.7493051701814,0.90225353513058,2.0
yacht,outer_1,streed,4,20,3,0.05,0.01,0.1,0.9674849097073578,7.726657199509044,0.02105712890625,5.740522393878889,0.9757819503153192,4.6956531739708325,0.9755199729353982,2.0
yacht,outer_1,streed,4,20,3,0.05,0.01,0.001,0.9695739171362604,7.210607504229611,0.0031359195709228,4.047194461559066,0.9829257426714134,3.400184439468322,0.9822736892996646,2.0
yacht,outer_1,streed,4,20,3,0.05,0.001,0.1,0.979187803269124,4.998648985001476,0.0036303997039794,3.360317102851761,0.9858235329523456,2.589829974560346,0.9864983410143254,2.0
yacht,outer_1,streed,4,20,3,0.05,0.001,0.001,0.9799796725819908,4.808801822605031,0.0030980110168457,3.2516925597472106,0.9862817969223088,2.6606670112347923,0.9861290436001596,2.0
yacht,outer_1,streed,4,20,3,0.05,0.0001,0.1,0.9794515253898612,4.907060771001575,0.0030875205993652,3.317592023563825,0.9860037810242076,2.546337532783669,0.9867250818131776,2.0
yacht,outer_1,streed,4,20,3,0.05,0.0001,0.001,0.9800791808170136,4.757782433757498,0.0030765533447265,3.241660503818202,0.9863241200441883,2.6290152036840992,0.986294055170814,2.0
yacht,outer_1,streed,4,20,3,0.05,1e-05,0.1,0.9794738442088624,4.898827343756455,0.0030620098114013,3.314121306360073,0.986018423245928,2.542491405005484,0.9867451329772255,2.0
yacht,outer_1,streed,4,20,3,0.05,1e-05,0.001,0.9800846608277656,4.753707981130998,0.0031080245971679,3.24153870267589,0.9863246338974432,2.6263914660718406,0.9863077336017751,2.0
yacht,outer_1,streed,4,20,3,0.03,0.1,0.1,0.8859401273149374,27.098246922247924,0.9524035453796388,12.229214942300787,0.948407529009366,11.950612586476955,0.9376974174376396,3.0
yacht,outer_1,streed,4,20,3,0.03,0.1,0.001,0.8887145193659038,26.46889572348089,0.2549557685852051,11.762361976324357,0.9503770829192182,11.72560024501164,0.9388704828248948,3.0
yacht,outer_1,streed,4,20,3,0.03,0.01,0.1,0.9674849097073578,7.726657199509044,0.0217812061309814,5.740522393878889,0.9757819503153192,4.6956531739708325,0.9755199729353982,2.0
yacht,outer_1,streed,4,20,3,0.03,0.01,0.001,0.9695739171362604,7.210607504229611,0.0207095146179199,4.047194461559066,0.9829257426714134,3.400184439468322,0.9822736892996646,2.0
yacht,outer_1,streed,4,20,3,0.03,0.001,0.1,0.979187803269124,4.998648985001476,0.0215430259704589,3.360317102851761,0.9858235329523456,2.589829974560346,0.9864983410143254,2.0
yacht,outer_1,streed,4,20,3,0.03,0.001,0.001,0.9799796725819908,4.808801822605031,0.0037441253662109,3.2516925597472106,0.9862817969223088,2.6606670112347923,0.9861290436001596,2.0
yacht,outer_1,streed,4,20,3,0.03,0.0001,0.1,0.9794515253898612,4.907060771001575,0.0037853717803955,3.317592023563825,0.9860037810242076,2.546337532783669,0.9867250818131776,2.0
yacht,outer_1,streed,4,20,3,0.03,0.0001,0.001,0.9800791808170136,4.757782433757498,0.0036771297454833,3.241660503818202,0.9863241200441883,2.6290152036840992,0.986294055170814,2.0
yacht,outer_1,streed,4,20,3,0.03,1e-05,0.1,0.9794738442088624,4.898827343756455,0.0036163330078125,3.314121306360073,0.986018423245928,2.542491405005484,0.9867451329772255,2.0
yacht,outer_1,streed,4,20,3,0.03,1e-05,0.001,0.9800846608277656,4.753707981130998,0.0038480758666992,3.24153870267589,0.9863246338974432,2.6263914660718406,0.9863077336017751,2.0
yacht,outer_1,streed,4,20,3,0.01,0.1,0.1,0.8901715647075653,26.354198515847752,3.900402069091797,12.229214942300787,0.948407529009366,11.950612586476955,0.9376974174376396,3.0
yacht,outer_1,streed,4,20,3,0.01,0.1,0.001,0.8892441536004507,26.29509594319688,3.772626638412476,11.762361976324357,0.9503770829192182,11.72560024501164,0.9388704828248948,3.0
yacht,outer_1,streed,4,20,3,0.01,0.01,0.1,0.9690654180129158,7.208012485241217,2.8690876960754395,4.515265065013512,0.9809510518066088,4.379223396503316,0.9771696283144176,3.0
yacht,outer_1,streed,4,20,3,0.01,0.01,0.001,0.971555881118166,6.560224877659643,0.9201648235321044,3.66674286848069,0.984530787465527,3.690422734257568,0.980760578972222,3.0
yacht,outer_1,streed,4,20,3,0.01,0.001,0.1,0.979187803269124,4.998648985001476,0.960843563079834,3.360317102851761,0.9858235329523456,2.589829974560346,0.9864983410143254,2.0
yacht,outer_1,streed,4,20,3,0.01,0.001,0.001,0.9799796725819908,4.808801822605031,0.0213854312896728,3.2516925597472106,0.9862817969223088,2.6606670112347923,0.9861290436001596,2.0
yacht,outer_1,streed,4,20,3,0.01,0.0001,0.1,0.9794515253898612,4.907060771001575,0.2646272182464599,3.317592023563825,0.9860037810242076,2.546337532783669,0.9867250818131776,2.0
yacht,outer_1,streed,4,20,3,0.01,0.0001,0.001,0.9800791808170136,4.757782433757498,0.0212368965148925,3.241660503818202,0.9863241200441883,2.6290152036840992,0.986294055170814,2.0
yacht,outer_1,streed,4,20,3,0.01,1e-05,0.1,0.9794738442088624,4.898827343756455,0.2533648014068603,3.314121306360073,0.986018423245928,2.542491405005484,0.9867451329772255,2.0
yacht,outer_1,streed,4,20,3,0.01,1e-05,0.001,0.9800846608277656,4.753707981130998,0.0212123394012451,3.24153870267589,0.9863246338974432,2.6263914660718406,0.9863077336017751,2.0
yacht,outer_1,streed,4,20,3,0.008,0.1,0.1,0.8942873270876568,25.508192362020186,3.8978772163391113,12.229214942300787,0.948407529009366,11.950612586476955,0.9376974174376396,3.0
yacht,outer_1,streed,4,20,3,0.008,0.1,0.001,0.8934263577712654,25.600880478616123,3.867799997329712,11.762361976324357,0.9503770829192182,11.72560024501164,0.9388704828248948,3.0
yacht,outer_1,streed,4,20,3,0.008,0.01,0.1,0.9735775065648488,6.459038613480305,2.4983885288238525,4.515265065013512,0.9809510518066088,4.379223396503316,0.9771696283144176,3.0
yacht,outer_1,streed,4,20,3,0.008,0.01,0.001,0.976546505371056,5.73181756114326,2.8692281246185303,3.66674286848069,0.984530787465527,3.690422734257568,0.980760578972222,3.0
yacht,outer_1,streed,4,20,3,0.008,0.001,0.1,0.9818694587640904,4.118662183881427,2.3642382621765137,1.735205524207283,0.9926795349421172,1.4968820744413656,0.9921962478195862,3.0
yacht,outer_1,streed,4,20,3,0.008,0.001,0.001,0.9799796725819908,4.808801822605031,0.2479898929595947,3.2516925597472106,0.9862817969223088,2.6606670112347923,0.9861290436001596,2.0
yacht,outer_1,streed,4,20,3,0.008,0.0001,0.1,0.9822608193897404,3.98518932069796,1.01897931098938,1.576217389946307,0.993350272249738,1.267205103098495,0.9933936314989764,3.0
yacht,outer_1,streed,4,20,3,0.008,0.0001,0.001,0.9800791808170136,4.757782433757498,0.0213513374328613,3.241660503818202,0.9863241200441883,2.6290152036840992,0.986294055170814,2.0
yacht,outer_1,streed,4,20,3,0.008,1e-05,0.1,0.9822953643978404,3.972943862431376,1.0230944156646729,1.5626852365230508,0.9934073615425686,1.2459801429749129,0.9935042843898564,3.0
yacht,outer_1,streed,4,20,3,0.008,1e-05,0.001,0.9800846608277656,4.753707981130998,0.0225763320922851,3.24153870267589,0.9863246338974432,2.6263914660718406,0.9863077336017751,2.0
yacht,outer_1,streed,4,20,3,0.005,0.1,0.1,0.8942873270876568,25.508192362020186,4.029810667037964,12.229214942300787,0.948407529009366,11.950612586476955,0.9376974174376396,3.0
yacht,outer_1,streed,4,20,3,0.005,0.1,0.001,0.8975224079863456,24.75892621393193,3.987426996231079,11.762361976324357,0.9503770829192182,11.72560024501164,0.9388704828248948,3.0
yacht,outer_1,streed,4,20,3,0.005,0.01,0.1,0.9787969520617086,5.38616739252003,1.7660753726959229,4.515265065013512,0.9809510518066088,4.379223396503316,0.9771696283144176,3.0
yacht,outer_1,streed,4,20,3,0.005,0.01,0.001,0.9819449125879812,4.622160271772653,2.1191935539245605,3.66674286848069,0.984530787465527,3.690422734257568,0.980760578972222,3.0
yacht,outer_1,streed,4,20,3,0.005,0.001,0.1,0.9886431169813056,2.8564037700438,2.166804790496826,1.735205524207283,0.9926795349421172,1.4968820744413656,0.9921962478195862,3.0
yacht,outer_1,streed,4,20,3,0.005,0.001,0.001,0.9901799558262662,2.454403399418266,0.2552986145019531,1.3916373862479878,0.994128976241056,1.0584426997690348,0.9944819804664652,3.0
yacht,outer_1,streed,4,20,3,0.005,0.0001,0.1,0.9892700671670006,2.6820269768862435,2.557004690170288,1.576217389946307,0.993350272249738,1.267205103098495,0.9933936314989764,3.0
yacht,outer_1,streed,4,20,3,0.005,0.0001,0.001,0.9904593174572032,2.356849383747195,0.255584716796875,1.3488139152564274,0.9943096394067028,0.9438874482000088,0.995079195711055,3.0
yacht,outer_1,streed,4,20,3,0.005,1e-05,0.1,0.9893226254001188,2.66640042329213,2.558589220046997,1.5626852365230508,0.9934073615425686,1.2459801429749129,0.9935042843898564,3.0
yacht,outer_1,streed,4,20,3,0.005,1e-05,0.001,0.990478827928748,2.3489856338948294,0.2572042942047119,1.3482834030786788,0.9943118775253612,0.9356302921708084,0.9951222430562447,3.0
yacht,outer_1,streed,4,20,3,0.003,0.1,0.1,0.8942873270876568,25.508192362020186,4.202830791473389,11.76497243440179,0.9503660699487808,11.708046612245775,0.9389619958453992,4.0
yacht,outer_1,streed,4,20,3,0.003,0.1,0.001,0.8975224079863456,24.75892621393193,4.056924343109131,11.286109008725148,0.9523862934475306,11.377694166541222,0.940684234799616,4.0
yacht,outer_1,streed,4,20,3,0.003,0.01,0.1,0.9787969520617086,5.38616739252003,1.6487648487091064,4.515265065013512,0.9809510518066088,4.379223396503316,0.9771696283144176,3.0
yacht,outer_1,streed,4,20,3,0.003,0.01,0.001,0.9819449125879812,4.622160271772653,1.6381232738494873,3.66674286848069,0.984530787465527,3.690422734257568,0.980760578972222,3.0
yacht,outer_1,streed,4,20,3,0.003,0.001,0.1,0.9886431169813056,2.8564037700438,1.753592014312744,1.735205524207283,0.9926795349421172,1.4968820744413656,0.9921962478195862,3.0
yacht,outer_1,streed,4,20,3,0.003,0.001,0.001,0.9901799558262662,2.454403399418266,2.84692931175232,1.3916373862479878,0.994128976241056,1.0584426997690348,0.9944819804664652,3.0
yacht,outer_1,streed,4,20,3,0.003,0.0001,0.1,0.9892700671670006,2.6820269768862435,1.9159038066864011,1.576217389946307,0.993350272249738,1.267205103098495,0.9933936314989764,3.0
yacht,outer_1,streed,4,20,3,0.003,0.0001,0.001,0.9904593174572032,2.356849383747195,0.9953551292419434,1.3488139152564274,0.9943096394067028,0.9438874482000088,0.995079195711055,3.0
yacht,outer_1,streed,4,20,3,0.003,1e-05,0.1,0.9893226254001188,2.66640042329213,1.934855937957764,1.5626852365230508,0.9934073615425686,1.2459801429749129,0.9935042843898564,3.0
yacht,outer_1,streed,4,20,3,0.003,1e-05,0.001,0.990478827928748,2.3489856338948294,0.276301622390747,1.3482834030786788,0.9943118775253612,0.9356302921708084,0.9951222430562447,3.0
yacht,outer_1,streed,4,20,3,0.001,0.1,0.1,0.8944145474324722,25.47472428591,4.333401441574097,11.685047643673228,0.9507032557343404,11.694701817272218,0.9390315667719604,5.0
yacht,outer_1,streed,4,20,3,0.001,0.1,0.001,0.8977035392556534,24.728859741053824,4.236196041107178,11.286109008725148,0.9523862934475306,11.377694166541222,0.940684234799616,4.0
yacht,outer_1,streed,4,20,3,0.001,0.01,0.1,0.9787969520617086,5.38616739252003,1.7302653789520264,4.030387042430332,0.9829966496174372,4.021035575392,0.9790369824886188,4.0
yacht,outer_1,streed,4,20,3,0.001,0.01,0.001,0.9819449125879812,4.622160271772653,1.7258570194244385,3.025063620221991,0.9872378964792516,3.0511961802714347,0.9840930830482756,4.0
yacht,outer_1,streed,4,20,3,0.001,0.001,0.1,0.9886431169813056,2.8564037700438,1.7363653182983398,1.5061625703866324,0.993645818714735,1.273019891531376,0.993363317041554,4.0
yacht,outer_1,streed,4,20,3,0.001,0.001,0.001,0.9901799558262662,2.454403399418266,2.5569183826446533,0.9732717801607208,0.9958939722360872,0.6275841289059259,0.9967281918208752,4.0
yacht,outer_1,streed,4,20,3,0.001,0.0001,0.1,0.9892700671670006,2.6820269768862435,1.923321008682251,1.236255258783281,0.9947845005687834,0.9080895496132696,0.995265822255604,4.0
yacht,outer_1,streed,4,20,3,0.001,0.0001,0.001,0.9904593174572032,2.356849383747195,3.1333460807800293,0.9232962093833388,0.9961048085978436,0.4959167294843879,0.9974146184759,4.0
yacht,outer_1,streed,4,20,3,0.001,1e-05,0.1,0.9893226254001188,2.66640042329213,1.841545820236206,1.2195423751774648,0.9948550086894332,0.8843658495362685,0.9953895019224024,4.0
yacht,outer_1,streed,4,20,3,0.001,1e-05,0.001,0.990478827928748,2.3489856338948294,3.1625277996063232,0.92266455143615,0.996107473429108,0.4861925574824824,0.9974653138711872,4.0
yacht,outer_1,streed,4,20,3,0.0005,0.1,0.1,0.8944145474324722,25.47472428591,4.357709646224976,11.685047643673228,0.9507032557343404,11.694701817272218,0.9390315667719604,5.0
yacht,outer_1,streed,4,20,3,0.0005,0.1,0.001,0.8977619706143574,24.7099952833138,4.34014105796814,11.210951537504412,0.9527033669205196,11.349575139817766,0.9408308287897846,5.0
yacht,outer_1,streed,4,20,3,0.0005,0.01,0.1,0.978997301448009,5.347301322340338,1.766554594039917,3.9941425717115897,0.9831495573725916,4.031733416268723,0.9789812110283996,5.0
yacht,outer_1,streed,4,20,3,0.0005,0.01,0.001,0.9823635812410876,4.552664321395586,1.6983261108398438,3.025063620221991,0.9872378964792516,3.0511961802714347,0.9840930830482756,4.0
yacht,outer_1,streed,4,20,3,0.0005,0.001,0.1,0.98891910257418,2.8035095567452344,1.760333776473999,1.472246264532408,0.9937889044348036,1.282359215354578,0.9933146279898958,5.0
yacht,outer_1,streed,4,20,3,0.0005,0.001,0.001,0.9904371414772578,2.411712452516962,2.5461435317993164,0.9732717801607208,0.9958939722360872,0.6275841289059259,0.9967281918208752,4.0
yacht,outer_1,streed,4,20,3,0.0005,0.0001,0.1,0.9894527763568703,2.644413097275476,1.8320958614349363,1.2789426194571842,0.9946044116237754,1.0255227517842689,0.9946536032818168,5.0
yacht,outer_1,streed,4,20,3,0.0005,0.0001,0.001,0.9906886452529674,2.318782638132816,3.063397169113159,0.9232962093833388,0.9961048085978436,0.4959167294843879,0.9974146184759,4.0
yacht,outer_1,streed,4,20,3,0.0005,1e-05,0.1,0.9895061803409144,2.628625236023645,1.8479881286621092,1.2620286091895223,0.994675768255267,1.001516255113714,0.9947787572628388,5.0
yacht,outer_1,streed,4,20,3,0.0005,1e-05,0.001,0.9907046447952084,2.311501677000997,3.131386995315552,0.92266455143615,0.996107473429108,0.4861925574824824,0.9974653138711872,4.0
yacht,outer_1,streed,4,20,3,0.0001,0.1,0.1,0.8944145474324722,25.47472428591,4.32800817489624,11.685047643673228,0.9507032557343404,11.694701817272218,0.9390315667719604,5.0
yacht,outer_1,streed,4,20,3,0.0001,0.1,0.001,0.8977619706143574,24.7099952833138,4.34222674369812,11.199813704445438,0.952750355082205,11.330010744922024,0.940932824592883,6.0
yacht,outer_1,streed,4,20,3,0.0001,0.01,0.1,0.978997301448009,5.347301322340338,1.7681326866149902,3.9941425717115897,0.9831495573725916,4.031733416268723,0.9789812110283996,5.0
yacht,outer_1,streed,4,20,3,0.0001,0.01,0.001,0.9825404015580296,4.506374181491656,1.750572681427002,3.002750374704912,0.987332031342158,3.0702363916072417,0.9839938199912424,5.0
yacht,outer_1,streed,4,20,3,0.0001,0.001,0.1,0.98891910257418,2.8035095567452344,1.780195236206055,1.472246264532408,0.9937889044348036,1.282359215354578,0.9933146279898958,5.0
yacht,outer_1,streed,4,20,3,0.0001,0.001,0.001,0.9906364519626504,2.3596495133265685,2.615886211395264,0.9236776074961408,0.996103199559883,0.6021261910846197,0.996860912655184,5.0
yacht,outer_1,streed,4,20,3,0.0001,0.0001,0.1,0.9894527763568703,2.644413097275476,1.8637588024139404,1.2789426194571842,0.9946044116237754,1.0255227517842689,0.9946536032818168,5.0
yacht,outer_1,streed,4,20,3,0.0001,0.0001,0.001,0.9908892182798904,2.266375745878248,3.14968204498291,0.8728202960693677,0.9963177557989245,0.4685364941900595,0.9975573608966468,5.0
yacht,outer_1,streed,4,20,3,0.0001,1e-05,0.1,0.9895061803409144,2.628625236023645,1.878382682800293,1.2620286091895223,0.994675768255267,1.001516255113714,0.9947787572628388,5.0
yacht,outer_1,streed,4,20,3,0.0001,1e-05,0.001,0.9909053274522088,2.259064376412091,3.270159959793091,0.8721628651734992,0.9963205293608074,0.4586718065793413,0.9976087888472952,5.0
yacht,outer_2,streed,4,20,3,0.1,0.1,0.1,0.8810785672181147,24.365221040874623,0.0211949348449707,18.810822779157487,0.9107243334810105,26.49754661539178,0.9109647408408136,2.0
yacht,outer_2,streed,4,20,3,0.1,0.1,0.001,0.8821748167982686,24.160191613830943,0.020850658416748,18.4372932345064,0.912497094803296,25.76752510138006,0.9134177096244996,2.0
yacht,outer_2,streed,4,20,3,0.1,0.01,0.1,0.9793684643245184,4.218306851129338,0.0030627250671386,3.556980875321919,0.9831186630075792,10.172018078804928,0.9658206746849444,2.0
yacht,outer_2,streed,4,20,3,0.1,0.01,0.001,0.9806558673116113,3.96178203314272,0.0030457973480224,3.1564422106939056,0.9850196088976714,9.038869987618048,0.9696282020545144,2.0
yacht,outer_2,streed,4,20,3,0.1,0.001,0.1,0.985991009898984,2.8436848371810566,0.0030610561370849,2.4641679321728605,0.9883051242817936,7.513143644467417,0.9747548442429466,2.0
yacht,outer_2,streed,4,20,3,0.1,0.001,0.001,0.9861065015970066,2.8212932707874376,0.0030746459960937,2.340506240929607,0.9888920193920298,6.9455801460933095,0.9766619326198636,2.0
yacht,outer_2,streed,4,20,3,0.1,0.0001,0.1,0.9851123653123072,3.078842666189004,0.0030722618103027,2.416853810176949,0.9885296758512032,7.36225750207901,0.9752618416259904,2.0
yacht,outer_2,streed,4,20,3,0.1,0.0001,0.001,0.9862180668873124,2.793993222475216,0.0031745433807373,2.3297014888634977,0.9889432984590648,6.8700249043592,0.9769158082192266,2.0
yacht,outer_2,streed,4,20,3,0.1,1e-05,0.1,0.9851409671076118,3.072377789351149,0.0030806064605712,2.4129501960445623,0.9885482023004496,7.348729981243347,0.9753072958841096,2.0
yacht,outer_2,streed,4,20,3,0.1,1e-05,0.001,0.9862234014190578,2.7924258155010926,0.0030667781829833,2.3295547497364604,0.9889439948790738,6.864245378864159,0.9769352281888464,2.0
yacht,outer_2,streed,4,20,3,0.08,0.1,0.1,0.8810785672181147,24.365221040874623,0.0204546451568603,18.810822779157487,0.9107243334810105,26.49754661539178,0.9109647408408136,2.0
yacht,outer_2,streed,4,20,3,0.08,0.1,0.001,0.8821748167982686,24.160191613830943,0.0204830169677734,18.4372932345064,0.912497094803296,25.76752510138006,0.9134177096244996,2.0
yacht,outer_2,streed,4,20,3,0.08,0.01,0.1,0.9793684643245184,4.218306851129338,0.0031056404113769,3.556980875321919,0.9831186630075792,10.172018078804928,0.9658206746849444,2.0
yacht,outer_2,streed,4,20,3,0.08,0.01,0.001,0.9806558673116113,3.96178203314272,0.0030522346496582,3.1564422106939056,0.9850196088976714,9.038869987618048,0.9696282020545144,2.0
yacht,outer_2,streed,4,20,3,0.08,0.001,0.1,0.985991009898984,2.8436848371810566,0.0030770301818847,2.4641679321728605,0.9883051242817936,7.513143644467417,0.9747548442429466,2.0
yacht,outer_2,streed,4,20,3,0.08,0.001,0.001,0.9861065015970066,2.8212932707874376,0.0032541751861572,2.340506240929607,0.9888920193920298,6.9455801460933095,0.9766619326198636,2.0
yacht,outer_2,streed,4,20,3,0.08,0.0001,0.1,0.9851123653123072,3.078842666189004,0.0030920505523681,2.416853810176949,0.9885296758512032,7.36225750207901,0.9752618416259904,2.0
yacht,outer_2,streed,4,20,3,0.08,0.0001,0.001,0.9862180668873124,2.793993222475216,0.0030500888824462,2.3297014888634977,0.9889432984590648,6.8700249043592,0.9769158082192266,2.0
yacht,outer_2,streed,4,20,3,0.08,1e-05,0.1,0.9851409671076118,3.072377789351149,0.0030994415283203,2.4129501960445623,0.9885482023004496,7.348729981243347,0.9753072958841096,2.0
yacht,outer_2,streed,4,20,3,0.08,1e-05,0.001,0.9862234014190578,2.7924258155010926,0.0032002925872802,2.3295547497364604,0.9889439948790738,6.864245378864159,0.9769352281888464,2.0
yacht,outer_2,streed,4,20,3,0.05,0.1,0.1,0.8810785672181147,24.365221040874623,0.2583158016204834,18.810822779157487,0.9107243334810105,26.49754661539178,0.9109647408408136,2.0
yacht,outer_2,streed,4,20,3,0.05,0.1,0.001,0.8821748167982686,24.160191613830943,0.2576348781585693,18.4372932345064,0.912497094803296,25.76752510138006,0.9134177096244996,2.0
yacht,outer_2,streed,4,20,3,0.05,0.01,0.1,0.9793684643245184,4.218306851129338,0.0209221839904785,3.556980875321919,0.9831186630075792,10.172018078804928,0.9658206746849444,2.0
yacht,outer_2,streed,4,20,3,0.05,0.01,0.001,0.9806558673116113,3.96178203314272,0.0030775070190429,3.1564422106939056,0.9850196088976714,9.038869987618048,0.9696282020545144,2.0
yacht,outer_2,streed,4,20,3,0.05,0.001,0.1,0.985991009898984,2.8436848371810566,0.0030639171600341,2.4641679321728605,0.9883051242817936,7.513143644467417,0.9747548442429466,2.0
yacht,outer_2,streed,4,20,3,0.05,0.001,0.001,0.9861065015970066,2.8212932707874376,0.0030937194824218,2.340506240929607,0.9888920193920298,6.9455801460933095,0.9766619326198636,2.0
yacht,outer_2,streed,4,20,3,0.05,0.0001,0.1,0.9851123653123072,3.078842666189004,0.0032944679260253,2.416853810176949,0.9885296758512032,7.36225750207901,0.9752618416259904,2.0
yacht,outer_2,streed,4,20,3,0.05,0.0001,0.001,0.9862180668873124,2.793993222475216,0.0033481121063232,2.3297014888634977,0.9889432984590648,6.8700249043592,0.9769158082192266,2.0
yacht,outer_2,streed,4,20,3,0.05,1e-05,0.1,0.9851409671076118,3.072377789351149,0.003089427947998,2.4129501960445623,0.9885482023004496,7.348729981243347,0.9753072958841096,2.0
yacht,outer_2,streed,4,20,3,0.05,1e-05,0.001,0.9862234014190578,2.7924258155010926,0.0030815601348876,2.3295547497364604,0.9889439948790738,6.864245378864159,0.9769352281888464,2.0
yacht,outer_2,streed,4,20,3,0.03,0.1,0.1,0.8810785672181147,24.365221040874623,0.9579741954803468,10.947677428746193,0.9480426129808028,19.77343478775773,0.933558645396528,3.0
yacht,outer_2,streed,4,20,3,0.03,0.1,0.001,0.8821748167982686,24.160191613830943,0.2647285461425781,10.51449970885536,0.950098462962404,18.9732199191088,0.9362474731301794,3.0
yacht,outer_2,streed,4,20,3,0.03,0.01,0.1,0.9793684643245184,4.218306851129338,0.0210523605346679,3.556980875321919,0.9831186630075792,10.172018078804928,0.9658206746849444,2.0
yacht,outer_2,streed,4,20,3,0.03,0.01,0.001,0.9806558673116113,3.96178203314272,0.0218658447265625,3.1564422106939056,0.9850196088976714,9.038869987618048,0.9696282020545144,2.0
yacht,outer_2,streed,4,20,3,0.03,0.001,0.1,0.985991009898984,2.8436848371810566,0.0199799537658691,2.4641679321728605,0.9883051242817936,7.513143644467417,0.9747548442429466,2.0
yacht,outer_2,streed,4,20,3,0.03,0.001,0.001,0.9861065015970066,2.8212932707874376,0.0032098293304443,2.340506240929607,0.9888920193920298,6.9455801460933095,0.9766619326198636,2.0
yacht,outer_2,streed,4,20,3,0.03,0.0001,0.1,0.9851123653123072,3.078842666189004,0.0037260055541992,2.416853810176949,0.9885296758512032,7.36225750207901,0.9752618416259904,2.0
yacht,outer_2,streed,4,20,3,0.03,0.0001,0.001,0.9862180668873124,2.793993222475216,0.0031092166900634,2.3297014888634977,0.9889432984590648,6.8700249043592,0.9769158082192266,2.0
yacht,outer_2,streed,4,20,3,0.03,1e-05,0.1,0.9851409671076118,3.072377789351149,0.0036103725433349,2.4129501960445623,0.9885482023004496,7.348729981243347,0.9753072958841096,2.0
yacht,outer_2,streed,4,20,3,0.03,1e-05,0.001,0.9862234014190578,2.7924258155010926,0.0031085014343261,2.3295547497364604,0.9889439948790738,6.864245378864159,0.9769352281888464,2.0
yacht,outer_2,streed,4,20,3,0.01,0.1,0.1,0.8821159900776577,24.100720211502587,4.116787433624268,10.947677428746193,0.9480426129808028,19.77343478775773,0.933558645396528,3.0
yacht,outer_2,streed,4,20,3,0.01,0.1,0.001,0.8832906663854342,23.875695144002112,3.952591896057129,10.51449970885536,0.950098462962404,18.9732199191088,0.9362474731301794,3.0
yacht,outer_2,streed,4,20,3,0.01,0.01,0.1,0.9796571119761578,4.144713385791026,3.1167163848876958,3.967133607493341,0.9811720890076496,8.553185744713865,0.9712601653099876,3.0
yacht,outer_2,streed,4,20,3,0.01,0.01,0.001,0.9806558673116113,3.96178203314272,0.9385311603546144,2.7752176292463377,0.986828890660714,6.5166625882104,0.9781031523100612,3.0
yacht,outer_2,streed,4,20,3,0.01,0.001,0.1,0.985991009898984,2.8436848371810566,0.9176218509674072,2.4641679321728605,0.9883051242817936,7.513143644467417,0.9747548442429466,2.0
yacht,outer_2,streed,4,20,3,0.01,0.001,0.001,0.9861065015970066,2.8212932707874376,0.0229976177215576,2.340506240929607,0.9888920193920298,6.9455801460933095,0.9766619326198636,2.0
yacht,outer_2,streed,4,20,3,0.01,0.0001,0.1,0.9876553653067468,2.430480620341451,0.2745609283447265,2.416853810176949,0.9885296758512032,7.36225750207901,0.9752618416259904,2.0
yacht,outer_2,streed,4,20,3,0.01,0.0001,0.001,0.9862180668873124,2.793993222475216,0.0212600231170654,2.3297014888634977,0.9889432984590648,6.8700249043592,0.9769158082192266,2.0
yacht,outer_2,streed,4,20,3,0.01,1e-05,0.1,0.9876843077597892,2.4239288895718603,0.2631464004516601,2.4129501960445623,0.9885482023004496,7.348729981243347,0.9753072958841096,2.0
yacht,outer_2,streed,4,20,3,0.01,1e-05,0.001,0.9862234014190578,2.7924258155010926,0.0212295055389404,2.3295547497364604,0.9889439948790738,6.864245378864159,0.9769352281888464,2.0
yacht,outer_2,streed,4,20,3,0.008,0.1,0.1,0.8821159900776577,24.100720211502587,4.105824708938599,10.947677428746193,0.9480426129808028,19.77343478775773,0.933558645396528,3.0
yacht,outer_2,streed,4,20,3,0.008,0.1,0.001,0.8832906663854342,23.875695144002112,4.062957286834717,10.51449970885536,0.950098462962404,18.9732199191088,0.9362474731301794,3.0
yacht,outer_2,streed,4,20,3,0.008,0.01,0.1,0.9796571119761578,4.144713385791026,2.846658229827881,3.967133607493341,0.9811720890076496,8.553185744713865,0.9712601653099876,3.0
yacht,outer_2,streed,4,20,3,0.008,0.01,0.001,0.981262811750763,3.807035773156597,3.2190804481506348,2.7752176292463377,0.986828890660714,6.5166625882104,0.9781031523100612,3.0
yacht,outer_2,streed,4,20,3,0.008,0.001,0.1,0.987464952014939,2.467889269799628,1.0233240127563477,2.4641679321728605,0.9883051242817936,7.513143644467417,0.9747548442429466,2.0
yacht,outer_2,streed,4,20,3,0.008,0.001,0.001,0.9877243517076374,2.408806990843713,0.0217680931091308,2.340506240929607,0.9888920193920298,6.9455801460933095,0.9766619326198636,2.0
yacht,outer_2,streed,4,20,3,0.008,0.0001,0.1,0.9876553653067468,2.430480620341451,1.0258409976959229,2.416853810176949,0.9885296758512032,7.36225750207901,0.9752618416259904,2.0
yacht,outer_2,streed,4,20,3,0.008,0.0001,0.001,0.9878404058534704,2.38036246610225,0.0234084129333496,2.3297014888634977,0.9889432984590648,6.8700249043592,0.9769158082192266,2.0
yacht,outer_2,streed,4,20,3,0.008,1e-05,0.1,0.9876843077597892,2.4239288895718603,1.0193958282470703,2.4129501960445623,0.9885482023004496,7.348729981243347,0.9753072958841096,2.0
yacht,outer_2,streed,4,20,3,0.008,1e-05,0.001,0.9878450569388614,2.378969310279376,0.0230762958526611,2.3295547497364604,0.9889439948790738,6.864245378864159,0.9769352281888464,2.0
yacht,outer_2,streed,4,20,3,0.005,0.1,0.1,0.8875707451612004,23.07447265797308,4.310094118118286,10.947677428746193,0.9480426129808028,19.77343478775773,0.933558645396528,3.0
yacht,outer_2,streed,4,20,3,0.005,0.1,0.001,0.8892976317228798,22.748089789935005,4.229279041290283,10.51449970885536,0.950098462962404,18.9732199191088,0.9362474731301794,3.0
yacht,outer_2,streed,4,20,3,0.005,0.01,0.1,0.98097572270305,3.884707134479095,1.7380757331848145,3.967133607493341,0.9811720890076496,8.553185744713865,0.9712601653099876,3.0
yacht,outer_2,streed,4,20,3,0.005,0.01,0.001,0.9840302155632904,3.279958594015019,2.3636531829833984,2.7752176292463377,0.986828890660714,6.5166625882104,0.9781031523100612,3.0
yacht,outer_2,streed,4,20,3,0.005,0.001,0.1,0.9925346011769292,1.5243364879699195,2.6425397396087646,1.3217235407499792,0.9937271350945353,3.917817840886222,0.9868356141847802,3.0
yacht,outer_2,streed,4,20,3,0.005,0.001,0.001,0.9932668896952968,1.3816707882929995,0.2672023773193359,0.8708676343577161,0.9958668852808904,3.859332246080109,0.987032133514144,3.0
yacht,outer_2,streed,4,20,3,0.005,0.0001,0.1,0.9930175388854132,1.4324109464780983,3.022857189178467,1.1693773407629615,0.9944501661232762,3.5375305459057054,0.9881134297635202,3.0
yacht,outer_2,streed,4,20,3,0.005,0.0001,0.001,0.99338805083007,1.353497866236147,0.0232322216033935,0.8500673089928851,0.9959656030739692,3.632988551759313,0.987792678245904,3.0
yacht,outer_2,streed,4,20,3,0.005,1e-05,0.1,0.9930610266265087,1.423250637040543,3.0556626319885254,1.1564170763122352,0.9945116751949784,3.5013895315395924,0.9882348683490266,3.0
yacht,outer_2,streed,4,20,3,0.005,1e-05,0.001,0.9933874353179588,1.3531931366621306,0.0233058929443359,0.8497763067977558,0.9959669841626771,3.612424330329232,0.9878617767481545,3.0
yacht,outer_2,streed,4,20,3,0.003,0.1,0.1,0.8875707451612004,23.07447265797308,4.4440529346466064,10.512135921740688,0.9501096814334218,19.111334229642623,0.9357833907903892,4.0
yacht,outer_2,streed,4,20,3,0.003,0.1,0.001,0.8892976317228798,22.748089789935005,4.364827871322632,10.062378342936896,0.952244218986142,18.32646454093179,0.9384206566910732,4.0
yacht,outer_2,streed,4,20,3,0.003,0.01,0.1,0.98097572270305,3.884707134479095,1.6433818340301514,3.967133607493341,0.9811720890076496,8.553185744713865,0.9712601653099876,3.0
yacht,outer_2,streed,4,20,3,0.003,0.01,0.001,0.9840302155632904,3.279958594015019,1.6776008605957031,2.7752176292463377,0.986828890660714,6.5166625882104,0.9781031523100612,3.0
yacht,outer_2,streed,4,20,3,0.003,0.001,0.1,0.9925346011769292,1.5243364879699195,1.860860109329224,1.3217235407499792,0.9937271350945353,3.917817840886222,0.9868356141847802,3.0
yacht,outer_2,streed,4,20,3,0.003,0.001,0.001,0.9932668896952968,1.3816707882929995,1.0642240047454834,0.8708676343577161,0.9958668852808904,3.859332246080109,0.987032133514144,3.0
yacht,outer_2,streed,4,20,3,0.003,0.0001,0.1,0.9930175388854132,1.4324109464780983,2.1220815181732178,1.1693773407629615,0.9944501661232762,3.5375305459057054,0.9881134297635202,3.0
yacht,outer_2,streed,4,20,3,0.003,0.0001,0.001,0.99338805083007,1.353497866236147,0.2867567539215088,0.8500673089928851,0.9959656030739692,3.632988551759313,0.987792678245904,3.0
yacht,outer_2,streed,4,20,3,0.003,1e-05,0.1,0.9930610266265087,1.423250637040543,2.175678253173828,1.1564170763122352,0.9945116751949784,3.5013895315395924,0.9882348683490266,3.0
yacht,outer_2,streed,4,20,3,0.003,1e-05,0.001,0.9933874353179588,1.3531931366621306,0.2816469669342041,0.8497763067977558,0.9959669841626771,3.612424330329232,0.9878617767481545,3.0
yacht,outer_2,streed,4,20,3,0.001,0.1,0.1,0.8876474015569632,23.05594283566036,4.588576793670654,10.433969062197471,0.9504806592777908,19.02074536630785,0.9360877813455232,5.0
yacht,outer_2,streed,4,20,3,0.001,0.1,0.001,0.8892976317228798,22.748089789935005,4.475809574127197,10.062378342936896,0.952244218986142,18.32646454093179,0.9384206566910732,4.0
yacht,outer_2,streed,4,20,3,0.001,0.01,0.1,0.98097572270305,3.884707134479095,1.744683027267456,3.430358532002466,0.9837196092941268,7.963953405803688,0.9732400638553634,4.0
yacht,outer_2,streed,4,20,3,0.001,0.01,0.001,0.9840302155632904,3.279958594015019,1.7997400760650637,2.535833139229428,0.9879650031078656,6.34302430771526,0.9786865998845948,4.0
yacht,outer_2,streed,4,20,3,0.001,0.001,0.1,0.9925346011769292,1.5243364879699195,1.9111814498901367,1.022911527285977,0.9951452889934408,3.634134674143424,0.9877888271231952,4.0
yacht,outer_2,streed,4,20,3,0.001,0.001,0.001,0.9932668896952968,1.3816707882929995,3.0659496784210205,0.588496617308311,0.9972070106464144,2.665075811075718,0.9910449929964394,4.0
yacht,outer_2,streed,4,20,3,0.001,0.0001,0.1,0.9930175388854132,1.4324109464780983,2.026620388031006,0.8382816349301396,0.9960215375708108,3.219689532824348,0.9891814175807272,4.0
yacht,outer_2,streed,4,20,3,0.001,0.0001,0.001,0.99338805083007,1.353497866236147,3.97785210609436,0.5388421528957876,0.9974426694189262,2.446951974784111,0.991777917918694,4.0
yacht,outer_2,streed,4,20,3,0.001,1e-05,0.1,0.9930610266265087,1.423250637040543,2.0369350910186768,0.82217828068836,0.9960979636633854,3.180560206898162,0.9893128972880804,4.0
yacht,outer_2,streed,4,20,3,0.001,1e-05,0.001,0.9933874353179588,1.3531931366621306,3.800419569015503,0.538118521805349,0.9974461037529088,2.430237953102942,0.991834079240856,4.0
yacht,outer_2,streed,4,20,3,0.0005,0.1,0.1,0.8876474015569632,23.05594283566036,4.624285697937012,10.433969062197471,0.9504806592777908,19.02074536630785,0.9360877813455232,5.0
yacht,outer_2,streed,4,20,3,0.0005,0.1,0.001,0.8894212952913101,22.71817174377576,4.571504592895508,9.9896491600725,0.9525893897610638,18.241036643988988,0.938707705716937,5.0
yacht,outer_2,streed,4,20,3,0.0005,0.01,0.1,0.9810176832976402,3.8745748144846246,1.771242380142212,3.4713680276578502,0.983524979314289,7.920574629328056,0.9733858222782686,5.0
yacht,outer_2,streed,4,20,3,0.0005,0.01,0.001,0.9840302155632904,3.279958594015019,1.7537310123443604,2.535833139229428,0.9879650031078656,6.34302430771526,0.9786865998845948,4.0
yacht,outer_2,streed,4,20,3,0.0005,0.001,0.1,0.9926037982438046,1.5082280594635509,1.9108269214630127,1.0700404893691249,0.9949216161880712,3.63238390655371,0.9877947099337188,5.0
yacht,outer_2,streed,4,20,3,0.0005,0.001,0.001,0.9932668896952968,1.3816707882929995,2.932508945465088,0.588496617308311,0.9972070106464144,2.665075811075718,0.9910449929964394,4.0
yacht,outer_2,streed,4,20,3,0.0005,0.0001,0.1,0.9930901707096697,1.4155480703616987,2.0325796604156494,0.883617024419968,0.9958063770134488,3.219996133618665,0.9891803873615308,5.0
yacht,outer_2,streed,4,20,3,0.0005,0.0001,0.001,0.993504896827174,1.323706867456335,3.714361906051636,0.5388421528957876,0.9974426694189262,2.446951974784111,0.991777917918694,4.0
yacht,outer_2,streed,4,20,3,0.0005,1e-05,0.1,0.993134009701258,1.406310605441788,2.04438591003418,0.8672972555083583,0.9958838302043124,3.1810421245680978,0.9893112779810078,5.0
yacht,outer_2,streed,4,20,3,0.0005,1e-05,0.001,0.9935041759300884,1.323429006784293,3.923189878463745,0.538118521805349,0.9974461037529088,2.430237953102942,0.991834079240856,4.0
yacht,outer_2,streed,4,20,3,0.0001,0.1,0.1,0.8876474015569632,23.05594283566036,4.613760948181152,10.433969062197471,0.9504806592777908,19.02074536630785,0.9360877813455232,5.0
yacht,outer_2,streed,4,20,3,0.0001,0.1,0.001,0.8894721491793297,22.70925874644668,4.657888174057007,9.977480308475547,0.9526471428083304,18.236335805779976,0.9387235011546912,6.0
yacht,outer_2,streed,4,20,3,0.0001,0.01,0.1,0.9810176832976402,3.8745748144846246,1.7889599800109863,3.4713680276578502,0.983524979314289,7.920574629328056,0.9733858222782686,5.0
yacht,outer_2,streed,4,20,3,0.0001,0.01,0.001,0.9843389944574078,3.213675929372437,1.8301670551300049,2.515651421077124,0.988060785007504,6.322829718928788,0.9787544563723034,5.0
yacht,outer_2,streed,4,20,3,0.0001,0.001,0.1,0.9926037982438046,1.5082280594635509,1.958948373794556,1.0700404893691249,0.9949216161880712,3.63238390655371,0.9877947099337188,5.0
yacht,outer_2,streed,4,20,3,0.0001,0.001,0.001,0.9936008963127808,1.310618114276281,2.9660255908966064,0.5369445936111248,0.9974516751850157,2.653813195446403,0.9910828368736828,5.0
yacht,outer_2,streed,4,20,3,0.0001,0.0001,0.1,0.9930901707096697,1.4155480703616987,2.0681474208831787,0.883617024419968,0.9958063770134488,3.219996133618665,0.9891803873615308,5.0
yacht,outer_2,streed,4,20,3,0.0001,0.0001,0.001,0.9937226864543984,1.282380422038048,3.7135767936706543,0.4863630696439684,0.9976917337576112,2.441385253304796,0.9917966228386916,5.0
yacht,outer_2,streed,4,20,3,0.0001,1e-05,0.1,0.993134009701258,1.406310605441788,2.08044981956482,0.8672972555083583,0.9958838302043124,3.1810421245680978,0.9893112779810078,5.0
yacht,outer_2,streed,4,20,3,0.0001,1e-05,0.001,0.9937221029070524,1.282075891458356,3.7270102500915527,0.4856187806426443,0.9976952661334916,2.425383180119899,0.9918503919197988,5.0
yacht,outer_3,streed,4,20,3,0.1,0.1,0.1,0.8804353621995945,27.07888792255324,0.0218162536621093,19.410171328357634,0.9145215461581426,23.61333868172023,0.8995899112073616,2.0
yacht,outer_3,streed,4,20,3,0.1,0.1,0.001,0.8814731359503506,26.80951985952376,0.0208115577697753,19.03704307511789,0.916164727232235,23.21166419198208,0.9012979361386928,2.0
yacht,outer_3,streed,4,20,3,0.1,0.01,0.1,0.9687747051708424,7.160710442578586,0.0033166408538818,5.545139816997447,0.9755803300302982,4.832758876365718,0.9794498459353846,2.0
yacht,outer_3,streed,4,20,3,0.1,0.01,0.001,0.9714153182917968,6.547489135296143,0.0032172203063964,3.932054379449453,0.9826840308057248,3.4013644507070144,0.9855365092113804,2.0
yacht,outer_3,streed,4,20,3,0.1,0.001,0.1,0.9810196958375624,4.390451511118248,0.0032455921173095,3.249671672465153,0.9856891057087074,3.059422625288003,0.9869905352394244,2.0
yacht,outer_3,streed,4,20,3,0.1,0.001,0.001,0.9814540379508512,4.2693473135937365,0.0032966136932373,3.137503264598998,0.986183072604316,3.164175909922069,0.9865450968898034,2.0
yacht,outer_3,streed,4,20,3,0.1,0.0001,0.1,0.9805875547319712,4.500707739646162,0.0033574104309082,3.206355611081324,0.9858798608489364,3.0834899947373824,0.9868881944931204,2.0
yacht,outer_3,streed,4,20,3,0.1,0.0001,0.001,0.9814496733295164,4.2561145480474405,0.0034170150756835,3.1272252173125987,0.9862283350378976,3.224025975048372,0.9862905987675948,2.0
yacht,outer_3,streed,4,20,3,0.1,1e-05,0.1,0.9806034166342956,4.495660385616859,0.0032436847686767,3.202824306168823,0.9858954119988392,3.086862315592253,0.9868738545032936,2.0
yacht,outer_3,streed,4,20,3,0.1,1e-05,0.001,0.981444085107149,4.255945624371639,0.0032851696014404,3.127081648077206,0.9862289672876626,3.2310685902226988,0.9862606517268768,2.0
yacht,outer_3,streed,4,20,3,0.08,0.1,0.1,0.8804353621995945,27.07888792255324,0.0214905738830566,19.410171328357634,0.9145215461581426,23.61333868172023,0.8995899112073616,2.0
yacht,outer_3,streed,4,20,3,0.08,0.1,0.001,0.8814731359503506,26.80951985952376,0.0216209888458251,19.03704307511789,0.916164727232235,23.21166419198208,0.9012979361386928,2.0
yacht,outer_3,streed,4,20,3,0.08,0.01,0.1,0.9687747051708424,7.160710442578586,0.0032997131347656,5.545139816997447,0.9755803300302982,4.832758876365718,0.9794498459353846,2.0
yacht,outer_3,streed,4,20,3,0.08,0.01,0.001,0.9714153182917968,6.547489135296143,0.0032637119293212,3.932054379449453,0.9826840308057248,3.4013644507070144,0.9855365092113804,2.0
yacht,outer_3,streed,4,20,3,0.08,0.001,0.1,0.9810196958375624,4.390451511118248,0.0032618045806884,3.249671672465153,0.9856891057087074,3.059422625288003,0.9869905352394244,2.0
yacht,outer_3,streed,4,20,3,0.08,0.001,0.001,0.9814540379508512,4.2693473135937365,0.0033266544342041,3.137503264598998,0.986183072604316,3.164175909922069,0.9865450968898034,2.0
yacht,outer_3,streed,4,20,3,0.08,0.0001,0.1,0.9805875547319712,4.500707739646162,0.003279685974121,3.206355611081324,0.9858798608489364,3.0834899947373824,0.9868881944931204,2.0
yacht,outer_3,streed,4,20,3,0.08,0.0001,0.001,0.9814496733295164,4.2561145480474405,0.0033800601959228,3.1272252173125987,0.9862283350378976,3.224025975048372,0.9862905987675948,2.0
yacht,outer_3,streed,4,20,3,0.08,1e-05,0.1,0.9806034166342956,4.495660385616859,0.0033166408538818,3.202824306168823,0.9858954119988392,3.086862315592253,0.9868738545032936,2.0
yacht,outer_3,streed,4,20,3,0.08,1e-05,0.001,0.981444085107149,4.255945624371639,0.0033051967620849,3.127081648077206,0.9862289672876626,3.2310685902226988,0.9862606517268768,2.0
yacht,outer_3,streed,4,20,3,0.05,0.1,0.1,0.8804353621995945,27.07888792255324,0.2697296142578125,19.410171328357634,0.9145215461581426,23.61333868172023,0.8995899112073616,2.0
yacht,outer_3,streed,4,20,3,0.05,0.1,0.001,0.8814731359503506,26.80951985952376,0.2546830177307129,19.03704307511789,0.916164727232235,23.21166419198208,0.9012979361386928,2.0
yacht,outer_3,streed,4,20,3,0.05,0.01,0.1,0.9687747051708424,7.160710442578586,0.0220537185668945,5.545139816997447,0.9755803300302982,4.832758876365718,0.9794498459353846,2.0
yacht,outer_3,streed,4,20,3,0.05,0.01,0.001,0.9714153182917968,6.547489135296143,0.0033028125762939,3.932054379449453,0.9826840308057248,3.4013644507070144,0.9855365092113804,2.0
yacht,outer_3,streed,4,20,3,0.05,0.001,0.1,0.9810196958375624,4.390451511118248,0.0032846927642822,3.249671672465153,0.9856891057087074,3.059422625288003,0.9869905352394244,2.0
yacht,outer_3,streed,4,20,3,0.05,0.001,0.001,0.9814540379508512,4.2693473135937365,0.0032863616943359,3.137503264598998,0.986183072604316,3.164175909922069,0.9865450968898034,2.0
yacht,outer_3,streed,4,20,3,0.05,0.0001,0.1,0.9805875547319712,4.500707739646162,0.0033254623413085,3.206355611081324,0.9858798608489364,3.0834899947373824,0.9868881944931204,2.0
yacht,outer_3,streed,4,20,3,0.05,0.0001,0.001,0.9814496733295164,4.2561145480474405,0.0034174919128417,3.1272252173125987,0.9862283350378976,3.224025975048372,0.9862905987675948,2.0
yacht,outer_3,streed,4,20,3,0.05,1e-05,0.1,0.9806034166342956,4.495660385616859,0.0035443305969238,3.202824306168823,0.9858954119988392,3.086862315592253,0.9868738545032936,2.0
yacht,outer_3,streed,4,20,3,0.05,1e-05,0.001,0.981444085107149,4.255945624371639,0.0035152435302734,3.127081648077206,0.9862289672876626,3.2310685902226988,0.9862606517268768,2.0
yacht,outer_3,streed,4,20,3,0.03,0.1,0.1,0.8804353621995945,27.07888792255324,0.9927875995635986,11.719468943289462,0.9483898380816193,16.01858916838735,0.931884771467082,3.0
yacht,outer_3,streed,4,20,3,0.03,0.1,0.001,0.8814731359503506,26.80951985952376,0.2782564163208008,11.284517495860689,0.9503052759514627,15.693800964276544,0.933265855813228,3.0
yacht,outer_3,streed,4,20,3,0.03,0.01,0.1,0.9687747051708424,7.160710442578586,0.022613525390625,5.545139816997447,0.9755803300302982,4.832758876365718,0.9794498459353846,2.0
yacht,outer_3,streed,4,20,3,0.03,0.01,0.001,0.9714153182917968,6.547489135296143,0.0223743915557861,3.932054379449453,0.9826840308057248,3.4013644507070144,0.9855365092113804,2.0
yacht,outer_3,streed,4,20,3,0.03,0.001,0.1,0.9810196958375624,4.390451511118248,0.0237345695495605,3.249671672465153,0.9856891057087074,3.059422625288003,0.9869905352394244,2.0
yacht,outer_3,streed,4,20,3,0.03,0.001,0.001,0.9814540379508512,4.2693473135937365,0.0037446022033691,3.137503264598998,0.986183072604316,3.164175909922069,0.9865450968898034,2.0
yacht,outer_3,streed,4,20,3,0.03,0.0001,0.1,0.9805875547319712,4.500707739646162,0.0040884017944335,3.206355611081324,0.9858798608489364,3.0834899947373824,0.9868881944931204,2.0
yacht,outer_3,streed,4,20,3,0.03,0.0001,0.001,0.9814496733295164,4.2561145480474405,0.0034027099609375,3.1272252173125987,0.9862283350378976,3.224025975048372,0.9862905987675948,2.0
yacht,outer_3,streed,4,20,3,0.03,1e-05,0.1,0.9806034166342956,4.495660385616859,0.0040898323059082,3.202824306168823,0.9858954119988392,3.086862315592253,0.9868738545032936,2.0
yacht,outer_3,streed,4,20,3,0.03,1e-05,0.001,0.981444085107149,4.255945624371639,0.003464937210083,3.127081648077206,0.9862289672876626,3.2310685902226988,0.9862606517268768,2.0
yacht,outer_3,streed,4,20,3,0.01,0.1,0.1,0.8840937580335853,26.227770622151013,3.9743733406066895,11.719468943289462,0.9483898380816193,16.01858916838735,0.931884771467082,3.0
yacht,outer_3,streed,4,20,3,0.01,0.1,0.001,0.8834170515321814,26.281721222196207,3.8564743995666495,11.284517495860689,0.9503052759514627,15.693800964276544,0.933265855813228,3.0
yacht,outer_3,streed,4,20,3,0.01,0.01,0.1,0.9687747051708424,7.160710442578586,2.877941370010376,4.3355170216114,0.980907263241362,5.316377987815443,0.977393371051548,3.0
yacht,outer_3,streed,4,20,3,0.01,0.01,0.001,0.9755886391635492,5.734194656280444,0.9088716506958008,3.120333629074709,0.9862586841933544,4.147208908383082,0.9823649836075604,3.0
yacht,outer_3,streed,4,20,3,0.01,0.001,0.1,0.9810196958375624,4.390451511118248,0.950852394104004,3.249671672465153,0.9856891057087074,3.059422625288003,0.9869905352394244,2.0
yacht,outer_3,streed,4,20,3,0.01,0.001,0.001,0.9814540379508512,4.2693473135937365,0.0219554901123046,3.137503264598998,0.986183072604316,3.164175909922069,0.9865450968898034,2.0
yacht,outer_3,streed,4,20,3,0.01,0.0001,0.1,0.9805875547319712,4.500707739646162,0.2742528915405273,3.206355611081324,0.9858798608489364,3.0834899947373824,0.9868881944931204,2.0
yacht,outer_3,streed,4,20,3,0.01,0.0001,0.001,0.9814496733295164,4.2561145480474405,0.0215101242065429,3.1272252173125987,0.9862283350378976,3.224025975048372,0.9862905987675948,2.0
yacht,outer_3,streed,4,20,3,0.01,1e-05,0.1,0.9806034166342956,4.495660385616859,0.2612524032592773,3.202824306168823,0.9858954119988392,3.086862315592253,0.9868738545032936,2.0
yacht,outer_3,streed,4,20,3,0.01,1e-05,0.001,0.981444085107149,4.255945624371639,0.0216679573059082,3.127081648077206,0.9862289672876626,3.2310685902226988,0.9862606517268768,2.0
yacht,outer_3,streed,4,20,3,0.008,0.1,0.1,0.8872941967866274,25.54866164479941,3.976949691772461,11.719468943289462,0.9483898380816193,16.01858916838735,0.931884771467082,3.0
yacht,outer_3,streed,4,20,3,0.008,0.1,0.001,0.8888394067383527,25.1683136293756,3.958960056304932,11.284517495860689,0.9503052759514627,15.693800964276544,0.933265855813228,3.0
yacht,outer_3,streed,4,20,3,0.008,0.01,0.1,0.9792779591426414,4.867858654605499,2.7603302001953125,4.3355170216114,0.980907263241362,5.316377987815443,0.977393371051548,3.0
yacht,outer_3,streed,4,20,3,0.008,0.01,0.001,0.9829348609710464,4.035535996410371,3.225023031234741,3.120333629074709,0.9862586841933544,4.147208908383082,0.9823649836075604,3.0
yacht,outer_3,streed,4,20,3,0.008,0.001,0.1,0.9866783275560872,3.2419309415196467,1.0441269874572754,1.5473430140865383,0.9931858155103512,1.9533570673344904,0.9916938151263373,3.0
yacht,outer_3,streed,4,20,3,0.008,0.001,0.001,0.9876648725111208,3.0032468817334976,0.2791013717651367,1.2243853992202247,0.9946080552787812,1.647317909301528,0.9929951736274076,3.0
yacht,outer_3,streed,4,20,3,0.008,0.0001,0.1,0.9864300463843164,3.3118305199146896,1.0386722087860107,1.3923348562391826,0.9938684399674734,2.343670912761707,0.9900340986243804,3.0
yacht,outer_3,streed,4,20,3,0.008,0.0001,0.001,0.9877002235361008,2.97895391774494,0.0248379707336425,1.1778695016862608,0.9948129018477788,1.688933607679408,0.9928182127992244,3.0
yacht,outer_3,streed,4,20,3,0.008,1e-05,0.1,0.986456861941464,3.3042611405333098,1.027536153793335,1.384409883777135,0.993903339937254,2.3452578886806057,0.9900273503879248,3.0
yacht,outer_3,streed,4,20,3,0.008,1e-05,0.001,0.9876935116928356,2.9786881532463987,0.022963523864746,1.1771697746120673,0.9948159833037536,1.7006904655468118,0.9927682195662342,3.0
yacht,outer_3,streed,4,20,3,0.005,0.1,0.1,0.8872941967866274,25.54866164479941,4.280930757522583,11.719468943289462,0.9483898380816193,16.01858916838735,0.931884771467082,3.0
yacht,outer_3,streed,4,20,3,0.005,0.1,0.001,0.8888394067383527,25.1683136293756,4.220118045806885,11.284517495860689,0.9503052759514627,15.693800964276544,0.933265855813228,3.0
yacht,outer_3,streed,4,20,3,0.005,0.01,0.1,0.9792779591426414,4.867858654605499,1.8201494216918943,4.3355170216114,0.980907263241362,5.316377987815443,0.977393371051548,3.0
yacht,outer_3,streed,4,20,3,0.005,0.01,0.001,0.9829348609710464,4.035535996410371,2.2938790321350098,3.120333629074709,0.9862586841933544,4.147208908383082,0.9823649836075604,3.0
yacht,outer_3,streed,4,20,3,0.005,0.001,0.1,0.9903603460159216,2.242214521794776,2.6128008365631104,1.5473430140865383,0.9931858155103512,1.9533570673344904,0.9916938151263373,3.0
yacht,outer_3,streed,4,20,3,0.005,0.001,0.001,0.9913630397110196,1.9991458667718385,0.2773425579071045,1.2243853992202247,0.9946080552787812,1.647317909301528,0.9929951736274076,3.0
yacht,outer_3,streed,4,20,3,0.005,0.0001,0.1,0.9908657911496364,2.1074674989321283,3.041092157363892,1.3923348562391826,0.9938684399674734,2.343670912761707,0.9900340986243804,3.0
yacht,outer_3,streed,4,20,3,0.005,0.0001,0.001,0.9915164135781944,1.9428081494688352,0.279015302658081,1.1778695016862608,0.9948129018477788,1.688933607679408,0.9928182127992244,3.0
yacht,outer_3,streed,4,20,3,0.005,1e-05,0.1,0.9909070237895948,2.095983692024786,2.979574680328369,1.384409883777135,0.993903339937254,2.3452578886806057,0.9900273503879248,3.0
yacht,outer_3,streed,4,20,3,0.005,1e-05,0.001,0.991520690156354,1.9395588840875384,0.2729039192199707,1.1771697746120673,0.9948159833037536,1.7006904655468118,0.9927682195662342,3.0
yacht,outer_3,streed,4,20,3,0.003,0.1,0.1,0.8872941967866274,25.54866164479941,4.378876209259033,11.260162376361858,0.9504125309531152,15.432069385349989,0.934378806905578,4.0
yacht,outer_3,streed,4,20,3,0.003,0.1,0.001,0.8888394067383527,25.1683136293756,4.358749628067017,10.81084311492819,0.9523912417588568,15.19598691099567,0.9353826913004032,4.0
yacht,outer_3,streed,4,20,3,0.003,0.01,0.1,0.9792779591426414,4.867858654605499,1.6278598308563232,4.3355170216114,0.980907263241362,5.316377987815443,0.977393371051548,3.0
yacht,outer_3,streed,4,20,3,0.003,0.01,0.001,0.9829348609710464,4.035535996410371,1.7307779788970947,3.120333629074709,0.9862586841933544,4.147208908383082,0.9823649836075604,3.0
yacht,outer_3,streed,4,20,3,0.003,0.001,0.1,0.9903603460159216,2.242214521794776,2.027902841567993,1.5473430140865383,0.9931858155103512,1.9533570673344904,0.9916938151263373,3.0
yacht,outer_3,streed,4,20,3,0.003,0.001,0.001,0.9913630397110196,1.9991458667718385,1.042858600616455,1.2243853992202247,0.9946080552787812,1.647317909301528,0.9929951736274076,3.0
yacht,outer_3,streed,4,20,3,0.003,0.0001,0.1,0.9908657911496364,2.1074674989321283,2.2448017597198486,1.3923348562391826,0.9938684399674734,2.343670912761707,0.9900340986243804,3.0
yacht,outer_3,streed,4,20,3,0.003,0.0001,0.001,0.9915164135781944,1.9428081494688352,0.2964677810668945,1.1778695016862608,0.9948129018477788,1.688933607679408,0.9928182127992244,3.0
yacht,outer_3,streed,4,20,3,0.003,1e-05,0.1,0.9909070237895948,2.095983692024786,2.3076202869415283,1.384409883777135,0.993903339937254,2.3452578886806057,0.9900273503879248,3.0
yacht,outer_3,streed,4,20,3,0.003,1e-05,0.001,0.991520690156354,1.9395588840875384,0.2969386577606201,1.1771697746120673,0.9948159833037536,1.7006904655468118,0.9927682195662342,3.0
yacht,outer_3,streed,4,20,3,0.001,0.1,0.1,0.8873941309775387,25.52085546516679,4.80145263671875,11.18326322964116,0.9507511791830688,15.369647779440012,0.9346442398914204,5.0
yacht,outer_3,streed,4,20,3,0.001,0.1,0.001,0.8888394067383527,25.1683136293756,4.703636169433594,10.81084311492819,0.9523912417588568,15.19598691099567,0.9353826913004032,4.0
yacht,outer_3,streed,4,20,3,0.001,0.01,0.1,0.9792779591426414,4.867858654605499,1.8081185817718504,3.869514189222216,0.9829594451064626,4.806548259430493,0.9795613003302608,4.0
yacht,outer_3,streed,4,20,3,0.001,0.01,0.001,0.9829348609710464,4.035535996410371,1.796595573425293,2.8904223513508702,0.9872711667834452,3.731711510725502,0.984131787156785,4.0
yacht,outer_3,streed,4,20,3,0.001,0.001,0.1,0.9903603460159216,2.242214521794776,2.0261342525482178,1.2348381308306693,0.9945620235709014,1.426692643946282,0.9939333299289292,4.0
yacht,outer_3,streed,4,20,3,0.001,0.001,0.001,0.9913630397110196,1.9991458667718385,3.2340638637542725,0.7959119769988863,0.9964949652407916,1.2289237101228228,0.9947742951339476,4.0
yacht,outer_3,streed,4,20,3,0.001,0.0001,0.1,0.9908657911496364,2.1074674989321283,2.1358063220977783,1.0412272404786087,0.9954146466247772,1.2706900624058488,0.9945966936859774,4.0
yacht,outer_3,streed,4,20,3,0.001,0.0001,0.001,0.9915164135781944,1.9428081494688352,3.914940595626831,0.7415662239471634,0.996734292903858,1.289367253289106,0.9945172733879728,4.0
yacht,outer_3,streed,4,20,3,0.001,1e-05,0.1,0.9909070237895948,2.095983692024786,2.1617212295532227,1.0244908151204748,0.995488350444195,1.260409636445348,0.994640408744548,4.0
yacht,outer_3,streed,4,20,3,0.001,1e-05,0.001,0.991520690156354,1.9395588840875384,3.9701645374298096,0.7407343593272715,0.9967379562667574,1.3038479337633453,0.9944556977492292,4.0
yacht,outer_3,streed,4,20,3,0.0005,0.1,0.1,0.8873941309775387,25.52085546516679,4.755517959594727,11.18326322964116,0.9507511791830688,15.369647779440012,0.9346442398914204,5.0
yacht,outer_3,streed,4,20,3,0.0005,0.1,0.001,0.8889908596915634,25.129311976668124,4.684591770172119,10.739438761883845,0.9527056920330226,15.126796023651636,0.9356769090404484,5.0
yacht,outer_3,streed,4,20,3,0.0005,0.01,0.1,0.9792891114647336,4.860968184294543,1.8164281845092771,3.837641197294993,0.9830998072919974,4.7603745340664245,0.9797576430806944,5.0
yacht,outer_3,streed,4,20,3,0.0005,0.01,0.001,0.9829348609710464,4.035535996410371,1.7610986232757568,2.8904223513508702,0.9872711667834452,3.731711510725502,0.984131787156785,4.0
yacht,outer_3,streed,4,20,3,0.0005,0.001,0.1,0.9904179746241192,2.2252771518782057,2.027611494064331,1.2882282235727691,0.9943269044418188,1.4768659629317429,0.9937199798608912,5.0
yacht,outer_3,streed,4,20,3,0.0005,0.001,0.001,0.9913630397110196,1.9991458667718385,3.174929141998291,0.7959119769988863,0.9964949652407916,1.2289237101228228,0.9947742951339476,4.0
yacht,outer_3,streed,4,20,3,0.0005,0.0001,0.1,0.990928220081734,2.0894800642751488,2.1327967643737797,1.093238779738144,0.9951855983653556,1.3140616023363778,0.994412266560521,5.0
yacht,outer_3,streed,4,20,3,0.0005,0.0001,0.001,0.9915164135781944,1.9428081494688352,3.758284330368042,0.7415662239471634,0.996734292903858,1.289367253289106,0.9945172733879728,4.0
yacht,outer_3,streed,4,20,3,0.0005,1e-05,0.1,0.9909700713135028,2.0778617925964493,2.162151575088501,1.0763275330967164,0.9952600720622125,1.3030409200275854,0.9944591293825936,5.0
yacht,outer_3,streed,4,20,3,0.0005,1e-05,0.001,0.991520690156354,1.9395588840875384,3.8491098880767822,0.7407343593272715,0.9967379562667574,1.3038479337633453,0.9944556977492292,4.0
yacht,outer_3,streed,4,20,3,0.0001,0.1,0.1,0.8873941309775387,25.52085546516679,4.742058277130127,11.18326322964116,0.9507511791830688,15.369647779440012,0.9346442398914204,5.0
yacht,outer_3,streed,4,20,3,0.0001,0.1,0.001,0.8889908596915634,25.129311976668124,4.764354467391968,10.725932381024586,0.9527651713922368,15.135742963445232,0.9356388643136436,6.0
yacht,outer_3,streed,4,20,3,0.0001,0.01,0.1,0.9792891114647336,4.860968184294543,1.8348841667175293,3.837641197294993,0.9830998072919974,4.7603745340664245,0.9797576430806944,5.0
yacht,outer_3,streed,4,20,3,0.0001,0.01,0.001,0.9832976565283212,3.952745192162151,1.8331971168518064,2.875500671885649,0.9873368788303836,3.7240562270416193,0.984164339424162,5.0
yacht,outer_3,streed,4,20,3,0.0001,0.001,0.1,0.9904179746241192,2.2252771518782057,2.0825119018554688,1.2882282235727691,0.9943269044418188,1.4768659629317429,0.9937199798608912,5.0
yacht,outer_3,streed,4,20,3,0.0001,0.001,0.001,0.9917643509446492,1.908410983060036,3.19710111618042,0.754332522065381,0.9966780727187824,1.1615621767928763,0.9950607339825168,5.0
yacht,outer_3,streed,4,20,3,0.0001,0.0001,0.1,0.990928220081734,2.0894800642751488,2.2045528888702397,1.093238779738144,0.9951855983653556,1.3140616023363778,0.994412266560521,5.0
yacht,outer_3,streed,4,20,3,0.0001,0.0001,0.001,0.9919192334390264,1.851789287372896,3.8569819927215576,0.6991380548081083,0.9969211379469024,1.2219926743403795,0.9948037677099232,5.0
yacht,outer_3,streed,4,20,3,0.0001,1e-05,0.1,0.9909700713135028,2.0778617925964493,2.21575665473938,1.0763275330967164,0.9952600720622125,1.3030409200275854,0.9944591293825936,5.0
yacht,outer_3,streed,4,20,3,0.0001,1e-05,0.001,0.9919236210969768,1.8485202215490928,3.9197044372558594,0.6982889414252256,0.9969248772698522,1.2366568477137576,0.994741411811406,5.0
yacht,outer_4,streed,4,20,3,0.1,0.1,0.1,0.8756516316365847,29.09501394321207,0.0202448368072509,19.305118196365058,0.917852664839038,23.530486862630468,0.8851011073361191,2.0
yacht,outer_4,streed,4,20,3,0.1,0.1,0.001,0.8779557630344783,28.575878931368763,0.0034883022308349,18.881400175344265,0.9196556740686364,23.45783505488088,0.8854558646477374,2.0
yacht,outer_4,streed,4,20,3,0.1,0.01,0.1,0.9690673987259254,7.308840969598074,0.0034480094909667,4.433996377024443,0.981132413550594,5.067592661649841,0.9752550472629666,2.0
yacht,outer_4,streed,4,20,3,0.1,0.01,0.001,0.9778077702143751,5.239357657623368,0.0034623146057128,3.881938116386853,0.983481537472224,3.632440228296285,0.9822628676433462,2.0
yacht,outer_4,streed,4,20,3,0.1,0.001,0.1,0.9821123756951362,4.181434964190483,0.0035998821258544,3.375792472526597,0.9856352935603,4.439561205604576,0.9783217121934016,2.0
yacht,outer_4,streed,4,20,3,0.1,0.001,0.001,0.9824568132530396,4.0919072547967215,0.0035772323608398,3.08218031731452,0.9868846749873498,3.364567939722785,0.9835708826245966,2.0
yacht,outer_4,streed,4,20,3,0.1,0.0001,0.1,0.9823678380568992,4.11489870604041,0.0035030841827392,3.1517829240200173,0.9865885012678752,3.309018228696674,0.983842130742919,2.0
yacht,outer_4,streed,4,20,3,0.1,0.0001,0.001,0.9825743312105452,4.056987244042376,0.0036444664001464,3.07194963549676,0.9869282086886024,3.4137327859665088,0.9833308116722032,2.0
yacht,outer_4,streed,4,20,3,0.1,1e-05,0.1,0.9823922312069784,4.108540175764373,0.0035581588745117,3.1481343779315787,0.9866040265982736,3.311058091362856,0.9838321701346708,2.0
yacht,outer_4,streed,4,20,3,0.1,1e-05,0.001,0.9825815952962792,4.054528273227181,0.0035171508789062,3.071817061646944,0.9869287728181956,3.419611983173423,0.9833021036708444,2.0
yacht,outer_4,streed,4,20,3,0.08,0.1,0.1,0.8756516316365847,29.09501394321207,0.0214452743530273,19.305118196365058,0.917852664839038,23.530486862630468,0.8851011073361191,2.0
yacht,outer_4,streed,4,20,3,0.08,0.1,0.001,0.8779557630344783,28.575878931368763,0.0213396549224853,18.881400175344265,0.9196556740686364,23.45783505488088,0.8854558646477374,2.0
yacht,outer_4,streed,4,20,3,0.08,0.01,0.1,0.9690673987259254,7.308840969598074,0.0035681724548339,4.433996377024443,0.981132413550594,5.067592661649841,0.9752550472629666,2.0
yacht,outer_4,streed,4,20,3,0.08,0.01,0.001,0.9778077702143751,5.239357657623368,0.0035369396209716,3.881938116386853,0.983481537472224,3.632440228296285,0.9822628676433462,2.0
yacht,outer_4,streed,4,20,3,0.08,0.001,0.1,0.9821123756951362,4.181434964190483,0.0035226345062255,3.375792472526597,0.9856352935603,4.439561205604576,0.9783217121934016,2.0
yacht,outer_4,streed,4,20,3,0.08,0.001,0.001,0.9824568132530396,4.0919072547967215,0.0035369396209716,3.08218031731452,0.9868846749873498,3.364567939722785,0.9835708826245966,2.0
yacht,outer_4,streed,4,20,3,0.08,0.0001,0.1,0.9823678380568992,4.11489870604041,0.0035006999969482,3.1517829240200173,0.9865885012678752,3.309018228696674,0.983842130742919,2.0
yacht,outer_4,streed,4,20,3,0.08,0.0001,0.001,0.9825743312105452,4.056987244042376,0.0034921169281005,3.07194963549676,0.9869282086886024,3.4137327859665088,0.9833308116722032,2.0
yacht,outer_4,streed,4,20,3,0.08,1e-05,0.1,0.9823922312069784,4.108540175764373,0.0035078525543212,3.1481343779315787,0.9866040265982736,3.311058091362856,0.9838321701346708,2.0
yacht,outer_4,streed,4,20,3,0.08,1e-05,0.001,0.9825815952962792,4.054528273227181,0.0035097599029541,3.071817061646944,0.9869287728181956,3.419611983173423,0.9833021036708444,2.0
yacht,outer_4,streed,4,20,3,0.05,0.1,0.1,0.8756516316365847,29.09501394321207,0.2346107959747314,19.305118196365058,0.917852664839038,23.530486862630468,0.8851011073361191,2.0
yacht,outer_4,streed,4,20,3,0.05,0.1,0.001,0.8779557630344783,28.575878931368763,0.0215921401977539,18.881400175344265,0.9196556740686364,23.45783505488088,0.8854558646477374,2.0
yacht,outer_4,streed,4,20,3,0.05,0.01,0.1,0.9690673987259254,7.308840969598074,0.0203554630279541,4.433996377024443,0.981132413550594,5.067592661649841,0.9752550472629666,2.0
yacht,outer_4,streed,4,20,3,0.05,0.01,0.001,0.9778077702143751,5.239357657623368,0.0033736228942871,3.881938116386853,0.983481537472224,3.632440228296285,0.9822628676433462,2.0
yacht,outer_4,streed,4,20,3,0.05,0.001,0.1,0.9821123756951362,4.181434964190483,0.003314733505249,3.375792472526597,0.9856352935603,4.439561205604576,0.9783217121934016,2.0
yacht,outer_4,streed,4,20,3,0.05,0.001,0.001,0.9824568132530396,4.0919072547967215,0.0033636093139648,3.08218031731452,0.9868846749873498,3.364567939722785,0.9835708826245966,2.0
yacht,outer_4,streed,4,20,3,0.05,0.0001,0.1,0.9823678380568992,4.11489870604041,0.0034282207489013,3.1517829240200173,0.9865885012678752,3.309018228696674,0.983842130742919,2.0
yacht,outer_4,streed,4,20,3,0.05,0.0001,0.001,0.9825743312105452,4.056987244042376,0.0034360885620117,3.07194963549676,0.9869282086886024,3.4137327859665088,0.9833308116722032,2.0
yacht,outer_4,streed,4,20,3,0.05,1e-05,0.1,0.9823922312069784,4.108540175764373,0.0033626556396484,3.1481343779315787,0.9866040265982736,3.311058091362856,0.9838321701346708,2.0
yacht,outer_4,streed,4,20,3,0.05,1e-05,0.001,0.9825815952962792,4.054528273227181,0.0033736228942871,3.071817061646944,0.9869287728181956,3.419611983173423,0.9833021036708444,2.0
yacht,outer_4,streed,4,20,3,0.03,0.1,0.1,0.8756516316365847,29.09501394321207,0.8844184875488281,11.943797936249126,0.9491766296282712,15.371440310339102,0.9249415670564894,3.0
yacht,outer_4,streed,4,20,3,0.03,0.1,0.001,0.8779557630344783,28.575878931368763,0.2445452213287353,11.48993054299099,0.9511079307730436,15.04698322714005,0.9265258844483972,3.0
yacht,outer_4,streed,4,20,3,0.03,0.01,0.1,0.9690673987259254,7.308840969598074,0.0213856697082519,4.433996377024443,0.981132413550594,5.067592661649841,0.9752550472629666,2.0
yacht,outer_4,streed,4,20,3,0.03,0.01,0.001,0.9778077702143751,5.239357657623368,0.0212726593017578,3.881938116386853,0.983481537472224,3.632440228296285,0.9822628676433462,2.0
yacht,outer_4,streed,4,20,3,0.03,0.001,0.1,0.9821123756951362,4.181434964190483,0.0208942890167236,3.375792472526597,0.9856352935603,4.439561205604576,0.9783217121934016,2.0
yacht,outer_4,streed,4,20,3,0.03,0.001,0.001,0.9824568132530396,4.0919072547967215,0.0041096210479736,3.08218031731452,0.9868846749873498,3.364567939722785,0.9835708826245966,2.0
yacht,outer_4,streed,4,20,3,0.03,0.0001,0.1,0.9823678380568992,4.11489870604041,0.0040791034698486,3.1517829240200173,0.9865885012678752,3.309018228696674,0.983842130742919,2.0
yacht,outer_4,streed,4,20,3,0.03,0.0001,0.001,0.9825743312105452,4.056987244042376,0.0039763450622558,3.07194963549676,0.9869282086886024,3.4137327859665088,0.9833308116722032,2.0
yacht,outer_4,streed,4,20,3,0.03,1e-05,0.1,0.9823922312069784,4.108540175764373,0.0039691925048828,3.1481343779315787,0.9866040265982736,3.311058091362856,0.9838321701346708,2.0
yacht,outer_4,streed,4,20,3,0.03,1e-05,0.001,0.9825815952962792,4.054528273227181,0.0039987564086914,3.071817061646944,0.9869287728181956,3.419611983173423,0.9833021036708444,2.0
yacht,outer_4,streed,4,20,3,0.01,0.1,0.1,0.8790461522555622,28.243510362055048,3.55165958404541,11.943797936249126,0.9491766296282712,15.371440310339102,0.9249415670564894,3.0
yacht,outer_4,streed,4,20,3,0.01,0.1,0.001,0.8799426119475976,28.036458930995988,3.515464782714844,11.48993054299099,0.9511079307730436,15.04698322714005,0.9265258844483972,3.0
yacht,outer_4,streed,4,20,3,0.01,0.01,0.1,0.9714414069646028,6.664309059528455,2.683998107910156,4.474354573214563,0.9809606809439764,5.662157143058556,0.9723518008945444,3.0
yacht,outer_4,streed,4,20,3,0.01,0.01,0.001,0.9777997006807232,5.2415484975090045,0.8619298934936523,3.189027200858324,0.9864300190425324,4.101735405595354,0.9799713087598028,3.0
yacht,outer_4,streed,4,20,3,0.01,0.001,0.1,0.9821123756951362,4.181434964190483,0.8839921951293945,3.375792472526597,0.9856352935603,4.439561205604576,0.9783217121934016,2.0
yacht,outer_4,streed,4,20,3,0.01,0.001,0.001,0.9824568132530396,4.0919072547967215,0.0225551128387451,3.08218031731452,0.9868846749873498,3.364567939722785,0.9835708826245966,2.0
yacht,outer_4,streed,4,20,3,0.01,0.0001,0.1,0.9823678380568992,4.11489870604041,0.2467117309570312,3.1517829240200173,0.9865885012678752,3.309018228696674,0.983842130742919,2.0
yacht,outer_4,streed,4,20,3,0.01,0.0001,0.001,0.9825743312105452,4.056987244042376,0.0221865177154541,3.07194963549676,0.9869282086886024,3.4137327859665088,0.9833308116722032,2.0
yacht,outer_4,streed,4,20,3,0.01,1e-05,0.1,0.9823922312069784,4.108540175764373,0.2442467212677002,3.1481343779315787,0.9866040265982736,3.311058091362856,0.9838321701346708,2.0
yacht,outer_4,streed,4,20,3,0.01,1e-05,0.001,0.9825815952962792,4.054528273227181,0.0219321250915527,3.071817061646944,0.9869287728181956,3.419611983173423,0.9833021036708444,2.0
yacht,outer_4,streed,4,20,3,0.008,0.1,0.1,0.8814992529141655,27.703909521177824,3.606874704360962,11.943797936249126,0.9491766296282712,15.371440310339102,0.9249415670564894,3.0
yacht,outer_4,streed,4,20,3,0.008,0.1,0.001,0.8814141329424335,27.72897323816629,3.5233049392700195,11.48993054299099,0.9511079307730436,15.04698322714005,0.9265258844483972,3.0
yacht,outer_4,streed,4,20,3,0.008,0.01,0.1,0.9762897612700306,5.607083661342117,2.423929452896118,4.474354573214563,0.9809606809439764,5.662157143058556,0.9723518008945444,3.0
yacht,outer_4,streed,4,20,3,0.008,0.01,0.001,0.9777997006807232,5.2415484975090045,2.7537355422973637,3.189027200858324,0.9864300190425324,4.101735405595354,0.9799713087598028,3.0
yacht,outer_4,streed,4,20,3,0.008,0.001,0.1,0.9837294728647296,3.742400798046772,0.9179112911224364,1.606356812159437,0.9931646141663404,2.055172562310945,0.9899646338377412,3.0
yacht,outer_4,streed,4,20,3,0.008,0.001,0.001,0.9824568132530396,4.0919072547967215,0.2384788990020752,3.08218031731452,0.9868846749873498,3.364567939722785,0.9835708826245966,2.0
yacht,outer_4,streed,4,20,3,0.008,0.0001,0.1,0.9841429569263732,3.6329624023231424,0.921916961669922,1.4405984800742468,0.9938699507057503,1.8228163585617725,0.991099224493269,3.0
yacht,outer_4,streed,4,20,3,0.008,0.0001,0.001,0.9825743312105452,4.056987244042376,0.0232675075531005,3.07194963549676,0.9869282086886024,3.4137327859665088,0.9833308116722032,2.0
yacht,outer_4,streed,4,20,3,0.008,1e-05,0.1,0.9841826608087536,3.622447081277063,0.918004274368286,1.426511670321364,0.9939298930417853,1.802935474042748,0.9911963024513134,3.0
yacht,outer_4,streed,4,20,3,0.008,1e-05,0.001,0.9825815952962792,4.054528273227181,0.0231480598449707,3.071817061646944,0.9869287728181956,3.419611983173423,0.9833021036708444,2.0
yacht,outer_4,streed,4,20,3,0.005,0.1,0.1,0.8814992529141655,27.703909521177824,3.764033079147339,11.943797936249126,0.9491766296282712,15.371440310339102,0.9249415670564894,3.0
yacht,outer_4,streed,4,20,3,0.005,0.1,0.001,0.8840535206058261,27.14839543041406,3.731221437454224,11.48993054299099,0.9511079307730436,15.04698322714005,0.9265258844483972,3.0
yacht,outer_4,streed,4,20,3,0.005,0.01,0.1,0.9762897612700306,5.607083661342117,1.62437105178833,4.474354573214563,0.9809606809439764,5.662157143058556,0.9723518008945444,3.0
yacht,outer_4,streed,4,20,3,0.005,0.01,0.001,0.9795112981810338,4.880384238265024,2.010700464248657,3.189027200858324,0.9864300190425324,4.101735405595354,0.9799713087598028,3.0
yacht,outer_4,streed,4,20,3,0.005,0.001,0.1,0.9884361810757576,2.7275601359134414,2.2711939811706543,1.606356812159437,0.9931646141663404,2.055172562310945,0.9899646338377412,3.0
yacht,outer_4,streed,4,20,3,0.005,0.001,0.001,0.9895324131858916,2.4726583970140403,0.2455737590789795,1.2792901532611969,0.9945563515374978,1.489975607872304,0.9927244791644068,3.0
yacht,outer_4,streed,4,20,3,0.005,0.0001,0.1,0.9891983254298434,2.5420311231066672,2.567673444747925,1.4405984800742468,0.9938699507057503,1.8228163585617725,0.991099224493269,3.0
yacht,outer_4,streed,4,20,3,0.005,0.0001,0.001,0.9899060027355434,2.373340053074846,0.2468733787536621,1.232614334182814,0.99475496695724,1.420233718862951,0.993065027401519,3.0
yacht,outer_4,streed,4,20,3,0.005,1e-05,0.1,0.9892631964188487,2.5259888100655785,2.6092748641967773,1.426511670321364,0.9939298930417853,1.802935474042748,0.9911963024513134,3.0
yacht,outer_4,streed,4,20,3,0.005,1e-05,0.001,0.9899330972710692,2.3657240962143224,0.2460355758666992,1.2319010006140323,0.994758002341492,1.4186036944262033,0.9930729867779609,3.0
yacht,outer_4,streed,4,20,3,0.003,0.1,0.1,0.8814992529141655,27.703909521177824,3.8663625717163086,11.490092552848354,0.951107241387052,14.941595181033335,0.9270404921515172,4.0
yacht,outer_4,streed,4,20,3,0.003,0.1,0.001,0.8840535206058261,27.14839543041406,3.818069458007813,11.025773281267872,0.9530830174706916,14.580924851989709,0.9288016380923452,4.0
yacht,outer_4,streed,4,20,3,0.003,0.01,0.1,0.9762897612700306,5.607083661342117,1.527788162231445,4.474354573214563,0.9809606809439764,5.662157143058556,0.9723518008945444,3.0
yacht,outer_4,streed,4,20,3,0.003,0.01,0.001,0.9795112981810338,4.880384238265024,1.4750118255615234,3.189027200858324,0.9864300190425324,4.101735405595354,0.9799713087598028,3.0
yacht,outer_4,streed,4,20,3,0.003,0.001,0.1,0.9884361810757576,2.7275601359134414,1.7170324325561523,1.606356812159437,0.9931646141663404,2.055172562310945,0.9899646338377412,3.0
yacht,outer_4,streed,4,20,3,0.003,0.001,0.001,0.9895324131858916,2.4726583970140403,0.9443309307098388,1.2792901532611969,0.9945563515374978,1.489975607872304,0.9927244791644068,3.0
yacht,outer_4,streed,4,20,3,0.003,0.0001,0.1,0.9891983254298434,2.5420311231066672,1.838270902633667,1.4405984800742468,0.9938699507057503,1.8228163585617725,0.991099224493269,3.0
yacht,outer_4,streed,4,20,3,0.003,0.0001,0.001,0.9899060027355434,2.373340053074846,0.2570033073425293,1.232614334182814,0.99475496695724,1.420233718862951,0.993065027401519,3.0
yacht,outer_4,streed,4,20,3,0.003,1e-05,0.1,0.9892631964188487,2.5259888100655785,1.8536043167114256,1.426511670321364,0.9939298930417853,1.802935474042748,0.9911963024513134,3.0
yacht,outer_4,streed,4,20,3,0.003,1e-05,0.001,0.9899330972710692,2.3657240962143224,0.2539374828338623,1.2319010006140323,0.994758002341492,1.4186036944262033,0.9930729867779609,3.0
yacht,outer_4,streed,4,20,3,0.001,0.1,0.1,0.8814691041264825,27.711713878088364,4.115905523300171,11.405392031496325,0.9514676599063814,14.924030297368828,0.9271262611241102,5.0
yacht,outer_4,streed,4,20,3,0.001,0.1,0.001,0.8840535206058261,27.14839543041406,4.029051065444946,11.025773281267872,0.9530830174706916,14.580924851989709,0.9288016380923452,4.0
yacht,outer_4,streed,4,20,3,0.001,0.01,0.1,0.9762897612700306,5.607083661342117,1.6282854080200195,4.025027789751115,0.9828726608398012,5.22384047721653,0.9744920923315804,4.0
yacht,outer_4,streed,4,20,3,0.001,0.01,0.001,0.9795112981810338,4.880384238265024,1.637298583984375,3.032269250350773,0.987097057066776,3.717855441807436,0.9818457868788736,4.0
yacht,outer_4,streed,4,20,3,0.001,0.001,0.1,0.9884361810757576,2.7275601359134414,1.7327282428741455,1.4854136999906815,0.9936792525264728,1.714823050109489,0.9916265536398656,4.0
yacht,outer_4,streed,4,20,3,0.001,0.001,0.001,0.9895324131858916,2.4726583970140403,2.357186317443848,0.9526068226800484,0.995946457766104,0.7012587740070766,0.9965757675531906,4.0
yacht,outer_4,streed,4,20,3,0.001,0.0001,0.1,0.9891983254298434,2.5420311231066672,1.829019784927368,1.200775705228039,0.9948904470147673,1.2315831035966964,0.9939862045501684,4.0
yacht,outer_4,streed,4,20,3,0.001,0.0001,0.001,0.9899060027355434,2.373340053074846,2.968733310699463,0.8989128312819961,0.9961749369840318,0.5986427867067151,0.9970768393490804,4.0
yacht,outer_4,streed,4,20,3,0.001,1e-05,0.1,0.9892631964188487,2.5259888100655785,1.8361568450927732,1.183718196821942,0.9949630302979046,1.2052638462325478,0.9941147209529329,4.0
yacht,outer_4,streed,4,20,3,0.001,1e-05,0.001,0.9899330972710692,2.3657240962143224,3.042043447494507,0.8980684516529606,0.9961785299968112,0.5944176606183355,0.9970974705545356,4.0
yacht,outer_4,streed,4,20,3,0.0005,0.1,0.1,0.8815830761475795,27.68664381086354,4.143420696258545,11.405392031496325,0.9514676599063814,14.924030297368828,0.9271262611241102,5.0
yacht,outer_4,streed,4,20,3,0.0005,0.1,0.001,0.8842064031636884,27.116365503281298,4.111588954925537,10.951076987189564,0.9534008659004456,14.557318945041562,0.9289169052597652,5.0
yacht,outer_4,streed,4,20,3,0.0005,0.01,0.1,0.9762449698541744,5.620436404806728,1.682446002960205,3.9891320587359465,0.9830254047192508,5.222860449781981,0.974496877785773,5.0
yacht,outer_4,streed,4,20,3,0.0005,0.01,0.001,0.9795112981810338,4.880384238265024,1.625373125076294,3.032269250350773,0.987097057066776,3.717855441807436,0.9818457868788736,4.0
yacht,outer_4,streed,4,20,3,0.0005,0.001,0.1,0.9884245594693492,2.733177941080695,1.7701876163482666,1.452410458852927,0.9938196882535978,1.7128176533328383,0.9916363459518708,5.0
yacht,outer_4,streed,4,20,3,0.0005,0.001,0.001,0.9895324131858916,2.4726583970140403,2.3896985054016118,0.9526068226800484,0.995946457766104,0.7012587740070766,0.9965757675531906,4.0
yacht,outer_4,streed,4,20,3,0.0005,0.0001,0.1,0.9891913889584428,2.546550941421076,1.8572566509246824,1.255737783232313,0.9946565718218244,1.4089770793040048,0.9931199933454024,5.0
yacht,outer_4,streed,4,20,3,0.0005,0.0001,0.001,0.9899060027355434,2.373340053074846,2.9609334468841557,0.8989128312819961,0.9961749369840318,0.5986427867067151,0.9970768393490804,4.0
yacht,outer_4,streed,4,20,3,0.0005,1e-05,0.1,0.9892567445968322,2.5303949864065154,1.871854782104492,1.2385735030126526,0.994729609441468,1.3817999812056996,0.993252698567166,5.0
yacht,outer_4,streed,4,20,3,0.0005,1e-05,0.001,0.9899330972710692,2.3657240962143224,3.060619592666626,0.8980684516529606,0.9961785299968112,0.5944176606183355,0.9970974705545356,4.0
yacht,outer_4,streed,4,20,3,0.0001,0.1,0.1,0.8815830761475795,27.68664381086354,4.129297971725464,11.405392031496325,0.9514676599063814,14.924030297368828,0.9271262611241102,5.0
yacht,outer_4,streed,4,20,3,0.0001,0.1,0.001,0.8842064031636884,27.116365503281298,4.181896924972534,10.94115514736103,0.9534430854141268,14.536303897483132,0.9290195213130512,6.0
yacht,outer_4,streed,4,20,3,0.0001,0.01,0.1,0.9762449698541744,5.620436404806728,1.6810963153839111,3.9891320587359465,0.9830254047192508,5.222860449781981,0.974496877785773,5.0
yacht,outer_4,streed,4,20,3,0.0001,0.01,0.001,0.9798970557067758,4.792461326271083,1.6891026496887207,3.0133637850551467,0.9871775037948516,3.765414690570207,0.9816135560265896,5.0
yacht,outer_4,streed,4,20,3,0.0001,0.001,0.1,0.9884245594693492,2.733177941080695,1.8111398220062256,1.452410458852927,0.9938196882535978,1.7128176533328383,0.9916363459518708,5.0
yacht,outer_4,streed,4,20,3,0.0001,0.001,0.001,0.989966591279836,2.3726812839933102,2.541948080062866,0.9071582185272316,0.996139851128422,0.678189586247755,0.9966884139316388,5.0
yacht,outer_4,streed,4,20,3,0.0001,0.0001,0.1,0.9891913889584428,2.546550941421076,1.894219160079956,1.255737783232313,0.9946565718218244,1.4089770793040048,0.9931199933454024,5.0
yacht,outer_4,streed,4,20,3,0.0001,0.0001,0.001,0.9903424284055748,2.2727761979387773,3.104287624359131,0.8526441173270846,0.9963718200859148,0.5689774204537157,0.997221694734047,5.0
yacht,outer_4,streed,4,20,3,0.0001,1e-05,0.1,0.9892567445968322,2.5303949864065154,1.9113519191741943,1.2385735030126526,0.994729609441468,1.3817999812056996,0.993252698567166,5.0
yacht,outer_4,streed,4,20,3,0.0001,1e-05,0.001,0.9903696773280456,2.265117447153357,3.1668949127197266,0.8517745210486006,0.9963755204008374,0.5641823608838703,0.9972451089131946,5.0
yacht,mean,streed,4,20,3,0.0001,1e-05,0.001,0.991376177717488,1.9917490335519155,3.6118902206420898,0.7536999014772838,0.9967307000411146,1.0408713013819484,0.995783471081811,5.0
yacht,mean,streed,4,20,3,0.0001,1e-05,0.1,0.9903091596206061,2.235343354375166,2.074470853805542,1.1407514536338632,0.9950378175499157,1.525408502077998,0.9936208999414688,5.0
yacht,mean,streed,4,20,3,0.0001,0.0001,0.001,0.9913636754285091,1.9959856562898104,3.5303139209747316,0.7544825097125911,0.9967272763014237,1.0418977803012175,0.9957807967706082,5.0
yacht,mean,streed,4,20,3,0.0001,0.0001,0.1,0.9902564894843942,2.248524061937514,2.0591614723205565,1.1575034674200135,0.9949645513967542,1.5471578213704515,0.9935263905919307,5.0
yacht,mean,streed,4,20,3,0.0001,0.001,0.001,0.991129068206335,2.0623998383603963,2.9067562103271483,0.8076517751187341,0.996494789983811,1.1114662868064547,0.9954891969718321,5.0
yacht,mean,streed,4,20,3,0.0001,0.001,0.1,0.9897415228603517,2.377188562619777,1.9480725288391114,1.3500360909985687,0.994122581169982,1.797047461071034,0.9924357100248574,5.0
yacht,mean,streed,4,20,3,0.0001,0.01,0.001,0.9820067778912343,4.21251259655733,1.7877123832702637,2.895912276867929,0.9873664822093019,3.835424429628753,0.9834715765325498,5.0
yacht,mean,streed,4,20,3,0.0001,0.01,0.1,0.9784302278788026,5.010600446318026,1.7775022029876708,3.8667196102445773,0.9831202199090769,5.009603976474948,0.9782944784550743,5.0
yacht,mean,streed,4,20,3,0.0001,0.1,0.001,0.8891897477777277,25.26267717376361,4.529572486877441,10.842974209658383,0.9526432565589953,13.970589388722317,0.9385302331479013,6.0
yacht,mean,streed,4,20,3,0.0001,0.1,0.1,0.8869397382312227,25.76533266550024,4.493992328643799,11.308251222317727,0.9506084974208312,14.361114441745224,0.9368681970334629,5.0
yacht,mean,streed,4,20,3,0.0005,1e-05,0.001,0.991053374936927,2.0648995475623795,3.5561365127563476,0.7998987729858138,0.9965280637487481,1.0805760758282017,0.9955979458535161,4.0
yacht,mean,streed,4,20,3,0.0005,1e-05,0.1,0.9903056204505548,2.236077522369926,2.0363821029663085,1.1407514536338632,0.9950378175499157,1.525408502077998,0.9936208999414688,5.0
yacht,mean,streed,4,20,3,0.0005,0.0001,0.001,0.9910409434971885,2.0691165415924413,3.4534654140472414,0.8006601270589624,0.9965247328041886,1.0815188179444017,0.9955959277950797,4.0
yacht,mean,streed,4,20,3,0.0005,0.0001,0.1,0.9902530294765178,2.249242873577664,2.0183449745178224,1.1575034674200135,0.9949645513967542,1.5471578213704515,0.9935263905919307,5.0
yacht,mean,streed,4,20,3,0.0005,0.001,0.001,0.990783852765085,2.1412611074993917,2.8401803970336914,0.8529440688283003,0.9962961236110335,1.1493063915981376,0.9953148653060019,4.0
yacht,mean,streed,4,20,3,0.0005,0.001,0.1,0.989738833732547,2.377757973377514,1.9134309768676758,1.3500360909985687,0.994122581169982,1.797047461071034,0.9924357100248574,5.0
yacht,mean,streed,4,20,3,0.0005,0.01,0.001,0.9816929826438395,4.2841884026398,1.715893316268921,2.913891845469296,0.9872877122320297,3.8333935650370905,0.9834899575784579,4.0
yacht,mean,streed,4,20,3,0.0005,0.01,0.1,0.9784334166523649,5.010040676032977,1.7669102191925048,3.8667196102445773,0.9831202199090769,5.009603976474948,0.9782944784550743,5.0
yacht,mean,streed,4,20,3,0.0005,0.1,0.001,0.8891799686887959,25.264388264475972,4.4673192501068115,10.854479745923715,0.9525927823641442,13.980061676862945,0.9384830253597516,5.0
yacht,mean,streed,4,20,3,0.0005,0.1,0.1,0.8869397382312227,25.76533266550024,4.513154220581055,11.308251222317727,0.9506084974208312,14.361114441745224,0.9368681970334629,5.0
yacht,mean,streed,4,20,3,0.001,1e-05,0.001,0.9909848634412091,2.0783491649167134,3.56441650390625,0.7998987729858138,0.9965280637487481,1.0805760758282017,0.9955979458535161,4.0
yacht,mean,streed,4,20,3,0.001,1e-05,0.1,0.990237795733405,2.2513374780428874,2.0238035202026365,1.0918870787235382,0.9952514102197931,1.442732218214649,0.9940265813162394,4.0
yacht,mean,streed,4,20,3,0.001,0.0001,0.001,0.9909717087386151,2.0826880904712795,3.552587127685547,0.8006601270589624,0.9965247328041886,1.0815188179444017,0.9955959277950797,4.0
yacht,mean,streed,4,20,3,0.001,0.0001,0.1,0.9901856816671135,2.2644004108819695,2.0304376125335692,1.1084658033810375,0.9951789064367486,1.4641972742683809,0.9939334396157331,4.0
yacht,mean,streed,4,20,3,0.001,0.001,0.001,0.9907324156348866,2.1497992968796527,2.869063377380371,0.8529440688283003,0.9962961236110335,1.1493063915981376,0.9953148653060019,4.0
yacht,mean,streed,4,20,3,0.001,0.001,0.1,0.9896555783694726,2.3953415198037193,1.898676586151123,1.333010543622843,0.9942014930765458,1.7712826460777655,0.992556110283323,4.0
yacht,mean,streed,4,20,3,0.001,0.01,0.001,0.9816092489132183,4.298087592715214,1.751777458190918,2.913891845469296,0.9872877122320297,3.8333935650370905,0.9834899575784579,4.0
yacht,mean,streed,4,20,3,0.001,0.01,0.1,0.9783878436467912,5.019710164298997,1.731168556213379,3.886618931444591,0.9830388825161436,5.043913921218363,0.9781469756624898,4.0
yacht,mean,streed,4,20,3,0.001,0.1,0.001,0.8890570684043706,25.294743318319416,4.387161636352539,10.927322332746025,0.9522741018301323,14.053027003146918,0.9381601250011338,4.0
yacht,mean,streed,4,20,3,0.001,0.1,0.1,0.8869118899438717,25.771632066675682,4.480489444732666,11.308251222317727,0.9506084974208312,14.361114441745224,0.9368681970334629,5.0
yacht,mean,streed,4,20,3,0.003,1e-05,0.001,0.9909848634412091,2.0783491649167134,0.42701897621154783,1.1989743364246412,0.9947894054786136,1.6862694755508882,0.9930213328131148,3.0
yacht,mean,streed,4,20,3,0.003,1e-05,0.1,0.990237795733405,2.2513374780428874,2.1161977291107177,1.4225264704898306,0.9938034303381411,1.9033263607838329,0.9919879833635201,3.0
yacht,mean,streed,4,20,3,0.003,0.0001,0.001,0.9909717087386151,2.0826880904712795,0.577431058883667,1.1995485043230223,0.9947869167180567,1.6879248603460628,0.9930174514196877,3.0
yacht,mean,streed,4,20,3,0.003,0.0001,0.1,0.9901856816671135,2.2644004108819695,2.0859936714172362,1.4349132794112864,0.9937493115073794,1.9189940109604713,0.9919208918738642,3.0
yacht,mean,streed,4,20,3,0.003,0.001,0.001,0.9907324156348866,2.1497992968796527,1.777360439300537,1.2402150558240133,0.9946107553758321,1.7509201024736245,0.9927657957269137,3.0
yacht,mean,streed,4,20,3,0.003,0.001,0.1,0.9896555783694726,2.3953415198037193,1.9021515846252441,1.5934629697169862,0.9930562317940319,2.021905253578803,0.9914699884597011,3.0
yacht,mean,streed,4,20,3,0.003,0.01,0.001,0.9816092489132183,4.298087592715214,1.630234432220459,3.296927292195072,0.9856320971957535,4.270811706369528,0.9814189261487659,3.0
yacht,mean,streed,4,20,3,0.003,0.01,0.1,0.9783878436467912,5.019710164298997,1.6219971179962158,4.369864848751654,0.9809195196894418,5.468110409314851,0.9762964504757777,3.0
yacht,mean,streed,4,20,3,0.003,0.1,0.001,0.889020842150509,25.300756612895036,4.195459175109863,10.927322332746025,0.9522741018301323,14.053027003146918,0.9381601250011338,4.0
yacht,mean,streed,4,20,3,0.003,0.1,0.1,0.8868503456648373,25.788094404403722,4.260537338256836,11.38720952418656,0.9502631304631312,14.440656338306207,0.9365150516814855,4.0
yacht,mean,streed,4,20,3,0.005,1e-05,0.001,0.9909848634412091,2.0783491649167134,0.21522560119628903,1.1989743364246412,0.9947894054786136,1.6862694755508882,0.9930213328131148,3.0
yacht,mean,streed,4,20,3,0.005,1e-05,0.1,0.990237795733405,2.2513374780428874,2.830578899383545,1.4225264704898306,0.9938034303381411,1.9033263607838329,0.9919879833635201,3.0
yacht,mean,streed,4,20,3,0.005,0.0001,0.001,0.9909717087386151,2.0826880904712795,0.21684045791625978,1.1995485043230223,0.9947869167180567,1.6879248603460628,0.9930174514196877,3.0
yacht,mean,streed,4,20,3,0.005,0.0001,0.1,0.9901856816671135,2.2644004108819695,2.8155609130859376,1.4349132794112864,0.9937493115073794,1.9189940109604713,0.9919208918738642,3.0
yacht,mean,streed,4,20,3,0.005,0.001,0.001,0.9907324156348866,2.1497992968796527,0.26465778350830077,1.2402150558240133,0.9946107553758321,1.7509201024736245,0.9927657957269137,3.0
yacht,mean,streed,4,20,3,0.005,0.001,0.1,0.9896555783694726,2.3953415198037193,2.4442357540130617,1.5934629697169862,0.9930562317940319,2.021905253578803,0.9914699884597011,3.0
yacht,mean,streed,4,20,3,0.005,0.01,0.001,0.9816092489132183,4.298087592715214,2.1753828525543213,3.296927292195072,0.9856320971957535,4.270811706369528,0.9814189261487659,3.0
yacht,mean,streed,4,20,3,0.005,0.01,0.1,0.9783878436467912,5.019710164298997,1.7273924350738525,4.369864848751654,0.9809195196894418,5.468110409314851,0.9762964504757777,3.0
yacht,mean,streed,4,20,3,0.005,0.1,0.001,0.889020842150509,25.300756612895036,4.099836587905884,11.398730225960426,0.9502131293139735,14.48993299907976,0.9362642247658505,3.0
yacht,mean,streed,4,20,3,0.005,0.1,0.1,0.8868503456648373,25.788094404403722,4.138783502578735,11.84509455640586,0.9482616688166681,14.841264803531246,0.934818761538326,3.0
yacht,mean,streed,4,20,3,0.008,1e-05,0.001,0.9839661162246592,3.627462547207911,0.0233617782592773,2.2415642971384067,0.9902215129916501,3.0749875777875237,0.987118944588936,2.4
yacht,mean,streed,4,20,3,0.008,1e-05,0.1,0.9846359180452676,3.412515359038738,1.0083409786224364,2.0428941145578627,0.991040120188789,2.992313444291047,0.9878472942646942,2.6
yacht,mean,streed,4,20,3,0.008,0.0001,0.001,0.983967299282526,3.628274814497452,0.02359166145324702,2.2419117182722887,0.9902200002688455,3.07105749538357,0.9871382061604409,2.4
yacht,mean,streed,4,20,3,0.008,0.0001,0.1,0.9846078133051982,3.4205130510430712,1.0107341766357423,2.051465974323533,0.9910031246983342,3.0038775230057535,0.9877933596489662,2.6
yacht,mean,streed,4,20,3,0.008,0.001,0.001,0.9839090009448181,3.6523650268469856,0.21159896850585938,2.2667318446489007,0.9901120110242809,3.0635330111395125,0.9871904488668344,2.4
yacht,mean,streed,4,20,3,0.008,0.001,0.1,0.9844222141240483,3.472687962445974,1.517077350616455,1.8219518480015626,0.9919718296314837,2.7409704142950417,0.9890538344713345,2.8
yacht,mean,streed,4,20,3,0.008,0.01,0.001,0.9793165908898294,4.763810881666101,3.015179681777954,3.296927292195072,0.9856320971957535,4.270811706369528,0.9814189261487659,3.0
yacht,mean,streed,4,20,3,0.008,0.01,0.1,0.976040125387781,5.503188244652824,2.6099485397338866,4.369864848751654,0.9809195196894418,5.468110409314851,0.9762964504757777,3.0
yacht,mean,streed,4,20,3,0.008,0.1,0.001,0.8851157866525503,26.077303336667104,3.934582805633545,11.398730225960426,0.9502131293139735,14.48993299907976,0.9362642247658505,3.0
yacht,mean,streed,4,20,3,0.008,0.1,0.1,0.8857593946481288,25.993343915109627,3.9795319557189943,11.84509455640586,0.9482616688166681,14.841264803531246,0.934818761538326,3.0
yacht,mean,streed,4,20,3,0.01,1e-05,0.001,0.9823918998035612,3.965605342477302,0.02190141677856442,3.0247543987753387,0.9868307329084935,3.646613459689759,0.9845249350363954,2.0
yacht,mean,streed,4,20,3,0.01,1e-05,0.1,0.9825428390256834,3.933190523217925,0.2589917659759521,3.101188754525648,0.9864955736530756,3.7015611055435125,0.9843919383419133,2.0
yacht,mean,streed,4,20,3,0.01,0.0001,0.001,0.9823927214479775,3.9664330918325446,0.02192664146423336,3.0248870388071154,0.9868301507034101,3.6460822795410257,0.9845282331743977,2.0
yacht,mean,streed,4,20,3,0.01,0.0001,0.1,0.9825224324008583,3.9390500457935422,0.26685981750488275,3.1047819408046187,0.9864798207419456,3.704908199364904,0.9843790501354844,2.0
yacht,mean,streed,4,20,3,0.01,0.001,0.001,0.9823432640106381,3.9880823692077785,0.0225037574768066,3.0350858920790023,0.9867854586057103,3.6510360455958564,0.9845174985442657,2.0
yacht,mean,streed,4,20,3,0.01,0.001,0.1,0.9821359488242403,4.041355383294731,0.9455955028533936,3.184611352987371,0.9861345056415086,3.976067829548339,0.9830952018862694,2.0
yacht,mean,streed,4,20,3,0.01,0.01,0.001,0.9764114888008848,5.357926758970689,1.2660181999206543,3.296927292195072,0.9856320971957535,4.270811706369528,0.9814189261487659,3.0
yacht,mean,streed,4,20,3,0.01,0.01,0.1,0.9712709321626185,6.468403280830145,2.932214784622192,4.369864848751654,0.9809195196894418,5.468110409314851,0.9762964504757777,3.0
yacht,mean,streed,4,20,3,0.01,0.1,0.001,0.8829005705781858,26.500325086713314,3.8547346591949463,11.398730225960426,0.9502131293139735,14.48993299907976,0.9362642247658505,3.0
yacht,mean,streed,4,20,3,0.01,0.1,0.1,0.8825616693964868,26.650704015466026,3.9474581718444823,11.84509455640586,0.9482616688166681,14.841264803531246,0.934818761538326,3.0
yacht,mean,streed,4,20,3,0.03,1e-05,0.001,0.9821428473634372,4.041009838001181,0.0035659790039062203,3.0247543987753387,0.9868307329084935,3.646613459689759,0.9845249350363954,2.0
yacht,mean,streed,4,20,3,0.03,1e-05,0.1,0.981609210233714,4.191543745637986,0.0038719177246093403,3.101188754525648,0.9864955736530756,3.7015611055435125,0.9843919383419133,2.0
yacht,mean,streed,4,20,3,0.03,0.0001,0.001,0.9821382406699,4.043481101006486,0.0035303115844726,3.0248870388071154,0.9868301507034101,3.6460822795410257,0.9845282331743977,2.0
yacht,mean,streed,4,20,3,0.03,0.0001,0.1,0.9815863333081287,4.198154447245519,0.0039443016052245605,3.1047819408046187,0.9864798207419456,3.704908199364904,0.9843790501354844,2.0
yacht,mean,streed,4,20,3,0.03,0.001,0.001,0.9820428758312643,4.079029557341086,0.0036505222320556197,3.0350858920790023,0.9867854586057103,3.6510360455958564,0.9845174985442657,2.0
yacht,mean,streed,4,20,3,0.03,0.001,0.1,0.9816895773731226,4.1765012749432735,0.02167968749999994,3.184611352987371,0.9861345056415086,3.976067829548339,0.9830952018862694,2.0
yacht,mean,streed,4,20,3,0.03,0.01,0.001,0.974901261630641,5.7352357625348604,0.0217738628387451,3.8293764427357937,0.9833076057429769,4.496661718739681,0.981009739531779,2.0
yacht,mean,streed,4,20,3,0.03,0.01,0.1,0.9701760564633041,6.7903111502992815,0.02228288650512692,5.042088753141824,0.9780721648675552,5.93964372820694,0.9744098220226884,2.0
yacht,mean,streed,4,20,3,0.03,0.1,0.001,0.8816776510367154,26.838026792640413,0.40256247520446775,11.398730225960426,0.9502131293139735,14.48993299907976,0.9362642247658505,3.0
yacht,mean,streed,4,20,3,0.03,0.1,0.1,0.8800382305022076,27.210826502600675,0.9584284782409668,11.84509455640586,0.9482616688166681,14.841264803531246,0.934818761538326,3.0
yacht,mean,streed,4,20,3,0.05,1e-05,0.001,0.9821428473634372,4.041009838001181,0.0032828330993651803,3.0247543987753387,0.9868307329084935,3.646613459689759,0.9845249350363954,2.0
yacht,mean,streed,4,20,3,0.05,1e-05,0.1,0.981609210233714,4.191543745637986,0.00327758789062496,3.101188754525648,0.9864955736530756,3.7015611055435125,0.9843919383419133,2.0
yacht,mean,streed,4,20,3,0.05,0.0001,0.001,0.9821382406699,4.043481101006486,0.0033536911010741606,3.0248870388071154,0.9868301507034101,3.6460822795410257,0.9845282331743977,2.0
yacht,mean,streed,4,20,3,0.05,0.0001,0.1,0.9815863333081287,4.198154447245519,0.00331287384033196,3.1047819408046187,0.9864798207419456,3.704908199364904,0.9843790501354844,2.0
yacht,mean,streed,4,20,3,0.05,0.001,0.001,0.9820428758312643,4.079029557341086,0.00323901176452632,3.0350858920790023,0.9867854586057103,3.6510360455958564,0.9845174985442657,2.0
yacht,mean,streed,4,20,3,0.05,0.001,0.1,0.9816895773731226,4.1765012749432735,0.00332555770874018,3.184611352987371,0.9861345056415086,3.976067829548339,0.9830952018862694,2.0
yacht,mean,streed,4,20,3,0.05,0.01,0.001,0.974901261630641,5.7352357625348604,0.0032639980316161595,3.8293764427357937,0.9833076057429769,4.496661718739681,0.981009739531779,2.0
yacht,mean,streed,4,20,3,0.05,0.01,0.1,0.9701760564633041,6.7903111502992815,0.021411705017089822,5.042088753141824,0.9780721648675552,5.93964372820694,0.9744098220226884,2.0
yacht,mean,streed,4,20,3,0.05,0.1,0.001,0.8816776510367154,26.838026792640413,0.16185340881347654,19.100654713432043,0.916486986042844,21.97189125686917,0.9023077031310278,2.0
yacht,mean,streed,4,20,3,0.05,0.1,0.1,0.8800382305022076,27.210826502600675,0.25548281669616696,19.493949930857237,0.9147685942964386,22.185165751780467,0.901536990777198,2.0
yacht,mean,streed,4,20,3,0.08,1e-05,0.001,0.9821428473634372,4.041009838001181,0.0032890796661376397,3.0247543987753387,0.9868307329084935,3.646613459689759,0.9845249350363954,2.0
yacht,mean,streed,4,20,3,0.08,1e-05,0.1,0.981609210233714,4.191543745637986,0.0032704353332519004,3.101188754525648,0.9864955736530756,3.7015611055435125,0.9843919383419133,2.0
yacht,mean,streed,4,20,3,0.08,0.0001,0.001,0.9821382406699,4.043481101006486,0.00328922271728508,3.0248870388071154,0.9868301507034101,3.6460822795410257,0.9845282331743977,2.0
yacht,mean,streed,4,20,3,0.08,0.0001,0.1,0.9815863333081287,4.198154447245519,0.0032848358154296204,3.1047819408046187,0.9864798207419456,3.704908199364904,0.9843790501354844,2.0
yacht,mean,streed,4,20,3,0.08,0.001,0.001,0.9820428758312643,4.079029557341086,0.0033322811126708595,3.0350858920790023,0.9867854586057103,3.6510360455958564,0.9845174985442657,2.0
yacht,mean,streed,4,20,3,0.08,0.001,0.1,0.9816895773731226,4.1765012749432735,0.0032671451568603003,3.184611352987371,0.9861345056415086,3.976067829548339,0.9830952018862694,2.0
yacht,mean,streed,4,20,3,0.08,0.01,0.001,0.974901261630641,5.7352357625348604,0.003244400024414,3.8293764427357937,0.9833076057429769,4.496661718739681,0.981009739531779,2.0
yacht,mean,streed,4,20,3,0.08,0.01,0.1,0.9701760564633041,6.7903111502992815,0.0032923221588134198,5.042088753141824,0.9780721648675552,5.93964372820694,0.9744098220226884,2.0
yacht,mean,streed,4,20,3,0.08,0.1,0.001,0.8816776510367154,26.838026792640413,0.02108249664306634,19.100654713432043,0.916486986042844,21.97189125686917,0.9023077031310278,2.0
yacht,mean,streed,4,20,3,0.08,0.1,0.1,0.8800382305022076,27.210826502600675,0.02109961509704586,19.493949930857237,0.9147685942964386,22.185165751780467,0.901536990777198,2.0
yacht,mean,streed,4,20,3,0.1,1e-05,0.001,0.9821428473634372,4.041009838001181,0.00325965881347652,3.0247543987753387,0.9868307329084935,3.646613459689759,0.9845249350363954,2.0
yacht,mean,streed,4,20,3,0.1,1e-05,0.1,0.981609210233714,4.191543745637986,0.0032742977142333402,3.101188754525648,0.9864955736530756,3.7015611055435125,0.9843919383419133,2.0
yacht,mean,streed,4,20,3,0.1,0.0001,0.001,0.9821382406699,4.043481101006486,0.0033212661743163598,3.0248870388071154,0.9868301507034101,3.6460822795410257,0.9845282331743977,2.0
yacht,mean,streed,4,20,3,0.1,0.0001,0.1,0.9815863333081287,4.198154447245519,0.0032957553863525004,3.1047819408046187,0.9864798207419456,3.704908199364904,0.9843790501354844,2.0
yacht,mean,streed,4,20,3,0.1,0.001,0.001,0.9820428758312643,4.079029557341086,0.00328745841979976,3.0350858920790023,0.9867854586057103,3.6510360455958564,0.9845174985442657,2.0
yacht,mean,streed,4,20,3,0.1,0.001,0.1,0.9816895773731226,4.1765012749432735,0.0032563209533690795,3.184611352987371,0.9861345056415086,3.976067829548339,0.9830952018862694,2.0
yacht,mean,streed,4,20,3,0.1,0.01,0.001,0.974901261630641,5.7352357625348604,0.0032369613647460203,3.8293764427357937,0.9833076057429769,4.496661718739681,0.981009739531779,2.0
yacht,mean,streed,4,20,3,0.1,0.01,0.1,0.9701760564633041,6.7903111502992815,0.0032408714294432997,5.042088753141824,0.9780721648675552,5.93964372820694,0.9744098220226884,2.0
yacht,mean,streed,4,20,3,0.1,0.1,0.001,0.8816776510367154,26.838026792640413,0.0138856410980224,19.100654713432043,0.916486986042844,21.97189125686917,0.9023077031310278,2.0
yacht,mean,streed,4,20,3,0.1,0.1,0.1,0.8800382305022076,27.210826502600675,0.021159839630126902,19.493949930857237,0.9147685942964386,22.185165751780467,0.901536990777198,2.0
yacht,std,streed,4,20,3,0.0001,1e-05,0.001,0.0015035714971983773,0.4381262507013271,0.372540848384633,0.16585327188102506,0.0005952401110982144,0.8356525975057657,0.002493648461544815,0.0
yacht,std,streed,4,20,3,0.0001,1e-05,0.1,0.0017907424045176994,0.5105716484540701,0.18026046312027905,0.17125519857848795,0.0005361012454337363,0.958130077271343,0.0026430752405953526,0.0
yacht,std,streed,4,20,3,0.0001,0.0001,0.001,0.0015128458526696793,0.4405207758601845,0.37239877415577594,0.16585534374511546,0.000595091361951359,0.8408040568751811,0.0025050562407551162,0.0
yacht,std,streed,4,20,3,0.0001,0.0001,0.1,0.0017985979797366075,0.5132149121258761,0.17960389772972876,0.17144834410320328,0.0005333653354723291,0.9685303214437858,0.0026745147559560185,0.0
yacht,std,streed,4,20,3,0.0001,0.001,0.001,0.0015981158469336814,0.4643455199987797,0.31590284418901304,0.1667781680953381,0.0005881109360855243,0.9014950707666775,0.0026478536130345267,0.0
yacht,std,streed,4,20,3,0.0001,0.001,0.1,0.0018041020763064778,0.5346866066587525,0.15046940380586984,0.1741937600200723,0.0005044361077417314,1.070334615480233,0.0029723557779436755,0.0
yacht,std,streed,4,20,3,0.0001,0.01,0.001,0.0020019664777057074,0.6395145009438375,0.06568922310538583,0.22435189961250104,0.00042265582139198364,1.5136204795943196,0.003714403092874424,0.0
yacht,std,streed,4,20,3,0.0001,0.01,0.1,0.001991963897893624,0.6915949896963963,0.05951910751027783,0.23390869795782557,0.0002625713886817875,1.8122269405038869,0.004585710972069262,0.0
yacht,std,streed,4,20,3,0.0001,0.1,0.001,0.005289671410733685,1.7464054542975296,0.25353597125331534,0.5426842528387467,0.0006581418340034047,3.086658407508777,0.007084938709659962,0.0
yacht,std,streed,4,20,3,0.0001,0.1,0.1,0.004899836588841488,1.7977218757147777,0.25639427642935797,0.5494037342849841,0.0006561906142135428,3.273483799005401,0.007367820501994679,0.0
yacht,std,streed,4,20,3,0.0005,1e-05,0.001,0.0015573502297354547,0.45243876370988784,0.4225622564253044,0.16335535769364987,0.0005731381304688122,0.8221205756170071,0.0024277697899487043,0.0
yacht,std,streed,4,20,3,0.0005,1e-05,0.1,0.0017947830947687429,0.5111099590234099,0.1778126843167898,0.17125519857848795,0.0005361012454337363,0.958130077271343,0.0026430752405953526,0.0
yacht,std,streed,4,20,3,0.0005,0.0001,0.001,0.0015666989134874038,0.45483222889935065,0.4050118839405462,0.16335434049452138,0.0005729792049742371,0.8274258714923847,0.0024388540729578206,0.0
yacht,std,streed,4,20,3,0.0005,0.0001,0.1,0.0018025457434901065,0.513739069154671,0.1744622174843821,0.17144834410320328,0.0005333653354723291,0.9685303214437858,0.0026745147559560185,0.0
yacht,std,streed,4,20,3,0.0005,0.001,0.001,0.0016070741604439283,0.466384086325307,0.35733107150315263,0.16423806632484547,0.0005659827115472682,0.8899765572913081,0.002582382670186025,0.0
yacht,std,streed,4,20,3,0.0005,0.001,0.1,0.0018067174633458673,0.5350055955345882,0.15094631250642598,0.1741937600200723,0.0005044361077417314,1.070334615480233,0.0029723557779436755,0.0
yacht,std,streed,4,20,3,0.0005,0.01,0.001,0.0020304616500997795,0.6419777415619028,0.05613587176167868,0.2232870123715787,0.000410627065207078,1.517770681096553,0.003661216238416371,0.0
yacht,std,streed,4,20,3,0.0005,0.01,0.1,0.0019883151371596713,0.6912529361651051,0.05139126884770514,0.23390869795782557,0.0002625713886817875,1.8122269405038869,0.004585710972069262,0.0
yacht,std,streed,4,20,3,0.0005,0.1,0.001,0.0052887025718625314,1.7430780818831793,0.23814206539027705,0.542007944702406,0.0006586259881258171,3.081238755778553,0.007088419365831492,0.0
yacht,std,streed,4,20,3,0.0005,0.1,0.1,0.004899836588841488,1.7977218757147777,0.2556517621837387,0.5494037342849841,0.0006561906142135428,3.273483799005401,0.007367820501994679,0.0
yacht,std,streed,4,20,3,0.001,1e-05,0.001,0.0015270718494954539,0.4456844806792218,0.4285234323657962,0.16335535769364987,0.0005731381304688122,0.8221205756170071,0.0024277697899487043,0.0
yacht,std,streed,4,20,3,0.001,1e-05,0.1,0.0017870710972716732,0.5108444935371234,0.18406549727567714,0.17018230459678912,0.0005413090583028799,0.9998189076782988,0.002805220336450815,0.0
yacht,std,streed,4,20,3,0.001,0.0001,0.001,0.0015367365015141275,0.4481908148331181,0.4677683077994645,0.16335434049452138,0.0005729792049742371,0.8274258714923847,0.0024388540729578206,0.0
yacht,std,streed,4,20,3,0.001,0.0001,0.1,0.0017947182561277885,0.513459920196218,0.16278988325068658,0.17039406256150644,0.0005386999425981249,1.01001227294184,0.002833249469950552,0.0
yacht,std,streed,4,20,3,0.001,0.001,0.001,0.0016249617943554448,0.4729181021823154,0.3873490322560308,0.16423806632484547,0.0005659827115472682,0.8899765572913081,0.002582382670186025,0.0
yacht,std,streed,4,20,3,0.001,0.001,0.1,0.0018114356944141736,0.5381304465859972,0.16258952869081542,0.20362314846409355,0.0006429432956466325,1.0918816456798217,0.003101468558430814,0.0
yacht,std,streed,4,20,3,0.001,0.01,0.001,0.0020043582252188114,0.6499464229060179,0.0713335249028451,0.2232870123715787,0.000410627065207078,1.517770681096553,0.003661216238416371,0.0
yacht,std,streed,4,20,3,0.001,0.01,0.1,0.001953160108196399,0.689473375972158,0.06493684700607771,0.26685451249451464,0.00040417560741899894,1.8059764591101204,0.0044548915059619745,0.0
yacht,std,streed,4,20,3,0.001,0.1,0.001,0.005323073990537374,1.7447618609081599,0.25973772813651436,0.541960908962199,0.0006516028060549936,3.0696426183148833,0.006877151361953067,0.0
yacht,std,streed,4,20,3,0.001,0.1,0.1,0.004935335392922065,1.80561829863664,0.26271793576460367,0.5494037342849841,0.0006561906142135428,3.273483799005401,0.007367820501994679,0.0
yacht,std,streed,4,20,3,0.003,1e-05,0.001,0.0015270718494954539,0.4456844806792218,0.3353463899736066,0.21297006425209147,0.0007245266427287593,1.1397333262810128,0.0032299327536821193,0.0
yacht,std,streed,4,20,3,0.003,1e-05,0.1,0.0017870710972716732,0.5108444935371234,0.21170856963954776,0.17143052302644485,0.0004935813894034624,1.0994858219773782,0.003381836720219846,0.0
yacht,std,streed,4,20,3,0.003,0.0001,0.001,0.0015367365015141275,0.4481908148331181,0.40791430649727245,0.21309444626588056,0.0007249886385227788,1.1490781625702386,0.0032625980300258904,0.0
yacht,std,streed,4,20,3,0.003,0.0001,0.1,0.0017947182561277885,0.513459920196218,0.20402899812416606,0.17196126884594368,0.0004930738007516221,1.1081239075747644,0.0034034743906142047,0.0
yacht,std,streed,4,20,3,0.003,0.001,0.001,0.0016249617943554448,0.4729181021823154,1.0431602020683994,0.2230604443689083,0.0007627882346049642,1.2358366601737754,0.0035545365959134293,0.0
yacht,std,streed,4,20,3,0.003,0.001,0.1,0.0018114356944141736,0.5381304465859972,0.18436884997880248,0.17526288411357122,0.00047533094902345725,1.1895156148802626,0.0035795761485929384,0.0
yacht,std,streed,4,20,3,0.003,0.01,0.001,0.0020043582252188114,0.6499464229060179,0.09553691272693488,0.40068897923447605,0.0012231992580274136,1.3517668655927833,0.002934711139943773,0.0
yacht,std,streed,4,20,3,0.003,0.01,0.1,0.001953160108196399,0.689473375972158,0.054081090700253624,0.24003714339729015,0.00020285642196601422,1.9312906699008137,0.004796924247890722,0.0
yacht,std,streed,4,20,3,0.003,0.1,0.001,0.005249629062697395,1.7423741527651178,0.2502751647428054,0.541960908962199,0.0006516028060549936,3.0696426183148833,0.006877151361953067,0.0
yacht,std,streed,4,20,3,0.003,0.1,0.1,0.004879094971628666,1.7961504179089465,0.23921429155028737,0.5493451784413027,0.0006438632283426205,3.2513077825564376,0.00704937975899439,0.0
yacht,std,streed,4,20,3,0.005,1e-05,0.001,0.0015270718494954539,0.4456844806792218,0.10799058419623996,0.21297006425209147,0.0007245266427287593,1.1397333262810128,0.0032299327536821193,0.0
yacht,std,streed,4,20,3,0.005,1e-05,0.1,0.0017870710972716732,0.5108444935371234,0.22914423230361122,0.17143052302644485,0.0004935813894034624,1.0994858219773782,0.003381836720219846,0.0
yacht,std,streed,4,20,3,0.005,0.0001,0.001,0.0015367365015141275,0.4481908148331181,0.10917732743208809,0.21309444626588056,0.0007249886385227788,1.1490781625702386,0.0032625980300258904,0.0
yacht,std,streed,4,20,3,0.005,0.0001,0.1,0.0017947182561277885,0.513459920196218,0.2385135982550734,0.17196126884594368,0.0004930738007516221,1.1081239075747644,0.0034034743906142047,0.0
yacht,std,streed,4,20,3,0.005,0.001,0.001,0.0016249617943554448,0.4729181021823154,0.014087030109455268,0.2230604443689083,0.0007627882346049642,1.2358366601737754,0.0035545365959134293,0.0
yacht,std,streed,4,20,3,0.005,0.001,0.1,0.0018114356944141736,0.5381304465859972,0.21309600287363836,0.17526288411357122,0.00047533094902345725,1.1895156148802626,0.0035795761485929384,0.0
yacht,std,streed,4,20,3,0.005,0.01,0.001,0.0020043582252188114,0.6499464229060179,0.14759955015567214,0.40068897923447605,0.0012231992580274136,1.3517668655927833,0.002934711139943773,0.0
yacht,std,streed,4,20,3,0.005,0.01,0.1,0.001953160108196399,0.689473375972158,0.07476081915086116,0.24003714339729015,0.00020285642196601422,1.9312906699008137,0.004796924247890722,0.0
yacht,std,streed,4,20,3,0.005,0.1,0.001,0.005249629062697395,1.7423741527651178,0.2414726162754927,0.5547447200313628,0.000693356602313136,3.225310521995352,0.007307257964078381,0.0
yacht,std,streed,4,20,3,0.005,0.1,0.1,0.004879094971628666,1.7961504179089465,0.24023760652198559,0.563530537045536,0.000682571261363365,3.47866651813856,0.007767192519941603,0.0
yacht,std,streed,4,20,3,0.008,1e-05,0.001,0.003584673503278255,0.9419081089198904,0.000966289950292744,0.9432603524917251,0.003992698483548382,2.3402906745334042,0.007661592676016098,0.5477225575051661
yacht,std,streed,4,20,3,0.008,1e-05,0.1,0.0023769699521133097,0.6028604961234161,0.052259332559142634,0.8802485169475895,0.0038742819530890797,2.472846525985497,0.007194698767208341,0.5477225575051661
yacht,std,streed,4,20,3,0.008,0.0001,0.001,0.003584650233356398,0.9425251472433038,0.0014971011821339124,0.9429838530189748,0.003991452827012771,2.3465903444848406,0.007689232931306946,0.5477225575051661
yacht,std,streed,4,20,3,0.008,0.0001,0.1,0.002375272304069387,0.6040260397866596,0.050925245198794614,0.8762126268271941,0.003856203303329807,2.4724164109033526,0.007181031902263974,0.5477225575051661
yacht,std,streed,4,20,3,0.008,0.001,0.001,0.0035709507385861244,0.946884838717546,0.10738594867766749,0.9245249619243432,0.003907964782078645,2.393604957075625,0.007861645690133269,0.5477225575051661
yacht,std,streed,4,20,3,0.008,0.001,0.1,0.002527895251491869,0.6432753845228295,0.7177566424542788,0.36949874528964205,0.002070448571440624,2.7218436119776785,0.008366347506583391,0.4472135954999579
yacht,std,streed,4,20,3,0.008,0.01,0.001,0.0026686152228570957,0.8167527617292777,0.20934717061069977,0.40068897923447605,0.0012231992580274136,1.3517668655927833,0.002934711139943773,0.0
yacht,std,streed,4,20,3,0.008,0.01,0.1,0.0035790928814831272,1.0057344831023072,0.18283004491359536,0.24003714339729015,0.00020285642196601422,1.9312906699008137,0.004796924247890722,0.0
yacht,std,streed,4,20,3,0.008,0.1,0.001,0.005964702884713505,1.758828876195086,0.2722634720641553,0.5547447200313628,0.000693356602313136,3.225310521995352,0.007307257964078381,0.0
yacht,std,streed,4,20,3,0.008,0.1,0.1,0.005271777398465797,1.4298144259798469,0.2601897402985977,0.563530537045536,0.000682571261363365,3.47866651813856,0.007767192519941603,0.0
yacht,std,streed,4,20,3,0.01,1e-05,0.001,0.002319755868847649,0.722788789567458,0.0009256107120007535,0.40349767104823187,0.001256117014130731,1.873220224874499,0.004830029213328291,0.0
yacht,std,streed,4,20,3,0.01,1e-05,0.1,0.0031479270989077266,0.9480449062350469,0.010796307984893281,0.3994669502937874,0.001223465296231487,2.08414342105084,0.005423810170892235,0.0
yacht,std,streed,4,20,3,0.01,0.0001,0.001,0.0023168464371833533,0.7233541939581571,0.0009287535233656281,0.4034879541899102,0.001256051345501244,1.8755340321945044,0.0048348426074292334,0.0
yacht,std,streed,4,20,3,0.01,0.0001,0.1,0.0031442755278711172,0.9484193389872771,0.012020686738565049,0.39927751488168944,0.0012219009120995813,2.0890269320772874,0.0054369426725664385,0.0
yacht,std,streed,4,20,3,0.01,0.001,0.001,0.0022880928590512796,0.7291072232564466,0.0008739671581021407,0.40309840420163506,0.0012523369313991984,1.9037752245269457,0.004898244485787165,0.0
yacht,std,streed,4,20,3,0.01,0.001,0.1,0.0024926833870670554,0.7990958949753071,0.04901166513234914,0.41046448525077955,0.0012342173839309518,2.1429981015557846,0.006183068251836866,0.0
yacht,std,streed,4,20,3,0.01,0.01,0.001,0.0033240785352862275,0.9426324805548641,0.8024508623526522,0.40068897923447605,0.0012231992580274136,1.3517668655927833,0.002934711139943773,0.0
yacht,std,streed,4,20,3,0.01,0.01,0.1,0.004906956115416766,1.3179962736702298,0.1839740777366523,0.24003714339729015,0.00020285642196601422,1.9312906699008137,0.004796924247890722,0.0
yacht,std,streed,4,20,3,0.01,0.1,0.001,0.004118023885082638,1.7048046443001594,0.24236738753440432,0.5547447200313628,0.000693356602313136,3.225310521995352,0.007307257964078381,0.0
yacht,std,streed,4,20,3,0.01,0.1,0.1,0.00499138888639905,1.7404941834730503,0.24954170215440968,0.563530537045536,0.000682571261363365,3.47866651813856,0.007767192519941603,0.0
yacht,std,streed,4,20,3,0.03,1e-05,0.001,0.002483631939573094,0.7429325455615727,0.00035735729631480243,0.40349767104823187,0.001256117014130731,1.873220224874499,0.004830029213328291,0.0
yacht,std,streed,4,20,3,0.03,1e-05,0.1,0.002238035802814818,0.6871229821638095,0.000240550700066221,0.3994669502937874,0.001223465296231487,2.08414342105084,0.005423810170892235,0.0
yacht,std,streed,4,20,3,0.03,0.0001,0.001,0.002483739990864268,0.7436988254825028,0.00032251131562685987,0.4034879541899102,0.001256051345501244,1.8755340321945044,0.0048348426074292334,0.0
yacht,std,streed,4,20,3,0.03,0.0001,0.1,0.00223476923128645,0.6874589595086972,0.00017429560832572365,0.39927751488168944,0.0012219009120995813,2.0890269320772874,0.0054369426725664385,0.0
yacht,std,streed,4,20,3,0.03,0.001,0.001,0.002480950777121629,0.7510541644228996,0.0003409791885533213,0.40309840420163506,0.0012523369313991984,1.9037752245269457,0.004898244485787165,0.0
yacht,std,streed,4,20,3,0.03,0.001,0.1,0.0026362466174581936,0.8036267680980197,0.001420259749867326,0.41046448525077955,0.0012342173839309518,2.1429981015557846,0.006183068251836866,0.0
yacht,std,streed,4,20,3,0.03,0.01,0.001,0.00453097218621928,1.2477825518773011,0.0007929909178375148,0.3884316655287872,0.0010333376629907776,2.548985095469008,0.006557714769354072,0.0
yacht,std,streed,4,20,3,0.03,0.01,0.1,0.0052646375398049715,1.4539277195025293,0.0014110817189769095,1.0138229987228131,0.0037861656743838814,2.369871162050401,0.005090730894307294,0.0
yacht,std,streed,4,20,3,0.03,0.1,0.001,0.0043781836372559805,1.7404907171085304,0.31763315388433794,0.5547447200313628,0.000693356602313136,3.225310521995352,0.007307257964078381,0.0
yacht,std,streed,4,20,3,0.03,0.1,0.1,0.004001046077047963,1.8119048526251824,0.046964132245903324,0.563530537045536,0.000682571261363365,3.47866651813856,0.007767192519941603,0.0
yacht,std,streed,4,20,3,0.05,1e-05,0.001,0.002483631939573094,0.7429325455615727,0.00018447400871141438,0.40349767104823187,0.001256117014130731,1.873220224874499,0.004830029213328291,0.0
yacht,std,streed,4,20,3,0.05,1e-05,0.1,0.002238035802814818,0.6871229821638095,0.00020184321743883479,0.3994669502937874,0.001223465296231487,2.08414342105084,0.005423810170892235,0.0
yacht,std,streed,4,20,3,0.05,0.0001,0.001,0.002483739990864268,0.7436988254825028,0.0001630441974357599,0.4034879541899102,0.001256051345501244,1.8755340321945044,0.0048348426074292334,0.0
yacht,std,streed,4,20,3,0.05,0.0001,0.1,0.00223476923128645,0.6874589595086972,0.00013964363630629978,0.39927751488168944,0.0012219009120995813,2.0890269320772874,0.0054369426725664385,0.0
yacht,std,streed,4,20,3,0.05,0.001,0.001,0.002480950777121629,0.7510541644228996,0.00013400795516713533,0.40309840420163506,0.0012523369313991984,1.9037752245269457,0.004898244485787165,0.0
yacht,std,streed,4,20,3,0.05,0.001,0.1,0.0026362466174581936,0.8036267680980197,0.0002020170580240361,0.41046448525077955,0.0012342173839309518,2.1429981015557846,0.006183068251836866,0.0
yacht,std,streed,4,20,3,0.05,0.01,0.001,0.00453097218621928,1.2477825518773011,0.00015190981540065323,0.3884316655287872,0.0010333376629907776,2.548985095469008,0.006557714769354072,0.0
yacht,std,streed,4,20,3,0.05,0.01,0.1,0.0052646375398049715,1.4539277195025293,0.0009322777012247065,1.0138229987228131,0.0037861656743838814,2.369871162050401,0.005090730894307294,0.0
yacht,std,streed,4,20,3,0.05,0.1,0.001,0.0043781836372559805,1.7404907171085304,0.12827230032685044,0.4932008948833951,0.00266280198566596,3.139220063803102,0.01066252470483008,0.0
yacht,std,streed,4,20,3,0.05,0.1,0.1,0.004001046077047963,1.8119048526251824,0.014931058893451157,0.4988949431016013,0.002656055347012469,3.449166512444398,0.010408698319606864,0.0
yacht,std,streed,4,20,3,0.08,1e-05,0.001,0.002483631939573094,0.7429325455615727,0.00015629702660498643,0.40349767104823187,0.001256117014130731,1.873220224874499,0.004830029213328291,0.0
yacht,std,streed,4,20,3,0.08,1e-05,0.1,0.002238035802814818,0.6871229821638095,0.00018252148298729458,0.3994669502937874,0.001223465296231487,2.08414342105084,0.005423810170892235,0.0
yacht,std,streed,4,20,3,0.08,0.0001,0.001,0.002483739990864268,0.7436988254825028,0.00017676820380952066,0.4034879541899102,0.001256051345501244,1.8755340321945044,0.0048348426074292334,0.0
yacht,std,streed,4,20,3,0.08,0.0001,0.1,0.00223476923128645,0.6874589595086972,0.00019978101280124897,0.39927751488168944,0.0012219009120995813,2.0890269320772874,0.0054369426725664385,0.0
yacht,std,streed,4,20,3,0.08,0.001,0.001,0.002480950777121629,0.7510541644228996,0.00018356477975786146,0.40309840420163506,0.0012523369313991984,1.9037752245269457,0.004898244485787165,0.0
yacht,std,streed,4,20,3,0.08,0.001,0.1,0.0026362466174581936,0.8036267680980197,0.00019433239370103629,0.41046448525077955,0.0012342173839309518,2.1429981015557846,0.006183068251836866,0.0
yacht,std,streed,4,20,3,0.08,0.01,0.001,0.00453097218621928,1.2477825518773011,0.00019057237140874666,0.3884316655287872,0.0010333376629907776,2.548985095469008,0.006557714769354072,0.0
yacht,std,streed,4,20,3,0.08,0.01,0.1,0.0052646375398049715,1.4539277195025293,0.00022123625507010225,1.0138229987228131,0.0037861656743838814,2.369871162050401,0.005090730894307294,0.0
yacht,std,streed,4,20,3,0.08,0.1,0.001,0.0043781836372559805,1.7404907171085304,0.0008151588156624918,0.4932008948833951,0.00266280198566596,3.139220063803102,0.01066252470483008,0.0
yacht,std,streed,4,20,3,0.08,0.1,0.1,0.004001046077047963,1.8119048526251824,0.0008014446015549758,0.4988949431016013,0.002656055347012469,3.449166512444398,0.010408698319606864,0.0
yacht,std,streed,4,20,3,0.1,1e-05,0.001,0.002483631939573094,0.7429325455615727,0.00019407382175126096,0.40349767104823187,0.001256117014130731,1.873220224874499,0.004830029213328291,0.0
yacht,std,streed,4,20,3,0.1,1e-05,0.1,0.002238035802814818,0.6871229821638095,0.00018472567808112142,0.3994669502937874,0.001223465296231487,2.08414342105084,0.005423810170892235,0.0
yacht,std,streed,4,20,3,0.1,0.0001,0.001,0.002483739990864268,0.7436988254825028,0.00022627873884304477,0.4034879541899102,0.001256051345501244,1.8755340321945044,0.0048348426074292334,0.0
yacht,std,streed,4,20,3,0.1,0.0001,0.1,0.00223476923128645,0.6874589595086972,0.00021299224878520393,0.39927751488168944,0.0012219009120995813,2.0890269320772874,0.0054369426725664385,0.0
yacht,std,streed,4,20,3,0.1,0.001,0.001,0.002480950777121629,0.7510541644228996,0.000221539205688937,0.40309840420163506,0.0012523369313991984,1.9037752245269457,0.004898244485787165,0.0
yacht,std,streed,4,20,3,0.1,0.001,0.1,0.0026362466174581936,0.8036267680980197,0.00022343573667245222,0.41046448525077955,0.0012342173839309518,2.1429981015557846,0.006183068251836866,0.0
yacht,std,streed,4,20,3,0.1,0.01,0.001,0.00453097218621928,1.2477825518773011,0.00020224595702820632,0.3884316655287872,0.0010333376629907776,2.548985095469008,0.006557714769354072,0.0
yacht,std,streed,4,20,3,0.1,0.01,0.1,0.0052646375398049715,1.4539277195025293,0.00016373380948111357,1.0138229987228131,0.0037861656743838814,2.369871162050401,0.005090730894307294,0.0
yacht,std,streed,4,20,3,0.1,0.1,0.001,0.0043781836372559805,1.7404907171085304,0.009675959688156627,0.4932008948833951,0.00266280198566596,3.139220063803102,0.01066252470483008,0.0
yacht,std,streed,4,20,3,0.1,0.1,0.1,0.004001046077047963,1.8119048526251824,0.0007199338949604819,0.4988949431016013,0.002656055347012469,3.449166512444398,0.010408698319606864,0.0
yacht,best_by_mean_val_r2,streed,4,20,3,0.0001,1e-05,0.001,0.991376177717488,1.9917490335519155,3.6118902206420898,0.7536999014772838,0.9967307000411146,1.0408713013819484,0.995783471081811,5.0
