dataset,method,depth,lambda,cv_folds,n_thresholds,threshold_label,thresholds_strategy,min_leaf_node_size,val_r2,val_mse,train_r2,test_r2,train_mse,test_mse,loss,train_time_s,n_leaves,outer
airfoil,claritree,5,0.0001,3,20,20,quantile,1.0,0.6681166346172361,15.734194960152234,0.7658553827173747,0.6724529224990747,11.137300102844657,15.554412455687913,13574.590853007689,0.17902975082397457,32.0,mean
airfoil,claritree,5,0.0005,3,20,20,quantile,1.0,0.6698522834113917,15.651493549188881,0.765757744315611,0.6722480911686267,11.141841574375439,15.565006047116487,14306.42456216107,0.17830486297607417,31.8,mean
airfoil,claritree,5,0.001,3,20,20,quantile,1.0,0.670104871757497,15.63909065852153,0.7665595251203814,0.6709253857378045,11.103564446177742,15.627602293154201,15158.338930046952,0.17955508232116696,31.6,mean
airfoil,claritree,5,0.003,3,20,20,quantile,1.0,0.6667901404037687,15.793912928257237,0.756901184253392,0.6758379650561099,11.563593828725093,15.395038577506416,18810.15858659808,0.1800998210906982,28.6,mean
airfoil,claritree,5,0.005,3,20,20,quantile,1.0,0.6454139392095762,16.81071837847481,0.7259797345047947,0.6389503101930792,13.029047996611109,17.198909715637765,22357.030912550756,0.18390574455261227,23.4,mean
airfoil,claritree,5,0.008,3,20,20,quantile,1.0,0.6095236910123075,18.49290169538909,0.673590251255316,0.5906461880390483,15.52396917323325,19.486841096209353,26166.999113234066,0.196092939376831,16.4,mean
airfoil,claritree,5,0.01,3,20,20,quantile,1.0,0.5982436462980193,19.03649941161417,0.6533617329018939,0.5692374540053461,16.48141201867792,20.522022547823262,28054.788102143717,0.19893846511840815,14.4,mean
airfoil,claritree,5,0.03,3,20,20,quantile,1.0,0.4681568846447714,25.206097920219015,0.5052764380490464,0.4689860394625359,23.51359052525017,25.304866586687623,39613.62448886762,0.18694920539855953,6.6,mean
airfoil,claritree,5,0.05,3,20,20,quantile,1.0,0.3710751322103186,29.857618451443056,0.37782385471460117,0.33379693461222615,29.59574456016552,31.6599239669337,45306.2827534397,0.17944211959838866,3.4,mean
airfoil,claritree,5,0.08,3,20,20,quantile,1.0,0.32868485101548767,31.888110249276885,0.3547164597949067,0.3182791874139229,30.69369452294644,32.40029090133336,50630.38996396037,0.17178297042846674,3.0,mean
airfoil,claritree,5,0.1,3,20,20,quantile,1.0,0.32868485101548767,31.888110249276885,0.3547164597949067,0.3182791874139229,30.69369452294644,32.40029090133336,54061.479385899846,0.16486601829528805,3.0,mean
airfoil,claritree,5,0.0001,3,20,20,quantile,1.0,0.01498955875247876,0.8760320159939238,0.007278856753412879,0.011682126245439533,0.4448147264127723,0.7684614183861185,540.312109365073,0.004774772396330139,0.0,std
airfoil,claritree,5,0.0005,3,20,20,quantile,1.0,0.01692717867418197,0.9849718391683281,0.007204034699735307,0.01127809737857811,0.43899558590866666,0.7761591648634956,548.9618455529143,0.005056613307953239,0.44721359549995765,std
airfoil,claritree,5,0.001,3,20,20,quantile,1.0,0.016499220926267804,0.9623477913475385,0.007072810425148928,0.01275060251595466,0.42948201112232454,0.8205152018912892,542.1487174285265,0.0027495317702398102,0.5477225575051662,std
airfoil,claritree,5,0.003,3,20,20,quantile,1.0,0.01700588200039735,0.8976988118006352,0.014415255976476879,0.012046743942857777,0.7514016929570514,0.8041054945774743,773.1135497184346,0.002584149929176071,1.9493588689617927,std
airfoil,claritree,5,0.005,3,20,20,quantile,1.0,0.021508590363193632,1.1240955341870724,0.01601436941536111,0.01873616787960863,0.7270116611580053,1.8684056887833795,172.4907652631804,0.007553042543810173,2.701851217221259,std
airfoil,claritree,5,0.008,3,20,20,quantile,1.0,0.016307610301391964,0.9153947096794306,0.015896406535635323,0.03019572671191046,0.802311632040646,2.238697582667056,400.2163659023313,0.006527097961708935,1.8165902124584945,std
airfoil,claritree,5,0.01,3,20,20,quantile,1.0,0.01502840778038843,0.9277507750555539,0.011491521363470274,0.03226726943501406,0.4401355620808256,2.539458755756558,431.45950946872426,0.007311802344486877,0.547722557505166,std
airfoil,claritree,5,0.03,3,20,20,quantile,1.0,0.0239425607166317,1.3100888072312669,0.037178858133622816,0.027463516714286155,1.5563120461429936,2.786290179578894,749.2287552611646,0.010329944021200622,1.3416407864998738,std
airfoil,claritree,5,0.05,3,20,20,quantile,1.0,0.011110125192733696,0.3609857399484723,0.04639507491514979,0.0650241944713912,2.357929042273243,3.6249951460891343,1201.537325013661,0.006260958341490404,0.8944271909999159,std
airfoil,claritree,5,0.08,3,20,20,quantile,1.0,0.0194912010683407,1.3691913852013162,0.01034943143692539,0.03473034403492218,0.9227299851655891,2.5482330439735428,1317.5236967147496,0.005929335802891246,0.0,std
airfoil,claritree,5,0.1,3,20,20,quantile,1.0,0.0194912010683407,1.3691913852013162,0.01034943143692539,0.03473034403492218,0.9227299851655891,2.5482330439735428,1370.917517380521,0.00564227079272614,0.0,std
airfoil,claritree,5,0.001,3,20,20,quantile,1.0,0.670104871757497,15.63909065852153,0.7665595251203814,0.6709253857378045,11.103564446177742,15.627602293154201,15158.338930046952,0.17955508232116696,31.6,best_by_mean_val_r2
auction,claritree,5,0.0001,3,20,20,quantile,1.0,0.9308835776220882,7471911.584694343,0.9401991506577669,0.925663747537631,6426698.217084206,7788506.364446469,10905171463.34816,0.15611848831176756,22.8,mean
auction,claritree,5,0.0005,3,20,20,quantile,1.0,0.9309151531094857,7456579.077147773,0.9389297030060144,0.9234766971951117,6562954.099212887,8027569.111931346,12381953785.082016,0.1384275913238525,18.8,mean
auction,claritree,5,0.001,3,20,20,quantile,1.0,0.931984370539708,7341236.525952028,0.9367856195582702,0.9217523632859521,6796254.086930856,8196925.231550324,13921070876.936527,0.1349673748016357,16.0,mean
auction,claritree,5,0.003,3,20,20,quantile,1.0,0.9239775059158071,8196793.523494224,0.9347507896056134,0.9203524420589989,7012953.121707012,8357491.720417468,18532216587.9633,0.13120036125183104,13.4,mean
auction,claritree,5,0.005,3,20,20,quantile,1.0,0.9124123200732438,9496745.932516655,0.9238853356485709,0.9096594584476524,8197186.473693391,9482878.072433567,22711474033.084953,0.1261568546295166,10.6,mean
auction,claritree,5,0.008,3,20,20,quantile,1.0,0.8951727105639364,11338151.107033676,0.9115259352081754,0.8964256349590023,9528802.044871882,10926013.936271198,28219853491.105907,0.12449908256530759,9.0,mean
auction,claritree,5,0.01,3,20,20,quantile,1.0,0.8840470905538911,12543023.491055984,0.8971822399575385,0.8815222047178596,11067386.707525417,12555316.608910764,31090784722.35954,0.12215294837951658,7.4,mean
auction,claritree,5,0.03,3,20,20,quantile,1.0,0.8560697661819802,15542163.89747242,0.8541327910457619,0.8514752105765133,15684343.212077344,15797669.946684752,46734630920.96392,0.09737458229064938,4.0,mean
auction,claritree,5,0.05,3,20,20,quantile,1.0,0.8535656501670271,15792600.276246259,0.8541327910457619,0.8514752105765133,15684343.212077344,15797669.946684752,60801289349.82682,0.08962535858154293,4.0,mean
auction,claritree,5,0.08,3,20,20,quantile,1.0,0.8535656501670271,15792600.276246259,0.8541327910457619,0.8514752105765133,15684343.212077344,15797669.946684752,81901276993.12117,0.087974739074707,4.0,mean
auction,claritree,5,0.1,3,20,20,quantile,1.0,0.8535656501670271,15792600.276246259,0.8541327910457619,0.8514752105765133,15684343.212077344,15797669.946684752,95967935421.98405,0.08531327247619624,4.0,mean
auction,claritree,5,0.0001,3,20,20,quantile,1.0,0.006028953943307428,743692.2629836585,0.005289578743076655,0.03188414129751757,490987.62059694086,2590202.97936009,791054468.9699438,0.006798002128901358,3.2710854467592254,std
auction,claritree,5,0.0005,3,20,20,quantile,1.0,0.008141750314729546,943301.9070492681,0.005727239312060136,0.030488609795249696,540166.0239332697,2411883.361686109,791855396.7876285,0.010293714867066319,4.08656334834051,std
auction,claritree,5,0.001,3,20,20,quantile,1.0,0.009904589914387977,1149894.8140512651,0.004913698955094336,0.03278304185169632,479136.10879716754,2620113.049003482,847188518.8797537,0.008856897769721166,2.91547594742265,std
auction,claritree,5,0.003,3,20,20,quantile,1.0,0.00872167032616816,1005797.1419392347,0.00445946981521409,0.032626537597778144,376727.18694420555,2614358.3752940805,995998668.2486463,0.010950451180824196,2.1908902300206643,std
auction,claritree,5,0.005,3,20,20,quantile,1.0,0.011439215904856297,1329430.9995307694,0.00684244031459256,0.03626822898110416,873141.8088808154,2879003.20303347,1134103840.8508937,0.004782228664580911,1.3416407864998738,std
auction,claritree,5,0.008,3,20,20,quantile,1.0,0.007797576083553794,806031.1199558697,0.011129819133087807,0.037021777548115975,1306219.7696189887,3224042.9624894485,1078165871.3748403,0.005757030798311937,1.0000000000000002,std
auction,claritree,5,0.01,3,20,20,quantile,1.0,0.004309196635725046,514010.6587611467,0.008150923170417932,0.03117727056888745,987449.6389423239,2549103.8162328033,920771882.950328,0.005148902015437193,0.5477225575051663,std
auction,claritree,5,0.03,3,20,20,quantile,1.0,0.006735736805655356,672640.0117528096,0.006148301464446365,0.026832496380188475,470100.9294881604,1893114.771150865,743312201.4539104,0.005385198690431718,0.0,std
auction,claritree,5,0.05,3,20,20,quantile,1.0,0.006096309493247128,475121.92115854315,0.006148301464446365,0.026832496380188475,470100.9294881604,1893114.771150865,861563785.3561592,0.004044604610713872,0.0,std
auction,claritree,5,0.08,3,20,20,quantile,1.0,0.006096309493247128,475121.92115854315,0.006148301464446365,0.026832496380188475,470100.9294881604,1893114.771150865,1165935113.0916917,0.004188225911580415,0.0,std
auction,claritree,5,0.1,3,20,20,quantile,1.0,0.006096309493247128,475121.92115854315,0.006148301464446365,0.026832496380188475,470100.9294881604,1893114.771150865,1411538971.9984136,0.003908890939799248,0.0,std
auction,claritree,5,0.001,3,20,20,quantile,1.0,0.931984370539708,7341236.525952028,0.9367856195582702,0.9217523632859521,6796254.086930856,8196925.231550324,13921070876.936527,0.1349673748016357,16.0,best_by_mean_val_r2
auto_mpg,claritree,5,0.0001,3,20,20,quantile,1.0,0.7609620171184893,14.339375669959884,0.9447965681226757,0.7987671589591354,3.3533671427897334,12.279942250479865,1112.595582554437,0.11811184883117672,32.0,mean
auto_mpg,claritree,5,0.0005,3,20,20,quantile,1.0,0.767071767884802,14.0377803195869,0.9444372489937878,0.7987829185470794,3.376216398118752,12.17623192568886,1359.7979478210186,0.11828966140747069,31.6,mean
auto_mpg,claritree,5,0.001,3,20,20,quantile,1.0,0.7694433761055546,13.902967126398568,0.9429535605737296,0.80748924978158,3.4648051605863586,11.712671240524395,1665.8703469995385,0.11784296035766598,30.4,mean
auto_mpg,claritree,5,0.003,3,20,20,quantile,1.0,0.7789688552529187,13.249121318435872,0.9188104316758354,0.7861388581870364,4.9323286795855505,12.999972998442805,2564.5765044052046,0.11314907073974605,17.8,mean
auto_mpg,claritree,5,0.005,3,20,20,quantile,1.0,0.7826821544542639,13.068261202594835,0.9030601211172902,0.7724549672922942,5.88947217747438,13.797070070470118,3142.486586675505,0.11152215003967281,13.6,mean
auto_mpg,claritree,5,0.008,3,20,20,quantile,1.0,0.778910535719816,13.365833272002641,0.8855390056292146,0.7721485196156506,6.952087796757459,13.881387185310654,3796.4272240305377,0.10774931907653804,10.6,mean
auto_mpg,claritree,5,0.01,3,20,20,quantile,1.0,0.7813011672343347,13.25949417329548,0.8690593277518358,0.7739551813382227,7.955356026978732,13.767021675759924,4171.517653127507,0.10528569221496575,8.8,mean
auto_mpg,claritree,5,0.03,3,20,20,quantile,1.0,0.7433541923056877,15.486626577208497,0.81854754803242,0.74663630522092,11.036154108744636,15.347461253533107,6542.319574927869,0.07970881462097164,5.4,mean
auto_mpg,claritree,5,0.05,3,20,20,quantile,1.0,0.6815088306384324,19.218067000182618,0.7628127706533357,0.7164473890688582,14.390527005580253,17.199769821975035,8518.518116681087,0.06112742424011226,4.2,mean
auto_mpg,claritree,5,0.08,3,20,20,quantile,1.0,0.6240300011689286,22.699981774428018,0.6909225203044078,0.666531957117648,18.78035311047085,20.239766121485946,10460.590210721772,0.05109829902648923,3.0,mean
auto_mpg,claritree,5,0.1,3,20,20,quantile,1.0,0.6074392883013415,23.72717165509317,0.6725390520892,0.612651082389031,19.869361078097448,23.731234432071833,11573.323334339559,0.04465713500976558,2.8,mean
auto_mpg,claritree,5,0.0001,3,20,20,quantile,1.0,0.032523029293151345,1.8854404309401076,0.002712300928973318,0.05055819838199173,0.1877168177789949,3.778110949395732,60.18298709179793,0.003283050636730612,0.0,std
auto_mpg,claritree,5,0.0005,3,20,20,quantile,1.0,0.02434341850542113,1.4626065009649296,0.0047400934971225245,0.0574107400577299,0.3178250717487961,3.7698992583767166,106.13817993568873,0.006214058885747255,0.547722557505166,std
auto_mpg,claritree,5,0.001,3,20,20,quantile,1.0,0.036625122992377336,2.1798038055899838,0.004154822583097811,0.051381454169910946,0.2627742993862672,3.6238015553281246,96.05457525381077,0.006217477891934762,1.1401754250991378,std
auto_mpg,claritree,5,0.003,3,20,20,quantile,1.0,0.011468599235086818,0.7820541491631907,0.003928062778279003,0.04699386092523043,0.28207053577292546,3.421040972006314,173.1826965934261,0.005046784186421989,1.3038404810405295,std
auto_mpg,claritree,5,0.005,3,20,20,quantile,1.0,0.010271807087945273,0.7663571135449576,0.004037626407865783,0.03969508010644637,0.31104600730396464,3.008082608651442,145.27373005005228,0.00457895765083576,0.5477225575051662,std
auto_mpg,claritree,5,0.008,3,20,20,quantile,1.0,0.02290434611181138,1.593837969218047,0.007495002977882794,0.05986354337083575,0.4761234048970068,4.4112111113224985,164.50018095942417,0.004928543473220507,1.140175425099138,std
auto_mpg,claritree,5,0.01,3,20,20,quantile,1.0,0.012679759144342261,0.9100071114411104,0.018250350855525937,0.05242202761258894,1.1435139701162607,4.075736394179335,192.20760439157897,0.006736448100201737,1.7888543819998317,std
auto_mpg,claritree,5,0.03,3,20,20,quantile,1.0,0.018893788141522157,1.4623656683162929,0.02068028307112448,0.05087779386162336,1.4125070351136062,3.7638352514339695,273.25807550491135,0.006549575076147573,0.5477225575051663,std
auto_mpg,claritree,5,0.05,3,20,20,quantile,1.0,0.017367630533925236,1.342380747007107,0.049281831478282224,0.05136190463473217,2.891639895093583,3.9144113629872437,364.537928286675,0.0008594088632799701,0.8366600265340756,std
auto_mpg,claritree,5,0.08,3,20,20,quantile,1.0,0.019629875538201478,1.4631344762627336,0.018708187578142868,0.08409876661105471,1.320855174722898,6.06564605942784,468.10001831631155,0.0037242303881589237,0.0,std
auto_mpg,claritree,5,0.1,3,20,20,quantile,1.0,0.029263053945145733,2.152561148615686,0.027123367265204885,0.13766427707555998,1.3474222443249622,10.011434111766675,545.9667676556277,0.008105021271724888,0.4472135954999579,std
auto_mpg,claritree,5,0.005,3,20,20,quantile,1.0,0.7826821544542639,13.068261202594835,0.9030601211172902,0.7724549672922942,5.88947217747438,13.797070070470118,3142.486586675505,0.11152215003967281,13.6,best_by_mean_val_r2
energe_c,claritree,5,0.0001,3,20,20,quantile,1.0,0.9540121335815543,4.171565876318368,0.9715650199898137,0.9614681557335981,2.5697715145352737,3.462971479906521,1755.4319935137914,0.07402448654174801,31.8,mean
energe_c,claritree,5,0.0005,3,20,20,quantile,1.0,0.953827071744344,4.183203678801798,0.9701844695806834,0.9617301013250558,2.6943602651671643,3.4388831270038964,2410.5711317329997,0.07352232933044428,27.2,mean
energe_c,claritree,5,0.001,3,20,20,quantile,1.0,0.9534948539856979,4.217673305894302,0.9650163569690919,0.9571133665543112,3.1621596998539445,3.8598018451878637,3086.1192652237833,0.07362146377563472,20.6,mean
energe_c,claritree,5,0.003,3,20,20,quantile,1.0,0.9396006456685184,5.457824440886554,0.9497699265183985,0.9397301371638289,4.539838702169566,5.422943942066945,4787.564836240938,0.07005486488342282,12.0,mean
energe_c,claritree,5,0.005,3,20,20,quantile,1.0,0.933587950450496,5.99061020486559,0.9401577402302193,0.9319604774445619,5.405595010136871,6.126445245420308,5987.362979857511,0.06673111915588373,9.6,mean
energe_c,claritree,5,0.008,3,20,20,quantile,1.0,0.9159385859477602,7.564083320170633,0.9232333623927353,0.9179525586670685,6.936690546923022,7.390531165481015,7282.543751252934,0.061791133880615225,6.8,mean
energe_c,claritree,5,0.01,3,20,20,quantile,1.0,0.900010238500567,8.994158059729662,0.9030239462907504,0.8972917104859348,8.761844038751027,9.259498739796154,7938.28436868057,0.05591216087341304,4.6,mean
energe_c,claritree,5,0.03,3,20,20,quantile,1.0,0.8759726409333742,11.178289660918418,0.8778557565030031,0.876441280495529,11.037643857439337,11.128216720261184,11778.559660614217,0.03752784729003902,3.0,mean
energe_c,claritree,5,0.05,3,20,20,quantile,1.0,0.8759726409333742,11.178289660918418,0.8778557565030031,0.876441280495529,11.037643857439337,11.128216720261184,15109.818097165078,0.028973579406738236,3.0,mean
energe_c,claritree,5,0.08,3,20,20,quantile,1.0,0.8151255997067356,16.77550704163075,0.8194136013636639,0.8088798844953227,16.32258610345838,17.210524373913316,19798.295007879908,0.025123310089111277,2.2,mean
energe_c,claritree,5,0.1,3,20,20,quantile,1.0,0.8014031873854343,17.96217373295741,0.8024086370588537,0.8016313678506393,17.85556136699328,17.868488066610897,22074.76004223261,0.02436661720275874,2.0,mean
energe_c,claritree,5,0.0001,3,20,20,quantile,1.0,0.002776218996232538,0.2675622202351505,0.0009073223267597462,0.010188241325683339,0.09161429588691945,0.8698754677118916,58.08905229862386,0.002667552153092467,0.44721359549995765,std
energe_c,claritree,5,0.0005,3,20,20,quantile,1.0,0.003245056050453563,0.31240349511026644,0.0009782083784302248,0.008062661877115063,0.09219306278928642,0.6655244114286034,57.77641711344784,0.002363027199803747,0.8366600265340757,std
energe_c,claritree,5,0.001,3,20,20,quantile,1.0,0.004295035203718472,0.43022300825088117,0.0029400593572241405,0.0029400974246105607,0.27835345490482005,0.21727509680072213,58.95909115746006,0.004029236380695038,2.302172886644268,std
energe_c,claritree,5,0.003,3,20,20,quantile,1.0,0.003518685168704968,0.32890893952740063,0.0038782797504523904,0.0068337155682042195,0.36313370220605906,0.5585644403833193,86.4756526691254,0.004375317881494559,1.2247448713915892,std
energe_c,claritree,5,0.005,3,20,20,quantile,1.0,0.005759642667779861,0.5304232498083897,0.004739424269544497,0.010254042000632792,0.39526185800584485,0.9103677137216294,136.986513844871,0.004838352011337435,0.8944271909999161,std
energe_c,claritree,5,0.008,3,20,20,quantile,1.0,0.00701580671200986,0.6147878379809973,0.0036725081720665343,0.011635571242655825,0.3237189178182544,1.0562515147781246,137.3010294181787,0.00208160830654929,0.44721359549995804,std
energe_c,claritree,5,0.01,3,20,20,quantile,1.0,0.005850082345903648,0.5716893231619466,0.008802631539947536,0.014109590526782066,0.7815390249561093,1.3626131768300125,188.8174126774599,0.004598472951459223,0.8944271909999159,std
energe_c,claritree,5,0.03,3,20,20,quantile,1.0,0.0051108618840090235,0.4554859196918781,0.004371367839768822,0.017730727403010717,0.39742933089333016,1.62516741363424,259.24675687340243,0.0018417322235000084,0.0,std
energe_c,claritree,5,0.05,3,20,20,quantile,1.0,0.0051108618840090235,0.4554859196918781,0.004371367839768822,0.017730727403010717,0.39742933089333016,1.62516741363424,267.8417533314329,0.0011533195715873138,0.0,std
energe_c,claritree,5,0.08,3,20,20,quantile,1.0,0.019989837498141243,1.7490011461398778,0.03587535248106644,0.03251954939453608,3.2612512553058,2.946553954868278,323.774766514779,0.0009854808297600477,0.4472135954999579,std
energe_c,claritree,5,0.1,3,20,20,quantile,1.0,0.005789844195730231,0.5658960639774051,0.0055504610311994315,0.021962588182074017,0.5118430664622142,2.042015468666954,345.8038042794317,0.0011358442648382702,0.0,std
energe_c,claritree,5,0.0001,3,20,20,quantile,1.0,0.9540121335815543,4.171565876318368,0.9715650199898137,0.9614681557335981,2.5697715145352737,3.462971479906521,1755.4319935137914,0.07402448654174801,31.8,best_by_mean_val_r2
energe_h,claritree,5,0.0001,3,20,20,quantile,1.0,0.9929468095992501,0.7170835166090861,0.9955347847955759,0.995066699226577,0.4538687944956261,0.4971912691967001,473.64753027652876,0.07334132194519039,31.2,mean
energe_h,claritree,5,0.0005,3,20,20,quantile,1.0,0.9911511899772603,0.9014573029637869,0.9939153397600972,0.9929370615230066,0.61812520299845,0.7157383335765839,1173.2896486849074,0.07298874855041497,25.4,mean
energe_h,claritree,5,0.001,3,20,20,quantile,1.0,0.9877851385570798,1.2445210239896596,0.992293801579267,0.9915243491247866,0.783008110389958,0.8609747178255412,1905.4648084238543,0.07158637046813958,22.8,mean
energe_h,claritree,5,0.003,3,20,20,quantile,1.0,0.9708931817810603,2.9571054832398915,0.9754023648895032,0.970372249977253,2.5005125382860647,3.005486838452217,3934.92177999896,0.0725470066070556,12.8,mean
energe_h,claritree,5,0.005,3,20,20,quantile,1.0,0.9555026751794451,4.514247634729121,0.9667498251182947,0.9590623460012088,3.3834143474961196,4.1154520560969825,5386.865194642291,0.07278628349304195,10.6,mean
energe_h,claritree,5,0.008,3,20,20,quantile,1.0,0.9396763451017544,6.109802278317703,0.9474690578752922,0.9389899170827345,5.338943152511148,6.161704493759428,6978.104209861682,0.07027802467346186,7.4,mean
energe_h,claritree,5,0.01,3,20,20,quantile,1.0,0.930569173035084,7.036787518423362,0.9382296848289471,0.9308243042099603,6.27176771075623,7.013337392393195,7855.356577682098,0.06435780525207511,6.4,mean
energe_h,claritree,5,0.03,3,20,20,quantile,1.0,0.8884599523669733,11.303389358616066,0.8816116545347092,0.878873826527035,12.044589952868943,12.197089522901178,13389.462804015697,0.036969375610351504,3.2,mean
energe_h,claritree,5,0.05,3,20,20,quantile,1.0,0.8744972370100944,12.72154442714616,0.8755529814632137,0.8740556136910984,12.648656660884209,12.724746866113653,17140.812189750683,0.029628944396972622,3.0,mean
energe_h,claritree,5,0.08,3,20,20,quantile,1.0,0.8507534080949704,15.15783872520409,0.8596537208192986,0.8533553626275647,14.259394980571638,14.855957370348847,22756.173399601455,0.026098155975341757,2.8,mean
energe_h,claritree,5,0.1,3,20,20,quantile,1.0,0.7898697891383673,21.33270607137331,0.7911074418921931,0.7892512889420144,21.233304410703642,21.319747090492427,25538.298288918628,0.025201797485351517,2.0,mean
energe_h,claritree,5,0.0001,3,20,20,quantile,1.0,0.0011186609429718753,0.10796107452921676,0.00013334977506866062,0.0008270579880049627,0.012107551944901332,0.06274114459748067,9.58927897640159,0.001639248890300322,1.0954451150103324,std
energe_h,claritree,5,0.0005,3,20,20,quantile,1.0,0.001228566690790781,0.12326049392873394,0.0005660362046536633,0.001171691383809263,0.052325751785666584,0.12495810048378678,18.975812709299948,0.0016397066481169313,1.1401754250991383,std
energe_h,claritree,5,0.001,3,20,20,quantile,1.0,0.002434651406975606,0.23900729810122767,0.0005448456380471114,0.001175546791039133,0.04811461176559619,0.14655051410223374,33.72276426179622,0.0016238420670032405,0.44721359549995787,std
energe_h,claritree,5,0.003,3,20,20,quantile,1.0,0.0024062946790529595,0.2781431683534394,0.0029041858092215584,0.004167100880459762,0.2948978419964143,0.48348106705258714,80.60017497840128,0.009037654538907335,0.8366600265340758,std
energe_h,claritree,5,0.005,3,20,20,quantile,1.0,0.002416410772454519,0.2932932002775135,0.003869488517143006,0.011716146662803746,0.43433512868347474,1.0040146372665901,67.3580543810347,0.007375886035970105,0.8944271909999157,std
energe_h,claritree,5,0.008,3,20,20,quantile,1.0,0.0055579053335335785,0.5185031398354676,0.00479764181522203,0.00864804539385827,0.4791034107413358,0.7703688157554733,129.91552643233234,0.00417377395202582,0.5477225575051662,std
energe_h,claritree,5,0.01,3,20,20,quantile,1.0,0.0008468780556150459,0.14239371210264404,0.0063667074856681325,0.008204500032439806,0.553775658070808,0.9605426290174219,142.84469127460483,0.007562376338933842,0.547722557505166,std
energe_h,claritree,5,0.03,3,20,20,quantile,1.0,0.008024337723966143,0.8693766977324446,0.00943132001276009,0.026973176625468723,1.093424591270457,2.5081057975106296,243.95276406598364,0.0017702464495070026,0.4472135954999579,std
energe_h,claritree,5,0.05,3,20,20,quantile,1.0,0.004659792583495206,0.3856452973359386,0.004363124090052601,0.01645629766306523,0.36978123427624326,1.4904445412846494,276.5759302220953,0.0008815228071555667,0.0,std
energe_h,claritree,5,0.08,3,20,20,quantile,1.0,0.02591449532640806,2.6211146154371736,0.035585682700913016,0.04971538630036695,3.573954149662136,5.180629330787885,340.652718101685,0.001027379956074596,0.447213595499958,std
energe_h,claritree,5,0.1,3,20,20,quantile,1.0,0.004492303872043718,0.4095154990970634,0.004292950527852354,0.01653229684253032,0.3520923436004202,1.3911330006790064,342.28538880779456,0.0009399109031264918,0.0,std
energe_h,claritree,5,0.0001,3,20,20,quantile,1.0,0.9929468095992501,0.7170835166090861,0.9955347847955759,0.995066699226577,0.4538687944956261,0.4971912691967001,473.64753027652876,0.07334132194519039,31.2,best_by_mean_val_r2
insurance,claritree,5,0.0001,3,20,20,quantile,1.0,0.7863489399976322,31249817.40717247,0.883036338053464,0.8349619306498145,17118782.510371946,23815419.568566598,18822695150.279823,0.26799864768981935,31.8,mean
insurance,claritree,5,0.0005,3,20,20,quantile,1.0,0.793833291873787,30105205.67318495,0.8808899611502126,0.8361485987316991,17428177.545163415,23598292.59455643,20812426742.048035,0.268617057800293,27.4,mean
insurance,claritree,5,0.001,3,20,20,quantile,1.0,0.7980485378547891,29554932.72209503,0.877054723093958,0.8387163088779627,18000771.04014522,23133722.389056906,22689781299.787262,0.27109370231628416,21.8,mean
insurance,claritree,5,0.003,3,20,20,quantile,1.0,0.835436018192014,24179662.462989677,0.8551414226629184,0.8391755927051923,21211880.171292327,23215767.598767538,26563387361.745934,0.26436405181884765,8.2,mean
insurance,claritree,5,0.005,3,20,20,quantile,1.0,0.8369027378449936,23908270.314467017,0.8524090318506058,0.8357930258454547,21612848.443005845,23695188.518155627,28936289748.95515,0.26178297996520994,7.4,mean
insurance,claritree,5,0.008,3,20,20,quantile,1.0,0.8275285121307038,25267371.36394111,0.8388486584454128,0.8251811410134163,23607858.604245193,25114890.22292024,32030979945.317284,0.2552693367004394,5.4,mean
insurance,claritree,5,0.01,3,20,20,quantile,1.0,0.8233362543827616,25877723.241083495,0.8317557572031282,0.8200644801134898,24649063.582244895,25929164.190251343,33581950836.73036,0.25154476165771483,4.6,mean
insurance,claritree,5,0.03,3,20,20,quantile,1.0,0.8183401940923073,26620784.880398743,0.8251211382824974,0.819830827776831,25604438.91984833,25938835.104702476,46228256913.16344,0.2088566780090332,4.0,mean
insurance,claritree,5,0.05,3,20,20,quantile,1.0,0.8183401940923073,26620784.880398743,0.8251211382824974,0.819830827776831,25604438.91984833,25938835.104702476,58775802705.97194,0.17647066116333004,4.0,mean
insurance,claritree,5,0.08,3,20,20,quantile,1.0,0.7574512321909543,35505833.23291196,0.761880867847422,0.758109041984244,34861259.68051867,34850839.833973765,74958309341.23988,0.12905740737915034,3.0,mean
insurance,claritree,5,0.1,3,20,20,quantile,1.0,0.7574512321909543,35505833.23291196,0.761880867847422,0.758109041984244,34861259.68051867,34850839.833973765,84368968685.84627,0.12261424064636225,3.0,mean
insurance,claritree,5,0.0001,3,20,20,quantile,1.0,0.025329110238410314,3590525.6945721633,0.009153921878931128,0.038242261629179715,1195986.7091785916,5132029.55089247,1278025888.5766563,0.010808362393942285,0.44721359549995765,std
insurance,claritree,5,0.0005,3,20,20,quantile,1.0,0.022172537967057336,3123054.6889166804,0.010370470070884442,0.04040688956123675,1308130.0379885905,5319606.0100714555,1293657870.1283758,0.012594699792596921,4.505552130427524,std
insurance,claritree,5,0.001,3,20,20,quantile,1.0,0.013091265139795886,2196707.48842936,0.008937284310041371,0.04642052141564414,1275853.4652425414,5859942.965975543,1266798404.984063,0.009484489904463317,1.4832396974191326,std
insurance,claritree,5,0.003,3,20,20,quantile,1.0,0.005878299731671123,1021030.8289067431,0.0070540763198372325,0.036818754266107694,1037391.763351413,4947056.441138531,1193342371.1055036,0.007956850785176259,0.44721359549995776,std
insurance,claritree,5,0.005,3,20,20,quantile,1.0,0.004074090714342036,563553.1744969058,0.006915633455643773,0.03651541335680633,1038839.8089284202,4835515.177761774,1208204173.0428786,0.00889488348612494,0.5477225575051662,std
insurance,claritree,5,0.008,3,20,20,quantile,1.0,0.006729712495409859,347629.41375183524,0.005131462948663148,0.042168063089618915,1090283.6845790034,5081546.710845484,1231760470.6770098,0.009498584395244779,0.5477225575051662,std
insurance,claritree,5,0.01,3,20,20,quantile,1.0,0.00934624772013168,1021231.5528862164,0.01013775413443483,0.03661321532577415,1747481.5205396116,4546395.018904519,1243415637.7055492,0.008030753915359559,0.5477225575051661,std
insurance,claritree,5,0.03,3,20,20,quantile,1.0,0.009458658536682743,1024463.9279499248,0.007373930704254489,0.03926789513542376,972708.9762542105,4844556.665278431,1534807994.6395533,0.007430799888199326,0.0,std
insurance,claritree,5,0.05,3,20,20,quantile,1.0,0.009458658536682743,1024463.9279499248,0.007373930704254489,0.03926789513542376,972708.9762542105,4844556.665278431,1961968367.0599182,0.0073748416777326955,0.0,std
insurance,claritree,5,0.08,3,20,20,quantile,1.0,0.008644813994015624,332742.5437805116,0.007678390931774627,0.032369660932994135,785401.7691877425,3050615.2471320424,2169792780.2437806,0.003439273878608811,0.0,std
insurance,claritree,5,0.1,3,20,20,quantile,1.0,0.008644813994015624,332742.5437805116,0.007678390931774627,0.032369660932994135,785401.7691877425,3050615.2471320424,2535525983.0101495,0.0035628974659826724,0.0,std
insurance,claritree,5,0.005,3,20,20,quantile,1.0,0.8369027378449936,23908270.314467017,0.8524090318506058,0.8357930258454547,21612848.443005845,23695188.518155627,28936289748.95515,0.26178297996520994,7.4,best_by_mean_val_r2
optical_net,claritree,5,0.0001,3,20,20,quantile,1.0,0.8080979769021654,0.007914786215568539,0.9220267038592469,0.8362482822103818,0.00324026652557982,0.00670950061843478,1.700027844989183,0.16861705780029293,32.0,mean
optical_net,claritree,5,0.0005,3,20,20,quantile,1.0,0.8083782482465424,0.00791688455569786,0.9228037892741969,0.8383981984422452,0.0032080584353650203,0.00663192066851918,1.9515290319085974,0.16649127006530756,32.0,mean
optical_net,claritree,5,0.001,3,20,20,quantile,1.0,0.8052719779531283,0.00804267504421156,0.9221595128217042,0.8228433902387827,0.00323471750697448,0.00725906712687132,2.2829175078098434,0.16536526679992672,31.2,mean
optical_net,claritree,5,0.003,3,20,20,quantile,1.0,0.8041536955534341,0.00808075585645548,0.9030701380784529,0.8278029831920799,0.0040243258356393195,0.0071750683576284405,3.3590968106102523,0.15969762802124018,21.2,mean
optical_net,claritree,5,0.005,3,20,20,quantile,1.0,0.7897478064494634,0.00869434838725136,0.8904414632698895,0.806838169587029,0.00454753197218848,0.00799544029726906,4.132543152259537,0.1559259414672851,17.6,mean
optical_net,claritree,5,0.008,3,20,20,quantile,1.0,0.7836611534585736,0.008942576879687799,0.8657950559996952,0.7828921462466554,0.005571495448920339,0.00897197152016606,5.150234197108904,0.15345740318298334,14.0,mean
optical_net,claritree,5,0.01,3,20,20,quantile,1.0,0.7718399064233669,0.00941023541173404,0.8509157294794505,0.7686183579174074,0.0061922873516478405,0.00953885631839326,5.711939916360524,0.15001902580261225,12.4,mean
optical_net,claritree,5,0.03,3,20,20,quantile,1.0,0.6884415801493191,0.01286396124259416,0.7487518787915066,0.6796106585505377,0.01042009136436948,0.012993906643315581,9.2624913433887,0.13095655441284176,6.4,mean
optical_net,claritree,5,0.05,3,20,20,quantile,1.0,0.6352096615076089,0.01504666466090456,0.660741536976356,0.6247941067373303,0.01406284169891502,0.015260455368804441,11.27101697231068,0.11247200965881343,4.0,mean
optical_net,claritree,5,0.08,3,20,20,quantile,1.0,0.5345967659597459,0.01920501608158488,0.5259961805031217,0.4845755026996971,0.01969637969735874,0.020968837918905282,13.586422041377824,0.10290203094482415,2.2,mean
optical_net,claritree,5,0.1,3,20,20,quantile,1.0,0.4891809869821662,0.02102530583276386,0.5084135553615121,0.48293693904706647,0.02037834062815614,0.02105342691911824,14.45402843264821,0.09713201522827146,2.0,mean
optical_net,claritree,5,0.0001,3,20,20,quantile,1.0,0.027097345197034457,0.0013056722663277761,0.005357130031677225,0.021899256602578868,0.00030738424845110416,0.0009632264408493331,0.1571019140236995,0.00448851438648187,0.0,std
optical_net,claritree,5,0.0005,3,20,20,quantile,1.0,0.03265106255261304,0.0015470613769620663,0.004555530665941056,0.019802809106511783,0.0002855070714979763,0.0009740280867326178,0.15576278554390618,0.006533620610165079,0.0,std
optical_net,claritree,5,0.001,3,20,20,quantile,1.0,0.03392157928580198,0.0014829354641823851,0.004634241612183731,0.020130125393588345,0.00028829013275546864,0.0009663091043025049,0.16663147974390471,0.006364730044926961,0.8366600265340751,std
optical_net,claritree,5,0.003,3,20,20,quantile,1.0,0.029499694046628878,0.0013216606626645672,0.00741168412174093,0.029582367752527813,0.00036038990688152384,0.002100969770889015,0.17631681322942397,0.005329690392648649,1.9235384061671343,std
optical_net,claritree,5,0.005,3,20,20,quantile,1.0,0.01854370668332723,0.001041454299106758,0.004140856606330809,0.04466704742601326,0.00026143233228764155,0.0023655065913957465,0.1728235423548501,0.004441343905947316,0.8944271909999162,std
optical_net,claritree,5,0.008,3,20,20,quantile,1.0,0.020836269887663548,0.0009878841821789038,0.008607709857283076,0.04642052007468826,0.0004555558441517941,0.0024169180856408196,0.22485923751687678,0.005930653957859679,1.414213562373095,std
optical_net,claritree,5,0.01,3,20,20,quantile,1.0,0.019006414531780615,0.0007993229020884657,0.011571963465958826,0.047468416561842065,0.000608624962184458,0.0023909716460337196,0.25095959810857194,0.005803611518733525,1.51657508881031,std
optical_net,claritree,5,0.03,3,20,20,quantile,1.0,0.014592680436800178,0.0007704078321238696,0.012540848242652591,0.06523700567912309,0.0005106255029982277,0.0017087518735815464,0.16694349790184498,0.010308983655472805,0.5477225575051661,std
optical_net,claritree,5,0.05,3,20,20,quantile,1.0,0.01668904862074704,0.000930147372376326,0.01714096254847042,0.06291588341391309,0.00047765329453832437,0.0016309726109065194,0.3006344262180373,0.00934864485266736,0.0,std
optical_net,claritree,5,0.08,3,20,20,quantile,1.0,0.04989947159502346,0.0021032773943023718,0.027960997897863396,0.0696981392789496,0.0017225583806437567,0.0012921578906614779,0.3106008987193039,0.006476171712379431,0.4472135954999579,std
optical_net,claritree,5,0.1,3,20,20,quantile,1.0,0.024388516041418083,0.000928468486636708,0.01961887310455619,0.06730018370632673,0.00036591371956372863,0.001409517993169011,0.2753829900742832,0.004404322029661817,0.0,std
optical_net,claritree,5,0.0005,3,20,20,quantile,1.0,0.8083782482465424,0.00791688455569786,0.9228037892741969,0.8383981984422452,0.0032080584353650203,0.00663192066851918,1.9515290319085974,0.16649127006530756,32.0,best_by_mean_val_r2
real_estate,claritree,5,0.0001,3,20,20,quantile,1.0,0.4767899274141774,96.21789365388672,0.8883650789558246,0.43018024726278536,20.491907131526258,96.03075818520139,6982.825864830741,0.13251872062683104,32.0,mean
real_estate,claritree,5,0.0005,3,20,20,quantile,1.0,0.4830145929868916,94.99979559325365,0.8871916251755481,0.42308174580042124,20.688723811561445,97.40787466736063,7818.00564002594,0.13210568428039549,31.6,mean
real_estate,claritree,5,0.001,3,20,20,quantile,1.0,0.4760010230398482,96.2924507679904,0.8888044409658822,0.39576821996642975,20.410719827267904,102.9727714900527,8667.283215863383,0.13162794113159176,31.2,mean
real_estate,claritree,5,0.003,3,20,20,quantile,1.0,0.45203033032228246,99.58666542977531,0.8776346240641482,0.4069924077921948,22.516717794207207,104.51585809821654,12144.890073118226,0.1299209117889404,25.6,mean
real_estate,claritree,5,0.005,3,20,20,quantile,1.0,0.40985907810300004,107.9052667665682,0.8557157102488372,0.09152882594807511,26.516928977299706,149.5650874788602,14761.988927594948,0.1269708156585693,19.6,mean
real_estate,claritree,5,0.008,3,20,20,quantile,1.0,0.4325265136630677,104.2067664458721,0.8209952308329758,0.09624122676729115,32.852558679122666,148.6421939659677,17834.755547765533,0.12340617179870603,14.2,mean
real_estate,claritree,5,0.01,3,20,20,quantile,1.0,0.45099602987756027,99.47179869339531,0.8052113961765903,0.040265276453268856,35.79389617932829,159.0593949689398,19435.83940711696,0.12079749107360835,12.4,mean
real_estate,claritree,5,0.03,3,20,20,quantile,1.0,0.39897822907725433,109.62671835193024,0.6769604442421644,0.40104709094310664,59.48054496604858,103.79857896655126,29621.828771760076,0.10260391235351558,5.4,mean
real_estate,claritree,5,0.05,3,20,20,quantile,1.0,0.36317890266675834,115.52794949578549,0.5950595798744807,0.5367176513810248,74.58695827439465,83.46267063678621,35132.88198003273,0.08872909545898436,3.4,mean
real_estate,claritree,5,0.08,3,20,20,quantile,1.0,0.5244654731302568,88.30315977603395,0.5559317470864575,0.4956287758664516,82.00621693003518,90.60166598396921,40832.1846166248,0.07376084327697749,2.8,mean
real_estate,claritree,5,0.1,3,20,20,quantile,1.0,0.492598212597387,93.6343922105427,0.5022668202165088,0.47158550465572907,91.9360992622908,95.1837738601889,43863.29292710322,0.06450409889221186,2.2,mean
real_estate,claritree,5,0.0001,3,20,20,quantile,1.0,0.10686807166742436,22.050631153167004,0.0181133168205742,0.38191602194110136,2.5847037480894546,43.68030655674574,853.8036876885142,0.0032472350846665652,0.0,std
real_estate,claritree,5,0.0005,3,20,20,quantile,1.0,0.08363826477824053,18.119545709892165,0.020952624348645615,0.3782623967137278,3.0108774498352058,43.2202630272024,951.8050541461977,0.003427651514799519,0.5477225575051662,std
real_estate,claritree,5,0.001,3,20,20,quantile,1.0,0.08363856407790206,17.970917193751113,0.017747783896770196,0.36709780845514206,2.496947976995956,43.08722807911813,731.3909121406263,0.0030515434825035084,0.8366600265340757,std
real_estate,claritree,5,0.003,3,20,20,quantile,1.0,0.0772468673864343,14.604438763565156,0.01269157642728799,0.24710477438734801,1.8060728503778418,36.998027327774736,446.4606907024182,0.0036854892232354233,1.51657508881031,std
real_estate,claritree,5,0.005,3,20,20,quantile,1.0,0.13730482031799693,25.23147828212416,0.021040611416797868,0.6687168974510312,3.030105855011271,80.70787131014063,704.5468156973773,0.004291852718708937,1.51657508881031,std
real_estate,claritree,5,0.008,3,20,20,quantile,1.0,0.1271106375061547,23.549583122580845,0.026740644043778485,0.6791530235428836,3.4141960551286847,83.06005927899939,570.0533581869328,0.0033732632505983373,1.4832396974191326,std
real_estate,claritree,5,0.01,3,20,20,quantile,1.0,0.18860517056160384,33.28772167376221,0.02055024126242903,0.6577900978072375,2.1133421701622526,77.94459186003937,621.2272816381093,0.0036804147560428346,0.8944271909999157,std
real_estate,claritree,5,0.03,3,20,20,quantile,1.0,0.19840495848648762,35.26607640860121,0.03450060021947917,0.3080115797670161,5.690170586268071,40.01837751057447,1409.4479191693015,0.008103567563920567,0.8944271909999159,std
real_estate,claritree,5,0.05,3,20,20,quantile,1.0,0.13522813588598243,26.259952032722904,0.03661132062855513,0.03917765614908523,6.157446420722,13.354883542769125,2020.2643954721848,0.004654481197038939,0.5477225575051661,std
real_estate,claritree,5,0.08,3,20,20,quantile,1.0,0.019691401619533314,6.028660137018784,0.0493678808219108,0.0773991202515587,10.771033748530083,16.58717872118221,2427.7027587927637,0.002617213650981508,0.44721359549995787,std
real_estate,claritree,5,0.1,3,20,20,quantile,1.0,0.01864631527237267,3.9826183594918008,0.048177831747003554,0.0560772837981313,11.08993832313837,16.121831768217497,2383.6861459478782,0.0011424360725021906,0.447213595499958,std
real_estate,claritree,5,0.08,3,20,20,quantile,1.0,0.5244654731302568,88.30315977603395,0.5559317470864575,0.4956287758664516,82.00621693003518,90.60166598396921,40832.1846166248,0.07376084327697749,2.8,best_by_mean_val_r2
servo,claritree,5,0.0001,3,20,20,quantile,1.0,0.5346593291950417,1.0700856635845468,0.615289407210818,0.4909789543330894,0.9237091014326781,1.0956249535443232,123.58468505472965,0.00086784362792964,5.4,mean
servo,claritree,5,0.0005,3,20,20,quantile,1.0,0.5359189178952644,1.0673251682501488,0.615231606452908,0.4910302779801077,0.9238371660201791,1.0955667372727884,124.23391636931069,0.0008531093597411599,5.0,mean
servo,claritree,5,0.001,3,20,20,quantile,1.0,0.5362670695323035,1.0662918917870319,0.6150850379671233,0.4819040895514298,0.9242310246149232,1.1062873887860771,125.01989042069427,0.00084786415100094,4.8,mean
servo,claritree,5,0.003,3,20,20,quantile,1.0,0.5335215412461017,1.073029678753126,0.6139525662491148,0.4760682131886821,0.9272742007591994,1.1131428681845803,128.07239635850175,0.00072479248046872,4.4,mean
servo,claritree,5,0.005,3,20,20,quantile,1.0,0.5295936867110338,1.0816100900298753,0.6105683937187446,0.46150861892201334,0.936005054047925,1.1383784808612416,130.30336747208258,0.00071778297424312,3.4,mean
servo,claritree,5,0.008,3,20,20,quantile,1.0,0.5315831844018022,1.0765316289408051,0.6060487671384001,0.46218801421241995,0.9454767214867547,1.1377022123590244,132.92421757338283,0.0006384849548339399,2.6,mean
servo,claritree,5,0.01,3,20,20,quantile,1.0,0.5348918710592319,1.0666537883585239,0.6060487671384001,0.46218801421241995,0.9454767214867547,1.1377022123590244,134.5752934407743,0.00061287879943844,2.6,mean
servo,claritree,5,0.03,3,20,20,quantile,1.0,0.5330858799024021,1.0732197010690308,0.6005928840392244,0.45988195436095464,0.9568032041137722,1.1455201357066458,149.23888857267798,0.00033349990844722,2.2,mean
servo,claritree,5,0.05,3,20,20,quantile,1.0,0.5476557008810231,1.038944940141136,0.5920142700123245,0.5159247399803509,0.9791853266825072,1.0547376068660843,163.01710328776682,0.00033102035522456,2.0,mean
servo,claritree,5,0.08,3,20,20,quantile,1.0,0.5470522540867329,1.0406167832555024,0.5920142700123245,0.5159247399803509,0.9791853266825072,1.0547376068660843,182.34223726593652,0.00033583641052242,2.0,mean
servo,claritree,5,0.1,3,20,20,quantile,1.0,0.5713080446686056,1.007008271939592,0.5920142700123245,0.5159247399803509,0.9791853266825072,1.0547376068660843,195.22565991804967,0.00033788681030268,2.0,mean
servo,claritree,5,0.0001,3,20,20,quantile,1.0,0.06874077057816927,0.08493380126726839,0.027180847042575087,0.19601466864312947,0.12028971338665989,0.5294911490388965,16.179522818051023,4.72315569634682e-05,0.5477225575051661,std
servo,claritree,5,0.0005,3,20,20,quantile,1.0,0.06888102582659042,0.08256508525776508,0.027211878314739008,0.19600480639065382,0.12026265772039277,0.5295633162698113,16.2565037702585,5.374803027658151e-05,0.0,std
servo,claritree,5,0.001,3,20,20,quantile,1.0,0.06929967081701735,0.08396213062149765,0.02722809559511784,0.1987180900722018,0.12073898828469855,0.518243926962538,16.332733313967196,2.7084077746426122e-05,0.44721359549995804,std
servo,claritree,5,0.003,3,20,20,quantile,1.0,0.06784850112459626,0.08574790479618265,0.02748514359105005,0.20152004084660008,0.12456798806667133,0.5114634249752246,16.531122698863502,4.2732498279339065e-05,1.3416407864998738,std
servo,claritree,5,0.005,3,20,20,quantile,1.0,0.06888801770913636,0.08426787339528687,0.026097179678540895,0.2007702370192422,0.12843480771653093,0.49619564827967605,16.271129806995983,7.518385391607767e-05,1.51657508881031,std
servo,claritree,5,0.008,3,20,20,quantile,1.0,0.0639533941265513,0.09146491702980855,0.029382703256087658,0.20182864185303342,0.12150588147537318,0.5029958646765822,16.081397628636257,4.8088796905378645e-05,0.5477225575051661,std
servo,claritree,5,0.01,3,20,20,quantile,1.0,0.06628014398206168,0.07960140186268594,0.029382703256087658,0.20182864185303342,0.12150588147537318,0.5029958646765822,16.035549984080163,2.3254429613477268e-05,0.5477225575051661,std
servo,claritree,5,0.03,3,20,20,quantile,1.0,0.06962032942751113,0.05919626585340835,0.03447242023664034,0.19972329644108372,0.11367187082242111,0.5098591395432585,17.102202531681804,1.8808188755276797e-05,0.447213595499958,std
servo,claritree,5,0.05,3,20,20,quantile,1.0,0.07273122229519621,0.03835391256198808,0.018951212789802583,0.10628797824248823,0.10976479609225528,0.4963296376549954,19.109444075376512,9.065551003070961e-06,0.0,std
servo,claritree,5,0.08,3,20,20,quantile,1.0,0.07242743864148446,0.039439490336812454,0.018951212789802583,0.10628797824248823,0.10976479609225528,0.4963296376549954,21.83801644208421,1.7837311131124007e-05,0.0,std
servo,claritree,5,0.1,3,20,20,quantile,1.0,0.020740785491836982,0.10686024508399629,0.018951212789802583,0.10628797824248823,0.10976479609225528,0.4963296376549954,23.662451456418914,2.0269365517926414e-05,0.0,std
servo,claritree,5,0.1,3,20,20,quantile,1.0,0.5713080446686056,1.007008271939592,0.5920142700123245,0.5159247399803509,0.9791853266825072,1.0547376068660843,195.22565991804967,0.00033788681030268,2.0,best_by_mean_val_r2
synch,claritree,5,0.0001,3,20,20,quantile,1.0,0.995375369116608,0.00015091223606654,0.9970277715724022,0.9960307227854713,9.665445063085281e-05,0.0001274036879238,0.08072712214383053,0.08288459777832027,26.0,mean
synch,claritree,5,0.0005,3,20,20,quantile,1.0,0.9935687683464787,0.00020923765919968,0.9946647668059926,0.9935886620718668,0.00017347813910642,0.00020536041596484002,0.20474696754615135,0.08120851516723629,17.6,mean
synch,claritree,5,0.001,3,20,20,quantile,1.0,0.9903532333355954,0.00031117824526476,0.9917825535578153,0.990580094412635,0.00026730224913286,0.000299967087464,0.3102594987721038,0.0772802352905273,13.2,mean
synch,claritree,5,0.003,3,20,20,quantile,1.0,0.9825561828650855,0.00055873445640986,0.984213130466246,0.9826399177920647,0.00051331495925264,0.0005537987146316001,0.6284887037033879,0.07995629310607907,9.2,mean
synch,claritree,5,0.005,3,20,20,quantile,1.0,0.9774423005726373,0.00072286924457628,0.9785336833022902,0.9754616010957765,0.0006978064643823,0.00078110928497784,0.8758307500474724,0.06206541061401362,7.8,mean
synch,claritree,5,0.008,3,20,20,quantile,1.0,0.9679374386780092,0.00103164276403714,0.9720784056373736,0.9685421179311821,0.0009079680488623401,0.00100125672459464,1.1925235039217459,0.06054944992065424,6.8,mean
synch,claritree,5,0.01,3,20,20,quantile,1.0,0.9624093623254535,0.00120843167650446,0.9649272890698413,0.962758486407527,0.0011400782807452,0.0011879900984438,1.3772234917038222,0.05424489974975581,6.0,mean
synch,claritree,5,0.03,3,20,20,quantile,1.0,0.9191748422105791,0.0026013959968487397,0.9255828590825734,0.9203948301560404,0.00241954891660376,0.00255324899067776,2.816577999567076,0.035687589645385695,4.0,mean
synch,claritree,5,0.05,3,20,20,quantile,1.0,0.8854042870034228,0.00366312450126918,0.8883526641893231,0.8772065705132203,0.0036367182255605604,0.00391324783550462,3.9351238062163474,0.0309371948242187,3.2,mean
synch,claritree,5,0.08,3,20,20,quantile,1.0,0.8712963191602647,0.00414238482367882,0.8781729822647846,0.8723458005033496,0.0039601164152419,0.004079124995720581,5.241472213398185,0.026867914199829056,3.0,mean
synch,claritree,5,0.1,3,20,20,quantile,1.0,0.8712963191602647,0.00414238482367882,0.8781729822647846,0.8723458005033496,0.0039601164152419,0.004079124995720581,6.1106776853746245,0.02535266876220698,3.0,mean
synch,claritree,5,0.0001,3,20,20,quantile,1.0,0.000504619661177145,1.5630309874463492e-05,9.161225682961932e-05,0.00047964072247614367,4.198956868162711e-06,2.0954385183702357e-05,0.001839226626130812,0.002762286246786391,1.0,std
synch,claritree,5,0.0005,3,20,20,quantile,1.0,0.0007272000532116355,2.139078215174361e-05,0.0006661261552212236,0.0011232815476724363,2.2145224918886324e-05,4.0685383489318576e-05,0.003044150981683203,0.0002120640719444299,1.1401754250991376,std
synch,claritree,5,0.001,3,20,20,quantile,1.0,0.000867822886274092,2.4346133947055535e-05,0.0009631805190728985,0.0014925598144454163,3.351163373624484e-05,3.931076361722836e-05,0.005562149170191888,0.0019624373034935194,0.8366600265340758,std
synch,claritree,5,0.003,3,20,20,quantile,1.0,0.0010087314225825006,2.728615818521744e-05,0.0016251459101006506,0.001606218543732346,5.4047245245674333e-05,3.817977211012681e-05,0.009571609832184687,0.004265073170181742,0.44721359549995804,std
synch,claritree,5,0.005,3,20,20,quantile,1.0,0.0018243859887122178,5.164231777569654e-05,0.002399870679169177,0.003917319835893015,7.867910038696896e-05,0.00010096084898576766,0.007902228500342988,0.001588176625295668,0.44721359549995804,std
synch,claritree,5,0.008,3,20,20,quantile,1.0,0.001788694025183523,5.562213545149127e-05,0.003298961431836558,0.005801443396909397,0.0001111989727173814,0.0001588274627950612,0.01853242534294934,0.003921750249292743,0.44721359549995804,std
synch,claritree,5,0.01,3,20,20,quantile,1.0,0.00035804055857719937,2.0554252219186058e-05,0.0008097382293021956,0.002621876473377089,2.56415135047534e-05,4.57571300014435e-05,0.02231506759801733,0.0018374499212472997,0.0,std
synch,claritree,5,0.03,3,20,20,quantile,1.0,0.0025705656250394177,0.00012107125152030516,0.001875126927953406,0.00810798502768453,8.311501672961088e-05,0.0003579160292047812,0.06357196309457706,0.000889932096164411,0.0,std
synch,claritree,5,0.05,3,20,20,quantile,1.0,0.011494114368796379,0.0004548342266643815,0.020751817161025726,0.021536994654709898,0.0007119174755676584,0.0006551044620591109,0.0661872514583728,0.0013854313359047655,0.447213595499958,std
synch,claritree,5,0.08,3,20,20,quantile,1.0,0.0041551307049358995,8.721454162500423e-05,0.0025778727664948252,0.01219387874347988,7.9404225646267e-05,0.000420815622344263,0.08460077776480933,0.001409343540026554,0.0,std
synch,claritree,5,0.1,3,20,20,quantile,1.0,0.0041551307049358995,8.721454162500423e-05,0.0025778727664948252,0.01219387874347988,7.9404225646267e-05,0.000420815622344263,0.09905156840596063,0.0015290228428858047,0.0,std
synch,claritree,5,0.0001,3,20,20,quantile,1.0,0.995375369116608,0.00015091223606654,0.9970277715724022,0.9960307227854713,9.665445063085281e-05,0.0001274036879238,0.08072712214383053,0.08288459777832027,26.0,best_by_mean_val_r2
yacht,claritree,5,0.0001,3,20,20,quantile,1.0,0.9866386706240597,3.005097414129872,0.9985944086415044,0.9862081362879014,0.32245031242255423,3.0977063434742664,224.08928677535,0.05274925231933588,25.6,mean
yacht,claritree,5,0.0005,3,20,20,quantile,1.0,0.98419241173698,3.5762497560231052,0.9953970349522582,0.990604085202292,1.0576763765492476,2.2238554641226402,610.5383005200317,0.04689803123474118,12.4,mean
yacht,claritree,5,0.001,3,20,20,quantile,1.0,0.9874314845359257,2.899788204439411,0.9931310438737311,0.9892537225123827,1.576468716079134,2.626196482700826,918.9487595753919,0.04497356414794918,9.4,mean
yacht,claritree,5,0.003,3,20,20,quantile,1.0,0.9833037892507743,3.7033107003590175,0.9892676204625127,0.9849856862267703,2.4555778770486287,3.6358144544407045,1827.3304160431067,0.03625998497009272,7.2,mean
yacht,claritree,5,0.005,3,20,20,quantile,1.0,0.9816525458037848,4.086130188759016,0.9849107225634122,0.983972986087359,3.471525169481569,3.852580076381062,2547.9756369650845,0.034655332565307576,6.0,mean
yacht,claritree,5,0.008,3,20,20,quantile,1.0,0.9763674969173188,5.194331148832991,0.9806338639160275,0.9782722222991695,4.468498126874851,5.056690766127244,3533.468922169793,0.030538129806518523,5.4,mean
yacht,claritree,5,0.01,3,20,20,quantile,1.0,0.9738921909993674,5.802310741786348,0.9773580847373792,0.9761853931701415,5.198200066194863,5.590150338281004,4101.720913750389,0.028950977325439397,5.0,mean
yacht,claritree,5,0.03,3,20,20,quantile,1.0,0.9531143363331838,10.31791171988969,0.9582122524647672,0.9567922717029379,9.580154768448647,9.977137240916335,9130.562216056223,0.01986045837402338,4.0,mean
yacht,claritree,5,0.05,3,20,20,quantile,1.0,0.8967700904800839,22.823321616811533,0.9143819723015152,0.8983545694854476,19.60619868878154,23.04084212034701,13293.593069242803,0.01679854393005368,3.0,mean
yacht,claritree,5,0.08,3,20,20,quantile,1.0,0.8938031741678696,23.72160162431805,0.9143819723015152,0.8983545694854476,19.60619868878154,23.04084212034701,18371.09016254929,0.01488928794860834,3.0,mean
yacht,claritree,5,0.1,3,20,20,quantile,1.0,0.8745931374313001,27.56773126204673,0.9143819723015152,0.8983545694854476,19.60619868878154,23.04084212034701,21756.088224753614,0.01424956321716304,3.0,mean
yacht,claritree,5,0.0001,3,20,20,quantile,1.0,0.004876747196078049,1.1204060020462923,0.00021159277038832784,0.013885382637219194,0.056147572290995734,2.897069393165748,19.981980932352897,0.0012582962689981472,2.302172886644268,std
yacht,claritree,5,0.0005,3,20,20,quantile,1.0,0.007441191389525158,1.660011772245493,0.00043494998751666833,0.00393032698775675,0.1450939197322161,1.3094095620882076,60.587969946525696,0.004212913895311951,0.8944271909999159,std
yacht,claritree,5,0.001,3,20,20,quantile,1.0,0.00465306126844918,1.1871510874197784,0.0006262124410170941,0.006557906948942939,0.20185501767447936,2.1407841881994765,78.73447818405006,0.004245398594087291,0.5477225575051662,std
yacht,claritree,5,0.003,3,20,20,quantile,1.0,0.0028370232032501512,0.7488505696238531,0.001141292097632647,0.007576522627175584,0.2709803752666573,2.6341751309625367,171.88318876611035,0.0034349292877145416,0.8366600265340756,std
yacht,claritree,5,0.005,3,20,20,quantile,1.0,0.0033938856807805406,0.8895201662690477,0.0020786199575105035,0.0068355320206977795,0.6040960578892038,2.502575605106336,228.52519191435377,0.00264384796743874,0.0,std
yacht,claritree,5,0.008,3,20,20,quantile,1.0,0.003719959006795414,1.071549437455044,0.005617531955740777,0.004366938542441065,1.4025021582978587,1.961864036318721,261.5168963262631,0.006104480004118706,0.5477225575051662,std
yacht,claritree,5,0.01,3,20,20,quantile,1.0,0.002486916066372427,0.7820600576212074,0.0016811948968019136,0.005551828257035896,0.60532790174248,2.504724522959421,283.9196744399917,0.007204296389117173,0.0,std
yacht,claritree,5,0.03,3,20,20,quantile,1.0,0.004118814321800424,1.187329229099397,0.0022141601044777864,0.008397577077062098,0.8559771809130651,3.5320380863075322,520.9799757214241,0.0018767282232577743,0.0,std
yacht,claritree,5,0.05,3,20,20,quantile,1.0,0.013966642295003946,3.908698733354441,0.0018419564460552492,0.006882105026898253,1.0844105277413363,4.470699625350163,663.7867409465539,0.0020655950657473762,0.0,std
yacht,claritree,5,0.08,3,20,20,quantile,1.0,0.01115719623154257,3.150703043086202,0.0018419564460552492,0.006882105026898253,1.0844105277413363,4.470699625350163,905.1978553203951,0.0028114605364996004,0.0,std
yacht,claritree,5,0.1,3,20,20,quantile,1.0,0.02205645648710286,5.104277409153856,0.0018419564460552492,0.006882105026898253,1.0844105277413363,4.470699625350163,1066.6706052775376,0.0024378993565448304,0.0,std
yacht,claritree,5,0.001,3,20,20,quantile,1.0,0.9874314845359257,2.899788204439411,0.9931310438737311,0.9892537225123827,1.576468716079134,2.626196482700826,918.9487595753919,0.04497356414794918,9.4,best_by_mean_val_r2
california_housing,claritree,5,0.0001,3,20,20,quantile,1.0,0.645378071887621,4724228245.192253,0.6573901230536879,0.6454535177202902,4564560856.286067,4723779159.856891,75311118189757.7,22.60578031539917,32.0,mean
california_housing,claritree,5,0.0005,3,20,20,quantile,1.0,0.6455661861545169,4721759323.721962,0.6573901230536879,0.6454535177202902,4564560856.286067,4723779159.856891,78099062282086.9,22.637737464904784,32.0,mean
california_housing,claritree,5,0.001,3,20,20,quantile,1.0,0.646013468235475,4715692107.524242,0.6563009553814154,0.6438564183705452,4579083474.439164,4744911462.922514,81559607379173.47,22.63471269607544,30.8,mean
california_housing,claritree,5,0.003,3,20,20,quantile,1.0,0.6348614545237149,4864616523.614129,0.6406504242322975,0.6346479022560029,4788207203.6250925,4863707298.400564,90813138325271.34,23.268151426315306,19.2,mean
california_housing,claritree,5,0.005,3,20,20,quantile,1.0,0.6154452771133476,5123092618.91884,0.6133116800341357,0.6072429010801029,5151970804.211017,5230410211.39995,97723985165081.28,23.286871004104615,12.4,mean
california_housing,claritree,5,0.008,3,20,20,quantile,1.0,0.5964621151020402,5376079774.624224,0.600835055077982,0.59781620692254,5319132596.016432,5352035766.337469,104013624384319.1,23.14080400466919,9.8,mean
california_housing,claritree,5,0.01,3,20,20,quantile,1.0,0.5852684890728514,5524139331.732123,0.5884552451484553,0.5858381328710667,5483036545.99912,5515488136.289566,107929470518505.14,22.901148986816406,8.4,mean
california_housing,claritree,5,0.03,3,20,20,quantile,1.0,0.5092669011918645,6538235438.518266,0.5135715772771074,0.5112068778147265,6482052478.934819,6504421193.167036,133386448552052.66,21.993156147003173,4.2,mean
california_housing,claritree,5,0.05,3,20,20,quantile,1.0,0.5055834542271487,6587169547.895535,0.5075107217159228,0.5070901310659155,6561845965.1384945,6561850163.681453,150824196129485.8,20.77886085510254,4.0,mean
california_housing,claritree,5,0.08,3,20,20,quantile,1.0,0.4495032780909872,7333903323.962466,0.45017717368370275,0.44929083119540414,7325825198.95564,7331629173.3161955,172024821696565.6,17.777502584457398,3.0,mean
california_housing,claritree,5,0.1,3,20,20,quantile,1.0,0.4495032780909872,7333903323.962466,0.45017717368370275,0.44929083119540414,7325825198.95564,7331629173.3161955,185093309629358.8,17.20857152938843,3.0,mean
california_housing,claritree,5,0.0001,3,20,20,quantile,1.0,0.006970390731981423,84274160.9973161,0.00793402491295992,0.006744718859734383,78972312.16607904,201489111.85296312,1287089322111.6086,0.6351351744618711,0.0,std
california_housing,claritree,5,0.0005,3,20,20,quantile,1.0,0.00699955464242021,87647527.6142447,0.00793402491295992,0.006744718859734383,78972312.16607904,201489111.85296312,1273486078607.5527,0.7179174242629782,0.0,std
california_housing,claritree,5,0.001,3,20,20,quantile,1.0,0.005766823223029676,73646174.13296542,0.00754175500659344,0.006451576762887238,72582178.83727507,196340105.4099359,1271269893551.5757,0.7034566067923083,1.0954451150103326,std
california_housing,claritree,5,0.003,3,20,20,quantile,1.0,0.0069761131551568665,94305144.99482235,0.006652341092984386,0.01614650659830165,99509811.46792077,171590979.3239069,880477022877.004,0.4528981465418558,1.3038404810405302,std
california_housing,claritree,5,0.005,3,20,20,quantile,1.0,0.00930179079124774,121803399.86786692,0.015487611749230969,0.020961665457868144,196008989.9410445,288056672.05820906,430807573433.4624,0.5980025175904758,3.2863353450309964,std
california_housing,claritree,5,0.008,3,20,20,quantile,1.0,0.008077503627263808,92104106.9604292,0.009371234800514836,0.017655898841989336,152091221.19110474,98562008.65373603,542472776149.1821,0.4234990787569751,1.3038404810405297,std
california_housing,claritree,5,0.01,3,20,20,quantile,1.0,0.005988375836162721,51994302.10245728,0.008760617511503387,0.007728256730945276,85985232.26816572,135309520.35373732,487032015255.9623,0.519867992553127,0.547722557505166,std
california_housing,claritree,5,0.03,3,20,20,quantile,1.0,0.0049387507897330285,46848301.17815768,0.00942742222440422,0.023666532531589124,168130871.35770097,182164762.97086364,597246865051.8793,0.34188650805653503,0.4472135954999579,std
california_housing,claritree,5,0.05,3,20,20,quantile,1.0,0.005822391935151289,40575347.334453784,0.004704986979554969,0.015091165991846445,33665181.093355305,116736736.15456353,666168377646.051,0.30293198745009414,0.0,std
california_housing,claritree,5,0.08,3,20,20,quantile,1.0,0.004239075533734479,23314832.355656356,0.003859435516992993,0.014429816379551071,24314304.1019127,91987833.97294863,717732854824.2288,0.2964449953026417,0.0,std
california_housing,claritree,5,0.1,3,20,20,quantile,1.0,0.004239075533734479,23314832.355656356,0.003859435516992993,0.014429816379551071,24314304.1019127,91987833.97294863,812974409771.6917,0.6456002644803855,0.0,std
california_housing,claritree,5,0.001,3,20,20,quantile,1.0,0.646013468235475,4715692107.524242,0.6563009553814154,0.6438564183705452,4579083474.439164,4744911462.922514,81559607379173.47,22.63471269607544,30.8,best_by_mean_val_r2
seoul_bike,claritree,5,0.0001,3,20,20,quantile,1.0,0.6575371598554592,142341.57090516115,0.6891240834164254,0.6680735345810807,129286.81398619214,137834.15249016028,915312771.9173244,4.5871906757354735,31.8,mean
seoul_bike,claritree,5,0.0005,3,20,20,quantile,1.0,0.6572462291778707,142470.36515428266,0.6890105113425227,0.6680647132347326,129333.63033305845,137827.12655418745,948931600.1148742,4.59089241027832,29.2,mean
seoul_bike,claritree,5,0.001,3,20,20,quantile,1.0,0.6608677613118914,140950.48674247978,0.687516003711836,0.6671933462970867,129952.01579495426,138235.21538635506,990598989.1391789,4.56390347480774,27.4,mean
seoul_bike,claritree,5,0.003,3,20,20,quantile,1.0,0.6498199653294178,145541.95821828413,0.6643297892266864,0.656410554035123,139623.69346794285,142573.4571307095,1116495271.366683,4.671741676330567,15.8,mean
seoul_bike,claritree,5,0.005,3,20,20,quantile,1.0,0.642458081669453,148571.96235674797,0.6580951936740072,0.6461713883776031,142191.28322194307,146983.88911181284,1197610823.9651773,4.690869283676148,13.8,mean
seoul_bike,claritree,5,0.008,3,20,20,quantile,1.0,0.6210197784348734,157517.90667769458,0.6279937602887828,0.6136580937214842,154744.24981056215,160235.38102710302,1312743419.656919,4.643009805679322,9.8,mean
seoul_bike,claritree,5,0.01,3,20,20,quantile,1.0,0.6038009120437476,164669.2989759106,0.6132267158255914,0.6032226059048387,160830.5950631891,164737.3265300218,1366232857.9106998,4.56473388671875,8.2,mean
seoul_bike,claritree,5,0.03,3,20,20,quantile,1.0,0.576325458337322,176107.32010223885,0.5833666725987037,0.5784995051630617,173290.51961530035,174896.51672922983,1739120808.7372913,4.256487274169922,6.0,mean
seoul_bike,claritree,5,0.05,3,20,20,quantile,1.0,0.5174099937570714,200402.2686650312,0.5257699343861281,0.5150176684553702,197244.46992400553,201288.32557885157,2052726505.97184,3.8408478260040284,4.6,mean
seoul_bike,claritree,5,0.08,3,20,20,quantile,1.0,0.47297803289523105,218904.26640665336,0.49086273339643993,0.4830438626656418,211762.97028499274,214529.1344242292,2416836402.0208807,3.667782020568848,4.0,mean
seoul_bike,claritree,5,0.1,3,20,20,quantile,1.0,0.4018947405819766,248579.24315951826,0.4068518823664484,0.39977244719842125,246708.65952053285,249209.13143971967,2603435698.042134,3.017285108566284,3.0,mean
seoul_bike,claritree,5,0.0001,3,20,20,quantile,1.0,0.013027204076251981,5645.908724778662,0.0074420978122194574,0.016225796385989807,2125.0219670264673,6557.076108994694,14842529.08044755,0.13073137952884004,0.44721359549995815,std
seoul_bike,claritree,5,0.0005,3,20,20,quantile,1.0,0.013491878248218557,5789.398625623173,0.007036871730276799,0.016407634655696862,1828.1050801403362,6339.81235187781,11493713.325715033,0.10345116945994286,1.6431676725154982,std
seoul_bike,claritree,5,0.001,3,20,20,quantile,1.0,0.012808876956269092,5181.906234020686,0.0077254942067433545,0.019991709996463047,2005.9819935510936,8910.66222800259,10066639.810272627,0.06396350954487058,1.9493588689617924,std
seoul_bike,claritree,5,0.003,3,20,20,quantile,1.0,0.008453427484499895,2303.5182621992194,0.0047570339829357145,0.018438148766201222,2594.33789587052,4361.682521710612,13030426.55107353,0.1378292223325461,2.4899799195977463,std
seoul_bike,claritree,5,0.005,3,20,20,quantile,1.0,0.011690244735454007,3458.701747206427,0.007368535701264809,0.018074050253116956,1822.8787861576618,8611.041589051858,9514884.82668596,0.13440266284617552,0.44721359549995804,std
seoul_bike,claritree,5,0.008,3,20,20,quantile,1.0,0.00397660605430343,2207.5988420371523,0.011968344458329332,0.028167977564001717,5523.39594234156,7371.342749703087,15591281.011168402,0.12026014102516445,1.4832396974191324,std
seoul_bike,claritree,5,0.01,3,20,20,quantile,1.0,0.007186717031413456,2866.716836191909,0.016537828689705655,0.022811503336854628,5613.945724837551,8623.187515122849,14011048.997606285,0.13897272935294014,0.8366600265340755,std
seoul_bike,claritree,5,0.03,3,20,20,quantile,1.0,0.011026543800787913,3561.590519717825,0.004876543627622304,0.024003705719008252,2036.7107586440836,5883.142728050412,18215886.01925256,0.11601909908012907,0.0,std
seoul_bike,claritree,5,0.05,3,20,20,quantile,1.0,0.01612143106326308,5008.083075424954,0.027891425200811993,0.042033941591744325,11563.44472536667,15800.9600001789,14054274.012409223,0.1663272810170347,0.5477225575051662,std
seoul_bike,claritree,5,0.08,3,20,20,quantile,1.0,0.022931427988712283,9076.311944994786,0.00681679638210994,0.026289777536684444,2573.9456189093535,6072.22768087667,24471014.747221895,0.20161469647841668,0.0,std
seoul_bike,claritree,5,0.1,3,20,20,quantile,1.0,0.011623056371622493,4021.5046127540922,0.007876252381104919,0.03169884871550052,3309.9133586097155,11919.18940302856,29390512.562438786,0.07632337202108577,0.0,std
seoul_bike,claritree,5,0.001,3,20,20,quantile,1.0,0.6608677613118914,140950.48674247978,0.687516003711836,0.6671933462970867,129952.01579495426,138235.21538635506,990598989.1391789,4.56390347480774,27.4,best_by_mean_val_r2
temperature_max,claritree,5,0.0001,3,20,20,quantile,1.0,0.7429423293293864,2.4943731650684753,0.7750603886372692,0.750826641829996,2.184247300337537,2.418988969797256,13451.43936359341,27.285384559631346,32.0,mean
temperature_max,claritree,5,0.0005,3,20,20,quantile,1.0,0.7428930998612158,2.494845770996503,0.774923981045496,0.7507307630190336,2.185575800577324,2.4199104349680103,14202.437612386222,27.29420189857483,31.6,mean
temperature_max,claritree,5,0.001,3,20,20,quantile,1.0,0.7425174457150614,2.4985861649703156,0.7737635053591737,0.7526955571452868,2.1968273055768845,2.398226511587563,15143.401193284448,27.43724389076233,30.6,mean
temperature_max,claritree,5,0.003,3,20,20,quantile,1.0,0.7293015635990734,2.627010001814823,0.7523175728062356,0.7388039629099263,2.405362083782075,2.5346309998932837,18000.55560628356,27.620250511169434,19.2,mean
temperature_max,claritree,5,0.005,3,20,20,quantile,1.0,0.7142092794121734,2.7732822607858454,0.7259816121582596,0.715090520479541,2.661336958124658,2.762995438350591,19812.552759807426,27.870483303070067,12.4,mean
temperature_max,claritree,5,0.008,3,20,20,quantile,1.0,0.6894708667275693,3.013442503076806,0.6977371378329927,0.6860090750630645,2.9354471324421025,3.0434517965136445,21595.7696561546,27.700950193405152,8.0,mean
temperature_max,claritree,5,0.01,3,20,20,quantile,1.0,0.6817095903662519,3.0881980917986156,0.689060646070318,0.6772491282201976,3.0193154882945734,3.1306028963147083,22460.87205620304,27.376603174209595,7.0,mean
temperature_max,claritree,5,0.03,3,20,20,quantile,1.0,0.6411434967644978,3.4829331496318865,0.6384689499217061,0.6340339924266274,3.5116330220283407,3.546720407932324,28746.46683208797,25.144945335388183,4.2,mean
temperature_max,claritree,5,0.05,3,20,20,quantile,1.0,0.5956804126130214,3.921536131909032,0.6219943798764622,0.6166847717944017,3.668983106757648,3.7263053989174275,33491.233046696194,23.210304403305052,3.8,mean
temperature_max,claritree,5,0.08,3,20,20,quantile,1.0,0.5707237372719661,4.165407657466311,0.5781143942989578,0.5742360471989782,4.096880420888361,4.131875216544726,39027.989611444165,20.138356304168703,3.0,mean
temperature_max,claritree,5,0.1,3,20,20,quantile,1.0,0.5707237372719661,4.165407657466311,0.5781143942989578,0.5742360471989782,4.096880420888361,4.131875216544726,42565.92253539673,17.057658195495605,3.0,mean
temperature_max,claritree,5,0.0001,3,20,20,quantile,1.0,0.005695779810907969,0.05835070247975297,0.002443801171102899,0.004346930690822919,0.011674305624445333,0.08137718542318431,70.88692000801394,0.6868424535750322,0.0,std
temperature_max,claritree,5,0.0005,3,20,20,quantile,1.0,0.0056935708022694854,0.05806619287341524,0.00244059989682952,0.004411957493467392,0.012504497100840655,0.08135715198169889,68.98409382465586,0.6960680559552999,0.5477225575051664,std
temperature_max,claritree,5,0.001,3,20,20,quantile,1.0,0.004171868568964948,0.04070476024236033,0.00278962357704667,0.010965159682436677,0.015146806074238885,0.027728657113978997,79.48697454970339,0.7663541086624559,0.547722557505166,std
temperature_max,claritree,5,0.003,3,20,20,quantile,1.0,0.004287566928348628,0.054164152141572185,0.0034498031777481426,0.011726771926747025,0.047254230641029,0.10513842764440474,138.62316854634182,0.6623479589547705,1.3038404810405302,std
temperature_max,claritree,5,0.005,3,20,20,quantile,1.0,0.003981969833964522,0.05660180800476728,0.007732007335080691,0.01742980059086114,0.09138614881757295,0.12125980487872777,157.29239780038665,1.0206944120749966,1.8165902124584947,std
temperature_max,claritree,5,0.008,3,20,20,quantile,1.0,0.007170864596010533,0.06986736652670374,0.0045661114506118615,0.02619775949463732,0.061978273148552504,0.18863213287778002,196.2259473853917,0.4591322069417093,1.0,std
temperature_max,claritree,5,0.01,3,20,20,quantile,1.0,0.0034340134920419403,0.03074714651474619,0.004897936536035333,0.019924493864189072,0.035937520962368755,0.1538580908600714,218.395481254392,0.4107896291866758,0.0,std
temperature_max,claritree,5,0.03,3,20,20,quantile,1.0,0.01322491792556119,0.14672167105599948,0.011893691804194204,0.025726512659456486,0.14461530821975968,0.14411720941257955,245.7216599149007,0.4686164658336176,0.44721359549995787,std
temperature_max,claritree,5,0.05,3,20,20,quantile,1.0,0.01806881093055199,0.14201962211682426,0.025823598113593617,0.01925436040973875,0.21397049276964059,0.31302382085735886,233.45880081511706,0.6078926612783053,0.44721359549995787,std
temperature_max,claritree,5,0.08,3,20,20,quantile,1.0,0.0035971414376474373,0.031878857931151514,0.002263884759563554,0.011444863156906475,0.03431706666758838,0.10546871648706035,325.4886866857583,1.3386739818866988,0.0,std
temperature_max,claritree,5,0.1,3,20,20,quantile,1.0,0.0035971414376474373,0.031878857931151514,0.002263884759563554,0.011444863156906475,0.03431706666758838,0.10546871648706035,356.38476537725035,1.2954931100634024,0.0,std
temperature_max,claritree,5,0.0001,3,20,20,quantile,1.0,0.7429423293293864,2.4943731650684753,0.7750603886372692,0.750826641829996,2.184247300337537,2.418988969797256,13451.43936359341,27.285384559631346,32.0,best_by_mean_val_r2
temperature_min,claritree,5,0.0001,3,20,20,quantile,1.0,0.8016432150999162,1.2264710229219795,0.8210094708868116,0.8025424197406075,1.106755106735016,1.2207528676603272,6840.356652473418,27.313203144073487,32.0,mean
temperature_min,claritree,5,0.0005,3,20,20,quantile,1.0,0.800605721595824,1.2327668973706667,0.8204282641738516,0.8022703361153344,1.1103703475203623,1.2223944741399644,7331.538137834499,27.41094250679016,31.4,mean
temperature_min,claritree,5,0.001,3,20,20,quantile,1.0,0.7991627452192666,1.2417027786768582,0.8182708300945635,0.801254874303393,1.1236334574337068,1.2292211580484778,7904.0533155430285,27.458774518966674,28.8,mean
temperature_min,claritree,5,0.003,3,20,20,quantile,1.0,0.7817870974516934,1.3487196583269871,0.7922917665846889,0.7834638731050859,1.2842142962051795,1.3394412640308033,9307.680198932263,27.706771659851075,13.4,mean
temperature_min,claritree,5,0.005,3,20,20,quantile,1.0,0.7693057936804388,1.425675706264626,0.7781404107886655,0.7704845210728951,1.371794101960247,1.4186839207252282,10206.715730514821,27.51729874610901,10.0,mean
temperature_min,claritree,5,0.008,3,20,20,quantile,1.0,0.7525630186835189,1.5292360154763507,0.7617791588882817,0.7561108678097467,1.4728569307782569,1.508065282512327,11166.377289087173,27.100435781478883,7.4,mean
temperature_min,claritree,5,0.01,3,20,20,quantile,1.0,0.7500933278640879,1.5441388492421808,0.7512115051726488,0.7494442724717958,1.5384926466009534,1.548592765962604,11668.157435612025,27.216169309616088,6.2,mean
temperature_min,claritree,5,0.03,3,20,20,quantile,1.0,0.7040828514313067,1.8289672699510464,0.7029275212747432,0.7006417051540516,1.8368153874513606,1.8504519708679639,15658.379696794229,24.465729188919067,4.0,mean
temperature_min,claritree,5,0.05,3,20,20,quantile,1.0,0.6903451530572025,1.914363993712342,0.7029275212747432,0.7006417051540516,1.8368153874513606,1.8504519708679639,18661.870806254046,20.039419746398927,4.0,mean
temperature_min,claritree,5,0.08,3,20,20,quantile,1.0,0.6435958868850216,2.2027762384262273,0.6475756062602894,0.6444242339649946,2.1790589243321454,2.197894247720625,22241.719116923934,17.32359461784363,3.0,mean
temperature_min,claritree,5,0.1,3,20,20,quantile,1.0,0.6435958868850216,2.2027762384262273,0.6475756062602894,0.6444242339649946,2.1790589243321454,2.197894247720625,24494.337449018796,15.460230541229247,3.0,mean
temperature_min,claritree,5,0.0001,3,20,20,quantile,1.0,0.002926030889130825,0.029375348673357237,0.004066961494303168,0.010001925745858935,0.029496947155204165,0.07996601986419817,179.74603644656364,0.5470450564222892,0.0,std
temperature_min,claritree,5,0.0005,3,20,20,quantile,1.0,0.0036938633187720447,0.03371740046445075,0.004598956588540327,0.009732572514167094,0.03328843051157694,0.07797880410881403,191.50012094952675,0.4925018798898376,0.8944271909999157,std
temperature_min,claritree,5,0.001,3,20,20,quantile,1.0,0.002710387826474069,0.027087340060333257,0.004185918019351859,0.017649570839206492,0.027532623455948695,0.12613315598613428,128.02647445265114,0.6608155225834785,2.588435821108957,std
temperature_min,claritree,5,0.003,3,20,20,quantile,1.0,0.00410936396549256,0.031584581574839586,0.0021360161825254003,0.014999256528382474,0.011484018752047789,0.11922300540638305,158.51367007985033,0.4066168384102688,0.8944271909999159,std
temperature_min,claritree,5,0.005,3,20,20,quantile,1.0,0.0033117879046705907,0.02882703369698679,0.0022622556373963327,0.013789901960882726,0.020916957059940917,0.09827880129445433,141.10424977215868,0.39158283611891087,0.0,std
temperature_min,claritree,5,0.008,3,20,20,quantile,1.0,0.004794207658959859,0.02961416407181196,0.005188685634002548,0.012476551805324077,0.030685043993788273,0.10395155334051984,172.54061678535908,0.49496260110800916,0.5477225575051663,std
temperature_min,claritree,5,0.01,3,20,20,quantile,1.0,0.005171963270730149,0.03313665097748254,0.005462344189046255,0.01380715896107676,0.04650426639940376,0.0978132214362489,171.2433664479417,0.41813693802204716,0.44721359549995787,std
temperature_min,claritree,5,0.03,3,20,20,quantile,1.0,0.006685142467527716,0.04780934846461047,0.003212480022960424,0.013113477656249277,0.026152989590287758,0.10506651018216387,189.8203209805321,0.24028120377272236,0.0,std
temperature_min,claritree,5,0.05,3,20,20,quantile,1.0,0.005066982843455752,0.04269298040239375,0.003212480022960424,0.013113477656249277,0.026152989590287758,0.10506651018216387,212.92574849291887,0.32075198060043736,0.0,std
temperature_min,claritree,5,0.08,3,20,20,quantile,1.0,0.002878831412271277,0.028135959386738314,0.0034608373462362316,0.014869918416444108,0.0293712498510053,0.1199582679301994,245.9694110859722,0.8130814375876698,0.0,std
temperature_min,claritree,5,0.1,3,20,20,quantile,1.0,0.002878831412271277,0.028135959386738314,0.0034608373462362316,0.014869918416444108,0.0293712498510053,0.1199582679301994,264.6375166322688,0.5784172318450179,0.0,std
temperature_min,claritree,5,0.0001,3,20,20,quantile,1.0,0.8016432150999162,1.2264710229219795,0.8210094708868116,0.8025424197406075,1.106755106735016,1.2207528676603272,6840.356652473418,27.313203144073487,32.0,best_by_mean_val_r2
walmart,claritree,5,0.0001,3,20,20,quantile,1.0,0.1561648611143472,268578412726.205,0.2156590676850562,0.1740100233562478,249776800346.88666,262996976084.1381,1291064250247975.5,1.1533469676971435,31.8,mean
walmart,claritree,5,0.0005,3,20,20,quantile,1.0,0.15724768906330694,268242167686.43506,0.21737671600880543,0.1772629018962843,249229396517.6186,261962273044.87524,1309099343583716.0,1.153049850463867,31.8,mean
walmart,claritree,5,0.001,3,20,20,quantile,1.0,0.154931616536592,268980660204.3448,0.21722938845106174,0.1757230263253014,249276162683.53766,262447437865.3751,1334093966225733.2,1.1513496875762939,31.0,mean
walmart,claritree,5,0.003,3,20,20,quantile,1.0,0.14885405301259078,270852752609.67316,0.2027785847501619,0.16903203017776158,253878721697.15326,264515446930.51288,1426959466608326.0,1.19441556930542,24.4,mean
walmart,claritree,5,0.005,3,20,20,quantile,1.0,0.13767593666438557,274376935206.2016,0.17040978446540272,0.1546131594339602,264185336956.3935,269091408405.16937,1496100548625547.8,1.1924819469451904,16.6,mean
walmart,claritree,5,0.008,3,20,20,quantile,1.0,0.10738195067058849,283967575798.37634,0.11711516978129435,0.11536879100151878,281154216789.95557,281646425841.54065,1552321801750231.5,1.179967737197876,8.0,mean
walmart,claritree,5,0.01,3,20,20,quantile,1.0,0.09793531078238188,287002352999.7692,0.11174720165407266,0.10503482802414896,282865282054.5556,284932298030.6576,1577512255010827.8,1.1759281635284424,7.4,mean
walmart,claritree,5,0.03,3,20,20,quantile,1.0,-0.00024992861666194005,318341526994.8032,0.0,-0.0005622755496248194,318452988831.7868,318524976852.89075,1688577866101219.0,1.144093132019043,1.0,mean
walmart,claritree,5,0.05,3,20,20,quantile,1.0,-0.001430216992755,318699285360.2882,0.0,-0.0005622755496248194,318452988831.7868,318524976852.89075,1721365785831339.8,1.108156967163086,1.0,mean
walmart,claritree,5,0.08,3,20,20,quantile,1.0,-0.001430216992755,318699285360.2882,0.0,-0.0005622755496248194,318452988831.7868,318524976852.89075,1770547665426520.8,1.0505146503448486,1.0,mean
walmart,claritree,5,0.1,3,20,20,quantile,1.0,-0.001430216992755,318699285360.2882,0.0,-0.0005622755496248194,318452988831.7868,318524976852.89075,1803335585156641.5,1.0147701740264892,1.0,mean
walmart,claritree,5,0.0001,3,20,20,quantile,1.0,0.010804076387804045,3910974168.8860555,0.005517566666608615,0.02038698212707618,2130214839.4521334,9305578647.31856,10920659182179.37,0.04627737391542287,0.44721359549995815,std
walmart,claritree,5,0.0005,3,20,20,quantile,1.0,0.012337606495680456,4355236057.107618,0.00609624937601323,0.02018439313776371,2228507275.482102,9298625463.46533,11269331565497.51,0.04395857249464905,0.44721359549995815,std
walmart,claritree,5,0.001,3,20,20,quantile,1.0,0.013430909654199873,5036378562.328755,0.006024613081256786,0.016274098051213035,2187160227.740132,8306582234.643333,11304484052558.457,0.03854090961482968,1.4142135623730951,std
walmart,claritree,5,0.003,3,20,20,quantile,1.0,0.008419206910744286,2589845762.9839845,0.0075283692016719144,0.01722675925107606,2706774758.0490856,5544014056.711785,5786659130553.958,0.03850358115609562,1.8165902124584954,std
walmart,claritree,5,0.005,3,20,20,quantile,1.0,0.012932587667243256,4520894811.208519,0.00297804518210306,0.019154340844355685,1296675572.1857834,5337373886.431792,7725992066706.029,0.03072977865211084,0.8944271909999156,std
walmart,claritree,5,0.008,3,20,20,quantile,1.0,0.007005199991666597,2712456508.7907677,0.006538052997652557,0.010419685295117026,1776479448.943974,6841346057.388544,8116321144437.656,0.03227690866003214,0.7071067811865476,std
walmart,claritree,5,0.01,3,20,20,quantile,1.0,0.008454782697669715,2954283562.1883464,0.004954321116893073,0.011506985833522864,1568302064.8287432,6865948486.869971,6059349879827.193,0.037214824783264225,0.5477225575051661,std
walmart,claritree,5,0.03,3,20,20,quantile,1.0,0.002566302736722164,1021301459.5686271,0.0,0.000386451940668411,1128090483.4065409,4530817784.468937,5981632102833.98,0.05336503829805532,0.0,std
walmart,claritree,5,0.05,3,20,20,quantile,1.0,0.00024322624706129978,1127190800.9782069,0.0,0.000386451940668411,1128090483.4065409,4530817784.468937,6097780299005.467,0.05396950912714529,0.0,std
walmart,claritree,5,0.08,3,20,20,quantile,1.0,0.00024322624706129978,1127190800.9782069,0.0,0.000386451940668411,1128090483.4065409,4530817784.468937,6272002593262.88,0.06220098982481856,0.0,std
walmart,claritree,5,0.1,3,20,20,quantile,1.0,0.00024322624706129978,1127190800.9782069,0.0,0.000386451940668411,1128090483.4065409,4530817784.468937,6388150789434.309,0.04955255734671478,0.0,std
walmart,claritree,5,0.0005,3,20,20,quantile,1.0,0.15724768906330694,268242167686.43506,0.21737671600880543,0.1772629018962843,249229396517.6186,261962273044.87524,1309099343583716.0,1.153049850463867,31.8,best_by_mean_val_r2
airfoil,streed,5,0.0001,3,20,20,,,0.6791409933375765,15.203116813210864,0.7806187284325481,0.6975478695012193,10.43407092776815,14.395327516197096,,26.721412086486815,32.0,mean
airfoil,streed,5,0.0005,3,20,20,,,0.6791409933375765,15.203116813210864,0.7806187284325481,0.6975478695012193,10.43407092776815,14.395327516197096,,26.889377927780153,32.0,mean
airfoil,streed,5,0.001,3,20,20,,,0.6788730022139043,15.215785513327784,0.7806187284325481,0.6975478695012193,10.43407092776815,14.395327516197096,,27.119732761383055,32.0,mean
airfoil,streed,5,0.003,3,20,20,,,0.6693469632505354,15.651403537346141,0.7750331988081988,0.7054851113018745,10.699389024622853,13.994783697523754,,27.957605028152464,29.4,mean
airfoil,streed,5,0.005,3,20,20,,,0.6717537590775597,15.532144555125072,0.7565231959387567,0.6709469838578888,11.579914295295836,15.614542593540282,,28.64814167022705,25.0,mean
airfoil,streed,5,0.008,3,20,20,,,0.6449754445166658,16.82903572620169,0.7115842603239143,0.6408105054224895,13.717718739072524,17.11129518127057,,28.51353430747986,17.6,mean
airfoil,streed,5,0.01,3,20,20,,,0.6282735160979429,17.636004533285217,0.6980450583266308,0.6204726257184274,14.367235583945027,18.02884519334095,,28.318781089782714,16.2,mean
airfoil,streed,5,0.03,3,20,20,,,0.4656202894837249,25.33720460851576,0.5310039707995193,0.49303856299641835,22.29204610058554,24.09595893828945,,23.776744604110718,7.2,mean
airfoil,streed,5,0.05,3,20,20,,,0.3659753713808357,30.09304986332046,0.4210366522169786,0.3821503005731272,27.519000207307283,29.481284644752208,,15.63362021446228,4.2,mean
airfoil,streed,5,0.08,3,20,20,,,0.3255622282220748,32.03271454382504,0.35471645979490674,0.3182791874139245,30.69369452294644,32.40029090133328,,2.9049723148345947,3.0,mean
airfoil,streed,5,0.1,3,20,20,,,0.3286848510154877,31.888110249276885,0.35471645979490674,0.3182791874139245,30.69369452294644,32.40029090133328,,0.8009653091430664,3.0,mean
airfoil,streed,5,0.0001,3,20,20,,,0.022729455068796818,1.2894792987367707,0.001671698264048953,0.023627216959729906,0.22151187153391927,1.6898087530342092,,0.7580194049401535,0.0,std
airfoil,streed,5,0.0005,3,20,20,,,0.022729455068796818,1.2894792987367707,0.001671698264048953,0.023627216959729906,0.22151187153391927,1.6898087530342092,,0.7377211553506539,0.0,std
airfoil,streed,5,0.001,3,20,20,,,0.023092179340530556,1.3075372362048017,0.001671698264048953,0.023627216959729906,0.22151187153391927,1.6898087530342092,,0.6821325006676446,0.0,std
airfoil,streed,5,0.003,3,20,20,,,0.02118508481839562,1.196802937906091,0.002346935659107288,0.02663294675812261,0.2214896120521163,1.4859339814062014,,0.7414976227044252,0.8944271909999157,std
airfoil,streed,5,0.005,3,20,20,,,0.020251557730619683,1.1964546075621394,0.003800473481582073,0.022264316660424156,0.2842269706175002,0.995258027617434,,0.7582845296717613,0.0,std
airfoil,streed,5,0.008,3,20,20,,,0.01625881137831885,0.9060623454351303,0.0062687308439044985,0.025926223408557412,0.4172668414977997,2.0665686228703106,,0.7753658239739382,0.5477225575051664,std
airfoil,streed,5,0.01,3,20,20,,,0.0146061287396386,0.7745303358337144,0.015677418899731024,0.022221946079448367,0.9250538497344515,1.365162594602095,,0.7983418001203905,1.643167672515498,std
airfoil,streed,5,0.03,3,20,20,,,0.012655806138609975,0.9287831105734645,0.02659072847577837,0.015494678541397116,0.9905686542620832,1.6039150621907967,,1.0049776715478773,0.8366600265340756,std
airfoil,streed,5,0.05,3,20,20,,,0.017419071230455625,0.7350511397262093,0.051541646444357186,0.07910087231939307,2.2561109937692754,5.113112118328917,,0.43023271737947455,1.0954451150103321,std
airfoil,streed,5,0.08,3,20,20,,,0.022753893672242148,1.4710397210461994,0.010349431436925433,0.03473034403491971,0.9227299851655896,2.5482330439733683,,0.4708580780267733,0.0,std
airfoil,streed,5,0.1,3,20,20,,,0.019491201068340774,1.369191385201314,0.010349431436925433,0.03473034403491971,0.9227299851655896,2.5482330439733683,,0.015261470252710631,0.0,std
airfoil,streed,5,0.0001,3,20,20,,,0.6791409933375765,15.203116813210864,0.7806187284325481,0.6975478695012193,10.43407092776815,14.395327516197096,,26.721412086486815,32.0,best_by_mean_val_r2
auction,streed,5,0.0001,3,20,20,,,0.9364293129375657,6848506.344294881,0.9431604452635185,0.9300879567279597,6109702.250622672,7329501.280505618,,1.95915789604187,21.0,mean
auction,streed,5,0.0005,3,20,20,,,0.9358277054176296,6914927.7202848885,0.9421495549298731,0.9280691488138568,6218063.636696276,7547909.712382455,,1.903886651992798,18.4,mean
auction,streed,5,0.001,3,20,20,,,0.9353428663131774,6980717.912984814,0.9390131557057609,0.9233293845679125,6555315.984516693,8042882.358333384,,1.8443758487701416,14.0,mean
auction,streed,5,0.003,3,20,20,,,0.9312981097130268,7400990.7281196695,0.9356205184819981,0.9215976144273006,6920200.1123573985,8229706.500535442,,1.5989476680755614,12.0,mean
auction,streed,5,0.005,3,20,20,,,0.9259141973779051,7982282.994515988,0.9269415015899878,0.9121324210456931,7844702.884310941,9288408.140586,,1.322786235809326,10.4,mean
auction,streed,5,0.008,3,20,20,,,0.9096770655102071,9689650.647142474,0.9096293765535339,0.8962282084344004,9721209.494973365,10954324.393752389,,1.0317238330841065,8.4,mean
auction,streed,5,0.01,3,20,20,,,0.8859101673413239,12311531.215782318,0.8889264372401149,0.8758295815827115,11938131.404284004,13195166.949691858,,0.837560510635376,6.2,mean
auction,streed,5,0.03,3,20,20,,,0.8535656501670271,15792600.27624626,0.8541327910457619,0.8514752105765135,15684343.21207734,15797669.946684742,,0.0162554740905761,4.0,mean
auction,streed,5,0.05,3,20,20,,,0.8535656501670271,15792600.27624626,0.8541327910457619,0.8514752105765135,15684343.21207734,15797669.946684742,,0.0149906158447265,4.0,mean
auction,streed,5,0.08,3,20,20,,,0.7275167970343869,29324420.551459946,0.7279325184099871,0.7257064261580857,29266793.451193728,29389991.65578874,,0.00561332702636716,3.0,mean
auction,streed,5,0.1,3,20,20,,,0.7275167970343869,29324420.551459946,0.7279325184099871,0.7257064261580857,29266793.451193728,29389991.65578874,,0.00521512031555172,3.0,mean
auction,streed,5,0.0001,3,20,20,,,0.007419307083547664,877471.9292447615,0.004903210478254124,0.030910248165541387,468011.16956094553,2549211.801289998,,0.2053221411862165,0.0,std
auction,streed,5,0.0005,3,20,20,,,0.008074627836430877,953218.0971111301,0.0055347844485986245,0.029501172271194715,538075.4523272861,2366049.039072044,,0.1841657314341557,1.9493588689617924,std
auction,streed,5,0.001,3,20,20,,,0.008171876087903433,978863.4186670999,0.004781662888599975,0.03178485767219685,439776.7555105558,2548882.077889634,,0.16701295136877,0.0,std
auction,streed,5,0.003,3,20,20,,,0.006712519600148467,817591.5671985637,0.00484114218670247,0.031355027590429636,441705.29236116935,2486338.5723854653,,0.10757093296236883,0.0,std
auction,streed,5,0.005,3,20,20,,,0.008233168265039736,997563.7121866014,0.013163871326337352,0.025807608276226586,1322310.393611288,1937406.0340716261,,0.07669230814833848,1.51657508881031,std
auction,streed,5,0.008,3,20,20,,,0.009340767147336608,1118087.435338495,0.010653321500139612,0.03046661780766879,1142999.6172589525,2213834.3575260527,,0.07640992680410982,0.8944271909999157,std
auction,streed,5,0.01,3,20,20,,,0.006312171409452892,938211.6680480214,0.007616685976553701,0.023664703512873374,645519.5698319379,1557028.223536433,,0.08071827893111973,0.44721359549995787,std
auction,streed,5,0.03,3,20,20,,,0.006096309493247164,475121.9211585408,0.006148301464446365,0.02683249638018833,470100.92948815937,1893114.771150861,,0.0008055905467506686,0.0,std
auction,streed,5,0.05,3,20,20,,,0.006096309493247164,475121.9211585408,0.006148301464446365,0.02683249638018833,470100.92948815937,1893114.771150861,,0.0005916638759621135,0.0,std
auction,streed,5,0.08,3,20,20,,,0.004252116701275168,571494.1801658969,0.003532936460476504,0.01623242896943106,553786.27230234,2173165.641146216,,0.00018074384953561314,0.0,std
auction,streed,5,0.1,3,20,20,,,0.004252116701275168,571494.1801658969,0.003532936460476504,0.01623242896943106,553786.27230234,2173165.641146216,,0.00015378713591153345,0.0,std
auction,streed,5,0.0001,3,20,20,,,0.9364293129375657,6848506.344294881,0.9431604452635185,0.9300879567279597,6109702.250622672,7329501.280505618,,1.95915789604187,21.0,best_by_mean_val_r2
auto_mpg,streed,5,0.0001,3,20,20,,,0.7694033162222469,13.868919163398619,0.9500155162479095,0.7681844651813956,3.0361366194931065,13.989635725425865,,48.147845077514646,32.0,mean
auto_mpg,streed,5,0.0005,3,20,20,,,0.7693688468218485,13.871274932629387,0.9499509570555216,0.7682522980897672,3.039961005298384,13.985180549979617,,50.29880118370056,31.8,mean
auto_mpg,streed,5,0.001,3,20,20,,,0.7570671320041076,14.675116788544461,0.9497555764443242,0.7661018745389977,3.051979905799492,14.10830259442127,,53.41609950065613,31.6,mean
auto_mpg,streed,5,0.003,3,20,20,,,0.7760629099737575,13.529635936057925,0.9260900126555172,0.7979675114422383,4.489557403448488,12.427728956612306,,57.677160787582395,19.4,mean
auto_mpg,streed,5,0.005,3,20,20,,,0.7675703545926679,13.980551945135682,0.9028624044803901,0.7832777264592061,5.8989189918259735,13.241419426844441,,53.31141862869263,13.2,mean
auto_mpg,streed,5,0.008,3,20,20,,,0.7628331630733296,14.431042633680415,0.8827276902333056,0.7763416369590124,7.124459955932363,13.619519207017202,,45.59032707214355,10.0,mean
auto_mpg,streed,5,0.01,3,20,20,,,0.7549366703184701,14.941536044898381,0.8707535648549045,0.7675932105316395,7.854804660434401,14.134238149928652,,40.606288003921506,8.8,mean
auto_mpg,streed,5,0.03,3,20,20,,,0.7436007945229418,15.455961178258201,0.8192251107974414,0.7497373667023497,10.995135151984227,15.150061201079485,,0.9585476398468018,5.4,mean
auto_mpg,streed,5,0.05,3,20,20,,,0.6813308932482022,19.284807963876823,0.796879672512118,0.7432663353020689,12.32416736182862,15.569134090297927,,0.031043815612792923,4.8,mean
auto_mpg,streed,5,0.08,3,20,20,,,0.6264020217669897,22.570177457803382,0.6909225203044078,0.6665319571176481,18.78035311047085,20.239766121485946,,0.0045298099517822,3.0,mean
auto_mpg,streed,5,0.1,3,20,20,,,0.6098113088994023,23.597367338468537,0.6725390520892001,0.6376279657804955,19.869361078097448,22.13814193338947,,0.0044775009155273,2.8,mean
auto_mpg,streed,5,0.0001,3,20,20,,,0.012353914090240567,0.7480281334168142,0.0019544226846579475,0.06905013786301172,0.13741484550693073,4.19253851182022,,2.140034952667967,0.0,std
auto_mpg,streed,5,0.0005,3,20,20,,,0.012291525683601898,0.7449694097426774,0.001890420824469948,0.06901312848771916,0.1315330984892365,4.188266304438681,,2.77591810088303,0.44721359549995787,std
auto_mpg,streed,5,0.001,3,20,20,,,0.009852565198967149,0.685030437259778,0.0022099492635877455,0.06541546247024976,0.15305345508097698,3.9668170694944167,,2.6374525459813416,0.5477225575051664,std
auto_mpg,streed,5,0.003,3,20,20,,,0.024063884098798744,1.414212520867563,0.0036115799652424903,0.09084789519864232,0.24719801661681778,6.4230288801895075,,3.7000528095340655,1.5165750888103102,std
auto_mpg,streed,5,0.005,3,20,20,,,0.02178452655054591,1.1751642473931987,0.006192397573099235,0.06413554430772955,0.37388959084843176,4.648044707115881,,3.9807399131063126,1.3038404810405297,std
auto_mpg,streed,5,0.008,3,20,20,,,0.03243912442332078,2.0596519619767433,0.01257120088985477,0.05197147033638017,0.7988646739638108,3.98921607674312,,5.230314428800326,1.5811388300841898,std
auto_mpg,streed,5,0.01,3,20,20,,,0.022136772318406345,1.2693557242567879,0.017824870274669828,0.051886865563103436,1.1392365371974733,3.9316004850778046,,5.207076284534524,1.7888543819998317,std
auto_mpg,streed,5,0.03,3,20,20,,,0.017684778906506386,1.2607231346671965,0.020493991536079524,0.0546790486028023,1.4040209086002426,3.9255266634741237,,0.12398974239826151,0.5477225575051663,std
auto_mpg,streed,5,0.05,3,20,20,,,0.03359503561749814,2.3274406122271802,0.015432248710698261,0.05743931483005362,0.7276577555913961,4.237902735941865,,0.014862102453845718,0.4472135954999579,std
auto_mpg,streed,5,0.08,3,20,20,,,0.020664687517032727,1.5425723438962295,0.018708187578142858,0.08409876661105464,1.3208551747228983,6.065646059427837,,0.0002835650792666331,0.0,std
auto_mpg,streed,5,0.1,3,20,20,,,0.03156592156699872,2.2815829242684287,0.027123367265204874,0.1438104509923663,1.3474222443249662,10.167791783232415,,0.00020743985226373798,0.4472135954999579,std
auto_mpg,streed,5,0.003,3,20,20,,,0.7760629099737575,13.529635936057925,0.9260900126555172,0.7979675114422383,4.489557403448488,12.427728956612306,,57.677160787582395,19.4,best_by_mean_val_r2
energe_c,streed,5,0.0001,3,20,20,,,0.9581163850565746,3.8051982948730396,0.9767839606133805,0.9659842747309402,2.09780479612431,3.0598973050065066,,0.726320743560791,32.0,mean
energe_c,streed,5,0.0005,3,20,20,,,0.9564643121192813,3.9540463443370752,0.9765261625890705,0.9652813411351839,2.120994379286271,3.124170908697969,,0.744108009338379,31.2,mean
energe_c,streed,5,0.001,3,20,20,,,0.9519884471625261,4.353702182173662,0.970152033823369,0.9582100968932036,2.6973073745533163,3.752506898752114,,0.7713993072509766,23.4,mean
energe_c,streed,5,0.003,3,20,20,,,0.940963178742211,5.337149689038838,0.9493048384009715,0.9397011764404345,4.581545435449764,5.42284342074718,,0.6866359233856201,11.2,mean
energe_c,streed,5,0.005,3,20,20,,,0.9366886620448895,5.722936493809848,0.9437486738916426,0.9391833333355162,5.0827164600279655,5.467862860907664,,0.519307279586792,9.8,mean
energe_c,streed,5,0.008,3,20,20,,,0.9206106194956879,7.164902987160301,0.9232333623927353,0.9179525586670685,6.936690546923023,7.3905311654810175,,0.31011247634887695,6.8,mean
energe_c,streed,5,0.01,3,20,20,,,0.900010238500567,8.99415805972966,0.9030239462907504,0.8972917104859348,8.761844038751027,9.259498739796161,,0.18904666900634762,4.6,mean
energe_c,streed,5,0.03,3,20,20,,,0.8759726409333745,11.178289660918406,0.8778557565030031,0.876441280495529,11.037643857439337,11.12821672026119,,0.0035952568054198803,3.0,mean
energe_c,streed,5,0.05,3,20,20,,,0.8759726409333745,11.178289660918406,0.8778557565030031,0.876441280495529,11.037643857439337,11.12821672026119,,0.00326747894287104,3.0,mean
energe_c,streed,5,0.08,3,20,20,,,0.8151255997067356,16.775507041630753,0.819413601363664,0.8088798844953224,16.322586103458377,17.210524373913337,,0.0030570983886718,2.2,mean
energe_c,streed,5,0.1,3,20,20,,,0.8014031873854343,17.96217373295741,0.8024086370588537,0.8016313678506393,17.85556136699328,17.8684880666109,,0.0029310226440429203,2.0,mean
energe_c,streed,5,0.0001,3,20,20,,,0.003461068974196403,0.33891412015894656,0.0010257907252432582,0.004941617877123836,0.08947636629729395,0.41319894194328466,,0.0235267141861584,0.0,std
energe_c,streed,5,0.0005,3,20,20,,,0.003010667412314498,0.3161893418565475,0.0010320381458631925,0.005100504569175329,0.08698594334710581,0.4388473335541066,,0.025489800410002567,0.8366600265340757,std
energe_c,streed,5,0.001,3,20,20,,,0.0020207776100691745,0.2555763800470985,0.000903475106348023,0.008263853446495955,0.08556807067895793,0.654676172029396,,0.014054046483757934,0.547722557505166,std
energe_c,streed,5,0.003,3,20,20,,,0.003602465406756161,0.319695125881488,0.0022830474314591252,0.006314169721884964,0.2192597540965574,0.4738203735988817,,0.012063865137353452,0.8366600265340756,std
energe_c,streed,5,0.005,3,20,20,,,0.006649546922014816,0.6142539798469246,0.0021099524089351653,0.012269884197621128,0.17660106729026767,1.0374371488622025,,0.02508735062674355,0.44721359549995776,std
energe_c,streed,5,0.008,3,20,20,,,0.005913566624321071,0.5309936648987248,0.0036725081720665343,0.011635571242655839,0.32371891781825335,1.0562515147781282,,0.028506976013644672,0.44721359549995804,std
energe_c,streed,5,0.01,3,20,20,,,0.005850082345903648,0.5716893231619496,0.008802631539947536,0.01410959052678238,0.7815390249561094,1.3626131768300447,,0.02115395591566189,0.8944271909999159,std
energe_c,streed,5,0.03,3,20,20,,,0.005110861884008849,0.4554859196918623,0.004371367839768822,0.01773072740301109,0.3974293308933308,1.6251674136342784,,6.588221937971528e-05,0.0,std
energe_c,streed,5,0.05,3,20,20,,,0.005110861884008849,0.4554859196918623,0.004371367839768822,0.01773072740301109,0.3974293308933308,1.6251674136342784,,4.576127727463547e-05,0.0,std
energe_c,streed,5,0.08,3,20,20,,,0.019989837498141278,1.7490011461398753,0.03587535248106644,0.03251954939453571,3.2612512553057997,2.9465539548682496,,5.682885756536855e-05,0.4472135954999579,std
energe_c,streed,5,0.1,3,20,20,,,0.005789844195730259,0.5658960639774054,0.005550461031199423,0.02196258818207404,0.5118430664622136,2.042015468666958,,0.0001190374566468166,0.0,std
energe_c,streed,5,0.0001,3,20,20,,,0.9581163850565746,3.8051982948730396,0.9767839606133805,0.9659842747309402,2.09780479612431,3.0598973050065066,,0.726320743560791,32.0,best_by_mean_val_r2
energe_h,streed,5,0.0001,3,20,20,,,0.9916150412614305,0.8531669710666085,0.9968551460128943,0.9964689692738332,0.31960068090498145,0.35705437940641077,,0.25744261741638186,31.8,mean
energe_h,streed,5,0.0005,3,20,20,,,0.9915950234102635,0.8565273574475049,0.9942070956179357,0.9932921653786311,0.5889597476623349,0.6817466633043882,,0.4114739418029785,26.0,mean
energe_h,streed,5,0.001,3,20,20,,,0.9842403484010689,1.5988919351738866,0.988564054935497,0.9876671233661216,1.1619510830089481,1.259761779395235,,0.4256604671478271,19.2,mean
energe_h,streed,5,0.003,3,20,20,,,0.9671503914302988,3.3302653539929272,0.9739175976554832,0.9689104424573785,2.649401306016191,3.1609094555546635,,0.3214813709259033,12.8,mean
energe_h,streed,5,0.005,3,20,20,,,0.9520683654440252,4.851969594963046,0.9629696916286068,0.954395516049215,3.772426291879049,4.559947244809371,,0.17876744270324701,9.8,mean
energe_h,streed,5,0.008,3,20,20,,,0.9368733345402944,6.38840879177422,0.9474690578752922,0.9389899170827343,5.338943152511148,6.161704493759437,,0.06582188606262204,7.4,mean
energe_h,streed,5,0.01,3,20,20,,,0.9289374100962446,7.210911197039378,0.9402253641122567,0.9305411981853879,6.072295922407919,7.029616042167284,,0.04716429710388182,6.6,mean
energe_h,streed,5,0.03,3,20,20,,,0.8816373771895842,11.98049979754607,0.8816116545347092,0.878873826527035,12.044589952868943,12.197089522901186,,0.00340013504028314,3.2,mean
energe_h,streed,5,0.05,3,20,20,,,0.8744972370100944,12.721544427146162,0.8755529814632137,0.8740556136910984,12.648656660884209,12.724746866113653,,0.0032037734985351,3.0,mean
energe_h,streed,5,0.08,3,20,20,,,0.8507534080949704,15.157838725204092,0.8596537208192986,0.8533553626275647,14.259394980571638,14.855957370348847,,0.00302147865295406,2.8,mean
energe_h,streed,5,0.1,3,20,20,,,0.7898697891383673,21.33270607137331,0.7911074418921931,0.7892512889420145,21.233304410703642,21.319747090492424,,0.0030394077301024803,2.0,mean
energe_h,streed,5,0.0001,3,20,20,,,0.004331751064051882,0.43751087487234475,0.0001175965161528157,0.0004838242996571668,0.008826816140730831,0.04502077368374156,,0.0068673780200986185,0.44721359549995787,std
energe_h,streed,5,0.0005,3,20,20,,,0.0020663289620531846,0.2059599312713232,0.00017532480233499654,0.0009532799614635589,0.021210567627973822,0.1219917953206529,,0.007832673722254139,0.0,std
energe_h,streed,5,0.001,3,20,20,,,0.0037385513628561897,0.3683279673699678,0.0014808140175869972,0.0028111323468255765,0.14595496764488627,0.3444187128530832,,0.009630982639523184,1.6431676725154982,std
energe_h,streed,5,0.003,3,20,20,,,0.001174338855797851,0.12899172155565364,0.002720390816212294,0.006389174848162496,0.24940801757932607,0.7411769499498214,,0.023419109488326408,0.8366600265340756,std
energe_h,streed,5,0.005,3,20,20,,,0.003779719730329992,0.36414696715008366,0.005993231524994949,0.013217700038476917,0.6715368486965454,1.0175835093264471,,0.014879692854775854,1.30384048104053,std
energe_h,streed,5,0.008,3,20,20,,,0.006163249335391134,0.5861244880569876,0.00479764181522203,0.008648045393858224,0.4791034107413363,0.77036881575547,,0.016361986668199546,0.5477225575051662,std
energe_h,streed,5,0.01,3,20,20,,,0.004515399942574484,0.5051340513783389,0.005501668318799816,0.00962347466650381,0.504784696372192,0.9941025811494157,,0.0054157296060082655,0.5477225575051662,std
energe_h,streed,5,0.03,3,20,20,,,0.005078180092300561,0.4315987543567467,0.00943132001276009,0.02697317662546866,1.0934245912704579,2.5081057975106207,,5.490707926212104e-05,0.4472135954999579,std
energe_h,streed,5,0.05,3,20,20,,,0.0046597925834951604,0.3856452973359339,0.004363124090052601,0.01645629766306527,0.36978123427624326,1.4904445412846568,,5.354809102413458e-05,0.0,std
energe_h,streed,5,0.08,3,20,20,,,0.025914495326408018,2.621114615437169,0.035585682700913016,0.049715386300366995,3.573954149662136,5.1806293307878875,,2.3344941172110247e-05,0.447213595499958,std
energe_h,streed,5,0.1,3,20,20,,,0.004492303872043718,0.40951549909706625,0.004292950527852361,0.016532296842530315,0.3520923436004199,1.3911330006790077,,8.120391203762518e-05,0.0,std
energe_h,streed,5,0.0001,3,20,20,,,0.9916150412614305,0.8531669710666085,0.9968551460128943,0.9964689692738332,0.31960068090498145,0.35705437940641077,,0.25744261741638186,31.8,best_by_mean_val_r2
insurance,streed,5,0.0001,3,20,20,,,0.7842888135924263,31609645.593863457,0.88823161546059,0.8014822495805032,16359181.499010753,28554073.588320535,,13.002969646453858,32.0,mean
insurance,streed,5,0.0005,3,20,20,,,0.7830924955725811,31781214.794451278,0.8879546829800793,0.801394001202788,16399518.248644274,28567099.67341109,,13.076672697067261,31.2,mean
insurance,streed,5,0.001,3,20,20,,,0.7849513626413517,31451056.28369056,0.8829958283994938,0.8206217620526054,17121235.810494453,25652375.63617145,,13.221579027175903,24.6,mean
insurance,streed,5,0.003,3,20,20,,,0.8304938940345931,24875304.812524214,0.8557451414352599,0.8391327124145074,21118410.65343716,23220600.763222467,,12.272923135757447,8.4,mean
insurance,streed,5,0.005,3,20,20,,,0.8365011402591158,23977036.674564846,0.8524090318506058,0.8357930258454547,21612848.443005845,23695188.518155623,,10.75048828125,7.4,mean
insurance,streed,5,0.008,3,20,20,,,0.8283415540471524,25148203.494159874,0.8388486584454128,0.8251811410134163,23607858.604245193,25114890.22292023,,8.744280672073364,5.4,mean
insurance,streed,5,0.01,3,20,20,,,0.823811752627325,25806755.997705642,0.8317557572031282,0.8200644801134898,24649063.582244895,25929164.19025134,,7.470657920837402,4.6,mean
insurance,streed,5,0.03,3,20,20,,,0.8183401940923073,26620784.880398743,0.8251211382824974,0.819830827776831,25604438.91984833,25938835.10470248,,0.025070381164550744,4.0,mean
insurance,streed,5,0.05,3,20,20,,,0.8183401940923073,26620784.880398743,0.8251211382824974,0.819830827776831,25604438.91984833,25938835.10470248,,0.00628499984741208,4.0,mean
insurance,streed,5,0.08,3,20,20,,,0.7574512321909543,35505833.23291196,0.761880867847422,0.7581090419842439,34861259.68051867,34850839.83397377,,0.00580496788024898,3.0,mean
insurance,streed,5,0.1,3,20,20,,,0.7574512321909543,35505833.23291196,0.761880867847422,0.7581090419842439,34861259.68051867,34850839.83397377,,0.0056663990020751395,3.0,mean
insurance,streed,5,0.0001,3,20,20,,,0.013716313848621509,1004654.2873402889,0.008037176870142269,0.051584709624076255,1041144.1991371098,6623170.836570418,,0.5038269598762327,0.0,std
insurance,streed,5,0.0005,3,20,20,,,0.015413333565278044,1211073.6417306736,0.008133619474980647,0.05149040642836866,1052901.7835355378,6609009.162659659,,0.4475298785923245,1.30384048104053,std
insurance,streed,5,0.001,3,20,20,,,0.016904451961535706,1283070.8963787432,0.007700831596817321,0.043388021360890455,860667.49993417,4546157.8499376755,,0.34040740134136843,2.408318915758459,std
insurance,streed,5,0.003,3,20,20,,,0.008489729880200497,1331383.1234453062,0.0069637365463601705,0.03682634884727506,872802.506143263,4941557.017326339,,0.36345335618798696,0.547722557505166,std
insurance,streed,5,0.005,3,20,20,,,0.005376411962687858,763818.5065229917,0.006915633455643773,0.03651541335680633,1038839.8089284191,4835515.1777617745,,0.47896716847508103,0.5477225575051662,std
insurance,streed,5,0.008,3,20,20,,,0.006197142745010106,310090.33454641886,0.005131462948663148,0.04216806308961891,1090283.6845790038,5081546.710845477,,0.4643383761267506,0.5477225575051662,std
insurance,streed,5,0.01,3,20,20,,,0.009433394432388614,1045693.2183069098,0.01013775413443483,0.03661321532577414,1747481.5205396134,4546395.018904512,,0.7403356407820619,0.5477225575051661,std
insurance,streed,5,0.03,3,20,20,,,0.009458658536682768,1024463.9279499224,0.007373930704254438,0.03926789513542382,972708.9762542086,4844556.665278439,,0.001321090872608766,0.0,std
insurance,streed,5,0.05,3,20,20,,,0.009458658536682768,1024463.9279499224,0.007373930704254438,0.03926789513542382,972708.9762542086,4844556.665278439,,0.00017864914294293919,0.0,std
insurance,streed,5,0.08,3,20,20,,,0.008644813994015631,332742.5437805076,0.007678390931774605,0.03236966093299415,785401.7691877424,3050615.2471320485,,0.00020887007939565333,0.0,std
insurance,streed,5,0.1,3,20,20,,,0.008644813994015631,332742.5437805076,0.007678390931774605,0.03236966093299415,785401.7691877424,3050615.2471320485,,0.00018453733557074575,0.0,std
insurance,streed,5,0.005,3,20,20,,,0.8365011402591158,23977036.674564846,0.8524090318506058,0.8357930258454547,21612848.443005845,23695188.518155623,,10.75048828125,7.4,best_by_mean_val_r2
optical_net,streed,5,0.0001,3,20,20,,,0.788426981229761,0.00871724239024764,0.9303675193133026,0.8028547780401863,0.0028911802381132597,0.00805336920894782,,56.32495279312134,32.0,mean
optical_net,streed,5,0.0005,3,20,20,,,0.7883145298902625,0.0087219819178193,0.9302732380254692,0.7932081387698571,0.0028950632005669196,0.00846621337047916,,56.97617530822754,31.8,mean
optical_net,streed,5,0.001,3,20,20,,,0.7846887489806258,0.0088764256695753,0.9295853357764319,0.8020384241301072,0.00292362933315798,0.0081295282055387,,59.75180649757385,31.0,mean
optical_net,streed,5,0.003,3,20,20,,,0.7891675521253647,0.00871907417900726,0.9107276313491817,0.8115401381465531,0.0037092268455364,0.00782235243010236,,63.75412735939026,22.0,mean
optical_net,streed,5,0.005,3,20,20,,,0.7885037823478275,0.0087586411128639,0.8943983359728245,0.8191620207722494,0.004384231143016721,0.0073567644719325,,63.12817521095276,17.8,mean
optical_net,streed,5,0.008,3,20,20,,,0.7882873264286736,0.00874188439142132,0.8681202836961475,0.7905084859518089,0.00546705783373984,0.00867135288104434,,61.35613379478455,13.6,mean
optical_net,streed,5,0.01,3,20,20,,,0.7733464817464032,0.00935671987304864,0.8599012396983989,0.780974814985549,0.00580845618633628,0.009023964770505979,,59.243262100219724,12.6,mean
optical_net,streed,5,0.03,3,20,20,,,0.6773635335713265,0.013308114351632979,0.7514762415474008,0.6790376642353239,0.01028592312508036,0.013049122304258382,,27.980153226852416,6.4,mean
optical_net,streed,5,0.05,3,20,20,,,0.6375310128744138,0.014944229078143578,0.6622088496059838,0.6289168913320589,0.01400097507251894,0.015098050675382103,,2.360943603515625,4.0,mean
optical_net,streed,5,0.08,3,20,20,,,0.5393323289282341,0.0190049684374034,0.5259961805031217,0.4845755026996973,0.01969637969735874,0.020968837918905258,,0.04097876548767084,2.2,mean
optical_net,streed,5,0.1,3,20,20,,,0.4891809869821663,0.02102530583276386,0.5084135553615121,0.4829369390470665,0.02037834062815614,0.02105342691911824,,0.0057154178619384394,2.0,mean
optical_net,streed,5,0.0001,3,20,20,,,0.024643285179449092,0.0011516488794977551,0.0026343863801488745,0.04917508553636318,0.00018180311494966306,0.001862837385382452,,1.1855868914289072,0.0,std
optical_net,streed,5,0.0005,3,20,20,,,0.024791184040666197,0.001158618550142102,0.002803488413135326,0.041144445425071126,0.0001854324668972988,0.0015930499860217198,,1.5066645552969813,0.44721359549995765,std
optical_net,streed,5,0.001,3,20,20,,,0.0246432036707809,0.0012118471750059085,0.0027418780669430072,0.029971351209751543,0.00018577459170460368,0.0013664340471868691,,3.2345423125744106,0.7071067811865477,std
optical_net,streed,5,0.003,3,20,20,,,0.03753657940006113,0.0016471700881018848,0.005921664985530459,0.020895717149976567,0.0003378095075004223,0.001771740190359639,,1.2401127566363876,1.2247448713915894,std
optical_net,streed,5,0.005,3,20,20,,,0.029955756613486175,0.001297985614954013,0.004862361638997309,0.05094149546229147,0.00029043506002979447,0.0017522837599685936,,0.8998895920007749,0.8366600265340753,std
optical_net,streed,5,0.008,3,20,20,,,0.01769835037262078,0.0008494994679397966,0.011982080728718744,0.04838731908571199,0.0004686342367848134,0.002509457182811046,,1.8352489077618337,1.5165750888103102,std
optical_net,streed,5,0.01,3,20,20,,,0.02157407100645945,0.001097222735872116,0.007262763932557677,0.047471554354700775,0.0002482104550461588,0.0022870092155278603,,1.2604027695311135,0.8944271909999161,std
optical_net,streed,5,0.03,3,20,20,,,0.020783653978526873,0.0007607901226153868,0.02434859275941088,0.05081429065621257,0.0006753191348055791,0.001255498955003557,,3.467263590511645,0.547722557505166,std
optical_net,streed,5,0.05,3,20,20,,,0.024719744650760937,0.0011820441786863738,0.017118366688535922,0.0625748017326314,0.0004374804514632307,0.0016970916716995488,,1.0956683585857525,0.0,std
optical_net,streed,5,0.08,3,20,20,,,0.053985100865030965,0.002212837352274517,0.027960997897863417,0.06969813927894966,0.0017225583806437567,0.0012921578906614512,,0.002197299544282485,0.4472135954999579,std
optical_net,streed,5,0.1,3,20,20,,,0.024388516041418097,0.000928468486636708,0.019618873104556185,0.06730018370632677,0.00036591371956372863,0.001409517993169011,,0.00032694913582587696,0.0,std
optical_net,streed,5,0.003,3,20,20,,,0.7891675521253647,0.00871907417900726,0.9107276313491817,0.8115401381465531,0.0037092268455364,0.00782235243010236,,63.75412735939026,22.0,best_by_mean_val_r2
real_estate,streed,5,0.0001,3,20,20,,,0.4598707911230699,98.5374221007566,0.9051718891820111,0.3430886783918129,17.428888424013035,114.44582940135206,,69.8133798122406,32.0,mean
real_estate,streed,5,0.0005,3,20,20,,,0.4547147876209844,99.48523303076472,0.9051718891820111,0.3430886783918129,17.428888424013035,114.44582940135206,,71.44300966262817,32.0,mean
real_estate,streed,5,0.001,3,20,20,,,0.4092747627249357,108.03516887831051,0.9051718891820111,0.3430886783918129,17.428888424013035,114.44582940135206,,75.2914249420166,32.0,mean
real_estate,streed,5,0.003,3,20,20,,,0.374867237470015,114.7686250897586,0.8917835802616129,0.35776608048524683,19.931870574951546,109.61474192461382,,82.76345114707946,26.0,mean
real_estate,streed,5,0.005,3,20,20,,,0.3656819272214561,114.038636956142,0.8745637665790762,0.3361924842998041,23.083024933947108,111.30886512866186,,84.79442415237426,21.6,mean
real_estate,streed,5,0.008,3,20,20,,,0.3664265715406654,114.19223055008823,0.8285394062987941,0.2437681015646523,31.548043357870178,126.15823932836027,,80.67637395858765,14.2,mean
real_estate,streed,5,0.01,3,20,20,,,0.3692641280199017,113.91042876673964,0.8124137772964645,0.14088691297337227,34.49603660768862,141.08384393626648,,76.55782470703124,12.4,mean
real_estate,streed,5,0.03,3,20,20,,,0.41081304294202853,107.01864724108,0.6977845979483916,0.37630757183479563,55.64093416256632,108.09907380248603,,31.910868644714355,5.8,mean
real_estate,streed,5,0.05,3,20,20,,,0.3452707286915787,117.97396341956787,0.5950595798744807,0.5367176513810245,74.58695827439465,83.46267063678624,,2.3736735820770263,3.4,mean
real_estate,streed,5,0.08,3,20,20,,,0.524465473130257,88.30315977603391,0.5559317470864575,0.4956287758664514,82.00621693003518,90.60166598396924,,0.01997308731079096,2.8,mean
real_estate,streed,5,0.1,3,20,20,,,0.49259821259738706,93.63439221054269,0.5022668202165088,0.47158550465572907,91.93609926229081,95.1837738601889,,0.0046156883239745605,2.2,mean
real_estate,streed,5,0.0001,3,20,20,,,0.09417660190338421,19.278634822658276,0.012899447101095174,0.22553025566417895,1.78169106404697,24.74950954179277,,6.647747056813418,0.0,std
real_estate,streed,5,0.0005,3,20,20,,,0.09377844543135094,19.697603786057858,0.012899447101095174,0.22553025566417895,1.78169106404697,24.74950954179277,,5.441188058048671,0.0,std
real_estate,streed,5,0.001,3,20,20,,,0.14716961488020816,28.67517089062081,0.012899447101095174,0.22553025566417895,1.78169106404697,24.74950954179277,,8.334082302191021,0.0,std
real_estate,streed,5,0.003,3,20,20,,,0.1733479021050308,31.352572246206947,0.011663545613144291,0.3623457006955615,1.9231448771981439,40.019524984876334,,6.121627773445573,1.9999999999999996,std
real_estate,streed,5,0.005,3,20,20,,,0.13540218368361678,22.0207089670169,0.014356113297972616,0.4391458521833216,2.108151475840431,47.61607126163189,,6.7942336769651686,1.1401754250991378,std
real_estate,streed,5,0.008,3,20,20,,,0.17245205042028705,29.39750726033546,0.017757743765577604,0.50582242014236,2.3925207333726934,58.03582002590971,,9.752693964995395,1.30384048104053,std
real_estate,streed,5,0.01,3,20,20,,,0.20685596767180964,34.87663514570511,0.02106873348476962,0.6578570618867492,2.7731179114662905,75.28070725787083,,10.112464320604246,1.6733200530681511,std
real_estate,streed,5,0.03,3,20,20,,,0.12331570058938532,21.60115615618895,0.02379966288928766,0.283044570273408,3.191777730899329,33.78875965084362,,7.640774665822107,0.44721359549995787,std
real_estate,streed,5,0.05,3,20,20,,,0.1434885513995075,27.21911493510357,0.03661132062855517,0.03917765614908527,6.157446420722008,13.354883542769125,,1.80855613594419,0.5477225575051661,std
real_estate,streed,5,0.08,3,20,20,,,0.019691401619533342,6.028660137018827,0.04936788082191086,0.07739912025155865,10.771033748530103,16.58717872118221,,0.021029344554797345,0.44721359549995787,std
real_estate,streed,5,0.1,3,20,20,,,0.018646315272372555,3.982618359491809,0.04817783174700359,0.05607728379813142,11.089938323138384,16.121831768217447,,0.0001932096563112681,0.447213595499958,std
real_estate,streed,5,0.08,3,20,20,,,0.524465473130257,88.30315977603391,0.5559317470864575,0.4956287758664514,82.00621693003518,90.60166598396924,,0.01997308731079096,2.8,best_by_mean_val_r2
servo,streed,5,0.0001,3,20,20,,,0.5347034044287295,1.0699483136041297,0.6152768684822786,0.49094560241575846,0.9237363490774675,1.0956885809218524,,0.00117154121398922,5.4,mean
servo,streed,5,0.0005,3,20,20,,,0.5359275358086683,1.067271330683512,0.6150850379671233,0.48190408955142977,0.9242310246149232,1.1062873887860776,,0.00114479064941402,4.8,mean
servo,streed,5,0.001,3,20,20,,,0.536454592470037,1.0659417080799365,0.6150850379671233,0.48190408955142977,0.9242310246149232,1.1062873887860776,,0.0011393547058105,4.8,mean
servo,streed,5,0.003,3,20,20,,,0.5330828087723924,1.0727182330388914,0.6075024026544822,0.46454349550172314,0.9417503241757272,1.1335234562756713,,0.00105876922607416,3.0,mean
servo,streed,5,0.005,3,20,20,,,0.5326623793231626,1.073882500473316,0.6060487671384001,0.46218801421241984,0.9454767214867547,1.1377022123590248,,0.0010621547698974,2.6,mean
servo,streed,5,0.008,3,20,20,,,0.5315831844018023,1.0765316289408051,0.6060487671384001,0.46218801421241984,0.9454767214867547,1.1377022123590248,,0.0010755062103271,2.6,mean
servo,streed,5,0.01,3,20,20,,,0.5348918710592319,1.0666537883585236,0.6060487671384001,0.46218801421241984,0.9454767214867547,1.1377022123590248,,0.0010722637176513,2.6,mean
servo,streed,5,0.03,3,20,20,,,0.5330858799024021,1.0732197010690308,0.6005928840392244,0.4598819543609546,0.9568032041137723,1.1455201357066458,,0.0010695934295654,2.2,mean
servo,streed,5,0.05,3,20,20,,,0.547655700881023,1.038944940141136,0.5920142700123245,0.5159247399803509,0.9791853266825074,1.0547376068660843,,0.00106582641601558,2.0,mean
servo,streed,5,0.08,3,20,20,,,0.5470522540867327,1.0406167832555027,0.5920142700123245,0.5159247399803509,0.9791853266825074,1.0547376068660843,,0.0010687351226806,2.0,mean
servo,streed,5,0.1,3,20,20,,,0.5713080446686056,1.007008271939592,0.5920142700123245,0.5159247399803509,0.9791853266825074,1.0547376068660843,,0.00107350349426262,2.0,mean
servo,streed,5,0.0001,3,20,20,,,0.06880549747075536,0.08511476959472222,0.027188060948388007,0.19601565340192859,0.12027963944098428,0.5295207695026721,,1.536588783385187e-05,0.5477225575051661,std
servo,streed,5,0.0005,3,20,20,,,0.06911777316782555,0.08408056850930556,0.02722809559511782,0.19871809007220173,0.12073898828469856,0.5182439269625383,,3.271446960638366e-05,0.44721359549995804,std
servo,streed,5,0.001,3,20,20,,,0.06949800197727432,0.08312493349432247,0.02722809559511782,0.19871809007220173,0.12073898828469856,0.5182439269625383,,4.2624748022973475e-05,0.44721359549995804,std
servo,streed,5,0.003,3,20,20,,,0.06232148060626981,0.09291468879844625,0.02881320603642137,0.2034168554009021,0.11809218851050537,0.5069008378848181,,3.0053699816670266e-05,0.7071067811865476,std
servo,streed,5,0.005,3,20,20,,,0.0625373955298941,0.09386989584359777,0.02938270325608771,0.20182864185303342,0.12150588147537336,0.5029958646765823,,2.9464716802692805e-05,0.5477225575051661,std
servo,streed,5,0.008,3,20,20,,,0.0639533941265513,0.0914649170298087,0.02938270325608771,0.20182864185303342,0.12150588147537336,0.5029958646765823,,1.685621040374232e-05,0.5477225575051661,std
servo,streed,5,0.01,3,20,20,,,0.06628014398206171,0.07960140186268601,0.02938270325608771,0.20182864185303342,0.12150588147537336,0.5029958646765823,,1.0550661929690177e-05,0.5477225575051661,std
servo,streed,5,0.03,3,20,20,,,0.06962032942751106,0.05919626585340829,0.03447242023664039,0.19972329644108375,0.11367187082242124,0.5098591395432582,,6.784912723711228e-05,0.447213595499958,std
servo,streed,5,0.05,3,20,20,,,0.07273122229519614,0.038353912561988036,0.018951212789802614,0.10628797824248824,0.10976479609225538,0.49632963765499527,,9.176173296002653e-06,0.0,std
servo,streed,5,0.08,3,20,20,,,0.07242743864148439,0.03943949033681241,0.018951212789802614,0.10628797824248824,0.10976479609225538,0.49632963765499527,,2.5475446338781557e-05,0.0,std
servo,streed,5,0.1,3,20,20,,,0.02074078549183688,0.10686024508399618,0.018951212789802614,0.10628797824248824,0.10976479609225538,0.49632963765499527,,1.906200898082237e-05,0.0,std
servo,streed,5,0.1,3,20,20,,,0.5713080446686056,1.007008271939592,0.5920142700123245,0.5159247399803509,0.9791853266825074,1.0547376068660843,,0.00107350349426262,2.0,best_by_mean_val_r2
synch,streed,5,0.0001,3,20,20,,,0.9956565414589793,0.00014116446281514,0.9971143737243878,0.9961997606639474,9.387339075959627e-05,0.00012184095520046,,0.4164093017578125,26.6,mean
synch,streed,5,0.0005,3,20,20,,,0.992459030650858,0.00024567685198784,0.9937540209298449,0.9930876732353747,0.00020301217720834,0.00022180200111648,,0.06142911911010738,16.0,mean
synch,streed,5,0.001,3,20,20,,,0.990375141219133,0.00031047229429366003,0.9915856904145771,0.9903257769916074,0.00027373105497764,0.00030803444908486,,0.06807560920715325,13.0,mean
synch,streed,5,0.003,3,20,20,,,0.9768858787040093,0.000741062052903,0.9796156241066758,0.9760805913628421,0.00066247844690816,0.00076372143023784,,0.012576293945312438,8.0,mean
synch,streed,5,0.005,3,20,20,,,0.9764645878350606,0.00075358334006424,0.9777762067192348,0.9725239915719449,0.0007226043469969201,0.0008757997792128598,,0.012642383575439401,7.6,mean
synch,streed,5,0.008,3,20,20,,,0.9546033203064868,0.00143746005800448,0.9648519425049427,0.9588207022321636,0.0011444177550638999,0.00130531434089356,,0.01138954162597652,6.4,mean
synch,streed,5,0.01,3,20,20,,,0.9191748422105792,0.00260139599684872,0.9255828590825734,0.9203948301560402,0.00241954891660376,0.00255324899067776,,0.00491266250610346,4.0,mean
synch,streed,5,0.03,3,20,20,,,0.9191748422105792,0.00260139599684872,0.9255828590825734,0.9203948301560402,0.00241954891660376,0.00255324899067776,,0.00465054512023922,4.0,mean
synch,streed,5,0.05,3,20,20,,,0.8854042870034224,0.00366312450126918,0.888352664189323,0.8772065705132202,0.0036367182255605604,0.00391324783550464,,0.00439548492431636,3.2,mean
synch,streed,5,0.08,3,20,20,,,0.8712963191602645,0.00414238482367882,0.8781729822647846,0.8723458005033496,0.0039601164152419,0.0040791249957206,,0.0042142868041992,3.0,mean
synch,streed,5,0.1,3,20,20,,,0.8712963191602645,0.00414238482367882,0.8781729822647846,0.8723458005033496,0.0039601164152419,0.0040791249957206,,0.00489687919616694,3.0,mean
synch,streed,5,0.0001,3,20,20,,,0.0003165707816230546,1.1359880908812001e-05,0.0001918339696631079,0.00041842506843562646,7.3990234570499255e-06,1.798053695215128e-05,,0.050342331670010884,1.8165902124584952,std
synch,streed,5,0.0005,3,20,20,,,0.0007504995735220657,2.2437315675427244e-05,0.00019374617629306674,0.0013762696274806935,5.2772204202930006e-06,5.085641642108496e-05,,0.0056497466678372315,0.0,std
synch,streed,5,0.001,3,20,20,,,0.000880955853035623,2.45560210238233e-05,0.0007520996400739435,0.0012772753637658007,2.7454809765481792e-05,3.0365411936979077e-05,,0.005824584030852312,0.7071067811865477,std
synch,streed,5,0.003,3,20,20,,,0.001806365221215609,4.818303293467651e-05,0.0007589362021402956,0.0021230285874309193,1.8908200098185182e-05,6.114019386637512e-05,,0.0004325237453893055,0.0,std
synch,streed,5,0.005,3,20,20,,,0.0012067617012997216,2.9096399987656167e-05,0.0026253196946588796,0.003851884579221772,8.768074445540921e-05,0.00010640111763754435,,0.0005587623873607321,0.5477225575051661,std
synch,streed,5,0.008,3,20,20,,,0.01600176420974599,0.00046681265294197055,0.020452459919405412,0.026292596765012707,0.0006721399773059199,0.0008092230314985602,,0.0034288648919378567,1.3416407864998738,std
synch,streed,5,0.01,3,20,20,,,0.002570565625039279,0.00012107125152031199,0.001875126927953406,0.00810798502768441,8.311501672961088e-05,0.0003579160292047812,,0.00016204199016899663,0.0,std
synch,streed,5,0.03,3,20,20,,,0.002570565625039279,0.00012107125152031199,0.001875126927953406,0.00810798502768441,8.311501672961088e-05,0.0003579160292047812,,0.0001745422995535876,0.0,std
synch,streed,5,0.05,3,20,20,,,0.011494114368796358,0.0004548342266643815,0.020751817161025754,0.02153699465470948,0.0007119174755676584,0.0006551044620591075,,0.00017564783941351674,0.447213595499958,std
synch,streed,5,0.08,3,20,20,,,0.00415513070493611,8.721454162500423e-05,0.0025778727664948183,0.012193878743479271,7.9404225646267e-05,0.0004208156223442481,,0.00014904451007084974,0.0,std
synch,streed,5,0.1,3,20,20,,,0.00415513070493611,8.721454162500423e-05,0.0025778727664948183,0.012193878743479271,7.9404225646267e-05,0.0004208156223442481,,0.0008089790957370564,0.0,std
synch,streed,5,0.0001,3,20,20,,,0.9956565414589793,0.00014116446281514,0.9971143737243878,0.9961997606639474,9.387339075959627e-05,0.00012184095520046,,0.4164093017578125,26.6,best_by_mean_val_r2
yacht,streed,5,0.0001,3,20,20,,,0.9821740879524438,4.217011381239294,0.9985898921892197,0.9886816428780725,0.32178969555991543,2.9528155877681845,,0.08723578453063961,25.6,mean
yacht,streed,5,0.0005,3,20,20,,,0.9869702154446773,2.943111379921324,0.9951602261383933,0.990573018964335,1.1107177797256982,2.2064320556982224,,0.027244234085082957,12.0,mean
yacht,streed,5,0.001,3,20,20,,,0.9869410431563722,2.9174233658760076,0.9911142506131693,0.987053829480594,2.040853423704261,3.1463381831616624,,0.0055951595306396,8.0,mean
yacht,streed,5,0.003,3,20,20,,,0.9833166360652985,3.699095010745316,0.9892676204625127,0.9849856862267703,2.4555778770486283,3.635814454440709,,0.00550017356872554,7.2,mean
yacht,streed,5,0.005,3,20,20,,,0.969973477009803,6.439312089348107,0.9801098605052863,0.9762270281638873,4.599756648871132,5.438897898345874,,0.0049485683441161605,5.6,mean
yacht,streed,5,0.008,3,20,20,,,0.9531143363331838,10.31791171988969,0.9582122524647672,0.9567922717029379,9.580154768448647,9.977137240916338,,0.00230183601379388,4.0,mean
yacht,streed,5,0.01,3,20,20,,,0.9531143363331838,10.31791171988969,0.9582122524647672,0.9567922717029379,9.580154768448647,9.977137240916338,,0.00233607292175288,4.0,mean
yacht,streed,5,0.03,3,20,20,,,0.9531143363331838,10.31791171988969,0.9582122524647672,0.9567922717029379,9.580154768448647,9.977137240916338,,0.00220332145690914,4.0,mean
yacht,streed,5,0.05,3,20,20,,,0.8967700904800839,22.823321616811544,0.9143819723015152,0.8983545694854476,19.60619868878154,23.040842120347023,,0.00213365554809566,3.0,mean
yacht,streed,5,0.08,3,20,20,,,0.8938031741678696,23.72160162431806,0.9143819723015152,0.8983545694854476,19.60619868878154,23.040842120347026,,0.00210552215576168,3.0,mean
yacht,streed,5,0.1,3,20,20,,,0.8745931374313001,27.56773126204674,0.9143819723015152,0.8983545694854476,19.60619868878154,23.040842120347023,,0.00204687118530268,3.0,mean
yacht,streed,5,0.0001,3,20,20,,,0.006805712134242435,1.717998315273005,0.00021905660737840535,0.012342313254929429,0.04264996418159256,3.8857578929209553,,0.00806984917115049,2.9664793948382653,std
yacht,streed,5,0.0005,3,20,20,,,0.0039129787348447746,0.9588806873881819,0.00042201123594547553,0.0031014080277407914,0.13770103681574733,1.0852509660813425,,0.0024143217503789062,1.0,std
yacht,streed,5,0.001,3,20,20,,,0.00319065530288704,0.7365970059064979,0.0008415619214777644,0.006438075686645023,0.27148300843695183,2.292722078923154,,0.00010487537096969882,0.0,std
yacht,streed,5,0.003,3,20,20,,,0.002816156246478982,0.7427192342361022,0.001141292097632647,0.007576522627175584,0.27098037526665747,2.6341751309625305,,0.00012617373860218398,0.8366600265340756,std
yacht,streed,5,0.005,3,20,20,,,0.0031493944742697778,0.9817900024456481,0.011400042512256181,0.016914377685768506,2.7411741885808687,3.7470309990901027,,0.0014978495138635412,0.8944271909999157,std
yacht,streed,5,0.008,3,20,20,,,0.004118814321800424,1.1873292290993958,0.0022141601044777864,0.008397577077062098,0.8559771809130658,3.5320380863075265,,3.774046368848333e-05,0.0,std
yacht,streed,5,0.01,3,20,20,,,0.004118814321800424,1.1873292290993958,0.0022141601044777864,0.008397577077062098,0.8559771809130658,3.5320380863075265,,6.294372405694734e-05,0.0,std
yacht,streed,5,0.03,3,20,20,,,0.004118814321800424,1.1873292290993958,0.0022141601044777864,0.008397577077062098,0.8559771809130658,3.5320380863075265,,5.257240497519556e-05,0.0,std
yacht,streed,5,0.05,3,20,20,,,0.013966642295003901,3.908698733354442,0.0018419564460552492,0.006882105026898199,1.0844105277413363,4.470699625350164,,6.162403127681498e-05,0.0,std
yacht,streed,5,0.08,3,20,20,,,0.011157196231542493,3.1507030430862053,0.0018419564460552492,0.006882105026898199,1.0844105277413363,4.470699625350164,,5.8049514056299826e-05,0.0,std
yacht,streed,5,0.1,3,20,20,,,0.022056456487102825,5.1042774091538625,0.0018419564460552492,0.006882105026898199,1.0844105277413363,4.470699625350164,,5.330145817281714e-05,0.0,std
yacht,streed,5,0.0005,3,20,20,,,0.9869702154446773,2.943111379921324,0.9951602261383933,0.990573018964335,1.1107177797256982,2.2064320556982224,,0.027244234085082957,12.0,best_by_mean_val_r2
california_housing,streed,5,0.0001,3,20,20,,,0.655297719808941,4591488469.905317,0.6205316077287182,0.6122341239843776,5056013218.607424,5163379552.539188,,599.5775820255279,16.0,mean
california_housing,streed,5,0.0005,3,20,20,,,0.6548513265269482,4597373867.431505,0.6205316077287182,0.6122341239843776,5056013218.607424,5163379552.539188,,599.5746039390564,16.0,mean
california_housing,streed,5,0.001,3,20,20,,,0.6538957903649714,4610276248.944835,0.6205316077287182,0.6122341239843776,5056013218.607424,5163379552.539188,,599.5686171531677,16.0,mean
california_housing,streed,5,0.003,3,20,20,,,0.6332989791052817,4885500782.776511,0.6177456516148125,0.608979042880731,5093076600.920546,5207161866.507095,,599.5688356876374,15.0,mean
california_housing,streed,5,0.005,3,20,20,,,0.6231803525747017,5019665672.644598,0.615070550443056,0.6057110878622319,5128853461.821457,5250409587.276814,,599.5455550670624,12.8,mean
california_housing,streed,5,0.008,3,20,20,,,0.5998466651941785,5330778370.268362,0.6074822613544801,0.5982687259874512,5230505016.902246,5347506164.203398,,599.535558271408,11.0,mean
california_housing,streed,5,0.01,3,20,20,,,0.5819984300811355,5568028145.0362625,0.5808787884292709,0.5772538953060006,5583815576.108001,5630408644.226451,,599.513355064392,8.0,mean
california_housing,streed,5,0.03,3,20,20,,,0.5092669011918645,6538235438.518266,0.5135715772771073,0.5112068778147266,6482052478.93482,6504421193.167036,,599.4690659999848,4.2,mean
california_housing,streed,5,0.05,3,20,20,,,0.5055834542271486,6587169547.895535,0.5075107217159227,0.5070901310659156,6561845965.1384945,6561850163.681452,,599.5971622467041,4.0,mean
california_housing,streed,5,0.08,3,20,20,,,0.4495032780909872,7333903323.962466,0.45017717368370275,0.44929083119540414,7325825198.95564,7331629173.316195,,151.14750638008118,3.0,mean
california_housing,streed,5,0.1,3,20,20,,,0.4495032780909872,7333903323.962466,0.45017717368370275,0.44929083119540414,7325825198.95564,7331629173.316195,,59.72138633728027,3.0,mean
california_housing,streed,5,0.0001,3,20,20,,,0.004689452117741317,58087530.3561194,0.0028431778494858013,0.008168681527671738,16772888.573956914,104799893.72935148,,0.013883299348307995,0.0,std
california_housing,streed,5,0.0005,3,20,20,,,0.005191145693850698,62179996.67982079,0.0028431778494858013,0.008168681527671738,16772888.573956914,104799893.72935148,,0.013132133143382794,0.0,std
california_housing,streed,5,0.001,3,20,20,,,0.005599896677641437,72643812.5187851,0.0028431778494858013,0.008168681527671738,16772888.573956914,104799893.72935148,,0.015540514353702472,0.0,std
california_housing,streed,5,0.003,3,20,20,,,0.005447746633255808,73845841.40236866,0.0036762106327899186,0.008456545289588583,22593229.456665803,132652256.20274045,,0.01557646807484336,0.7071067811865476,std
california_housing,streed,5,0.005,3,20,20,,,0.006208193064048923,72421712.09851548,0.008386078093823251,0.006750083977429188,111335973.01356636,97794880.6664056,,0.014527306622323021,0.44721359549995804,std
california_housing,streed,5,0.008,3,20,20,,,0.004941299830394163,69703040.75763758,0.008382033173428153,0.017023048558783397,138765416.40120062,159129932.37542123,,0.017358067744821255,1.5811388300841898,std
california_housing,streed,5,0.01,3,20,20,,,0.00985271216551295,111997531.73004138,0.014803668179164337,0.005392740410082864,173828320.6443465,148504789.85614726,,0.020457227746243607,0.9999999999999999,std
california_housing,streed,5,0.03,3,20,20,,,0.004938750789733061,46848301.178157926,0.009427422224404191,0.023666532531589117,168130871.35770035,182164762.97086358,,0.01743800501031617,0.4472135954999579,std
california_housing,streed,5,0.05,3,20,20,,,0.005822391935151402,40575347.334454834,0.004704986979554922,0.015091165991846471,33665181.0933547,116736736.15456413,,0.007512867287805623,0.0,std
california_housing,streed,5,0.08,3,20,20,,,0.004239075533734487,23314832.35565633,0.0038594355169930396,0.014429816379551052,24314304.101912744,91987833.97294842,,7.5084721777377865,0.0,std
california_housing,streed,5,0.1,3,20,20,,,0.004239075533734487,23314832.35565633,0.0038594355169930396,0.014429816379551052,24314304.101912744,91987833.97294842,,5.9402263135185915,0.0,std
california_housing,streed,5,0.0001,3,20,20,,,0.655297719808941,4591488469.905317,0.6205316077287182,0.6122341239843776,5056013218.607424,5163379552.539188,,599.5775820255279,16.0,best_by_mean_val_r2
seoul_bike,streed,5,0.0001,3,20,20,,,0.6715184109228586,136537.12446486446,0.698334737474515,0.6756162083462106,125458.84847828886,134812.65983775974,,599.5393709182739,32.0,mean
seoul_bike,streed,5,0.0005,3,20,20,,,0.6714861529075139,136548.07769903523,0.6980833077344403,0.6748836312576387,125563.9133206008,135098.92237760362,,599.5349050521851,31.4,mean
seoul_bike,streed,5,0.001,3,20,20,,,0.6719406299018095,136372.0649557275,0.6970087924905631,0.6765669634233443,126009.54364274885,134367.94193025143,,599.340953874588,30.0,mean
seoul_bike,streed,5,0.003,3,20,20,,,0.6549374199226695,143449.74536068566,0.6737593589096751,0.6583654986592445,135687.0905652397,141876.03847600688,,599.521389579773,17.0,mean
seoul_bike,streed,5,0.005,3,20,20,,,0.6463717579962702,146968.0704148815,0.6620104513088962,0.6500244058623952,140571.2794643924,145283.77785354655,,599.4865572452545,14.2,mean
seoul_bike,streed,5,0.008,3,20,20,,,0.6202654599306309,157820.60999323387,0.6369755650709861,0.6258207124677033,151009.59512451472,155131.65625641038,,599.4742700099945,10.2,mean
seoul_bike,streed,5,0.01,3,20,20,,,0.603814236709763,164689.8352453343,0.6255731903041762,0.6136041383950859,155752.52669607598,160292.2755123339,,599.4839647769928,9.0,mean
seoul_bike,streed,5,0.03,3,20,20,,,0.5783551393224466,175271.25685216207,0.588645945890122,0.5847231501873725,171079.2553882273,172327.28669007466,,599.1597877025604,6.0,mean
seoul_bike,streed,5,0.05,3,20,20,,,0.5256488204817092,196991.35812933248,0.5470965532626035,0.5409091206006128,188366.62572621173,190614.12602097707,,599.6949642181396,5.0,mean
seoul_bike,streed,5,0.08,3,20,20,,,0.47637667614797996,217515.08307634116,0.49086273339643993,0.4830438626656418,211762.97028499274,214529.1344242292,,297.45388889312744,4.0,mean
seoul_bike,streed,5,0.1,3,20,20,,,0.4018947405819768,248579.2431595182,0.4068518823664484,0.3997724471984213,246708.65952053285,249209.13143971967,,28.424524784088135,3.0,mean
seoul_bike,streed,5,0.0001,3,20,20,,,0.005030166500267015,2107.09994572544,0.006065733390578924,0.01837138082284789,1536.3236438903837,9710.372622977718,,0.4824221410248586,0.0,std
seoul_bike,streed,5,0.0005,3,20,20,,,0.005147793306760819,2123.79433684754,0.00598663663060948,0.019014953882400723,1531.4431698376459,9602.906496157733,,0.4764200106429658,0.8944271909999162,std
seoul_bike,streed,5,0.001,3,20,20,,,0.003919736151119298,2299.4673189108426,0.006437476451099371,0.018076039592513925,1702.0607227910657,8649.16343388988,,0.3897383734926286,2.449489742783178,std
seoul_bike,streed,5,0.003,3,20,20,,,0.0042259941701978,1270.9723362942962,0.008143759920144678,0.014152191040865543,3058.8931998066173,5995.379218855614,,0.46376325013050784,1.4142135623730954,std
seoul_bike,streed,5,0.005,3,20,20,,,0.009141071691417181,2530.6363738076984,0.006850500311725271,0.017997127775614092,2241.9910719135664,5946.380146003584,,0.45346762657265915,0.8366600265340756,std
seoul_bike,streed,5,0.008,3,20,20,,,0.011945617821171397,4818.582222790609,0.003108652076503899,0.026506257252822168,2821.1802336332853,4607.982362318782,,0.4784974696642134,0.8366600265340757,std
seoul_bike,streed,5,0.01,3,20,20,,,0.010746592776015907,3473.6966524388836,0.010050190292515929,0.027834287811215344,4904.122386304367,7930.683238140415,,0.4786490481756829,1.4142135623730951,std
seoul_bike,streed,5,0.03,3,20,20,,,0.007242907773291396,1747.2702368190469,0.00709406273042321,0.02530479381082491,1471.71646968769,7436.828021307344,,0.06364600979859078,0.0,std
seoul_bike,streed,5,0.05,3,20,20,,,0.011352087149001244,3887.2274745040677,0.005868632712863818,0.02081031581896795,1198.8695023415153,7565.143848988702,,0.0374682573259163,0.0,std
seoul_bike,streed,5,0.08,3,20,20,,,0.012248473012485953,4412.9854616603825,0.00681679638210994,0.026289777536684225,2573.9456189093535,6072.227680876605,,13.351908619291233,0.0,std
seoul_bike,streed,5,0.1,3,20,20,,,0.011623056371622502,4021.5046127541077,0.007876252381104877,0.03169884871550057,3309.9133586097155,11919.1894030286,,0.964275886230069,0.0,std
seoul_bike,streed,5,0.001,3,20,20,,,0.6719406299018095,136372.0649557275,0.6970087924905631,0.6765669634233443,126009.54364274885,134367.94193025143,,599.340953874588,30.0,best_by_mean_val_r2
temperature_max,streed,5,0.0001,3,20,20,,,0.7205239694391793,2.7117931574935312,0.7376038834457008,0.7264284256685927,2.5480236385302044,2.654868706692354,,599.7172728538513,16.0,mean
temperature_max,streed,5,0.0005,3,20,20,,,0.7205239694391793,2.7117931574935312,0.7376038834457008,0.7264284256685927,2.5480236385302044,2.654868706692354,,599.7119038105011,16.0,mean
temperature_max,streed,5,0.001,3,20,20,,,0.7205239694391793,2.7117931574935312,0.7376038834457008,0.7264284256685927,2.5480236385302044,2.654868706692354,,599.7187321662902,16.0,mean
temperature_max,streed,5,0.003,3,20,20,,,0.7171298904813109,2.7445395199458167,0.7342010278891437,0.7230780310534739,2.5811004028858653,2.687227209288227,,599.7227372169494,14.8,mean
temperature_max,streed,5,0.005,3,20,20,,,0.7105001788152914,2.8095957558302387,0.7221560934594339,0.7102627145342509,2.6982585461616493,2.8112240492704066,,599.7154261112213,11.6,mean
temperature_max,streed,5,0.008,3,20,20,,,0.6898699279019933,3.008611755027121,0.6955420848206787,0.6849147395601027,2.956523475048902,3.0551274026805695,,599.7125131607056,7.6,mean
temperature_max,streed,5,0.01,3,20,20,,,0.6791593146183429,3.1135114054220767,0.6884562097997609,0.6790397762480179,3.0252787331818234,3.112288187731937,,599.6814282417297,6.8,mean
temperature_max,streed,5,0.03,3,20,20,,,0.6436700551170238,3.457341820653003,0.63849978645903,0.6329572910595935,3.511338499515927,3.5578655428862973,,599.6292544841766,4.2,mean
temperature_max,streed,5,0.05,3,20,20,,,0.5956804126130214,3.9215361319090327,0.6219943798764622,0.6166847717944017,3.668983106757648,3.726305398917426,,599.6752683162689,3.8,mean
temperature_max,streed,5,0.08,3,20,20,,,0.5707237372719661,4.165407657466311,0.5781143942989578,0.5742360471989775,4.09688042088836,4.131875216544733,,8.393962860107422,3.0,mean
temperature_max,streed,5,0.1,3,20,20,,,0.5707237372719661,4.165407657466311,0.5781143942989578,0.5742360471989775,4.09688042088836,4.131875216544733,,0.3430514812469482,3.0,mean
temperature_max,streed,5,0.0001,3,20,20,,,0.0038480917695468877,0.03017177621362399,0.002562423060665151,0.00936698250938434,0.02057374398428111,0.08569744630481203,,0.013262951176849523,0.0,std
temperature_max,streed,5,0.0005,3,20,20,,,0.0038480917695468877,0.03017177621362399,0.002562423060665151,0.00936698250938434,0.02057374398428111,0.08569744630481203,,0.009826651172754353,0.0,std
temperature_max,streed,5,0.001,3,20,20,,,0.0038480917695468877,0.03017177621362399,0.002562423060665151,0.00936698250938434,0.02057374398428111,0.08569744630481203,,0.004075998866252089,0.0,std
temperature_max,streed,5,0.003,3,20,20,,,0.003355798464013807,0.026280802590019938,0.0016359975178308376,0.011446480419305379,0.016160145424199232,0.10109180577953447,,0.006721072535905158,0.44721359549995776,std
temperature_max,streed,5,0.005,3,20,20,,,0.007180944317436224,0.08374192367988122,0.005506526698583066,0.01175630244161202,0.06448723582071766,0.09154593825658981,,0.007841502633110842,1.140175425099138,std
temperature_max,streed,5,0.008,3,20,20,,,0.005273798572811352,0.05739859127365217,0.004320675208757014,0.02103955260177717,0.043667304250746934,0.14423715698846315,,0.011362287894963442,0.8944271909999159,std
temperature_max,streed,5,0.01,3,20,20,,,0.001980323581783921,0.024027077126464146,0.007985939616553264,0.016159346037946352,0.07612212110749665,0.07007970213169852,,0.007731822433762474,0.4472135954999579,std
temperature_max,streed,5,0.03,3,20,20,,,0.01050299551620789,0.12039369392585872,0.011959152564017578,0.02358353220636276,0.14525558986744855,0.12718212910333349,,0.014949251948331703,0.44721359549995787,std
temperature_max,streed,5,0.05,3,20,20,,,0.01806881093055192,0.14201962211682392,0.025823598113593593,0.019254360409738488,0.2139704927696402,0.31302382085735536,,0.026318403845459016,0.44721359549995787,std
temperature_max,streed,5,0.08,3,20,20,,,0.003597141437647431,0.03187885793115286,0.0022638847595635287,0.01144486315690733,0.03431706666758875,0.10546871648705608,,0.3148573987896166,0.0,std
temperature_max,streed,5,0.1,3,20,20,,,0.003597141437647431,0.03187885793115286,0.0022638847595635287,0.01144486315690733,0.03431706666758875,0.10546871648705608,,0.007243489221461199,0.0,std
temperature_max,streed,5,0.0001,3,20,20,,,0.7205239694391793,2.7117931574935312,0.7376038834457008,0.7264284256685927,2.5480236385302044,2.654868706692354,,599.7172728538513,16.0,best_by_mean_val_r2
temperature_min,streed,5,0.0001,3,20,20,,,0.7884607855924505,1.3075481764230452,0.7982100651522741,0.790865656322759,1.2477339759696102,1.293738024672266,,599.7162083625793,16.0,mean
temperature_min,streed,5,0.0005,3,20,20,,,0.7884607855924505,1.3075481764230452,0.7982100651522741,0.790865656322759,1.2477339759696102,1.293738024672266,,599.7110409259797,16.0,mean
temperature_min,streed,5,0.001,3,20,20,,,0.7884607855924505,1.3075481764230452,0.7982100651522741,0.790865656322759,1.2477339759696102,1.293738024672266,,599.6992273807525,16.0,mean
temperature_min,streed,5,0.003,3,20,20,,,0.7810214532085602,1.3533468934182018,0.7915499851111973,0.7837990433739531,1.288828325468387,1.3374055707300012,,599.7103716373443,13.0,mean
temperature_min,streed,5,0.005,3,20,20,,,0.7698514128230624,1.4222405827741809,0.7783787057093127,0.7721415519354371,1.3703516880108342,1.4089071387573793,,599.7187564849853,9.8,mean
temperature_min,streed,5,0.008,3,20,20,,,0.7536199881915725,1.522412039780468,0.7620414256319303,0.7570758214834431,1.471204843962209,1.5022819196461652,,599.6958456993103,7.4,mean
temperature_min,streed,5,0.01,3,20,20,,,0.7495051516948331,1.5480707055553247,0.7532295110662182,0.7492222721443751,1.5259505063454388,1.5499363172045526,,599.59949426651,6.4,mean
temperature_min,streed,5,0.03,3,20,20,,,0.703790253636389,1.8307897126921102,0.7029275212747432,0.7006417051540512,1.8368153874513606,1.8504519708679652,,599.5908183574677,4.0,mean
temperature_min,streed,5,0.05,3,20,20,,,0.6903451530572025,1.9143639937123418,0.7029275212747432,0.7006417051540512,1.8368153874513606,1.8504519708679652,,8.463400840759277,4.0,mean
temperature_min,streed,5,0.08,3,20,20,,,0.6435958868850216,2.2027762384262273,0.6475756062602894,0.6444242339649946,2.1790589243321454,2.197894247720625,,0.33060250282287595,3.0,mean
temperature_min,streed,5,0.1,3,20,20,,,0.6435958868850216,2.2027762384262273,0.6475756062602894,0.6444242339649946,2.1790589243321454,2.197894247720625,,0.34622607231140134,3.0,mean
temperature_min,streed,5,0.0001,3,20,20,,,0.00408907744504428,0.03194384441258791,0.0026178531224152228,0.011790486626659252,0.02380399690514839,0.10441767948005856,,0.00853985766258361,0.0,std
temperature_min,streed,5,0.0005,3,20,20,,,0.00408907744504428,0.03194384441258791,0.0026178531224152228,0.011790486626659252,0.02380399690514839,0.10441767948005856,,0.013416947980900833,0.0,std
temperature_min,streed,5,0.001,3,20,20,,,0.00408907744504428,0.03194384441258791,0.0026178531224152228,0.011790486626659252,0.02380399690514839,0.10441767948005856,,0.025909281167751524,0.0,std
temperature_min,streed,5,0.003,3,20,20,,,0.0032405488627585337,0.02996310861464895,0.002852128380693266,0.014673134194340787,0.018964498125879706,0.11820849711473147,,0.006197203953466255,0.7071067811865476,std
temperature_min,streed,5,0.005,3,20,20,,,0.002124829401545082,0.013204656761022233,0.0014156867649193004,0.01160476126058241,0.020523844355149982,0.09627605676126262,,0.02726126810160305,0.44721359549995776,std
temperature_min,streed,5,0.008,3,20,20,,,0.004176539813088463,0.03142483979848369,0.005149479377523588,0.0165960705850861,0.028558488879159058,0.12589826331926357,,0.013981572652449602,0.8944271909999159,std
temperature_min,streed,5,0.01,3,20,20,,,0.005780624665762974,0.037897227725322905,0.006465411898810554,0.013835231284277964,0.04880152710687952,0.09740438026034777,,0.03965707370995679,0.547722557505166,std
temperature_min,streed,5,0.03,3,20,20,,,0.006586233217416697,0.0457181475412276,0.003212480022960424,0.013113477656250015,0.026152989590287758,0.10506651018216252,,0.015139404379777396,0.0,std
temperature_min,streed,5,0.05,3,20,20,,,0.00506698284345581,0.04269298040239412,0.003212480022960424,0.013113477656250015,0.026152989590287758,0.10506651018216252,,0.18408703212761235,0.0,std
temperature_min,streed,5,0.08,3,20,20,,,0.0028788314122712554,0.0281359593867383,0.0034608373462362316,0.014869918416443402,0.02937124985100552,0.11995826793019466,,0.003760413587796562,0.0,std
temperature_min,streed,5,0.1,3,20,20,,,0.0028788314122712554,0.0281359593867383,0.0034608373462362316,0.014869918416443402,0.02937124985100552,0.11995826793019466,,0.013035921672583686,0.0,std
temperature_min,streed,5,0.0001,3,20,20,,,0.7884607855924505,1.3075481764230452,0.7982100651522741,0.790865656322759,1.2477339759696102,1.293738024672266,,599.7162083625793,16.0,best_by_mean_val_r2
walmart,streed,5,0.0001,3,20,20,,,0.1742283426137816,262723756996.42816,0.23683193704121716,0.19832721270077686,243033455552.3273,255195354936.9581,,214.27630124092101,32.0,mean
walmart,streed,5,0.0005,3,20,20,,,0.1742283426137816,262723756996.42816,0.23683193704121716,0.19832721270077686,243033455552.3273,255195354936.9581,,213.11926836967467,32.0,mean
walmart,streed,5,0.001,3,20,20,,,0.1742283426137816,262723756996.42816,0.23683193704121716,0.19832721270077686,243033455552.3273,255195354936.9581,,214.368722820282,32.0,mean
walmart,streed,5,0.003,3,20,20,,,0.1658553265437684,265390953457.91278,0.2306255842518948,0.20228761500769715,245012319004.00873,253949735901.56503,,215.28769087791443,29.2,mean
walmart,streed,5,0.005,3,20,20,,,0.14365202952489947,272480816089.8606,0.1813289212032294,0.1532204002633061,260714741177.12433,269562439884.3788,,215.4446011066437,17.6,mean
walmart,streed,5,0.008,3,20,20,,,0.10964373746600334,283289531678.9694,0.12253236519194086,0.11847580994667947,279432397597.71747,280630135933.3146,,210.2484396457672,8.0,mean
walmart,streed,5,0.01,3,20,20,,,0.10373344333002617,285159941861.10657,0.11867264842508096,0.11127336337878042,280658357705.3241,282947267250.56555,,206.37902722358703,7.6,mean
walmart,streed,5,0.03,3,20,20,,,-0.00024992861666188004,318341526994.8032,-2.2204460492503135e-17,-0.0005622755496246794,318452988831.7868,318524976852.8907,,155.67407641410827,1.0,mean
walmart,streed,5,0.05,3,20,20,,,-0.00143021699275496,318699285360.28815,-2.2204460492503135e-17,-0.0005622755496246794,318452988831.7868,318524976852.8907,,83.86616468429565,1.0,mean
walmart,streed,5,0.08,3,20,20,,,-0.00143021699275496,318699285360.28815,-2.2204460492503135e-17,-0.0005622755496246794,318452988831.7868,318524976852.8907,,4.011019945144653,1.0,mean
walmart,streed,5,0.1,3,20,20,,,-0.00143021699275496,318699285360.28815,-2.2204460492503135e-17,-0.0005622755496246794,318452988831.7868,318524976852.8907,,0.16154527664184565,1.0,mean
walmart,streed,5,0.0001,3,20,20,,,0.012068005061154213,3940517645.9459834,0.00261920399625726,0.007832263496361107,1273342722.5932333,3211702002.406281,,3.2086142826524324,0.0,std
walmart,streed,5,0.0005,3,20,20,,,0.012068005061154213,3940517645.9459834,0.00261920399625726,0.007832263496361107,1273342722.5932333,3211702002.406281,,2.4779747672856,0.0,std
walmart,streed,5,0.001,3,20,20,,,0.012068005061154213,3940517645.9459834,0.00261920399625726,0.007832263496361107,1273342722.5932333,3211702002.406281,,3.03619751296297,0.0,std
walmart,streed,5,0.003,3,20,20,,,0.013290599637809831,4368090170.205383,0.00612210573295121,0.013058085353574108,2496238586.7834983,5556316452.601455,,3.564280742870392,1.643167672515498,std
walmart,streed,5,0.005,3,20,20,,,0.005793419761460151,2232818275.94623,0.010968550207707789,0.018018990413448843,4159567574.335623,6555012552.491466,,3.2584786307365854,2.0736441353327715,std
walmart,streed,5,0.008,3,20,20,,,0.009861078085059087,3881261985.1272855,0.0017969609642741974,0.006697838395500976,1204931368.493804,4545660264.300051,,3.8875499530628193,0.0,std
walmart,streed,5,0.01,3,20,20,,,0.006893196154834769,2574740942.665783,0.00414312495284125,0.013046449549700216,803354791.647788,7147536736.831203,,4.094287445243269,0.5477225575051663,std
walmart,streed,5,0.03,3,20,20,,,0.0025663027367221376,1021301459.5685989,1.2161883888976234e-16,0.0003864519406684143,1128090483.4065306,4530817784.468946,,4.9148370263658805,0.0,std
walmart,streed,5,0.05,3,20,20,,,0.0002432262470614023,1127190800.978196,1.2161883888976234e-16,0.0003864519406684143,1128090483.4065306,4530817784.468946,,2.085687155429981,0.0,std
walmart,streed,5,0.08,3,20,20,,,0.0002432262470614023,1127190800.978196,1.2161883888976234e-16,0.0003864519406684143,1128090483.4065306,4530817784.468946,,0.2010556655904002,0.0,std
walmart,streed,5,0.1,3,20,20,,,0.0002432262470614023,1127190800.978196,1.2161883888976234e-16,0.0003864519406684143,1128090483.4065306,4530817784.468946,,0.002973719060069429,0.0,std
walmart,streed,5,0.0001,3,20,20,,,0.1742283426137816,262723756996.42816,0.23683193704121716,0.19832721270077686,243033455552.3273,255195354936.9581,,214.27630124092101,32.0,best_by_mean_val_r2
airfoil,guide,5,2.0,3,20,20,quantile,1.0,0.04595047579073332,45.281428,0.06974,0.04166076274,44.243364,45.559979999999996,,0.058102999999999995,1.4,mean
airfoil,guide,5,4.0,3,20,20,quantile,1.0,0.3515775,30.821624000000003,0.39496000000000003,0.35742308,28.781132000000003,30.612978,,0.052194000000000004,4.0,mean
airfoil,guide,5,6.0,3,20,20,quantile,1.0,0.40252676666666665,28.389287333333336,0.42218,0.38661486,27.498556,29.145814,,0.05326499999999999,5.0,mean
airfoil,guide,5,8.0,3,20,20,quantile,1.0,0.4365788666666667,26.78186,0.48926,0.4526733399999999,24.302804000000002,26.078818000000002,,0.0563896,7.6,mean
airfoil,guide,5,10.0,3,20,20,quantile,1.0,0.4813042266666666,24.616435333333335,0.5361,0.49737628,22.067598,23.949686000000003,,0.054537,9.8,mean
airfoil,guide,5,12.0,3,20,20,quantile,1.0,0.5168444933333334,22.889587999999996,0.56878,0.52844726,20.51053,22.46415,,0.050987000000000005,11.8,mean
airfoil,guide,5,14.0,3,20,20,quantile,1.0,0.5430305866666667,21.634050666666663,0.5941799999999999,0.54294932,19.30978,21.77066,,0.050449999999999995,13.8,mean
airfoil,guide,5,16.0,3,20,20,quantile,1.0,0.5655306133333333,20.580588666666664,0.61686,0.56122304,18.229212,20.915602,,0.0489624,16.0,mean
airfoil,guide,5,20.0,3,20,20,quantile,1.0,0.5890962066666667,19.46151533333333,0.642,0.5893974,17.030936,19.578118,,0.054491200000000004,20.0,mean
airfoil,guide,5,24.0,3,20,20,quantile,1.0,0.60009308,18.933706666666666,0.6573399999999999,0.60012548,16.300414,19.070876000000002,,0.0577866,24.0,mean
airfoil,guide,5,28.0,3,20,20,quantile,1.0,0.60677688,18.618868666666668,0.66472,0.60582734,15.949338000000001,18.807821999999998,,0.0533888,28.0,mean
airfoil,guide,5,32.0,3,20,20,quantile,1.0,0.6078177933333333,18.569678,0.66652,0.60842832,15.864296000000001,18.683401999999997,,0.0538606,29.8,mean
airfoil,guide,5,2.0,3,20,20,quantile,1.0,0.03974283830612862,1.9843773288540674,0.09550438733377643,0.0579414361101362,4.6232028859309215,4.077519667855693,,0.0066184111764078235,0.5477225575051662,std
airfoil,guide,5,4.0,3,20,20,quantile,1.0,0.021464650820787492,1.5009981254159612,0.0117308567462057,0.04126724269989455,0.9856016214069458,3.5660292375231575,,0.0066173334130902005,0.0,std
airfoil,guide,5,6.0,3,20,20,quantile,1.0,0.012794317094471699,0.9773571330418442,0.03839703113523231,0.024951024796448746,2.1763487088194307,1.900939774764051,,0.004755599173605784,1.0,std
airfoil,guide,5,8.0,3,20,20,quantile,1.0,0.02384719074546426,1.5019819629872038,0.021545718832287782,0.03528907075119718,1.3843717320792135,2.982094849953637,,0.000683748345519024,0.5477225575051662,std
airfoil,guide,5,10.0,3,20,20,quantile,1.0,0.015910227458800757,1.0022102182138346,0.013230457286125796,0.037510433385019706,0.9050704822940603,2.9268311041431825,,0.003953491305163072,0.44721359549995815,std
airfoil,guide,5,12.0,3,20,20,quantile,1.0,0.018442795764010374,1.0168365552415748,0.00952349725678549,0.02837378648018273,0.6946500573310288,2.569792639368008,,0.003928017438861491,0.44721359549995804,std
airfoil,guide,5,14.0,3,20,20,quantile,1.0,0.01640277025948154,0.7717919230394229,0.016792170794748377,0.03507889315453095,1.092754285281006,2.7020060779816903,,0.006527959137433383,0.44721359549995776,std
airfoil,guide,5,16.0,3,20,20,quantile,1.0,0.024696528336619412,1.3122891374185268,0.014462468668937528,0.04021387005528068,0.9584173250051343,2.9343938244329104,,0.003853569488149915,0.0,std
airfoil,guide,5,20.0,3,20,20,quantile,1.0,0.019469664837887354,0.9798563683225331,0.011980609333418732,0.04247544331275428,0.7991990399643877,2.980272879992702,,0.005113449246839162,0.0,std
airfoil,guide,5,24.0,3,20,20,quantile,1.0,0.020094563156549453,1.0344550343081869,0.01227591137146242,0.03997475944889476,0.7825197414314868,2.8788044138374533,,0.0007247987996678772,0.0,std
airfoil,guide,5,28.0,3,20,20,quantile,1.0,0.0178412384996203,0.912986475397576,0.012563717602684332,0.04673248959009139,0.7824890249837375,3.1284718386889776,,0.004349955482530824,0.0,std
airfoil,guide,5,32.0,3,20,20,quantile,1.0,0.01720548723853007,0.867254000191279,0.013065488892498495,0.04546008662306969,0.8008711700891732,3.068432507554957,,0.00567188278263929,0.8366600265340753,std
airfoil,guide,5,32.0,3,20,20,quantile,1.0,0.6078177933333333,18.569678,0.66652,0.60842832,15.864296000000001,18.683401999999997,,0.0538606,29.8,best_by_mean_val_r2
auction,guide,5,2.0,3,20,20,quantile,1.0,-0.0013276545466666,107664670.8,0.0,-0.00310203312,107582715.4,107715946.8,,0.07232720000000001,1.0,mean
auction,guide,5,4.0,3,20,20,quantile,1.0,0.8476489733333332,16425623.266666666,0.8482200000000001,0.84550938,16320782.8,16434972.2,,0.075333,4.0,mean
auction,guide,5,6.0,3,20,20,quantile,1.0,0.8599227,15086291.333333334,0.8693200000000001,0.85778508,14048996.6,15114550.0,,0.0786732,6.0,mean
auction,guide,5,8.0,3,20,20,quantile,1.0,0.8727041333333332,13717985.733333334,0.87902,0.86725316,13012378.0,14078459.8,,0.0773596,7.2,mean
auction,guide,5,10.0,3,20,20,quantile,1.0,0.8839563333333332,12519223.266666668,0.8949,0.88507134,11299778.6,12187156.4,,0.0807,9.6,mean
auction,guide,5,12.0,3,20,20,quantile,1.0,0.89040962,11816636.266666668,0.9029,0.89446378,10438606.2,11226237.0,,0.0794086,12.0,mean
auction,guide,5,14.0,3,20,20,quantile,1.0,0.89091194,11760872.066666666,0.9041,0.89529578,10308527.6,11139610.2,,0.0776422,13.6,mean
auction,guide,5,16.0,3,20,20,quantile,1.0,0.8913136399999999,11717624.333333334,0.9044800000000001,0.8954930000000001,10267380.0,11119454.6,,0.0812376,15.8,mean
auction,guide,5,20.0,3,20,20,quantile,1.0,0.8916300066666667,11683476.266666668,0.90478,0.8957913,10235918.2,11087538.4,,0.07731239999999999,20.0,mean
auction,guide,5,24.0,3,20,20,quantile,1.0,0.8916807466666666,11678051.6,0.90482,0.8958286799999999,10230835.0,11083604.4,,0.0796288,24.0,mean
auction,guide,5,28.0,3,20,20,quantile,1.0,0.8916932133333333,11676691.466666665,0.90482,0.89584192,10229774.0,11082173.4,,0.0819314,28.0,mean
auction,guide,5,32.0,3,20,20,quantile,1.0,0.8916936,11676648.0,0.90482,0.89584288,10229723.6,11082075.6,,0.0833588,30.2,mean
auction,guide,5,2.0,3,20,20,quantile,1.0,0.0006553206183272607,2294996.8151848647,0.0,0.002680329444452763,2275968.6707700514,9106073.226431863,,0.004489824851817718,0.0,std
auction,guide,5,4.0,3,20,20,quantile,1.0,0.00610635817904408,465372.1313646269,0.006172681751070593,0.026926634135127234,459581.45390148176,1849712.85891627,,0.003951263658628713,0.0,std
auction,guide,5,6.0,3,20,20,quantile,1.0,0.005728639808696048,597324.9518084314,0.0064009374313455086,0.025378447651836406,469414.96102308034,1610670.668493718,,0.00323191850144771,0.0,std
auction,guide,5,8.0,3,20,20,quantile,1.0,0.006015996954509439,546988.2291330211,0.007433168907000537,0.027623104151289744,775247.0079793923,1908426.4521702693,,0.002641955204010848,0.8366600265340757,std
auction,guide,5,10.0,3,20,20,quantile,1.0,0.011110139045459488,1168651.4666927329,0.008380930735902747,0.028750487580961163,810609.1942892703,2345114.464394606,,0.009093957361896967,0.8944271909999159,std
auction,guide,5,12.0,3,20,20,quantile,1.0,0.004365205850663489,335057.672605148,0.006460263152534867,0.023148846421409453,591887.7824631964,2039094.8450447323,,0.0016408046196912031,0.0,std
auction,guide,5,14.0,3,20,20,quantile,1.0,0.004777734085107781,378753.4355242345,0.007323592014851692,0.022515921516606884,686563.0481989982,1977352.6437980651,,0.00434452778791896,0.547722557505166,std
auction,guide,5,16.0,3,20,20,quantile,1.0,0.004927559900160179,384372.0294533088,0.007265466261706811,0.022728416423829483,678522.506795095,2018293.3644674406,,0.00668535494943986,0.44721359549995804,std
auction,guide,5,20.0,3,20,20,quantile,1.0,0.004948872102330215,387104.762895753,0.007329870394488584,0.022582668459130376,687727.8748645427,1999642.6138478594,,0.0034016699281382377,0.0,std
auction,guide,5,24.0,3,20,20,quantile,1.0,0.004934332833975028,385798.8853913245,0.007306982961523839,0.02256294344444001,687901.0599711997,1997837.8054633962,,0.0037576906072746314,0.0,std
auction,guide,5,28.0,3,20,20,quantile,1.0,0.0049331714259805565,385665.5569280069,0.007306982961523839,0.022560025342117845,687748.1971837513,1997441.888465294,,0.0037175452653599233,0.0,std
auction,guide,5,32.0,3,20,20,quantile,1.0,0.004932801926559236,385621.4983291406,0.007306982961523839,0.022559782165991762,687750.714234671,1997423.436683945,,0.002946841224090641,0.44721359549995765,std
auction,guide,5,32.0,3,20,20,quantile,1.0,0.8916936,11676648.0,0.90482,0.89584288,10229723.6,11082075.6,,0.0833588,30.2,best_by_mean_val_r2
auto_mpg,guide,5,2.0,3,20,20,quantile,1.0,0.5546406066666667,26.979708666666664,0.5814199999999999,0.55556656,25.433463999999997,26.914866,,0.024524999999999998,2.0,mean
auto_mpg,guide,5,4.0,3,20,20,quantile,1.0,0.6822521133333334,19.198792,0.72728,0.68412772,16.572774000000003,19.176302,,0.026041,4.0,mean
auto_mpg,guide,5,6.0,3,20,20,quantile,1.0,0.7428940066666667,15.467451333333333,0.7982,0.76365302,12.264376,14.345851999999999,,0.026778800000000002,6.0,mean
auto_mpg,guide,5,8.0,3,20,20,quantile,1.0,0.76074182,14.4157612,0.8336600000000001,0.75665094,10.1100786,14.779993999999999,,0.0225462,8.0,mean
auto_mpg,guide,5,10.0,3,20,20,quantile,1.0,0.7736416066666666,13.646264400000002,0.85276,0.7917935199999999,8.9466458,12.6248814,,0.027462600000000004,9.8,mean
auto_mpg,guide,5,12.0,3,20,20,quantile,1.0,0.7837614133333334,13.039098000000001,0.86868,0.81228324,7.978534199999999,11.4029016,,0.0241576,11.8,mean
auto_mpg,guide,5,14.0,3,20,20,quantile,1.0,0.7902752333333333,12.668733133333332,0.8812,0.8082219,7.2183112,11.6526306,,0.0266298,14.0,mean
auto_mpg,guide,5,16.0,3,20,20,quantile,1.0,0.79061158,12.663278333333333,0.8887600000000001,0.81080296,6.7605818,11.5203612,,0.0259204,16.0,mean
auto_mpg,guide,5,20.0,3,20,20,quantile,1.0,0.7946896,12.418533466666668,0.89894,0.8120155199999999,6.1410976,11.452588,,0.0271204,20.0,mean
auto_mpg,guide,5,24.0,3,20,20,quantile,1.0,0.7963990400000001,12.312745533333334,0.90442,0.81204882,5.8086188,11.4670944,,0.0276044,23.8,mean
auto_mpg,guide,5,28.0,3,20,20,quantile,1.0,0.7963522466666666,12.3159022,0.90492,0.81173766,5.778756400000001,11.4854984,,0.0268926,24.6,mean
auto_mpg,guide,5,32.0,3,20,20,quantile,1.0,0.7963522466666666,12.3159022,0.90492,0.81173766,5.778756400000001,11.4854984,,0.0295558,24.6,mean
auto_mpg,guide,5,2.0,3,20,20,quantile,1.0,0.044732296642883106,2.6432062091600472,0.02809798925190199,0.10554189967644605,1.9244002664414706,7.5680483962861915,,0.001827463953132865,0.0,std
auto_mpg,guide,5,4.0,3,20,20,quantile,1.0,0.026705305287179258,1.6933607648673739,0.017137590262344377,0.08560945206702941,1.2206131857718074,6.14849424264348,,0.004304511063988568,0.0,std
auto_mpg,guide,5,6.0,3,20,20,quantile,1.0,0.03187805993963041,1.9818497379392812,0.014401215226500865,0.06476708167739993,1.006889086260249,4.63166450446489,,0.002509161154649099,0.0,std
auto_mpg,guide,5,8.0,3,20,20,quantile,1.0,0.03166011416658883,1.8389079970549786,0.012781940384777252,0.05320517936233276,0.8721371604654856,4.036850856773136,,0.004558518311907939,0.0,std
auto_mpg,guide,5,10.0,3,20,20,quantile,1.0,0.02964907132168825,1.635981470437419,0.01440392307671767,0.03891700875057073,0.9097673538062903,2.899664877996214,,0.003654689220713574,0.44721359549995776,std
auto_mpg,guide,5,12.0,3,20,20,quantile,1.0,0.021651006086151215,1.161569721469759,0.011159390664368742,0.04090208283807807,0.7211607709052812,3.0188814640963955,,0.005108112792411693,0.44721359549995776,std
auto_mpg,guide,5,14.0,3,20,20,quantile,1.0,0.020248859787885494,1.0946919811110136,0.008128653024948227,0.036920279904748866,0.5720258809483185,2.839362383782458,,0.004459797663571746,0.0,std
auto_mpg,guide,5,16.0,3,20,20,quantile,1.0,0.020103909748529006,1.0778461812605717,0.007032282701939668,0.043127048007984496,0.5046249709994545,3.2579744817121723,,0.0038091599205074076,0.0,std
auto_mpg,guide,5,20.0,3,20,20,quantile,1.0,0.017316895377299416,0.8624096890712235,0.005878179990439201,0.03786427469577358,0.4319519232915857,2.992428579067176,,0.004606162318025713,0.0,std
auto_mpg,guide,5,24.0,3,20,20,quantile,1.0,0.01893534121805337,0.9595226413382044,0.007113859711858269,0.04260181841948768,0.5056964158630157,3.2726430324412554,,0.004385035210805041,0.44721359549995815,std
auto_mpg,guide,5,28.0,3,20,20,quantile,1.0,0.018905512872566473,0.9584748702255984,0.007437876040913837,0.042551865389052,0.5220418233161978,3.2703915691736825,,0.004980341032499682,1.1401754250991383,std
auto_mpg,guide,5,32.0,3,20,20,quantile,1.0,0.018905512872566473,0.9584748702255984,0.007437876040913837,0.042551865389052,0.5220418233161978,3.2703915691736825,,0.0031452406426218014,1.1401754250991383,std
auto_mpg,guide,5,24.0,3,20,20,quantile,1.0,0.7963990400000001,12.312745533333334,0.90442,0.81204882,5.8086188,11.4670944,,0.0276044,23.8,best_by_mean_val_r2
energe_c,guide,5,2.0,3,20,20,quantile,1.0,0.8014031866666667,17.962173999999997,0.8024000000000001,0.80163136,17.855562,17.868485999999997,,0.0356834,2.0,mean
energe_c,guide,5,4.0,3,20,20,quantile,1.0,0.8877021533333334,10.141363133333334,0.89672,0.89525788,9.3330376,9.4313744,,0.0389928,4.0,mean
energe_c,guide,5,6.0,3,20,20,quantile,1.0,0.9042167799999999,8.634546533333333,0.91336,0.90621774,7.82869,8.450073,,0.037407,6.0,mean
energe_c,guide,5,8.0,3,20,20,quantile,1.0,0.9134453333333333,7.819980533333333,0.92242,0.91514684,7.0125026,7.642235599999999,,0.042515199999999996,7.4,mean
energe_c,guide,5,10.0,3,20,20,quantile,1.0,0.9258385733333334,6.698183933333334,0.93442,0.92913482,5.926872,6.3786226,,0.0395394,9.6,mean
energe_c,guide,5,12.0,3,20,20,quantile,1.0,0.9327749533333334,6.068133333333334,0.943,0.93475716,5.150360999999999,5.8827064,,0.041665,12.0,mean
energe_c,guide,5,14.0,3,20,20,quantile,1.0,0.9400913533333334,5.408657400000001,0.94888,0.94155572,4.618489200000001,5.267473000000001,,0.0419484,14.0,mean
energe_c,guide,5,16.0,3,20,20,quantile,1.0,0.9458243466666667,4.888446733333334,0.95332,0.94823588,4.219477,4.667897,,0.040026,15.8,mean
energe_c,guide,5,20.0,3,20,20,quantile,1.0,0.9529771933333333,4.250354533333334,0.9589399999999999,0.9533303399999999,3.711075,4.2096176,,0.037968,20.0,mean
energe_c,guide,5,24.0,3,20,20,quantile,1.0,0.9542677000000002,4.135303666666667,0.96106,0.95464732,3.5194234,4.089567199999999,,0.0402122,24.0,mean
energe_c,guide,5,28.0,3,20,20,quantile,1.0,0.95436166,4.1264866,0.9616,0.9552259,3.4692163999999996,4.0376256,,0.040588400000000004,28.0,mean
energe_c,guide,5,32.0,3,20,20,quantile,1.0,0.95436166,4.1264866,0.96164,0.9552337,3.4681136,4.0369154,,0.040167999999999995,28.4,mean
energe_c,guide,5,2.0,3,20,20,quantile,1.0,0.005789850839692548,0.5658964029916519,0.0055497747702046235,0.021962577516266155,0.5118424440391786,2.0420167365450266,,0.0038753494423083945,0.0,std
energe_c,guide,5,4.0,3,20,20,quantile,1.0,0.004742641126442394,0.44132599236049613,0.003623120202256665,0.014890156285512903,0.3270168768890985,1.344824385984021,,0.0029349066765401574,0.0,std
energe_c,guide,5,6.0,3,20,20,quantile,1.0,0.00583310126903163,0.5399866214605904,0.002467387282126558,0.012271810215204635,0.23116466578826403,1.1395866683265032,,0.0063233848135314345,0.0,std
energe_c,guide,5,8.0,3,20,20,quantile,1.0,0.006672976827598549,0.6000434678017363,0.004020820811724884,0.012357619630940288,0.3868799487338416,1.1085473862186945,,0.0011639616402613945,0.5477225575051663,std
energe_c,guide,5,10.0,3,20,20,quantile,1.0,0.004122558133637734,0.3563722488532809,0.004245821475286046,0.01122382591196071,0.40960589316805457,0.95819425017441,,0.0034365631523369375,0.5477225575051662,std
energe_c,guide,5,12.0,3,20,20,quantile,1.0,0.003325666011209085,0.29338738260191094,0.0023184046238738892,0.010734536102366023,0.2142104516427708,1.005946468641995,,0.004058324469531732,0.0,std
energe_c,guide,5,14.0,3,20,20,quantile,1.0,0.002329260246611547,0.242589945315524,0.002046216019876654,0.008968436966216568,0.19359565572786,0.8261275422751017,,0.0037110179600751076,0.0,std
energe_c,guide,5,16.0,3,20,20,quantile,1.0,0.0035724004398381306,0.3338197094686658,0.0021947665023869874,0.009617240847405313,0.19774822379859683,0.8925901697859439,,0.005578055216650334,0.44721359549995804,std
energe_c,guide,5,20.0,3,20,20,quantile,1.0,0.0027376643167732273,0.27005922182361775,0.0018555322686496169,0.00937484361218894,0.17835362189902418,0.8715523549281476,,0.0051642028910568565,0.0,std
energe_c,guide,5,24.0,3,20,20,quantile,1.0,0.002833005419946138,0.28428410703711365,0.0021709444949145934,0.008582309792940383,0.21092076160800288,0.7935656530027617,,0.005328381996441322,0.0,std
energe_c,guide,5,28.0,3,20,20,quantile,1.0,0.002758262021273479,0.27640625040291705,0.0020772578077841285,0.008592097926583416,0.20599812907232926,0.7950454179575529,,0.004195735013081734,0.0,std
energe_c,guide,5,32.0,3,20,20,quantile,1.0,0.002758262021273479,0.27640625040291705,0.002094755355644231,0.00858832718461517,0.20652421907926446,0.79466025267299,,0.004438418918939493,0.547722557505166,std
energe_c,guide,5,32.0,3,20,20,quantile,1.0,0.95436166,4.1264866,0.96164,0.9552337,3.4681136,4.0369154,,0.040167999999999995,28.4,best_by_mean_val_r2
energe_h,guide,5,2.0,3,20,20,quantile,1.0,0.7898697866666666,21.332708,0.79112,0.78925128,21.233303999999997,21.319747999999997,,0.0421396,2.0,mean
energe_h,guide,5,4.0,3,20,20,quantile,1.0,0.9019446933333335,9.946520333333334,0.90452,0.9031362,9.7039614,9.7821724,,0.042478,4.0,mean
energe_h,guide,5,6.0,3,20,20,quantile,1.0,0.9283419333333333,7.268969533333333,0.9320600000000001,0.93014092,6.9057502,7.0585756,,0.04056800000000001,6.0,mean
energe_h,guide,5,8.0,3,20,20,quantile,1.0,0.9414441,5.941773866666667,0.9463800000000001,0.94428228,5.4513456,5.617814,,0.0408764,8.0,mean
energe_h,guide,5,10.0,3,20,20,quantile,1.0,0.9498223133333333,5.089602066666666,0.9554600000000001,0.9522700199999999,4.5282354,4.808304,,0.0423572,10.0,mean
energe_h,guide,5,12.0,3,20,20,quantile,1.0,0.9563996733333333,4.417492466666667,0.96172,0.9580826800000001,3.8918434000000004,4.2123134,,0.0416736,12.0,mean
energe_h,guide,5,14.0,3,20,20,quantile,1.0,0.9615372799999999,3.8971308666666666,0.96578,0.9619142999999999,3.4781495999999996,3.8340630000000004,,0.0353092,13.8,mean
energe_h,guide,5,16.0,3,20,20,quantile,1.0,0.9658989800000001,3.4572014666666666,0.97048,0.9644329600000001,3.0026257999999997,3.5985034,,0.037828799999999996,16.0,mean
energe_h,guide,5,20.0,3,20,20,quantile,1.0,0.9717744533333335,2.8586981333333332,0.97606,0.9708778,2.4366266,2.9419908,,0.0427014,19.8,mean
energe_h,guide,5,24.0,3,20,20,quantile,1.0,0.9747597266666667,2.553957733333333,0.97952,0.97526092,2.082513,2.5011546000000004,,0.0442974,24.0,mean
energe_h,guide,5,28.0,3,20,20,quantile,1.0,0.9752898266666667,2.5004980666666667,0.9812,0.97697638,1.9136941999999997,2.3270368,,0.0363292,28.0,mean
energe_h,guide,5,32.0,3,20,20,quantile,1.0,0.9752924533333334,2.5002376666666666,0.9814400000000001,0.9772370199999999,1.8878502000000001,2.3004434,,0.040200400000000004,30.4,mean
energe_h,guide,5,2.0,3,20,20,quantile,1.0,0.004492313539418717,0.40951703047343224,0.004294414977619147,0.01653233058546193,0.35209407596550146,1.391135202728333,,0.0008546890077683233,0.0,std
energe_h,guide,5,4.0,3,20,20,quantile,1.0,0.0035892025132023718,0.3867464346149669,0.003935352589031885,0.014935898497412193,0.3400444881067767,1.3816807170217726,,0.001666609882365997,0.0,std
energe_h,guide,5,6.0,3,20,20,quantile,1.0,0.0012574550206226392,0.11647962673517925,0.0015469324484281694,0.005982063298478215,0.08968472667461275,0.36470699574219834,,0.0028326762081113317,0.0,std
energe_h,guide,5,8.0,3,20,20,quantile,1.0,0.001267683299259854,0.10583486936171421,0.0019562719647329046,0.0076005068256662775,0.13741089960152356,0.539114797384101,,0.002748851269166813,0.0,std
energe_h,guide,5,10.0,3,20,20,quantile,1.0,0.0026810434650419972,0.2083618715790182,0.0015598076804529694,0.007395190674147681,0.1300305646061728,0.5415726101830669,,0.0033488596118679006,0.0,std
energe_h,guide,5,12.0,3,20,20,quantile,1.0,0.002926980231911369,0.27190849668802985,0.001699117417955591,0.008488465184118976,0.1744037003357441,0.6601300558028699,,0.003504067607795261,0.0,std
energe_h,guide,5,14.0,3,20,20,quantile,1.0,0.0015125105379982502,0.09847053359158321,0.0019110206696946028,0.005842460584804988,0.18469763704038006,0.39584536317355035,,0.0056317640841924465,0.44721359549995787,std
energe_h,guide,5,16.0,3,20,20,quantile,1.0,0.0012718225513018643,0.15939944306043788,0.0015089731607951,0.0039031815475327257,0.17794969032482183,0.3790409915652925,,0.003807026490582906,0.0,std
energe_h,guide,5,20.0,3,20,20,quantile,1.0,0.0020782404293054426,0.20741449173141213,0.0022086194783167115,0.003566044715788073,0.25499027426805915,0.29928783281600346,,0.0011294604021390034,0.44721359549995765,std
energe_h,guide,5,24.0,3,20,20,quantile,1.0,0.0019117779339022406,0.19976653446369178,0.0018753666308218482,0.0030946792712654068,0.21280632689842666,0.2905578212719459,,0.0010675075175379332,0.0,std
energe_h,guide,5,28.0,3,20,20,quantile,1.0,0.001937967152198429,0.20619264674414453,0.0018371173070873734,0.0029292622316890874,0.20970971152929466,0.26827663691551684,,0.0060927283871841835,0.0,std
energe_h,guide,5,32.0,3,20,20,quantile,1.0,0.0019404542905378736,0.2064978390675206,0.001851485889765271,0.002885421915769028,0.21010896950082836,0.2607727311248246,,0.008659423958901655,0.547722557505166,std
energe_h,guide,5,32.0,3,20,20,quantile,1.0,0.9752924533333334,2.5002376666666666,0.9814400000000001,0.9772370199999999,1.8878502000000001,2.3004434,,0.040200400000000004,30.4,best_by_mean_val_r2
insurance,guide,5,2.0,3,20,20,quantile,1.0,0.61689344,55971882.73333333,0.61982,0.60741444,55647920.2,56374213.6,,0.0665408,2.0,mean
insurance,guide,5,4.0,3,20,20,quantile,1.0,0.8200870266666666,26330418.46666666,0.8221,0.8110005599999999,26052032.2,27435381.6,,0.0621076,4.0,mean
insurance,guide,5,6.0,3,20,20,quantile,1.0,0.8325223066666666,24523246.6,0.8396000000000001,0.8218691,23481777.6,25788219.0,,0.0660906,6.0,mean
insurance,guide,5,8.0,3,20,20,quantile,1.0,0.8429594066666667,22989800.53333333,0.85204,0.8342456800000001,21659680.4,23987154.8,,0.0613508,8.0,mean
insurance,guide,5,10.0,3,20,20,quantile,1.0,0.8443933266666667,22789633.0,0.8566600000000001,0.836327,20985947.0,23610945.8,,0.0666336,10.0,mean
insurance,guide,5,12.0,3,20,20,quantile,1.0,0.8452952333333335,22651541.066666666,0.8603200000000001,0.84130886,20452469.2,22893641.6,,0.0667844,12.0,mean
insurance,guide,5,14.0,3,20,20,quantile,1.0,0.84690344,22412937.066666663,0.8632799999999999,0.8428973799999999,20012412.6,22665811.4,,0.0655308,13.8,mean
insurance,guide,5,16.0,3,20,20,quantile,1.0,0.8475555266666666,22323420.8,0.86632,0.84514592,19565439.6,22382988.8,,0.0656778,16.0,mean
insurance,guide,5,20.0,3,20,20,quantile,1.0,0.84845912,22202131.0,0.86934,0.84570192,19119640.2,22243370.0,,0.062133799999999996,19.8,mean
insurance,guide,5,24.0,3,20,20,quantile,1.0,0.8487305466666667,22161681.133333333,0.8712199999999999,0.8481279,18848051.6,21926554.4,,0.0649322,23.8,mean
insurance,guide,5,28.0,3,20,20,quantile,1.0,0.8485091199999999,22194492.866666667,0.87194,0.8476050799999999,18740481.0,22039154.8,,0.065493,27.8,mean
insurance,guide,5,32.0,3,20,20,quantile,1.0,0.8485152866666666,22193643.333333332,0.8720600000000001,0.84774092,18722380.8,22020543.4,,0.06744,29.2,mean
insurance,guide,5,2.0,3,20,20,quantile,1.0,0.015071974219472557,1164374.417070538,0.014398159604616137,0.06125365964155121,967713.0211732199,3774011.801332475,,0.005121220674800097,0.0,std
insurance,guide,5,4.0,3,20,20,quantile,1.0,0.011687330052582564,1217708.756247994,0.009805610638812853,0.030375112899921855,1456085.5122710688,4925348.218616914,,0.0033265284156309247,0.0,std
insurance,guide,5,6.0,3,20,20,quantile,1.0,0.009374263253847876,1280918.857690215,0.011081967334368064,0.029306522493977305,1490607.5248878556,4253143.258782027,,0.002604084541638384,0.0,std
insurance,guide,5,8.0,3,20,20,quantile,1.0,0.008370233019834795,911711.1391898261,0.010833882037386229,0.029201046114685696,1495753.7519464227,4163886.003534163,,0.006673747537927999,0.0,std
insurance,guide,5,10.0,3,20,20,quantile,1.0,0.009367236420079677,1008980.5154328088,0.010002149768924705,0.031223650058569412,1410936.35593442,3954292.882540278,,0.0017469394093671384,0.0,std
insurance,guide,5,12.0,3,20,20,quantile,1.0,0.009877536088069301,987324.3395597965,0.009654377245581429,0.029221171380148313,1330642.592763624,3679285.2360650566,,0.003825207549924582,0.0,std
insurance,guide,5,14.0,3,20,20,quantile,1.0,0.010031131402079108,1046021.117260955,0.009911962469662576,0.029013073753258203,1281606.253617038,3666203.2341155475,,0.004995114433123626,0.44721359549995804,std
insurance,guide,5,16.0,3,20,20,quantile,1.0,0.01036662486825445,1112801.8087411555,0.009364133702590973,0.02868355443624447,1187750.972788614,3913114.696436485,,0.0032913627420872345,0.0,std
insurance,guide,5,20.0,3,20,20,quantile,1.0,0.00945058746376824,1040908.662678643,0.009238127515898423,0.030822294630542982,1156395.2978759902,3858742.765643235,,0.004000690402917981,0.44721359549995787,std
insurance,guide,5,24.0,3,20,20,quantile,1.0,0.009445329373546328,967104.3112351652,0.00972661297677667,0.029703675688288127,1219840.5791415118,3916795.148597741,,0.0027116081390938488,0.44721359549995765,std
insurance,guide,5,28.0,3,20,20,quantile,1.0,0.009306054657933402,977609.6541355225,0.009530372500589843,0.02896696215832794,1206290.6932259323,4041904.361907355,,0.00483819222437472,0.44721359549995815,std
insurance,guide,5,32.0,3,20,20,quantile,1.0,0.009300921296887138,977042.3201964619,0.009577212538103152,0.02914298382341795,1209215.0350021292,4075278.806729829,,0.001576423642299234,1.6431676725154984,std
insurance,guide,5,24.0,3,20,20,quantile,1.0,0.8487305466666667,22161681.133333333,0.8712199999999999,0.8481279,18848051.6,21926554.4,,0.0649322,23.8,best_by_mean_val_r2
optical_net,guide,5,2.0,3,20,20,quantile,1.0,0.4627222533333334,0.02213226466666662,0.50842,0.48293694,0.020378342,0.021053426,,0.039127800000000004,2.0,mean
optical_net,guide,5,4.0,3,20,20,quantile,1.0,0.6000815933333333,0.01646151933333332,0.65698,0.61571454,0.014224130000000001,0.015580927999999999,,0.0348138,4.0,mean
optical_net,guide,5,6.0,3,20,20,quantile,1.0,0.6649357800000001,0.013807257333333281,0.71728,0.65835944,0.01172987,0.013973891999999998,,0.0378452,5.8,mean
optical_net,guide,5,8.0,3,20,20,quantile,1.0,0.6930825533333334,0.01265355859999998,0.75194,0.6874726800000001,0.0102871756,0.0128712666,,0.0347138,7.6,mean
optical_net,guide,5,10.0,3,20,20,quantile,1.0,0.7175019266666667,0.01164090106666662,0.77508,0.70484832,0.0093212586,0.012193831200000001,,0.0356398,9.4,mean
optical_net,guide,5,12.0,3,20,20,quantile,1.0,0.73397144,0.01097568286666664,0.8006800000000001,0.72012656,0.008253789000000001,0.011560429,,0.0382522,12.0,mean
optical_net,guide,5,14.0,3,20,20,quantile,1.0,0.7440134066666667,0.0105679117333333,0.8115,0.74267926,0.0077976016,0.0106975752,,0.034519,13.6,mean
optical_net,guide,5,16.0,3,20,20,quantile,1.0,0.7484832066666667,0.01038352893333328,0.82308,0.75501024,0.0073223418,0.010170410199999999,,0.0365104,16.0,mean
optical_net,guide,5,20.0,3,20,20,quantile,1.0,0.7537691333333333,0.01016599713333328,0.83484,0.75844954,0.0068314524,0.0100591024,,0.0337338,20.0,mean
optical_net,guide,5,24.0,3,20,20,quantile,1.0,0.7530704733333333,0.01019768199999998,0.84038,0.76207604,0.006602396199999999,0.009925453800000001,,0.0404982,23.8,mean
optical_net,guide,5,28.0,3,20,20,quantile,1.0,0.75306972,0.0101977151333333,0.84134,0.76130678,0.0065616324000000005,0.0099537186,,0.036803199999999994,25.2,mean
optical_net,guide,5,32.0,3,20,20,quantile,1.0,0.75306972,0.0101977151333333,0.8414200000000001,0.76120866,0.006558389600000001,0.0099572978,,0.0360544,25.4,mean
optical_net,guide,5,2.0,3,20,20,quantile,1.0,0.030352088513062467,0.0008425655032320283,0.019598137666625364,0.06730018238551067,0.00036591258685647734,0.0014095172155848266,,0.00044617899995405455,0.0,std
optical_net,guide,5,4.0,3,20,20,quantile,1.0,0.011439343094858636,0.0002694612164053693,0.016042194363614978,0.0707772650040463,0.0005961853800622751,0.0016764398548173446,,0.005948346803944772,0.0,std
optical_net,guide,5,6.0,3,20,20,quantile,1.0,0.014218043637528596,0.0004883141315530733,0.00785060507222215,0.055680314095809494,0.0004842116232599129,0.0022495972601934773,,0.001867136229630823,0.44721359549995787,std
optical_net,guide,5,8.0,3,20,20,quantile,1.0,0.016864537021869273,0.000472155351384981,0.009718436088177948,0.06278493487877487,0.00039126615265928683,0.0032748255432011645,,0.005039236122667798,0.547722557505166,std
optical_net,guide,5,10.0,3,20,20,quantile,1.0,0.025528716461645916,0.0006721576985938389,0.025734743052923576,0.05913627749010756,0.0010090302615438744,0.003339203850205495,,0.005263351042824332,0.8944271909999159,std
optical_net,guide,5,12.0,3,20,20,quantile,1.0,0.020683331126126654,0.0005737481463924401,0.024305698920212133,0.06873773058559614,0.0008857742006919712,0.003524879701625291,,0.0020540387532858263,0.0,std
optical_net,guide,5,14.0,3,20,20,quantile,1.0,0.02174242955860222,0.0006310005534844631,0.030046131198542048,0.06701973943378918,0.0010822960425665893,0.0037990762420745394,,0.005661592443827089,0.8944271909999159,std
optical_net,guide,5,16.0,3,20,20,quantile,1.0,0.02387855231783911,0.0007847345393952663,0.02960856295060601,0.06388819994649249,0.0011196976065495096,0.003543691623766831,,0.003518810210852525,0.0,std
optical_net,guide,5,20.0,3,20,20,quantile,1.0,0.02548363367625499,0.0008252035641298461,0.03187966436460712,0.0663902295731684,0.0012248418764519362,0.003786713078826913,,0.0032938976456471734,0.0,std
optical_net,guide,5,24.0,3,20,20,quantile,1.0,0.024814722002577866,0.0008362626786431142,0.0323219275415313,0.07151251084770414,0.0012537640218363262,0.00401007565709853,,0.0005129358634371358,0.44721359549995765,std
optical_net,guide,5,28.0,3,20,20,quantile,1.0,0.024813328559965087,0.0008361985606044714,0.03384062647174252,0.07133501194407979,0.0013167087168538074,0.003994944037992122,,0.0038364477971164937,1.9235384061671343,std
optical_net,guide,5,32.0,3,20,20,quantile,1.0,0.024813328559965087,0.0008361985606044714,0.034006058283782385,0.07138477862960704,0.0013233883812285795,0.003994731533737806,,0.003421237539253888,2.302172886644268,std
optical_net,guide,5,20.0,3,20,20,quantile,1.0,0.7537691333333333,0.01016599713333328,0.83484,0.75844954,0.0068314524,0.0100591024,,0.0337338,20.0,best_by_mean_val_r2
real_estate,guide,5,2.0,3,20,20,quantile,1.0,0.45611493999999997,100.552202,0.48100000000000004,0.47688667999999995,95.695188,94.068058,,0.0262776,2.0,mean
real_estate,guide,5,4.0,3,20,20,quantile,1.0,0.56560824,80.425134,0.61222,0.5739219799999999,71.542056,76.972264,,0.028811399999999997,4.0,mean
real_estate,guide,5,6.0,3,20,20,quantile,1.0,0.5860593666666667,76.829644,0.6654,0.6192219,61.719992000000005,68.767812,,0.028067199999999997,6.0,mean
real_estate,guide,5,8.0,3,20,20,quantile,1.0,0.5930319466666667,75.25238133333333,0.6931,0.60379274,56.60717999999999,71.34435599999999,,0.0278978,7.8,mean
real_estate,guide,5,10.0,3,20,20,quantile,1.0,0.59545236,74.959972,0.71444,0.6061144199999999,52.65796,70.862522,,0.0287578,10.0,mean
real_estate,guide,5,12.0,3,20,20,quantile,1.0,0.6025112666666667,73.71544466666667,0.72512,0.58705976,50.731892,75.135052,,0.0250526,11.6,mean
real_estate,guide,5,14.0,3,20,20,quantile,1.0,0.6125433133333333,71.90971866666666,0.7358800000000001,0.59206274,48.722015999999996,74.060384,,0.0270872,13.6,mean
real_estate,guide,5,16.0,3,20,20,quantile,1.0,0.6171078400000001,71.11036333333334,0.7449399999999999,0.58669846,47.03725,75.116004,,0.0272584,16.0,mean
real_estate,guide,5,20.0,3,20,20,quantile,1.0,0.61449618,71.65068933333333,0.75338,0.59140918,45.461656,74.337424,,0.029838399999999998,20.0,mean
real_estate,guide,5,24.0,3,20,20,quantile,1.0,0.6141013666666667,71.72128133333334,0.75578,0.59013406,45.00659,74.64696599999999,,0.030090600000000002,22.2,mean
real_estate,guide,5,28.0,3,20,20,quantile,1.0,0.6141013666666667,71.72128133333334,0.75578,0.59013406,45.00659,74.64696599999999,,0.026553,22.2,mean
real_estate,guide,5,32.0,3,20,20,quantile,1.0,0.6141013666666667,71.72128133333334,0.75578,0.59013406,45.00659,74.64696599999999,,0.028206199999999997,22.2,mean
real_estate,guide,5,2.0,3,20,20,quantile,1.0,0.03910514807322837,8.48922010707814,0.009866863736770646,0.06208061259368341,3.4330821568628367,15.742482661178958,,0.0048317831387594355,0.0,std
real_estate,guide,5,4.0,3,20,20,quantile,1.0,0.017850172740066773,3.779423836519558,0.011373961491054888,0.09544402456983361,4.096212990901468,21.75126581250342,,0.0026963470288521845,0.0,std
real_estate,guide,5,6.0,3,20,20,quantile,1.0,0.016568601837578818,4.215887316364796,0.012941599592013343,0.10373797006607556,3.5564652459316983,22.638968370003518,,0.002937064384721587,0.0,std
real_estate,guide,5,8.0,3,20,20,quantile,1.0,0.008364304376024192,4.933512722676867,0.02330354050353724,0.0740707345315476,4.848748262680793,16.917736345942686,,0.00337382834477393,0.44721359549995787,std
real_estate,guide,5,10.0,3,20,20,quantile,1.0,0.012903219660964846,6.207232572234495,0.024839847020462925,0.05846056365505724,4.932182906117739,13.695311552371491,,0.002440776556754018,0.0,std
real_estate,guide,5,12.0,3,20,20,quantile,1.0,0.02310602520225457,7.840588273509702,0.024769073458649992,0.07684698096088746,5.377765746513139,22.203083910469957,,0.004547520511223672,0.8944271909999159,std
real_estate,guide,5,14.0,3,20,20,quantile,1.0,0.017564360046247722,7.008322675772152,0.027746297050237168,0.08669866122924273,5.522343464506716,22.74135679734017,,0.005075889104383586,0.5477225575051662,std
real_estate,guide,5,16.0,3,20,20,quantile,1.0,0.018014027423409056,7.15983077871724,0.02866239696885104,0.08489838770561545,5.509572028274971,23.030552735632075,,0.004935628764402768,0.0,std
real_estate,guide,5,20.0,3,20,20,quantile,1.0,0.02069098097336939,7.549784015051686,0.03179319109494989,0.0817156682472951,5.905640526164797,22.72577273766351,,0.001610998696461299,0.0,std
real_estate,guide,5,24.0,3,20,20,quantile,1.0,0.020025786105876946,7.461031184496249,0.033776870784606464,0.08035433835984217,6.157962585072274,22.91239369657238,,0.001362078301713965,1.30384048104053,std
real_estate,guide,5,28.0,3,20,20,quantile,1.0,0.020025786105876946,7.461031184496249,0.033776870784606464,0.08035433835984217,6.157962585072274,22.91239369657238,,0.005786323012069063,1.30384048104053,std
real_estate,guide,5,32.0,3,20,20,quantile,1.0,0.020025786105876946,7.461031184496249,0.033776870784606464,0.08035433835984217,6.157962585072274,22.91239369657238,,0.003922411209957467,1.30384048104053,std
real_estate,guide,5,16.0,3,20,20,quantile,1.0,0.6171078400000001,71.11036333333334,0.7449399999999999,0.58669846,47.03725,75.116004,,0.0272584,16.0,best_by_mean_val_r2
servo,guide,5,2.0,3,20,20,quantile,1.0,0.5713080466666667,1.0070082599999999,0.592,0.5159247199999999,0.97918514,1.05473754,,0.009441,2.0,mean
servo,guide,5,4.0,3,20,20,quantile,1.0,0.5336231466666667,1.0717008533333332,0.60782,0.4759497,0.94081144,1.11653066,,0.009456,3.2,mean
servo,guide,5,6.0,3,20,20,quantile,1.0,0.5341618666666667,1.0713307466666666,0.61488,0.4897788,0.9246047000000001,1.0974546,,0.0088014,5.8,mean
servo,guide,5,8.0,3,20,20,quantile,1.0,0.5341628466666666,1.0713287066666666,0.6149,0.48958908,0.9245490000000001,1.09781792,,0.009853200000000001,6.6,mean
servo,guide,5,10.0,3,20,20,quantile,1.0,0.5341628466666666,1.0713287066666666,0.6149,0.48958908,0.9245490000000001,1.09781792,,0.009235799999999999,6.6,mean
servo,guide,5,12.0,3,20,20,quantile,1.0,0.5341628466666666,1.0713287066666666,0.6149,0.48958908,0.9245490000000001,1.09781792,,0.0077502000000000005,6.6,mean
servo,guide,5,14.0,3,20,20,quantile,1.0,0.5341628466666666,1.0713287066666666,0.6149,0.48958908,0.9245490000000001,1.09781792,,0.008673,6.6,mean
servo,guide,5,16.0,3,20,20,quantile,1.0,0.5341628466666666,1.0713287066666666,0.6149,0.48958908,0.9245490000000001,1.09781792,,0.008572,6.6,mean
servo,guide,5,20.0,3,20,20,quantile,1.0,0.5341628466666666,1.0713287066666666,0.6149,0.48958908,0.9245490000000001,1.09781792,,0.010254,6.6,mean
servo,guide,5,24.0,3,20,20,quantile,1.0,0.5341628466666666,1.0713287066666666,0.6149,0.48958908,0.9245490000000001,1.09781792,,0.007897,6.6,mean
servo,guide,5,28.0,3,20,20,quantile,1.0,0.5341628466666666,1.0713287066666666,0.6149,0.48958908,0.9245490000000001,1.09781792,,0.0087728,6.6,mean
servo,guide,5,32.0,3,20,20,quantile,1.0,0.5341628466666666,1.0713287066666666,0.6149,0.48958908,0.9245490000000001,1.09781792,,0.0104366,6.6,mean
servo,guide,5,2.0,3,20,20,quantile,1.0,0.020740786412426365,0.10686031297693534,0.01894122488119499,0.10628796407428734,0.10976468782763425,0.49632949911146024,,0.0022184513742698982,0.0,std
servo,guide,5,4.0,3,20,20,quantile,1.0,0.06237795534049144,0.09192371584878176,0.029145359836515995,0.20564767936090358,0.11654403625768671,0.5238197829549998,,0.002005103239237321,0.4472135954999579,std
servo,guide,5,6.0,3,20,20,quantile,1.0,0.06903100027127917,0.0854341837180353,0.027360500726412145,0.19736366715764833,0.12015620478065209,0.5295631685605222,,0.0020022707858828683,0.44721359549995787,std
servo,guide,5,8.0,3,20,20,quantile,1.0,0.06903095556275467,0.08543193056816048,0.027403923076815117,0.1975845327285185,0.12016601728211264,0.5296370045116296,,0.0009361040006324083,0.5477225575051661,std
servo,guide,5,10.0,3,20,20,quantile,1.0,0.06903095556275467,0.08543193056816048,0.027403923076815117,0.1975845327285185,0.12016601728211264,0.5296370045116296,,0.0022569495342164825,0.5477225575051661,std
servo,guide,5,12.0,3,20,20,quantile,1.0,0.06903095556275467,0.08543193056816048,0.027403923076815117,0.1975845327285185,0.12016601728211264,0.5296370045116296,,0.0017632506061249496,0.5477225575051661,std
servo,guide,5,14.0,3,20,20,quantile,1.0,0.06903095556275467,0.08543193056816048,0.027403923076815117,0.1975845327285185,0.12016601728211264,0.5296370045116296,,0.0016638129402069216,0.5477225575051661,std
servo,guide,5,16.0,3,20,20,quantile,1.0,0.06903095556275467,0.08543193056816048,0.027403923076815117,0.1975845327285185,0.12016601728211264,0.5296370045116296,,0.002118272055237476,0.5477225575051661,std
servo,guide,5,20.0,3,20,20,quantile,1.0,0.06903095556275467,0.08543193056816048,0.027403923076815117,0.1975845327285185,0.12016601728211264,0.5296370045116296,,0.001269835225531249,0.5477225575051661,std
servo,guide,5,24.0,3,20,20,quantile,1.0,0.06903095556275467,0.08543193056816048,0.027403923076815117,0.1975845327285185,0.12016601728211264,0.5296370045116296,,0.003300395506602201,0.5477225575051661,std
servo,guide,5,28.0,3,20,20,quantile,1.0,0.06903095556275467,0.08543193056816048,0.027403923076815117,0.1975845327285185,0.12016601728211264,0.5296370045116296,,0.0028338879123917375,0.5477225575051661,std
servo,guide,5,32.0,3,20,20,quantile,1.0,0.06903095556275467,0.08543193056816048,0.027403923076815117,0.1975845327285185,0.12016601728211264,0.5296370045116296,,0.0009751903916671859,0.5477225575051661,std
servo,guide,5,2.0,3,20,20,quantile,1.0,0.5713080466666667,1.0070082599999999,0.592,0.5159247199999999,0.97918514,1.05473754,,0.009441,2.0,best_by_mean_val_r2
synch,guide,5,2.0,3,20,20,quantile,1.0,0.7115561333333333,0.00930130786666664,0.72048,0.7125627999999999,0.009086533999999999,0.009188531599999999,,0.028287800000000002,2.0,mean
synch,guide,5,4.0,3,20,20,quantile,1.0,0.9199463133333333,0.0025797193333333,0.9251799999999999,0.92164634,0.0024320486,0.0025078784,,0.026816600000000003,4.0,mean
synch,guide,5,6.0,3,20,20,quantile,1.0,0.9553544466666667,0.0014303250666666,0.9582200000000001,0.9540462200000001,0.0013583754,0.0014744472,,0.0277404,6.0,mean
synch,guide,5,8.0,3,20,20,quantile,1.0,0.9778807933333333,0.0007124224133333,0.9801,0.9789504000000001,0.00064733132,0.00067339186,,0.026595200000000003,8.0,mean
synch,guide,5,10.0,3,20,20,quantile,1.0,0.9836356533333334,0.00052443649999996,0.9855,0.9837361400000001,0.00047130944000000003,0.00052036728,,0.026912200000000004,10.0,mean
synch,guide,5,12.0,3,20,20,quantile,1.0,0.9880379733333333,0.00038324308666662,0.9893599999999999,0.98854118,0.00034561002,0.00036675886,,0.029920400000000003,12.0,mean
synch,guide,5,14.0,3,20,20,quantile,1.0,0.9917269333333334,0.0002643693133333,0.99262,0.99120464,0.00023969489999999997,0.00028109166000000004,,0.0294906,14.0,mean
synch,guide,5,16.0,3,20,20,quantile,1.0,0.9941187266666667,0.00018935718666661998,0.99506,0.9942909999999999,0.00015955206,0.00018301746,,0.029885000000000002,16.0,mean
synch,guide,5,20.0,3,20,20,quantile,1.0,0.9956921266666668,0.00013859517999993999,0.99652,0.99569648,0.00011247038,0.00013770316000000002,,0.027629800000000003,20.0,mean
synch,guide,5,24.0,3,20,20,quantile,1.0,0.9968073666666667,0.00010261514599996667,0.9975799999999999,0.9969427599999999,7.781017e-05,9.7622348e-05,,0.0300138,24.0,mean
synch,guide,5,28.0,3,20,20,quantile,1.0,0.9977211933333333,7.350118933333334e-05,0.9984,0.9979132999999999,5.196977599999999e-05,6.6937822e-05,,0.0250484,28.0,mean
synch,guide,5,32.0,3,20,20,quantile,1.0,0.9982980999999999,5.520105266666667e-05,0.9987600000000001,0.99828618,4.0321982e-05,5.4963342e-05,,0.026024199999999997,31.0,mean
synch,guide,5,2.0,3,20,20,quantile,1.0,0.005890979834128733,0.00012446550581401592,0.003471599055190572,0.014441536227493217,0.00014465354517777905,0.0006022052883587948,,0.0037012257023856295,0.0,std
synch,guide,5,4.0,3,20,20,quantile,1.0,0.0028055846675870866,0.00013046438572840996,0.002005492458225679,0.008266065218288567,8.457296318150381e-05,0.0003042632630828112,,0.005348100859183565,0.0,std
synch,guide,5,6.0,3,20,20,quantile,1.0,0.0015601858077734182,5.652462526014667e-05,0.0009731392500562509,0.008474819721209441,3.9736370069496755e-05,0.00030181488748850675,,0.00217689430152224,0.0,std
synch,guide,5,8.0,3,20,20,quantile,1.0,0.0008122998288125114,2.3066657590845166e-05,0.0005385164807134652,0.0018155881182140227,1.8560140295725126e-05,6.887959222489634e-05,,0.004990938909664192,0.0,std
synch,guide,5,10.0,3,20,20,quantile,1.0,0.0012658453246305514,3.2657596996546825e-05,0.0002549509756796556,0.0016662737644216347,1.4788216493816975e-05,6.300473176589198e-05,,0.004275905483052683,0.0,std
synch,guide,5,12.0,3,20,20,quantile,1.0,0.0009441828369901108,2.5318529072457954e-05,0.000207364413533329,0.0007928895679727728,1.2385433724016284e-05,3.6301729138954235e-05,,0.002877738052707368,0.0,std
synch,guide,5,14.0,3,20,20,quantile,1.0,0.0007329722213168985,2.0146273431544276e-05,0.0002683281572999847,0.0011124245830617372,9.178876262375473e-06,3.702769296699432e-05,,0.0011591847566285532,0.0,std
synch,guide,5,16.0,3,20,20,quantile,1.0,0.0004285347356593436,1.2842978533649705e-05,0.00019493588689616635,0.0004451839002030793,5.655625898872725e-06,2.2540518865988872e-05,,0.0005479425152331208,0.0,std
synch,guide,5,20.0,3,20,20,quantile,1.0,0.00019628469884323983,5.942648689041473e-06,8.36660026534199e-05,0.0003677688499587707,2.6069115178693723e-06,1.485817238384318e-05,,0.00449521186375014,0.0,std
synch,guide,5,24.0,3,20,20,quantile,1.0,0.00013783149736783343,5.214749987748909e-06,8.366600265340332e-05,0.00021089579891496034,1.866053379193637e-06,6.07652394149155e-06,,0.0026896714855164003,0.0,std
synch,guide,5,28.0,3,20,20,quantile,1.0,0.0001615415003438174,5.110056181074299e-06,0.0,0.00019323684948790364,1.9184376213810023e-06,9.084004636622003e-06,,0.004283849355427895,0.0,std
synch,guide,5,32.0,3,20,20,quantile,1.0,5.0706793320874954e-05,2.2017741737244504e-06,5.4772255750482705e-05,0.00018730821391492084,1.4942304669193482e-06,8.026803470829468e-06,,0.004923253009951857,0.0,std
synch,guide,5,32.0,3,20,20,quantile,1.0,0.9982980999999999,5.520105266666667e-05,0.9987600000000001,0.99828618,4.0321982e-05,5.4963342e-05,,0.026024199999999997,31.0,best_by_mean_val_r2
yacht,guide,5,2.0,3,20,20,quantile,1.0,0.7703773133333334,51.115614666666666,0.79908,0.77015042,46.037934,52.370870000000004,,0.0183176,2.0,mean
yacht,guide,5,4.0,3,20,20,quantile,1.0,0.9464738533333333,12.172744266666665,0.9549,0.94870678,10.3022066,11.688880000000001,,0.0212374,4.0,mean
yacht,guide,5,6.0,3,20,20,quantile,1.0,0.9813238999999999,4.195491266666666,0.9841599999999999,0.9833078199999999,3.6378542000000005,4.0534826,,0.020798,6.0,mean
yacht,guide,5,8.0,3,20,20,quantile,1.0,0.9861224133333334,3.1630236666666667,0.99096,0.9871128,2.0764666000000003,3.1293242,,0.0244014,8.0,mean
yacht,guide,5,10.0,3,20,20,quantile,1.0,0.9870901933333334,3.0068364799999996,0.99336,0.9881614799999999,1.5258690000000001,2.88739484,,0.018470999999999998,10.0,mean
yacht,guide,5,12.0,3,20,20,quantile,1.0,0.9875192599999998,2.8951044,0.9944200000000001,0.9887895199999999,1.27746,2.74631654,,0.020391799999999998,12.0,mean
yacht,guide,5,14.0,3,20,20,quantile,1.0,0.9881419333333333,2.756168933333334,0.9951800000000001,0.9895436,1.1087593999999998,2.5767303999999998,,0.0205054,14.0,mean
yacht,guide,5,16.0,3,20,20,quantile,1.0,0.9883944533333333,2.705559853333333,0.99558,0.9894940999999999,1.0183616199999999,2.5824001799999996,,0.0181616,15.8,mean
yacht,guide,5,20.0,3,20,20,quantile,1.0,0.9884778533333334,2.6868464333333337,0.9959,0.9900703200000001,0.9342071000000001,2.4629634400000002,,0.022903,19.6,mean
yacht,guide,5,24.0,3,20,20,quantile,1.0,0.9884803933333334,2.6860113,0.99594,0.9901090800000001,0.9283502800000001,2.4549993,,0.0236678,20.0,mean
yacht,guide,5,28.0,3,20,20,quantile,1.0,0.9884803933333334,2.6860113,0.99594,0.9901090800000001,0.9283502800000001,2.4549993,,0.0236696,20.0,mean
yacht,guide,5,32.0,3,20,20,quantile,1.0,0.9884803933333334,2.6860113,0.99594,0.9901090800000001,0.9283502800000001,2.4549993,,0.0230676,20.0,mean
yacht,guide,5,2.0,3,20,20,quantile,1.0,0.02613257373517235,7.184893262700415,0.007121586901807788,0.025399531939919683,3.301006008807013,13.11783602744942,,0.004774488956946074,0.0,std
yacht,guide,5,4.0,3,20,20,quantile,1.0,0.009332355874399734,2.821770133560546,0.003494281041931206,0.011165254043325652,0.5914623987903203,3.278894625212893,,0.0034224344113510784,0.0,std
yacht,guide,5,6.0,3,20,20,quantile,1.0,0.003119867712384313,0.8977341166077639,0.0020995237555216906,0.007880901678868986,0.6042524478946694,2.8428880396030016,,0.004376643576989107,0.0,std
yacht,guide,5,8.0,3,20,20,quantile,1.0,0.0031747702248964317,0.8096367672428106,0.0007436396977031214,0.006304644433272998,0.2592855453506809,2.258714664694879,,0.000832319830353693,0.0,std
yacht,guide,5,10.0,3,20,20,quantile,1.0,0.0035454046320084623,0.9695859988154895,0.0007436396977031081,0.006438940141591613,0.20185116053171454,2.1689886939397423,,0.005474990547937046,0.0,std
yacht,guide,5,12.0,3,20,20,quantile,1.0,0.003972001970837006,1.0506130622617547,0.0006140032573203672,0.0065250577428096175,0.1721740814931214,2.1900419339183688,,0.005667844316845692,0.0,std
yacht,guide,5,14.0,3,20,20,quantile,1.0,0.004008419883126608,1.0700856234725227,0.0003701351104664827,0.006404352022648309,0.12219074322263528,2.1344411904801452,,0.0054867450551305905,0.0,std
yacht,guide,5,16.0,3,20,20,quantile,1.0,0.0039698524376857395,1.0618993768275404,0.00031144823004797197,0.006335543648338349,0.1070615712720115,2.1210871947456362,,0.0035648284390696837,0.44721359549995815,std
yacht,guide,5,20.0,3,20,20,quantile,1.0,0.003989203219079088,1.0674005107719733,0.00035355339059323483,0.00650600864716613,0.10296846000424106,2.165927950488697,,0.005307352635730925,0.547722557505166,std
yacht,guide,5,24.0,3,20,20,quantile,1.0,0.003983740778980464,1.0656414441865145,0.00036469165057616634,0.006550106811877211,0.10227606983477118,2.1734692837752965,,0.00331133020099174,1.224744871391589,std
yacht,guide,5,28.0,3,20,20,quantile,1.0,0.003983740778980464,1.0656414441865145,0.00036469165057616634,0.006550106811877211,0.10227606983477118,2.1734692837752965,,0.0022128759115684735,1.224744871391589,std
yacht,guide,5,32.0,3,20,20,quantile,1.0,0.003983740778980464,1.0656414441865145,0.00036469165057616634,0.006550106811877211,0.10227606983477118,2.1734692837752965,,0.0029654524612611815,1.224744871391589,std
yacht,guide,5,32.0,3,20,20,quantile,1.0,0.9884803933333334,2.6860113,0.99594,0.9901090800000001,0.9283502800000001,2.4549993,,0.0230676,20.0,best_by_mean_val_r2
california_housing,guide,5,2.0,3,20,20,quantile,1.0,0.30460757333333327,9263946965.533333,0.30776000000000003,0.30157088,9223472614.0,9298055992.6,,1.08108,2.0,mean
california_housing,guide,5,4.0,3,20,20,quantile,1.0,0.49180495999999996,6770240586.2,0.49326,0.48831185999999993,6751907762.8,6813038714.8,,1.08008,4.0,mean
california_housing,guide,5,6.0,3,20,20,quantile,1.0,0.54578686,6050970518.866667,0.5497,0.5440609000000001,5999640530.4,6071210430.8,,1.0769199999999999,6.0,mean
california_housing,guide,5,8.0,3,20,20,quantile,1.0,0.5690957400000001,5740524702.333333,0.57384,0.5701218600000001,5677865759.4,5723546680.2,,1.08592,8.0,mean
california_housing,guide,5,10.0,3,20,20,quantile,1.0,0.5812944266666666,5577757925.2,0.58488,0.58070862,5530813801.0,5581965250.0,,1.0889199999999999,9.6,mean
california_housing,guide,5,12.0,3,20,20,quantile,1.0,0.5910646733333333,5447632815.933333,0.5953200000000001,0.5912765999999999,5391789531.8,5441844227.2,,1.08336,11.6,mean
california_housing,guide,5,14.0,3,20,20,quantile,1.0,0.5995691466666667,5334225687.266667,0.60524,0.60229796,5259637448.8,5294023017.8,,1.09022,14.0,mean
california_housing,guide,5,16.0,3,20,20,quantile,1.0,0.6063765133333334,5243338208.066667,0.61168,0.6093864200000001,5173920778.8,5199665850.6,,1.08784,16.0,mean
california_housing,guide,5,20.0,3,20,20,quantile,1.0,0.6139792333333334,5142646706.0,0.62066,0.61643136,5054267253.8,5105554160.8,,1.08352,20.0,mean
california_housing,guide,5,24.0,3,20,20,quantile,1.0,0.6178405266666667,5091224820.6,0.6244799999999999,0.6197380800000001,5003382262.4,5061829361.8,,1.0832000000000002,23.4,mean
california_housing,guide,5,28.0,3,20,20,quantile,1.0,0.6193427333333333,5071151155.866667,0.62754,0.621618,4962531097.6,5036465343.0,,1.09008,28.0,mean
california_housing,guide,5,32.0,3,20,20,quantile,1.0,0.6205001666666667,5055643205.0,0.6285000000000001,0.62231888,4949865961.4,5027066244.0,,1.09042,30.6,mean
california_housing,guide,5,2.0,3,20,20,quantile,1.0,0.004877548052693435,75202325.91956192,0.00400162467005588,0.0206550346890776,49091899.51229068,161402973.7691526,,0.00692293290448496,0.0,std
california_housing,guide,5,4.0,3,20,20,quantile,1.0,0.004997129024994703,54338848.146139055,0.008641643362231534,0.012800614441033671,77930169.60717367,142556849.10749146,,0.009900101009585788,0.0,std
california_housing,guide,5,6.0,3,20,20,quantile,1.0,0.005907056299056437,76721526.14961198,0.005624499977775803,0.008378137765637419,45254472.91838698,110389126.52097514,,0.006916068247205176,0.0,std
california_housing,guide,5,8.0,3,20,20,quantile,1.0,0.006121949585957102,85505374.77080864,0.0076897984368902135,0.00894972450458669,72695384.43001717,69729928.33711421,,0.004404202538485287,0.0,std
california_housing,guide,5,10.0,3,20,20,quantile,1.0,0.003496797207715771,37928650.22400951,0.010432976564720146,0.011654514338959013,127485363.69811971,80238417.66219403,,0.008317571761036983,0.8944271909999157,std
california_housing,guide,5,12.0,3,20,20,quantile,1.0,0.005417320062253051,41065443.00807393,0.00857537171206007,0.009111717075557154,89694045.24261767,75085825.34741464,,0.0063586948346339165,0.5477225575051661,std
california_housing,guide,5,14.0,3,20,20,quantile,1.0,0.0034699650019528786,32326393.398288995,0.0049987998559654625,0.011848455314217052,43952583.80895079,44027737.008057036,,0.0022465529150233307,0.0,std
california_housing,guide,5,16.0,3,20,20,quantile,1.0,0.004280049139035139,29529214.841872483,0.004744154297659373,0.011675583451245584,34826506.91094321,44749546.50347615,,0.015042872066198091,0.0,std
california_housing,guide,5,20.0,3,20,20,quantile,1.0,0.004006806957125217,34212386.21043228,0.0041319486928082065,0.01259778759239096,22205191.191110443,49121890.10035536,,0.002735324478009914,0.0,std
california_housing,guide,5,24.0,3,20,20,quantile,1.0,0.003365951427523025,35247118.143672936,0.003577289476684882,0.011949910756445031,11052968.9064961,61158631.38003659,,0.005254521862167817,0.8944271909999155,std
california_housing,guide,5,28.0,3,20,20,quantile,1.0,0.0038921538790666196,33289190.084921014,0.004000374982423487,0.012845793855188518,29239932.823724046,59187845.94652432,,0.005383493289677161,0.0,std
california_housing,guide,5,32.0,3,20,20,quantile,1.0,0.004389349170371842,36911809.29251093,0.004019950248448324,0.013081998504892094,32696116.235590193,61386371.495735675,,0.012368791371835827,0.8944271909999161,std
california_housing,guide,5,32.0,3,20,20,quantile,1.0,0.6205001666666667,5055643205.0,0.6285000000000001,0.62231888,4949865961.4,5027066244.0,,1.09042,30.6,best_by_mean_val_r2
seoul_bike,guide,5,2.0,3,20,20,quantile,1.0,0.23268448,318923.08666666667,0.23881999999999998,0.23322056,316603.38,318697.18,,0.351184,2.0,mean
seoul_bike,guide,5,4.0,3,20,20,quantile,1.0,0.44673125999999996,229893.21333333332,0.46130000000000004,0.45133241999999996,224054.18,227783.4,,0.350402,4.0,mean
seoul_bike,guide,5,6.0,3,20,20,quantile,1.0,0.5137887066666667,202065.78666666668,0.5128999999999999,0.50291878,202617.12,206222.7,,0.346354,5.8,mean
seoul_bike,guide,5,8.0,3,20,20,quantile,1.0,0.5475407133333333,188090.05333333332,0.53616,0.52950692,193001.6,194921.58,,0.35294400000000004,7.0,mean
seoul_bike,guide,5,10.0,3,20,20,quantile,1.0,0.57623806,176128.79333333333,0.58026,0.5691114199999999,174603.44,178554.58000000002,,0.351702,10.0,mean
seoul_bike,guide,5,12.0,3,20,20,quantile,1.0,0.58798632,171199.58000000002,0.59428,0.58051584,168759.58000000002,173817.3,,0.356104,11.8,mean
seoul_bike,guide,5,14.0,3,20,20,quantile,1.0,0.5988591466666666,166699.52,0.6051599999999999,0.5885166199999999,164250.74,170498.36000000002,,0.35121,13.6,mean
seoul_bike,guide,5,16.0,3,20,20,quantile,1.0,0.6064166133333333,163561.28,0.61574,0.59912656,159834.91999999998,166177.1,,0.347228,16.0,mean
seoul_bike,guide,5,20.0,3,20,20,quantile,1.0,0.6178277266666667,158812.79333333333,0.62642,0.6096892,155387.68,161848.94,,0.34903,20.0,mean
seoul_bike,guide,5,24.0,3,20,20,quantile,1.0,0.6228970933333333,156708.10666666666,0.63182,0.6151186799999999,153134.78,159643.68,,0.35114999999999996,23.8,mean
seoul_bike,guide,5,28.0,3,20,20,quantile,1.0,0.6253953933333334,155668.32,0.6342,0.61698374,152149.84,158866.36000000002,,0.352592,28.0,mean
seoul_bike,guide,5,32.0,3,20,20,quantile,1.0,0.6259722866666666,155427.66,0.63478,0.61782326,151904.68,158517.3,,0.35732200000000003,30.8,mean
seoul_bike,guide,5,2.0,3,20,20,quantile,1.0,0.003906492455344897,3904.4202230435003,0.004190107397191618,0.016809769399459357,3792.21566989535,16416.15699766545,,0.006472791515258295,0.0,std
seoul_bike,guide,5,4.0,3,20,20,quantile,1.0,0.013208063074362349,4515.312708538476,0.007087312607751979,0.030144708768322852,1895.3020318672118,10969.209029597352,,0.0101748081062986,0.0,std
seoul_bike,guide,5,6.0,3,20,20,quantile,1.0,0.007765782969232554,4465.16084901268,0.019124199329645156,0.04498059169655287,8393.722158077424,15684.635187819968,,0.006137167913622703,0.44721359549995787,std
seoul_bike,guide,5,8.0,3,20,20,quantile,1.0,0.010032635702894829,4544.466198612695,0.02631488172118584,0.057281908396735526,12449.422876583481,18515.259667420276,,0.003113074043449645,1.0,std
seoul_bike,guide,5,10.0,3,20,20,quantile,1.0,0.010811721961921188,5076.680221441751,0.015452119595705959,0.041519691171744054,6968.4402762024165,11133.953075480422,,0.005920470420498691,0.0,std
seoul_bike,guide,5,12.0,3,20,20,quantile,1.0,0.01313277961042099,6075.892533456389,0.016961633176083027,0.04243393068657441,7412.28990103599,11918.83521469274,,0.010566318185631158,0.44721359549995804,std
seoul_bike,guide,5,14.0,3,20,20,quantile,1.0,0.012690438768191634,5958.275547346825,0.017870590365178216,0.04251598910629977,8002.233455292346,12172.876684169603,,0.003409582085828081,0.5477225575051662,std
seoul_bike,guide,5,16.0,3,20,20,quantile,1.0,0.012565344270841777,5870.753372656319,0.01639002745574272,0.037874907492005845,7105.428738436542,11093.439296719474,,0.006440506191286519,0.0,std
seoul_bike,guide,5,20.0,3,20,20,quantile,1.0,0.011316886405829292,5418.8014780535705,0.016494756742674314,0.034636135359188094,6927.679076140876,10460.421768408774,,0.0056998245587035505,0.0,std
seoul_bike,guide,5,24.0,3,20,20,quantile,1.0,0.010929861601731266,5170.053457944123,0.017007557143811088,0.03251368255438008,7081.065150243991,10322.109020786396,,0.012046551373733469,0.44721359549995787,std
seoul_bike,guide,5,28.0,3,20,20,quantile,1.0,0.009996151025892127,4767.686683439294,0.016421936548409833,0.032216352286734765,6869.448268820426,10112.688485659985,,0.004167933540736947,0.0,std
seoul_bike,guide,5,32.0,3,20,20,quantile,1.0,0.009903725376022155,4694.6947839733475,0.016347079249823194,0.03215208820454743,6851.530067218558,10076.538931845598,,0.009374615725457778,0.44721359549995765,std
seoul_bike,guide,5,32.0,3,20,20,quantile,1.0,0.6259722866666666,155427.66,0.63478,0.61782326,151904.68,158517.3,,0.35732200000000003,30.8,best_by_mean_val_r2
temperature_max,guide,5,2.0,3,20,20,quantile,1.0,0.4382514933333333,5.4522406,0.44448,0.43609304,5.394295,5.4683226,,0.6828179999999999,2.0,mean
temperature_max,guide,5,4.0,3,20,20,quantile,1.0,0.6207885666666666,3.6791809333333334,0.62864,0.62051854,3.6060346,3.6795230000000005,,0.685632,4.0,mean
temperature_max,guide,5,6.0,3,20,20,quantile,1.0,0.6610814666666667,3.2879126,0.67076,0.6627268,3.1971256,3.2698224000000002,,0.691844,6.0,mean
temperature_max,guide,5,8.0,3,20,20,quantile,1.0,0.68106152,3.0945716666666665,0.69076,0.68593496,3.0030964,3.045711,,0.684046,8.0,mean
temperature_max,guide,5,10.0,3,20,20,quantile,1.0,0.6917200866666666,2.9916150666666668,0.70104,0.69392822,2.9029888,2.9681889999999997,,0.681714,9.6,mean
temperature_max,guide,5,12.0,3,20,20,quantile,1.0,0.6993415199999999,2.9175948,0.71034,0.7020417,2.8125799999999996,2.8899298,,0.68411,11.8,mean
temperature_max,guide,5,14.0,3,20,20,quantile,1.0,0.7050096199999999,2.862625333333333,0.7174400000000001,0.70528028,2.7439306,2.8585692,,0.6865819999999999,13.8,mean
temperature_max,guide,5,16.0,3,20,20,quantile,1.0,0.7096446000000001,2.8177042,0.7238,0.71229462,2.6823526,2.7911127999999996,,0.696674,15.8,mean
temperature_max,guide,5,20.0,3,20,20,quantile,1.0,0.7174063133333333,2.742560533333333,0.73524,0.7219678199999999,2.5708954,2.6969214,,0.678666,20.0,mean
temperature_max,guide,5,24.0,3,20,20,quantile,1.0,0.7217608333333333,2.7000877333333335,0.74258,0.72817054,2.5000340000000003,2.6362524,,0.6865840000000001,24.0,mean
temperature_max,guide,5,28.0,3,20,20,quantile,1.0,0.7243447466666666,2.6751026666666666,0.7469,0.73043314,2.4577994,2.6144268,,0.6838960000000001,28.0,mean
temperature_max,guide,5,32.0,3,20,20,quantile,1.0,0.7249658133333334,2.6690763333333334,0.74854,0.7316186,2.4417400000000002,2.602813,,0.692608,31.0,mean
temperature_max,guide,5,2.0,3,20,20,quantile,1.0,0.006015792338845442,0.019731190806267264,0.005713317775163578,0.026440058113740957,0.012885658694843547,0.09350535997096648,,0.0022855349483216795,0.0,std
temperature_max,guide,5,4.0,3,20,20,quantile,1.0,0.004518472479967348,0.03899540803835472,0.0036616935972306947,0.022753695855794523,0.0175350932789078,0.13821030474425558,,0.004114531565075198,0.0,std
temperature_max,guide,5,6.0,3,20,20,quantile,1.0,0.0060155963403011594,0.05313940264237903,0.003580921669067897,0.01987027529653276,0.047559050677026725,0.10142429612671716,,0.01706233952305484,0.0,std
temperature_max,guide,5,8.0,3,20,20,quantile,1.0,0.004528549451203939,0.04122083390444427,0.0022864820139244513,0.016410027459087328,0.025033972543325896,0.09205334320110282,,0.005169084058128681,0.0,std
temperature_max,guide,5,10.0,3,20,20,quantile,1.0,0.004225602357429181,0.039418340746972695,0.003130974289258864,0.016166651705192308,0.04228104321915443,0.09154187277415719,,0.008422406425719437,0.547722557505166,std
temperature_max,guide,5,12.0,3,20,20,quantile,1.0,0.0041303535057614455,0.04204648925336504,0.0025735189915755386,0.014971144026426313,0.028509549531692012,0.09311965773777303,,0.004267774595734886,0.44721359549995804,std
temperature_max,guide,5,14.0,3,20,20,quantile,1.0,0.004317417118396388,0.03832237058241004,0.0023985412233272136,0.014727179532313658,0.029455168354636883,0.09321798445418135,,0.0037784216281405523,0.44721359549995804,std
temperature_max,guide,5,16.0,3,20,20,quantile,1.0,0.00537133201263887,0.050101495606751575,0.0021482551058940934,0.011919454857794436,0.0294054723359445,0.07786634593134562,,0.016538960970992125,0.44721359549995804,std
temperature_max,guide,5,20.0,3,20,20,quantile,1.0,0.003807521936655291,0.04311198972546829,0.000594138031100502,0.01329234604770726,0.022879992642044225,0.0862770230061283,,0.012673481368590088,0.0,std
temperature_max,guide,5,24.0,3,20,20,quantile,1.0,0.0045718646779939025,0.04684061118208343,0.0008288546314040811,0.013872164380982505,0.026352433047064173,0.0788208933297511,,0.013541832593855215,0.0,std
temperature_max,guide,5,28.0,3,20,20,quantile,1.0,0.004478290957038092,0.04120750164108477,0.0010770329614268892,0.012996209028328163,0.027541316059694683,0.07048079395977334,,0.004872938538500184,0.0,std
temperature_max,guide,5,32.0,3,20,20,quantile,1.0,0.004769763983247916,0.04293649221233603,0.0010597169433390773,0.013436748763558822,0.027466811627853915,0.07363877753262885,,0.007344883933732402,0.0,std
temperature_max,guide,5,32.0,3,20,20,quantile,1.0,0.7249658133333334,2.6690763333333334,0.74854,0.7316186,2.4417400000000002,2.602813,,0.692608,31.0,best_by_mean_val_r2
temperature_min,guide,5,2.0,3,20,20,quantile,1.0,0.50134276,3.0820988666666667,0.50566,0.5059709800000001,3.0566328,3.0551316,,0.68231,2.0,mean
temperature_min,guide,5,4.0,3,20,20,quantile,1.0,0.6971374733333333,1.8724113333333332,0.70278,0.6991672,1.8377396000000001,1.8596764000000001,,0.68288,4.0,mean
temperature_min,guide,5,6.0,3,20,20,quantile,1.0,0.73434582,1.6423488666666668,0.74138,0.73630508,1.5989166000000001,1.6295506,,0.677288,6.0,mean
temperature_min,guide,5,8.0,3,20,20,quantile,1.0,0.7575798466666667,1.4985005333333334,0.76524,0.7599007799999999,1.4513514,1.4839410000000002,,0.68586,8.0,mean
temperature_min,guide,5,10.0,3,20,20,quantile,1.0,0.7679570533333333,1.4345985333333335,0.77784,0.7710578800000001,1.3736068,1.4154746,,0.6833560000000001,10.0,mean
temperature_min,guide,5,12.0,3,20,20,quantile,1.0,0.7750182000000001,1.3908546000000002,0.7872,0.7790639,1.3158804,1.3657423999999998,,0.682852,12.0,mean
temperature_min,guide,5,14.0,3,20,20,quantile,1.0,0.7802317,1.3586596,0.79414,0.7851703600000001,1.2728458,1.3279078,,0.683706,14.0,mean
temperature_min,guide,5,16.0,3,20,20,quantile,1.0,0.7842720133333334,1.3337297333333331,0.7982,0.7885785399999999,1.2477204,1.3066748000000001,,0.6803760000000001,16.0,mean
temperature_min,guide,5,20.0,3,20,20,quantile,1.0,0.79128934,1.2902508666666666,0.80434,0.79351004,1.2097244,1.2761714,,0.6828160000000001,20.0,mean
temperature_min,guide,5,24.0,3,20,20,quantile,1.0,0.79536996,1.2648578666666666,0.80928,0.79601164,1.1794074,1.2608318,,0.682428,24.0,mean
temperature_min,guide,5,28.0,3,20,20,quantile,1.0,0.7976177,1.2509155333333335,0.8129,0.7992176,1.1569534000000001,1.240977,,0.685134,28.0,mean
temperature_min,guide,5,32.0,3,20,20,quantile,1.0,0.79824696,1.2470560666666666,0.8146800000000001,0.80107978,1.145804,1.229559,,0.687368,31.0,mean
temperature_min,guide,5,2.0,3,20,20,quantile,1.0,0.004530385138361732,0.05339762554677228,0.0021801376103356297,0.007449460801427147,0.04004483911442245,0.16078745790110635,,0.008138961850260818,0.0,std
temperature_min,guide,5,4.0,3,20,20,quantile,1.0,0.0033502977362218737,0.034770501222699875,0.002831430733745783,0.013804023003820297,0.025899313674304147,0.11117063583878617,,0.010803020410977643,0.0,std
temperature_min,guide,5,6.0,3,20,20,quantile,1.0,0.00435347742057363,0.0343845385784884,0.00508005905477484,0.014912512847672595,0.022797979204306755,0.10020834312221714,,0.003917182661046037,0.0,std
temperature_min,guide,5,8.0,3,20,20,quantile,1.0,0.0027618071894041606,0.020537113895200805,0.004015345564207434,0.01708746036358243,0.0227179049166071,0.11446926863791874,,0.008522790036132537,0.0,std
temperature_min,guide,5,10.0,3,20,20,quantile,1.0,0.00362461209683955,0.028730099292669835,0.0036664696916789284,0.016153985687346644,0.02393293823791809,0.11630770510933477,,0.0038328618550633954,0.0,std
temperature_min,guide,5,12.0,3,20,20,quantile,1.0,0.003956562761061925,0.027714307012604373,0.0030536862969204764,0.014020185858967783,0.023127202582673114,0.10020847680111702,,0.008682123588155148,0.0,std
temperature_min,guide,5,14.0,3,20,20,quantile,1.0,0.004539902682938854,0.03249525611309372,0.0024213632523849447,0.014279597122923345,0.01950132222953102,0.09929757175631229,,0.008626718959140849,0.0,std
temperature_min,guide,5,16.0,3,20,20,quantile,1.0,0.0032932792136747503,0.022745512301453226,0.0022726636354727207,0.013015744515124748,0.0192219310762472,0.08905087695076343,,0.006002435339093597,0.0,std
temperature_min,guide,5,20.0,3,20,20,quantile,1.0,0.003025309763148159,0.01725269476471566,0.0018146625030567105,0.012072262085168617,0.016635952807098398,0.08305742416123915,,0.006575494658198695,0.0,std
temperature_min,guide,5,24.0,3,20,20,quantile,1.0,0.002518987005105183,0.013974479287854108,0.0016932217811024882,0.011858963439019439,0.017374808237790577,0.08398184926637424,,0.006216604378597702,0.0,std
temperature_min,guide,5,28.0,3,20,20,quantile,1.0,0.00368649683612745,0.018447088961254736,0.0017705931209625653,0.01247229162884672,0.017326225001424878,0.08623110706699755,,0.004032087548652701,0.0,std
temperature_min,guide,5,32.0,3,20,20,quantile,1.0,0.0036681095290959755,0.020122141430385675,0.0018780308836651122,0.011549630296983523,0.018279774711412636,0.08289510940640595,,0.005633979055694123,0.0,std
temperature_min,guide,5,32.0,3,20,20,quantile,1.0,0.79824696,1.2470560666666666,0.8146800000000001,0.80107978,1.145804,1.229559,,0.687368,31.0,best_by_mean_val_r2
walmart,guide,5,2.0,3,20,20,quantile,1.0,0.01951329173999996,312030739097.7333,0.02036,0.01938231294,311974644863.2,312145647649.0,,0.181826,1.8,mean
walmart,guide,5,4.0,3,20,20,quantile,1.0,0.04228616266666661,304651927965.5333,0.0522,0.042622818,301816720119.2,304789942375.8,,0.184538,3.2,mean
walmart,guide,5,6.0,3,20,20,quantile,1.0,0.08148472199999998,292290707591.26666,0.09064,0.083299568,289584061237.2,291838049280.4,,0.184248,6.0,mean
walmart,guide,5,8.0,3,20,20,quantile,1.0,0.0952257273333333,287889137730.06665,0.10428,0.091652758,285247376832.6,289172234087.8,,0.18792,7.8,mean
walmart,guide,5,10.0,3,20,20,quantile,1.0,0.10576134533333328,284554696519.8,0.11554,0.09838274999999999,281663458040.4,287029807399.0,,0.18382,10.0,mean
walmart,guide,5,12.0,3,20,20,quantile,1.0,0.11108465999999997,282834031754.2,0.12014,0.105405614,280198034610.2,284798483477.2,,0.18154399999999998,11.4,mean
walmart,guide,5,14.0,3,20,20,quantile,1.0,0.11437551399999997,281774054877.93335,0.12636,0.106784912,278217231429.0,284368376786.8,,0.18645399999999998,13.4,mean
walmart,guide,5,16.0,3,20,20,quantile,1.0,0.11671811866666663,281007204222.6666,0.13032,0.108899308,276951876612.0,283683029650.6,,0.186504,15.4,mean
walmart,guide,5,20.0,3,20,20,quantile,1.0,0.11882486999999997,280317965851.8,0.1365,0.11124123999999999,274987397420.0,282951810129.8,,0.186802,19.8,mean
walmart,guide,5,24.0,3,20,20,quantile,1.0,0.11936273399999997,280142252735.73334,0.13862000000000002,0.1108931,274314035420.8,283062080832.4,,0.182654,23.8,mean
walmart,guide,5,28.0,3,20,20,quantile,1.0,0.11918199399999993,280202135869.2,0.13888,0.11055193999999999,274223418695.0,283171925804.8,,0.187496,27.2,mean
walmart,guide,5,32.0,3,20,20,quantile,1.0,0.11918218066666661,280202074109.86664,0.1389,0.110563,274222568367.2,283168449646.0,,0.183248,27.4,mean
walmart,guide,5,2.0,3,20,20,quantile,1.0,0.00778119860893599,3076487680.8879323,0.011410872008746745,0.012508752086672103,4100232176.0679574,3437330785.280484,,0.0058942539816332915,0.4472135954999579,std
walmart,guide,5,4.0,3,20,20,quantile,1.0,0.008065888854736561,2362749926.5229173,0.025400098425006155,0.018723675449338735,7683623766.519567,8003131236.15453,,0.004748401836407698,1.0954451150103321,std
walmart,guide,5,6.0,3,20,20,quantile,1.0,0.0034955726131673196,1806026589.5194452,0.003784573952243501,0.012132134285642816,1972529163.424156,6266944098.706566,,0.00582648006947591,0.0,std
walmart,guide,5,8.0,3,20,20,quantile,1.0,0.0029878341177732525,1774122562.1616757,0.005954578070694845,0.007139951086616069,2648330787.5920434,4944391699.695548,,0.00884149874172926,0.44721359549995787,std
walmart,guide,5,10.0,3,20,20,quantile,1.0,0.0015227571609612962,1318811813.6186135,0.005077696328060586,0.006294432964755446,2441631971.1717772,4805565781.395293,,0.0048186823925218435,0.0,std
walmart,guide,5,12.0,3,20,20,quantile,1.0,0.0024985307892850884,1404887023.2773175,0.004889069441110452,0.00920434313303671,2347745195.9281187,5517513157.48566,,0.0060082967636427564,0.8944271909999157,std
walmart,guide,5,14.0,3,20,20,quantile,1.0,0.0040630868193396105,1259355778.9823055,0.004468556814006064,0.0064225693933752095,2346990070.385743,5718046523.30675,,0.007292614757410399,0.8944271909999161,std
walmart,guide,5,16.0,3,20,20,quantile,1.0,0.00498206940156766,1680022939.1749368,0.004228120149664628,0.005393908406556414,2277918069.302336,4744386120.044658,,0.004899309134969961,0.5477225575051662,std
walmart,guide,5,20.0,3,20,20,quantile,1.0,0.005186852919995584,1746623029.4528859,0.004265559752248241,0.007944662980454233,2277463029.561447,6013279319.573626,,0.0037619768739321053,0.44721359549995787,std
walmart,guide,5,24.0,3,20,20,quantile,1.0,0.005889045760586347,2003453977.7140393,0.004089254210733288,0.00732521616814139,2177289904.143293,5902930230.159499,,0.006685048990097228,0.44721359549995765,std
walmart,guide,5,28.0,3,20,20,quantile,1.0,0.0059901936168821465,2008985165.6261556,0.004108771105817404,0.00757580964339786,2190025613.5405045,6012967594.0905,,0.0038006880955953224,0.8366600265340757,std
walmart,guide,5,32.0,3,20,20,quantile,1.0,0.005990096314406713,2008943862.1620412,0.00408717506353716,0.007581744735877092,2189081922.0412107,6016052157.6455765,,0.00500441005514137,1.1401754250991376,std
walmart,guide,5,24.0,3,20,20,quantile,1.0,0.11936273399999997,280142252735.73334,0.13862000000000002,0.1108931,274314035420.8,283062080832.4,,0.182654,23.8,best_by_mean_val_r2
airfoil,greedy,5,0.0001,3,20,20,quantile,1.0,0.6037385874893115,18.785436334789686,0.6676025056787556,0.6135489853903355,15.814968548402698,18.412945284915757,19198.582549112743,0.0018417358398437,32.0,mean
airfoil,greedy,5,0.0005,3,20,20,quantile,1.0,0.6031442154642461,18.81325963989593,0.6674225554163039,0.6128949907316512,15.823599177163015,18.443603142438576,19923.627751477386,0.0017781257629394,31.4,mean
airfoil,greedy,5,0.001,3,20,20,quantile,1.0,0.6028769330197067,18.82488294394075,0.665579065330102,0.6118751621223163,15.911750516230365,18.49237905137734,20789.35486398622,0.00180430412292478,29.0,mean
airfoil,greedy,5,0.003,3,20,20,quantile,1.0,0.5937767754505516,19.260169846357083,0.6581759286737958,0.6070345754665822,16.26210934931711,18.72280277661382,23773.211361130197,0.0018163681030273,24.6,mean
airfoil,greedy,5,0.005,3,20,20,quantile,1.0,0.5807263311684199,19.887415805626404,0.6447423112281364,0.5970673484336334,16.899489376991905,19.20772679211204,26382.86857287248,0.00177359580993648,21.2,mean
airfoil,greedy,5,0.008,3,20,20,quantile,1.0,0.55615372134539,21.05685297075642,0.6154652291520794,0.5674238308220467,18.29313238887528,20.60332236644163,29589.240682060376,0.0017688751220702602,16.6,mean
airfoil,greedy,5,0.01,3,20,20,quantile,1.0,0.5429587787153671,21.674049213940062,0.5900667778423161,0.5350750495448835,19.499282383060418,22.159895221248288,31339.146246514825,0.00180287361145014,13.8,mean
airfoil,greedy,5,0.03,3,20,20,quantile,1.0,0.40181752223088074,28.456332340643893,0.41434365766949766,0.3862727628516893,27.874006350032722,29.182071969253535,41391.745598062815,0.0016635894775390001,4.6,mean
airfoil,greedy,5,0.05,3,20,20,quantile,1.0,0.350898578467897,30.807978144856058,0.3958207862848694,0.364274206749161,28.741764245059944,30.3162411997567,45995.991693664735,0.00164322853088376,4.0,mean
airfoil,greedy,5,0.08,3,20,20,quantile,1.0,0.3246361991226464,32.07778050333762,0.3388545658893301,0.32058353617144275,31.453232557800284,32.384204110574885,51543.67573651917,0.00160365104675288,3.0,mean
airfoil,greedy,5,0.1,3,20,20,quantile,1.0,0.3246361991226464,32.07778050333762,0.3388545658893301,0.32058353617144275,31.453232557800284,32.384204110574885,54974.765158458635,0.0018427371978759397,3.0,mean
airfoil,greedy,5,0.0001,3,20,20,quantile,1.0,0.00902312822003023,0.599216200192101,0.019209592092353456,0.02807293845857755,1.090118421763263,2.2646652171191173,1306.776923481911,6.239769965190182e-05,0.0,std
airfoil,greedy,5,0.0005,3,20,20,quantile,1.0,0.00904502211255495,0.6076374108013256,0.01919156429874524,0.027919123886020348,1.0908494792900052,2.256000266133557,1308.8135666352623,4.52737986113527e-05,0.5477225575051662,std
airfoil,greedy,5,0.001,3,20,20,quantile,1.0,0.009051578707223656,0.6168240777544155,0.020408828803903344,0.029159113612229455,1.1508395969433598,2.2983551515474314,1310.4995924519674,3.16811555267254e-05,2.2360679774997894,std
airfoil,greedy,5,0.003,3,20,20,quantile,1.0,0.01373022052598557,0.8544239670747639,0.02158436330228158,0.029832745923891724,1.1706724377273705,2.3551861446403266,1189.0189801464767,5.025137481490198e-05,2.3021728866442674,std
airfoil,greedy,5,0.005,3,20,20,quantile,1.0,0.015905440702111785,0.9597096265736446,0.01807120579624325,0.02809878993390197,0.9991787106774643,2.430013189425569,1137.0348299163077,6.105820213284101e-05,1.095445115010332,std
airfoil,greedy,5,0.008,3,20,20,quantile,1.0,0.0050645938455253555,0.4639644064757875,0.017645320828298228,0.02779643496003664,1.0248079180645213,2.351337721257787,1114.1528796082882,4.024841760093825e-05,0.8944271909999155,std
airfoil,greedy,5,0.01,3,20,20,quantile,1.0,0.008846396986035152,0.5839902663520974,0.018406636105338228,0.037197834483962085,1.0260630933612684,2.920060565046609,1076.8754771122967,6.593004448314929e-05,1.3038404810405297,std
airfoil,greedy,5,0.03,3,20,20,quantile,1.0,0.01849368791151865,1.2450819088522045,0.03752913548952651,0.04175055241467454,2.1854388694357074,2.6917922769235343,1451.7608755221304,8.012790533484268e-05,0.8944271909999159,std
airfoil,greedy,5,0.05,3,20,20,quantile,1.0,0.018262617402707643,1.3059815562198045,0.013779827972813102,0.04447953853550961,1.0954120735386856,3.858682577905635,1494.880578977163,6.168741525548833e-05,0.0,std
airfoil,greedy,5,0.08,3,20,20,quantile,1.0,0.0125985100564503,0.9928380112701884,0.0176555921377885,0.04278527199915677,1.3197113721904208,3.8110612916127624,1801.1682626823144,4.801971549773951e-05,0.0,std
airfoil,greedy,5,0.1,3,20,20,quantile,1.0,0.0125985100564503,0.9928380112701884,0.0176555921377885,0.04278527199915677,1.3197113721904208,3.8110612916127624,1855.5100386617485,0.00031432164547606583,0.0,std
airfoil,greedy,5,0.0001,3,20,20,quantile,1.0,0.6037385874893115,18.785436334789686,0.6676025056787556,0.6135489853903355,15.814968548402698,18.412945284915757,19198.582549112743,0.0018417358398437,32.0,best_by_mean_val_r2
auction,greedy,5,0.0001,3,20,20,quantile,1.0,0.9117036799821643,9559422.057257125,0.9243939197696489,0.916973430500882,8140926.494015883,8794508.73833707,13660660344.12808,0.00278115272521968,20.2,mean
auction,greedy,5,0.0005,3,20,20,quantile,1.0,0.9108261724271225,9654164.400812648,0.9236239375881024,0.9141966740831347,8224327.400084388,9085582.694583055,14882523534.019445,0.00254492759704586,16.4,mean
auction,greedy,5,0.001,3,20,20,quantile,1.0,0.9100608295267116,9736367.342304695,0.9224599799166571,0.913926793073206,8348529.454742591,9117497.21970855,16247196095.437433,0.0024788379669188803,14.8,mean
auction,greedy,5,0.003,3,20,20,quantile,1.0,0.9037996822987688,10399881.307076711,0.9179665876964787,0.9099736013876054,8833524.972252872,9528732.17712206,20974805654.66532,0.00244994163513176,12.4,mean
auction,greedy,5,0.005,3,20,20,quantile,1.0,0.8991179218520339,10915801.09139124,0.9135898952346777,0.9006214580452665,9305549.20405346,10483073.732680568,25047534528.28766,0.00242390632629388,11.2,mean
auction,greedy,5,0.008,3,20,20,quantile,1.0,0.8762175981914575,13355613.928675827,0.8924718956695633,0.8776682553911688,11578549.798915124,12936580.099776115,29880811712.409718,0.00240712165832514,7.8,mean
auction,greedy,5,0.01,3,20,20,quantile,1.0,0.862101239284419,14886730.31887192,0.8741630687078874,0.859508256207145,13542948.460311675,14914054.954082126,32324161046.553185,0.0023669242858886204,5.8,mean
auction,greedy,5,0.03,3,20,20,quantile,1.0,0.8501530883934004,16175186.919476315,0.8482149577588116,0.8455093945449603,16320782.762548083,16434972.290093288,47774818752.46083,0.0019246101379394001,4.0,mean
auction,greedy,5,0.05,3,20,20,quantile,1.0,0.8476489723784472,16425623.298250154,0.8482149577588116,0.8455093945449603,16320782.762548083,16434972.290093288,61841477181.32373,0.00138163566589352,4.0,mean
auction,greedy,5,0.08,3,20,20,quantile,1.0,0.8476489723784472,16425623.298250154,0.8482149577588116,0.8455093945449603,16320782.762548083,16434972.290093288,82941464824.61809,0.00139417648315424,4.0,mean
auction,greedy,5,0.1,3,20,20,quantile,1.0,0.8476489723784472,16425623.298250154,0.8482149577588116,0.8455093945449603,16320782.762548083,16434972.290093288,97008123253.48099,0.00133056640624994,4.0,mean
auction,greedy,5,0.0001,3,20,20,quantile,1.0,0.010090524992064942,1174245.2599675925,0.006548089952609217,0.026580608872388823,812354.0025343926,2338201.492198776,1329132191.354131,4.2242161203775826e-05,0.44721359549995787,std
auction,greedy,5,0.0005,3,20,20,quantile,1.0,0.010288055976128963,1197421.424819666,0.006572662362272012,0.02559492179460693,823344.9967205991,2149698.1366476314,1339433762.4441261,5.8388802507702094e-05,0.8944271909999162,std
auction,greedy,5,0.001,3,20,20,quantile,1.0,0.010439949743379544,1204287.2310351594,0.006426570518721533,0.026184200565460475,797325.1905205596,2250061.7922396893,1373550588.5122604,2.970058241166241e-05,0.44721359549995787,std
auction,greedy,5,0.003,3,20,20,quantile,1.0,0.007633008480695452,936413.7075405321,0.007131454031485132,0.026359511779775927,890300.9922714182,2168264.4662649217,1464765333.743081,4.434438159502777e-05,0.5477225575051662,std
auction,greedy,5,0.005,3,20,20,quantile,1.0,0.004481656050991439,595878.0620765811,0.010411532173509656,0.038690539496835014,1223703.9549744572,3445376.1214493676,1345104680.823957,2.9298141571309627e-05,1.0954451150103326,std
auction,greedy,5,0.008,3,20,20,quantile,1.0,0.006277999146205732,592472.3787535066,0.012648288060770077,0.03572850644680146,1477443.6236688767,2946772.6238868814,1058903252.5433695,4.706862221345378e-05,1.0954451150103321,std
auction,greedy,5,0.01,3,20,20,quantile,1.0,0.0069716041873460095,807033.3818226232,0.009418298531190788,0.033656311002921636,1128867.8893035208,2695307.607622624,906406477.5361984,2.5747330032082097e-05,0.8366600265340757,std
auction,greedy,5,0.03,3,20,20,quantile,1.0,0.0067041237544189095,671168.9618919689,0.006172909597283333,0.02692665668765642,459581.3020978013,1849712.807835662,725801442.7640659,3.2750504171873544e-05,0.0,std
auction,greedy,5,0.05,3,20,20,quantile,1.0,0.006106335904853102,465372.1665247884,0.006172909597283333,0.02692665668765642,459581.3020978013,1849712.807835662,846730734.5236002,3.295959007404068e-05,0.0,std
auction,greedy,5,0.08,3,20,20,quantile,1.0,0.006106335904853102,465372.1665247884,0.006172909597283333,0.02692665668765642,459581.3020978013,1849712.807835662,1155268185.7828403,9.377924398329523e-05,0.0,std
auction,greedy,5,0.1,3,20,20,quantile,1.0,0.006106335904853102,465372.1665247884,0.006172909597283333,0.02692665668765642,459581.3020978013,1849712.807835662,1402878554.1427565,4.4642374868995604e-05,0.0,std
auction,greedy,5,0.0001,3,20,20,quantile,1.0,0.9117036799821643,9559422.057257125,0.9243939197696489,0.916973430500882,8140926.494015883,8794508.73833707,13660660344.12808,0.00278115272521968,20.2,best_by_mean_val_r2
auto_mpg,greedy,5,0.0001,3,20,20,quantile,1.0,0.7592969446610276,14.445492069389237,0.924423264381204,0.8072773113172385,4.591670483227086,11.709345104759219,1498.2988377497263,0.00081658363342282,30.6,mean
auto_mpg,greedy,5,0.0005,3,20,20,quantile,1.0,0.7604717032454946,14.36548431258853,0.9238687793561112,0.807400763494021,4.625339130805223,11.706819669740497,1724.9337626991648,0.0007948875427245599,28.8,mean
auto_mpg,greedy,5,0.001,3,20,20,quantile,1.0,0.7603999029380701,14.368302539112173,0.9220930207568705,0.8044102411676166,4.7338035761689055,11.87671484717469,1987.359984968444,0.00079336166381832,26.4,mean
auto_mpg,greedy,5,0.003,3,20,20,quantile,1.0,0.7506045729210478,14.947744156298006,0.9078457198968317,0.7968480676401919,5.59716580784474,12.321932985385475,2842.0655636269807,0.00075917243957514,19.0,mean
auto_mpg,greedy,5,0.005,3,20,20,quantile,1.0,0.7550487714044507,14.7031673083447,0.8893283578561618,0.7962688944378443,6.719524443276607,12.363111199061137,3462.206695437098,0.00076098442077632,14.2,mean
auto_mpg,greedy,5,0.008,3,20,20,quantile,1.0,0.7568804877946664,14.610881991993404,0.8605415358094721,0.7873518550225483,8.475339060961726,12.897826972214395,4152.169942385846,0.0007168292999267,9.8,mean
auto_mpg,greedy,5,0.01,3,20,20,quantile,1.0,0.7496660469451175,15.053840526146024,0.8477240222446196,0.7742201384265784,9.249375394149782,13.739201483377451,4502.970969866148,0.00072350502014154,8.4,mean
auto_mpg,greedy,5,0.03,3,20,20,quantile,1.0,0.7323182615288722,16.154187022275835,0.7910579582248457,0.7445392424822517,12.712214973842915,15.469199449379113,7069.646435689685,0.0005811691284179001,5.4,mean
auto_mpg,greedy,5,0.05,3,20,20,quantile,1.0,0.65773886934596,20.748879382619815,0.7221110857415907,0.6637536415521382,16.873373385013025,20.526703084514516,8914.801323028838,0.00050230026245112,3.8,mean
auto_mpg,greedy,5,0.08,3,20,20,quantile,1.0,0.6145471239773734,23.282232916188576,0.6761204358460423,0.6308040309886978,19.68251357526667,22.438929034308035,10743.430663174988,0.00044655799865718,3.0,mean
auto_mpg,greedy,5,0.1,3,20,20,quantile,1.0,0.5867700391000676,25.036192114160816,0.602117468382253,0.5612994287237006,24.192588070979923,26.54921019927695,11772.214307617933,0.00041823387145989996,2.2,mean
auto_mpg,greedy,5,0.0001,3,20,20,quantile,1.0,0.027447323891562733,1.6307061817251052,0.006024330112094831,0.05356295610443464,0.3986631943799698,3.6054246189902,126.55010241158247,3.98562135905366e-05,0.547722557505166,std
auto_mpg,greedy,5,0.0005,3,20,20,quantile,1.0,0.02810470156630583,1.675306949095984,0.0059875816788808696,0.05452040689705949,0.3966706360616515,3.6778568022879154,130.23087336548372,3.573456286286035e-05,1.3038404810405297,std
auto_mpg,greedy,5,0.001,3,20,20,quantile,1.0,0.027413384091562507,1.64115633620118,0.007186244860495513,0.05192667013742813,0.47407810036166187,3.5120884767487333,132.60738595523574,2.801474103981628e-05,1.9493588689617927,std
auto_mpg,greedy,5,0.003,3,20,20,quantile,1.0,0.024675249199138653,1.458901013777501,0.005308155063714903,0.05904220255780733,0.34210927517133644,3.9118257700036576,166.53115833825393,3.006977237682898e-05,1.8708286933869707,std
auto_mpg,greedy,5,0.005,3,20,20,quantile,1.0,0.02189720655157497,1.2065937444713006,0.005591833196062308,0.05890602741195838,0.3041266214630716,3.934630953204339,238.60797161279666,2.1693077506966513e-05,2.387467277262665,std
auto_mpg,greedy,5,0.008,3,20,20,quantile,1.0,0.029041747233175003,1.5868410123335424,0.007564079093666572,0.045570079903577365,0.5816222860396622,3.358207283375686,336.4039376926512,1.4436240042675841e-05,1.0954451150103321,std
auto_mpg,greedy,5,0.01,3,20,20,quantile,1.0,0.030559854621859353,1.6167205775067652,0.011310286081696914,0.06602155241556394,0.7200130225204839,4.786304081377644,365.412673091213,1.0092177065185367e-05,1.5165750888103104,std
auto_mpg,greedy,5,0.03,3,20,20,quantile,1.0,0.03904228020504854,2.365268788199521,0.03626449332938908,0.05651513644506678,2.32983366747291,4.003776421948824,542.858092493009,4.1973386017540035e-05,0.5477225575051662,std
auto_mpg,greedy,5,0.05,3,20,20,quantile,1.0,0.0305626772221191,1.7673173071586066,0.006625353727055538,0.11977392326026474,0.24422130676542705,8.596192836916252,488.4901009810118,2.7583185247984135e-05,0.4472135954999579,std
auto_mpg,greedy,5,0.08,3,20,20,quantile,1.0,0.032859379517661116,2.046523238971185,0.024778719873023568,0.10710598772868607,1.6872556259313232,7.681177132104053,580.887240625361,1.7067340154577795e-05,0.0,std
auto_mpg,greedy,5,0.1,3,20,20,quantile,1.0,0.04475184836054788,2.81582508277778,0.0379781191589048,0.11429508077535133,2.6560985863579956,7.987140993604261,634.7205717851119,4.301338124077374e-05,0.4472135954999579,std
auto_mpg,greedy,5,0.0005,3,20,20,quantile,1.0,0.7604717032454946,14.36548431258853,0.9238687793561112,0.807400763494021,4.625339130805223,11.706819669740497,1724.9337626991648,0.0007948875427245599,28.8,best_by_mean_val_r2
energe_c,greedy,5,0.0001,3,20,20,quantile,1.0,0.9538628834658128,4.172685425536937,0.9646304032061652,0.9584676944071667,3.1960597539820865,3.74063848030375,2125.844647875002,0.00113620758056634,29.2,mean
energe_c,greedy,5,0.0005,3,20,20,quantile,1.0,0.9518595419389058,4.354689963010918,0.9630025034476756,0.9574962041746382,3.343200385834544,3.82720128784164,2698.1708397250386,0.00110673904418942,23.2,mean
energe_c,greedy,5,0.001,3,20,20,quantile,1.0,0.9507828379507707,4.4519366616545755,0.9596751624523799,0.9543539461019648,3.6442743482555153,4.1076055039826915,3293.7260465388745,0.0011195659637450802,19.0,mean
energe_c,greedy,5,0.003,3,20,20,quantile,1.0,0.9383404036405892,5.558556605669553,0.9489063221980215,0.9427202757695584,4.616489206585143,5.155437245581271,4902.169822914443,0.00100817680358884,12.4,mean
energe_c,greedy,5,0.005,3,20,20,quantile,1.0,0.9278766729064708,6.498961572791122,0.937301438099649,0.9304641161232583,5.664691062118752,6.258584509690647,6090.643175284278,0.0010068416595458399,9.4,mean
energe_c,greedy,5,0.008,3,20,20,quantile,1.0,0.9083948336591086,8.268782311375091,0.9187707572812516,0.912555011756135,7.34076940113728,7.8751641597553625,7352.785840725553,0.0009559631347655599,6.4,mean
energe_c,greedy,5,0.01,3,20,20,quantile,1.0,0.8981800388160837,9.168616739510343,0.8990013176597724,0.8943024613559073,9.128127593521402,9.51990273023577,7939.5494957004685,0.00087981224060052,4.2,mean
energe_c,greedy,5,0.03,3,20,20,quantile,1.0,0.8759726409333742,11.178289660918418,0.8778557565030031,0.876441280495529,11.037643857439337,11.128216720261184,11778.559660614224,0.0007140636444091201,3.0,mean
energe_c,greedy,5,0.05,3,20,20,quantile,1.0,0.8759726409333742,11.178289660918418,0.8778557565030031,0.876441280495529,11.037643857439337,11.128216720261184,15109.818097165087,0.00057725906372066,3.0,mean
energe_c,greedy,5,0.08,3,20,20,quantile,1.0,0.8151255997067356,16.77550704163075,0.8194136013636639,0.8088798844953227,16.32258610345838,17.210524373913316,19798.295007879908,0.00052757263183588,2.2,mean
energe_c,greedy,5,0.1,3,20,20,quantile,1.0,0.8014031873854343,17.96217373295741,0.8024086370588537,0.8016313678506393,17.85556136699328,17.868488066610897,22074.76004223261,0.000536298751831,2.0,mean
energe_c,greedy,5,0.0001,3,20,20,quantile,1.0,0.001997918913477484,0.19158130710515184,0.0019021503582724072,0.008462339197270885,0.1700795926163153,0.7572367425833915,105.1756288887746,2.6740426677146897e-05,1.4832396974191326,std
energe_c,greedy,5,0.0005,3,20,20,quantile,1.0,0.002268346083934574,0.21547302919211292,0.0019125570764633932,0.007758186296724707,0.17141127233806988,0.6833192143213115,101.81558144728486,1.89965903424262e-05,0.8366600265340757,std
energe_c,greedy,5,0.001,3,20,20,quantile,1.0,0.002310541396632275,0.2179692621305902,0.0036029472146918724,0.005676195609562857,0.3304284845835494,0.46633461486310407,96.05077866291562,5.375728339898008e-05,2.4494897427831783,std
energe_c,greedy,5,0.003,3,20,20,quantile,1.0,0.0043116242851093415,0.3866110089936072,0.003945468819138408,0.009603952185782968,0.34727143072685906,0.8401179914383189,66.81754026699747,3.399768683943354e-05,1.140175425099138,std
energe_c,greedy,5,0.005,3,20,20,quantile,1.0,0.007053009690333986,0.6213155224316775,0.0025280335256402933,0.013563837707480706,0.19339987110050677,1.1841600089852873,78.88165168884944,4.712914800827111e-05,0.5477225575051662,std
energe_c,greedy,5,0.008,3,20,20,quantile,1.0,0.0064212749906794216,0.5993166375035698,0.003477987355352056,0.016151598894013408,0.3288448632028302,1.4506147273460888,111.46569143969032,7.89053842766537e-06,0.5477225575051661,std
energe_c,greedy,5,0.01,3,20,20,quantile,1.0,0.005959248215460802,0.5834264018174443,0.003166380307656573,0.013326789488517843,0.3377871536249681,1.2208486547457778,188.94859023937173,1.78371517918918e-05,0.4472135954999579,std
energe_c,greedy,5,0.03,3,20,20,quantile,1.0,0.0051108618840090235,0.4554859196918781,0.004371367839768822,0.017730727403010717,0.39742933089333016,1.62516741363424,259.24675687339203,3.26576889319361e-05,0.0,std
energe_c,greedy,5,0.05,3,20,20,quantile,1.0,0.0051108618840090235,0.4554859196918781,0.004371367839768822,0.017730727403010717,0.39742933089333016,1.62516741363424,267.84175333142207,3.179130944184482e-05,0.0,std
energe_c,greedy,5,0.08,3,20,20,quantile,1.0,0.019989837498141243,1.7490011461398778,0.03587535248106644,0.03251954939453608,3.2612512553058,2.946553954868278,323.774766514779,1.869527024541695e-05,0.4472135954999579,std
energe_c,greedy,5,0.1,3,20,20,quantile,1.0,0.005789844195730231,0.5658960639774051,0.0055504610311994315,0.021962588182074017,0.5118430664622142,2.042015468666954,345.8038042794317,4.8508250605101555e-05,0.0,std
energe_c,greedy,5,0.0001,3,20,20,quantile,1.0,0.9538628834658128,4.172685425536937,0.9646304032061652,0.9584676944071667,3.1960597539820865,3.74063848030375,2125.844647875002,0.00113620758056634,29.2,best_by_mean_val_r2
energe_h,greedy,5,0.0001,3,20,20,quantile,1.0,0.9876953530501081,1.2459594462266506,0.9903923784430729,0.9891151614751374,0.9764038641104698,1.09558263751202,784.8015399389718,0.00109724998474118,29.6,mean
energe_h,greedy,5,0.0005,3,20,20,quantile,1.0,0.9857712853358331,1.443731017365778,0.988698006786222,0.9870913015264842,1.1486770822008447,1.3011008003328677,1455.329208223921,0.00108122825622554,24.0,mean
energe_h,greedy,5,0.001,3,20,20,quantile,1.0,0.9825507307878594,1.7715048831060265,0.9858866810717484,0.9843432342377211,1.4341223339771374,1.5823161611719183,2118.127770455616,0.0010443210601806,19.8,mean
energe_h,greedy,5,0.003,3,20,20,quantile,1.0,0.9694594667488963,3.094230627209418,0.9749510565267749,0.9724832198347088,2.5469690081369953,2.775299315793404,4037.6712865679488,0.0009481430053710201,13.2,mean
energe_h,greedy,5,0.005,3,20,20,quantile,1.0,0.955282183196893,4.541938592006138,0.9620336123914918,0.9580153520281114,3.8604643875201092,4.226151346526446,5493.836082909534,0.0008843898773192801,10.0,mean
energe_h,greedy,5,0.008,3,20,20,quantile,1.0,0.9359506884388619,6.493521395114672,0.9422263612105797,0.9401166171926072,5.872092998673757,6.050947420712061,7105.694686480961,0.00089530944824212,7.0,mean
energe_h,greedy,5,0.01,3,20,20,quantile,1.0,0.9318475334903498,6.906658442169527,0.9366020193056697,0.9322584621059503,6.44487639274666,6.845786460883032,7956.815516861185,0.0008456707000732,6.4,mean
energe_h,greedy,5,0.03,3,20,20,quantile,1.0,0.8816373771895842,11.98049979754607,0.8816116545347092,0.878873826527035,12.044589952868943,12.197089522901178,13389.462804015711,0.0006627082824706601,3.2,mean
energe_h,greedy,5,0.05,3,20,20,quantile,1.0,0.8744972370100944,12.72154442714616,0.8755529814632137,0.8740556136910984,12.648656660884209,12.724746866113653,17140.812189750694,0.0005934715270995801,3.0,mean
energe_h,greedy,5,0.08,3,20,20,quantile,1.0,0.8507534080949704,15.15783872520409,0.8596537208192986,0.8533553626275647,14.259394980571638,14.855957370348847,22756.17339960147,0.0005353450775146,2.8,mean
energe_h,greedy,5,0.1,3,20,20,quantile,1.0,0.7898697891383673,21.33270607137331,0.7911074418921931,0.7892512889420144,21.233304410703642,21.319747090492427,25538.298288918628,0.00051813125610348,2.0,mean
energe_h,greedy,5,0.0001,3,20,20,quantile,1.0,0.001009927150749657,0.11083253577127902,0.00042842289183249547,0.0019972843276749967,0.03576130918843681,0.15496769828173024,20.290057506775202,4.034962391380216e-05,0.5477225575051664,std
energe_h,greedy,5,0.0005,3,20,20,quantile,1.0,0.0009536438193704117,0.11334179654140553,0.0005194559855637173,0.002643083937565426,0.04727530198941106,0.23410255784477627,27.97496546975708,4.5547309632327274e-05,1.0,std
energe_h,greedy,5,0.001,3,20,20,quantile,1.0,0.00042184112687292314,0.06785388786175559,0.0008954861059734666,0.002132132957864996,0.07857494284179276,0.19108796651029142,38.0208089040423,4.385942893324846e-05,0.44721359549995787,std
energe_h,greedy,5,0.003,3,20,20,quantile,1.0,0.0022367232769629143,0.2519891440841566,0.0007095527567641355,0.003737524983421814,0.0965477249132462,0.2677099177087798,46.82192728808557,3.6237820153768717e-05,0.44721359549995787,std
energe_h,greedy,5,0.005,3,20,20,quantile,1.0,0.0022912694597676526,0.23581974823175544,0.00328967392008242,0.007040536094342307,0.3514582343005299,0.48333703307076464,39.043244317999864,4.65223626458536e-05,0.7071067811865476,std
energe_h,greedy,5,0.008,3,20,20,quantile,1.0,0.0035070521008088475,0.36476125345100163,0.0013381803718201832,0.005531444418880352,0.08605041306587244,0.354510599864396,72.90494437312087,8.045989470478083e-05,0.0,std
energe_h,greedy,5,0.01,3,20,20,quantile,1.0,0.004380734121220084,0.3842633827848285,0.005582962090456154,0.007199555473817657,0.5729770794270675,0.5857173357461775,80.0447116079002,4.2423435813976626e-05,0.5477225575051661,std
energe_h,greedy,5,0.03,3,20,20,quantile,1.0,0.005078180092300561,0.4315987543567475,0.00943132001276009,0.026973176625468723,1.093424591270457,2.5081057975106296,243.95276406599038,4.792883574665991e-05,0.4472135954999579,std
energe_h,greedy,5,0.05,3,20,20,quantile,1.0,0.004659792583495206,0.3856452973359386,0.004363124090052601,0.01645629766306523,0.36978123427624326,1.4904445412846494,276.5759302221038,4.6280970547044924e-05,0.0,std
energe_h,greedy,5,0.08,3,20,20,quantile,1.0,0.02591449532640806,2.6211146154371736,0.035585682700913016,0.04971538630036695,3.573954149662136,5.180629330787885,340.65271810169713,4.0117282429411966e-05,0.447213595499958,std
energe_h,greedy,5,0.1,3,20,20,quantile,1.0,0.004492303872043718,0.4095154990970634,0.004292950527852354,0.01653229684253032,0.3520923436004202,1.3911330006790064,342.28538880779456,3.097854721582163e-05,0.0,std
energe_h,greedy,5,0.0001,3,20,20,quantile,1.0,0.9876953530501081,1.2459594462266506,0.9903923784430729,0.9891151614751374,0.9764038641104698,1.09558263751202,784.8015399389718,0.00109724998474118,29.6,best_by_mean_val_r2
insurance,greedy,5,0.0001,3,20,20,quantile,1.0,0.8273174414043905,25383300.043077074,0.8775278011074548,0.8407790151255249,17927919.360840365,22911938.723541707,19679083343.594124,0.00288796424865718,31.2,mean
insurance,greedy,5,0.0005,3,20,20,quantile,1.0,0.8278991888874575,25300324.950292476,0.8753920182400814,0.8425556700094088,18241222.804576695,22630134.52754405,21484902451.560173,0.00291619300842282,25.0,mean
insurance,greedy,5,0.001,3,20,20,quantile,1.0,0.8290406719632012,25131161.472184297,0.8692530349968474,0.842645026238498,19134318.791957766,22667624.43095717,23124235943.620445,0.00287284851074214,16.8,mean
insurance,greedy,5,0.003,3,20,20,quantile,1.0,0.8389499613106022,23659160.822817646,0.8549125634119648,0.8384122529653611,21249475.169255167,23245526.87473703,26598538222.704365,0.00280437469482418,8.2,mean
insurance,greedy,5,0.005,3,20,20,quantile,1.0,0.8390134447470233,23623042.360123735,0.8528044265842727,0.8364631873784718,21559615.484691307,23518169.59812934,29027372573.23222,0.0027657508850096996,7.6,mean
insurance,greedy,5,0.008,3,20,20,quantile,1.0,0.8267737214583523,25378654.561901405,0.8366034902298747,0.8261101586569565,23919766.92765695,24958924.321870547,32127876569.78086,0.0026931285858154,5.2,mean
insurance,greedy,5,0.01,3,20,20,quantile,1.0,0.8212406057250347,26185023.991679143,0.8296751474141313,0.820666336929385,24936903.892611533,25821481.860623382,33593883366.838867,0.0026988983154296597,4.4,mean
insurance,greedy,5,0.03,3,20,20,quantile,1.0,0.8183401940923073,26620784.880398743,0.8251211382824974,0.819830827776831,25604438.91984833,25938835.104702476,46228256913.16344,0.00229210853576654,4.0,mean
insurance,greedy,5,0.05,3,20,20,quantile,1.0,0.8183401940923073,26620784.880398743,0.8251211382824974,0.819830827776831,25604438.91984833,25938835.104702476,58775802705.97194,0.0020598411560058,4.0,mean
insurance,greedy,5,0.08,3,20,20,quantile,1.0,0.7574512321909543,35505833.23291196,0.761880867847422,0.758109041984244,34861259.68051867,34850839.833973765,74958309341.23988,0.0016410350799559998,3.0,mean
insurance,greedy,5,0.1,3,20,20,quantile,1.0,0.7574512321909543,35505833.23291196,0.761880867847422,0.758109041984244,34861259.68051867,34850839.833973765,84368968685.84627,0.0016400814056395999,3.0,mean
insurance,greedy,5,0.0001,3,20,20,quantile,1.0,0.005448359533758423,1154875.4300409015,0.008021888220279945,0.03644954999485346,1055550.4622209047,4558838.700118919,1132190791.9057817,4.494364125453471e-05,0.44721359549995765,std
insurance,greedy,5,0.0005,3,20,20,quantile,1.0,0.006166496415843473,1238263.3324961544,0.008293956759940208,0.03806072232919957,1110149.8079649487,4703563.863872736,1132306961.5678697,9.419413873885245e-05,1.5811388300841898,std
insurance,greedy,5,0.001,3,20,20,quantile,1.0,0.006637505631746665,1415777.8282246932,0.008958380188613549,0.038343753922500966,1084531.5997152932,4993731.091097988,1186975648.199089,4.875604563914486e-05,2.2803508501982757,std
insurance,greedy,5,0.003,3,20,20,quantile,1.0,0.007772598461686583,1324300.5875783188,0.0065071722454564445,0.03828496899729214,1070061.5637000813,4783440.106892811,1203410130.4580839,2.7784000452690965e-05,0.44721359549995804,std
insurance,greedy,5,0.005,3,20,20,quantile,1.0,0.007128794121535922,895604.3930250187,0.006173260552103209,0.03856196621049114,1067249.7078833708,4754064.073570339,1207067464.7427502,6.320669440337077e-05,0.5477225575051661,std
insurance,greedy,5,0.008,3,20,20,quantile,1.0,0.00960463835025432,875976.5543219049,0.008181465757946548,0.043208206000432944,1008585.5879287408,5156903.2409864655,1221233984.4519312,6.297284175476349e-05,0.44721359549995804,std
insurance,greedy,5,0.01,3,20,20,quantile,1.0,0.010473284331456102,1120661.2923931687,0.012230428300719189,0.037299569450632904,1720827.4279473915,4539521.334596887,1236973923.349148,6.716827294084091e-05,0.5477225575051662,std
insurance,greedy,5,0.03,3,20,20,quantile,1.0,0.009458658536682743,1024463.9279499248,0.007373930704254489,0.03926789513542376,972708.9762542105,4844556.665278431,1534807994.6395533,6.895232660260604e-05,0.0,std
insurance,greedy,5,0.05,3,20,20,quantile,1.0,0.009458658536682743,1024463.9279499248,0.007373930704254489,0.03926789513542376,972708.9762542105,4844556.665278431,1961968367.0599182,4.2722720078878024e-05,0.0,std
insurance,greedy,5,0.08,3,20,20,quantile,1.0,0.008644813994015624,332742.5437805116,0.007678390931774627,0.032369660932994135,785401.7691877425,3050615.2471320424,2169792780.2437806,2.798906173902701e-05,0.0,std
insurance,greedy,5,0.1,3,20,20,quantile,1.0,0.008644813994015624,332742.5437805116,0.007678390931774627,0.032369660932994135,785401.7691877425,3050615.2471320424,2535525983.0101495,3.367614956749276e-05,0.0,std
insurance,greedy,5,0.005,3,20,20,quantile,1.0,0.8390134447470233,23623042.360123735,0.8528044265842727,0.8364631873784718,21559615.484691307,23518169.59812934,29027372573.23222,0.0027657508850096996,7.6,best_by_mean_val_r2
optical_net,greedy,5,0.0001,3,20,20,quantile,1.0,0.7827054830936303,0.008969387035111461,0.8756808703402296,0.77160212820587,0.0051485636379989,0.00933291355931512,2.657175892861305,0.00107178688049312,29.8,mean
optical_net,greedy,5,0.0005,3,20,20,quantile,1.0,0.7828854014896682,0.008961439786958559,0.8752286535183951,0.7723135835160024,0.00516732511289344,0.009302189983507441,2.8970598582668954,0.00102305412292474,28.0,mean
optical_net,greedy,5,0.001,3,20,20,quantile,1.0,0.783197402293178,0.00895028097147698,0.8740720444068755,0.7676140926452957,0.00521637594972244,0.009478574433461801,3.1803350065575975,0.00101499557495112,26.4,mean
optical_net,greedy,5,0.003,3,20,20,quantile,1.0,0.7803171472644531,0.00906550368897462,0.8598001670189632,0.769602503969441,0.0058052326364580395,0.009448912220034961,4.118605653302363,0.00099267959594722,19.0,mean
optical_net,greedy,5,0.005,3,20,20,quantile,1.0,0.7750000687477263,0.00927450376700282,0.8458987536047774,0.7621661709321728,0.00638377776494822,0.00981280684260802,4.8283464407442604,0.0009665966033934999,15.4,mean
optical_net,greedy,5,0.008,3,20,20,quantile,1.0,0.7655598338268563,0.00965521090975598,0.8329601622876975,0.7450019896978495,0.00692127050915344,0.010503872348270441,5.697753381088698,0.0009393692016601001,13.2,mean
optical_net,greedy,5,0.01,3,20,20,quantile,1.0,0.7513876719680636,0.01024744638875962,0.822031111497562,0.7324505546331417,0.00737614402816644,0.01101988510553824,6.227788209472288,0.00093173980712884,12.0,mean
optical_net,greedy,5,0.03,3,20,20,quantile,1.0,0.662428252052117,0.01390506887257512,0.7057270318974258,0.6496620574528155,0.01218985481603256,0.014207025333725578,9.535704746892728,0.0008334159851073799,5.4,mean
optical_net,greedy,5,0.05,3,20,20,quantile,1.0,0.6285367986056283,0.01530183359982778,0.6562731098256646,0.6175300296790203,0.0142523068234131,0.0155067861114206,11.366507395057706,0.0007927894592284799,4.0,mean
optical_net,greedy,5,0.08,3,20,20,quantile,1.0,0.5301262924264248,0.01938357448246984,0.5259961805031217,0.4845755026996971,0.01969637969735874,0.020968837918905282,13.586422041377824,0.0007143974304198799,2.2,mean
optical_net,greedy,5,0.1,3,20,20,quantile,1.0,0.487607895421735,0.021089730376768902,0.5084135553615121,0.48293693904706647,0.02037834062815614,0.02105342691911824,14.45402843264821,0.00068073272705074,2.0,mean
optical_net,greedy,5,0.0001,3,20,20,quantile,1.0,0.037051294408459834,0.0016091067824649035,0.010874856007466686,0.058454189803011494,0.00032797885773499716,0.00235287521165187,0.16373027117689126,9.657535894097875e-05,0.8366600265340757,std
optical_net,greedy,5,0.0005,3,20,20,quantile,1.0,0.03667817001123524,0.001595747989091405,0.010789641194681081,0.05978097818268181,0.00032248596683361096,0.002410974802081323,0.15801161754086618,6.914385429454366e-05,1.0,std
optical_net,greedy,5,0.001,3,20,20,quantile,1.0,0.03437994867742887,0.0015090913181553319,0.009988080039170396,0.06536844376893163,0.00029787042616770545,0.0025207765556494108,0.15346497770264403,4.0277006813341884e-05,1.51657508881031,std
optical_net,greedy,5,0.003,3,20,20,quantile,1.0,0.03255496281165396,0.0013831787966062335,0.014092917442726123,0.05712241262146457,0.00045298391012526634,0.0024750313625443816,0.11112263767043967,3.053880489749594e-05,1.8708286933869707,std
optical_net,greedy,5,0.005,3,20,20,quantile,1.0,0.03218850405232942,0.0013236668366519281,0.010646031610322343,0.05855393086480619,0.00025978314756934376,0.0028961723570327187,0.07875676243418146,4.801941955887462e-05,0.5477225575051662,std
optical_net,greedy,5,0.008,3,20,20,quantile,1.0,0.03097516120297667,0.0012263743755998669,0.008566286297754473,0.04983283917718538,7.43934472038371e-05,0.0025529662678710112,0.10992557607327029,4.5623374621421835e-05,0.44721359549995776,std
optical_net,greedy,5,0.01,3,20,20,quantile,1.0,0.03640293771635375,0.0015132627780157718,0.01262022320436783,0.0519197860606142,0.00043006663056352414,0.0026403648931152862,0.12923229556120425,4.3716827506441076e-05,0.7071067811865475,std
optical_net,greedy,5,0.03,3,20,20,quantile,1.0,0.019726284678746094,0.0007514963139768862,0.025929337996951844,0.0672991114815055,0.0008414794080793524,0.001697049916133825,0.24218988967301008,3.935336806650808e-05,0.8944271909999157,std
optical_net,greedy,5,0.05,3,20,20,quantile,1.0,0.028699502096570403,0.001138412881630909,0.017810294636367595,0.06865643466378336,0.0006486266895218716,0.0015225919865386938,0.40131559046233956,1.5089654831387135e-05,0.0,std
optical_net,greedy,5,0.08,3,20,20,quantile,1.0,0.04826193684093976,0.002257060854359208,0.027960997897863396,0.0696981392789496,0.0017225583806437567,0.0012921578906614779,0.3106008987193039,4.986358005305707e-05,0.4472135954999579,std
optical_net,greedy,5,0.1,3,20,20,quantile,1.0,0.025238911251713698,0.000848060910003732,0.01961887310455619,0.06730018370632673,0.00036591371956372863,0.001409517993169011,0.2753829900742832,4.907121209790048e-05,0.0,std
optical_net,greedy,5,0.001,3,20,20,quantile,1.0,0.783197402293178,0.00895028097147698,0.8740720444068755,0.7676140926452957,0.00521637594972244,0.009478574433461801,3.1803350065575975,0.00101499557495112,26.4,best_by_mean_val_r2
real_estate,greedy,5,0.0001,3,20,20,quantile,1.0,0.4219609489199322,105.65959458695234,0.8491705919838684,0.34310657002918055,27.77897503955333,118.90840628099537,9381.4754752057,0.00113434791564936,29.6,mean
real_estate,greedy,5,0.0005,3,20,20,quantile,1.0,0.4217766364479022,105.68798639251925,0.8490240353948465,0.3412375611007054,27.805189286268284,119.29175839824484,10089.26527039838,0.00080018043518062,28.8,mean
real_estate,greedy,5,0.001,3,20,20,quantile,1.0,0.4234630904530313,105.36305421452437,0.8482856275077045,0.34028593028412646,27.94129869307982,119.46068833588156,10953.097721280703,0.00079555511474604,27.8,mean
real_estate,greedy,5,0.003,3,20,20,quantile,1.0,0.4220719878208272,105.7855773643769,0.8340500884059878,0.3396799930296977,30.582305879793363,119.51186900142645,13822.30766670323,0.0007882595062255399,20.2,mean
real_estate,greedy,5,0.005,3,20,20,quantile,1.0,0.4285836873976489,104.62131514618599,0.823150359620163,0.33855981476888664,32.58672578917147,119.94396421403444,16097.47995310818,0.0007781505584716399,17.4,mean
real_estate,greedy,5,0.008,3,20,20,quantile,1.0,0.425729503462804,105.12835177381695,0.8014750696344631,0.3754950104195735,36.54387788818808,113.77238813756608,18848.299056407013,0.00075254440307612,13.8,mean
real_estate,greedy,5,0.01,3,20,20,quantile,1.0,0.4186765555614541,106.37988334022202,0.7891035601790162,0.3717901205614469,38.81317101072856,114.39588580514621,20436.459980145966,0.0007569313049316,12.4,mean
real_estate,greedy,5,0.03,3,20,20,quantile,1.0,0.4508317705946389,101.13774973463434,0.6402371740728083,0.5855338447577697,66.39726367938695,74.2357556558629,30413.799855858855,0.00071678161621092,4.6,mean
real_estate,greedy,5,0.05,3,20,20,quantile,1.0,0.5265932666575444,87.72925860016915,0.594951316916529,0.5546398318607556,74.60725704078975,80.35622781010747,35139.621170475904,0.00068111419677728,3.4,mean
real_estate,greedy,5,0.08,3,20,20,quantile,1.0,0.5271479135180563,87.90531090389833,0.5549612689097826,0.5269952261509593,82.18690384692206,85.11356684205774,40891.991986114364,0.0006758213043212399,2.8,mean
real_estate,greedy,5,0.1,3,20,20,quantile,1.0,0.49243958610342764,93.68910899475654,0.5022668202165088,0.47158550465572907,91.9360992622908,95.1837738601889,43863.29292710322,0.00064320564270014,2.2,mean
real_estate,greedy,5,0.0001,3,20,20,quantile,1.0,0.13958512730816944,27.613235586923608,0.01423089662730177,0.3596022936409661,2.2692065276845494,66.55169560137475,759.2647894275589,0.0007343288636826038,1.1401754250991383,std
real_estate,greedy,5,0.0005,3,20,20,quantile,1.0,0.13833577440224384,27.416720629567568,0.014303062728402916,0.35944605805606505,2.2713828751894414,66.6142896496432,771.9116677493176,2.3608496153180723e-05,0.44721359549995815,std
real_estate,greedy,5,0.001,3,20,20,quantile,1.0,0.13860285686559046,27.37462477372907,0.014412286594353896,0.3598178821686551,2.291477065394862,66.68092053518095,794.8374081288824,8.759084566106754e-06,0.44721359549995815,std
real_estate,greedy,5,0.003,3,20,20,quantile,1.0,0.13474815421628036,26.968777198008713,0.01564304870390603,0.35313782110899733,2.784951993295596,65.48282841485273,757.5603466392665,2.500180041891459e-05,1.643167672515498,std
real_estate,greedy,5,0.005,3,20,20,quantile,1.0,0.13662266927933397,26.967825178543592,0.01779116437382889,0.3498730412981054,3.1171490579130507,65.05573378972669,656.7869256283929,1.498759948463786e-05,1.673320053068151,std
real_estate,greedy,5,0.008,3,20,20,quantile,1.0,0.133428334921344,26.604460101814215,0.018560449967597214,0.36776654266844866,2.6281529914339714,68.2071221254817,573.4088845254416,2.64185644916222e-05,0.8366600265340756,std
real_estate,greedy,5,0.01,3,20,20,quantile,1.0,0.13081906870701984,26.306126200884222,0.01965738804877064,0.36663885823721515,2.669615890328337,67.98100061519773,595.0845984175958,5.331931824279398e-05,1.1401754250991376,std
real_estate,greedy,5,0.03,3,20,20,quantile,1.0,0.10954784236942772,22.95437768908102,0.013321195422414656,0.06008151861947217,4.518081339643591,11.47125246576641,1750.2520909526643,9.857038363706324e-05,0.8944271909999159,std
real_estate,greedy,5,0.05,3,20,20,quantile,1.0,0.057110672625174164,10.306778120938953,0.03678685132432245,0.059158003003021015,6.199591064088809,16.18452276007272,2030.1406602241836,8.840594991189002e-05,0.5477225575051661,std
real_estate,greedy,5,0.08,3,20,20,quantile,1.0,0.019361902085641335,4.047577448665362,0.04894514905010802,0.03915940911543199,10.719077607853642,12.643263091241902,2436.694825384484,0.000280008517665687,0.44721359549995787,std
real_estate,greedy,5,0.1,3,20,20,quantile,1.0,0.03173304603380204,3.837978770715192,0.048177831747003554,0.0560772837981313,11.08993832313837,16.121831768217497,2383.6861459478782,0.00021929081991720533,0.447213595499958,std
real_estate,greedy,5,0.08,3,20,20,quantile,1.0,0.5271479135180563,87.90531090389833,0.5549612689097826,0.5269952261509593,82.18690384692206,85.11356684205774,40891.991986114364,0.0006758213043212399,2.8,best_by_mean_val_r2
servo,greedy,5,0.0001,3,20,20,quantile,1.0,0.5346596353558117,1.0700407168339319,0.6152920649707152,0.4910697909072347,0.9236991434944966,1.0954099258122045,123.58967634474848,0.00010027885437007625,5.6,mean
servo,greedy,5,0.0005,3,20,20,quantile,1.0,0.5358802422399047,1.0674223403379297,0.6152443371097858,0.4910669582056972,0.9237986783519782,1.0954071890863462,124.26474140685089,0.00010018348693845156,5.2,mean
servo,greedy,5,0.001,3,20,20,quantile,1.0,0.5359330444095936,1.0672428985552218,0.6149962054144879,0.48156664471868016,0.9244654574368434,1.1065673301416479,125.05127834587606,0.00010142326354976875,4.8,mean
servo,greedy,5,0.003,3,20,20,quantile,1.0,0.5333814916596009,1.0733249117550963,0.6139392169378185,0.47615686425417775,0.9273057951387254,1.1129222691807195,128.07660393240266,9.136199951171875e-05,4.4,mean
servo,greedy,5,0.005,3,20,20,quantile,1.0,0.5295925790450193,1.0816183636184076,0.6105569397615777,0.4615895035922648,0.9360317777053858,1.1381722004272945,130.30692305520137,9.360313415524219e-05,3.4,mean
servo,greedy,5,0.008,3,20,20,quantile,1.0,0.5315831844018022,1.0765316289408051,0.6060487671384001,0.46218801421241995,0.9454767214867547,1.1377022123590244,132.92421757338283,7.724761962890625e-05,2.6,mean
servo,greedy,5,0.01,3,20,20,quantile,1.0,0.5348918710592319,1.0666537883585239,0.6060487671384001,0.46218801421241995,0.9454767214867547,1.1377022123590244,134.5752934407743,7.910728454589844e-05,2.6,mean
servo,greedy,5,0.03,3,20,20,quantile,1.0,0.5330858799024021,1.0732197010690308,0.6005928840392244,0.45988195436095464,0.9568032041137722,1.1455201357066458,149.23888857267798,4.596710205078125e-05,2.2,mean
servo,greedy,5,0.05,3,20,20,quantile,1.0,0.5476557008810231,1.038944940141136,0.5920142700123245,0.5159247399803509,0.9791853266825072,1.0547376068660843,163.01710328776682,4.596710205078125e-05,2.0,mean
servo,greedy,5,0.08,3,20,20,quantile,1.0,0.5470522540867329,1.0406167832555024,0.5920142700123245,0.5159247399803509,0.9791853266825072,1.0547376068660843,182.34223726593652,4.773139953613281e-05,2.0,mean
servo,greedy,5,0.1,3,20,20,quantile,1.0,0.5713080446686056,1.007008271939592,0.5920142700123245,0.5159247399803509,0.9791853266825072,1.0547376068660843,195.22565991804967,5.507469177246094e-05,2.0,mean
servo,greedy,5,0.0001,3,20,20,quantile,1.0,0.0688131132801605,0.08492428968925715,0.027179386584043383,0.19611448794923697,0.12026011157168898,0.5296711240771409,16.17702960490035,2.7629822932500146e-06,0.5477225575051662,std
servo,greedy,5,0.0005,3,20,20,quantile,1.0,0.06887524650940073,0.082896476684419,0.027217760410045366,0.1961091601949812,0.12018549430879294,0.5296164613210921,16.29006762408823,5.424743122415254e-06,0.44721359549995804,std
servo,greedy,5,0.001,3,20,20,quantile,1.0,0.0690430671750031,0.08342788966941546,0.027246176552203922,0.19899376233795632,0.12099291924652587,0.5178651669665464,16.36687124591397,3.267291548380605e-06,0.44721359549995804,std
servo,greedy,5,0.003,3,20,20,quantile,1.0,0.06778057353252227,0.08567376397252029,0.027492622721074073,0.20162045759578356,0.12457374046607701,0.5115970883245402,16.531943940533193,5.515668388718128e-06,1.3416407864998738,std
servo,greedy,5,0.005,3,20,20,quantile,1.0,0.06887676083817804,0.0842729805225092,0.02610310081866816,0.20086140971688354,0.12843493896616756,0.49632092887953233,16.271693565896413,1.1396308323856002e-05,1.51657508881031,std
servo,greedy,5,0.008,3,20,20,quantile,1.0,0.0639533941265513,0.09146491702980855,0.029382703256087658,0.20182864185303342,0.12150588147537318,0.5029958646765822,16.081397628636257,7.229628181484368e-06,0.5477225575051661,std
servo,greedy,5,0.01,3,20,20,quantile,1.0,0.06628014398206168,0.07960140186268594,0.029382703256087658,0.20182864185303342,0.12150588147537318,0.5029958646765822,16.035549984080163,3.1871490317251233e-06,0.5477225575051661,std
servo,greedy,5,0.03,3,20,20,quantile,1.0,0.06962032942751113,0.05919626585340835,0.03447242023664034,0.19972329644108372,0.11367187082242111,0.5098591395432585,17.102202531681804,1.4145276045028017e-06,0.447213595499958,std
servo,greedy,5,0.05,3,20,20,quantile,1.0,0.07273122229519621,0.03835391256198808,0.018951212789802583,0.10628797824248823,0.10976479609225528,0.4963296376549954,19.109444075376512,2.7977381537830287e-06,0.0,std
servo,greedy,5,0.08,3,20,20,quantile,1.0,0.07242743864148446,0.039439490336812454,0.018951212789802583,0.10628797824248823,0.10976479609225528,0.4963296376549954,21.83801644208421,1.5760892754591382e-06,0.0,std
servo,greedy,5,0.1,3,20,20,quantile,1.0,0.020740785491836982,0.10686024508399629,0.018951212789802583,0.10628797824248823,0.10976479609225528,0.4963296376549954,23.662451456418914,5.621827183986471e-06,0.0,std
servo,greedy,5,0.1,3,20,20,quantile,1.0,0.5713080446686056,1.007008271939592,0.5920142700123245,0.5159247399803509,0.9791853266825072,1.0547376068660843,195.22565991804967,5.507469177246094e-05,2.0,best_by_mean_val_r2
synch,greedy,5,0.0001,3,20,20,quantile,1.0,0.9954207557053417,0.00014911497954754,0.9966452497884243,0.9956919080236757,0.00010902114056622,0.00013798860431048,0.08335329120564408,0.00071845054626458,24.0,mean
synch,greedy,5,0.0005,3,20,20,quantile,1.0,0.9937171888938569,0.00020420885953213998,0.9946122303059539,0.9935437639051145,0.00017512780376458,0.00020684991313062,0.20550193791098423,0.00066380500793452,17.6,mean
synch,greedy,5,0.001,3,20,20,quantile,1.0,0.9914041025054035,0.00027736138514162,0.9928206350243404,0.9917894643857285,0.00023342019035944,0.00026249692013995997,0.318403575237899,0.00064802169799798,14.8,mean
synch,greedy,5,0.003,3,20,20,quantile,1.0,0.9806213372104462,0.0006237876086055401,0.9830712566833165,0.9824045867634833,0.00055057027685784,0.0005613542060132,0.6450917533641165,0.0005641937255859,9.2,mean
synch,greedy,5,0.005,3,20,20,quantile,1.0,0.9764527429948451,0.00075853579124918,0.9786694417612463,0.9758279088257474,0.0006934857660639601,0.00077174955612224,0.8884901733732606,0.00050745010375972,8.0,mean
synch,greedy,5,0.008,3,20,20,quantile,1.0,0.9741403924233374,0.00083233982568078,0.9786694417612463,0.9758279088257474,0.0006934857660639601,0.00077174955612224,1.2361723621638365,0.0004963874816894,8.0,mean
synch,greedy,5,0.01,3,20,20,quantile,1.0,0.967430775160885,0.0010457584529582,0.9767715357725111,0.9729207222949412,0.00075557958057034,0.0008626447361094801,1.46647075388599,0.0005330085754394,7.8,mean
synch,greedy,5,0.03,3,20,20,quantile,1.0,0.9202927191250403,0.00256552653892086,0.9250558348730014,0.9216482099407173,0.00243657375794096,0.0025088189670676602,2.824159278688911,0.00038685798645014,4.0,mean
synch,greedy,5,0.05,3,20,20,quantile,1.0,0.9202927191250403,0.00256552653892086,0.9250558348730014,0.9216482099407173,0.00243657375794096,0.0025088189670676602,3.9830999079908302,0.0003832340240478,4.0,mean
synch,greedy,5,0.08,3,20,20,quantile,1.0,0.8768240825520334,0.00394801159160694,0.8793645453204508,0.8773464873194706,0.00393035274325364,0.0038924564419596,5.687978964862751,0.00038304328918452,3.4,mean
synch,greedy,5,0.1,3,20,20,quantile,1.0,0.8505350537551337,0.004730855225844341,0.8435433836238133,0.8361926993063984,0.00508511165320242,0.00523649025825774,6.611966647393091,0.0003721714019775,3.0,mean
synch,greedy,5,0.0001,3,20,20,quantile,1.0,0.0006768360698348834,2.05842941345084e-05,0.00024538123918554087,0.0002663869704142252,7.487157818896006e-06,1.3736542899771195e-05,0.0026282662309902735,2.749969955906325e-05,0.7071067811865476,std
synch,greedy,5,0.0005,3,20,20,quantile,1.0,0.0006785439810597694,2.0311860350259638e-05,0.0008492116468358927,0.0014580505123431592,2.752117620138839e-05,5.132031194228457e-05,0.002356109788437128,2.2366534742080727e-05,1.51657508881031,std
synch,greedy,5,0.001,3,20,20,quantile,1.0,0.0004593059703107112,1.3521744155943024e-05,0.00028539741116532217,0.0011387040948054434,1.0573580231225751e-05,3.8929185795170006e-05,0.006435017733633871,3.34912341168869e-05,0.44721359549995815,std
synch,greedy,5,0.003,3,20,20,quantile,1.0,0.0009148143376603812,2.1734767437416654e-05,0.0015626316155896087,0.0014534577091477536,5.413167560334908e-05,3.4016261225274065e-05,0.013301988133151612,1.1270921544860963e-05,0.44721359549995804,std
synch,greedy,5,0.005,3,20,20,quantile,1.0,0.0006320500956183058,2.0464677739573155e-05,0.0005146442113466602,0.0024849439838130287,2.1651159810239423e-05,7.676580187306772e-05,0.01820842386199751,2.707158714757089e-05,0.0,std
synch,greedy,5,0.008,3,20,20,quantile,1.0,0.0021283599999294255,7.730136869153719e-05,0.0005146442113466602,0.0024849439838130287,2.1651159810239423e-05,7.676580187306772e-05,0.02399787783766799,1.9247040310579887e-05,0.0,std
synch,greedy,5,0.01,3,20,20,quantile,1.0,0.0029195843476617954,7.944262005595694e-05,0.004109921006461975,0.006085346567658426,0.00013764753257907705,0.00018006228934760375,0.027729255168018576,3.6695787257102777e-05,0.44721359549995804,std
synch,greedy,5,0.03,3,20,20,quantile,1.0,0.003104191083451367,0.00013756381391426153,0.0019963211708544275,0.006843056386602715,8.22344038050837e-05,0.00027971304616752126,0.06142882881717801,2.6659525859266295e-05,0.0,std
synch,greedy,5,0.05,3,20,20,quantile,1.0,0.003104191083451367,0.00013756381391426153,0.0019963211708544275,0.006843056386602715,8.22344038050837e-05,0.00027971304616752126,0.08025482075659747,2.2830119591444142e-05,0.0,std
synch,greedy,5,0.08,3,20,20,quantile,1.0,0.013104183811646934,0.0004591940323276697,0.04315612657194396,0.038097669418648075,0.0014315661212168087,0.0011150809038616644,0.10316642732018261,2.460255631138717e-05,0.5477225575051661,std
synch,greedy,5,0.1,3,20,20,quantile,1.0,0.006150201349550638,0.00030203119234187086,0.006418592925722177,0.022465268688664306,0.00018202275446627418,0.0007595942074636352,0.11147828554040688,1.0715582396620801e-05,0.0,std
synch,greedy,5,0.0001,3,20,20,quantile,1.0,0.9954207557053417,0.00014911497954754,0.9966452497884243,0.9956919080236757,0.00010902114056622,0.00013798860431048,0.08335329120564408,0.00071845054626458,24.0,best_by_mean_val_r2
yacht,greedy,5,0.0001,3,20,20,quantile,1.0,0.9901205868696497,2.291907668261897,0.9983339129500605,0.9936966057075918,0.380732913749312,1.507799411956913,233.0020210642694,0.0005560874938964399,24.6,mean
yacht,greedy,5,0.0005,3,20,20,quantile,1.0,0.9882916585383736,2.660488975286374,0.9955540584138463,0.9910624879924856,1.0226061944901812,2.094017143236742,618.4737986499156,0.00051012039184566,13.0,mean
yacht,greedy,5,0.001,3,20,20,quantile,1.0,0.9887056397467286,2.5572396643155524,0.9930370585158892,0.9894888328035553,1.595134607030645,2.58594183308138,924.0346818116183,0.00046787261962886003,9.4,mean
yacht,greedy,5,0.003,3,20,20,quantile,1.0,0.9835163798653708,3.667315572156474,0.9896482684765647,0.9862532702705529,2.3795245863198815,3.304945619097964,1839.4178448350656,0.00040340423583978,7.4,mean
yacht,greedy,5,0.005,3,20,20,quantile,1.0,0.9818220927442226,4.00994663084857,0.9841806237584448,0.9833078200160921,3.6378541611907194,4.053482510246195,2588.9328189371145,0.0003855228424072,6.0,mean
yacht,greedy,5,0.008,3,20,20,quantile,1.0,0.979128269505857,4.69528121276978,0.9802376375085776,0.9799110747823008,4.518522815917098,4.850517719489825,3556.1920030802466,0.0003529548645019,5.4,mean
yacht,greedy,5,0.01,3,20,20,quantile,1.0,0.9764846403424429,5.27053792714018,0.9802376375085776,0.9799110747823008,4.518522815917098,4.850517719489825,4166.90117320201,0.00034699440002438,5.4,mean
yacht,greedy,5,0.03,3,20,20,quantile,1.0,0.9497618218114212,10.926417650337026,0.9549108044198338,0.9487067957499946,10.302208016911928,11.68888071696469,9308.415305920153,0.00028247833251946,4.0,mean
yacht,greedy,5,0.05,3,20,20,quantile,1.0,0.914216365801023,18.973265772269947,0.9137680634152376,0.9008340420047254,19.745603136652058,22.457747084243216,13328.025967866832,0.0002552509307861,3.0,mean
yacht,greedy,5,0.08,3,20,20,quantile,1.0,0.905326474948897,21.18325796367424,0.9137680634152376,0.9008340420047254,19.745603136652058,22.457747084243216,18405.52306117332,0.00021743774414057998,3.0,mean
yacht,greedy,5,0.1,3,20,20,quantile,1.0,0.852804414546869,33.039367423257026,0.9137680634152376,0.9008340420047254,19.745603136652058,22.457747084243216,21790.521123377643,0.00022673606872553997,3.0,mean
yacht,greedy,5,0.0001,3,20,20,quantile,1.0,0.002272116395589892,0.5781150948598561,0.00017655446117020816,0.0024924466212789547,0.0366163745313199,0.9476949601898164,17.217545639468085,2.2418700695726577e-05,2.4083189157584592,std
yacht,greedy,5,0.0005,3,20,20,quantile,1.0,0.0034020269979495653,0.8422242807324922,0.0005490972690775437,0.0034458144107402367,0.16819429833344463,1.1041560569851288,59.91914921324205,1.9799223961833435e-05,1.224744871391589,std
yacht,greedy,5,0.001,3,20,20,quantile,1.0,0.0029067020757959157,0.6837623341709792,0.0009301153660373462,0.006408929664911813,0.23624247803697296,2.1175128972642776,74.23322588967932,5.002263838781588e-05,0.5477225575051662,std
yacht,greedy,5,0.003,3,20,20,quantile,1.0,0.0030463276457133046,0.7778770162753854,0.0016815874224980108,0.006091360569610564,0.4666489010574209,2.201462969026328,164.27642184068867,5.563384003436903e-06,0.5477225575051662,std
yacht,greedy,5,0.005,3,20,20,quantile,1.0,0.0027364300794933045,0.740959491667793,0.0020702828674900382,0.007880877359568514,0.6042526039183014,2.842888041564131,226.94266349393834,2.5841208622403192e-05,0.0,std
yacht,greedy,5,0.008,3,20,20,quantile,1.0,0.0023844585186755182,0.7910537933194515,0.003533793792968049,0.009187987250691625,0.8093582124974227,3.152267040641194,271.4525418250627,3.295639933606911e-05,0.547722557505166,std
yacht,greedy,5,0.01,3,20,20,quantile,1.0,0.002905278095058814,0.7493780065452493,0.003533793792968049,0.009187987250691625,0.8093582124974227,3.152267040641194,341.1585474098755,3.126630372918996e-05,0.547722557505166,std
yacht,greedy,5,0.03,3,20,20,quantile,1.0,0.006734751133532456,1.2332892419773325,0.0035127419041858635,0.011165261742706503,0.5914632678623344,3.2788957679479265,343.4381350052698,1.170365696818676e-05,0.0,std
yacht,greedy,5,0.05,3,20,20,quantile,1.0,0.010531721245806269,2.593734355312079,0.0030693078155973174,0.012088580968409498,1.195614167669699,4.918491236274929,672.933114525547,3.930820352675806e-05,0.0,std
yacht,greedy,5,0.08,3,20,20,quantile,1.0,0.007876279343671529,2.556962304348136,0.0030693078155973174,0.012088580968409498,1.195614167669699,4.918491236274929,910.5289362144124,3.586793383185927e-05,0.0,std
yacht,greedy,5,0.1,3,20,20,quantile,1.0,0.04380706638437963,11.103835283998432,0.0030693078155973174,0.012088580968409498,1.195614167669699,4.918491236274929,1070.405716568531,3.561466058325432e-05,0.0,std
yacht,greedy,5,0.0001,3,20,20,quantile,1.0,0.9901205868696497,2.291907668261897,0.9983339129500605,0.9936966057075918,0.380732913749312,1.507799411956913,233.0020210642694,0.0005560874938964399,24.6,best_by_mean_val_r2
california_housing,greedy,5,0.0001,3,20,20,quantile,1.0,0.6195500657669779,5067927637.403242,0.6286393870482776,0.62104536384521,4947810241.406141,5045572437.35869,81575877976628.95,0.08126835823059078,32.0,mean
california_housing,greedy,5,0.0005,3,20,20,quantile,1.0,0.618288561440284,5084780804.154076,0.6271179619525895,0.6199344156906266,4968082862.062211,5060321366.837921,84281358596607.03,0.08114237785339352,28.2,mean
california_housing,greedy,5,0.001,3,20,20,quantile,1.0,0.615916200436629,5116313336.036962,0.6231835556518465,0.6172027638792055,5020476540.335073,5096557274.061703,86945905561559.77,0.0817372322082519,22.4,mean
california_housing,greedy,5,0.003,3,20,20,quantile,1.0,0.602619331387082,5293709773.04377,0.603884697610044,0.5995335197919983,5277707406.8086605,5331525242.14362,94503951439627.47,0.0805202960968017,12.6,mean
california_housing,greedy,5,0.005,3,20,20,quantile,1.0,0.5921684699593927,5433060853.9919,0.5953333616768439,0.5910941636723218,5391690363.531949,5443665271.623204,99676259496846.98,0.0803442478179931,10.6,mean
california_housing,greedy,5,0.008,3,20,20,quantile,1.0,0.5833304173084413,5551018325.294368,0.5836915135798625,0.5800860394652129,5546718753.369108,5591026478.523882,106001312406502.36,0.08006315231323236,8.8,mean
california_housing,greedy,5,0.01,3,20,20,quantile,1.0,0.5746903216940252,5665758103.128291,0.5803342069335351,0.5776564344411248,5591107379.832336,5624478971.903094,109695657323348.17,0.07960329055786128,8.4,mean
california_housing,greedy,5,0.03,3,20,20,quantile,1.0,0.5291237651973792,6273497909.15937,0.5326057700812952,0.5300130303998677,6227514629.558656,6256644036.044632,134468675368018.1,0.0727788925170898,5.0,mean
california_housing,greedy,5,0.05,3,20,20,quantile,1.0,0.4746833452689569,6997120472.576678,0.47344874028330414,0.4685554881441004,7014342754.699351,7081132937.642374,153882747890926.66,0.07159023284912105,3.6,mean
california_housing,greedy,5,0.08,3,20,20,quantile,1.0,0.43639083743112045,7509563113.783864,0.44047085099921424,0.4343362688468629,7455001808.855105,7531782221.546832,174136416568485.34,0.06516547203063963,3.0,mean
california_housing,greedy,5,0.1,3,20,20,quantile,1.0,0.43639083743112045,7509563113.783864,0.44047085099921424,0.4343362688468629,7455001808.855105,7531782221.546832,187204904501278.53,0.062471580505371035,3.0,mean
california_housing,greedy,5,0.0001,3,20,20,quantile,1.0,0.006931583216345744,71581780.72495873,0.004894596599574524,0.008348270324827513,31486927.961014967,74979064.41475844,512343077092.3052,0.0026647472872475446,0.0,std
california_housing,greedy,5,0.0005,3,20,20,quantile,1.0,0.006976523239936664,72067041.02789263,0.004830560080232171,0.008185790548700545,29502594.88428792,67714653.58828345,508717800750.8194,0.0025736420180880347,1.6431676725154982,std
california_housing,greedy,5,0.001,3,20,20,quantile,1.0,0.008133162764177854,85824235.20115808,0.0051687810365153046,0.008794650719014748,32840131.554660577,67616531.7522074,555048449437.0413,0.003669560088331366,0.5477225575051662,std
california_housing,greedy,5,0.003,3,20,20,quantile,1.0,0.006527935379172407,71720594.33194274,0.004361911213480536,0.01084700567215914,26601439.52143315,82890041.46687894,644836220460.46,0.0029498459671591006,0.5477225575051662,std
california_housing,greedy,5,0.005,3,20,20,quantile,1.0,0.007141524580613774,76847488.81984203,0.0054496398904263586,0.012437133923766726,55299649.93374748,97928600.78074722,910807846232.6713,0.002842480811628432,1.140175425099138,std
california_housing,greedy,5,0.008,3,20,20,quantile,1.0,0.006044065057953028,68908142.34770438,0.008935179944768792,0.008462414089058555,104275003.75209054,76835710.4965116,1183880369428.9497,0.0031001922010149845,0.44721359549995804,std
california_housing,greedy,5,0.01,3,20,20,quantile,1.0,0.006713233047037347,72221239.94052592,0.010779709428577791,0.005924758690565882,111789754.53144068,121730669.41935983,1115245047987.8782,0.002151271420342,0.5477225575051662,std
california_housing,greedy,5,0.03,3,20,20,quantile,1.0,0.005428430622220533,80451471.97193944,0.004980846288284466,0.0143320737199927,49193089.474455066,102765586.33101858,876139850672.9023,0.002087430605386377,0.0,std
california_housing,greedy,5,0.05,3,20,20,quantile,1.0,0.01891149949570013,204475937.51822132,0.03369921479720316,0.018598507610410077,418232584.59083885,376434749.99013734,1168476962656.8264,0.0020806499083915043,0.5477225575051661,std
california_housing,greedy,5,0.08,3,20,20,quantile,1.0,0.009007174917519456,129462716.59876755,0.009183900676577914,0.01778840928877379,100995186.07661867,213774566.11508974,1664365802890.4211,0.0026029534810942225,0.0,std
california_housing,greedy,5,0.1,3,20,20,quantile,1.0,0.009007174917519456,129462716.59876755,0.009183900676577914,0.01778840928877379,100995186.07661867,213774566.11508974,1684058137328.4448,0.0028162981814634997,0.0,std
california_housing,greedy,5,0.0001,3,20,20,quantile,1.0,0.6195500657669779,5067927637.403242,0.6286393870482776,0.62104536384521,4947810241.406141,5045572437.35869,81575877976628.95,0.08126835823059078,32.0,best_by_mean_val_r2
seoul_bike,greedy,5,0.0001,3,20,20,quantile,1.0,0.6443564888218254,147785.5670931198,0.655091169699288,0.635446723073047,143432.4774216044,151457.4221067123,1014211316.362249,0.0186230659484863,31.0,mean
seoul_bike,greedy,5,0.0005,3,20,20,quantile,1.0,0.643109736046412,148309.28005134495,0.6531526174881328,0.634981109365381,144237.89657199723,151651.012967841,1046685143.7934895,0.01849699020385738,24.6,mean
seoul_bike,greedy,5,0.001,3,20,20,quantile,1.0,0.6418269229741581,148845.06490547583,0.6515969989644199,0.6353055513404892,144885.38222504206,151458.59958169013,1081247959.4052014,0.0184449672698974,22.6,mean
seoul_bike,greedy,5,0.003,3,20,20,quantile,1.0,0.6340818454848629,152070.1769942985,0.6411761607951754,0.6289733045560906,149223.48318979074,154103.29029036863,1192674186.3029687,0.018063783645629838,16.8,mean
seoul_bike,greedy,5,0.005,3,20,20,quantile,1.0,0.6244887285992954,156061.45034605902,0.6255476212850644,0.6109808331453433,155722.78583848028,161558.69947636992,1280780589.1160038,0.017876386642456,13.0,mean
seoul_bike,greedy,5,0.008,3,20,20,quantile,1.0,0.6021190547244119,165378.62731533317,0.6094455537465558,0.5952125636511754,162411.91298491583,168127.2997728656,1385458626.2418075,0.017582607269287058,10.6,mean
seoul_bike,greedy,5,0.01,3,20,20,quantile,1.0,0.5891148419490178,170740.44346799288,0.5947327902590347,0.5815612443959033,168545.23068481658,173728.10491844887,1443514110.0843306,0.0174627304077148,9.0,mean
seoul_bike,greedy,5,0.03,3,20,20,quantile,1.0,0.5192444707260437,199774.9868214853,0.5146672772614124,0.5025819528462359,201873.7940696135,206406.6307023291,1851982254.901149,0.01607031822204586,5.0,mean
seoul_bike,greedy,5,0.05,3,20,20,quantile,1.0,0.46398149135110545,222761.88919466967,0.4869654498294963,0.4778110419412882,213465.84287239573,216471.82645810637,2136747531.8843837,0.015669345855712842,4.4,mean
seoul_bike,greedy,5,0.08,3,20,20,quantile,1.0,0.39570539035199825,251087.458160054,0.4068518823664484,0.39977244719842125,246708.65952053285,249209.13143971967,2428535415.617654,0.01530084609985346,3.0,mean
seoul_bike,greedy,5,0.1,3,20,20,quantile,1.0,0.39570539035199825,251087.458160054,0.4068518823664484,0.39977244719842125,246708.65952053285,249209.13143971967,2603435698.042134,0.01430296897888178,3.0,mean
seoul_bike,greedy,5,0.0001,3,20,20,quantile,1.0,0.011000415212474648,3947.7635963824587,0.010282465667066048,0.01797683843394733,3049.7494724746493,9036.777373034229,21307588.711896274,0.0004989518848383841,0.0,std
seoul_bike,greedy,5,0.0005,3,20,20,quantile,1.0,0.010255092630753833,3763.506561516408,0.010505589181275374,0.017958237785207633,3119.2371550744906,9041.512737492298,20832232.28286561,0.0005890005899207626,1.1401754250991383,std
seoul_bike,greedy,5,0.001,3,20,20,quantile,1.0,0.010557586813380955,3927.1631188615956,0.01068417290166586,0.018544576827963476,3245.127223676732,7921.194380032527,20572159.8673571,0.000503946958562659,0.8944271909999161,std
seoul_bike,greedy,5,0.003,3,20,20,quantile,1.0,0.0092342790719549,3423.6544719910426,0.00961965442747197,0.020392003027662503,2806.6020074967537,9002.42193333603,16875154.07588,0.00046633369821512903,0.44721359549995787,std
seoul_bike,greedy,5,0.005,3,20,20,quantile,1.0,0.012596683858453474,4560.818336125228,0.009292401805097232,0.020810071848551957,2442.0012319659886,8821.766554038102,15791600.181602448,0.0005360965147330945,0.0,std
seoul_bike,greedy,5,0.008,3,20,20,quantile,1.0,0.014245321098348175,5021.331506765671,0.011331055065487353,0.019876194065805246,3079.5816013219332,8957.906517596632,11405545.342905115,0.0004406644359592265,0.5477225575051662,std
seoul_bike,greedy,5,0.01,3,20,20,quantile,1.0,0.014702494766653845,5467.208596991138,0.009454896804548321,0.02144206574124252,2842.928716056492,7863.433653568581,10798258.534232268,0.0005733413382089615,0.7071067811865477,std
seoul_bike,greedy,5,0.03,3,20,20,quantile,1.0,0.019223346497663687,7195.473596849601,0.008474969133542556,0.032057471973709985,4133.403914072414,9800.503834015863,31984637.850583427,0.000502048232384684,0.0,std
seoul_bike,greedy,5,0.05,3,20,20,quantile,1.0,0.04046657482219169,16381.208836116139,0.03067569209758747,0.047764323792687406,14299.417207652361,13965.827542529418,29926523.943602536,0.0005280295785162077,0.547722557505166,std
seoul_bike,greedy,5,0.08,3,20,20,quantile,1.0,0.01340873019973706,3476.00396857731,0.007876252381104919,0.03169884871550052,3309.9133586097155,11919.18940302856,27954543.092325106,0.0015910721515859903,0.0,std
seoul_bike,greedy,5,0.1,3,20,20,quantile,1.0,0.01340873019973706,3476.00396857731,0.007876252381104919,0.03169884871550052,3309.9133586097155,11919.18940302856,29390512.562438786,0.00034458401424549914,0.0,std
seoul_bike,greedy,5,0.0001,3,20,20,quantile,1.0,0.6443564888218254,147785.5670931198,0.655091169699288,0.635446723073047,143432.4774216044,151457.4221067123,1014211316.362249,0.0186230659484863,31.0,best_by_mean_val_r2
temperature_max,greedy,5,0.0001,3,20,20,quantile,1.0,0.7373654182226524,2.5488155818295417,0.7618428726584929,0.7497476775845077,2.3125585618845053,2.4286948788819607,14230.545343706966,0.041844463348388615,32.0,mean
temperature_max,greedy,5,0.0005,3,20,20,quantile,1.0,0.7373525055664494,2.5489417279591224,0.7616160277031968,0.7496431421929952,2.3147420398665224,2.429761623113673,14981.047238053976,0.04160275459289548,31.4,mean
temperature_max,greedy,5,0.001,3,20,20,quantile,1.0,0.73567377112057,2.5651608648698803,0.7596013686283023,0.748081866698464,2.334292503859266,2.4448199192940603,15872.50567471137,0.0418957710266113,28.8,mean
temperature_max,greedy,5,0.003,3,20,20,quantile,1.0,0.721015275524462,2.7073177117767324,0.7365206143113955,0.7282859938655657,2.5584748787517833,2.6358768753680466,18507.400836670437,0.0412209510803222,16.8,mean
temperature_max,greedy,5,0.005,3,20,20,quantile,1.0,0.704395539090941,2.8689517486082226,0.712774770511334,0.7071057629039632,2.789397899155965,2.83952768284579,20060.763378416574,0.04109168052673334,10.6,mean
temperature_max,greedy,5,0.008,3,20,20,quantile,1.0,0.6859515180961394,3.0468213606808336,0.6970119889364996,0.6930416428023819,2.942428218041575,2.975971003830411,21733.00999867841,0.040668487548828056,8.2,mean
temperature_max,greedy,5,0.01,3,20,20,quantile,1.0,0.6781696611126699,3.1223649685651673,0.6844911703276295,0.6804667736866932,3.063880679562165,3.098320806150136,22612.794309045254,0.04053635597228998,6.8,mean
temperature_max,greedy,5,0.03,3,20,20,quantile,1.0,0.6317106862372592,3.573695107357671,0.6358424061193733,0.631074364500022,3.537038463821397,3.574173950421482,28900.728674655413,0.037865781784057584,4.2,mean
temperature_max,greedy,5,0.05,3,20,20,quantile,1.0,0.6209804952811151,3.675860188772089,0.629797068554471,0.625415317935253,3.5947780209353164,3.632751787885293,33620.601889627855,0.03494520187377928,4.0,mean
temperature_max,greedy,5,0.08,3,20,20,quantile,1.0,0.6067202619087088,3.8149032734171526,0.6153416782754683,0.6141849960948693,3.7355005592962116,3.740694590949681,40605.164880974,0.033637619018554644,3.8,mean
temperature_max,greedy,5,0.1,3,20,20,quantile,1.0,0.5159804848755652,4.703825474063722,0.5079407210026664,0.4950272980953244,4.779531494867075,4.892644157889792,44343.297753631545,0.02786016464233394,2.6,mean
temperature_max,greedy,5,0.0001,3,20,20,quantile,1.0,0.0045820844937124105,0.036304358353856585,0.003237416124115754,0.00895314722962571,0.01736877739210769,0.08710487614916089,104.9821318354791,0.0018394400956143523,0.0,std
temperature_max,greedy,5,0.0005,3,20,20,quantile,1.0,0.004520437306427805,0.035863031943275996,0.0034213737593644764,0.008860515523842812,0.017395108418525703,0.08802166071086588,103.33591931889801,0.0015515509637077094,0.8944271909999154,std
temperature_max,greedy,5,0.001,3,20,20,quantile,1.0,0.004289169913907473,0.03228632723424613,0.004021211746414188,0.009570008925752198,0.025312675358130653,0.09165894245572105,114.61218960559866,0.0013861371244258257,1.30384048104053,std
temperature_max,greedy,5,0.003,3,20,20,quantile,1.0,0.006827776764491114,0.04777525308087075,0.0036353117761154007,0.013122678739240883,0.024678782389928433,0.0941895850628146,156.20030724503462,0.0016310411940535655,0.8366600265340757,std
temperature_max,greedy,5,0.005,3,20,20,quantile,1.0,0.0035954469952915757,0.032988554097141624,0.004019530866795199,0.02280448756168932,0.05598908943923342,0.1677884999528201,171.8393286263286,0.0015978257758858967,1.140175425099138,std
temperature_max,greedy,5,0.008,3,20,20,quantile,1.0,0.003230351640969204,0.04262565394462831,0.003748846091249656,0.021734512679610872,0.0525771267254648,0.149947604601746,219.1001078679252,0.0011208325564201918,0.44721359549995815,std
temperature_max,greedy,5,0.01,3,20,20,quantile,1.0,0.005464748035344372,0.04391897517759676,0.003574882204715997,0.024599330652436132,0.04120383002875109,0.1884716060360122,201.24196757913234,0.0012034880486292672,0.44721359549995804,std
temperature_max,greedy,5,0.03,3,20,20,quantile,1.0,0.008784623224076728,0.10407154154929338,0.010372986961333399,0.033532783906123055,0.1302554702533887,0.23320497010778757,163.78699032770314,0.0014622916004518164,0.44721359549995787,std
temperature_max,greedy,5,0.05,3,20,20,quantile,1.0,0.01204552868301548,0.08425294238859665,0.00472845447308959,0.02368249773150081,0.02613595417974507,0.17269805383097234,177.75239495970044,0.0011061731099144098,0.0,std
temperature_max,greedy,5,0.08,3,20,20,quantile,1.0,0.010527084090915323,0.09865558058757536,0.03215142477649815,0.0452126442679845,0.3158172686709947,0.3976596109684964,279.201269366136,0.0021867044346316642,0.447213595499958,std
temperature_max,greedy,5,0.1,3,20,20,quantile,1.0,0.013971636964000913,0.1776441533776866,0.05727793181511942,0.05958546029755371,0.5710248269912909,0.48787751408337265,344.4499575189469,0.0009294974658979606,0.5477225575051661,std
temperature_max,greedy,5,0.0001,3,20,20,quantile,1.0,0.7373654182226524,2.5488155818295417,0.7618428726584929,0.7497476775845077,2.3125585618845053,2.4286948788819607,14230.545343706966,0.041844463348388615,32.0,best_by_mean_val_r2
temperature_min,greedy,5,0.0001,3,20,20,quantile,1.0,0.7934216300413172,1.2764505359548526,0.8132303158555134,0.7986641908014807,1.1547820438186989,1.2444312735531629,7131.9762144453825,0.04226536750793452,32.0,mean
temperature_min,greedy,5,0.0005,3,20,20,quantile,1.0,0.793656797015444,1.2749394695975895,0.8127049135941059,0.7987009720717844,1.1580224587525494,1.2442377363215302,7609.743497385416,0.04228839874267576,30.8,mean
temperature_min,greedy,5,0.001,3,20,20,quantile,1.0,0.7935120456661153,1.2759795716772688,0.8100455430476975,0.7983253236754961,1.1745087532307328,1.2465527370924712,8137.588680522342,0.04231653213500972,26.8,mean
temperature_min,greedy,5,0.003,3,20,20,quantile,1.0,0.7813854765941286,1.350986688142645,0.7890978090496643,0.7828529598983047,1.3040849351313835,1.3418862657720225,9472.122386735193,0.041724443435668904,13.8,mean
temperature_min,greedy,5,0.005,3,20,20,quantile,1.0,0.7675755199652506,1.4366538606652601,0.7750254484614478,0.7686833987093681,1.3909704208041664,1.429986271751014,10360.929418059153,0.0421828746795654,10.2,mean
temperature_min,greedy,5,0.008,3,20,20,quantile,1.0,0.7568625065256382,1.502519074697519,0.7622985747376718,0.755255629431298,1.4697078026221708,1.512149676783584,11326.858665089514,0.04118909835815424,8.0,mean
temperature_min,greedy,5,0.01,3,20,20,quantile,1.0,0.7542697241574798,1.5188177543090475,0.7603892066941998,0.752901931801653,1.481560007734749,1.526463104094391,11924.140849498177,0.040723657608032184,7.8,mean
temperature_min,greedy,5,0.03,3,20,20,quantile,1.0,0.6959652682121393,1.8791177934383647,0.7009979793421877,0.6991351772589274,1.8487269601317968,1.8595422575230909,15730.70676610985,0.03672561645507806,4.0,mean
temperature_min,greedy,5,0.05,3,20,20,quantile,1.0,0.6959652682121393,1.8791177934383647,0.7009979793421877,0.6991351772589274,1.8487269601317968,1.8595422575230909,18734.19787556967,0.030730628967285123,4.0,mean
temperature_min,greedy,5,0.08,3,20,20,quantile,1.0,0.6730001052865857,2.0177154688601036,0.7009979793421877,0.6991351772589274,1.8487269601317968,1.8595422575230909,23239.434539759393,0.02844133377075192,4.0,mean
temperature_min,greedy,5,0.1,3,20,20,quantile,1.0,0.6082640444125643,2.4245800024514654,0.6154953625365931,0.6139409421755555,2.3774261713132354,2.386894129205027,25698.823372688134,0.0235878467559814,3.0,mean
temperature_min,greedy,5,0.0001,3,20,20,quantile,1.0,0.002932206766287508,0.022747873583188725,0.0026637081808169785,0.009968866529752466,0.017711762835888052,0.07408683833471698,108.03499900359161,0.0018167000845804317,0.0,std
temperature_min,greedy,5,0.0005,3,20,20,quantile,1.0,0.003021049865564267,0.022996336970143853,0.002921541537714587,0.009679508751408853,0.018600123646739457,0.07339828026449405,109.99576367898275,0.0017760282661119715,0.8366600265340757,std
temperature_min,greedy,5,0.001,3,20,20,quantile,1.0,0.002805576322517587,0.01884685586749144,0.0026126927335270965,0.010279391230503213,0.020203112880699987,0.07628786758729758,116.782408364379,0.00183171377917631,1.6431676725154984,std
temperature_min,greedy,5,0.003,3,20,20,quantile,1.0,0.004016960820441525,0.02300630590724101,0.002217898052250594,0.015010126744733607,0.023286702270521594,0.0975499987166929,135.31923152220827,0.0022541140978724547,0.8366600265340757,std
temperature_min,greedy,5,0.005,3,20,20,quantile,1.0,0.005503717706552115,0.03951222395079396,0.0029972258334620095,0.013251926207051977,0.017389577009992416,0.09877729122694608,165.23024348162045,0.0013862664161792535,0.44721359549995787,std
temperature_min,greedy,5,0.008,3,20,20,quantile,1.0,0.004828215860606343,0.0346968715391785,0.0028916319650087482,0.012891231102839466,0.021396913798683997,0.08103947191818653,144.06172201754936,0.0016171972870722877,0.0,std
temperature_min,greedy,5,0.01,3,20,20,quantile,1.0,0.004330239070098521,0.03401773913181209,0.002670637758350993,0.017889239390606354,0.02413086823787179,0.10679477589013989,151.19132216010584,0.0017420431190225164,0.44721359549995804,std
temperature_min,greedy,5,0.03,3,20,20,quantile,1.0,0.004533071580226311,0.03883442319352375,0.0031852752891950225,0.012990300679186533,0.024376363961583596,0.09960373498517587,177.4889743255211,0.001730136438336954,0.0,std
temperature_min,greedy,5,0.05,3,20,20,quantile,1.0,0.004533071580226311,0.03883442319352375,0.0031852752891950225,0.012990300679186533,0.024376363961583596,0.09960373498517587,199.98721108883677,0.0015103392512251141,0.0,std
temperature_min,greedy,5,0.08,3,20,20,quantile,1.0,0.019635029359269775,0.12180542350142942,0.0031852752891950225,0.012990300679186533,0.024376363961583596,0.09960373498517587,236.38554526259824,0.0015976681740734874,0.0,std
temperature_min,greedy,5,0.1,3,20,20,quantile,1.0,0.017651415188258794,0.1255021504513417,0.0031483317470648356,0.01252768425268471,0.030628445450232012,0.1295179142070877,278.32585557984174,0.0011523542505549886,0.0,std
temperature_min,greedy,5,0.0005,3,20,20,quantile,1.0,0.793656797015444,1.2749394695975895,0.8127049135941059,0.7987009720717844,1.1580224587525494,1.2442377363215302,7609.743497385416,0.04228839874267576,30.8,best_by_mean_val_r2
walmart,greedy,5,0.0001,3,20,20,quantile,1.0,0.12231058669244521,279305883480.478,0.1483491550267308,0.10816864688802785,271216829819.2473,283920206744.5889,1400781002106210.2,0.008693218231201099,27.8,mean
walmart,greedy,5,0.0005,3,20,20,quantile,1.0,0.12243229972881346,279268469622.2277,0.14738126322741604,0.10854494964579502,271524476301.24243,283802950498.3358,1417151864202744.5,0.008630180358886661,23.6,mean
walmart,greedy,5,0.001,3,20,20,quantile,1.0,0.12316713766296732,279038004891.86,0.14404156955308864,0.10698013037047575,272588143308.14722,284287045013.3952,1435412694722189.5,0.00871305465698236,19.6,mean
walmart,greedy,5,0.003,3,20,20,quantile,1.0,0.11725113406059158,280902510157.76984,0.133488498169338,0.10557025856257599,275950435961.20526,284734006404.61273,1490413143750894.0,0.008546686172485319,14.2,mean
walmart,greedy,5,0.005,3,20,20,quantile,1.0,0.1060011079029062,284407608062.0544,0.11761803718311681,0.09012528554109744,281002747701.4057,289658457323.2887,1530194614249856.5,0.008562612533569259,10.2,mean
walmart,greedy,5,0.008,3,20,20,quantile,1.0,0.09150127073387135,289035959756.7007,0.08967816348011146,0.07612204460276129,289893622321.8955,294111726689.69824,1565822265893500.8,0.0084476470947265,5.6,mean
walmart,greedy,5,0.01,3,20,20,quantile,1.0,0.08191731619017509,292107019844.8187,0.08211033678911399,0.07365271183585333,292305858830.22766,294888444825.76807,1583474806106381.0,0.00846624374389644,4.8,mean
walmart,greedy,5,0.03,3,20,20,quantile,1.0,-0.00024992861666194005,318341526994.8032,0.0,-0.0005622755496248194,318452988831.7868,318524976852.89075,1688577866101219.0,0.00821275711059566,1.0,mean
walmart,greedy,5,0.05,3,20,20,quantile,1.0,-0.001430216992755,318699285360.2882,0.0,-0.0005622755496248194,318452988831.7868,318524976852.89075,1721365785831339.8,0.00820951461791986,1.0,mean
walmart,greedy,5,0.08,3,20,20,quantile,1.0,-0.001430216992755,318699285360.2882,0.0,-0.0005622755496248194,318452988831.7868,318524976852.89075,1770547665426520.8,0.00823640823364252,1.0,mean
walmart,greedy,5,0.1,3,20,20,quantile,1.0,-0.001430216992755,318699285360.2882,0.0,-0.0005622755496248194,318452988831.7868,318524976852.89075,1803335585156641.5,0.00778818130493162,1.0,mean
walmart,greedy,5,0.0001,3,20,20,quantile,1.0,0.011050030790910456,4309386601.440162,0.007393909251817246,0.012391542421701861,3249612029.6557965,6230302844.980224,16380673594982.727,0.0003781735423116852,3.5637059362410923,std
walmart,greedy,5,0.0005,3,20,20,quantile,1.0,0.010578581710480222,4131300099.0508366,0.006778764196895493,0.013756488688170556,3048293394.635684,6656843372.7213955,15268373532724.81,0.0003977795037007219,0.8944271909999154,std
walmart,greedy,5,0.001,3,20,20,quantile,1.0,0.010747970757130073,4192876512.0198073,0.006850535977380464,0.011792304125397748,3081706703.9283586,5385141060.042993,14599472099760.43,0.0002777712229246501,1.8165902124584952,std
walmart,greedy,5,0.003,3,20,20,quantile,1.0,0.01011926645911606,3984478298.0094795,0.009151964051492162,0.012355088333390763,3797721161.245826,5394497486.040702,12534742470287.846,0.00038232642327099594,1.6431676725154984,std
walmart,greedy,5,0.005,3,20,20,quantile,1.0,0.008116575652482999,3396356226.6687775,0.00822146699481543,0.015831262962564666,3427783989.930048,6723432624.512143,9872863904089.908,0.00042384189900915114,1.3038404810405297,std
walmart,greedy,5,0.008,3,20,20,quantile,1.0,0.011450776403254053,4556883390.528454,0.005743334950543247,0.010754438342552387,1902351432.0276952,5345639154.242204,6265692865278.367,0.0004237023833727927,0.894427190999916,std
walmart,greedy,5,0.01,3,20,20,quantile,1.0,0.008416609957131607,3622249355.7740183,0.0053875480019023765,0.015768528241974177,2204269796.528034,5923238393.32452,7875155063570.537,0.0003936267274501281,0.4472135954999579,std
walmart,greedy,5,0.03,3,20,20,quantile,1.0,0.002566302736722164,1021301459.5686271,0.0,0.000386451940668411,1128090483.4065409,4530817784.468937,5981632102833.98,0.000379046004710824,0.0,std
walmart,greedy,5,0.05,3,20,20,quantile,1.0,0.00024322624706129978,1127190800.9782069,0.0,0.000386451940668411,1128090483.4065409,4530817784.468937,6097780299005.467,0.00043172250786472586,0.0,std
walmart,greedy,5,0.08,3,20,20,quantile,1.0,0.00024322624706129978,1127190800.9782069,0.0,0.000386451940668411,1128090483.4065409,4530817784.468937,6272002593262.88,0.0006120821374164115,0.0,std
walmart,greedy,5,0.1,3,20,20,quantile,1.0,0.00024322624706129978,1127190800.9782069,0.0,0.000386451940668411,1128090483.4065409,4530817784.468937,6388150789434.309,0.0004911624976040096,0.0,std
walmart,greedy,5,0.001,3,20,20,quantile,1.0,0.12316713766296732,279038004891.86,0.14404156955308864,0.10698013037047575,272588143308.14722,284287045013.3952,1435412694722189.5,0.00871305465698236,19.6,best_by_mean_val_r2
airfoil,cart,5,0.0001,3,20,20,quantile,1.0,0.6048758921268377,18.735347034183988,0.6676025056787556,0.6139706390164446,15.814968548402698,18.39479373078326,,0.00122828483581538,32.0,mean
airfoil,cart,5,0.0005,3,20,20,quantile,1.0,0.6048758921268377,18.735347034183988,0.6676025056787556,0.6139706390164446,15.814968548402698,18.39479373078326,,0.0012414932250976,32.0,mean
airfoil,cart,5,0.001,3,20,20,quantile,1.0,0.6048758921268377,18.735347034183988,0.6676025056787556,0.6139706390164446,15.814968548402698,18.39479373078326,,0.00135655403137204,32.0,mean
airfoil,cart,5,0.003,3,20,20,quantile,1.0,0.6048904873851366,18.73469974087559,0.6676025056787556,0.6139706390164446,15.814968548402698,18.39479373078326,,0.00121216773986812,32.0,mean
airfoil,cart,5,0.005,3,20,20,quantile,1.0,0.6047878025828834,18.739483279654497,0.6676025056787556,0.6139706390164446,15.814968548402698,18.39479373078326,,0.00122160911560054,32.0,mean
airfoil,cart,5,0.008,3,20,20,quantile,1.0,0.6047346417242822,18.741981667479102,0.667575951504363,0.6135437346047524,15.816230272404363,18.41516175885635,,0.00123324394226068,31.8,mean
airfoil,cart,5,0.01,3,20,20,quantile,1.0,0.6046436147824061,18.74622212854865,0.667575951504363,0.6135437346047524,15.816230272404363,18.41516175885635,,0.0012598037719726,31.8,mean
airfoil,cart,5,0.03,3,20,20,quantile,1.0,0.6043216821867156,18.75954622130981,0.6672096788215132,0.6130399084713815,15.833748428271354,18.438480652069973,,0.00125551223754878,31.0,mean
airfoil,cart,5,0.05,3,20,20,quantile,1.0,0.6037893537859589,18.785101095424164,0.665579065330102,0.6122968157484252,15.911750516230365,18.474227497244847,,0.0012512683868407802,29.0,mean
airfoil,cart,5,0.08,3,20,20,quantile,1.0,0.6014583863430449,18.897402388123343,0.6619237712437834,0.6099960121443709,16.08513041231289,18.578550951935938,,0.0012318134307861,26.2,mean
airfoil,cart,5,0.1,3,20,20,quantile,1.0,0.5991070122441794,19.008806972682603,0.6612041384636935,0.610282347305897,16.119283850641175,18.564905659424134,,0.0012437343597411598,25.8,mean
airfoil,cart,5,0.0001,3,20,20,quantile,1.0,0.008276600762342051,0.5865776095877206,0.019209592092353452,0.028436498897246695,1.090118421763263,2.2907227941446866,,4.01288995811099e-05,0.0,std
airfoil,cart,5,0.0005,3,20,20,quantile,1.0,0.008276600762342051,0.5865776095877206,0.019209592092353452,0.028436498897246695,1.090118421763263,2.2907227941446866,,1.2944394376586718e-05,0.0,std
airfoil,cart,5,0.001,3,20,20,quantile,1.0,0.008276600762342051,0.5865776095877206,0.019209592092353452,0.028436498897246695,1.090118421763263,2.2907227941446866,,0.00025025521857540675,0.0,std
airfoil,cart,5,0.003,3,20,20,quantile,1.0,0.008279914078636888,0.5872960986637791,0.019209592092353452,0.028436498897246695,1.090118421763263,2.2907227941446866,,2.9490942291719882e-05,0.0,std
airfoil,cart,5,0.005,3,20,20,quantile,1.0,0.008143461446909724,0.5834551782292984,0.019209592092353452,0.028436498897246695,1.090118421763263,2.2907227941446866,,3.804379158296606e-05,0.0,std
airfoil,cart,5,0.008,3,20,20,quantile,1.0,0.008090503632704369,0.5818759426360697,0.019217266435882004,0.02823355492482337,1.090393277887332,2.2852581023449745,,2.739355810054057e-05,0.44721359549995765,std
airfoil,cart,5,0.01,3,20,20,quantile,1.0,0.007971557367350113,0.5785829359484799,0.019217266435882004,0.02823355492482337,1.090393277887332,2.2852581023449745,,3.885015932143449e-05,0.44721359549995765,std
airfoil,cart,5,0.03,3,20,20,quantile,1.0,0.00776215004096799,0.5815208752253033,0.018916093816606003,0.02860938106943534,1.0802397663003744,2.2895592458699783,,1.5145679806866153e-05,1.2247448713915887,std
airfoil,cart,5,0.05,3,20,20,quantile,1.0,0.008248053443504958,0.6041936980850073,0.020408828803903344,0.02951307657833909,1.1508395969433611,2.3241960318041612,,2.0882664017689684e-05,2.2360679774997894,std
airfoil,cart,5,0.08,3,20,20,quantile,1.0,0.00973128138619366,0.6687880796321417,0.0202750975122357,0.027433952306780775,1.1383078393574757,2.2235239729598346,,5.139416501149814e-05,1.7888543819998317,std
airfoil,cart,5,0.1,3,20,20,quantile,1.0,0.012605432036374514,0.8088020096242478,0.020091930686758065,0.027480369325202585,1.129496705074412,2.224747401085,,3.7077577003693134e-05,1.4832396974191324,std
airfoil,cart,5,0.003,3,20,20,quantile,1.0,0.6048904873851366,18.73469974087559,0.6676025056787556,0.6139706390164446,15.814968548402698,18.39479373078326,,0.00121216773986812,32.0,best_by_mean_val_r2
auction,cart,5,0.0001,3,20,20,quantile,1.0,0.9113443186889295,9593877.228881236,0.9245599799311581,0.9171258783535462,8123084.901179825,8778409.471516006,,0.00131344795227046,31.2,mean
auction,cart,5,0.0005,3,20,20,quantile,1.0,0.911344318691544,9593877.228588361,0.9245599799311581,0.9171258783535462,8123084.901179825,8778409.471516006,,0.00132217407226558,31.2,mean
auction,cart,5,0.001,3,20,20,quantile,1.0,0.911344318691544,9593877.228588361,0.9245599799311581,0.9171258783535462,8123084.901179825,8778409.471516006,,0.0013325691223144399,31.2,mean
auction,cart,5,0.003,3,20,20,quantile,1.0,0.9113443186690743,9593877.230912521,0.9245599799311581,0.9171258783535462,8123084.901179825,8778409.471516006,,0.00133595466613764,31.2,mean
auction,cart,5,0.005,3,20,20,quantile,1.0,0.9113443186690311,9593877.23091744,0.9245599799070231,0.9171258783535462,8123084.903776604,8778409.471516006,,0.00132780075073236,30.4,mean
auction,cart,5,0.008,3,20,20,quantile,1.0,0.9113443187012894,9593877.227504054,0.9245599799070231,0.9171258783535462,8123084.903776604,8778409.471516006,,0.00131368637084956,30.4,mean
auction,cart,5,0.01,3,20,20,quantile,1.0,0.9113443186811685,9593877.229573535,0.9245599799070231,0.9171258783535462,8123084.903776604,8778409.471516006,,0.0013385772705077602,30.4,mean
auction,cart,5,0.03,3,20,20,quantile,1.0,0.9113443186757394,9593877.230035938,0.9245599797834501,0.9171258783245009,8123084.9170697285,8778409.474590972,,0.00132942199707026,29.6,mean
auction,cart,5,0.05,3,20,20,quantile,1.0,0.9113443186843048,9593877.229076419,0.9245599797834501,0.9171258783245009,8123084.9170697285,8778409.474590972,,0.00132617950439448,29.6,mean
auction,cart,5,0.08,3,20,20,quantile,1.0,0.9113443186843048,9593877.229076419,0.9245599797834501,0.9171258783245009,8123084.9170697285,8778409.474590972,,0.00132226943969722,29.6,mean
auction,cart,5,0.1,3,20,20,quantile,1.0,0.9113443186843048,9593877.229076419,0.9245599797834501,0.9171258783245009,8123084.9170697285,8778409.474590972,,0.00134696960449212,29.6,mean
auction,cart,5,0.0001,3,20,20,quantile,1.0,0.00898050696138753,1068686.9340907794,0.006558301149431802,0.026563729880178924,813341.8453076667,2338266.673691177,,1.9039929195904484e-05,0.44721359549995787,std
auction,cart,5,0.0005,3,20,20,quantile,1.0,0.008980506959928209,1068686.93398673,0.006558301149431802,0.026563729880178924,813341.8453076667,2338266.673691177,,2.3018569899709525e-05,0.44721359549995787,std
auction,cart,5,0.001,3,20,20,quantile,1.0,0.008980506959928209,1068686.93398673,0.006558301149431802,0.026563729880178924,813341.8453076667,2338266.673691177,,2.4947744623327973e-05,0.44721359549995787,std
auction,cart,5,0.003,3,20,20,quantile,1.0,0.008980506953278008,1068686.9333345587,0.006558301149431802,0.026563729880178924,813341.8453076667,2338266.673691177,,2.787897270542148e-05,0.44721359549995787,std
auction,cart,5,0.005,3,20,20,quantile,1.0,0.008980506953256497,1068686.9333318176,0.006558301155256064,0.026563729880178924,813341.8459084322,2338266.673691177,,3.0124543632840494e-05,0.8944271909999157,std
auction,cart,5,0.008,3,20,20,quantile,1.0,0.0089805069693462,1068686.9352341413,0.006558301155256064,0.026563729880178924,813341.8459084322,2338266.673691177,,2.809952863815632e-05,0.8944271909999157,std
auction,cart,5,0.01,3,20,20,quantile,1.0,0.008980506990953981,1068686.9380908892,0.006558301155256064,0.026563729880178924,813341.8459084322,2338266.673691177,,1.3091980785611845e-05,0.8944271909999157,std
auction,cart,5,0.03,3,20,20,quantile,1.0,0.008980506913363972,1068686.9312015914,0.0065583011829297945,0.026563729864461455,813341.8487700596,2338266.671682118,,4.221187308471947e-05,1.3416407864998738,std
auction,cart,5,0.05,3,20,20,quantile,1.0,0.00898050690858281,1068686.9308607024,0.0065583011829297945,0.026563729864461455,813341.8487700596,2338266.671682118,,2.0777738028107033e-05,1.3416407864998738,std
auction,cart,5,0.08,3,20,20,quantile,1.0,0.00898050690858281,1068686.9308607024,0.0065583011829297945,0.026563729864461455,813341.8487700596,2338266.671682118,,1.3171412770193664e-05,1.3416407864998738,std
auction,cart,5,0.1,3,20,20,quantile,1.0,0.00898050690858281,1068686.9308607024,0.0065583011829297945,0.026563729864461455,813341.8487700596,2338266.671682118,,3.332602242583585e-05,1.3416407864998738,std
auction,cart,5,0.008,3,20,20,quantile,1.0,0.9113443187012894,9593877.227504054,0.9245599799070231,0.9171258783535462,8123084.903776604,8778409.471516006,,0.00131368637084956,30.4,best_by_mean_val_r2
auto_mpg,cart,5,0.0001,3,20,20,quantile,1.0,0.7612480200811573,14.312116180869868,0.9244906873715955,0.8163309653414939,4.587563097676663,11.168714115352603,,0.0009158611297607,31.8,mean
auto_mpg,cart,5,0.0005,3,20,20,quantile,1.0,0.7615321159178899,14.294918378672065,0.9244906873715955,0.8163309653414939,4.587563097676663,11.168714115352603,,0.0009165763854980001,31.8,mean
auto_mpg,cart,5,0.001,3,20,20,quantile,1.0,0.7615456016234786,14.29415973839259,0.9244906873715955,0.8163309653414939,4.587563097676663,11.168714115352603,,0.00090088844299312,31.8,mean
auto_mpg,cart,5,0.003,3,20,20,quantile,1.0,0.7616971979128534,14.285252076609927,0.9244787178281216,0.8164149976771634,4.588281781328467,11.163902861791348,,0.0008942127227782599,31.4,mean
auto_mpg,cart,5,0.005,3,20,20,quantile,1.0,0.7616808315103503,14.28621976247345,0.924423264381204,0.8165994430150771,4.591670483227086,11.15289227107405,,0.00089130401611322,30.6,mean
auto_mpg,cart,5,0.008,3,20,20,quantile,1.0,0.7616808315103503,14.28621976247345,0.9244021900980833,0.81682626604739,4.592918890870398,11.137994835176613,,0.00089511871337886,30.4,mean
auto_mpg,cart,5,0.01,3,20,20,quantile,1.0,0.7615001351064444,14.296070113498581,0.9244021900980833,0.81682626604739,4.592918890870398,11.137994835176613,,0.000916051864624,30.4,mean
auto_mpg,cart,5,0.03,3,20,20,quantile,1.0,0.7618781280476503,14.270999886670348,0.9238687793561111,0.8167807128562103,4.625339130805223,11.146918219534717,,0.0008931159973143799,28.8,mean
auto_mpg,cart,5,0.05,3,20,20,quantile,1.0,0.7611373611035399,14.31404101057501,0.9224836795033756,0.8165057061142796,4.709772079003651,11.161701214741104,,0.0008916378021239801,26.8,mean
auto_mpg,cart,5,0.08,3,20,20,quantile,1.0,0.761498893588618,14.291322090120701,0.9207238937778788,0.8150552414210772,4.8161186186639044,11.244449287952666,,0.0009122848510741801,25.2,mean
auto_mpg,cart,5,0.1,3,20,20,quantile,1.0,0.7604850449834433,14.352542767560454,0.9195908740705823,0.8157405701894558,4.884630353898219,11.198310040980884,,0.00093331336975092,24.4,mean
auto_mpg,cart,5,0.0001,3,20,20,quantile,1.0,0.03076264495770302,1.8221552621097068,0.0060377892833693644,0.03573912939673653,0.3992298805971001,2.764752235606109,,6.626269564679005e-05,0.44721359549995787,std
auto_mpg,cart,5,0.0005,3,20,20,quantile,1.0,0.030993565575844786,1.8347688567535376,0.0060377892833693644,0.03573912939673653,0.3992298805971001,2.764752235606109,,6.571656852931775e-05,0.44721359549995787,std
auto_mpg,cart,5,0.001,3,20,20,quantile,1.0,0.0309985059320432,1.835073447511178,0.0060377892833693644,0.03573912939673653,0.3992298805971001,2.764752235606109,,4.71522395537e-05,0.44721359549995787,std
auto_mpg,cart,5,0.003,3,20,20,quantile,1.0,0.031203373554184347,1.8486989755146248,0.006041610939237478,0.03584922452412246,0.39934432180567936,2.7708379967232015,,4.084257094263781e-05,0.8944271909999157,std
auto_mpg,cart,5,0.005,3,20,20,quantile,1.0,0.03114152501273316,1.8439116205096133,0.006024330112094831,0.03565925406336093,0.39866319437996944,2.7633193850211386,,3.399894080054469e-05,0.547722557505166,std
auto_mpg,cart,5,0.008,3,20,20,quantile,1.0,0.03114152501273316,1.8439116205096133,0.006015569730012045,0.03532363258709806,0.39774926042898984,2.738598778964294,,1.8551202408719426e-05,0.8944271909999162,std
auto_mpg,cart,5,0.01,3,20,20,quantile,1.0,0.03105575328707239,1.8416590176369285,0.006015569730012045,0.03532363258709806,0.39774926042898984,2.738598778964294,,2.497279553845781e-05,0.8944271909999162,std
auto_mpg,cart,5,0.03,3,20,20,quantile,1.0,0.03275808330772483,1.9486698214757745,0.005987581678880929,0.03696259702577336,0.3966706360616518,2.852603345619525,,3.309856175115235e-05,1.3038404810405297,std
auto_mpg,cart,5,0.05,3,20,20,quantile,1.0,0.03365459961995172,2.0042272963614907,0.006539486875775004,0.03782430023233166,0.4331658616152009,2.8864482800008946,,4.220123343342931e-05,1.7888543819998317,std
auto_mpg,cart,5,0.08,3,20,20,quantile,1.0,0.031163566606628973,1.866186803763898,0.006279192557208071,0.03600592032261782,0.41161485829258565,2.7854174354807206,,4.686808389578152e-05,1.4832396974191326,std
auto_mpg,cart,5,0.1,3,20,20,quantile,1.0,0.03149587699202054,1.885871543774741,0.006280678457135901,0.03651062075277888,0.40772795143903234,2.7884002960723056,,4.4170090277992946e-05,1.5165750888103098,std
auto_mpg,cart,5,0.03,3,20,20,quantile,1.0,0.7618781280476503,14.270999886670348,0.9238687793561111,0.8167807128562103,4.625339130805223,11.146918219534717,,0.0008931159973143799,28.8,best_by_mean_val_r2
energe_c,cart,5,0.0001,3,20,20,quantile,1.0,0.9539475955753425,4.164894920441361,0.9647445887777076,0.9586014977969034,3.1857468251527146,3.7285318724007994,,0.00105195045471186,32.0,mean
energe_c,cart,5,0.0005,3,20,20,quantile,1.0,0.9539467240886239,4.1649767575755074,0.9647445887777076,0.9586014977969034,3.1857468251527146,3.7285318724007994,,0.00099806785583492,32.0,mean
energe_c,cart,5,0.001,3,20,20,quantile,1.0,0.9539442426120981,4.165180800515385,0.9647445887777076,0.9586014977969034,3.1857468251527146,3.7285318724007994,,0.0009420394897460601,32.0,mean
energe_c,cart,5,0.003,3,20,20,quantile,1.0,0.9539227537488401,4.167061307101598,0.9647208380682233,0.9585530707501156,3.18788639597887,3.732968698223073,,0.0009878158569335198,30.8,mean
energe_c,cart,5,0.005,3,20,20,quantile,1.0,0.953896595720531,4.169360446272043,0.9646816250856858,0.958534074603884,3.191431474927608,3.734670088598635,,0.0009797096252440799,29.8,mean
energe_c,cart,5,0.008,3,20,20,quantile,1.0,0.9538132876645571,4.177312577043042,0.9646481188158136,0.958494740130438,3.1944495347316093,3.7382494761459357,,0.00096135139465326,29.4,mean
energe_c,cart,5,0.01,3,20,20,quantile,1.0,0.953771869003839,4.181322035562763,0.9646304032061652,0.9584676944071667,3.196059753982086,3.740638480303749,,0.00096664428710934,29.2,mean
energe_c,cart,5,0.03,3,20,20,quantile,1.0,0.9532194107034018,4.23242103487293,0.9636330522852425,0.9577505708051065,3.2862839675178295,3.8044578372117686,,0.0009851455688476,24.8,mean
energe_c,cart,5,0.05,3,20,20,quantile,1.0,0.9515189948240286,4.387413502210091,0.9628995138741668,0.9573214759208456,3.3525613842507616,3.842635392546883,,0.00099081993103022,23.0,mean
energe_c,cart,5,0.08,3,20,20,quantile,1.0,0.9520907625233936,4.336787573007195,0.961170659283199,0.9565793156098701,3.508834481666038,3.908399823906617,,0.0009701728820800399,20.6,mean
energe_c,cart,5,0.1,3,20,20,quantile,1.0,0.9505384280296475,4.472052891647072,0.9577696693237849,0.9530606037844631,3.8160253118016625,4.2245039200245476,,0.00102543830871576,17.2,mean
energe_c,cart,5,0.0001,3,20,20,quantile,1.0,0.0019355315770748043,0.18377128833196288,0.0018902053086288645,0.00852174555669548,0.16906296675860968,0.7621528003807007,,0.00023045282591352146,0.0,std
energe_c,cart,5,0.0005,3,20,20,quantile,1.0,0.0019356259640204414,0.1837695757563338,0.0018902053086288645,0.00852174555669548,0.16906296675860968,0.7621528003807007,,3.231227111500583e-05,0.0,std
energe_c,cart,5,0.001,3,20,20,quantile,1.0,0.0019399971350390179,0.18414325814946222,0.0018902053086288645,0.00852174555669548,0.16906296675860968,0.7621528003807007,,2.8882322283125238e-05,0.0,std
energe_c,cart,5,0.003,3,20,20,quantile,1.0,0.0019154597056385376,0.1819389594589129,0.0019022588458860526,0.008495320827430937,0.17000984981197237,0.7601855937566995,,1.947560219947706e-05,0.8366600265340756,std
energe_c,cart,5,0.005,3,20,20,quantile,1.0,0.0019152713841836364,0.18205406344211814,0.0018783208861057866,0.008511842252056024,0.16787710979225173,0.7616339666578553,,1.8210092053780854e-05,1.0954451150103321,std
energe_c,cart,5,0.008,3,20,20,quantile,1.0,0.001988492527047624,0.18998951546472498,0.0018794471434835508,0.008501841306645995,0.1677563492526021,0.7609639849579567,,4.572492928155007e-05,1.5165750888103102,std
energe_c,cart,5,0.01,3,20,20,quantile,1.0,0.0020162520735997305,0.19306586655517607,0.0019021503582724072,0.008462339197270885,0.17007959261631517,0.7572367425833919,,2.836259323535783e-05,1.4832396974191326,std
energe_c,cart,5,0.03,3,20,20,quantile,1.0,0.002063924380922922,0.19888028621912265,0.0020641999009496617,0.007331136815611833,0.18680189821854692,0.6459320745982007,,4.8319041203932264e-05,0.8366600265340753,std
energe_c,cart,5,0.05,3,20,20,quantile,1.0,0.0023169651150347563,0.21764595849542542,0.0020301747129959653,0.007504934052664583,0.18349844139239507,0.6587547251486735,,4.2335043919350355e-05,0.7071067811865476,std
energe_c,cart,5,0.08,3,20,20,quantile,1.0,0.0013531113210005807,0.13733671514216955,0.0021171657446659746,0.008071727272494627,0.19153683780840647,0.6983600889385625,,3.892960003561253e-05,1.8165902124584945,std
energe_c,cart,5,0.1,3,20,20,quantile,1.0,0.0026061353500013845,0.23884483668230727,0.003144066556917784,0.005481059582887275,0.2828409793193347,0.449889798439884,,9.356539617005203e-05,1.7888543819998317,std
energe_c,cart,5,0.0001,3,20,20,quantile,1.0,0.9539475955753425,4.164894920441361,0.9647445887777076,0.9586014977969034,3.1857468251527146,3.7285318724007994,,0.00105195045471186,32.0,best_by_mean_val_r2
energe_h,cart,5,0.0001,3,20,20,quantile,1.0,0.9877602038129589,1.239145592969649,0.9905301734993948,0.9893324138471996,0.9623917048948378,1.0732682770583544,,0.00094408988952632,32.0,mean
energe_h,cart,5,0.0005,3,20,20,quantile,1.0,0.9877574955761954,1.2394138284516667,0.9905301734993948,0.9893324138471996,0.9623917048948378,1.0732682770583544,,0.0009672164916991801,32.0,mean
energe_h,cart,5,0.001,3,20,20,quantile,1.0,0.9877339278720008,1.2417947434843464,0.9905301734993948,0.9893324138471996,0.9623917048948378,1.0732682770583544,,0.0009378910064697,32.0,mean
energe_h,cart,5,0.003,3,20,20,quantile,1.0,0.9877066570673312,1.2445095846980263,0.9905214546609716,0.9893036297477499,0.963263959527042,1.076364218215962,,0.00097146034240718,31.6,mean
energe_h,cart,5,0.005,3,20,20,quantile,1.0,0.9876966944854659,1.2455177735679512,0.9905030463428369,0.9892906755005594,0.9651549735547329,1.077627141421698,,0.00137844085693354,31.0,mean
energe_h,cart,5,0.008,3,20,20,quantile,1.0,0.9876516549501575,1.2501805480955102,0.9904453788769356,0.9892277357858029,0.9709913998022536,1.0841785315061871,,0.00094981193542476,30.2,mean
energe_h,cart,5,0.01,3,20,20,quantile,1.0,0.9876258319255292,1.252875106312683,0.9903923784430729,0.9891151614751374,0.97640386411047,1.0955826375120188,,0.0009634017944335601,29.6,mean
energe_h,cart,5,0.03,3,20,20,quantile,1.0,0.9872152872721713,1.2942059702183082,0.9900174526130507,0.9888349238319515,1.0145296071081757,1.1239516131648248,,0.00096182823181146,27.0,mean
energe_h,cart,5,0.05,3,20,20,quantile,1.0,0.9857935879260502,1.4413256108617127,0.9888958174738741,0.987355361726201,1.1281747079182325,1.2764979315929896,,0.00098080635070796,24.4,mean
energe_h,cart,5,0.08,3,20,20,quantile,1.0,0.9836796927192788,1.6541527732569616,0.9862186442805794,0.984835744318668,1.4004722883793113,1.5299820336420842,,0.0010977745056151799,20.2,mean
energe_h,cart,5,0.1,3,20,20,quantile,1.0,0.9825507307878594,1.7715048831060265,0.9858866810717484,0.9843432342377211,1.4341223339771374,1.5823161611719168,,0.00107235908508294,19.8,mean
energe_h,cart,5,0.0001,3,20,20,quantile,1.0,0.0008973245856669321,0.09805436094046288,0.0004140861847538644,0.00206744361967588,0.03402135229644311,0.16317741945869202,,9.464046444238319e-06,0.0,std
energe_h,cart,5,0.0005,3,20,20,quantile,1.0,0.0008963016800865541,0.09788505879654336,0.0004140861847538644,0.00206744361967588,0.03402135229644311,0.16317741945869202,,2.651188870861924e-05,0.0,std
energe_h,cart,5,0.001,3,20,20,quantile,1.0,0.0008927532166396608,0.09724790719274008,0.0004140861847538644,0.00206744361967588,0.03402135229644311,0.16317741945869202,,2.2214164125948148e-05,0.0,std
energe_h,cart,5,0.003,3,20,20,quantile,1.0,0.0008944764243981831,0.09748715447175091,0.00041859375008002243,0.0020578541573172387,0.03408176128442482,0.16339207820536514,,2.9572362612587723e-05,0.5477225575051664,std
energe_h,cart,5,0.005,3,20,20,quantile,1.0,0.0008917724119823823,0.09717743135732024,0.00041396169580203563,0.0020609924649331447,0.03417884422403994,0.1633321077611688,,0.0009201001048354479,0.0,std
energe_h,cart,5,0.008,3,20,20,quantile,1.0,0.0008967666056623209,0.09774815515697241,0.00042214626313570103,0.002027775654524066,0.034278334498074665,0.16020980685996009,,3.193536547740347e-05,0.44721359549995765,std
energe_h,cart,5,0.01,3,20,20,quantile,1.0,0.0009255009560719727,0.10079869997062682,0.00042842289183249547,0.0019972843276749967,0.03576130918843677,0.15496769828172977,,2.4544031862390694e-05,0.5477225575051664,std
energe_h,cart,5,0.03,3,20,20,quantile,1.0,0.0008875774784639303,0.0967200684562951,0.00041605040614300237,0.002041273669916303,0.03448794883895299,0.16030334461360513,,2.285674538782823e-05,0.0,std
energe_h,cart,5,0.05,3,20,20,quantile,1.0,0.0009455453285995104,0.11199831488564194,0.0005542258188199313,0.0023297372541554347,0.03835002870020535,0.21755058275499253,,2.3427218737725152e-05,0.8944271909999156,std
energe_h,cart,5,0.08,3,20,20,quantile,1.0,0.00026163123638614613,0.04386842132359339,0.0007819339211809677,0.0025204089472145043,0.06895449248715647,0.218119101411254,,0.00020331560040889158,0.44721359549995815,std
energe_h,cart,5,0.1,3,20,20,quantile,1.0,0.00042184112687292314,0.06785388786175589,0.0008954861059734666,0.002132132957864996,0.07857494284179282,0.19108796651029072,,0.00025203625959422884,0.44721359549995787,std
energe_h,cart,5,0.0001,3,20,20,quantile,1.0,0.9877602038129589,1.239145592969649,0.9905301734993948,0.9893324138471996,0.9623917048948378,1.0732682770583544,,0.00094408988952632,32.0,best_by_mean_val_r2
insurance,cart,5,0.0001,3,20,20,quantile,1.0,0.8264190412236253,25520079.615588687,0.8775725547093,0.8406618597373475,17921272.750879012,22927076.71943546,,0.0012717247009276802,31.8,mean
insurance,cart,5,0.0005,3,20,20,quantile,1.0,0.8264190412236253,25520079.615588687,0.8775725547093,0.8406618597373475,17921272.750879012,22927076.71943546,,0.00129356384277338,31.8,mean
insurance,cart,5,0.001,3,20,20,quantile,1.0,0.8264190412236253,25520079.615588687,0.8775725547093,0.8406618597373475,17921272.750879012,22927076.71943546,,0.00126218795776362,31.8,mean
insurance,cart,5,0.003,3,20,20,quantile,1.0,0.8264190412236253,25520079.615588687,0.8775725547093,0.8406618597373475,17921272.750879012,22927076.71943546,,0.00129332542419428,31.8,mean
insurance,cart,5,0.005,3,20,20,quantile,1.0,0.8264190412236253,25520079.615588687,0.8775725547093,0.8406618597373475,17921272.750879012,22927076.71943546,,0.0013704776763915599,31.8,mean
insurance,cart,5,0.008,3,20,20,quantile,1.0,0.8264190412236253,25520079.615588687,0.8775725547093,0.8406618597373475,17921272.750879012,22927076.71943546,,0.0012837409973144001,31.8,mean
insurance,cart,5,0.01,3,20,20,quantile,1.0,0.8264190412236253,25520079.615588687,0.8775725547093,0.8406618597373475,17921272.750879012,22927076.71943546,,0.00128149986267082,31.8,mean
insurance,cart,5,0.03,3,20,20,quantile,1.0,0.8264190412236253,25520079.615588687,0.8775725547093,0.8406618597373475,17921272.750879012,22927076.71943546,,0.0012924194335937,31.8,mean
insurance,cart,5,0.05,3,20,20,quantile,1.0,0.8264190412236253,25520079.615588687,0.8775725547093,0.8406618597373475,17921272.750879012,22927076.71943546,,0.00128946304321284,31.8,mean
insurance,cart,5,0.08,3,20,20,quantile,1.0,0.8264190412236253,25520079.615588687,0.8775725547093,0.8406618597373475,17921272.750879012,22927076.71943546,,0.00129785537719722,31.8,mean
insurance,cart,5,0.1,3,20,20,quantile,1.0,0.8264190412236253,25520079.615588687,0.8775725547093,0.8406618597373475,17921272.750879012,22927076.71943546,,0.0012978076934814001,31.8,mean
insurance,cart,5,0.0001,3,20,20,quantile,1.0,0.006026285388936158,1208061.8560601326,0.00801158905945855,0.03673066675540868,1051705.8378015284,4595832.610314041,,1.7771382478328136e-05,0.44721359549995787,std
insurance,cart,5,0.0005,3,20,20,quantile,1.0,0.006026285388936158,1208061.8560601326,0.00801158905945855,0.03673066675540868,1051705.8378015284,4595832.610314041,,2.5290693981132902e-05,0.44721359549995787,std
insurance,cart,5,0.001,3,20,20,quantile,1.0,0.006026285388936158,1208061.8560601326,0.00801158905945855,0.03673066675540868,1051705.8378015284,4595832.610314041,,3.140842423010377e-05,0.44721359549995787,std
insurance,cart,5,0.003,3,20,20,quantile,1.0,0.006026285388936158,1208061.8560601326,0.00801158905945855,0.03673066675540868,1051705.8378015284,4595832.610314041,,2.5751745134190184e-05,0.44721359549995787,std
insurance,cart,5,0.005,3,20,20,quantile,1.0,0.006026285388936158,1208061.8560601326,0.00801158905945855,0.03673066675540868,1051705.8378015284,4595832.610314041,,0.0002509448928635977,0.44721359549995787,std
insurance,cart,5,0.008,3,20,20,quantile,1.0,0.006026285388936158,1208061.8560601326,0.00801158905945855,0.03673066675540868,1051705.8378015284,4595832.610314041,,3.4765238742792974e-05,0.44721359549995787,std
insurance,cart,5,0.01,3,20,20,quantile,1.0,0.006026285388936158,1208061.8560601326,0.00801158905945855,0.03673066675540868,1051705.8378015284,4595832.610314041,,1.5760892754597002e-05,0.44721359549995787,std
insurance,cart,5,0.03,3,20,20,quantile,1.0,0.006026285388936158,1208061.8560601326,0.00801158905945855,0.03673066675540868,1051705.8378015284,4595832.610314041,,1.4356085252018015e-05,0.44721359549995787,std
insurance,cart,5,0.05,3,20,20,quantile,1.0,0.006026285388936158,1208061.8560601326,0.00801158905945855,0.03673066675540868,1051705.8378015284,4595832.610314041,,1.0983568994098834e-05,0.44721359549995787,std
insurance,cart,5,0.08,3,20,20,quantile,1.0,0.006026285388936158,1208061.8560601326,0.00801158905945855,0.03673066675540868,1051705.8378015284,4595832.610314041,,1.863527565793846e-05,0.44721359549995787,std
insurance,cart,5,0.1,3,20,20,quantile,1.0,0.006026285388936158,1208061.8560601326,0.00801158905945855,0.03673066675540868,1051705.8378015284,4595832.610314041,,1.0219511410658523e-05,0.44721359549995787,std
insurance,cart,5,0.0001,3,20,20,quantile,1.0,0.8264190412236253,25520079.615588687,0.8775725547093,0.8406618597373475,17921272.750879012,22927076.71943546,,0.0012717247009276802,31.8,best_by_mean_val_r2
optical_net,cart,5,0.0001,3,20,20,quantile,1.0,0.7874997900110893,0.00877969884967096,0.8646682839959567,0.7623385309067252,0.00560303521494604,0.00978294031080718,,0.00103974342346188,20.8,mean
optical_net,cart,5,0.0005,3,20,20,quantile,1.0,0.7432768969343402,0.010583911555749441,0.8112649310308762,0.7154131136378281,0.007833903764387359,0.01168276002634306,,0.00104856491088862,11.0,mean
optical_net,cart,5,0.001,3,20,20,quantile,1.0,0.6846582142100598,0.0130010950188186,0.721881861588505,0.651098225032202,0.01152623809825784,0.014172951835394899,,0.0010437965393066,6.0,mean
optical_net,cart,5,0.003,3,20,20,quantile,1.0,0.5813796635467049,0.01724162415049134,0.6162163384051117,0.5612216707490092,0.0158996747113612,0.01793317300529998,,0.00106720924377436,3.4,mean
optical_net,cart,5,0.005,3,20,20,quantile,1.0,0.4877987769129333,0.02108190379399694,0.508413555361512,0.48293693904706636,0.02037834062815614,0.02105342691911824,,0.00106229782104488,2.0,mean
optical_net,cart,5,0.008,3,20,20,quantile,1.0,0.4877987769129333,0.02108190379399694,0.508413555361512,0.48293693904706636,0.02037834062815614,0.02105342691911824,,0.00109419822692866,2.0,mean
optical_net,cart,5,0.01,3,20,20,quantile,1.0,0.4877987769129333,0.02108190379399694,0.508413555361512,0.48293693904706636,0.02037834062815614,0.02105342691911824,,0.00106182098388668,2.0,mean
optical_net,cart,5,0.03,3,20,20,quantile,1.0,-0.013677367152500619,0.041810683299561724,0.0,-0.008339144448769455,0.04150143607199888,0.04164951024863386,,0.0010714530944823599,1.0,mean
optical_net,cart,5,0.05,3,20,20,quantile,1.0,-0.013677367152500619,0.041810683299561724,0.0,-0.008339144448769455,0.04150143607199888,0.04164951024863386,,0.00107045173645014,1.0,mean
optical_net,cart,5,0.08,3,20,20,quantile,1.0,-0.013677367152500619,0.041810683299561724,0.0,-0.008339144448769455,0.04150143607199888,0.04164951024863386,,0.00106763839721676,1.0,mean
optical_net,cart,5,0.1,3,20,20,quantile,1.0,-0.013677367152500619,0.041810683299561724,0.0,-0.008339144448769455,0.04150143607199888,0.04164951024863386,,0.001069164276123,1.0,mean
optical_net,cart,5,0.0001,3,20,20,quantile,1.0,0.021615199610872764,0.0009979220719668865,0.012811121486623774,0.04800927112672502,0.00038050312122711713,0.002313206205057387,,5.514637711625158e-06,1.3038404810405297,std
optical_net,cart,5,0.0005,3,20,20,quantile,1.0,0.022737429977589145,0.0009042205546904629,0.015729158322091524,0.05340392598089827,0.0007471664215920659,0.0024389012706779473,,1.701563851188873e-05,1.4142135623730951,std
optical_net,cart,5,0.001,3,20,20,quantile,1.0,0.02837595643805976,0.0009516398281094225,0.014356546532649667,0.061961046622656654,0.00032013451441579265,0.0016174496312670289,,9.43637725217719e-06,0.0,std
optical_net,cart,5,0.003,3,20,20,quantile,1.0,0.02583873353836242,0.001081802442435355,0.06895838639687138,0.10569351201218939,0.002782722709637245,0.0041778494218696095,,4.8707871232152306e-05,0.8944271909999159,std
optical_net,cart,5,0.005,3,20,20,quantile,1.0,0.024913252515362864,0.0008322778557177634,0.019618873104556157,0.06730018370632673,0.00036591371956372863,0.001409517993169011,,2.286743674147112e-05,0.0,std
optical_net,cart,5,0.008,3,20,20,quantile,1.0,0.024913252515362864,0.0008322778557177634,0.019618873104556157,0.06730018370632673,0.00036591371956372863,0.001409517993169011,,8.050442603371768e-05,0.0,std
optical_net,cart,5,0.01,3,20,20,quantile,1.0,0.024913252515362864,0.0008322778557177634,0.019618873104556157,0.06730018370632673,0.00036591371956372863,0.001409517993169011,,2.7076836000220716e-05,0.0,std
optical_net,cart,5,0.03,3,20,20,quantile,1.0,0.015233067534201445,0.001816069211053305,1.5700924586837752e-16,0.008249680998901384,0.0016326408800502981,0.006594233820483471,,3.11330299955475e-05,0.0,std
optical_net,cart,5,0.05,3,20,20,quantile,1.0,0.015233067534201445,0.001816069211053305,1.5700924586837752e-16,0.008249680998901384,0.0016326408800502981,0.006594233820483471,,7.543979782804949e-06,0.0,std
optical_net,cart,5,0.08,3,20,20,quantile,1.0,0.015233067534201445,0.001816069211053305,1.5700924586837752e-16,0.008249680998901384,0.0016326408800502981,0.006594233820483471,,3.988971549736767e-05,0.0,std
optical_net,cart,5,0.1,3,20,20,quantile,1.0,0.015233067534201445,0.001816069211053305,1.5700924586837752e-16,0.008249680998901384,0.0016326408800502981,0.006594233820483471,,2.0652196608064598e-05,0.0,std
optical_net,cart,5,0.0001,3,20,20,quantile,1.0,0.7874997900110893,0.00877969884967096,0.8646682839959567,0.7623385309067252,0.00560303521494604,0.00978294031080718,,0.00103974342346188,20.8,best_by_mean_val_r2
real_estate,cart,5,0.0001,3,20,20,quantile,1.0,0.46996386087012904,96.09889924286563,0.8491755625902094,0.3449805293289513,27.778098494096575,109.34602350078089,,0.00093693733215328,30.0,mean
real_estate,cart,5,0.0005,3,20,20,quantile,1.0,0.46996386087012904,96.09889924286563,0.8491755625902094,0.3449805293289513,27.778098494096575,109.34602350078089,,0.00092682838439936,30.0,mean
real_estate,cart,5,0.001,3,20,20,quantile,1.0,0.46996386087012904,96.09889924286563,0.8491745130309221,0.3449805293289513,27.778295281245175,109.34602350078089,,0.00093736648559564,29.8,mean
real_estate,cart,5,0.003,3,20,20,quantile,1.0,0.4698739174412129,96.11744049244854,0.8491745130309221,0.3449805293289513,27.778295281245175,109.34602350078089,,0.00092844963073724,29.8,mean
real_estate,cart,5,0.005,3,20,20,quantile,1.0,0.4698739174412129,96.11744049244854,0.8491705919838684,0.3449805293289513,27.77897503955333,109.34602350078089,,0.00091676712036128,29.6,mean
real_estate,cart,5,0.008,3,20,20,quantile,1.0,0.4698739174412129,96.11744049244854,0.8491705919838684,0.3449805293289513,27.77897503955333,109.34602350078089,,0.00092697143554682,29.6,mean
real_estate,cart,5,0.01,3,20,20,quantile,1.0,0.4698739174412129,96.11744049244854,0.8491705919838684,0.3449805293289513,27.77897503955333,109.34602350078089,,0.00093164443969722,29.6,mean
real_estate,cart,5,0.03,3,20,20,quantile,1.0,0.4698847179950548,96.11868536269758,0.8491183599364274,0.3438007528455217,27.788567231887622,109.58437694333159,,0.0009210109710692599,29.2,mean
real_estate,cart,5,0.05,3,20,20,quantile,1.0,0.4699698898985131,96.09736702384899,0.8490240353948465,0.3431115204004762,27.805189286268284,109.72937561803037,,0.00092697143554684,28.8,mean
real_estate,cart,5,0.08,3,20,20,quantile,1.0,0.4698591824516928,96.11755229996854,0.8490240353948465,0.3431115204004762,27.805189286268284,109.72937561803037,,0.0009305000305175201,28.8,mean
real_estate,cart,5,0.1,3,20,20,quantile,1.0,0.47000386673495315,96.08905137863904,0.8489144843925842,0.34284374953953756,27.824921209732537,109.78279093262208,,0.0009360313415527,28.6,mean
real_estate,cart,5,0.0001,3,20,20,quantile,1.0,0.1226299534454736,23.27548457106628,0.01422307044926154,0.4966091430476514,2.268270008589757,59.108760371706076,,2.20523653388599e-05,1.4142135623730951,std
real_estate,cart,5,0.0005,3,20,20,quantile,1.0,0.1226299534454736,23.27548457106628,0.01422307044926154,0.4966091430476514,2.268270008589757,59.108760371706076,,1.4086483115374447e-05,1.4142135623730951,std
real_estate,cart,5,0.001,3,20,20,quantile,1.0,0.1226299534454736,23.27548457106628,0.014223636453521225,0.4966091430476514,2.268449072830932,59.108760371706076,,3.39901621011268e-05,1.3038404810405297,std
real_estate,cart,5,0.003,3,20,20,quantile,1.0,0.12260371910631013,23.273863553796907,0.014223636453521225,0.4966091430476514,2.268449072830932,59.108760371706076,,3.2549768526357045e-05,1.3038404810405297,std
real_estate,cart,5,0.005,3,20,20,quantile,1.0,0.12260371910631013,23.273863553796907,0.014230896627301785,0.4966091430476514,2.269206527684552,59.108760371706076,,1.3452597988040767e-05,1.1401754250991383,std
real_estate,cart,5,0.008,3,20,20,quantile,1.0,0.12260371910631013,23.273863553796907,0.014230896627301785,0.4966091430476514,2.269206527684552,59.108760371706076,,1.618263361418592e-05,1.1401754250991383,std
real_estate,cart,5,0.01,3,20,20,quantile,1.0,0.12260371910631013,23.273863553796907,0.014230896627301785,0.4966091430476514,2.269206527684552,59.108760371706076,,3.142136173861326e-05,1.1401754250991383,std
real_estate,cart,5,0.03,3,20,20,quantile,1.0,0.12264443392124393,23.28202107583663,0.01422724285584244,0.4966895486985704,2.268330762068071,59.24272239215868,,3.3126028729675825e-05,0.8366600265340751,std
real_estate,cart,5,0.05,3,20,20,quantile,1.0,0.12224438515433454,23.18472223358761,0.014303062728402916,0.49650497219906126,2.27138287518944,59.25494732974457,,2.061252372404247e-05,0.44721359549995815,std
real_estate,cart,5,0.08,3,20,20,quantile,1.0,0.12153434220333212,23.041747408192673,0.014303062728402916,0.49650497219906126,2.27138287518944,59.25494732974457,,1.8358540222740063e-05,0.44721359549995815,std
real_estate,cart,5,0.1,3,20,20,quantile,1.0,0.12060839051243402,22.882340670938923,0.014237638183298285,0.4965056536197091,2.2513140768137365,59.27917931336032,,2.6347680217368455e-05,0.547722557505166,std
real_estate,cart,5,0.1,3,20,20,quantile,1.0,0.47000386673495315,96.08905137863904,0.8489144843925842,0.34284374953953756,27.824921209732537,109.78279093262208,,0.0009360313415527,28.6,best_by_mean_val_r2
servo,cart,5,0.0001,3,20,20,quantile,1.0,0.5344577111791028,1.0705166802181025,0.6153422000001545,0.4908853696329909,0.9235715478802871,1.0957809745974625,,0.00065121650695794,6.6,mean
servo,cart,5,0.0005,3,20,20,quantile,1.0,0.5347555926046509,1.0698282423362062,0.6152443371097858,0.4910669582056972,0.9237986783519782,1.0954071890863464,,0.00065050125122066,5.2,mean
servo,cart,5,0.001,3,20,20,quantile,1.0,0.53491185902259,1.0695154323323317,0.6152443371097858,0.4910669582056972,0.9237986783519782,1.0954071890863464,,0.00062909126281734,5.2,mean
servo,cart,5,0.003,3,20,20,quantile,1.0,0.5357463697098112,1.0678454164237174,0.6149962054144879,0.48156664471868016,0.9244654574368436,1.106567330141648,,0.0006202697753905599,4.8,mean
servo,cart,5,0.005,3,20,20,quantile,1.0,0.535493841517442,1.0687240745300026,0.6149962054144879,0.48156664471868016,0.9244654574368436,1.106567330141648,,0.0005954265594482,4.8,mean
servo,cart,5,0.008,3,20,20,quantile,1.0,0.5362937536284316,1.0662482886290834,0.6127208124201544,0.4723081459929957,0.9304846861772018,1.1191567268844786,,0.00064330101013178,4.0,mean
servo,cart,5,0.01,3,20,20,quantile,1.0,0.5344420787952661,1.0698034937876435,0.6105569397615777,0.4615895035922648,0.9360317777053859,1.1381722004272947,,0.00060591697692866,3.4,mean
servo,cart,5,0.03,3,20,20,quantile,1.0,0.533401384220332,1.0689462619082266,0.6005928840392244,0.45988195436095464,0.9568032041137723,1.1455201357066458,,0.00062594413757318,2.2,mean
servo,cart,5,0.05,3,20,20,quantile,1.0,0.5368460010106432,1.0601365642462692,0.6005928840392244,0.45988195436095464,0.9568032041137723,1.1455201357066458,,0.00061841011047356,2.2,mean
servo,cart,5,0.08,3,20,20,quantile,1.0,0.5330858799024021,1.0732197010690308,0.6005928840392244,0.45988195436095464,0.9568032041137723,1.1455201357066458,,0.00065498352050776,2.2,mean
servo,cart,5,0.1,3,20,20,quantile,1.0,0.5412584876502965,1.055052173309249,0.6005928840392244,0.45988195436095464,0.9568032041137723,1.1455201357066458,,0.0007274150848388001,2.2,mean
servo,cart,5,0.0001,3,20,20,quantile,1.0,0.06882091945783964,0.08488825332124439,0.027229665554313234,0.19635079651657592,0.12026455042766797,0.5297824752281299,,3.817549771486725e-05,0.8944271909999159,std
servo,cart,5,0.0005,3,20,20,quantile,1.0,0.06870628376838087,0.08492184996900869,0.027217760410045366,0.19610916019498129,0.12018549430879306,0.5296164613210923,,2.8051240232949764e-05,0.44721359549995804,std
servo,cart,5,0.001,3,20,20,quantile,1.0,0.06880087346787189,0.08525774111408745,0.027217760410045366,0.19610916019498129,0.12018549430879306,0.5296164613210923,,3.4339559629998e-05,0.44721359549995804,std
servo,cart,5,0.003,3,20,20,quantile,1.0,0.06904030531651732,0.08403950834083981,0.027246176552203922,0.19899376233795638,0.120992919246526,0.5178651669665466,,3.1870420187704324e-05,0.44721359549995804,std
servo,cart,5,0.005,3,20,20,quantile,1.0,0.06873565877851905,0.08286359232121404,0.027246176552203922,0.19899376233795638,0.120992919246526,0.5178651669665466,,1.8932597039284657e-05,0.44721359549995804,std
servo,cart,5,0.008,3,20,20,quantile,1.0,0.060765002657921195,0.09694136719590982,0.02480590306878722,0.2091371219698084,0.12327817904673129,0.5154734963582818,,4.0786792511257715e-05,1.4142135623730951,std
servo,cart,5,0.01,3,20,20,quantile,1.0,0.06417582778679001,0.09085501914406789,0.026103100818668182,0.20086140971688357,0.1284349389661677,0.4963209288795324,,1.8749313461078457e-05,1.51657508881031,std
servo,cart,5,0.03,3,20,20,quantile,1.0,0.06933799702455196,0.07655173429816275,0.03447242023664029,0.19972329644108375,0.11367187082242117,0.5098591395432585,,3.6150735460630295e-05,0.447213595499958,std
servo,cart,5,0.05,3,20,20,quantile,1.0,0.07308049862783743,0.07021098433329827,0.03447242023664029,0.19972329644108375,0.11367187082242117,0.5098591395432585,,4.638678394253327e-05,0.447213595499958,std
servo,cart,5,0.08,3,20,20,quantile,1.0,0.06962032942751106,0.059196265853408335,0.03447242023664029,0.19972329644108375,0.11367187082242117,0.5098591395432585,,7.037093086842495e-05,0.447213595499958,std
servo,cart,5,0.1,3,20,20,quantile,1.0,0.0713438820447756,0.03808120733286834,0.03447242023664029,0.19972329644108375,0.11367187082242117,0.5098591395432585,,9.176095862239048e-05,0.447213595499958,std
servo,cart,5,0.1,3,20,20,quantile,1.0,0.5412584876502965,1.055052173309249,0.6005928840392244,0.45988195436095464,0.9568032041137723,1.1455201357066458,,0.0007274150848388001,2.2,best_by_mean_val_r2
synch,cart,5,0.0001,3,20,20,quantile,1.0,0.9808219423587843,0.00061716952617474,0.9830712566833165,0.9823313344776621,0.00055057027685784,0.00056365382515456,,0.0008855819702147799,9.2,mean
synch,cart,5,0.0005,3,20,20,quantile,1.0,0.9395605074579396,0.00194404801098262,0.9450285859388867,0.9427578083630817,0.00178671459156028,0.00183230415003836,,0.00087785720825192,5.2,mean
synch,cart,5,0.001,3,20,20,quantile,1.0,0.9203015739953109,0.00256519158029684,0.9250558348730011,0.9216429907466408,0.00243657375794096,0.00250908027076324,,0.00088567733764642,4.0,mean
synch,cart,5,0.003,3,20,20,quantile,1.0,0.8665915082563271,0.00426554944701098,0.8435433836238133,0.835118951859758,0.00508511165320242,0.005270061708314,,0.0008881092071532599,3.0,mean
synch,cart,5,0.005,3,20,20,quantile,1.0,0.7194371267712951,0.00905633563495478,0.720466269654034,0.7121024079941722,0.00908708268403154,0.0092050516947928,,0.00089230537414544,2.0,mean
synch,cart,5,0.008,3,20,20,quantile,1.0,0.7118546233799868,0.009289897321278941,0.720466269654034,0.7121024079941722,0.00908708268403154,0.0092050516947928,,0.00090279579162592,2.0,mean
synch,cart,5,0.01,3,20,20,quantile,1.0,0.7118546233799868,0.009289897321278941,0.720466269654034,0.7121024079941722,0.00908708268403154,0.0092050516947928,,0.0008796215057372599,2.0,mean
synch,cart,5,0.03,3,20,20,quantile,1.0,-0.008533294962940075,0.03266062907389678,-8.881784197001253e-17,-0.0265156561121068,0.03251020770620308,0.03285127166411378,,0.00129184722900384,1.0,mean
synch,cart,5,0.05,3,20,20,quantile,1.0,-0.008533294962940075,0.03266062907389678,-8.881784197001253e-17,-0.0265156561121068,0.03251020770620308,0.03285127166411378,,0.0008887290954589201,1.0,mean
synch,cart,5,0.08,3,20,20,quantile,1.0,-0.008533294962940075,0.03266062907389678,-8.881784197001253e-17,-0.0265156561121068,0.03251020770620308,0.03285127166411378,,0.00089201927185052,1.0,mean
synch,cart,5,0.1,3,20,20,quantile,1.0,-0.008533294962940075,0.03266062907389678,-8.881784197001253e-17,-0.0265156561121068,0.03251020770620308,0.03285127166411378,,0.00095472335815424,1.0,mean
synch,cart,5,0.0001,3,20,20,quantile,1.0,0.001384321990571989,3.490805124830539e-05,0.0015626316155896087,0.0015254363504470232,5.413167560334908e-05,3.647213604288231e-05,,1.2317959975759269e-05,0.44721359549995804,std
synch,cart,5,0.0005,3,20,20,quantile,1.0,0.008508577638432265,0.00025547597272303164,0.011765885361482355,0.019324698703587127,0.00038255409019623374,0.0006180714642160893,,7.84791974573957e-06,0.8366600265340756,std
synch,cart,5,0.001,3,20,20,quantile,1.0,0.0031071332032458748,0.00013769181787860326,0.0019963211708544327,0.0067842136624716755,8.22344038050837e-05,0.00027937692315486436,,1.913700850957383e-05,0.0,std
synch,cart,5,0.003,3,20,20,quantile,1.0,0.02207926466302583,0.0007921281239944049,0.006418592925722106,0.02428886063551871,0.00018202275446627418,0.000806648712297951,,1.9796639900156922e-05,0.0,std
synch,cart,5,0.005,3,20,20,quantile,1.0,0.021042559078349808,0.0005052558225361958,0.003372066399543612,0.014941530208821234,0.00014588901162312153,0.0006483195105646904,,1.614799725477676e-05,0.0,std
synch,cart,5,0.008,3,20,20,quantile,1.0,0.006165479318242206,0.00011928683798507965,0.003372066399543612,0.014941530208821234,0.00014588901162312153,0.0006483195105646904,,2.0426643078701717e-05,0.0,std
synch,cart,5,0.01,3,20,20,quantile,1.0,0.006165479318242206,0.00011928683798507965,0.003372066399543612,0.014941530208821234,0.00014588901162312153,0.0006483195105646904,,3.1582858412191024e-05,0.0,std
synch,cart,5,0.03,3,20,20,quantile,1.0,0.008827303929658985,0.0006537915795804587,1.2161883888976234e-16,0.016961966593608484,0.00054497976682825,0.002284800119101066,,0.0009046787658938121,0.0,std
synch,cart,5,0.05,3,20,20,quantile,1.0,0.008827303929658985,0.0006537915795804587,1.2161883888976234e-16,0.016961966593608484,0.00054497976682825,0.002284800119101066,,2.1815365129391874e-05,0.0,std
synch,cart,5,0.08,3,20,20,quantile,1.0,0.008827303929658985,0.0006537915795804587,1.2161883888976234e-16,0.016961966593608484,0.00054497976682825,0.002284800119101066,,2.1242413044225143e-05,0.0,std
synch,cart,5,0.1,3,20,20,quantile,1.0,0.008827303929658985,0.0006537915795804587,1.2161883888976234e-16,0.016961966593608484,0.00054497976682825,0.002284800119101066,,0.00014723796039600715,0.0,std
synch,cart,5,0.0001,3,20,20,quantile,1.0,0.9808219423587843,0.00061716952617474,0.9830712566833165,0.9823313344776621,0.00055057027685784,0.00056365382515456,,0.0008855819702147799,9.2,best_by_mean_val_r2
yacht,cart,5,0.0001,3,20,20,quantile,1.0,0.9893222778266262,2.4988522105121644,0.9985954770905314,0.9934461574424114,0.3216531343586655,1.5809978166609562,,0.0012353420257567801,30.6,mean
yacht,cart,5,0.0005,3,20,20,quantile,1.0,0.9893296223161482,2.497549846013519,0.9985954770905314,0.9934461574424114,0.3216531343586655,1.5809978166609562,,0.0008318424224853001,30.6,mean
yacht,cart,5,0.001,3,20,20,quantile,1.0,0.9893457056266538,2.4941421148449425,0.9985954770905314,0.9934461574424114,0.3216531343586655,1.5809978166609562,,0.00083189010620112,30.6,mean
yacht,cart,5,0.003,3,20,20,quantile,1.0,0.9893362680978548,2.4963486518279017,0.9985954770905314,0.9934461574424114,0.3216531343586655,1.5809978166609562,,0.0008335590362548399,30.6,mean
yacht,cart,5,0.005,3,20,20,quantile,1.0,0.9892990089556017,2.503880353158327,0.9985543683263864,0.9936217695144192,0.3307602023624689,1.5384015303175709,,0.00082650184631342,28.4,mean
yacht,cart,5,0.008,3,20,20,quantile,1.0,0.9893917218791444,2.473710564955213,0.9985326065334232,0.9934786525284324,0.3358348449296436,1.5658700512353687,,0.00120224952697748,27.6,mean
yacht,cart,5,0.01,3,20,20,quantile,1.0,0.9893616280702311,2.480257342491689,0.9985162930664024,0.9933126579971582,0.339601217913385,1.6000470708422398,,0.0008267402648925399,27.2,mean
yacht,cart,5,0.03,3,20,20,quantile,1.0,0.9886355121317469,2.645131019380547,0.9981130375447632,0.9929985551990802,0.4314381673072867,1.6783863159143997,,0.00082964897155756,22.6,mean
yacht,cart,5,0.05,3,20,20,quantile,1.0,0.988291754778387,2.723450238200525,0.9974574019300148,0.9922038443410631,0.582096159400421,1.8955600782452986,,0.0008583068847655799,18.6,mean
yacht,cart,5,0.08,3,20,20,quantile,1.0,0.9878708834342647,2.796071931559446,0.9965992649332825,0.9909606485351079,0.7790360596193027,2.1766598394549193,,0.0008414745330810001,15.6,mean
yacht,cart,5,0.1,3,20,20,quantile,1.0,0.9874909210536895,2.8656793593578342,0.99591020820725,0.9906392002874279,0.9394607441030274,2.247059958022988,,0.0008672714233398,13.8,mean
yacht,cart,5,0.0001,3,20,20,quantile,1.0,0.004058444607318793,1.1093284973684534,5.1154185954389336e-05,0.0029054824956274102,0.020658057395360672,1.0713113118417195,,0.0008967801588302888,0.5477225575051664,std
yacht,cart,5,0.0005,3,20,20,quantile,1.0,0.004061700630608502,1.1099734453764911,5.1154185954389336e-05,0.0029054824956274102,0.020658057395360672,1.0713113118417195,,4.7765006868047866e-05,0.5477225575051664,std
yacht,cart,5,0.001,3,20,20,quantile,1.0,0.004041014276855289,1.1061008580031013,5.1154185954389336e-05,0.0029054824956274102,0.020658057395360672,1.0713113118417195,,1.668708650343197e-05,0.5477225575051664,std
yacht,cart,5,0.003,3,20,20,quantile,1.0,0.004050354945863214,1.1081117302716579,5.1154185954389336e-05,0.0029054824956274102,0.020658057395360672,1.0713113118417195,,4.2355850713196106e-05,0.5477225575051664,std
yacht,cart,5,0.005,3,20,20,quantile,1.0,0.0041067318836607546,1.1198763112983379,5.371700832018566e-05,0.0028145076911871916,0.014747852215096518,1.0342497174087606,,3.0024936848210777e-05,1.51657508881031,std
yacht,cart,5,0.008,3,20,20,quantile,1.0,0.0037323513768135713,1.011526465087081,5.1227831988714945e-05,0.0027206134413494463,0.016808607437219854,1.014367998744146,,0.0008677403551004343,1.1401754250991383,std
yacht,cart,5,0.01,3,20,20,quantile,1.0,0.003731768502175001,1.0110355236534945,4.8984326177014235e-05,0.00258289752416756,0.017159054006421565,0.9895113405384396,,4.046048285423104e-05,1.3038404810405302,std
yacht,cart,5,0.03,3,20,20,quantile,1.0,0.004160013482230515,1.1128935410636491,9.522257154932095e-05,0.0027600928683035385,0.016410424325588188,1.0479518538549155,,3.635918507641307e-05,1.8165902124584954,std
yacht,cart,5,0.05,3,20,20,quantile,1.0,0.004072147922644415,1.0868058933852673,0.00025099310212758414,0.0040946629410749,0.06363969112486506,1.4410296186438565,,3.158168850837697e-05,1.673320053068151,std
yacht,cart,5,0.08,3,20,20,quantile,1.0,0.004742389633445226,1.2404638500148875,0.00043193578464975206,0.004277318798902943,0.10981618527463208,1.5155388371031497,,4.302533941350284e-05,2.073644135332772,std
yacht,cart,5,0.1,3,20,20,quantile,1.0,0.004644718470713531,1.2210311043836313,0.00038789509464679385,0.004422529329139814,0.12821629693319037,1.5198053789644637,,2.8772983948744786e-05,1.30384048104053,std
yacht,cart,5,0.008,3,20,20,quantile,1.0,0.9893917218791444,2.473710564955213,0.9985326065334232,0.9934786525284324,0.3358348449296436,1.5658700512353687,,0.00120224952697748,27.6,best_by_mean_val_r2
california_housing,cart,5,0.0001,3,20,20,quantile,1.0,0.6198989899338149,5063264205.333759,0.6286423017466054,0.6210465983422588,4947771041.165266,5045556606.11319,,0.01790866851806636,32.0,mean
california_housing,cart,5,0.0005,3,20,20,quantile,1.0,0.6198989899338149,5063264205.333759,0.6286423017466054,0.6210465983422588,4947771041.165266,5045556606.11319,,0.01793670654296868,32.0,mean
california_housing,cart,5,0.001,3,20,20,quantile,1.0,0.6198989899338149,5063264205.333759,0.6286423017466054,0.6210465983422588,4947771041.165266,5045556606.11319,,0.017990207672119098,32.0,mean
california_housing,cart,5,0.003,3,20,20,quantile,1.0,0.6198989899338149,5063264205.333759,0.6286423017466054,0.6210465983422588,4947771041.165266,5045556606.11319,,0.017986249923706,32.0,mean
california_housing,cart,5,0.005,3,20,20,quantile,1.0,0.6198989899338149,5063264205.333759,0.6286423017466054,0.6210465983422588,4947771041.165266,5045556606.11319,,0.017931175231933518,32.0,mean
california_housing,cart,5,0.008,3,20,20,quantile,1.0,0.6198989899338149,5063264205.333759,0.6286423017466054,0.6210465983422588,4947771041.165266,5045556606.11319,,0.018096971511840778,32.0,mean
california_housing,cart,5,0.01,3,20,20,quantile,1.0,0.6198989899338149,5063264205.333759,0.6286423017466054,0.6210465983422588,4947771041.165266,5045556606.11319,,0.01796398162841794,32.0,mean
california_housing,cart,5,0.03,3,20,20,quantile,1.0,0.6198989899338149,5063264205.333759,0.6286423017466054,0.6210465983422588,4947771041.165266,5045556606.11319,,0.017935276031494078,32.0,mean
california_housing,cart,5,0.05,3,20,20,quantile,1.0,0.6198989899338149,5063264205.333759,0.6286423017466054,0.6210465983422588,4947771041.165266,5045556606.11319,,0.01796174049377438,32.0,mean
california_housing,cart,5,0.08,3,20,20,quantile,1.0,0.6198989899338149,5063264205.333759,0.6286423017466054,0.6210465983422588,4947771041.165266,5045556606.11319,,0.017882823944091762,32.0,mean
california_housing,cart,5,0.1,3,20,20,quantile,1.0,0.6198989899338149,5063264205.333759,0.6286423017466054,0.6210465983422588,4947771041.165266,5045556606.11319,,0.017783498764038057,32.0,mean
california_housing,cart,5,0.0001,3,20,20,quantile,1.0,0.007021726644178363,74393689.87128474,0.004900261039765116,0.00834641124650396,31573530.723792765,74994074.20316438,,0.00043610807395587836,0.0,std
california_housing,cart,5,0.0005,3,20,20,quantile,1.0,0.007021726644178363,74393689.87128474,0.004900261039765116,0.00834641124650396,31573530.723792765,74994074.20316438,,0.0003136819796764068,0.0,std
california_housing,cart,5,0.001,3,20,20,quantile,1.0,0.007021726644178363,74393689.87128474,0.004900261039765116,0.00834641124650396,31573530.723792765,74994074.20316438,,0.00022445615732927972,0.0,std
california_housing,cart,5,0.003,3,20,20,quantile,1.0,0.007021726644178363,74393689.87128474,0.004900261039765116,0.00834641124650396,31573530.723792765,74994074.20316438,,0.00025062376867922845,0.0,std
california_housing,cart,5,0.005,3,20,20,quantile,1.0,0.007021726644178363,74393689.87128474,0.004900261039765116,0.00834641124650396,31573530.723792765,74994074.20316438,,0.00017769170513626836,0.0,std
california_housing,cart,5,0.008,3,20,20,quantile,1.0,0.007021726644178363,74393689.87128474,0.004900261039765116,0.00834641124650396,31573530.723792765,74994074.20316438,,0.0005748469071664954,0.0,std
california_housing,cart,5,0.01,3,20,20,quantile,1.0,0.007021726644178363,74393689.87128474,0.004900261039765116,0.00834641124650396,31573530.723792765,74994074.20316438,,0.0002939762762989466,0.0,std
california_housing,cart,5,0.03,3,20,20,quantile,1.0,0.007021726644178363,74393689.87128474,0.004900261039765116,0.00834641124650396,31573530.723792765,74994074.20316438,,0.0003293744688476561,0.0,std
california_housing,cart,5,0.05,3,20,20,quantile,1.0,0.007021726644178363,74393689.87128474,0.004900261039765116,0.00834641124650396,31573530.723792765,74994074.20316438,,0.0003905605253290494,0.0,std
california_housing,cart,5,0.08,3,20,20,quantile,1.0,0.007021726644178363,74393689.87128474,0.004900261039765116,0.00834641124650396,31573530.723792765,74994074.20316438,,0.0004085044411618823,0.0,std
california_housing,cart,5,0.1,3,20,20,quantile,1.0,0.007021726644178363,74393689.87128474,0.004900261039765116,0.00834641124650396,31573530.723792765,74994074.20316438,,0.00021863709087255708,0.0,std
california_housing,cart,5,0.0001,3,20,20,quantile,1.0,0.6198989899338149,5063264205.333759,0.6286423017466054,0.6210465983422588,4947771041.165266,5045556606.11319,,0.01790866851806636,32.0,best_by_mean_val_r2
seoul_bike,cart,5,0.0001,3,20,20,quantile,1.0,0.6439078222131782,147975.2296260292,0.6551609544575522,0.6347132323646665,143403.43430911173,151758.65560558983,,0.00643820762634272,32.0,mean
seoul_bike,cart,5,0.0005,3,20,20,quantile,1.0,0.6439078222131782,147975.2296260292,0.6551609544575522,0.6347132323646665,143403.43430911173,151758.65560558983,,0.00642070770263666,32.0,mean
seoul_bike,cart,5,0.001,3,20,20,quantile,1.0,0.6439078222131782,147975.2296260292,0.6551609544575522,0.6347132323646665,143403.43430911173,151758.65560558983,,0.00644421577453608,32.0,mean
seoul_bike,cart,5,0.003,3,20,20,quantile,1.0,0.6439078222131782,147975.2296260292,0.6551609544575522,0.6347132323646665,143403.43430911173,151758.65560558983,,0.006428623199462841,32.0,mean
seoul_bike,cart,5,0.005,3,20,20,quantile,1.0,0.6439078222131782,147975.2296260292,0.6551609544575522,0.6347132323646665,143403.43430911173,151758.65560558983,,0.0064458847045897796,32.0,mean
seoul_bike,cart,5,0.008,3,20,20,quantile,1.0,0.6439078222131782,147975.2296260292,0.6551609544575522,0.6347132323646665,143403.43430911173,151758.65560558983,,0.0064418792724609,32.0,mean
seoul_bike,cart,5,0.01,3,20,20,quantile,1.0,0.6439078222131782,147975.2296260292,0.6551609544575522,0.6347132323646665,143403.43430911173,151758.65560558983,,0.00642285346984856,32.0,mean
seoul_bike,cart,5,0.03,3,20,20,quantile,1.0,0.6439078222131782,147975.2296260292,0.6551609544575522,0.6347132323646665,143403.43430911173,151758.65560558983,,0.006413936614990181,32.0,mean
seoul_bike,cart,5,0.05,3,20,20,quantile,1.0,0.6439078222131782,147975.2296260292,0.6551609544575522,0.6347132323646665,143403.43430911173,151758.65560558983,,0.006434106826782179,32.0,mean
seoul_bike,cart,5,0.08,3,20,20,quantile,1.0,0.6439078222131782,147975.2296260292,0.6551609544575522,0.6347132323646665,143403.43430911173,151758.65560558983,,0.0064512729644775006,32.0,mean
seoul_bike,cart,5,0.1,3,20,20,quantile,1.0,0.6439078222131782,147975.2296260292,0.6551609544575522,0.6347132323646665,143403.43430911173,151758.65560558983,,0.0064479827880859,32.0,mean
seoul_bike,cart,5,0.0001,3,20,20,quantile,1.0,0.009665602039337211,3543.9836146262764,0.0102841216542173,0.01638637811874985,3049.981473922965,8432.375696303045,,6.9046777910783045e-06,0.0,std
seoul_bike,cart,5,0.0005,3,20,20,quantile,1.0,0.009665602039337211,3543.9836146262764,0.0102841216542173,0.01638637811874985,3049.981473922965,8432.375696303045,,4.136840607572935e-05,0.0,std
seoul_bike,cart,5,0.001,3,20,20,quantile,1.0,0.009665602039337211,3543.9836146262764,0.0102841216542173,0.01638637811874985,3049.981473922965,8432.375696303045,,1.7351402479247444e-05,0.0,std
seoul_bike,cart,5,0.003,3,20,20,quantile,1.0,0.009665602039337211,3543.9836146262764,0.0102841216542173,0.01638637811874985,3049.981473922965,8432.375696303045,,1.9750356787857317e-05,0.0,std
seoul_bike,cart,5,0.005,3,20,20,quantile,1.0,0.009665602039337211,3543.9836146262764,0.0102841216542173,0.01638637811874985,3049.981473922965,8432.375696303045,,1.3338661890687162e-05,0.0,std
seoul_bike,cart,5,0.008,3,20,20,quantile,1.0,0.009665602039337211,3543.9836146262764,0.0102841216542173,0.01638637811874985,3049.981473922965,8432.375696303045,,9.30810072076995e-06,0.0,std
seoul_bike,cart,5,0.01,3,20,20,quantile,1.0,0.009665602039337211,3543.9836146262764,0.0102841216542173,0.01638637811874985,3049.981473922965,8432.375696303045,,5.4862855604898486e-05,0.0,std
seoul_bike,cart,5,0.03,3,20,20,quantile,1.0,0.009665602039337211,3543.9836146262764,0.0102841216542173,0.01638637811874985,3049.981473922965,8432.375696303045,,5.5255273885346184e-05,0.0,std
seoul_bike,cart,5,0.05,3,20,20,quantile,1.0,0.009665602039337211,3543.9836146262764,0.0102841216542173,0.01638637811874985,3049.981473922965,8432.375696303045,,3.11479069028866e-05,0.0,std
seoul_bike,cart,5,0.08,3,20,20,quantile,1.0,0.009665602039337211,3543.9836146262764,0.0102841216542173,0.01638637811874985,3049.981473922965,8432.375696303045,,2.6275631235013538e-05,0.0,std
seoul_bike,cart,5,0.1,3,20,20,quantile,1.0,0.009665602039337211,3543.9836146262764,0.0102841216542173,0.01638637811874985,3049.981473922965,8432.375696303045,,6.188328634331752e-06,0.0,std
seoul_bike,cart,5,0.0001,3,20,20,quantile,1.0,0.6439078222131782,147975.2296260292,0.6551609544575522,0.6347132323646665,143403.43430911173,151758.65560558983,,0.00643820762634272,32.0,best_by_mean_val_r2
temperature_max,cart,5,0.0001,3,20,20,quantile,1.0,0.7379813658010618,2.5428189995789525,0.7618428726584929,0.7498874438743719,2.3125585618845053,2.4272733851877866,,0.01454486846923822,32.0,mean
temperature_max,cart,5,0.0005,3,20,20,quantile,1.0,0.7379813658010618,2.5428189995789525,0.7618428726584929,0.7498874438743719,2.3125585618845053,2.4272733851877866,,0.01468963623046872,32.0,mean
temperature_max,cart,5,0.001,3,20,20,quantile,1.0,0.7379813658010618,2.5428189995789525,0.7618428726584929,0.7498874438743719,2.3125585618845053,2.4272733851877866,,0.014570474624633739,32.0,mean
temperature_max,cart,5,0.003,3,20,20,quantile,1.0,0.7380166978453646,2.542479266444592,0.7617827708210219,0.7498821596756688,2.313132599883221,2.4273280829057176,,0.01451258659362788,31.8,mean
temperature_max,cart,5,0.005,3,20,20,quantile,1.0,0.7379000369157587,2.543613862357879,0.7615138452957625,0.7496518410248791,2.315736780753655,2.4295999142240667,,0.01454076766967768,31.2,mean
temperature_max,cart,5,0.008,3,20,20,quantile,1.0,0.7368107147076068,2.554094715076135,0.7605336032815285,0.7489165525690777,2.3252703105969923,2.4366695716029496,,0.014499807357788042,29.8,mean
temperature_max,cart,5,0.01,3,20,20,quantile,1.0,0.7357263059520105,2.56458433200882,0.7596013686283023,0.7483801027295527,2.334292503859266,2.4418975755775874,,0.014565658569335898,28.8,mean
temperature_max,cart,5,0.03,3,20,20,quantile,1.0,0.7210075536187797,2.7073771078996196,0.7353055731426787,0.7274652640611422,2.5703032468673905,2.643756976920039,,0.01455459594726558,16.4,mean
temperature_max,cart,5,0.05,3,20,20,quantile,1.0,0.702813042671815,2.884121577256116,0.7117586812566999,0.7059030080648794,2.7991026580583283,2.8519776205987832,,0.014525556564331021,10.4,mean
temperature_max,cart,5,0.08,3,20,20,quantile,1.0,0.6849544446047939,3.0562397124107195,0.6937480992480832,0.6897796926824055,2.973931057133334,3.008468697840055,,0.01453990936279292,7.8,mean
temperature_max,cart,5,0.1,3,20,20,quantile,1.0,0.677058874525469,3.1333821727892124,0.6844911703276295,0.6804667736866932,3.063880679562165,3.098320806150137,,0.0145633220672607,6.8,mean
temperature_max,cart,5,0.0001,3,20,20,quantile,1.0,0.004928333491264984,0.038623634250931946,0.003237416124115754,0.009093061912675199,0.01736877739210785,0.08619024789136255,,0.00011987471825163549,0.0,std
temperature_max,cart,5,0.0005,3,20,20,quantile,1.0,0.004928333491264984,0.038623634250931946,0.003237416124115754,0.009093061912675199,0.01736877739210785,0.08619024789136255,,0.0002652057828355872,0.0,std
temperature_max,cart,5,0.001,3,20,20,quantile,1.0,0.004928333491264984,0.038623634250931946,0.003237416124115754,0.009093061912675199,0.01736877739210785,0.08619024789136255,,0.00012105819275705146,0.0,std
temperature_max,cart,5,0.003,3,20,20,quantile,1.0,0.004972628780325417,0.03898770921590436,0.0033462996454733615,0.009086645586557569,0.017682772488452916,0.08624598751170635,,0.00013873363854772117,0.44721359549995815,std
temperature_max,cart,5,0.005,3,20,20,quantile,1.0,0.004759151154695689,0.037015748559004184,0.003432710428784547,0.009198114357822446,0.018018390242919197,0.08857248277057986,,0.00014509172183795133,0.8366600265340757,std
temperature_max,cart,5,0.008,3,20,20,quantile,1.0,0.004432545280111706,0.03456524234218345,0.003283046761433302,0.0103102501505527,0.017699518587308765,0.09721544376010004,,0.00017098166416809466,1.4832396974191329,std
temperature_max,cart,5,0.01,3,20,20,quantile,1.0,0.004909416592550199,0.03548150258561306,0.004021211746414188,0.009657129471899348,0.025312675358130813,0.09159040446149191,,0.00018416460998278155,1.30384048104053,std
temperature_max,cart,5,0.03,3,20,20,quantile,1.0,0.00677086671271539,0.04700821899663509,0.0043029480165138944,0.013651490242648475,0.036097895227979605,0.09818415116085964,,0.00014918113602227165,1.1401754250991378,std
temperature_max,cart,5,0.05,3,20,20,quantile,1.0,0.003424939632147838,0.029796043892097855,0.003406045629953209,0.021044538617449215,0.04001403112502842,0.16083763885489796,,0.00015966077141235297,0.8944271909999159,std
temperature_max,cart,5,0.08,3,20,20,quantile,1.0,0.0037981275178100957,0.034489194256783096,0.007006305462068216,0.017682575266120413,0.06857988042933684,0.11507155264914244,,0.0001187646919739891,0.4472135954999579,std
temperature_max,cart,5,0.1,3,20,20,quantile,1.0,0.005620157405495067,0.05131571168350638,0.003574882204715997,0.024599330652436205,0.04120383002875139,0.18847160603601246,,0.0001544878804844379,0.44721359549995804,std
temperature_max,cart,5,0.003,3,20,20,quantile,1.0,0.7380166978453646,2.542479266444592,0.7617827708210219,0.7498821596756688,2.313132599883221,2.4273280829057176,,0.01451258659362788,31.8,best_by_mean_val_r2
temperature_min,cart,5,0.0001,3,20,20,quantile,1.0,0.7933561868662744,1.2768426728472593,0.8132303158555134,0.7987035201814594,1.1547820438186989,1.2441956144437687,,0.014992475509643522,32.0,mean
temperature_min,cart,5,0.0005,3,20,20,quantile,1.0,0.7933561868662744,1.2768426728472593,0.8132303158555134,0.7987035201814594,1.1547820438186989,1.2441956144437687,,0.014796972274780221,32.0,mean
temperature_min,cart,5,0.001,3,20,20,quantile,1.0,0.7933561868662744,1.2768426728472593,0.8132303158555134,0.7987035201814594,1.1547820438186989,1.2441956144437687,,0.01479749679565424,32.0,mean
temperature_min,cart,5,0.003,3,20,20,quantile,1.0,0.7935794712809481,1.2754116147965735,0.8128998368184279,0.7986376997397444,1.156813092172289,1.244618220748849,,0.014786958694457942,31.2,mean
temperature_min,cart,5,0.005,3,20,20,quantile,1.0,0.7935120650744769,1.2758776962668246,0.8104186985043229,0.7981992919435068,1.1721923539745518,1.2473052588900806,,0.014788007736206,27.2,mean
temperature_min,cart,5,0.008,3,20,20,quantile,1.0,0.7923957303888032,1.2829904438747333,0.8050353492477426,0.7946126976729295,1.2054604307753667,1.2694129269187626,,0.0148373126983642,22.4,mean
temperature_min,cart,5,0.01,3,20,20,quantile,1.0,0.7897819980316249,1.2991183542714277,0.7996185315862091,0.7903543106113804,1.2389301643101907,1.2961509174480184,,0.014800167083740202,18.8,mean
temperature_min,cart,5,0.03,3,20,20,quantile,1.0,0.7690500225506165,1.4278347533430353,0.7750254484614478,0.7686030206922997,1.3909704208041662,1.4304788111062536,,0.0148187160491943,10.2,mean
temperature_min,cart,5,0.05,3,20,20,quantile,1.0,0.7564775441070773,1.5047964808758991,0.7622985747376718,0.7551752514142296,1.469707802622171,1.5126422161388238,,0.01478066444396968,8.0,mean
temperature_min,cart,5,0.08,3,20,20,quantile,1.0,0.7486430405814748,1.55351403426775,0.7557894491536677,0.747414982591086,1.509805762727303,1.561327963540093,,0.01479730606079096,7.4,mean
temperature_min,cart,5,0.1,3,20,20,quantile,1.0,0.725609929316808,1.6957872041437576,0.7295144038978361,0.7230433785165887,1.6725240795720289,1.711341941355461,,0.01484508514404292,5.6,mean
temperature_min,cart,5,0.0001,3,20,20,quantile,1.0,0.0029462400814697504,0.022877506796148545,0.0026637081808169706,0.00988447263862288,0.017711762835888052,0.07382036890808454,,0.00023621368101335103,0.0,std
temperature_min,cart,5,0.0005,3,20,20,quantile,1.0,0.0029462400814697504,0.022877506796148545,0.0026637081808169706,0.00988447263862288,0.017711762835888052,0.07382036890808454,,8.918990170214737e-05,0.0,std
temperature_min,cart,5,0.001,3,20,20,quantile,1.0,0.0029462400814697504,0.022877506796148545,0.0026637081808169706,0.00988447263862288,0.017711762835888052,0.07382036890808454,,3.706446673030603e-05,0.0,std
temperature_min,cart,5,0.003,3,20,20,quantile,1.0,0.0030531854942673605,0.023249702698990626,0.002828219117961355,0.009780407061436883,0.017697577800424483,0.0736723802867419,,4.64518694990275e-05,0.8366600265340757,std
temperature_min,cart,5,0.005,3,20,20,quantile,1.0,0.003053863016899705,0.02190921812580854,0.002376543612793717,0.010143838946551994,0.018326940102318393,0.07510706137401417,,5.0016388051034174e-05,1.9235384061671343,std
temperature_min,cart,5,0.008,3,20,20,quantile,1.0,0.003004389831146971,0.02115572581239738,0.0030977559626359534,0.010155378299885534,0.02102178984022493,0.07410721467779936,,4.637636667970462e-05,0.8944271909999161,std
temperature_min,cart,5,0.01,3,20,20,quantile,1.0,0.0024128597828329897,0.0188437542701865,0.003566800832703338,0.01045268043016216,0.022297308138161265,0.08485432368849188,,4.057342064989627e-05,1.0954451150103326,std
temperature_min,cart,5,0.03,3,20,20,quantile,1.0,0.004619487794118757,0.03295101797859029,0.0029972258334620056,0.013212014351694295,0.01738957700999253,0.09849696464661617,,2.5716845168507248e-05,0.44721359549995787,std
temperature_min,cart,5,0.05,3,20,20,quantile,1.0,0.0047526017063944,0.0324818259083707,0.0028916319650087482,0.012856004989299865,0.021396913798684084,0.08073345412148784,,6.360004966547009e-05,0.0,std
temperature_min,cart,5,0.08,3,20,20,quantile,1.0,0.004406949556018539,0.02845459257510959,0.0072021742809561225,0.014945560900282677,0.03964237533902935,0.10809597512524809,,3.6292367123831326e-05,0.547722557505166,std
temperature_min,cart,5,0.1,3,20,20,quantile,1.0,0.00823094416608252,0.044613883391425295,0.010549752429494668,0.014473751833394827,0.07008726968960652,0.09452976417488394,,2.635975908709973e-05,0.547722557505166,std
temperature_min,cart,5,0.003,3,20,20,quantile,1.0,0.7935794712809481,1.2754116147965735,0.8128998368184279,0.7986376997397444,1.156813092172289,1.244618220748849,,0.014786958694457942,31.2,best_by_mean_val_r2
walmart,cart,5,0.0001,3,20,20,quantile,1.0,0.12325986037809951,279005535998.9855,0.14840456576322955,0.10823213541062097,271199188897.2066,283900201446.78577,,0.00314826965332028,32.0,mean
walmart,cart,5,0.0005,3,20,20,quantile,1.0,0.12325986037809951,279005535998.9855,0.14840456576322955,0.10823213541062097,271199188897.2066,283900201446.78577,,0.0031437397003173198,32.0,mean
walmart,cart,5,0.001,3,20,20,quantile,1.0,0.12325986037809951,279005535998.9855,0.14840456576322955,0.10823213541062097,271199188897.2066,283900201446.78577,,0.00315136909484858,32.0,mean
walmart,cart,5,0.003,3,20,20,quantile,1.0,0.12325986037809951,279005535998.9855,0.14840456576322955,0.10823213541062097,271199188897.2066,283900201446.78577,,0.00316338539123528,32.0,mean
walmart,cart,5,0.005,3,20,20,quantile,1.0,0.12325986037809951,279005535998.9855,0.14840456576322955,0.10823213541062097,271199188897.2066,283900201446.78577,,0.00317249298095698,32.0,mean
walmart,cart,5,0.008,3,20,20,quantile,1.0,0.12325986037809951,279005535998.9855,0.14840456576322955,0.10823213541062097,271199188897.2066,283900201446.78577,,0.0031727313995360803,32.0,mean
walmart,cart,5,0.01,3,20,20,quantile,1.0,0.12325986037809951,279005535998.9855,0.14840456576322955,0.10823213541062097,271199188897.2066,283900201446.78577,,0.00317249298095698,32.0,mean
walmart,cart,5,0.03,3,20,20,quantile,1.0,0.12325986037809951,279005535998.9855,0.14840456576322955,0.10823213541062097,271199188897.2066,283900201446.78577,,0.00317850112915034,32.0,mean
walmart,cart,5,0.05,3,20,20,quantile,1.0,0.12325986037809951,279005535998.9855,0.14840456576322955,0.10823213541062097,271199188897.2066,283900201446.78577,,0.00317649841308588,32.0,mean
walmart,cart,5,0.08,3,20,20,quantile,1.0,0.12325986037809951,279005535998.9855,0.14840456576322955,0.10823213541062097,271199188897.2066,283900201446.78577,,0.00318651199340816,32.0,mean
walmart,cart,5,0.1,3,20,20,quantile,1.0,0.12325986037809951,279005535998.9855,0.14840456576322955,0.10823213541062097,271199188897.2066,283900201446.78577,,0.0032915115356444797,32.0,mean
walmart,cart,5,0.0001,3,20,20,quantile,1.0,0.010778822480325509,4257095258.4333715,0.007385549801927021,0.012372973127958643,3248074125.22204,6238570347.570041,,6.739562313595171e-05,0.0,std
walmart,cart,5,0.0005,3,20,20,quantile,1.0,0.010778822480325509,4257095258.4333715,0.007385549801927021,0.012372973127958643,3248074125.22204,6238570347.570041,,3.7327320156825805e-05,0.0,std
walmart,cart,5,0.001,3,20,20,quantile,1.0,0.010778822480325509,4257095258.4333715,0.007385549801927021,0.012372973127958643,3248074125.22204,6238570347.570041,,5.7717341495533853e-05,0.0,std
walmart,cart,5,0.003,3,20,20,quantile,1.0,0.010778822480325509,4257095258.4333715,0.007385549801927021,0.012372973127958643,3248074125.22204,6238570347.570041,,2.9960403800927928e-05,0.0,std
walmart,cart,5,0.005,3,20,20,quantile,1.0,0.010778822480325509,4257095258.4333715,0.007385549801927021,0.012372973127958643,3248074125.22204,6238570347.570041,,1.6623264183307354e-05,0.0,std
walmart,cart,5,0.008,3,20,20,quantile,1.0,0.010778822480325509,4257095258.4333715,0.007385549801927021,0.012372973127958643,3248074125.22204,6238570347.570041,,2.9067810907806295e-05,0.0,std
walmart,cart,5,0.01,3,20,20,quantile,1.0,0.010778822480325509,4257095258.4333715,0.007385549801927021,0.012372973127958643,3248074125.22204,6238570347.570041,,2.3751445046597513e-05,0.0,std
walmart,cart,5,0.03,3,20,20,quantile,1.0,0.010778822480325509,4257095258.4333715,0.007385549801927021,0.012372973127958643,3248074125.22204,6238570347.570041,,2.195303072759766e-05,0.0,std
walmart,cart,5,0.05,3,20,20,quantile,1.0,0.010778822480325509,4257095258.4333715,0.007385549801927021,0.012372973127958643,3248074125.22204,6238570347.570041,,4.555336207027748e-05,0.0,std
walmart,cart,5,0.08,3,20,20,quantile,1.0,0.010778822480325509,4257095258.4333715,0.007385549801927021,0.012372973127958643,3248074125.22204,6238570347.570041,,2.9606365658686236e-05,0.0,std
walmart,cart,5,0.1,3,20,20,quantile,1.0,0.010778822480325509,4257095258.4333715,0.007385549801927021,0.012372973127958643,3248074125.22204,6238570347.570041,,0.0002428770779135332,0.0,std
walmart,cart,5,0.0001,3,20,20,quantile,1.0,0.12325986037809951,279005535998.9855,0.14840456576322955,0.10823213541062097,271199188897.2066,283900201446.78577,,0.00314826965332028,32.0,best_by_mean_val_r2
