dataset,outer,method,depth,n_thresholds,cv_folds,cost_complexity,ridge_penalty,lasso_penalty,val_r2,val_mse,train_time_s,train_mse,train_r2,test_mse,test_r2,n_leaves
energe_c,outer_0,streed,4,20,3,0.1,0.1,0.1,0.8473711119205011,13.870948976322518,0.0264890193939209,13.515741689786964,0.851566337657929,15.27615063631096,0.8246408592945476,1.0
energe_c,outer_0,streed,4,20,3,0.1,0.1,0.001,0.8461311333549933,13.979157776494509,0.0055606365203857,13.542851973509778,0.8512686049257956,15.380297605193146,0.8234453275532694,1.0
energe_c,outer_0,streed,4,20,3,0.1,0.01,0.1,0.8505140575910252,13.584571364147465,0.0055980682373046,13.19646666092581,0.8550727054856038,15.090161633864192,0.826775878281085,1.0
energe_c,outer_0,streed,4,20,3,0.1,0.01,0.001,0.8464932090418668,13.951751319399046,0.0056262016296386,13.335005874270092,0.8535512290260308,15.335481301594552,0.8239597862461525,1.0
energe_c,outer_0,streed,4,20,3,0.1,0.001,0.1,0.8501981643262222,13.612548148862215,0.0058894157409667,12.690926193255033,0.8606246925537793,14.607365689608056,0.8323180259029861,1.0
energe_c,outer_0,streed,4,20,3,0.1,0.001,0.001,0.8474145316074576,13.861921729830948,0.0056984424591064,13.37231400766535,0.8531415006513616,15.392499957472443,0.8233052533905285,1.0
energe_c,outer_0,streed,4,20,3,0.1,0.0001,0.1,0.8501645323272139,13.615529315512584,0.0057356357574462,12.691115706438682,0.8606226112668949,14.609272704401343,0.8322961347549197,1.0
energe_c,outer_0,streed,4,20,3,0.1,0.0001,0.001,0.847364997488219,13.866353156945038,0.0057332515716552,13.376261651008017,0.8530981465260445,15.398455274367729,0.8232368906675986,1.0
energe_c,outer_0,streed,4,20,3,0.1,1e-05,0.1,0.8501611465508434,13.615829460260068,0.0057783126831054,12.691135706540456,0.8606223916201732,14.609465049933233,0.8322939267675808,1.0
energe_c,outer_0,streed,4,20,3,0.1,1e-05,0.001,0.8473600172033082,13.866798716054165,0.0058121681213378,13.376658821405998,0.8530937846894469,15.399053571944505,0.8232300226449241,1.0
energe_c,outer_0,streed,4,20,3,0.08,0.1,0.1,0.8951582308492473,9.50647650279412,0.0281252861022949,9.214570999205678,0.8988029993680137,11.7197000379423,0.865466335275971,2.0
energe_c,outer_0,streed,4,20,3,0.08,0.1,0.001,0.8981179940542146,9.286159994883317,0.0284950733184814,5.549499857588129,0.9390538375965668,6.606437962523828,0.92416287899922,2.0
energe_c,outer_0,streed,4,20,3,0.08,0.01,0.1,0.8505140575910252,13.584571364147465,0.0274443626403808,13.19646666092581,0.8550727054856038,15.090161633864192,0.826775878281085,1.0
energe_c,outer_0,streed,4,20,3,0.08,0.01,0.001,0.8464932090418668,13.951751319399046,0.0059418678283691,13.335005874270092,0.8535512290260308,15.335481301594552,0.8239597862461525,1.0
energe_c,outer_0,streed,4,20,3,0.08,0.001,0.1,0.8501981643262222,13.612548148862215,0.027118444442749,12.690926193255033,0.8606246925537793,14.607365689608056,0.8323180259029861,1.0
energe_c,outer_0,streed,4,20,3,0.08,0.001,0.001,0.8474145316074576,13.861921729830948,0.0058972835540771,13.37231400766535,0.8531415006513616,15.392499957472443,0.8233052533905285,1.0
energe_c,outer_0,streed,4,20,3,0.08,0.0001,0.1,0.8501645323272139,13.615529315512584,0.0272412300109863,12.691115706438682,0.8606226112668949,14.609272704401343,0.8322961347549197,1.0
energe_c,outer_0,streed,4,20,3,0.08,0.0001,0.001,0.847364997488219,13.866353156945038,0.0060706138610839,13.376261651008017,0.8530981465260445,15.398455274367729,0.8232368906675986,1.0
energe_c,outer_0,streed,4,20,3,0.08,1e-05,0.1,0.8501611465508434,13.615829460260068,0.0271723270416259,12.691135706540456,0.8606223916201732,14.609465049933233,0.8322939267675808,1.0
energe_c,outer_0,streed,4,20,3,0.08,1e-05,0.001,0.8473600172033082,13.866798716054165,0.0059039592742919,13.376658821405998,0.8530937846894469,15.399053571944505,0.8232300226449241,1.0
energe_c,outer_0,streed,4,20,3,0.05,0.1,0.1,0.8951582308492473,9.50647650279412,0.2634162902832031,9.214570999205678,0.8988029993680137,11.7197000379423,0.865466335275971,2.0
energe_c,outer_0,streed,4,20,3,0.05,0.1,0.001,0.9364877569533072,5.764816414033274,0.2399625778198242,5.549499857588129,0.9390538375965668,6.606437962523828,0.92416287899922,2.0
energe_c,outer_0,streed,4,20,3,0.05,0.01,0.1,0.9356733309297888,5.840116944709377,0.2362442016601562,5.545234209914794,0.939100684134548,6.524355480556952,0.9251051264179164,2.0
energe_c,outer_0,streed,4,20,3,0.05,0.01,0.001,0.9311244371730828,6.251366228908116,0.0279226303100585,5.862534829770416,0.9356159998198006,6.962379475701718,0.920076928331523,2.0
energe_c,outer_0,streed,4,20,3,0.05,0.001,0.1,0.9311919896835122,6.248844206328639,0.0291624069213867,5.971548919176428,0.9344187765442442,7.008232312909087,0.9195505709838494,2.0
energe_c,outer_0,streed,4,20,3,0.05,0.001,0.001,0.9278299222052552,6.549609182264184,0.0280752182006835,6.132922485247174,0.9326465268248536,7.274166328593886,0.9164978411708826,2.0
energe_c,outer_0,streed,4,20,3,0.05,0.0001,0.1,0.9311435479219028,6.253164878092772,0.0293905735015869,5.9747666213939485,0.9343834388368928,7.011917138413782,0.9195082718569596,2.0
energe_c,outer_0,streed,4,20,3,0.05,0.0001,0.001,0.927784894611666,6.553643089788211,0.0271849632263183,6.136648374262709,0.9326056080676924,7.278352321457267,0.9164497890058446,2.0
energe_c,outer_0,streed,4,20,3,0.05,1e-05,0.1,0.9311386607894506,6.253600811394038,0.0295066833496093,5.975091985743336,0.9343798655944408,7.012288914687046,0.9195040041347194,2.0
energe_c,outer_0,streed,4,20,3,0.05,1e-05,0.001,0.9277803449507596,6.554050689423328,0.0271155834197998,6.137025174356767,0.9326014699434804,7.278774609922502,0.91644494144024,2.0
energe_c,outer_0,streed,4,20,3,0.03,0.1,0.1,0.9361786649896232,5.788664305503148,0.9814009666442872,5.5450399363363765,0.9391028177014216,6.906980577812544,0.92071286753906,3.0
energe_c,outer_0,streed,4,20,3,0.03,0.1,0.001,0.9370953874944776,5.707621188242615,0.9276523590087892,5.38876346940511,0.9408190896498576,6.811598848380672,0.9218077806824548,3.0
energe_c,outer_0,streed,4,20,3,0.03,0.01,0.1,0.9375379703914398,5.667357694751726,0.934077262878418,5.405289905143787,0.9406375917018754,6.889303356917019,0.9209157892266044,3.0
energe_c,outer_0,streed,4,20,3,0.03,0.01,0.001,0.9521603004734284,4.300503937236157,0.2543213367462158,2.9858121927556254,0.9672089738759048,3.62109929801336,0.95843240378899,3.0
energe_c,outer_0,streed,4,20,3,0.03,0.001,0.1,0.9576443076947272,3.827692579114801,0.915656566619873,3.073158828614862,0.96624970864641,3.8990796541980086,0.9552413907154694,3.0
energe_c,outer_0,streed,4,20,3,0.03,0.001,0.001,0.9649644400040674,3.191826939715907,0.2522921562194824,2.917643908192635,0.9679576170776988,3.50615344707212,0.9597518988717892,3.0
energe_c,outer_0,streed,4,20,3,0.03,0.0001,0.1,0.9576731986393674,3.825019752631539,0.9169495105743408,3.070332447419949,0.9662807487566432,3.895130228758653,0.9552867272578888,3.0
energe_c,outer_0,streed,4,20,3,0.03,0.0001,0.001,0.9657715209061632,3.1153458282927744,0.2523970603942871,2.913243098900066,0.9680059479984544,3.494508793916953,0.9598855710526754,3.0
energe_c,outer_0,streed,4,20,3,0.03,1e-05,0.1,0.9576760807828584,3.824753084970888,0.9171569347381592,3.0700525592898824,0.9662838225665122,3.8947377084001977,0.9552912331071964,3.0
energe_c,outer_0,streed,4,20,3,0.03,1e-05,0.001,0.9657751166401513,3.114999550454544,0.2517106533050537,2.9129032731687485,0.9680096800598548,3.4933974642728134,0.9598983283117568,3.0
energe_c,outer_0,streed,4,20,3,0.01,0.1,0.1,0.9436244166764706,5.094660606159169,2.7837023735046387,4.408793167256506,0.9515813980952978,5.229638457352831,0.939967539734667,4.0
energe_c,outer_0,streed,4,20,3,0.01,0.1,0.001,0.94723417429211,4.759973715086431,2.886838436126709,3.171182312104129,0.9651731872845942,4.099316507708952,0.9529428167222423,4.0
energe_c,outer_0,streed,4,20,3,0.01,0.01,0.1,0.9596429546795586,3.641120706444664,2.679391622543335,2.7782057665997546,0.9694889658191772,3.550578586183529,0.9592419304637936,5.0
energe_c,outer_0,streed,4,20,3,0.01,0.01,0.001,0.9645382385847712,3.2305223674905803,2.545546770095825,2.9858121927556254,0.9672089738759048,3.62109929801336,0.95843240378899,3.0
energe_c,outer_0,streed,4,20,3,0.01,0.001,0.1,0.9649858729649728,3.188078483829802,2.6161041259765625,2.977055748951619,0.967305139595312,3.660041001990088,0.9579853812432229,4.0
energe_c,outer_0,streed,4,20,3,0.01,0.001,0.001,0.9649644400040674,3.191826939715907,1.8866963386535645,2.917643908192635,0.9679576170776988,3.50615344707212,0.9597518988717892,3.0
energe_c,outer_0,streed,4,20,3,0.01,0.0001,0.1,0.9650168012464097,3.185315849773802,2.7586824893951416,2.974215305496876,0.9673363341412232,3.656669578818052,0.9580240827384148,4.0
energe_c,outer_0,streed,4,20,3,0.01,0.0001,0.001,0.9657715209061632,3.1153458282927744,1.8846766948699951,2.913243098900066,0.9680059479984544,3.494508793916953,0.9598855710526754,3.0
energe_c,outer_0,streed,4,20,3,0.01,1e-05,0.1,0.9650202354918586,3.185006911917158,2.7652158737182617,2.9739360000108896,0.9673394015523314,3.656342423440887,0.9580278382450984,4.0
energe_c,outer_0,streed,4,20,3,0.01,1e-05,0.001,0.9657751166401513,3.114999550454544,1.900856733322144,2.9129032731687485,0.9680096800598548,3.4933974642728134,0.9598983283117568,3.0
energe_c,outer_0,streed,4,20,3,0.008,0.1,0.1,0.956901803574802,3.9222091689177225,2.684933662414551,3.3879884997561467,0.962792160982802,4.2310023842604485,0.9514311582747128,5.0
energe_c,outer_0,streed,4,20,3,0.008,0.1,0.001,0.9623498246669816,3.4282348849130564,2.646672010421753,2.997984187498681,0.967075297619049,3.8505506510801033,0.9557984685087336,5.0
energe_c,outer_0,streed,4,20,3,0.008,0.01,0.1,0.9670430648827294,2.99582300459549,2.792548179626465,2.7782057665997546,0.9694889658191772,3.550578586183529,0.9592419304637936,5.0
energe_c,outer_0,streed,4,20,3,0.008,0.01,0.001,0.9679086874131374,2.920266882732427,2.8259894847869877,2.6952761714411837,0.9703997218700444,3.5421369037611345,0.9593388348614356,4.0
energe_c,outer_0,streed,4,20,3,0.008,0.001,0.1,0.965212486394132,3.168489422188353,2.5177290439605717,2.977055748951619,0.967305139595312,3.660041001990088,0.9579853812432229,4.0
energe_c,outer_0,streed,4,20,3,0.008,0.001,0.001,0.9649644400040674,3.191826939715907,2.6422877311706543,2.917643908192635,0.9679576170776988,3.50615344707212,0.9597518988717892,3.0
energe_c,outer_0,streed,4,20,3,0.008,0.0001,0.1,0.9652525882889011,3.164933796835611,2.521660327911377,2.974215305496876,0.9673363341412232,3.656669578818052,0.9580240827384148,4.0
energe_c,outer_0,streed,4,20,3,0.008,0.0001,0.001,0.9657715209061632,3.1153458282927744,2.576014757156372,2.913243098900066,0.9680059479984544,3.494508793916953,0.9598855710526754,3.0
energe_c,outer_0,streed,4,20,3,0.008,1e-05,0.1,0.9652570727315716,3.164534077165285,2.4834609031677246,2.9739360000108896,0.9673394015523314,3.656342423440887,0.9580278382450984,4.0
energe_c,outer_0,streed,4,20,3,0.008,1e-05,0.001,0.9657751166401513,3.114999550454544,2.5607056617736816,2.9129032731687485,0.9680096800598548,3.4933974642728134,0.9598983283117568,3.0
energe_c,outer_0,streed,4,20,3,0.005,0.1,0.1,0.9612453958809098,3.5235806726935563,2.995314121246338,2.801760135077356,0.9692302851446324,3.455891320187345,0.960328871670132,7.0
energe_c,outer_0,streed,4,20,3,0.005,0.1,0.001,0.9636997966433736,3.300295712057701,2.7583224773406982,2.753782409677954,0.9697571899683062,3.595141371295091,0.9587303819794504,6.0
energe_c,outer_0,streed,4,20,3,0.005,0.01,0.1,0.9670430648827294,2.99582300459549,2.7538866996765137,2.7782057665997546,0.9694889658191772,3.550578586183529,0.9592419304637936,5.0
energe_c,outer_0,streed,4,20,3,0.005,0.01,0.001,0.9679086874131374,2.920266882732427,2.732994079589844,2.6952761714411837,0.9703997218700444,3.5421369037611345,0.9593388348614356,4.0
energe_c,outer_0,streed,4,20,3,0.005,0.001,0.1,0.9674836493486492,2.9561947155296124,2.4876022338867188,2.72747796472078,0.9700460727533196,3.4950586806518062,0.9598792587513892,5.0
energe_c,outer_0,streed,4,20,3,0.005,0.001,0.001,0.9649644400040674,3.191826939715907,2.7635321617126465,2.917643908192635,0.9679576170776988,3.50615344707212,0.9597518988717892,3.0
energe_c,outer_0,streed,4,20,3,0.005,0.0001,0.1,0.9675336596670616,2.9517125602721026,2.522578001022339,2.723608868640289,0.9700885642505946,3.49001694423765,0.9599371342323464,5.0
energe_c,outer_0,streed,4,20,3,0.005,0.0001,0.001,0.9657715209061632,3.1153458282927744,2.695075750350952,2.913243098900066,0.9680059479984544,3.494508793916953,0.9598855710526754,3.0
energe_c,outer_0,streed,4,20,3,0.005,1e-05,0.1,0.9675382348292996,2.951305242972604,2.5295679569244385,2.723182654422102,0.9700932450545636,3.489475584737219,0.95994334864716,5.0
energe_c,outer_0,streed,4,20,3,0.005,1e-05,0.001,0.9657751166401513,3.114999550454544,2.6692442893981934,2.9129032731687485,0.9680096800598548,3.4933974642728134,0.9598983283117568,3.0
energe_c,outer_0,streed,4,20,3,0.003,0.1,0.1,0.9612453958809098,3.5235806726935563,3.43861722946167,2.740932852680293,0.9698983074036946,3.4173620193354384,0.96077116012684,7.0
energe_c,outer_0,streed,4,20,3,0.003,0.1,0.001,0.9636997966433736,3.300295712057701,3.137176752090454,2.662548102875388,0.9707591506894244,3.419150287665353,0.9607506321021336,7.0
energe_c,outer_0,streed,4,20,3,0.003,0.01,0.1,0.9670430648827294,2.99582300459549,3.069764852523804,2.666755472406825,0.970712944178327,3.4204377518101468,0.9607358529466056,7.0
energe_c,outer_0,streed,4,20,3,0.003,0.01,0.001,0.967948406768672,2.9155834995454555,2.644982099533081,2.020852979082647,0.9778064263416054,3.150771136437937,0.9638314302994642,7.0
energe_c,outer_0,streed,4,20,3,0.003,0.001,0.1,0.9674836493486492,2.9561947155296124,2.831066370010376,2.66151427889717,0.97077050443403,3.422555766033809,0.960711539677962,7.0
energe_c,outer_0,streed,4,20,3,0.003,0.001,0.001,0.9668837864170524,3.015177692106436,2.411437749862671,2.6966026310560944,0.97038515431888,3.2697071066514067,0.9624661315385296,4.0
energe_c,outer_0,streed,4,20,3,0.003,0.0001,0.1,0.9675336596670616,2.9517125602721026,2.8347055912017822,2.661025855458357,0.9707758684370912,3.422802558600472,0.9607087066781144,7.0
energe_c,outer_0,streed,4,20,3,0.003,0.0001,0.001,0.9658981569642876,3.10334431062174,2.3920345306396484,1.9318825456328168,0.9787835245712274,3.1894322579756413,0.9633876286367962,6.0
energe_c,outer_0,streed,4,20,3,0.003,1e-05,0.1,0.9675382348292996,2.951305242972604,2.8320319652557373,2.660977377632135,0.9707764008341622,3.4228275949693514,0.9607084192787404,7.0
energe_c,outer_0,streed,4,20,3,0.003,1e-05,0.001,0.9659010179923392,3.103067662132424,2.423760175704956,1.931332683805249,0.9787895633078888,3.193350013043695,0.9633426556472922,6.0
energe_c,outer_0,streed,4,20,3,0.001,0.1,0.1,0.9612453958809098,3.5235806726935563,3.809968709945679,2.7136124432005237,0.970198347795768,3.505320771830533,0.9597614573802332,9.0
energe_c,outer_0,streed,4,20,3,0.001,0.1,0.001,0.9636997966433736,3.300295712057701,3.582313776016236,2.6236883104555875,0.9711859198182752,3.454222323682767,0.9603480305407044,8.0
energe_c,outer_0,streed,4,20,3,0.001,0.01,0.1,0.9670430648827294,2.99582300459549,3.6145341396331783,2.6039269110548635,0.9714029450436292,3.2787208886673698,0.9623626598520784,8.0
energe_c,outer_0,streed,4,20,3,0.001,0.01,0.001,0.967948406768672,2.9155834995454555,2.9647116661071777,2.010770932847044,0.9779171501983496,3.148248100090931,0.963860392928618,8.0
energe_c,outer_0,streed,4,20,3,0.001,0.001,0.1,0.9674836493486492,2.9561947155296124,3.3669750690460205,2.075979115616574,0.9772010156638709,3.012062803506085,0.965423701457998,9.0
energe_c,outer_0,streed,4,20,3,0.001,0.001,0.001,0.9666273190539622,3.0410783431666304,2.778775930404663,1.8112791318846149,0.9801080250540332,2.9896541271556503,0.9656809368259064,7.0
energe_c,outer_0,streed,4,20,3,0.001,0.0001,0.1,0.96800268787062,2.911168527091132,3.373557806015014,2.0721926970984788,0.9772425991729892,3.01228934327924,0.9654211009455452,9.0
energe_c,outer_0,streed,4,20,3,0.001,0.0001,0.001,0.968601888375078,2.8584446378170054,2.882518768310547,1.8012748175682396,0.9802178952370602,3.020897729922201,0.9653222829042396,7.0
energe_c,outer_0,streed,4,20,3,0.001,1e-05,0.1,0.9680052411395612,2.910935987573206,3.372069358825684,2.071774534709327,0.977247191549516,3.0124030524674503,0.9654197956464547,9.0
energe_c,outer_0,streed,4,20,3,0.001,1e-05,0.001,0.9685956498962716,2.859187638999271,2.90156888961792,1.8005895680890662,0.980225420838847,3.0247365097240806,0.9652782164935686,7.0
energe_c,outer_0,streed,4,20,3,0.0005,0.1,0.1,0.9612004060546996,3.528740336160691,4.017042398452759,2.696677851889576,0.97038432822261,3.4871062701146043,0.9599705466622996,11.0
energe_c,outer_0,streed,4,20,3,0.0005,0.1,0.001,0.9636370704461468,3.3062403819693285,3.710339546203613,2.598849340384813,0.9714587083474608,3.452107887558219,0.9603723027353628,9.0
energe_c,outer_0,streed,4,20,3,0.0005,0.01,0.1,0.96702583812873,2.997455613787544,3.68764591217041,2.586578716555472,0.971593467776578,3.298706195814917,0.9621332430067246,10.0
energe_c,outer_0,streed,4,20,3,0.0005,0.01,0.001,0.967948406768672,2.9155834995454555,3.1948459148406982,1.9351573515970704,0.9787475597345288,3.269327771129054,0.962470486035472,9.0
energe_c,outer_0,streed,4,20,3,0.0005,0.001,0.1,0.9679562834804996,2.9154781166942816,3.5293502807617188,2.068243029538066,0.9772859755288328,3.0014257911433018,0.9655458066526912,10.0
energe_c,outer_0,streed,4,20,3,0.0005,0.001,0.001,0.9666028145115088,3.0469698405062555,2.9523839950561523,1.725414656537149,0.9810510127814872,2.923104751110225,0.9664448754434056,9.0
energe_c,outer_0,streed,4,20,3,0.0005,0.0001,0.1,0.9679860073251216,2.912749371161365,3.473644971847534,2.0644871105513,0.9773272240835524,3.0016423231894303,0.9655433210216936,10.0
energe_c,outer_0,streed,4,20,3,0.0005,0.0001,0.001,0.96870137837525,2.849314050422281,3.008167266845703,1.7184044249388086,0.981128001109164,2.948565265036833,0.9661526071913842,8.0
energe_c,outer_0,streed,4,20,3,0.0005,1e-05,0.1,0.9679885627729112,2.9125166251501864,3.4747159481048584,2.0640719965091865,0.9773317829822776,3.0017550363724004,0.9655420271560214,10.0
energe_c,outer_0,streed,4,20,3,0.0005,1e-05,0.001,0.9688086165983196,2.8402387769896422,3.035393238067627,1.7177099188403897,0.981135628369737,2.952292144538055,0.9661098253150852,8.0
energe_c,outer_0,streed,4,20,3,0.0001,0.1,0.1,0.961397246895349,3.509747841376518,4.123202323913574,2.672522271704456,0.9706496115725858,3.478539662319389,0.9600688851127046,12.0
energe_c,outer_0,streed,4,20,3,0.0001,0.1,0.001,0.9639431066715176,3.2781892336440683,3.923653364181519,2.5584795134794307,0.9719020610981433,3.4275622067522877,0.960654069366017,12.0
energe_c,outer_0,streed,4,20,3,0.0001,0.01,0.1,0.9672763355239464,2.974546444464944,3.928852796554565,2.559042009788449,0.9718958836060664,3.2927372375843693,0.9622017623222994,12.0
energe_c,outer_0,streed,4,20,3,0.0001,0.01,0.001,0.9684297254216696,2.873053869380962,3.290660858154297,1.885811865553907,0.979289485688838,3.23169984617747,0.962902427349952,11.0
energe_c,outer_0,streed,4,20,3,0.0001,0.001,0.1,0.9681701389847304,2.8956486577986187,3.730503559112549,2.035213767092069,0.9776487121437994,2.9910837148266176,0.9656645261952764,12.0
energe_c,outer_0,streed,4,20,3,0.0001,0.001,0.001,0.9639297417157864,3.293588674994466,3.0689916610717773,1.6739466959869422,0.9816162483455492,2.896065282738129,0.9667552689484022,11.0
energe_c,outer_0,streed,4,20,3,0.0001,0.0001,0.1,0.9682013497910776,2.8927816137037485,3.638592481613159,2.0313615206840345,0.9776910185932502,2.9912116704847542,0.9656630573570334,12.0
energe_c,outer_0,streed,4,20,3,0.0001,0.0001,0.001,0.966456472850375,3.0562596224921097,3.1669037342071533,1.6045037162896765,0.9823788906064768,3.001487875853301,0.9655450939652048,12.0
energe_c,outer_0,streed,4,20,3,0.0001,1e-05,0.1,0.9682040556764452,2.892534877709455,3.633286476135254,2.0309368301177164,0.9776956826640476,2.99131531351395,0.9656618676101546,12.0
energe_c,outer_0,streed,4,20,3,0.0001,1e-05,0.001,0.96645475649441,3.056578619678659,3.1849677562713623,1.5885524640520692,0.9825540717280838,3.030071193373834,0.9652169781906068,12.0
energe_c,outer_1,streed,4,20,3,0.1,0.1,0.1,0.8515731818549085,13.431009334713336,0.0255844593048095,13.202099677556744,0.8532986159928566,17.34625983077055,0.8104990740181267,1.0
energe_c,outer_1,streed,4,20,3,0.1,0.1,0.001,0.8511519916948896,13.465998918619473,0.0056345462799072,13.22363195402957,0.8530593499036332,17.537335088505795,0.8084116535236623,1.0
energe_c,outer_1,streed,4,20,3,0.1,0.01,0.1,0.8569209914503965,12.957244662313352,0.0057466030120849,12.938884131064231,0.8562234602150444,16.815650823661446,0.8162957644379906,1.0
energe_c,outer_1,streed,4,20,3,0.1,0.01,0.001,0.8492639548607004,13.646957276572072,0.0058090686798095,13.073284197762074,0.8547300102126373,17.109008267643354,0.813090952114147,1.0
energe_c,outer_1,streed,4,20,3,0.1,0.001,0.1,0.8566052906073859,12.985964466459356,0.0059494972229003,12.460363713380016,0.8615407664969601,16.248285482297316,0.8224940030558511,1.0
energe_c,outer_1,streed,4,20,3,0.1,0.001,0.001,0.8501402898182603,13.569058059786563,0.0060062408447265,13.118843799347,0.854223753119405,17.118701695335954,0.8129850553074804,1.0
energe_c,outer_1,streed,4,20,3,0.1,0.0001,0.1,0.8565680750891199,12.98932858942081,0.0059545040130615,12.461586588941303,0.8615271779359213,16.245879834272895,0.8225202837949073,1.0
energe_c,outer_1,streed,4,20,3,0.1,0.0001,0.001,0.8500685605353224,13.57553659102203,0.0059897899627685,13.123681236497712,0.8541699996451555,17.119737210060503,0.8129737427247632,1.0
energe_c,outer_1,streed,4,20,3,0.1,1e-05,0.1,0.8565643224475227,12.989667790442846,0.0059525966644287,12.461710762462715,0.8615257981230209,16.245639007793592,0.8225229147275276,1.0
energe_c,outer_1,streed,4,20,3,0.1,1e-05,0.001,0.8500613456339816,13.576188210432244,0.0060124397277832,13.124168056612174,0.8541645901128615,17.11984161921905,0.8129726020966153,1.0
energe_c,outer_1,streed,4,20,3,0.08,0.1,0.1,0.8956422734270065,9.406253469616717,0.0272083282470703,9.058556979140636,0.899341553358622,12.623605290473645,0.8620921792298458,2.0
energe_c,outer_1,streed,4,20,3,0.08,0.1,0.001,0.8707405041308486,11.808924728978129,0.0273354053497314,13.22363195402957,0.8530593499036332,17.537335088505795,0.8084116535236623,1.0
energe_c,outer_1,streed,4,20,3,0.08,0.01,0.1,0.8569209914503965,12.957244662313352,0.0266592502593994,12.938884131064231,0.8562234602150444,16.815650823661446,0.8162957644379906,1.0
energe_c,outer_1,streed,4,20,3,0.08,0.01,0.001,0.8666397831437059,12.177063293272315,0.0062129497528076,13.073284197762074,0.8547300102126373,17.109008267643354,0.813090952114147,1.0
energe_c,outer_1,streed,4,20,3,0.08,0.001,0.1,0.8566052906073859,12.985964466459356,0.0264015197753906,12.460363713380016,0.8615407664969601,16.248285482297316,0.8224940030558511,1.0
energe_c,outer_1,streed,4,20,3,0.08,0.001,0.001,0.8665449438371318,12.181319769115412,0.0060229301452636,13.118843799347,0.854223753119405,17.118701695335954,0.8129850553074804,1.0
energe_c,outer_1,streed,4,20,3,0.08,0.0001,0.1,0.8565680750891199,12.98932858942081,0.0263342857360839,12.461586588941303,0.8615271779359213,16.245879834272895,0.8225202837949073,1.0
energe_c,outer_1,streed,4,20,3,0.08,0.0001,0.001,0.8664823910483532,12.187022022332185,0.006155252456665,13.123681236497712,0.8541699996451555,17.119737210060503,0.8129737427247632,1.0
energe_c,outer_1,streed,4,20,3,0.08,1e-05,0.1,0.8565643224475227,12.989667790442846,0.0263264179229736,12.461710762462715,0.8615257981230209,16.245639007793592,0.8225229147275276,1.0
energe_c,outer_1,streed,4,20,3,0.08,1e-05,0.001,0.8664760970617557,12.187595737712853,0.0061817169189453,13.124168056612174,0.8541645901128615,17.11984161921905,0.8129726020966153,1.0
energe_c,outer_1,streed,4,20,3,0.05,0.1,0.1,0.8956422734270065,9.406253469616717,0.2271566390991211,9.058556979140636,0.899341553358622,12.623605290473645,0.8620921792298458,2.0
energe_c,outer_1,streed,4,20,3,0.05,0.1,0.001,0.9154788471438284,7.58729091136684,0.2185664176940918,5.720438031319239,0.9364346432145,5.746411577825767,0.937222760082306,2.0
energe_c,outer_1,streed,4,20,3,0.05,0.01,0.1,0.9151479415383752,7.611535667483184,0.2034313678741455,5.704694384239224,0.9366095862063244,5.534714853049628,0.9395354618268772,2.0
energe_c,outer_1,streed,4,20,3,0.05,0.01,0.001,0.9299438268797494,6.288216619292752,0.0267872810363769,6.051455506044294,0.9327563857510096,5.897990038184799,0.9355668262454342,2.0
energe_c,outer_1,streed,4,20,3,0.05,0.001,0.1,0.9309385901932062,6.202895187222367,0.2038161754608154,6.163836273946865,0.9315076136170498,5.894006750656721,0.9356103420628142,2.0
energe_c,outer_1,streed,4,20,3,0.05,0.001,0.001,0.9274316730238672,6.513953152234019,0.0266637802124023,6.344453566536486,0.929500599017428,6.142496535007715,0.9328956909108688,2.0
energe_c,outer_1,streed,4,20,3,0.05,0.0001,0.1,0.9308888051388214,6.207289446300279,0.2029666900634765,6.167243874965493,0.9314697484442526,5.896588845982423,0.9355821337078164,2.0
energe_c,outer_1,streed,4,20,3,0.05,0.0001,0.001,0.9273803998616158,6.518533281466582,0.0265357494354248,6.3484025422843136,0.929456718102894,6.1457764769118,0.9328598588621126,2.0
energe_c,outer_1,streed,4,20,3,0.05,1e-05,0.1,0.9308837841678668,6.207732710735757,0.2029657363891601,6.167588279216047,0.9314659214332884,5.896849675152384,0.9355792842538296,2.0
energe_c,outer_1,streed,4,20,3,0.05,1e-05,0.001,0.9273752199617932,6.518996025165516,0.0266871452331542,6.348801749294145,0.929452282125112,6.146108829010601,0.932856228048837,2.0
energe_c,outer_1,streed,4,20,3,0.03,0.1,0.1,0.9333087396987656,5.9790203036174665,0.8710117340087891,5.708181013672839,0.9365708428718608,6.6022742771473455,0.927872803629614,3.0
energe_c,outer_1,streed,4,20,3,0.03,0.1,0.001,0.9343761163139016,5.884419834649755,0.8147094249725342,5.560422237521832,0.938212734501978,6.380529609232594,0.9302952751197994,3.0
energe_c,outer_1,streed,4,20,3,0.03,0.01,0.1,0.9342490377037932,5.89414940658116,0.815460205078125,5.602735688338608,0.9377425485506106,6.432147851090907,0.9297313665467044,3.0
energe_c,outer_1,streed,4,20,3,0.03,0.01,0.001,0.9497873313086416,4.43897121819469,0.2244818210601806,2.982027972822564,0.966863783682472,3.6537468754137454,0.9600842819749504,3.0
energe_c,outer_1,streed,4,20,3,0.03,0.001,0.1,0.9619113380852584,3.428146964329489,0.7947347164154053,3.167712183800423,0.9648004656191316,3.492435618190373,0.9618465427108877,3.0
energe_c,outer_1,streed,4,20,3,0.03,0.001,0.001,0.9646068295479976,3.1826621391752536,0.2263767719268798,2.9178659949536327,0.9675767498911736,3.531541540357661,0.9614193262080578,3.0
energe_c,outer_1,streed,4,20,3,0.03,0.0001,0.1,0.9619806092087256,3.4220091667253025,0.7937736511230469,3.165050665804227,0.9648300403370276,3.484378489325441,0.9619345636096608,3.0
energe_c,outer_1,streed,4,20,3,0.03,0.0001,0.001,0.9646582853773056,3.178344171806003,0.2252202033996582,2.9132282862292795,0.9676282839884084,3.5150469012204866,0.9615995235197968,3.0
energe_c,outer_1,streed,4,20,3,0.03,1e-05,0.1,0.9619825366476452,3.421843217437427,0.7930033206939697,3.1647872998509574,0.964832966852566,3.4835667866183893,0.9619434311359236,3.0
energe_c,outer_1,streed,4,20,3,0.03,1e-05,0.001,0.9646622683925208,3.178020648969061,0.2262194156646728,2.9128594289842167,0.9676323827204034,3.5133714971552763,0.9616178266367136,3.0
energe_c,outer_1,streed,4,20,3,0.01,0.1,0.1,0.9422564840330258,5.150859235695049,2.679748296737671,4.407219617770328,0.9510270916489556,5.433716841307953,0.9406388245652484,4.0
energe_c,outer_1,streed,4,20,3,0.01,0.1,0.001,0.9564655765851384,3.888800356956606,2.6019809246063232,3.228806840519149,0.9641215834022888,4.08357633330241,0.9553885676781024,4.0
energe_c,outer_1,streed,4,20,3,0.01,0.01,0.1,0.964965718276237,3.1459560489397305,2.6726882457733154,2.90044815825809,0.9677702964339248,3.948062433288339,0.9568690026414096,5.0
energe_c,outer_1,streed,4,20,3,0.01,0.01,0.001,0.9637982468530772,3.2537292761210743,2.36184310913086,2.982027972822564,0.966863783682472,3.6537468754137454,0.9600842819749504,3.0
energe_c,outer_1,streed,4,20,3,0.01,0.001,0.1,0.9645246687229292,3.188299688593536,2.4231302738189697,2.9345566464043484,0.9673912838117164,3.7667028591522,0.9588502831923622,4.0
energe_c,outer_1,streed,4,20,3,0.01,0.001,0.001,0.9646068295479976,3.1826621391752536,1.771686553955078,2.9178659949536327,0.9675767498911736,3.531541540357661,0.9614193262080578,3.0
energe_c,outer_1,streed,4,20,3,0.01,0.0001,0.1,0.964600246347504,3.181516242322905,2.4028091430664062,2.931927475691495,0.9674204990874518,3.7648097925445696,0.9588709641851868,4.0
energe_c,outer_1,streed,4,20,3,0.01,0.0001,0.001,0.9646582853773056,3.178344171806003,1.7204585075378418,2.9132282862292795,0.9676282839884084,3.5150469012204866,0.9615995235197968,3.0
energe_c,outer_1,streed,4,20,3,0.01,1e-05,0.1,0.9646027834216964,3.181287342836397,2.4419939517974854,2.9316690116136805,0.9674233711334792,3.7646188948001007,0.95887304966642,4.0
energe_c,outer_1,streed,4,20,3,0.01,1e-05,0.001,0.9646622683925208,3.178020648969061,1.718550443649292,2.9128594289842167,0.9676323827204034,3.5133714971552763,0.9616178266367136,3.0
energe_c,outer_1,streed,4,20,3,0.008,0.1,0.1,0.954306463013882,4.078223440706843,2.542192220687866,3.3937465106025373,0.962288778131166,4.318532683387161,0.9528217638632882,5.0
energe_c,outer_1,streed,4,20,3,0.008,0.1,0.001,0.9620635098345822,3.4067400692214638,2.568758726119995,3.0544084961912263,0.9660594932125708,3.8374631388475913,0.9580772555393792,5.0
energe_c,outer_1,streed,4,20,3,0.008,0.01,0.1,0.964965718276237,3.1459560489397305,2.50980281829834,2.90044815825809,0.9677702964339248,3.948062433288339,0.9568690026414096,5.0
energe_c,outer_1,streed,4,20,3,0.008,0.01,0.001,0.9660553445996426,3.051822678527896,2.6700778007507324,2.7578445201238915,0.9693549043061336,3.4250074404049857,0.9625831684879864,4.0
energe_c,outer_1,streed,4,20,3,0.008,0.001,0.1,0.9645246687229292,3.188299688593536,2.3359498977661133,2.9345566464043484,0.9673912838117164,3.7667028591522,0.9588502831923622,4.0
energe_c,outer_1,streed,4,20,3,0.008,0.001,0.001,0.9646068295479976,3.1826621391752536,2.3107478618621826,2.9178659949536327,0.9675767498911736,3.531541540357661,0.9614193262080578,3.0
energe_c,outer_1,streed,4,20,3,0.008,0.0001,0.1,0.964600246347504,3.181516242322905,2.303409576416016,2.931927475691495,0.9674204990874518,3.7648097925445696,0.9588709641851868,4.0
energe_c,outer_1,streed,4,20,3,0.008,0.0001,0.001,0.9646582853773056,3.178344171806003,2.277656555175781,2.9132282862292795,0.9676282839884084,3.5150469012204866,0.9615995235197968,3.0
energe_c,outer_1,streed,4,20,3,0.008,1e-05,0.1,0.9646027834216964,3.181287342836397,2.327901840209961,2.9316690116136805,0.9674233711334792,3.7646188948001007,0.95887304966642,4.0
energe_c,outer_1,streed,4,20,3,0.008,1e-05,0.001,0.9646622683925208,3.178020648969061,2.2917826175689697,2.9128594289842167,0.9676323827204034,3.5133714971552763,0.9616178266367136,3.0
energe_c,outer_1,streed,4,20,3,0.005,0.1,0.1,0.9589293193803384,3.687156687051179,2.820064783096313,2.7848027162449043,0.9690553455406432,3.592672963572548,0.9607514899471676,7.0
energe_c,outer_1,streed,4,20,3,0.005,0.1,0.001,0.9620635098345822,3.4067400692214638,2.590786457061768,2.792542697646609,0.9689693390711004,3.623815902019716,0.9604112658451937,6.0
energe_c,outer_1,streed,4,20,3,0.005,0.01,0.1,0.964965718276237,3.1459560489397305,2.582237720489502,2.90044815825809,0.9677702964339248,3.948062433288339,0.9568690026414096,5.0
energe_c,outer_1,streed,4,20,3,0.005,0.01,0.001,0.9658054940540608,3.074191398317474,2.3817954063415527,2.7578445201238915,0.9693549043061336,3.4250074404049857,0.9625831684879864,4.0
energe_c,outer_1,streed,4,20,3,0.005,0.001,0.1,0.9654861073168824,3.0993723052528463,2.284389019012451,2.843361704147687,0.9684046396089192,3.915474281401677,0.9572250151201116,5.0
energe_c,outer_1,streed,4,20,3,0.005,0.001,0.001,0.9646068295479976,3.1826621391752536,2.6783640384674072,2.9178659949536327,0.9675767498911736,3.531541540357661,0.9614193262080578,3.0
energe_c,outer_1,streed,4,20,3,0.005,0.0001,0.1,0.9655344113919208,3.0951182377687125,2.2572178840637207,2.68076189220447,0.9702114444379968,3.318168393882322,0.9637503421867888,6.0
energe_c,outer_1,streed,4,20,3,0.005,0.0001,0.001,0.9646582853773056,3.178344171806003,2.616668224334717,2.9132282862292795,0.9676282839884084,3.5150469012204866,0.9615995235197968,3.0
energe_c,outer_1,streed,4,20,3,0.005,1e-05,0.1,0.9655387400129288,3.094734719561366,2.2705729007720947,2.680398184857874,0.9702154859444556,3.3175010058714065,0.963757633132923,6.0
energe_c,outer_1,streed,4,20,3,0.005,1e-05,0.001,0.9646622683925208,3.178020648969061,2.6071932315826416,2.9128594289842167,0.9676323827204034,3.5133714971552763,0.9616178266367136,3.0
energe_c,outer_1,streed,4,20,3,0.003,0.1,0.1,0.9589293193803384,3.687156687051179,3.192427396774292,2.7335270334495028,0.9696251195777824,3.5621680376469738,0.9610847440184374,7.0
energe_c,outer_1,streed,4,20,3,0.003,0.1,0.001,0.9620635098345822,3.4067400692214638,2.9316494464874268,2.652781531693821,0.9705223614672712,3.6406656116700256,0.9602271895306214,7.0
energe_c,outer_1,streed,4,20,3,0.003,0.01,0.1,0.964965718276237,3.1459560489397305,2.8751492500305176,2.660330374509569,0.9704384789246628,3.5279043486996127,0.9614590610669784,7.0
energe_c,outer_1,streed,4,20,3,0.003,0.01,0.001,0.9666113750088644,2.999913733883552,2.487057685852051,2.0401173318937955,0.9773302699240664,2.565096031775359,0.9719773554647448,7.0
energe_c,outer_1,streed,4,20,3,0.003,0.001,0.1,0.9654861073168824,3.0993723052528463,2.634726285934448,2.654976338374413,0.9704979728332256,3.529038888974693,0.9614466666698698,7.0
energe_c,outer_1,streed,4,20,3,0.003,0.001,0.001,0.9671738989015536,2.953188094155498,2.2646846771240234,2.65251763767754,0.9705252938506318,3.5016189885445503,0.9617462180759098,4.0
energe_c,outer_1,streed,4,20,3,0.003,0.0001,0.1,0.9655344113919208,3.0951182377687125,2.5952019691467285,2.654478809441093,0.9705035013616328,3.529201737435592,0.9614448876158008,7.0
energe_c,outer_1,streed,4,20,3,0.003,0.0001,0.001,0.9659727359200158,3.061016910711743,2.23658299446106,1.9522408608709092,0.9783067509562948,2.109654063479565,0.9769528761571052,6.0
energe_c,outer_1,streed,4,20,3,0.003,1e-05,0.1,0.9655387400129288,3.094734719561366,2.608532190322876,2.654429446253863,0.9705040498840696,3.5292185298818874,0.9614447041650652,7.0
energe_c,outer_1,streed,4,20,3,0.003,1e-05,0.001,0.9659894228010324,3.059556117221833,2.239025115966797,1.9519304432012856,0.9783102003092664,2.10700351022764,0.9769818323874688,6.0
energe_c,outer_1,streed,4,20,3,0.001,0.1,0.1,0.9602106834510844,3.575167844931757,3.632517337799072,2.6429608788466203,0.9706314883031326,3.603440985666978,0.960633853627996,8.0
energe_c,outer_1,streed,4,20,3,0.001,0.1,0.001,0.9629973319140004,3.325563235037384,3.341426134109497,2.5740236538253765,0.9713975169324588,3.6517568185661866,0.9601060225472148,8.0
energe_c,outer_1,streed,4,20,3,0.001,0.01,0.1,0.964965718276237,3.1459560489397305,3.346299886703491,2.5751041681769573,0.971385510285434,3.560521659792813,0.9611027300356492,8.0
energe_c,outer_1,streed,4,20,3,0.001,0.01,0.001,0.9666113750088644,2.999913733883552,2.7934494018554688,2.030087550400562,0.9774417205919362,2.5594934636871045,0.9720385612722768,8.0
energe_c,outer_1,streed,4,20,3,0.001,0.001,0.1,0.9657509661638164,3.076309617842138,3.191445827484131,2.0566810232194426,0.977146214622176,2.785782325277715,0.9695664462901908,9.0
energe_c,outer_1,streed,4,20,3,0.001,0.001,0.001,0.9659551941103336,3.060822902863618,2.6173794269561768,1.784351296652573,0.9801723353733748,2.1408820949397223,0.97661172244812,7.0
energe_c,outer_1,streed,4,20,3,0.001,0.0001,0.1,0.9657915632493808,3.072732318481461,3.1325433254241943,2.0524063379361595,0.977193714812492,2.778851187140137,0.9696421661922324,9.0
energe_c,outer_1,streed,4,20,3,0.001,0.0001,0.001,0.9656639435056216,3.087173956435372,2.708073616027832,1.7769095512361908,0.9802550278525012,2.109762012479668,0.9769516968576092,7.0
energe_c,outer_1,streed,4,20,3,0.001,1e-05,0.1,0.9657953282903616,3.072398343769887,3.137605905532837,2.0520395773288613,0.9771977902467036,2.7782093804931782,0.9696491776722338,9.0
energe_c,outer_1,streed,4,20,3,0.001,1e-05,0.001,0.96485804440152,3.155375957979904,2.6768925189971924,1.7764590073222408,0.9802600342846102,2.107039673419808,0.97698143731911,7.0
energe_c,outer_1,streed,4,20,3,0.0005,0.1,0.1,0.9602045416799831,3.575756139832406,3.775662660598755,2.6242808138417795,0.9708390606936222,3.588578563616005,0.960796219623229,11.0
energe_c,outer_1,streed,4,20,3,0.0005,0.1,0.001,0.9629973319140004,3.325563235037384,3.5512044429779053,2.510190248950517,0.9721068320467016,3.61233665271527,0.9605366720361528,9.0
energe_c,outer_1,streed,4,20,3,0.0005,0.01,0.1,0.9649751874890824,3.145235986322932,3.4500136375427246,2.063556569582432,0.977069813732023,2.84089442110435,0.9689643687649008,10.0
energe_c,outer_1,streed,4,20,3,0.0005,0.01,0.001,0.9666087247398524,3.0001510082299085,2.9337174892425537,1.9732528452997813,0.9780732663385644,2.749467083218653,0.9699631757329976,9.0
energe_c,outer_1,streed,4,20,3,0.0005,0.001,0.1,0.9657358969104752,3.077753039414123,3.28039813041687,2.0408817942652258,0.9773217752383232,2.788391451859655,0.9695379426295684,10.0
energe_c,outer_1,streed,4,20,3,0.0005,0.001,0.001,0.9639076610674384,3.2540154475868506,2.7184128761291504,1.703279483197128,0.9810732032298796,2.1416921698376097,0.976602872705019,9.0
energe_c,outer_1,streed,4,20,3,0.0005,0.0001,0.1,0.965777028166624,3.0741245740581804,3.266472578048706,2.036629471036268,0.9773690269420804,2.781506868608553,0.9696131539381624,10.0
energe_c,outer_1,streed,4,20,3,0.0005,0.0001,0.001,0.9633197467677816,3.3071128778094923,2.7860891819000244,1.6982119069051,0.9811295140042078,2.1106503743066227,0.976941991861232,8.0
energe_c,outer_1,streed,4,20,3,0.0005,1e-05,0.1,0.9657808466126656,3.073785483896289,3.257222414016724,2.036264941995924,0.9773730775791786,2.7808697142536065,0.9696201145937408,10.0
energe_c,outer_1,streed,4,20,3,0.0005,1e-05,0.001,0.964159716774142,3.224196648375761,2.836848735809326,1.697761672200362,0.981134517000392,2.1078836996218717,0.9769722166716388,8.0
energe_c,outer_1,streed,4,20,3,0.0001,0.1,0.1,0.9568604046535888,3.895625530999435,3.882977724075317,2.6242808138417795,0.9708390606936222,3.588578563616005,0.960796219623229,11.0
energe_c,outer_1,streed,4,20,3,0.0001,0.1,0.001,0.963062081002171,3.3191649382434427,3.66217851638794,2.486595895002207,0.9723690118865383,3.5788368382825246,0.9609026440622358,11.0
energe_c,outer_1,streed,4,20,3,0.0001,0.01,0.1,0.965056717238326,3.137477916222235,3.663920164108277,2.05842953780668,0.9771267851741208,2.804211157433019,0.9693651186961004,11.0
energe_c,outer_1,streed,4,20,3,0.0001,0.01,0.001,0.9668452623990142,2.9787974549523515,3.098982095718384,1.9212462286630647,0.978651162493303,2.72098205441671,0.9702743632389644,11.0
energe_c,outer_1,streed,4,20,3,0.0001,0.001,0.1,0.9658494272508016,3.067099652508928,3.4092674255371094,2.03206713136052,0.9774197235404312,2.7501794003501145,0.9699553939542558,11.0
energe_c,outer_1,streed,4,20,3,0.0001,0.001,0.001,0.9639959610531372,3.2455575564574257,2.841364860534668,1.5773633911884917,0.9824723795289222,2.275002302614584,0.9751465130142002,12.0
energe_c,outer_1,streed,4,20,3,0.0001,0.0001,0.1,0.965892126084976,3.0633215516598007,3.3612420558929443,2.0273958876711564,0.9774716302773142,2.743129476883305,0.97003241153834,11.0
energe_c,outer_1,streed,4,20,3,0.0001,0.0001,0.001,0.9639051489342852,3.251997547147912,2.871269702911377,1.5408026418251626,0.9828786416132068,2.2245950115543245,0.975697192435894,12.0
energe_c,outer_1,streed,4,20,3,0.0001,1e-05,0.1,0.9658961041631297,3.0629672229424387,3.362947463989258,2.0269889488235626,0.977476152171074,2.742475713791843,0.970039553637698,11.0
energe_c,outer_1,streed,4,20,3,0.0001,1e-05,0.001,0.9643730366429142,3.2048202300526327,2.928812026977539,1.5403403989347624,0.9828837780440344,2.221807537786966,0.9757276444679296,12.0
energe_c,outer_2,streed,4,20,3,0.1,0.1,0.1,0.8336421603022389,15.050983998461462,0.0260162353515625,14.558115811367855,0.8385099579840879,11.040297070728704,0.8783735668584853,1.0
energe_c,outer_2,streed,4,20,3,0.1,0.1,0.001,0.8315282312029382,15.242494275650502,0.0058026313781738,14.573712818324784,0.838336943746433,11.011487583451157,0.8786909491857684,1.0
energe_c,outer_2,streed,4,20,3,0.1,0.01,0.1,0.8393015522709786,14.542336795480196,0.0058104991912841,13.670623745109088,0.8483547162567899,10.196406467271036,0.8876703641640874,1.0
energe_c,outer_2,streed,4,20,3,0.1,0.01,0.001,0.8356631051644068,14.870461710026328,0.0058715343475341,14.29890265393253,0.8413853536896655,10.736445266138002,0.8817209777985372,1.0
energe_c,outer_2,streed,4,20,3,0.1,0.001,0.1,0.8411399747360929,14.374035017629083,0.006005048751831,13.664792665750443,0.8484193991637557,10.186905559830723,0.8877750317718673,1.0
energe_c,outer_2,streed,4,20,3,0.1,0.001,0.001,0.8353235451931971,14.900447259964574,0.0059337615966796,14.328850568998266,0.8410531479203942,10.764347270606429,0.8814135928378561,1.0
energe_c,outer_2,streed,4,20,3,0.1,0.0001,0.1,0.8411315053968828,14.374744925130676,0.0059967041015625,13.66430170960655,0.848424845234479,10.186106967531146,0.8877838295363034,1.0
energe_c,outer_2,streed,4,20,3,0.1,0.0001,0.001,0.8352873192208046,14.903645765562027,0.0059947967529296,14.332059407855754,0.841017552962322,10.767435977439884,0.8813795658191296,1.0
energe_c,outer_2,streed,4,20,3,0.1,1e-05,0.1,0.8411306413841609,14.374817415267607,0.0060615539550781,13.664253732845753,0.8484253774303495,10.18602885742868,0.8877846900433254,1.0
energe_c,outer_2,streed,4,20,3,0.1,1e-05,0.001,0.8352836710363674,14.903967872161743,0.0059287548065185,14.33238266939678,0.841013967091697,10.767748117593726,0.881376127098839,1.0
energe_c,outer_2,streed,4,20,3,0.08,0.1,0.1,0.9136422407554078,7.87807820974227,0.0272111892700195,10.411629489331265,0.8845060373559265,7.294184069121726,0.9196429602100936,2.0
energe_c,outer_2,streed,4,20,3,0.08,0.1,0.001,0.93435768008443,5.934556423797949,0.0268781185150146,5.656429239992164,0.9372544491703324,5.813869736640651,0.9359509771986302,2.0
energe_c,outer_2,streed,4,20,3,0.08,0.01,0.1,0.8950422840136797,9.62427822768194,0.0271713733673095,5.636736396082335,0.9374728976448204,5.776502513944298,0.9363626365936488,2.0
energe_c,outer_2,streed,4,20,3,0.08,0.01,0.001,0.890873470610052,9.996871100475488,0.0182454586029052,5.9575275171824496,0.9339144308558464,6.055130885270816,0.9332931018918768,2.0
energe_c,outer_2,streed,4,20,3,0.08,0.001,0.1,0.9340519026314866,5.958370077972069,0.0272700786590576,5.684280282217463,0.9369455035596898,5.803549434962027,0.9360646717372892,2.0
energe_c,outer_2,streed,4,20,3,0.08,0.001,0.001,0.9292114799245956,6.394194545767138,0.0062901973724365,5.987434792806768,0.9335826758911429,6.087924507868617,0.9329318279767994,2.0
energe_c,outer_2,streed,4,20,3,0.08,0.0001,0.1,0.9339916005092426,5.963742506539096,0.0272097587585449,5.689477222267102,0.9368878550234476,5.806661504983064,0.9360303873358896,2.0
energe_c,outer_2,streed,4,20,3,0.08,0.0001,0.001,0.9291685032947428,6.397953192896378,0.0068895816802978,5.990778860071943,0.93354558087348,6.091737441895719,0.9328898224435652,2.0
energe_c,outer_2,streed,4,20,3,0.08,1e-05,0.1,0.9339855232387242,5.964283959659011,0.027292251586914,5.690001520337756,0.9368820390979146,5.806977060864517,0.936026910985926,2.0
energe_c,outer_2,streed,4,20,3,0.08,1e-05,0.001,0.9291641562659512,6.398333439486268,0.0062270164489746,5.99111718913916,0.9335418278620335,6.092124581526027,0.9328855574847456,2.0
energe_c,outer_2,streed,4,20,3,0.05,0.1,0.1,0.9099844400944718,8.18761015352761,0.2187187671661377,5.828057372956363,0.9353506152702162,6.317958842836685,0.9303976338801184,3.0
energe_c,outer_2,streed,4,20,3,0.05,0.1,0.001,0.93435768008443,5.934556423797949,0.2169585227966308,5.656429239992164,0.9372544491703324,5.813869736640651,0.9359509771986302,2.0
energe_c,outer_2,streed,4,20,3,0.05,0.01,0.1,0.9340205959355832,5.96401207195477,0.210493803024292,5.636736396082335,0.9374728976448204,5.776502513944298,0.9363626365936488,2.0
energe_c,outer_2,streed,4,20,3,0.05,0.01,0.001,0.9306714037373172,6.259638251975358,0.0259885787963867,5.9575275171824496,0.9339144308558464,6.055130885270816,0.9332931018918768,2.0
energe_c,outer_2,streed,4,20,3,0.05,0.001,0.1,0.9340519026314866,5.958370077972069,0.0283670425415039,5.684280282217463,0.9369455035596898,5.803549434962027,0.9360646717372892,2.0
energe_c,outer_2,streed,4,20,3,0.05,0.001,0.001,0.9292114799245956,6.394194545767138,0.0252466201782226,5.987434792806768,0.9335826758911429,6.087924507868617,0.9329318279767994,2.0
energe_c,outer_2,streed,4,20,3,0.05,0.0001,0.1,0.9339916005092426,5.963742506539096,0.0283679962158203,5.689477222267102,0.9368878550234476,5.806661504983064,0.9360303873358896,2.0
energe_c,outer_2,streed,4,20,3,0.05,0.0001,0.001,0.9291685032947428,6.397953192896378,0.0251612663269042,5.990778860071943,0.93354558087348,6.091737441895719,0.9328898224435652,2.0
energe_c,outer_2,streed,4,20,3,0.05,1e-05,0.1,0.9339855232387242,5.964283959659011,0.0284125804901123,5.690001520337756,0.9368820390979146,5.806977060864517,0.936026910985926,2.0
energe_c,outer_2,streed,4,20,3,0.05,1e-05,0.001,0.9291641562659512,6.398333439486268,0.0252189636230468,5.99111718913916,0.9335418278620335,6.092124581526027,0.9328855574847456,2.0
energe_c,outer_2,streed,4,20,3,0.03,0.1,0.1,0.9306655734112712,6.245544204308696,0.8570806980133057,5.828057372956363,0.9353506152702162,6.317958842836685,0.9303976338801184,3.0
energe_c,outer_2,streed,4,20,3,0.03,0.1,0.001,0.9319696522945474,6.126832178692076,0.8269529342651367,5.692386225161672,0.9368555860811094,6.089095051176512,0.9329189325803744,3.0
energe_c,outer_2,streed,4,20,3,0.03,0.01,0.1,0.9315778207693852,6.158991560595891,0.8166606426239014,5.732549345870089,0.9364100652366038,6.081101024588155,0.9330069994986964,3.0
energe_c,outer_2,streed,4,20,3,0.03,0.01,0.001,0.949955142754686,4.558805209749809,0.2236702442169189,3.092494741911737,0.9656956221343324,3.448546093394094,0.9620087794579658,3.0
energe_c,outer_2,streed,4,20,3,0.03,0.001,0.1,0.941794235687544,5.302188977574596,0.8118772506713867,5.684280282217463,0.9369455035596898,5.803549434962027,0.9360646717372892,2.0
energe_c,outer_2,streed,4,20,3,0.03,0.001,0.001,0.96204651207131,3.420781052565925,0.2225258350372314,3.017441248731416,0.966528174363218,3.149498177321856,0.96530326792483,3.0
energe_c,outer_2,streed,4,20,3,0.03,0.0001,0.1,0.9505907161137171,4.49962012360094,0.8150713443756104,5.689477222267102,0.9368878550234476,5.806661504983064,0.9360303873358896,2.0
energe_c,outer_2,streed,4,20,3,0.03,0.0001,0.001,0.9630387438073496,3.335817316881711,0.2228169441223144,3.012071750749243,0.9665877370474268,3.142301239211492,0.9653825536457028,3.0
energe_c,outer_2,streed,4,20,3,0.03,1e-05,0.1,0.9505893565064184,4.499741110408411,0.8033640384674072,5.690001520337756,0.9368820390979146,5.806977060864517,0.936026910985926,2.0
energe_c,outer_2,streed,4,20,3,0.03,1e-05,0.001,0.9630409896829992,3.33553890277886,0.2217886447906494,3.0116223436036704,0.9665927222240636,3.1416952914822023,0.965389229123773,3.0
energe_c,outer_2,streed,4,20,3,0.01,0.1,0.1,0.9446286337223508,4.9905231225123545,2.301809787750244,4.562254294281911,0.9493918960930676,5.010062424203992,0.9448061932963872,4.0
energe_c,outer_2,streed,4,20,3,0.01,0.1,0.001,0.9537497822186526,4.148467313774614,2.1760618686676025,3.3224129307664243,0.96314518920335,3.649161821528765,0.9597986781093526,4.0
energe_c,outer_2,streed,4,20,3,0.01,0.01,0.1,0.963187084838652,3.324723259108857,2.2053253650665283,3.085252980489792,0.965775953433482,3.3337748601916517,0.9632731671490068,5.0
energe_c,outer_2,streed,4,20,3,0.01,0.01,0.001,0.9619042969007728,3.4367175062566644,2.2349679470062256,3.092494741911737,0.9656956221343324,3.448546093394094,0.9620087794579658,3.0
energe_c,outer_2,streed,4,20,3,0.01,0.001,0.1,0.9626403273573712,3.375144294156117,2.1473946571350098,3.088087488143662,0.9657445108507984,3.3317602714649377,0.963295361048275,4.0
energe_c,outer_2,streed,4,20,3,0.01,0.001,0.001,0.96204651207131,3.420781052565925,1.769939422607422,3.017441248731416,0.966528174363218,3.149498177321856,0.96530326792483,3.0
energe_c,outer_2,streed,4,20,3,0.01,0.0001,0.1,0.9626704931658788,3.3724422063016424,2.1595723628997803,3.084895047810208,0.9657799239035768,3.3286255246441057,0.9633298952706946,4.0
energe_c,outer_2,streed,4,20,3,0.01,0.0001,0.001,0.9630387438073496,3.335817316881711,1.7157211303710938,3.012071750749243,0.9665877370474268,3.142301239211492,0.9653825536457028,3.0
energe_c,outer_2,streed,4,20,3,0.01,1e-05,0.1,0.962673440223249,3.3721781875252788,2.153218507766724,3.084553553355523,0.9657837120279844,3.328306747834908,0.9633334071043004,4.0
energe_c,outer_2,streed,4,20,3,0.01,1e-05,0.001,0.9630409896829992,3.33553890277886,1.7212176322937012,3.0116223436036704,0.9665927222240636,3.1416952914822023,0.965389229123773,3.0
energe_c,outer_2,streed,4,20,3,0.008,0.1,0.1,0.9510925534726464,4.390943376290772,2.298259735107422,3.5522722753068745,0.9605954090196672,3.8950002184845034,0.9570903771316344,5.0
energe_c,outer_2,streed,4,20,3,0.008,0.1,0.001,0.9607607393219204,3.5420589380391543,2.137814998626709,3.179034386226851,0.964735656505705,3.2634531101709707,0.9640478730806036,5.0
energe_c,outer_2,streed,4,20,3,0.008,0.01,0.1,0.963187084838652,3.324723259108857,2.290048122406006,3.085252980489792,0.965775953433482,3.3337748601916517,0.9632731671490068,5.0
energe_c,outer_2,streed,4,20,3,0.008,0.01,0.001,0.9646003865806104,3.1953866172476104,2.236100435256958,2.855484905858119,0.968324721179732,2.9811201173248936,0.9671582200810556,4.0
energe_c,outer_2,streed,4,20,3,0.008,0.001,0.1,0.9625063783344446,3.3864967917333657,2.0286896228790283,2.8809890123080883,0.968041809621976,3.046450485560302,0.9664385021592106,5.0
energe_c,outer_2,streed,4,20,3,0.008,0.001,0.001,0.96204651207131,3.420781052565925,2.27384614944458,3.017441248731416,0.966528174363218,3.149498177321856,0.96530326792483,3.0
energe_c,outer_2,streed,4,20,3,0.008,0.0001,0.1,0.9626704931658788,3.3724422063016424,2.031836748123169,3.084895047810208,0.9657799239035768,3.3286255246441057,0.9633298952706946,4.0
energe_c,outer_2,streed,4,20,3,0.008,0.0001,0.001,0.9630387438073496,3.335817316881711,2.258269786834717,3.012071750749243,0.9665877370474268,3.142301239211492,0.9653825536457028,3.0
energe_c,outer_2,streed,4,20,3,0.008,1e-05,0.1,0.962673440223249,3.3721781875252788,2.019187688827514,3.084553553355523,0.9657837120279844,3.328306747834908,0.9633334071043004,4.0
energe_c,outer_2,streed,4,20,3,0.008,1e-05,0.001,0.9630409896829992,3.33553890277886,2.270667314529419,3.0116223436036704,0.9665927222240636,3.1416952914822023,0.965389229123773,3.0
energe_c,outer_2,streed,4,20,3,0.005,0.1,0.1,0.956070883841242,3.969018063112504,2.541985273361206,2.931095257003653,0.9674859918454182,3.2852779653603066,0.9638074375856616,7.0
energe_c,outer_2,streed,4,20,3,0.005,0.1,0.001,0.9607607393219204,3.5420589380391543,2.314347982406616,2.943451767371545,0.9673489237382308,2.96750532979877,0.9673082086215968,6.0
energe_c,outer_2,streed,4,20,3,0.005,0.01,0.1,0.963187084838652,3.324723259108857,2.31960391998291,2.852069948871393,0.9683626025618018,3.22650907429223,0.9644548703996974,6.0
energe_c,outer_2,streed,4,20,3,0.005,0.01,0.001,0.9646003865806104,3.1953866172476104,2.089995622634888,2.855484905858119,0.968324721179732,2.9811201173248936,0.9671582200810556,4.0
energe_c,outer_2,streed,4,20,3,0.005,0.001,0.1,0.9643389668837602,3.2183390658905124,2.1075222492218018,2.8809890123080883,0.968041809621976,3.046450485560302,0.9664385021592106,5.0
energe_c,outer_2,streed,4,20,3,0.005,0.001,0.001,0.96204651207131,3.420781052565925,2.300767421722412,3.017441248731416,0.966528174363218,3.149498177321856,0.96530326792483,3.0
energe_c,outer_2,streed,4,20,3,0.005,0.0001,0.1,0.9643878454921404,3.213871088350473,2.1672818660736084,2.855355020969341,0.9683261619648182,3.012801236149473,0.96680920216461,6.0
energe_c,outer_2,streed,4,20,3,0.005,0.0001,0.001,0.9630387438073496,3.335817316881711,2.331080198287964,3.012071750749243,0.9665877370474268,3.142301239211492,0.9653825536457028,3.0
energe_c,outer_2,streed,4,20,3,0.005,1e-05,0.1,0.964392280896712,3.213462794879044,2.169528007507324,2.8551524213098665,0.9683284093591888,3.012601199345718,0.9668114058881856,6.0
energe_c,outer_2,streed,4,20,3,0.005,1e-05,0.001,0.9630409896829992,3.33553890277886,2.337350845336914,3.0116223436036704,0.9665927222240636,3.1416952914822023,0.965389229123773,3.0
energe_c,outer_2,streed,4,20,3,0.003,0.1,0.1,0.956070883841242,3.969018063112504,2.8957343101501465,2.867109693382988,0.9681957699163856,3.3704091529453564,0.9628695821431188,7.0
energe_c,outer_2,streed,4,20,3,0.003,0.1,0.001,0.9607607393219204,3.5420589380391543,2.659802198410034,2.834515267477312,0.9685573328601892,3.084717873776349,0.966016926009172,7.0
energe_c,outer_2,streed,4,20,3,0.003,0.01,0.1,0.963187084838652,3.324723259108857,2.6634774208068848,2.797042542039844,0.9689730097296246,3.1562665267266694,0.96522870379027,7.0
energe_c,outer_2,streed,4,20,3,0.003,0.01,0.001,0.96434539259349,3.21711999949837,2.280442237854004,2.7456978242358216,0.9695425656215344,2.8726030971787795,0.9683537076672104,5.0
energe_c,outer_2,streed,4,20,3,0.003,0.001,0.1,0.9643389668837602,3.2183390658905124,2.4814584255218506,2.791051373981176,0.9690394684660474,3.1335653986990346,0.9654787928243423,7.0
energe_c,outer_2,streed,4,20,3,0.003,0.001,0.001,0.9624852895615832,3.3807494444949007,2.083123683929444,2.782685938788465,0.9691322644362304,2.9675948475812137,0.9673072224408346,4.0
energe_c,outer_2,streed,4,20,3,0.003,0.0001,0.1,0.9643878454921404,3.213871088350473,2.4777071475982666,2.7905519925240934,0.9690450079969544,3.1315412851063784,0.9655010916551592,7.0
energe_c,outer_2,streed,4,20,3,0.003,0.0001,0.001,0.9634746065953022,3.296051629974635,2.0427284240722656,3.012071750749243,0.9665877370474268,3.142301239211492,0.9653825536457028,3.0
energe_c,outer_2,streed,4,20,3,0.003,1e-05,0.1,0.964392280896712,3.213462794879044,2.4698877334594727,2.79050238578959,0.969045558273772,3.131339126214546,0.9655033187569104,7.0
energe_c,outer_2,streed,4,20,3,0.003,1e-05,0.001,0.9634765570769008,3.2958001659755003,2.099026679992676,2.1776309854545586,0.9758440086689236,2.164653801465154,0.9761528952371704,6.0
energe_c,outer_2,streed,4,20,3,0.001,0.1,0.1,0.9555846053804874,4.013383394483998,3.3103067874908447,2.7820149833108347,0.96913970720078,3.2902036905587453,0.9637531728876482,8.0
energe_c,outer_2,streed,4,20,3,0.001,0.1,0.001,0.9596118113857228,3.646880707303355,3.096803903579712,2.788810815805054,0.9690643224951464,3.227762512935436,0.9644410617792988,7.0
energe_c,outer_2,streed,4,20,3,0.001,0.01,0.1,0.962683565426122,3.3706615586465483,3.1064977645874023,2.7169675724032136,0.969861264114917,3.094072807018436,0.9659138665393748,8.0
energe_c,outer_2,streed,4,20,3,0.001,0.01,0.001,0.9636152549358712,3.285419323864657,2.5394327640533447,2.228850795260925,0.9752758383545194,2.3477781232982267,0.9741354895511344,8.0
energe_c,outer_2,streed,4,20,3,0.001,0.001,0.1,0.9643389668837602,3.2183390658905124,2.849656105041504,2.712215512424353,0.9699139776923876,3.073861576144453,0.9661365253958218,8.0
energe_c,outer_2,streed,4,20,3,0.001,0.001,0.001,0.9642122205314848,3.2358192285160694,2.349003314971924,2.2021729769850262,0.9755717696446732,2.5225196723024,0.9722104334416072,7.0
energe_c,outer_2,streed,4,20,3,0.001,0.0001,0.1,0.9643878454921404,3.213871088350473,2.8710379600524902,2.7118378878537728,0.9699181666003864,3.072085305145848,0.966156093846242,8.0
energe_c,outer_2,streed,4,20,3,0.001,0.0001,0.001,0.9631593409795646,3.334097324896808,2.4390861988067627,2.0629158179399525,0.977116519305728,1.915917080615124,0.9788931258627136,7.0
energe_c,outer_2,streed,4,20,3,0.001,1e-05,0.1,0.964392280896712,3.213462794879044,2.8529624938964844,2.711800432115512,0.9699185820888208,3.071907916047921,0.9661580480693142,8.0
energe_c,outer_2,streed,4,20,3,0.001,1e-05,0.001,0.9631774859697178,3.332324014769524,2.413748264312744,2.062418861667043,0.9771220319345896,1.915370798307077,0.978899144031264,7.0
energe_c,outer_2,streed,4,20,3,0.0005,0.1,0.1,0.9550729561058932,4.061746754683852,3.4320502281188965,2.758952736400392,0.969395531736785,3.297665500049396,0.963670969187212,11.0
energe_c,outer_2,streed,4,20,3,0.0005,0.1,0.001,0.9581517913217158,3.783984182632779,3.1958298683166504,2.716109018117143,0.969870787872629,3.16760798231844,0.9651037596169908,8.0
energe_c,outer_2,streed,4,20,3,0.0005,0.01,0.1,0.962069083842792,3.428364574295019,3.2306063175201416,2.711335031089675,0.9699237446821256,3.135644105664713,0.9654558925606844,9.0
energe_c,outer_2,streed,4,20,3,0.0005,0.01,0.001,0.9636152549358712,3.285419323864657,2.6992838382720947,2.178578237505497,0.9758335010060166,2.5058451515046736,0.9723941298110056,9.0
energe_c,outer_2,streed,4,20,3,0.0005,0.001,0.1,0.9616381983132816,3.471088830505138,2.9865410327911377,2.707316625405072,0.9699683199905824,3.117991810821169,0.9656503606664636,9.0
energe_c,outer_2,streed,4,20,3,0.0005,0.001,0.001,0.9631334364262786,3.3296770397096034,2.467537879943848,1.8727975798398104,0.9792254599582544,1.967534528536836,0.9783244775701572,11.0
energe_c,outer_2,streed,4,20,3,0.0005,0.0001,0.1,0.9617133223435692,3.4642061457361133,2.970557689666748,2.7069441360397635,0.9699724519348556,3.116245971024739,0.9656695938687871,9.0
energe_c,outer_2,streed,4,20,3,0.0005,0.0001,0.001,0.9634900612179949,3.3052248424113477,2.528935432434082,1.8617993804780708,0.9793474606141114,1.9724354793254613,0.9782704858016746,10.0
energe_c,outer_2,streed,4,20,3,0.0005,1e-05,0.1,0.9617204070266258,3.463554149660402,2.957240343093872,2.706907187521897,0.9699728617968032,3.1160715875490133,0.96567151498015,9.0
energe_c,outer_2,streed,4,20,3,0.0005,1e-05,0.001,0.9635084330204472,3.303436555953056,2.548850774765014,1.8612964344556049,0.9793530396859742,1.9719006705153856,0.9782763775713949,10.0
energe_c,outer_2,streed,4,20,3,0.0001,0.1,0.1,0.9550729561058932,4.061746754683852,3.6787261962890634,2.758952736400392,0.969395531736785,3.297665500049396,0.963670969187212,11.0
energe_c,outer_2,streed,4,20,3,0.0001,0.1,0.001,0.958209230932917,3.7785711398441353,3.373442411422729,2.683479603091015,0.9702327389432072,3.16903792798913,0.9650880064909292,11.0
energe_c,outer_2,streed,4,20,3,0.0001,0.01,0.1,0.962056172758599,3.4297161193220327,3.32090425491333,2.681272600332865,0.9702572207492844,3.082608823120096,0.9660401605568468,12.0
energe_c,outer_2,streed,4,20,3,0.0001,0.01,0.001,0.963969837721074,3.253539824599053,2.7519147396087646,2.136626070770289,0.9762988673526312,2.4466985637797745,0.9730457235544876,11.0
energe_c,outer_2,streed,4,20,3,0.0001,0.001,0.1,0.961642347579412,3.470834789758644,3.127175092697144,2.6751284190356808,0.9703253768285938,3.0613488470608363,0.9662743730096638,12.0
energe_c,outer_2,streed,4,20,3,0.0001,0.001,0.001,0.9638259960475792,3.2755641338096435,2.5378551483154297,1.8727975798398104,0.9792254599582544,1.967534528536836,0.9783244775701572,11.0
energe_c,outer_2,streed,4,20,3,0.0001,0.0001,0.1,0.9617197278609644,3.463740234914583,3.1029884815216064,2.6744926621896328,0.9703324291423072,3.059133754125505,0.9662987757817156,12.0
energe_c,outer_2,streed,4,20,3,0.0001,0.0001,0.001,0.9632153888788002,3.330284412864127,2.6291487216949463,1.8322231993095976,0.9796755428193537,1.944885510235554,0.978573992532707,11.0
energe_c,outer_2,streed,4,20,3,0.0001,1e-05,0.1,0.961727044526322,3.46306645875732,3.1213266849517822,2.6744288298479724,0.97033313722072,3.0589112281361386,0.9663012272594426,12.0
energe_c,outer_2,streed,4,20,3,0.0001,1e-05,0.001,0.9630234020360384,3.346327263590284,2.6671109199523926,1.8317184652567928,0.9796811417254518,1.9443492219056675,0.9785799006016912,11.0
energe_c,outer_3,streed,4,20,3,0.1,0.1,0.1,0.841901274872148,14.18859706856778,0.0253047943115234,13.994826743113231,0.8440528784390906,13.128307853652837,0.8583202880398229,1.0
energe_c,outer_3,streed,4,20,3,0.1,0.1,0.001,0.8397136047836335,14.38496954309904,0.0055108070373535,14.031512248618148,0.8436440845975153,13.125895854648476,0.8583463181518523,1.0
energe_c,outer_3,streed,4,20,3,0.1,0.01,0.1,0.8472853460484289,13.710860310962223,0.0055656433105468,13.626303774337645,0.8481594027472901,12.812034041729182,0.8617334912548451,1.0
energe_c,outer_3,streed,4,20,3,0.1,0.01,0.001,0.8417627273961896,14.201450443752018,0.0056676864624023,13.773967319811748,0.8465139586629253,12.956485955603188,0.8601745770537228,1.0
energe_c,outer_3,streed,4,20,3,0.1,0.001,0.1,0.8490908412181112,13.542952104626831,0.0057003498077392,13.120892890744186,0.853791296156813,12.361888834663388,0.8665914245078037,1.0
energe_c,outer_3,streed,4,20,3,0.1,0.001,0.001,0.8431649432199672,14.080620396305946,0.005709171295166,13.804334617996153,0.8461755698548059,12.994825074683272,0.8597608241612233,1.0
energe_c,outer_3,streed,4,20,3,0.1,0.0001,0.1,0.8490792380355888,13.54398884831746,0.0057437419891357,13.12039198675692,0.8537968778289856,12.361822765630995,0.8665921375198371,1.0
energe_c,outer_3,streed,4,20,3,0.1,0.0001,0.001,0.8431247280052414,14.084251534472862,0.0057621002197265,13.80757560204418,0.846139454928727,12.998892822966836,0.8597169253273776,1.0
energe_c,outer_3,streed,4,20,3,0.1,1e-05,0.1,0.8490780603162961,13.54409408117499,0.0057480335235595,13.12034286987659,0.8537974251480949,12.36181735767534,0.8665921958820882,1.0
energe_c,outer_3,streed,4,20,3,0.1,1e-05,0.001,0.8431206807742532,14.084616964798483,0.005821943283081,13.807901977710522,0.8461358180601435,12.999302139303785,0.8597125080162233,1.0
energe_c,outer_3,streed,4,20,3,0.08,0.1,0.1,0.8887539163936787,9.983920861904783,0.0270273685455322,9.774461824389174,0.8910812392107258,9.534167429907557,0.8971079814468582,2.0
energe_c,outer_3,streed,4,20,3,0.08,0.1,0.001,0.8924544923193718,9.738368300386163,0.0262691974639892,5.91368468227531,0.934102642287194,4.48753995438342,0.951570805983962,2.0
energe_c,outer_3,streed,4,20,3,0.08,0.01,0.1,0.8755206613588546,11.200916476827569,0.0261623859405517,13.626303774337645,0.8481594027472901,12.812034041729182,0.8617334912548451,1.0
energe_c,outer_3,streed,4,20,3,0.08,0.01,0.001,0.862732737890851,12.37604353632769,0.0058503150939941,13.773967319811748,0.8465139586629253,12.956485955603188,0.8601745770537228,1.0
energe_c,outer_3,streed,4,20,3,0.08,0.001,0.1,0.8929656049135573,9.67511289816303,0.026172399520874,13.120892890744186,0.853791296156813,12.361888834663388,0.8665914245078037,1.0
energe_c,outer_3,streed,4,20,3,0.08,0.001,0.001,0.8877241101935122,10.15302079969265,0.0059196949005126,6.264280484016491,0.9301958839459532,4.96823901957876,0.946383137789736,2.0
energe_c,outer_3,streed,4,20,3,0.08,0.0001,0.1,0.8933548769768707,9.64126109368464,0.026421308517456,13.12039198675692,0.8537968778289856,12.361822765630995,0.8665921375198371,1.0
energe_c,outer_3,streed,4,20,3,0.08,0.0001,0.001,0.887681733238535,10.156839212336337,0.005997896194458,6.538625067914463,0.9271388080021036,5.150170877323174,0.9444197428504226,2.0
energe_c,outer_3,streed,4,20,3,0.08,1e-05,0.1,0.8933512415475211,9.64158097618616,0.0262551307678222,13.12034286987659,0.8537974251480949,12.36181735767534,0.8665921958820882,1.0
energe_c,outer_3,streed,4,20,3,0.08,1e-05,0.001,0.8876774573885333,10.157224469806948,0.0059826374053955,6.539007735342319,0.9271345438632912,5.150602406145929,0.9444150858237904,2.0
energe_c,outer_3,streed,4,20,3,0.05,0.1,0.1,0.899057167445191,9.087038829196905,0.2311234474182129,9.774461824389174,0.8910812392107258,9.534167429907557,0.8971079814468582,2.0
energe_c,outer_3,streed,4,20,3,0.05,0.1,0.001,0.9092470861210452,8.179955823706822,0.223111867904663,5.91368468227531,0.934102642287194,4.48753995438342,0.951570805983962,2.0
energe_c,outer_3,streed,4,20,3,0.05,0.01,0.1,0.9082393646220271,8.265956196964767,0.2166829109191894,5.875419875484143,0.9345290345952736,4.622953596039386,0.9501094321375254,2.0
energe_c,outer_3,streed,4,20,3,0.05,0.01,0.001,0.9280978892167367,6.417697505913392,0.0263803005218505,6.233337281955524,0.9305406901648412,4.930698564903769,0.9467882715559834,2.0
energe_c,outer_3,streed,4,20,3,0.05,0.001,0.1,0.9280660144296502,6.4176699579912695,0.216160774230957,6.345745418622774,0.929288104071776,4.915035342946704,0.9469573078704868,2.0
energe_c,outer_3,streed,4,20,3,0.05,0.001,0.001,0.9248185143237296,6.710528061867024,0.0263152122497558,6.264280484016491,0.9301958839459532,4.96823901957876,0.946383137789736,2.0
energe_c,outer_3,streed,4,20,3,0.05,0.0001,0.1,0.9279709073148444,6.428770265350972,0.2153034210205078,6.3489824319661246,0.9292520333920444,4.918695105710697,0.9469178119857142,2.0
energe_c,outer_3,streed,4,20,3,0.05,0.0001,0.001,0.9247737696444204,6.714566207756469,0.0263357162475585,6.538625067914463,0.9271388080021036,5.150170877323174,0.9444197428504226,2.0
energe_c,outer_3,streed,4,20,3,0.05,1e-05,0.1,0.9279662468402762,6.429185275697354,0.2164692878723144,6.349309754748829,0.929248385969556,4.919063827623292,0.9469138327665374,2.0
energe_c,outer_3,streed,4,20,3,0.05,1e-05,0.001,0.9247692439487062,6.714974651798504,0.0263364315032959,6.539007735342319,0.9271345438632912,5.150602406145929,0.9444150858237904,2.0
energe_c,outer_3,streed,4,20,3,0.03,0.1,0.1,0.9306483980466984,6.201565813546644,0.8347091674804688,5.917748245300457,0.9340573612009266,5.547980574300617,0.940126610490105,3.0
energe_c,outer_3,streed,4,20,3,0.03,0.1,0.001,0.9319109072785796,6.087581212967479,0.7735781669616699,5.768313400156275,0.9357225432277496,5.423329112144509,0.9414718397039964,3.0
energe_c,outer_3,streed,4,20,3,0.03,0.01,0.1,0.9315393356218574,6.122091146742246,0.7884466648101807,5.818367028996171,0.9351647857446068,5.450978130982901,0.9411734535701036,3.0
energe_c,outer_3,streed,4,20,3,0.03,0.01,0.001,0.946731175513775,4.760515626370111,0.232485294342041,3.1335299470368234,0.9650824562150604,3.2042423885805893,0.9654200568934423,3.0
energe_c,outer_3,streed,4,20,3,0.03,0.001,0.1,0.9536797660588934,4.142605461878355,0.7646427154541016,3.2135255723130016,0.9641910491452712,3.1981844680007123,0.965485433517178,3.0
energe_c,outer_3,streed,4,20,3,0.03,0.001,0.001,0.9620010838886224,3.401103655997126,0.224761962890625,3.062448847701281,0.9658745269596458,2.874284239846647,0.9689809404431476,3.0
energe_c,outer_3,streed,4,20,3,0.03,0.0001,0.1,0.9614101132017436,3.4554206059457706,0.7657647132873535,3.2104965749985284,0.9642248018612624,3.195254999712008,0.965517048118844,3.0
energe_c,outer_3,streed,4,20,3,0.03,0.0001,0.001,0.9624061890962464,3.3661000250038864,0.2249088287353515,3.05690693921491,0.9659362815416972,2.874589331993001,0.9689776479116272,3.0
energe_c,outer_3,streed,4,20,3,0.03,1e-05,0.1,0.961412682825062,3.455191737586752,0.7641136646270752,3.2101927022875705,0.9642281879749648,3.1949546210410418,0.965520289782892,3.0
energe_c,outer_3,streed,4,20,3,0.03,1e-05,0.001,0.962556200238093,3.3527868377667764,0.2265734672546386,3.056463245812275,0.9659412257050132,2.874825537618422,0.9689750987982652,3.0
energe_c,outer_3,streed,4,20,3,0.01,0.1,0.1,0.9430230200351618,5.083912599995041,2.446418285369873,4.587215253505264,0.9488837534114906,4.436842479610946,0.9521179293225476,4.0
energe_c,outer_3,streed,4,20,3,0.01,0.1,0.001,0.9546449049893204,4.051013882939638,2.3548061847686768,3.314696001048953,0.9630636870536884,3.5105260733761345,0.9621146663797776,4.0
energe_c,outer_3,streed,4,20,3,0.01,0.01,0.1,0.9619131295984156,3.4118787044783434,2.3217008113861084,2.8916784193316025,0.9677774556089824,2.974243726636169,0.9679021851721792,5.0
energe_c,outer_3,streed,4,20,3,0.01,0.01,0.001,0.9611617649827184,3.477807325372892,2.2079029083251958,3.1335299470368234,0.9650824562150604,3.2042423885805893,0.9654200568934423,3.0
energe_c,outer_3,streed,4,20,3,0.01,0.001,0.1,0.9630793296510648,3.3044662654410573,2.222777366638184,3.1186736729874287,0.9652480026142868,2.9849422718083907,0.9677867272765164,4.0
energe_c,outer_3,streed,4,20,3,0.01,0.001,0.001,0.9620010838886224,3.401103655997126,1.706331729888916,3.062448847701281,0.9658745269596458,2.874284239846647,0.9689809404431476,3.0
energe_c,outer_3,streed,4,20,3,0.01,0.0001,0.1,0.963118430170352,3.3009727744565054,2.221116542816162,3.1156111839894147,0.9652821285347302,2.985263382065737,0.967783261878746,4.0
energe_c,outer_3,streed,4,20,3,0.01,0.0001,0.001,0.9624061890962464,3.3661000250038864,1.7299447059631348,3.05690693921491,0.9659362815416972,2.874589331993001,0.9689776479116272,3.0
energe_c,outer_3,streed,4,20,3,0.01,1e-05,0.1,0.9631223798875412,3.300618690587777,2.194584369659424,3.1153396826573108,0.965285153927757,2.9852501522271875,0.9677834046541696,4.0
energe_c,outer_3,streed,4,20,3,0.01,1e-05,0.001,0.962556200238093,3.3527868377667764,1.733231782913208,3.056463245812275,0.9659412257050132,2.874825537618422,0.9689750987982652,3.0
energe_c,outer_3,streed,4,20,3,0.008,0.1,0.1,0.95333081375975,4.167613879115918,2.3295738697052,3.2010448734810493,0.9643301240401332,3.350187310640517,0.9638450302601548,6.0
energe_c,outer_3,streed,4,20,3,0.008,0.1,0.001,0.9601002992452186,3.573869511224468,2.3291003704071045,3.1363544565571044,0.9650509821469926,3.163975834724793,0.9658546105172237,5.0
energe_c,outer_3,streed,4,20,3,0.008,0.01,0.1,0.9634431918106732,3.275865694767761,2.382577657699585,2.8916784193316025,0.9677774556089824,2.974243726636169,0.9679021851721792,5.0
energe_c,outer_3,streed,4,20,3,0.008,0.01,0.001,0.9641883962171488,3.210543971754498,2.2699244022369385,2.833931821850741,0.9684209373628034,2.957034550888767,0.9680879053038324,4.0
energe_c,outer_3,streed,4,20,3,0.008,0.001,0.1,0.962362235589919,3.3721815188196005,2.1149001121521,2.7728735027008957,0.9691013222860002,2.9806003135066303,0.9678335853642756,5.0
energe_c,outer_3,streed,4,20,3,0.008,0.001,0.001,0.9620010838886224,3.401103655997126,2.288778781890869,3.062448847701281,0.9658745269596458,2.874284239846647,0.9689809404431476,3.0
energe_c,outer_3,streed,4,20,3,0.008,0.0001,0.1,0.9633266209539948,3.282850089462111,2.040661096572876,3.1156111839894147,0.9652821285347302,2.985263382065737,0.967783261878746,4.0
energe_c,outer_3,streed,4,20,3,0.008,0.0001,0.001,0.9624061890962464,3.3661000250038864,2.2341887950897217,3.05690693921491,0.9659362815416972,2.874589331993001,0.9689776479116272,3.0
energe_c,outer_3,streed,4,20,3,0.008,1e-05,0.1,0.9633307875241148,3.282477128881918,2.103532314300537,2.7664367131344574,0.9691730487048694,2.974630067025466,0.9678980158157254,5.0
energe_c,outer_3,streed,4,20,3,0.008,1e-05,0.001,0.962556200238093,3.3527868377667764,2.256641626358032,3.056463245812275,0.9659412257050132,2.874825537618422,0.9689750987982652,3.0
energe_c,outer_3,streed,4,20,3,0.005,0.1,0.1,0.9576111846220666,3.795014230660804,2.642985343933105,2.9143970047921792,0.9675242979191058,2.8563250642523004,0.9691747545167978,7.0
energe_c,outer_3,streed,4,20,3,0.005,0.1,0.001,0.9601002992452186,3.573869511224468,2.381096363067627,2.900379998333462,0.9676804921936232,2.824950471395572,0.9695133467655752,6.0
energe_c,outer_3,streed,4,20,3,0.005,0.01,0.1,0.9634431918106732,3.275865694767761,2.339574813842773,2.8456447550474238,0.9682904178322236,2.9335444235400083,0.9683414089932476,6.0
energe_c,outer_3,streed,4,20,3,0.005,0.01,0.001,0.9641883962171488,3.210543971754498,2.1534101963043213,2.833931821850741,0.9684209373628034,2.957034550888767,0.9680879053038324,4.0
energe_c,outer_3,streed,4,20,3,0.005,0.001,0.1,0.962362235589919,3.3721815188196005,2.168585777282715,2.7728735027008957,0.9691013222860002,2.9806003135066303,0.9678335853642756,5.0
energe_c,outer_3,streed,4,20,3,0.005,0.001,0.001,0.9620010838886224,3.401103655997126,2.1539738178253174,3.062448847701281,0.9658745269596458,2.874284239846647,0.9689809404431476,3.0
energe_c,outer_3,streed,4,20,3,0.005,0.0001,0.1,0.9643912464788184,3.19185905367922,2.181793212890625,2.7443563937862225,0.9694190940692536,2.9464205832969506,0.9682024504446018,6.0
energe_c,outer_3,streed,4,20,3,0.005,0.0001,0.001,0.9624061890962464,3.3661000250038864,2.2218196392059326,3.05690693921491,0.9659362815416972,2.874589331993001,0.9689776479116272,3.0
energe_c,outer_3,streed,4,20,3,0.005,1e-05,0.1,0.9643950705435986,3.191523252634152,2.1805903911590576,2.7664367131344574,0.9691730487048694,2.974630067025466,0.9678980158157254,5.0
energe_c,outer_3,streed,4,20,3,0.005,1e-05,0.001,0.962556200238093,3.3527868377667764,2.2084410190582275,3.056463245812275,0.9659412257050132,2.874825537618422,0.9689750987982652,3.0
energe_c,outer_3,streed,4,20,3,0.003,0.1,0.1,0.9576111846220666,3.795014230660804,3.008282423019409,2.861290583035256,0.9681160732773444,2.8906258711680923,0.9688045827857564,7.0
energe_c,outer_3,streed,4,20,3,0.003,0.1,0.001,0.9601002992452186,3.573869511224468,2.733736991882324,2.787740780168736,0.9689356532735062,2.8977706071213065,0.9687274773321696,7.0
energe_c,outer_3,streed,4,20,3,0.003,0.01,0.1,0.9634431918106732,3.275865694767761,2.726245403289795,2.789587353861196,0.9689150765377326,2.858292427828036,0.9691535228769064,7.0
energe_c,outer_3,streed,4,20,3,0.003,0.01,0.001,0.9645622201965428,3.177615400833782,2.291053056716919,2.0342691467664515,0.977331736666586,2.4614198248218777,0.9734365421894946,7.0
energe_c,outer_3,streed,4,20,3,0.003,0.001,0.1,0.9643480194636116,3.19565768917926,2.431408405303955,2.7846778986052145,0.9689697835683844,2.8589938547420286,0.9691459531303525,7.0
energe_c,outer_3,streed,4,20,3,0.003,0.001,0.001,0.963287753265779,3.2878669386568427,2.0716145038604736,1.9383343942992028,0.9784007565822692,2.0755120838745644,0.9776012295345896,6.0
energe_c,outer_3,streed,4,20,3,0.003,0.0001,0.1,0.9643912464788184,3.19185905367922,2.428475379943848,2.784225586659506,0.96897482376983,2.8591053722225217,0.969144749642082,7.0
energe_c,outer_3,streed,4,20,3,0.003,0.0001,0.001,0.9636388494690072,3.257599162359451,2.081899404525757,1.9288696810032344,0.9785062237539606,2.0734782390930957,0.977623178634658,6.0
energe_c,outer_3,streed,4,20,3,0.003,1e-05,0.1,0.9643950705435986,3.191523252634152,2.4330737590789795,2.7841807495564086,0.9689753233985352,2.8591169484684404,0.9691446247121056,7.0
energe_c,outer_3,streed,4,20,3,0.003,1e-05,0.001,0.9637880850666546,3.2443568555749054,2.0985662937164307,1.928549359634925,0.978509793158304,2.0740674054188686,0.9776168203959372,6.0
energe_c,outer_3,streed,4,20,3,0.001,0.1,0.1,0.9576111846220666,3.795014230660804,3.395982503890991,2.74726438594218,0.9693866897376696,3.043022158231558,0.9671599335060744,9.0
energe_c,outer_3,streed,4,20,3,0.001,0.1,0.001,0.9601002992452186,3.573869511224468,3.114015579223633,2.6960542259812383,0.9699573346757724,3.003745541346346,0.967583803804448,8.0
energe_c,outer_3,streed,4,20,3,0.001,0.01,0.1,0.9634431918106732,3.275865694767761,3.092480421066284,2.121338750485951,0.9763615028562828,2.4265831851680573,0.973812496587185,9.0
energe_c,outer_3,streed,4,20,3,0.001,0.01,0.001,0.9645622201965428,3.177615400833782,2.505354404449463,2.024200607387994,0.9774439323917076,2.454864496203989,0.9735072868034038,8.0
energe_c,outer_3,streed,4,20,3,0.001,0.001,0.1,0.9643480194636116,3.19565768917926,2.889379501342773,2.087001007902251,0.9767441351114096,2.399742628824334,0.9741021578545792,9.0
energe_c,outer_3,streed,4,20,3,0.001,0.001,0.001,0.9643510300233924,3.196843790327313,2.4184725284576416,1.6956892981018672,0.9811045988668096,2.0488750052717086,0.9778886948854926,8.0
energe_c,outer_3,streed,4,20,3,0.001,0.0001,0.1,0.9643912464788184,3.19185905367922,2.878227949142456,2.082759626088972,0.9767913976675928,2.3964821953818607,0.9741373442073172,9.0
energe_c,outer_3,streed,4,20,3,0.001,0.0001,0.001,0.9631460952431252,3.3021211781925395,2.5108110904693604,1.6849770043918135,0.981223968073736,2.044918489014474,0.9779313933116676,8.0
energe_c,outer_3,streed,4,20,3,0.001,1e-05,0.1,0.9643950705435986,3.191523252634152,2.87439227104187,2.082342845068733,0.9767960419409104,2.396165871232208,0.9741407579537734,9.0
energe_c,outer_3,streed,4,20,3,0.001,1e-05,0.001,0.9632939278962044,3.289011663668145,2.5421252250671387,1.6845301501715553,0.9812289474586676,2.04525791858936,0.9779277302131985,8.0
energe_c,outer_3,streed,4,20,3,0.0005,0.1,0.1,0.9575557335384272,3.800177786635546,3.5598952770233154,2.733672584176984,0.9695381458722124,3.0402973612640487,0.96718933931022,11.0
energe_c,outer_3,streed,4,20,3,0.0005,0.1,0.001,0.9601002992452186,3.573869511224468,3.296761989593506,2.6666687811792134,0.9702847824975126,3.0025121437233464,0.967597114538924,9.0
energe_c,outer_3,streed,4,20,3,0.0005,0.01,0.1,0.9634432288415118,3.275862471290664,3.202925205230713,2.1118315902684675,0.9764674430224134,2.4190701247358923,0.9738935769708744,10.0
energe_c,outer_3,streed,4,20,3,0.0005,0.01,0.001,0.9646720134235616,3.1674261985662957,2.774801254272461,1.949227576993377,0.978279371693626,2.738435682771888,0.9704470078641064,9.0
energe_c,outer_3,streed,4,20,3,0.0005,0.001,0.1,0.9643514018648752,3.195363256392401,3.0089285373687744,2.0773588400663674,0.9768515796941268,2.3918901151759093,0.9741869015918736,10.0
energe_c,outer_3,streed,4,20,3,0.0005,0.001,0.001,0.9648651745305958,3.15158640033456,2.550856113433838,1.6922869727569334,0.9811425116508616,2.0568367466322104,0.977802772370936,9.0
energe_c,outer_3,streed,4,20,3,0.0005,0.0001,0.1,0.9643949541908212,3.1915363030967883,2.958855152130127,2.0731020765808266,0.9768990136513256,2.3885974976743305,0.9742224352725596,10.0
energe_c,outer_3,streed,4,20,3,0.0005,0.0001,0.001,0.9634293977354356,3.276937349503109,2.634645462036133,1.6849770043918135,0.981223968073736,2.044918489014474,0.9779313933116676,8.0
energe_c,outer_3,streed,4,20,3,0.0005,1e-05,0.1,0.9643988107029614,3.191197677559346,2.9503514766693115,2.0726837414072703,0.9769036752428808,2.388277973454019,0.9742258835539378,10.0
energe_c,outer_3,streed,4,20,3,0.0005,1e-05,0.001,0.9637827699567876,3.244144790366628,2.6757757663726807,1.6845301501715553,0.9812289474586676,2.04525791858936,0.9779277302131985,8.0
energe_c,outer_3,streed,4,20,3,0.0001,0.1,0.1,0.9553568412690812,3.991644030642232,3.602660655975342,2.733672584176984,0.9695381458722124,3.0402973612640487,0.96718933931022,11.0
energe_c,outer_3,streed,4,20,3,0.0001,0.1,0.001,0.9602071952024755,3.5642952888184216,3.3877956867218018,2.643282430017432,0.9705453812326336,2.9892696907658007,0.9677400260962692,11.0
energe_c,outer_3,streed,4,20,3,0.0001,0.01,0.1,0.9634762724358176,3.272902247665304,3.331694364547729,2.1025215257241783,0.9765711869124865,2.419516774490388,0.9738887567602832,11.0
energe_c,outer_3,streed,4,20,3,0.0001,0.01,0.001,0.9649545634033198,3.14239889380002,2.8683557510375977,1.903754695223149,0.978786085006432,2.699876454114054,0.9708631361626312,11.0
energe_c,outer_3,streed,4,20,3,0.0001,0.001,0.1,0.9644190745978564,3.189236298908341,3.1282687187194824,2.064565140845365,0.9769941424142128,2.389426209504984,0.9742134918767488,11.0
energe_c,outer_3,streed,4,20,3,0.0001,0.001,0.001,0.9638252592791652,3.2409871021475607,2.6978471279144287,1.5620224457802827,0.9825940750318444,2.1922205080070825,0.976341720990248,12.0
energe_c,outer_3,streed,4,20,3,0.0001,0.0001,0.1,0.964466797869805,3.1850287954972143,3.0683205127716064,2.0496788889010005,0.9771600228630506,2.3990096069665023,0.9741100685713932,11.0
energe_c,outer_3,streed,4,20,3,0.0001,0.0001,0.001,0.9639988240969952,3.227593864278953,2.652241468429565,1.551255832984893,0.9827140495270792,2.1890673759505206,0.9763757493544916,12.0
energe_c,outer_3,streed,4,20,3,0.0001,1e-05,0.1,0.9644710795058552,3.184651391673421,2.949340343475342,2.049262018272397,0.977164668134892,2.3986868292123376,0.9741135519646642,11.0
energe_c,outer_3,streed,4,20,3,0.0001,1e-05,0.001,0.9641834656745574,3.210489808936394,2.583787202835083,1.5367548970550995,0.9828756363233788,2.1646100344417984,0.9766396911464494,12.0
energe_c,outer_4,streed,4,20,3,0.1,0.1,0.1,0.8588627421568779,13.240212316906844,0.0255060195922851,14.074308054838122,0.8451546598400238,13.576217938306073,0.8463047323592293,1.0
energe_c,outer_4,streed,4,20,3,0.1,0.1,0.001,0.8591002300714533,13.219608820556289,0.0055394172668457,14.091241549067998,0.8449683577735985,13.66249062587864,0.8453280462256677,1.0
energe_c,outer_4,streed,4,20,3,0.1,0.01,0.1,0.8438952238996458,14.486069977598236,0.0056648254394531,13.795749832875789,0.8482193534978615,13.40787331244394,0.8482105482827319,1.0
energe_c,outer_4,streed,4,20,3,0.1,0.01,0.001,0.8421411129538412,14.639868518358378,0.0056548118591308,13.922557325154576,0.8468242192432867,13.640324303573305,0.8455789893716021,1.0
energe_c,outer_4,streed,4,20,3,0.1,0.001,0.1,0.8450653188577307,14.38247148890843,0.0057070255279541,13.824029027340124,0.8479082261963118,13.461683779835036,0.8476013643240528,1.0
energe_c,outer_4,streed,4,20,3,0.1,0.001,0.001,0.8415354976469592,14.694727048245367,0.0057213306427001,13.963498944579497,0.8463737801196117,13.711622400917726,0.844771829365522,1.0
energe_c,outer_4,streed,4,20,3,0.1,0.0001,0.1,0.8450252806194521,14.386118324517383,0.0057311058044433,13.827073240244786,0.8478747338085578,13.467356340166946,0.8475371457263267,1.0
energe_c,outer_4,streed,4,20,3,0.1,0.0001,0.001,0.8414713709637,14.700529262241238,0.0057578086853027,13.967838264268655,0.8463260389851479,13.719090332870294,0.8446872855105699,1.0
energe_c,outer_4,streed,4,20,3,0.1,1e-05,0.1,0.845021245412593,14.38648579800586,0.0058038234710693,13.827380037282865,0.8478713584318405,13.46792679214858,0.8475306876854797,1.0
energe_c,outer_4,streed,4,20,3,0.1,1e-05,0.001,0.8414649193789052,14.70111293711036,0.0057847499847412,13.96827489643103,0.846321235164211,13.719840832993766,0.8446787891592396,1.0
energe_c,outer_4,streed,4,20,3,0.08,0.1,0.1,0.8941169711782074,9.80680393517632,0.0267140865325927,10.028800328378797,0.8896632792039483,8.384145484739756,0.905083765591272,2.0
energe_c,outer_4,streed,4,20,3,0.08,0.1,0.001,0.886968991791372,10.733912765950684,0.0266261100769042,5.654762458746737,0.9377863826031928,6.720130336482582,0.923921946794011,2.0
energe_c,outer_4,streed,4,20,3,0.08,0.01,0.1,0.88354445336941,11.045399387551376,0.0265140533447265,13.795749832875789,0.8482193534978615,13.40787331244394,0.8482105482827319,1.0
energe_c,outer_4,streed,4,20,3,0.08,0.01,0.001,0.855323624637334,13.555917728995572,0.0060410499572753,13.922557325154576,0.8468242192432867,13.640324303573305,0.8455789893716021,1.0
energe_c,outer_4,streed,4,20,3,0.08,0.001,0.1,0.8578503592007912,13.331203346339716,0.0265159606933593,6.164503707868633,0.9321782165174208,7.542828756533083,0.9146082443746848,2.0
energe_c,outer_4,streed,4,20,3,0.08,0.001,0.001,0.8786029521907862,11.473960461373702,0.0060052871704101,6.44231838145903,0.9291217033683604,7.983751534513854,0.9096165931888668,2.0
energe_c,outer_4,streed,4,20,3,0.08,0.0001,0.1,0.8578067627178477,13.335142763681633,0.0266025066375732,6.1700152901267975,0.932117578166586,7.55172969418757,0.9145074775778288,2.0
energe_c,outer_4,streed,4,20,3,0.08,0.0001,0.001,0.8785514119611978,11.478698491790032,0.0059635639190673,6.44602818036624,0.9290808882127256,7.987890262559484,0.9095697389826692,2.0
energe_c,outer_4,streed,4,20,3,0.08,1e-05,0.1,0.8578023731844869,13.335539372171132,0.0268082618713378,6.170571333016271,0.9321114605905012,7.552627006360359,0.9144973191791363,2.0
energe_c,outer_4,streed,4,20,3,0.08,1e-05,0.001,0.8785462185186136,11.4791758185917,0.0059752464294433,6.446403751571145,0.9290767561835876,7.98830935767781,0.9095649944406567,2.0
energe_c,outer_4,streed,4,20,3,0.05,0.1,0.1,0.8941169711782074,9.80680393517632,0.241675853729248,10.028800328378797,0.8896632792039483,8.384145484739756,0.905083765591272,2.0
energe_c,outer_4,streed,4,20,3,0.05,0.1,0.001,0.9336008200634268,6.020629969193208,0.2331559658050537,5.654762458746737,0.9377863826031928,6.720130336482582,0.923921946794011,2.0
energe_c,outer_4,streed,4,20,3,0.05,0.01,0.1,0.9095847882058892,8.413388875535192,0.2330687046051025,5.886823443250787,0.9352332509008467,7.03005491821774,0.9204133156159684,2.0
energe_c,outer_4,streed,4,20,3,0.05,0.01,0.001,0.9280972263330488,6.504310128767176,0.0236933231353759,6.167291938630152,0.9321475404416216,7.518479408733828,0.9148839013760596,2.0
energe_c,outer_4,streed,4,20,3,0.05,0.001,0.1,0.9290534944264413,6.422406457244045,0.2150330543518066,6.164503707868633,0.9321782165174208,7.542828756533083,0.9146082443746848,2.0
energe_c,outer_4,streed,4,20,3,0.05,0.001,0.001,0.9249644600061924,6.788000135236524,0.0240406990051269,6.44231838145903,0.9291217033683604,7.983751534513854,0.9096165931888668,2.0
energe_c,outer_4,streed,4,20,3,0.05,0.0001,0.1,0.9282695775363984,6.49234115481514,0.0277905464172363,6.1700152901267975,0.932117578166586,7.55172969418757,0.9145074775778288,2.0
energe_c,outer_4,streed,4,20,3,0.05,0.0001,0.001,0.924919357058418,6.792087521430716,0.0236446857452392,6.44602818036624,0.9290808882127256,7.987890262559484,0.9095697389826692,2.0
energe_c,outer_4,streed,4,20,3,0.05,1e-05,0.1,0.9282642525647494,6.492817762625511,0.0277402400970459,6.170571333016271,0.9321114605905012,7.552627006360359,0.9144973191791363,2.0
energe_c,outer_4,streed,4,20,3,0.05,1e-05,0.001,0.9249147904385904,6.792501492515406,0.023569107055664,6.446403751571145,0.9290767561835876,7.98830935767781,0.9095649944406567,2.0
energe_c,outer_4,streed,4,20,3,0.03,0.1,0.1,0.9290667573518138,6.423480904429077,0.869905948638916,5.985511813157924,0.9341474828368992,4.986009266113919,0.9435537914832296,3.0
energe_c,outer_4,streed,4,20,3,0.03,0.1,0.001,0.9310745127458722,6.242314615813444,0.8165171146392822,5.807540771920299,0.9361055177407602,5.082203856113944,0.9424647802930122,3.0
energe_c,outer_4,streed,4,20,3,0.03,0.01,0.1,0.9301916468487912,6.31229206695955,0.8299415111541748,5.787599924315748,0.9363249066669068,5.021099877901227,0.9431565334990962,3.0
energe_c,outer_4,streed,4,20,3,0.03,0.01,0.001,0.9473355061016174,4.672151206400866,0.2427237033843994,3.16200107399076,0.9652117084562464,2.963331210494277,0.9664523665151185,3.0
energe_c,outer_4,streed,4,20,3,0.03,0.001,0.1,0.9464416268639884,4.757447381540714,0.8205766677856445,3.4123414516756694,0.962457467126061,3.165176997388917,0.9641672866512042,3.0
energe_c,outer_4,streed,4,20,3,0.03,0.001,0.001,0.962269848430664,3.4391294600629485,0.2331922054290771,3.0710520998709785,0.9662123277961034,2.9597468604285195,0.9664929446529458,3.0
energe_c,outer_4,streed,4,20,3,0.03,0.0001,0.1,0.946434573656834,4.75782828131262,0.8263988494873047,3.3254739952263286,0.9634131816656546,2.7425794148280773,0.9689514797785675,3.0
energe_c,outer_4,streed,4,20,3,0.03,0.0001,0.001,0.962322418244604,3.4350402956255515,0.2308218479156494,3.065487933791687,0.966273544673402,2.9709721978291195,0.9663658635141498,3.0
energe_c,outer_4,streed,4,20,3,0.03,1e-05,0.1,0.946433855314488,4.757867034123425,0.8180456161499023,3.3251488676131897,0.963416758715102,2.743317938713036,0.9689431190092668,3.0
energe_c,outer_4,streed,4,20,3,0.03,1e-05,0.001,0.96236696356632,3.431138370034708,0.2300746440887451,3.065060231230532,0.9662782502509916,2.972406122350613,0.9663496301703636,3.0
energe_c,outer_4,streed,4,20,3,0.01,0.1,0.1,0.9437947706152932,5.112782896610956,2.268948554992676,4.737969037354231,0.9478729309890048,4.351973842169884,0.9507316553492664,4.0
energe_c,outer_4,streed,4,20,3,0.01,0.1,0.001,0.9581940092364566,3.80100028560422,2.124093770980835,3.2412308221759227,0.9643400238760368,3.031943592482241,0.965675611275844,5.0
energe_c,outer_4,streed,4,20,3,0.01,0.01,0.1,0.9605984777024976,3.584968918250933,2.0975534915924072,3.0197287734921696,0.9667769863143272,2.80279677475048,0.9682697639065956,5.0
energe_c,outer_4,streed,4,20,3,0.01,0.01,0.001,0.9612568978556648,3.5274449513914745,2.205315589904785,3.16200107399076,0.9652117084562464,2.963331210494277,0.9664523665151185,3.0
energe_c,outer_4,streed,4,20,3,0.01,0.001,0.1,0.9600635175920184,3.6269911975071794,2.083045482635498,3.265136162709376,0.9640770176541948,2.816630108841069,0.9681131578477448,4.0
energe_c,outer_4,streed,4,20,3,0.01,0.001,0.001,0.962269848430664,3.4391294600629485,1.78808331489563,3.0710520998709785,0.9662123277961034,2.9597468604285195,0.9664929446529458,3.0
energe_c,outer_4,streed,4,20,3,0.01,0.0001,0.1,0.960091962529202,3.624431658716343,2.096001625061035,3.2624928675179965,0.9641060991508807,2.8110862569225707,0.9681759193479098,4.0
energe_c,outer_4,streed,4,20,3,0.01,0.0001,0.001,0.962322418244604,3.4350402956255515,1.665264368057251,3.065487933791687,0.966273544673402,2.9709721978291195,0.9663658635141498,3.0
energe_c,outer_4,streed,4,20,3,0.01,1e-05,0.1,0.9600948356954286,3.6241727867603664,2.086369514465332,3.2622298471854148,0.9641089928968972,2.810545604952147,0.9681820400252348,4.0
energe_c,outer_4,streed,4,20,3,0.01,1e-05,0.001,0.96236696356632,3.431138370034708,1.6671340465545654,3.065060231230532,0.9662782502509916,2.972406122350613,0.9663496301703636,3.0
energe_c,outer_4,streed,4,20,3,0.008,0.1,0.1,0.9554133513400536,4.053067095292978,2.3761086463928223,3.678557486928831,0.9595285620335904,3.4650427280538088,0.9607725309143508,5.0
energe_c,outer_4,streed,4,20,3,0.008,0.1,0.001,0.95987046101939,3.663151651211218,2.1633901596069336,3.2412308221759227,0.9643400238760368,3.031943592482241,0.965675611275844,5.0
energe_c,outer_4,streed,4,20,3,0.008,0.01,0.1,0.9605984777024976,3.584968918250933,2.2176685333251958,3.0197287734921696,0.9667769863143272,2.80279677475048,0.9682697639065956,5.0
energe_c,outer_4,streed,4,20,3,0.008,0.01,0.001,0.9620952836522828,3.4516438647896046,2.208043336868286,2.9646325607916504,0.9673831540750368,2.426128289379419,0.97253399743128,4.0
energe_c,outer_4,streed,4,20,3,0.008,0.001,0.1,0.9621474659196828,3.4556355796250458,2.0007731914520264,3.265136162709376,0.9640770176541948,2.816630108841069,0.9681131578477448,4.0
energe_c,outer_4,streed,4,20,3,0.008,0.001,0.001,0.962269848430664,3.4391294600629485,2.254390954971313,3.0710520998709785,0.9662123277961034,2.9597468604285195,0.9664929446529458,3.0
energe_c,outer_4,streed,4,20,3,0.008,0.0001,0.1,0.9621894520144072,3.451962599878725,2.040759325027466,3.2624928675179965,0.9641060991508807,2.8110862569225707,0.9681759193479098,4.0
energe_c,outer_4,streed,4,20,3,0.008,0.0001,0.001,0.962322418244604,3.4350402956255515,2.1535866260528564,3.065487933791687,0.966273544673402,2.9709721978291195,0.9663658635141498,3.0
energe_c,outer_4,streed,4,20,3,0.008,1e-05,0.1,0.9621938051928572,3.451582031810746,1.9925603866577148,3.2622298471854148,0.9641089928968972,2.810545604952147,0.9681820400252348,4.0
energe_c,outer_4,streed,4,20,3,0.008,1e-05,0.001,0.96236696356632,3.431138370034708,2.1582283973693848,3.065060231230532,0.9662782502509916,2.972406122350613,0.9663496301703636,3.0
energe_c,outer_4,streed,4,20,3,0.005,0.1,0.1,0.9554133513400536,4.053067095292978,2.5911688804626465,3.01887683863006,0.966786359289752,2.941068348722798,0.966704402576558,7.0
energe_c,outer_4,streed,4,20,3,0.005,0.1,0.001,0.95987046101939,3.663151651211218,2.316410541534424,3.0016441412684225,0.9669759531848436,2.791438240993445,0.9683983529505936,6.0
energe_c,outer_4,streed,4,20,3,0.005,0.01,0.1,0.9605984777024976,3.584968918250933,2.2586843967437744,3.0197287734921696,0.9667769863143272,2.80279677475048,0.9682697639065956,5.0
energe_c,outer_4,streed,4,20,3,0.005,0.01,0.001,0.963056605715088,3.37197183201051,2.0454108715057373,2.9646325607916504,0.9673831540750368,2.426128289379419,0.97253399743128,4.0
energe_c,outer_4,streed,4,20,3,0.005,0.001,0.1,0.9625192782873202,3.424920731373148,2.0921480655670166,2.995756993777272,0.9670407234991132,2.5469123883011617,0.971166610395002,5.0
energe_c,outer_4,streed,4,20,3,0.005,0.001,0.001,0.962269848430664,3.4391294600629485,2.293987274169922,3.0710520998709785,0.9662123277961034,2.9597468604285195,0.9664929446529458,3.0
energe_c,outer_4,streed,4,20,3,0.005,0.0001,0.1,0.9625675518964268,3.420703875024074,2.11890721321106,2.991701617543675,0.9670853406916544,2.5447810448358217,0.9711907391623678,5.0
energe_c,outer_4,streed,4,20,3,0.005,0.0001,0.001,0.962322418244604,3.4350402956255515,2.3622212409973145,3.065487933791687,0.966273544673402,2.9709721978291195,0.9663658635141498,3.0
energe_c,outer_4,streed,4,20,3,0.005,1e-05,0.1,0.9625721978458416,3.420298176069984,2.11482834815979,2.9912576824514256,0.9670902248593236,2.5445320071323896,0.9711935584981104,5.0
energe_c,outer_4,streed,4,20,3,0.005,1e-05,0.001,0.96236696356632,3.431138370034708,2.3921360969543457,3.065060231230532,0.9662782502509916,2.972406122350613,0.9663496301703636,3.0
energe_c,outer_4,streed,4,20,3,0.003,0.1,0.1,0.9554133513400536,4.053067095292978,2.860503673553467,2.9953576093251515,0.9670451175212634,2.6171396183369744,0.9703715735913008,7.0
energe_c,outer_4,streed,4,20,3,0.003,0.1,0.001,0.95987046101939,3.663151651211218,2.593336820602417,2.914593430807582,0.967933683882506,2.4613185687419565,0.9721356111185708,7.0
energe_c,outer_4,streed,4,20,3,0.003,0.01,0.1,0.9605984777024976,3.584968918250933,2.6108312606811523,2.9227696844273816,0.9678437288546596,2.5516813695646188,0.9711126211429886,7.0
energe_c,outer_4,streed,4,20,3,0.003,0.01,0.001,0.9638445944908736,3.308936883926492,2.299136161804199,2.880640598479584,0.968307232468393,2.5134612838243573,0.971545307649186,5.0
energe_c,outer_4,streed,4,20,3,0.003,0.001,0.1,0.9625192782873202,3.424920731373148,2.4322831630706787,2.917808772964349,0.9678983087331164,2.5461814212418927,0.9711748856140888,7.0
energe_c,outer_4,streed,4,20,3,0.003,0.001,0.001,0.962269848430664,3.4391294600629485,2.1502981185913086,2.0838853416827368,0.9770731226480204,3.0158713422401755,0.9658575639237588,6.0
energe_c,outer_4,streed,4,20,3,0.003,0.0001,0.1,0.9625675518964268,3.420703875024074,2.4294655323028564,2.91734552523716,0.9679034053781248,2.5456636194353925,0.9711807476065524,7.0
energe_c,outer_4,streed,4,20,3,0.003,0.0001,0.001,0.962322418244604,3.4350402956255515,2.1827871799468994,2.0769082058730146,0.9771498849985096,3.012594154004213,0.9658946647073,6.0
energe_c,outer_4,streed,4,20,3,0.003,1e-05,0.1,0.9625721978458416,3.420298176069984,2.4308555126190186,2.9172995378514237,0.9679039113306988,2.545612170334706,0.971181330057669,7.0
energe_c,outer_4,streed,4,20,3,0.003,1e-05,0.001,0.96236696356632,3.431138370034708,2.167860984802246,2.0765133387507,0.9771542293210608,3.012600215856131,0.9658945960815636,6.0
energe_c,outer_4,streed,4,20,3,0.001,0.1,0.1,0.9554133513400536,4.053067095292978,3.254612684249878,2.9953576093251515,0.9670451175212634,2.6171396183369744,0.9703715735913008,7.0
energe_c,outer_4,streed,4,20,3,0.001,0.1,0.001,0.95987046101939,3.663151651211218,2.9610283374786377,2.914593430807582,0.967933683882506,2.4613185687419565,0.9721356111185708,7.0
energe_c,outer_4,streed,4,20,3,0.001,0.01,0.1,0.9605984777024976,3.584968918250933,3.02038836479187,2.9227696844273816,0.9678437288546596,2.5516813695646188,0.9711126211429886,7.0
energe_c,outer_4,streed,4,20,3,0.001,0.01,0.001,0.9638445944908736,3.308936883926492,2.479525566101074,2.2530659594982447,0.9752117998595716,2.3675331333875,0.9731973484634716,9.0
energe_c,outer_4,streed,4,20,3,0.001,0.001,0.1,0.9625192782873202,3.424920731373148,2.859645366668701,2.917808772964349,0.9678983087331164,2.5461814212418927,0.9711748856140888,7.0
energe_c,outer_4,streed,4,20,3,0.001,0.001,0.001,0.9622594517861874,3.4589912710836948,2.3273229598999023,1.944667896282961,0.9786047910330762,2.8609437381481317,0.9676114868265936,7.0
energe_c,outer_4,streed,4,20,3,0.001,0.0001,0.1,0.962779597357342,3.4032681351394167,2.828831434249878,2.91734552523716,0.9679034053781248,2.5456636194353925,0.9711807476065524,7.0
energe_c,outer_4,streed,4,20,3,0.001,0.0001,0.001,0.9613642762773384,3.533400279197771,2.435854911804199,1.936334464883829,0.97869647532865,2.8566393951049425,0.9676602159468128,7.0
energe_c,outer_4,streed,4,20,3,0.001,1e-05,0.1,0.9627822151865044,3.403029201260225,2.858338594436645,2.9172995378514237,0.9679039113306988,2.545612170334706,0.971181330057669,7.0
energe_c,outer_4,streed,4,20,3,0.001,1e-05,0.001,0.9603797440388252,3.621695795663648,2.466860294342041,1.9358014293755328,0.9787023397778492,2.8565057176048674,0.9676617292990032,7.0
energe_c,outer_4,streed,4,20,3,0.0005,0.1,0.1,0.9550908398413256,4.080413615374542,3.417788505554199,2.9023299528618063,0.96806860649516,2.473114279081608,0.9720020728337626,11.0
energe_c,outer_4,streed,4,20,3,0.0005,0.1,0.001,0.9583358214361212,3.789339575607644,3.12583327293396,2.8349818186392137,0.968809569724912,2.367321816780039,0.9731997407617308,9.0
energe_c,outer_4,streed,4,20,3,0.0005,0.01,0.1,0.9602105897575024,3.6169028470447024,3.130800485610962,2.851689959080576,0.9686257469977128,2.43309331649126,0.9724551469214442,9.0
energe_c,outer_4,streed,4,20,3,0.0005,0.01,0.001,0.9626854391174494,3.40425008464155,2.569737195968628,2.2530659594982447,0.9752117998595716,2.3675331333875,0.9731973484634716,9.0
energe_c,outer_4,streed,4,20,3,0.0005,0.001,0.1,0.9627516457797638,3.4058139835162984,2.991445779800415,2.847670652997898,0.9686699673469586,2.4323999160324328,0.9724629968520792,9.0
energe_c,outer_4,streed,4,20,3,0.0005,0.001,0.001,0.9605283822532144,3.601580311771645,2.476010799407959,1.886625619198508,0.979243371352889,2.8103792723841328,0.9681839230628138,9.0
energe_c,outer_4,streed,4,20,3,0.0005,0.0001,0.1,0.962779597357342,3.4032681351394167,2.94516658782959,2.847300106210289,0.9686740440975278,2.43236643370511,0.9724633759028048,9.0
energe_c,outer_4,streed,4,20,3,0.0005,0.0001,0.001,0.9611784064313496,3.5489454433369665,2.533984422683716,1.879242701570431,0.9793245981092622,2.806962956927934,0.9682225988943872,8.0
energe_c,outer_4,streed,4,20,3,0.0005,1e-05,0.1,0.9627822151865044,3.403029201260225,2.9745421409606934,2.847263372405846,0.96867444824233,2.4323634517841723,0.9724634096608912,9.0
energe_c,outer_4,streed,4,20,3,0.0005,1e-05,0.001,0.9607962730810358,3.5877086268712746,2.5894198417663574,1.8787097911670327,0.9793304611820588,2.806872839695764,0.9682236191043,8.0
energe_c,outer_4,streed,4,20,3,0.0001,0.1,0.1,0.955016392265876,4.087345564797229,3.5215001106262207,2.9023299528618063,0.96806860649516,2.473114279081608,0.9720020728337626,11.0
energe_c,outer_4,streed,4,20,3,0.0001,0.1,0.001,0.9584174057903128,3.7825564758456696,3.3264105319976807,2.810578376323652,0.9690780560555868,2.366320177106463,0.9732110802436402,11.0
energe_c,outer_4,streed,4,20,3,0.0001,0.01,0.1,0.9603063058268352,3.607867436862605,3.23227596282959,2.818053092321688,0.9689958193348324,2.406675667552389,0.9727542189931028,12.0
energe_c,outer_4,streed,4,20,3,0.0001,0.01,0.001,0.962987345494744,3.378601221225704,2.7403900623321533,2.210473077117128,0.9756804061551708,2.317060248317454,0.9737687479220464,11.0
energe_c,outer_4,streed,4,20,3,0.0001,0.001,0.1,0.960460179346787,3.5946330180425767,3.130054712295532,2.813117642535502,0.9690501190842772,2.4037515666502216,0.9727873225034332,12.0
energe_c,outer_4,streed,4,20,3,0.0001,0.001,0.001,0.9612408881109844,3.542993503316744,2.563622236251831,1.8509928037920391,0.9796354030890831,2.76369333224489,0.968712450823444,10.0
energe_c,outer_4,streed,4,20,3,0.0001,0.0001,0.1,0.9604976030889176,3.5912953407607517,3.0962178707122803,2.8124896969631354,0.969057027732672,2.4031991494892657,0.9727935763735308,12.0
energe_c,outer_4,streed,4,20,3,0.0001,0.0001,0.001,0.9611784064313496,3.5489454433369665,2.643673658370972,1.8068257596693256,0.980121328290123,2.712032492328417,0.969297299022964,11.0
energe_c,outer_4,streed,4,20,3,0.0001,1e-05,0.1,0.9605011378472342,3.5909802277038545,3.1094040870666504,2.8124266414394654,0.9690577214686606,2.4031431944787918,0.9727942098356888,12.0
energe_c,outer_4,streed,4,20,3,0.0001,1e-05,0.001,0.9604016452657712,3.6201574607605167,2.696563243865967,1.807039229074876,0.980118979702712,2.29738821495168,0.9739914534241922,10.0
energe_c,mean,streed,4,20,3,0.0001,1e-05,0.001,0.9636872612227382,3.2876746766036975,2.8122482299804688,1.6608810908747198,0.9816227215047322,2.3316452404919894,0.9740311335661739,11.4
energe_c,mean,streed,4,20,3,0.0001,1e-05,0.1,0.9641598843437972,3.2388400357572977,3.235261011123657,2.3188086537002226,0.9743454723318787,2.718906455826612,0.9697820820615297,11.6
energe_c,mean,streed,4,20,3,0.0001,0.0001,0.001,0.9637508482383611,3.283016178024014,2.792647457122803,1.6671222300157311,0.9815536905712479,2.414413653184423,0.9730978654622524,11.6
energe_c,mean,streed,4,20,3,0.0001,0.0001,0.1,0.964155520939148,3.23923350730722,3.2534722805023195,2.319083731281792,0.9743424257217189,2.7191367315898662,0.9697795779244025,11.6
energe_c,mean,streed,4,20,3,0.0001,0.001,0.001,0.9633635692413305,3.319738194145168,2.741936206817627,1.7074245833175135,0.9811087131907307,2.418903190828304,0.9730560862692903,11.2
energe_c,mean,streed,4,20,3,0.0001,0.001,0.1,0.9641082335519174,3.2434904834034213,3.3050539016723635,2.3240184201738274,0.9742876148022628,2.719157947678555,0.9697790215078756,11.6
energe_c,mean,streed,4,20,3,0.0001,0.01,0.001,0.9654373468879645,3.125278252791618,2.9500607013702393,2.0115823874655074,0.977741201339275,2.6832634333610925,0.9701708796456163,11.0
energe_c,mean,streed,4,20,3,0.0001,0.01,0.1,0.9636343607567049,3.2845020329074246,3.4955295085906983,2.443863753194772,0.9729693791553581,2.801149932036052,0.9688500034657265,11.6
energe_c,mean,streed,4,20,3,0.0001,0.1,0.001,0.9607678039198788,3.5445554152791474,3.534696102142334,2.636483163582747,0.9708254498432218,3.1062053681792414,0.9655191652518184,11.2
energe_c,mean,streed,4,20,3,0.0001,0.1,0.1,0.9567407682379576,3.9092219444998535,3.7618134021759033,2.7383516717970835,0.9696981912740732,3.1756390732660895,0.9647454972134255,11.2
energe_c,mean,streed,4,20,3,0.0005,1e-05,0.001,0.9642111618861465,3.239945079711272,2.7372576713562013,1.7680015933669888,0.9804365187393659,2.3768414545920873,0.9735019537751235,8.4
energe_c,mean,streed,4,20,3,0.0005,1e-05,0.1,0.9645341684603338,3.20881662750529,3.1228144645690916,2.345438247968025,0.974051169168694,2.743867552682642,0.9695045899889483,9.6
energe_c,mean,streed,4,20,3,0.0005,0.0001,0.001,0.9640237981055624,3.257506912696639,2.6983643531799317,1.768527083656845,0.9804307083820962,2.376706512922265,0.9735038154120691,8.4
energe_c,mean,streed,4,20,3,0.0005,0.0001,0.1,0.9645301818766956,3.2091769058383726,3.122939395904541,2.345692580083689,0.9740483521418684,2.7440718188404327,0.9695023760008015,9.6
energe_c,mean,streed,4,20,3,0.0005,0.001,0.001,0.9638074937578072,3.276765807981783,2.6330403327941894,1.776080862305906,0.9803471117946744,2.379909493700203,0.9734717842304663,9.4
energe_c,mean,streed,4,20,3,0.0005,0.001,0.1,0.964486685269779,3.2130994453044486,3.159332752227783,2.348294188454526,0.9740195235597648,2.7464198170064935,0.9694768016785351,9.6
energe_c,mean,streed,4,20,3,0.0005,0.01,0.001,0.9651059677970814,3.1545660229695733,2.8344771385192873,2.057856394178794,0.9772290997264615,2.726121764402354,0.9696944295814106,9.0
energe_c,mean,streed,4,20,3,0.0005,0.01,0.1,0.9635447856119237,3.2927642985481724,3.3403983116149902,2.4649983733153245,0.9727360432421704,2.8254816327622265,0.9685804456449256,9.6
energe_c,mean,streed,4,20,3,0.0005,0.1,0.001,0.9606444628726406,3.5557993772943206,3.375993824005127,2.66535984145418,0.9705061360978432,3.120377296619063,0.9653619179378323,8.8
energe_c,mean,streed,4,20,3,0.0005,0.1,0.1,0.9578248954440657,3.8093669265374075,3.640487813949585,2.7431827878341073,0.969645134604078,3.1773523948251325,0.9647258295233445,11.0
energe_c,mean,streed,4,20,3,0.001,1e-05,0.001,0.9640609704405078,3.251519014216098,2.6002390384674072,1.8519598033250877,0.9795077548589127,2.389782123529039,0.973349651471229,7.2
energe_c,mean,streed,4,20,3,0.001,1e-05,0.1,0.9650740272113476,3.1582699160233028,3.019073724746704,2.3670513854147712,0.97381270343133,2.760859678115093,0.9693098218798891,8.4
energe_c,mean,streed,4,20,3,0.001,0.0001,0.001,0.9643871088761455,3.2230474753078995,2.5952689170837404,1.8524823312040053,0.9795019771595351,2.3896269414272817,0.9733517429766085,7.2
energe_c,mean,streed,4,20,3,0.001,0.0001,0.1,0.9650705880896602,3.1585798245483407,3.016839694976807,2.367308414842909,0.973809856726317,2.7610743300764957,0.9693074905595779,8.4
energe_c,mean,streed,4,20,3,0.001,0.001,0.001,0.964681043101072,3.198711107191465,2.4981908321380617,1.8876321199814086,0.9791123039943933,2.5125749275635227,0.9720006548855439,7.2
energe_c,mean,streed,4,20,3,0.001,0.001,0.1,0.9648881760294316,3.174284363962934,3.031420373916626,2.369937086425394,0.9737807303645921,2.763526150998896,0.9692807433225358,8.4
energe_c,mean,streed,4,20,3,0.001,0.01,0.001,0.9653163702801647,3.1374937684107875,2.6564947605133056,2.1093951690789536,0.976658088279217,2.57558346333355,0.9713478158037809,8.2
energe_c,mean,streed,4,20,3,0.001,0.01,0.1,0.9637468036196518,3.2746550450400926,3.2360401153564453,2.5880214173096734,0.9713709902309844,2.982315982042259,0.9668608748314552,8.0
energe_c,mean,streed,4,20,3,0.001,0.1,0.001,0.961255940041541,3.5019521633668247,3.219117546081543,2.719434087374968,0.9699077555608318,3.1597611530545384,0.9649229059580474,7.6
energe_c,mean,streed,4,20,3,0.001,0.1,0.1,0.9580130441349203,3.792042647612618,3.480677604675293,2.776242060125062,0.9692802701117227,3.2118254449249575,0.9643359981986505,8.2
energe_c,mean,streed,4,20,3,0.003,1e-05,0.001,0.9643044093006494,3.2267838341878745,2.205647850036621,2.0131913621693434,0.9777215589530887,2.5103349892022977,0.9719977599498865,6.0
energe_c,mean,streed,4,20,3,0.003,1e-05,0.1,0.9648873048256761,3.17426483722343,2.5548762321472167,2.761477899416684,0.9694410487442475,3.097622873973786,0.9655964793940981,7.0
energe_c,mean,streed,4,20,3,0.003,0.0001,0.001,0.9642613534386433,3.2306104618586238,2.187206506729126,2.1803946088258437,0.9758668242654839,2.7054919907528014,0.9698481803563125,5.4
energe_c,mean,streed,4,20,3,0.003,0.0001,0.1,0.9648829429852736,3.1746529630189166,2.553111124038696,2.761525553864042,0.9694405213887267,3.0976629145600714,0.9655960366395417,7.0
energe_c,mean,streed,4,20,3,0.003,0.001,0.001,0.9644201153153265,3.2152223258953248,2.196231746673584,2.4308051887008078,0.9731033183672064,2.9660608737783822,0.9669956731027245,4.8
energe_c,mean,streed,4,20,3,0.003,0.001,0.1,0.9648352042600447,3.178896901445076,2.5621885299682616,2.7620057325644645,0.9694352076069608,3.0980670659382916,0.9655915675833231,7.0
energe_c,mean,streed,4,20,3,0.003,0.01,0.001,0.9654623978116886,3.1238339035375304,2.400534248352051,2.34431557609166,0.9740636462044371,2.712670274807662,0.9698288686540201,6.2
energe_c,mean,streed,4,20,3,0.003,0.01,0.1,0.9638475075021578,3.265467385132554,2.7890936374664306,2.767297085448963,0.9693766476450014,3.1029164849258164,0.9655379523647498,7.0
energe_c,mean,streed,4,20,3,0.003,0.1,0.001,0.961298961212897,3.4972231763508006,2.811140441894531,2.7704358226045676,0.9693416364345794,3.100724589794998,0.9655715672185334,7.0
energe_c,mean,streed,4,20,3,0.003,0.1,0.1,0.9578540270129221,3.805567349762204,3.079113006591797,2.8396435543746383,0.9685760775392941,3.171540939886567,0.9647803285330907,7.0
energe_c,mean,streed,4,20,3,0.005,1e-05,0.001,0.9636803077040168,3.2824968620007895,2.4428730964660645,2.9917817045598882,0.9668908521920653,3.1991391825758653,0.9644460226081744,3.0
energe_c,mean,streed,4,20,3,0.005,1e-05,0.1,0.9648873048256761,3.17426483722343,2.253017520904541,2.803285531235145,0.9689800827844802,3.0677479728224397,0.9659207923964208,5.4
energe_c,mean,streed,4,20,3,0.005,0.0001,0.001,0.9636394314863338,3.286129527521985,2.445373010635376,2.9921876017770375,0.9668863590498777,3.1994836928342103,0.9644422319287903,3.0
energe_c,mean,streed,4,20,3,0.005,0.0001,0.1,0.9648829429852736,3.1746529630189166,2.2495556354522703,2.7991567586287993,0.9690261210828636,3.0624376404804434,0.9659779736381429,5.6
energe_c,mean,streed,4,20,3,0.005,0.001,0.001,0.9631777427885323,3.327100649503432,2.438124942779541,2.9972904198899886,0.966829879217568,3.2042448530053607,0.964389675620154,3.0
energe_c,mean,streed,4,20,3,0.005,0.001,0.1,0.9644380474853061,3.214201667373144,2.228049468994141,2.8440918355309446,0.9685269135538656,3.1968992298843153,0.9645085943579979,5.0
energe_c,mean,streed,4,20,3,0.005,0.01,0.001,0.9651119139960092,3.154472140412504,2.2807212352752684,2.821433996013117,0.9687766877587501,3.06628546035184,0.9659404252331181,4.0
energe_c,mean,streed,4,20,3,0.005,0.01,0.1,0.9638475075021578,3.265467385132554,2.450797510147095,2.879219480453766,0.9681378537922909,3.2922982584109173,0.9634353952809487,5.4
energe_c,mean,streed,4,20,3,0.005,0.1,0.001,0.961298961212897,3.4972231763508006,2.4721927642822266,2.8783602028595987,0.9681463796312209,3.1605702631005186,0.964872311232482,6.0
energe_c,mean,streed,4,20,3,0.005,0.1,0.1,0.9578540270129221,3.805567349762204,2.718303680419922,2.8901863903496308,0.9680164559479103,3.22624713241906,0.9641533912592634,7.0
energe_c,mean,streed,4,20,3,0.008,1e-05,0.001,0.9636803077040168,3.2824968620007895,2.3076051235198975,2.9917817045598882,0.9668908521920653,3.1991391825758653,0.9644460226081744,3.0
energe_c,mean,streed,4,20,3,0.008,1e-05,0.1,0.9636115778186978,3.2904117536439252,2.1853286266326903,3.003765025059993,0.9667657052631122,3.3068887476107016,0.9632628701713557,4.2
energe_c,mean,streed,4,20,3,0.008,0.0001,0.001,0.9636394314863338,3.286129527521985,2.2999433040618897,2.9921876017770375,0.9668863590498777,3.1994836928342103,0.9644422319287903,3.0
energe_c,mean,streed,4,20,3,0.008,0.0001,0.1,0.9636078801541371,3.2907409869601993,2.187665414810181,3.073828376101198,0.9659849969635725,3.3092909069990073,0.9632368246841903,4.0
energe_c,mean,streed,4,20,3,0.008,0.001,0.001,0.9631777427885323,3.327100649503432,2.35401029586792,2.9972904198899886,0.966829879217568,3.2042448530053607,0.964389675620154,3.0
energe_c,mean,streed,4,20,3,0.008,0.001,0.1,0.9633506469922215,3.3142206001919803,2.1996083736419676,2.9661222146148654,0.9671833145938399,3.2540849538100582,0.9638441819613632,4.4
energe_c,mean,streed,4,20,3,0.008,0.01,0.001,0.9649696196925645,3.1659328030104072,2.4420270919799805,2.821433996013117,0.9687766877587501,3.06628546035184,0.9659404252331181,4.0
energe_c,mean,streed,4,20,3,0.008,0.01,0.1,0.9638475075021578,3.265467385132554,2.438529062271118,2.9350628196342816,0.9675179315219786,3.321891276210034,0.9631112098665969,5.0
energe_c,mean,streed,4,20,3,0.008,0.1,0.001,0.9610289668176186,3.5228110109218718,2.369147253036499,3.121802469729957,0.9654522906720707,3.42947726546114,0.9618907637843568,5.0
energe_c,mean,streed,4,20,3,0.008,0.1,0.1,0.9542089970322267,4.122411392064847,2.446213626861572,3.442721929215088,0.9619070068414718,3.8519530649652878,0.9571921720888282,5.2
energe_c,mean,streed,4,20,3,0.01,1e-05,0.001,0.9636803077040168,3.2824968620007895,1.7481981277465821,2.9917817045598882,0.9668908521920653,3.1991391825758653,0.9644460226081744,3.0
energe_c,mean,streed,4,20,3,0.01,1e-05,0.1,0.9631027349439547,3.3326527839253957,2.328276443481445,3.073545618964564,0.9659881263076899,3.309012764651046,0.9632399479390447,4.0
energe_c,mean,streed,4,20,3,0.01,0.0001,0.001,0.9636394314863338,3.286129527521985,1.7432130813598632,2.9921876017770375,0.9668863590498777,3.1994836928342103,0.9644422319287903,3.0
energe_c,mean,streed,4,20,3,0.01,0.0001,0.1,0.9630995866918693,3.3329357463142393,2.3276364326477053,3.073828376101198,0.9659849969635725,3.3092909069990073,0.9632368246841903,4.0
energe_c,mean,streed,4,20,3,0.01,0.001,0.001,0.9631777427885323,3.327100649503432,1.784547472000122,2.9972904198899886,0.966829879217568,3.2042448530053607,0.964389675620154,3.0
energe_c,mean,streed,4,20,3,0.01,0.001,0.1,0.9630587432576713,3.336595985905538,2.298490381240845,3.0767019438392866,0.9659531909052618,3.312015302651337,0.9632061821216242,4.0
energe_c,mean,streed,4,20,3,0.01,0.01,0.001,0.9625318890354009,3.385244285326537,2.311115264892578,3.071173185703502,0.9660125088728032,3.3781931731792127,0.9624795777260934,3.0
energe_c,mean,streed,4,20,3,0.01,0.01,0.1,0.9620614730190722,3.421729527444506,2.3953319072723387,2.9350628196342816,0.9675179315219786,3.321891276210034,0.9631112098665969,5.0
energe_c,mean,streed,4,20,3,0.01,0.1,0.001,0.9540576894643357,4.129851110872302,2.4287562370300293,3.2556657813229157,0.9639687341639916,3.674904865679701,0.9591840680330638,4.2
energe_c,mean,streed,4,20,3,0.01,0.1,0.1,0.9434654650164604,5.086547692194514,2.4961254596710205,4.540690274033648,0.9497514140475634,4.892446808929121,0.9456524284536233,4.0
energe_c,mean,streed,4,20,3,0.03,1e-05,0.001,0.9636803077040168,3.2824968620007895,0.2312733650207519,2.9917817045598882,0.9668908521920653,3.1991391825758653,0.9644460226081744,3.0
energe_c,mean,streed,4,20,3,0.03,1e-05,0.1,0.9556189024152945,3.9918792369053806,0.8191367149353027,3.692036589875871,0.9591287550414119,3.824710823127436,0.957544996804241,2.8
energe_c,mean,streed,4,20,3,0.03,0.0001,0.001,0.9636394314863338,3.286129527521985,0.2312329769134521,2.9921876017770375,0.9668863590498777,3.1994836928342103,0.9644422319287903,3.0
energe_c,mean,streed,4,20,3,0.03,0.0001,0.1,0.9556178421640776,3.9919795860432346,0.8235916137695313,3.6921661811432274,0.9591273255288071,3.8248009275214487,0.9575440412201701,2.8
energe_c,mean,streed,4,20,3,0.03,0.001,0.001,0.9631777427885323,3.327100649503432,0.23182978630065915,2.9972904198899886,0.966829879217568,3.2042448530053607,0.964389675620154,3.0
energe_c,mean,streed,4,20,3,0.03,0.001,0.1,0.9522942548780822,4.29161627288759,0.8214975833892822,3.710203663724284,0.9589288388193127,3.9116852345480075,0.9565610650664057,2.8
energe_c,mean,streed,4,20,3,0.03,0.01,0.001,0.9491938912304297,4.546189439590327,0.23553647994995114,3.071173185703502,0.9660125088728032,3.3781931731792127,0.9624795777260934,3.0
energe_c,mean,streed,4,20,3,0.03,0.01,0.1,0.9330191622670533,6.030976375126114,0.8369172573089599,5.669308378532881,0.9372559795801207,5.974926048296042,0.933596828468241,3.0
energe_c,mean,streed,4,20,3,0.03,0.1,0.001,0.9332853152254756,6.009753806073074,0.8318819999694824,5.643485220833037,0.9375430942402909,5.957351295409646,0.9337917216759275,3.0
energe_c,mean,streed,4,20,3,0.03,0.1,0.1,0.9319736266996343,6.127655106281006,0.8828217029571533,5.796907676284792,0.9358458239762649,6.072240707642222,0.9325327414044254,3.0
energe_c,mean,streed,4,20,3,0.05,1e-05,0.001,0.92680075111316,6.595771259677804,0.02578544616699214,6.292471119940707,0.930361375995501,6.531183956856575,0.927233361447654,2.0
energe_c,mean,streed,4,20,3,0.05,1e-05,0.1,0.9304476935202134,6.269524104022334,0.1010189056396484,6.070512574612448,0.9328175345371402,6.237561296937519,0.9305042702640298,2.0
energe_c,mean,streed,4,20,3,0.05,0.0001,0.001,0.9268053848941726,6.595356658667671,0.025772476196289,6.292096604979934,0.9303655206517792,6.530785476029489,0.9272377904289228,2.0
energe_c,mean,streed,4,20,3,0.05,0.0001,0.1,0.9304528876842418,6.269061650219652,0.10076384544372556,6.070097088143894,0.9328221307726446,6.237118457855507,0.9305092164928418,2.0
energe_c,mean,streed,4,20,3,0.05,0.001,0.001,0.926851209896728,6.5912570154737775,0.02606830596923822,6.234281942013189,0.9310094778095476,6.491315585112567,0.9276650182074307,2.0
energe_c,mean,streed,4,20,3,0.05,0.001,0.1,0.9306603982728593,6.250037177351677,0.13850789070129393,6.065982920366432,0.9328676428620362,6.232730519601525,0.930558227405825,2.0
energe_c,mean,streed,4,20,3,0.05,0.01,0.001,0.9295869566679869,6.3442457469713585,0.026154422760009698,6.054429414716568,0.9329950094066239,6.272935674558986,0.9301218058801753,2.0
energe_c,mean,streed,4,20,3,0.05,0.01,0.1,0.9205332042463328,7.219001951329457,0.21998419761657712,5.729781661794257,0.9365890906963626,5.897716272361601,0.9343051945183873,2.0
energe_c,mean,streed,4,20,3,0.05,0.1,0.001,0.9258344380732076,6.697449908419618,0.2263510704040527,5.698962853984316,0.9369263909743571,5.874877913571249,0.9345658738116258,2.0
energe_c,mean,streed,4,20,3,0.05,0.1,0.1,0.8987918165988248,9.198836578062334,0.23641819953918458,8.78088950081413,0.9028479372823052,9.715915417179989,0.8920295790848132,2.2
energe_c,mean,streed,4,20,3,0.08,1e-05,0.001,0.8818447892876324,10.817825636330387,0.0060541152954101205,9.09547111081416,0.8994023005422441,10.349986307302665,0.8846136524981464,1.6
energe_c,mean,streed,4,20,3,0.08,1e-05,0.1,0.8783729213938196,11.109380311743845,0.0267708778381347,10.026752438446758,0.8889878229159409,11.315305096525409,0.8743866535084518,1.4
energe_c,mean,streed,4,20,3,0.08,0.0001,0.001,0.8818498074062096,10.817373215259995,0.0062153816223144,9.095074999171676,0.8994066846519019,10.349598213241322,0.8846179875338038,1.6
energe_c,mean,streed,4,20,3,0.08,0.0001,0.1,0.878377169524059,11.109000853767752,0.02676181793212886,10.02651735890616,0.888990420044367,11.315073300695172,0.8743892841966765,1.4
energe_c,mean,streed,4,20,3,0.08,0.001,0.001,0.8818996035506966,10.81288346115597,0.00602707862853998,9.037038293058927,0.9000531033952447,10.310223342953925,0.8850443735306822,1.6
energe_c,mean,streed,4,20,3,0.08,0.001,0.1,0.8783342643358886,11.112639787559278,0.0266956806182861,10.024193357493065,0.8890160950569326,11.312783639612775,0.8744152739157229,1.4
energe_c,mean,streed,4,20,3,0.08,0.01,0.001,0.864412565064762,12.411529395694021,0.00845832824707026,12.012468446836188,0.8671067696001453,13.019286142737041,0.8552194813355003,1.2
energe_c,mean,streed,4,20,3,0.08,0.01,0.1,0.8723084895566732,11.68248202370434,0.02679028511047358,11.838828159057162,0.869029563918124,12.780444465128612,0.8578756637700604,1.2
energe_c,mean,streed,4,20,3,0.08,0.1,0.001,0.8965279324760473,9.500384442799248,0.027120780944824157,7.1996016385263815,0.9202513323121838,8.233062615707256,0.9088036524998971,1.8
energe_c,mean,streed,4,20,3,0.08,0.1,0.1,0.8974627265207096,9.316306595846843,0.02725725173950192,9.69760392408911,0.8926790216994472,9.911160462436996,0.8898786443508081,2.0
energe_c,mean,streed,4,20,3,0.1,1e-05,0.001,0.843458126805363,14.226536940111398,0.0058720111846923394,13.7218772843113,0.8481458790236719,14.001157256210968,0.8443940098031681,1.0
energe_c,mean,streed,4,20,3,0.1,1e-05,0.1,0.8483910832222833,13.782178909030273,0.0058688640594481995,13.152964621801676,0.8544484701506958,13.374175412995886,0.8513448830212003,1.0
energe_c,mean,streed,4,20,3,0.1,0.0001,0.001,0.8434633952426575,14.226063262048637,0.0058475494384765,13.721483232334865,0.8481502386094795,14.00072232354105,0.8443988820098879,1.0
energe_c,mean,streed,4,20,3,0.1,0.0001,0.1,0.8483937262936514,13.781942000579784,0.00583233833312984,13.15289384639765,0.8544492492149678,13.374087722400665,0.8513459062664588,1.0
energe_c,mean,streed,4,20,3,0.1,0.001,0.001,0.8435157614971682,14.22135489882668,0.00581378936767572,13.717568387717254,0.8481935503331156,13.996399279803166,0.8444473110125221,1.0
energe_c,mean,streed,4,20,3,0.1,0.001,0.1,0.8484199179491085,13.779594245297185,0.00585026741027826,13.15220089809396,0.854456876113524,13.373225869246903,0.8513559699125122,1.0
energe_c,mean,streed,4,20,3,0.1,0.01,0.001,0.843064821883401,14.262097853621569,0.00572586059570306,13.680743474186205,0.8486009541669091,13.95554901891048,0.8449050565168322,1.0
energe_c,mean,streed,4,20,3,0.1,0.01,0.1,0.8475834342520949,13.856216622100295,0.0056771278381347,13.445605628862513,0.8512059276405178,13.664425255793958,0.848137209284148,1.0
energe_c,mean,streed,4,20,3,0.1,0.1,0.001,0.8455250382215815,14.058445866883963,0.005609607696533179,13.892590108710056,0.8462554681893952,14.143501351535443,0.842844458928044,1.0
energe_c,mean,streed,4,20,3,0.1,0.1,0.1,0.8466700942213349,13.956350338994389,0.02578010559082028,13.869018395332583,0.8465164899827975,14.073446665953824,0.8436277041140423,1.0
energe_c,std,streed,4,20,3,0.0001,1e-05,0.001,0.0022142446849936167,0.2122573192832773,0.24451444729693653,0.14638682532203542,0.0015857524888118083,0.41198775542069965,0.005197713750561522,0.8944271909999159
energe_c,std,streed,4,20,3,0.0001,1e-05,0.1,0.003113348637775248,0.28638921133709977,0.26706727862323654,0.39077127041933873,0.004272940227078502,0.3132939463773606,0.0037746971448279596,0.5477225575051662
energe_c,std,streed,4,20,3,0.0001,0.0001,0.001,0.0018914200253093616,0.17916820586655727,0.2317801163451375,0.1414904103130754,0.0015298679641101796,0.43026208720097975,0.005453843914266529,0.547722557505166
energe_c,std,streed,4,20,3,0.0001,0.0001,0.1,0.0031142765122072285,0.2864711533554319,0.24575770284941661,0.3905796310673072,0.004270812378528923,0.3132476381545714,0.003773691358254696,0.5477225575051662
energe_c,std,streed,4,20,3,0.0001,0.001,0.001,0.001188827373693521,0.12667140514951594,0.21922598201069893,0.14759617724345214,0.0015843581513959358,0.3944585140392913,0.005037079863176259,0.8366600265340753
energe_c,std,streed,4,20,3,0.0001,0.001,0.1,0.0031231533147989556,0.2872445346146318,0.267107870273862,0.386799679243431,0.00422974772761765,0.3163086978480538,0.0038064794215110424,0.5477225575051662
energe_c,std,streed,4,20,3,0.0001,0.01,0.001,0.0021980517083299888,0.2037096200537808,0.23879140815877292,0.15066443355013578,0.0016312724884801368,0.3509091392340415,0.004316529576775309,0.0
energe_c,std,streed,4,20,3,0.0001,0.01,0.1,0.002686945154670551,0.24671614665429462,0.29272975923141026,0.34449989247242735,0.0036930481138700228,0.3943793762754481,0.004821607740731177,0.5477225575051662
energe_c,std,streed,4,20,3,0.0001,0.1,0.001,0.0026330212744109854,0.2416347122409395,0.254216876498596,0.12360703980941029,0.0013252174597485169,0.47215005650292463,0.005226497461991798,0.44721359549995804
energe_c,std,streed,4,20,3,0.0001,0.1,0.1,0.0027095862237076036,0.2353453120628482,0.2425212898679036,0.10568922004620654,0.0011157449859530739,0.44413306109328793,0.004930830524158414,0.44721359549995804
energe_c,std,streed,4,20,3,0.0005,1e-05,0.001,0.002893010952499545,0.2669276266065307,0.1999602481986171,0.09406196536751137,0.0010001486517090632,0.4643095526286374,0.005850848748345821,0.8944271909999161
energe_c,std,streed,4,20,3,0.0005,1e-05,0.1,0.002474467714694095,0.22855374506635698,0.23507610726913236,0.3973784000213627,0.004343846576607487,0.3278298764253036,0.0039195963102138295,0.547722557505166
energe_c,std,streed,4,20,3,0.0005,0.0001,0.001,0.0027888118487287583,0.25331458920631256,0.20215124827305078,0.09406751584378228,0.001000089126729455,0.4627221818455339,0.0058326057677129395,0.8944271909999161
energe_c,std,streed,4,20,3,0.0005,0.0001,0.1,0.002475625452107495,0.22865417391415124,0.237351622132519,0.3971822317955783,0.004341667388032495,0.3277879601765092,0.003918644118157049,0.547722557505166
energe_c,std,streed,4,20,3,0.0005,0.001,0.001,0.002244407815486168,0.21053367306694207,0.20498318708445917,0.09547615914439715,0.0010163282082715933,0.4504281083626816,0.005688776862988347,0.8944271909999161
energe_c,std,streed,4,20,3,0.0005,0.001,0.1,0.0024870254843877737,0.22962420023958166,0.24095343890598642,0.3951616625798893,0.004319291567950582,0.32754969823408664,0.0039115378604870936,0.547722557505166
energe_c,std,streed,4,20,3,0.0005,0.01,0.001,0.0021568053956058644,0.20036637966718845,0.24064495576116005,0.1472188619920219,0.001592058715277289,0.3438302614383279,0.0042539035292440755,0.0
energe_c,std,streed,4,20,3,0.0005,0.01,0.1,0.002620527029035262,0.24120050133228432,0.2277503026241793,0.357378024562038,0.0038345126183558435,0.3998495671249621,0.004866192692068209,0.547722557505166
energe_c,std,streed,4,20,3,0.0005,0.1,0.001,0.002565689167232149,0.23570332661250545,0.24688198535891162,0.12232135605607014,0.0013039002696579416,0.4835505869787004,0.005354285061130169,0.44721359549995776
energe_c,std,streed,4,20,3,0.0005,0.1,0.1,0.002836259260977394,0.26008249093716884,0.2547557459763692,0.10242966351869705,0.0010643138366205696,0.44560775193391466,0.0049542879550650894,0.0
energe_c,std,streed,4,20,3,0.001,1e-05,0.001,0.003004953059583169,0.2775488207695195,0.19533391206400066,0.1480661959372776,0.0016111983182541033,0.5110538895746044,0.006372716499310221,0.4472135954999579
energe_c,std,streed,4,20,3,0.001,1e-05,0.1,0.001955150434810338,0.18207631989474862,0.2307689546587929,0.4150616656603782,0.004534116098066677,0.2914014198913135,0.0036063011110099115,0.8944271909999159
energe_c,std,streed,4,20,3,0.001,0.0001,0.001,0.002809791747678053,0.2580215226977813,0.1950489478168017,0.14807508373945555,0.0016112199663875788,0.5094489101341239,0.006354240678708577,0.4472135954999579
energe_c,std,streed,4,20,3,0.001,0.0001,0.1,0.0019553321534138456,0.1820845577552223,0.23262287555887798,0.4148692561112864,0.004531975899149465,0.2913254301718274,0.003604993463190971,0.8944271909999159
energe_c,std,streed,4,20,3,0.001,0.001,0.001,0.0017032512005513895,0.16806807284783898,0.19412732386701223,0.19718505561576138,0.002172401821667946,0.4189980514802129,0.00536606463698582,0.4472135954999579
energe_c,std,streed,4,20,3,0.001,0.001,0.1,0.0018497273367059897,0.17491309991859005,0.23501362261002046,0.4128896281340657,0.004510023946400444,0.29075378913788746,0.0035943816440259448,0.8944271909999159
energe_c,std,streed,4,20,3,0.001,0.01,0.001,0.0018863531655916026,0.17396615369860888,0.2130840495533591,0.12060834790833322,0.001305683014174076,0.3308915819589489,0.004254228531500127,0.44721359549995815
energe_c,std,streed,4,20,3,0.001,0.01,0.1,0.0024231025010232185,0.2235084755722279,0.24459723402959777,0.2944894161179024,0.003147510681782624,0.481910876970152,0.005492936052963861,0.7071067811865476
energe_c,std,streed,4,20,3,0.001,0.1,0.001,0.0019341081634448307,0.17602559547089464,0.24468754684337055,0.13579245715288918,0.0014546382049753905,0.4597701098140155,0.005085949217500562,0.5477225575051661
energe_c,std,streed,4,20,3,0.001,0.1,0.1,0.0026502322942308964,0.2430230600341945,0.23387644187540668,0.13282601245944464,0.0013870514956280072,0.3961663697229465,0.004454625809353041,0.8366600265340753
energe_c,std,streed,4,20,3,0.003,1e-05,0.001,0.0015885571915498912,0.1500863434868342,0.13504574158332278,0.11030420938671952,0.0012201949732820736,0.5457291111087464,0.006816146405914799,0.0
energe_c,std,streed,4,20,3,0.003,1e-05,0.1,0.0018233801917099542,0.1720485083447969,0.1711244346007438,0.10862544524843601,0.0011884065871272179,0.40458948325895217,0.004607573664092949,0.0
energe_c,std,streed,4,20,3,0.003,0.0001,0.001,0.001610427525031334,0.15146050575508482,0.13818066933521556,0.4689012346882062,0.005224330508179232,0.5643085278277964,0.006859995209111312,1.3416407864998738
energe_c,std,streed,4,20,3,0.003,0.0001,0.1,0.0018233645335235537,0.17204894500289658,0.17144616057496145,0.10862421919179209,0.0011883927073721246,0.4045683534925388,0.004607315039116497,0.0
energe_c,std,streed,4,20,3,0.003,0.001,0.001,0.002413630124994978,0.21879823216694355,0.14268165329567495,0.3893923523484103,0.004290282426448454,0.541891158830128,0.006362855247118175,1.0954451150103324
energe_c,std,streed,4,20,3,0.003,0.001,0.1,0.00182243311587766,0.1719627563203375,0.1717943640128065,0.1086117941074898,0.0011882523610641394,0.4043586049237245,0.004604744589423972,0.0
energe_c,std,streed,4,20,3,0.003,0.01,0.001,0.0017446845785817993,0.1616959320065374,0.16119154091229212,0.4307103581697506,0.004715297384238676,0.29244659364830344,0.0038315412529506977,1.0954451150103321
energe_c,std,streed,4,20,3,0.003,0.01,0.1,0.002377909072048596,0.21948329352297571,0.1855321460149683,0.10851713054755505,0.0011873274151453718,0.40248656746444617,0.004581005070861621,0.0
energe_c,std,streed,4,20,3,0.003,0.1,0.001,0.0015902540267742407,0.14351374830824942,0.22201073803808816,0.11254926149511503,0.001241545717873544,0.45913446450015294,0.0051246603225715975,0.0
energe_c,std,streed,4,20,3,0.003,0.1,0.1,0.002337365301563842,0.21308519372728038,0.23901788408663568,0.10778957300364907,0.001177800640886581,0.39963739813121935,0.0044955080795298094,0.0
energe_c,std,streed,4,20,3,0.005,1e-05,0.001,0.0014789936801455088,0.1311669405360532,0.19164590480546076,0.07482918502870223,0.0008898871281149444,0.2937758096754418,0.003664222539782256,0.0
energe_c,std,streed,4,20,3,0.005,1e-05,0.1,0.0018233801917099542,0.1720485083447969,0.16439340806388902,0.12338892787411078,0.0013037281430722217,0.3625251073809853,0.004269477689938229,0.5477225575051662
energe_c,std,streed,4,20,3,0.005,0.0001,0.001,0.0015165837352896947,0.13399937366027842,0.20102654183183138,0.07487275662493437,0.0008904066290328598,0.2948150398190861,0.0036741907606758083,0.0
energe_c,std,streed,4,20,3,0.005,0.0001,0.1,0.0018233645335235537,0.17204894500289658,0.16049116130536098,0.1254588333367524,0.0013176471457441899,0.3647308461193661,0.004308893272811507,0.547722557505166
energe_c,std,streed,4,20,3,0.005,0.001,0.001,0.0014767411057336247,0.12841765562894727,0.26645323189381126,0.07540601460341452,0.0008964795031500308,0.30410622890354067,0.0037639757237506698,0.0
energe_c,std,streed,4,20,3,0.005,0.001,0.1,0.002143280624786143,0.1930871856617619,0.16361060131537225,0.10372451586807423,0.0011288077433769105,0.5237251432935095,0.005779069162399678,0.0
energe_c,std,streed,4,20,3,0.005,0.01,0.001,0.0018467425617747087,0.16839036552478515,0.28404314857931007,0.10220189236403704,0.001144698908283522,0.4427488440376719,0.005109355574981426,0.0
energe_c,std,streed,4,20,3,0.005,0.01,0.1,0.002377909072048596,0.21948329352297571,0.20954073608689125,0.08980763863573268,0.0009856914082437794,0.4662026421134778,0.005224511449431496,0.5477225575051663
energe_c,std,streed,4,20,3,0.005,0.1,0.001,0.0015902540267742407,0.14351374830824942,0.1958419688587381,0.10344682618126128,0.0011720555931676875,0.415217332506379,0.004937863860119283,0.0
energe_c,std,streed,4,20,3,0.005,0.1,0.1,0.002337365301563842,0.21308519372728038,0.18709248794633726,0.0971414459570538,0.0010711468599666327,0.31963192000223833,0.003809242519000663,0.0
energe_c,std,streed,4,20,3,0.008,1e-05,0.001,0.0014789936801455088,0.1311669405360532,0.15048697638861672,0.07482918502870223,0.0008898871281149444,0.2937758096754418,0.003664222539782256,0.0
energe_c,std,streed,4,20,3,0.008,1e-05,0.1,0.0012902680546904091,0.12296126728965234,0.2125223622414148,0.18421670941593413,0.001909148081378007,0.41498368522728496,0.004805306077380218,0.4472135954999579
energe_c,std,streed,4,20,3,0.008,0.0001,0.001,0.0015165837352896947,0.13399937366027842,0.16139451746861316,0.07487275662493437,0.0008904066290328598,0.2948150398190861,0.0036741907606758083,0.0
energe_c,std,streed,4,20,3,0.008,0.0001,0.1,0.0012903095560073113,0.12297078708516643,0.21933054682398148,0.12992420285651557,0.0014100633402528565,0.4128392345802063,0.0047777302635587495,0.0
energe_c,std,streed,4,20,3,0.008,0.001,0.001,0.0014767411057336247,0.12841765562894727,0.16246612859994708,0.07540601460341452,0.0008964795031500308,0.30410622890354067,0.0037639757237506698,0.0
energe_c,std,streed,4,20,3,0.008,0.001,0.1,0.0014126362184495402,0.12813583083982302,0.2211978247451584,0.18379199874860402,0.0018790250413669388,0.4291998637597083,0.005003362936279655,0.5477225575051663
energe_c,std,streed,4,20,3,0.008,0.01,0.001,0.0021694105490852743,0.19865885285349766,0.2855730056758714,0.10220189236403704,0.001144698908283522,0.4427488440376719,0.005109355574981426,0.0
energe_c,std,streed,4,20,3,0.008,0.01,0.1,0.002377909072048596,0.21948329352297571,0.2260342928486261,0.11980184078193269,0.0013783599369172085,0.4568499051762519,0.005087406718131305,0.0
energe_c,std,streed,4,20,3,0.008,0.1,0.001,0.0011282120640837743,0.10617209565881822,0.2314730423740195,0.09698363088496662,0.0011084445138787294,0.3872477630582511,0.004646212942583543,0.0
energe_c,std,streed,4,20,3,0.008,0.1,0.1,0.0021905822463562518,0.1739215542140822,0.16325519989307238,0.18126074299739287,0.001882686423723928,0.4372346238671505,0.0052292351640773225,0.4472135954999579
energe_c,std,streed,4,20,3,0.01,1e-05,0.001,0.0014789936801455088,0.1311669405360532,0.08903223980765047,0.07482918502870223,0.0008898871281149444,0.2937758096754418,0.003664222539782256,0.0
energe_c,std,streed,4,20,3,0.01,1e-05,0.1,0.0019467339030479504,0.18185375511364762,0.2787855587897361,0.12992373172394284,0.001410050552018347,0.41287977487198785,0.004777862903834434,0.0
energe_c,std,streed,4,20,3,0.01,0.0001,0.001,0.0015165837352896947,0.13399937366027842,0.08297225987873301,0.07487275662493437,0.0008904066290328598,0.2948150398190861,0.0036741907606758083,0.0
energe_c,std,streed,4,20,3,0.01,0.0001,0.1,0.0019466619175385325,0.18184592306499517,0.2667856545922594,0.12992420285651557,0.0014100633402528565,0.4128392345802063,0.0047777302635587495,0.0
energe_c,std,streed,4,20,3,0.01,0.001,0.001,0.0014767411057336247,0.12841765562894727,0.06508339607302328,0.07540601460341452,0.0008964795031500308,0.30410622890354067,0.0037639757237506698,0.0
energe_c,std,streed,4,20,3,0.01,0.001,0.1,0.001937113757104832,0.18089839008856262,0.2187421292442825,0.12993590847647785,0.0014103847371375008,0.41250326755724914,0.004777509154035273,0.0
energe_c,std,streed,4,20,3,0.01,0.01,0.001,0.001543195949340117,0.1347901218468976,0.14592482705996565,0.08340570698471349,0.0009699089858814282,0.2925115746535234,0.0034193631760059007,0.0
energe_c,std,streed,4,20,3,0.01,0.01,0.1,0.0021043546818131963,0.20021104764103007,0.2682407824855188,0.11980184078193269,0.0013783599369172085,0.4568499051762519,0.005087406718131305,0.0
energe_c,std,streed,4,20,3,0.01,0.1,0.001,0.004180521794408177,0.3774469165005286,0.317012762269074,0.06325933946393918,0.0008816550960713403,0.4439087464929867,0.005110414042860534,0.44721359549995787
energe_c,std,streed,4,20,3,0.01,0.1,0.1,0.0008865751273564496,0.05940905159303421,0.22817567640566724,0.13852775353782265,0.0015319090784004484,0.4796329902554561,0.005607395674046795,0.0
energe_c,std,streed,4,20,3,0.03,1e-05,0.001,0.0014789936801455088,0.1311669405360532,0.011797362472577677,0.07482918502870223,0.0008898871281149444,0.2937758096754418,0.003664222539782256,0.0
energe_c,std,streed,4,20,3,0.03,1e-05,0.1,0.006854873033274393,0.6094191238632782,0.0582417841191257,1.1206582824666755,0.012480390475615137,1.1849753056611967,0.01304776015790285,0.4472135954999579
energe_c,std,streed,4,20,3,0.03,0.0001,0.001,0.0015165837352896947,0.13399937366027842,0.012196980774815206,0.07487275662493437,0.0008904066290328598,0.2948150398190861,0.0036741907606758083,0.0
energe_c,std,streed,4,20,3,0.03,0.0001,0.1,0.0068531765496210855,0.6092742698102489,0.057072834550468104,1.1202955104121828,0.01247637062816037,1.1849194564709975,0.013047106480935317,0.4472135954999579
energe_c,std,streed,4,20,3,0.03,0.001,0.001,0.0014767411057336247,0.12841765562894727,0.012112160946797975,0.07540601460341452,0.0008964795031500308,0.30410622890354067,0.0037639757237506698,0.0
energe_c,std,streed,4,20,3,0.03,0.001,0.1,0.008178243293333547,0.7451953561836372,0.056806777911528716,1.1104630393742831,0.012364063254857234,1.0978885629117956,0.012116919089303204,0.4472135954999579
energe_c,std,streed,4,20,3,0.03,0.01,0.001,0.0021937309996104635,0.18290595381272926,0.01300816851835651,0.08340570698471349,0.0009699089858814282,0.2925115746535234,0.0034193631760059007,0.0
energe_c,std,streed,4,20,3,0.03,0.01,0.1,0.0029237995873588763,0.2523729739035361,0.05636679337782029,0.16907725187158776,0.0020992623352633845,0.7484511588021919,0.009012375637688716,0.0
energe_c,std,streed,4,20,3,0.03,0.1,0.001,0.0024603918115647253,0.2126274347161867,0.05728562502031895,0.17078512542601337,0.002063629306209307,0.7030714609759928,0.00852654531097831,0.0
energe_c,std,streed,4,20,3,0.03,0.1,0.1,0.002800981860606276,0.24692134502057286,0.05701223270225057,0.17496717281635882,0.0020893691578835155,0.7894382606628856,0.009288615544425477,0.0
energe_c,std,streed,4,20,3,0.05,1e-05,0.001,0.001907824119658451,0.1577410604948654,0.0014246905529836666,0.22507017307149874,0.0026468113035737996,1.1100864409567215,0.014029761226979702,0.0
energe_c,std,streed,4,20,3,0.05,1e-05,0.1,0.0024550377781550987,0.20772278460510607,0.09934458499312253,0.2505279756908215,0.002916560283762199,1.0451702578964945,0.013254785994248815,0.0
energe_c,std,streed,4,20,3,0.05,0.0001,0.001,0.001907811022797285,0.15773706790828113,0.0013960672182015477,0.2250544974795266,0.0026466323764588995,1.1100790876274078,0.01402955474158478,0.0
energe_c,std,streed,4,20,3,0.05,0.0001,0.1,0.0024554324366936327,0.20775518703422863,0.0990266897427707,0.2505781118069428,0.0029171357612765314,1.044989167217151,0.013252700232243286,0.0
energe_c,std,streed,4,20,3,0.05,0.001,0.001,0.0019077058389073262,0.1577002567621909,0.0015190133747292364,0.17855259313222513,0.001987688379162251,1.1666599402813274,0.014628044224972657,0.0
energe_c,std,streed,4,20,3,0.05,0.001,0.1,0.0023008286270685,0.19046351689319854,0.10029791162688756,0.2510793521768852,0.002922885977608146,1.043193557720032,0.01323201695100989,0.0
energe_c,std,streed,4,20,3,0.05,0.01,0.001,0.001423362782548735,0.1117363676751434,0.0015542364591619475,0.150804780987123,0.001904846081938165,1.0020398649361273,0.012753134339631758,0.0
energe_c,std,streed,4,20,3,0.05,0.01,0.1,0.013333609146690765,1.240270080899665,0.014235117759326146,0.14934621301823303,0.0018146465962788443,0.9282174035137651,0.011821466102246657,0.0
energe_c,std,streed,4,20,3,0.05,0.1,0.001,0.012538281930177874,1.1067449721199982,0.00988550626868205,0.13478558652199396,0.001843136553510433,0.8936671603198665,0.01139803445398622,0.0
energe_c,std,streed,4,20,3,0.05,0.1,0.1,0.006525373151865004,0.6209601468363104,0.017201894078415422,1.6977090329031514,0.01869071105848751,2.540795425187276,0.028592671335483773,0.4472135954999579
energe_c,std,streed,4,20,3,0.08,1e-05,0.001,0.030452501062982543,2.809724017331457,0.000141468371633584,3.7996395693986376,0.04185118590980405,5.524140626128898,0.06210746295768509,0.5477225575051661
energe_c,std,streed,4,20,3,0.08,1e-05,0.1,0.035396956931388744,3.2939339649070343,0.00047379564992709814,3.7508600093853426,0.04168521519481903,4.49316965923361,0.0498266631858423,0.5477225575051662
energe_c,std,streed,4,20,3,0.08,0.0001,0.001,0.030452049818577746,2.8096773019323913,0.00038400228073434987,3.799597583355427,0.04185072171259791,5.524192861267343,0.06210786333393333,0.5477225575051661
energe_c,std,streed,4,20,3,0.08,0.0001,0.1,0.0353978381691371,3.2940085226488516,0.0004343378448954157,3.7511408956114045,0.0416883188101964,4.493485363197377,0.04983000342487342,0.5477225575051662
energe_c,std,streed,4,20,3,0.08,0.001,0.001,0.030447463751886776,2.8092038710271914,0.00015660585665172797,3.8463161111909683,0.04236399052906954,5.566910905088021,0.06257737325016087,0.5477225575051661
energe_c,std,streed,4,20,3,0.08,0.001,0.1,0.03536209176848286,3.2906644932574936,0.0004746881398176415,3.7539308635028577,0.04171914668806901,4.4966179617498625,0.04986314371252721,0.5477225575051662
energe_c,std,streed,4,20,3,0.08,0.01,0.001,0.01667088780142459,1.5466671033003336,0.005472823429465474,3.401766554620621,0.03753547044771061,4.212471892596928,0.04734174636907999,0.4472135954999579
energe_c,std,streed,4,20,3,0.08,0.01,0.1,0.018474054127188826,1.5903573632212442,0.0005149701842874366,3.483671166755991,0.03844446841229427,4.215078631260884,0.04734075115379404,0.4472135954999579
energe_c,std,streed,4,20,3,0.08,0.1,0.001,0.023487101898266503,2.217465234709398,0.0008607441418207559,3.370210256456974,0.037605649391361795,5.276973381697071,0.05724733350753834,0.4472135954999579
energe_c,std,streed,4,20,3,0.08,0.1,0.1,0.00945302707175748,0.8365184355917765,0.0005258026338519052,0.5628349019121306,0.006331226487704911,2.233306756424681,0.025186415007105924,0.0
energe_c,std,streed,4,20,3,0.1,1e-05,0.001,0.005695079463103751,0.5605000856516701,9.571117796906347e-05,0.4788687096581094,0.005452992108672021,2.409257848827665,0.027557366080376365,0.0
energe_c,std,streed,4,20,3,0.1,1e-05,0.1,0.00579820497430406,0.5976699784547267,0.000133388898818531,0.5933874643586453,0.006483937492271468,2.2896058763690013,0.026308425275210524,0.0
energe_c,std,streed,4,20,3,0.1,0.0001,0.001,0.0056960904128790036,0.5605628666605708,0.00013260195368998081,0.4789183464943878,0.005453564785963638,2.409306476272311,0.02755751194917377,0.0
energe_c,std,streed,4,20,3,0.1,0.0001,0.1,0.005798964071286956,0.597702944976591,0.00013170922933005983,0.5933500238636273,0.006483647865545477,2.2896218325715902,0.026308205858709282,0.0
energe_c,std,streed,4,20,3,0.1,0.001,0.001,0.005706174511022044,0.5611900739047573,0.00014511148557871945,0.47941314185449985,0.0054592745271692614,2.4097862159065295,0.027558914726672483,0.0
energe_c,std,streed,4,20,3,0.1,0.001,0.1,0.005806537953335159,0.5980328021121057,0.00013993742852109933,0.5929790448061735,0.006480787045976453,2.289778012627996,0.026305990997824356,0.0
energe_c,std,streed,4,20,3,0.1,0.01,0.001,0.005184524732484792,0.49779721425394874,0.00010782913509812855,0.48420725312811597,0.005514702545518511,2.413951166394567,0.02756749031194507,0.0
energe_c,std,streed,4,20,3,0.1,0.01,0.1,0.0066719534042972315,0.6653093884783955,0.0001017905779339935,0.36218877595009025,0.0040760872607509,2.489100781323151,0.02836335077573697,0.0
energe_c,std,streed,4,20,3,0.1,0.1,0.001,0.01055934604726054,0.8014854838842735,0.00011722469597115865,0.5226164169811183,0.0059708322945668905,2.4558183420308626,0.027809131122567467,0.0
energe_c,std,streed,4,20,3,0.1,0.1,0.1,0.009561133013700006,0.7155926952604588,0.00047371865600386563,0.5249790091657524,0.0059901317302035574,2.371619863154755,0.026871545772102906,0.0
energe_c,best_by_mean_val_r2,streed,4,20,3,0.003,0.01,0.001,0.9654623978116886,3.1238339035375304,2.400534248352051,2.34431557609166,0.9740636462044371,2.712670274807662,0.9698288686540201,6.2
