dataset,outer,method,depth,n_thresholds,cv_folds,cost_complexity,ridge_penalty,lasso_penalty,val_r2,val_mse,train_time_s,train_mse,train_r2,test_mse,test_r2,n_leaves,threshold_label
optical_net,outer_0,streed,4,504,3,0.1,0.1,0.1,0.2938159282759121,0.0300322027611474,599.8710095882416,0.0322486191788628,0.2460896262434493,0.0317316209796722,0.1301782795723971,2.0,full
optical_net,outer_0,streed,4,504,3,0.1,0.1,0.001,0.7340109315063978,0.0112679536942259,599.8377826213837,0.0114553162646442,0.7321968510131427,0.0202252874002373,0.4455879107503804,1.0,full
optical_net,outer_0,streed,4,504,3,0.1,0.01,0.1,0.298971252258263,0.0298212389587802,599.8545985221863,0.0322400951271522,0.2462889020938482,0.031725929334795,0.1303342979599324,2.0,full
optical_net,outer_0,streed,4,504,3,0.1,0.01,0.001,0.7698186433525088,0.0097427410498889,53.73021650314331,0.0099669667671395,0.766991585005338,0.0218677012413544,0.4005663458624777,1.0,full
optical_net,outer_0,streed,4,504,3,0.1,0.001,0.1,0.2995299050462707,0.0297983731679209,599.8683323860168,0.0322391438488675,0.2463111411411446,0.0317252945580169,0.1303516983514708,2.0,full
optical_net,outer_0,streed,4,504,3,0.1,0.001,0.001,0.7789480096341804,0.0093644103194801,51.914870262146,0.0096005757463893,0.7755570987677349,0.0217182953616502,0.4046618340636505,1.0,full
optical_net,outer_0,streed,4,504,3,0.1,0.0001,0.1,0.2995862349217009,0.0297960675174812,599.8683989048004,0.0322390476164591,0.2463133908688191,0.0317252303478233,0.1303534584702225,2.0,full
optical_net,outer_0,streed,4,504,3,0.1,0.0001,0.001,0.7791497634897356,0.0093559630702555,51.32673406600952,0.0095918249099095,0.77576167640762,0.0217508522403393,0.4037693905212527,1.0,full
optical_net,outer_0,streed,4,504,3,0.1,1e-05,0.1,0.2995918725907696,0.029795836760256,599.8641104698181,0.032239037982043,0.246313616102842,0.0317252239193935,0.1303536346852317,2.0,full
optical_net,outer_0,streed,4,504,3,0.1,1e-05,0.001,0.7791697301517848,0.0093551272999246,51.579232692718506,0.009590958316701,0.7757819356815472,0.0217541283159009,0.4036795873030996,1.0,full
optical_net,outer_0,streed,4,504,3,0.08,0.1,0.1,0.2938159282759121,0.0300322027611474,599.8727588653564,0.0322486191788628,0.2460896262434493,0.0317316209796722,0.1301782795723971,2.0,full
optical_net,outer_0,streed,4,504,3,0.08,0.1,0.001,0.7724822032412065,0.009660783239811,599.8416836261749,0.0089090910663541,0.7917226738170351,0.0161767101291742,0.5565668125044427,2.0,full
optical_net,outer_0,streed,4,504,3,0.08,0.01,0.1,0.298971252258263,0.0298212389587802,599.8530695438385,0.0322400951271522,0.2462889020938482,0.031725929334795,0.1303342979599324,2.0,full
optical_net,outer_0,streed,4,504,3,0.08,0.01,0.001,0.8525098775111702,0.0062779654199895,599.8428313732147,0.0056445017925538,0.8680424599735101,0.0138370725597191,0.6207005539588794,2.0,full
optical_net,outer_0,streed,4,504,3,0.08,0.001,0.1,0.2995299050462707,0.0297983731679209,599.8558695316315,0.0322391438488675,0.2463111411411446,0.0317252945580169,0.1303516983514708,2.0,full
optical_net,outer_0,streed,4,504,3,0.08,0.001,0.001,0.8537354286828577,0.0062283415085083,62.5044150352478,0.0054987010214521,0.871451000141561,0.013270800204306,0.6362231140805804,2.0,full
optical_net,outer_0,streed,4,504,3,0.08,0.0001,0.1,0.2995862349217009,0.0297960675174812,599.8636846542358,0.0322390476164591,0.2463133908688191,0.0317252303478233,0.1303534584702225,2.0,full
optical_net,outer_0,streed,4,504,3,0.08,0.0001,0.001,0.8541937488352321,0.0062089347661645,62.115535736083984,0.005502766347557,0.8713559606762681,0.0132755115813169,0.6360939666266949,2.0,full
optical_net,outer_0,streed,4,504,3,0.08,1e-05,0.1,0.2995918725907696,0.029795836760256,599.8640294075012,0.032239037982043,0.246313616102842,0.0317252239193935,0.1303536346852317,2.0,full
optical_net,outer_0,streed,4,504,3,0.08,1e-05,0.001,0.8542167454299733,0.0062079753304133,61.72208547592163,0.0054850065921995,0.8717711494235786,0.0132065277223682,0.6379849402681261,2.0,full
optical_net,outer_0,streed,4,504,3,0.05,0.1,0.1,0.2938159282759121,0.0300322027611474,599.8654742240906,0.0322486191788628,0.2460896262434493,0.0317316209796722,0.1301782795723971,2.0,full
optical_net,outer_0,streed,4,504,3,0.05,0.1,0.001,0.7826006980325232,0.0092503759921086,599.8274781703949,0.0089090910663541,0.7917226738170351,0.0161767101291742,0.5565668125044427,2.0,full
optical_net,outer_0,streed,4,504,3,0.05,0.01,0.1,0.298971252258263,0.0298212389587802,599.8463158607483,0.0322400951271522,0.2462889020938482,0.031725929334795,0.1303342979599324,2.0,full
optical_net,outer_0,streed,4,504,3,0.05,0.01,0.001,0.8525098775111702,0.0062779654199895,599.8388426303864,0.0056445017925538,0.8680424599735101,0.0138370725597191,0.6207005539588794,2.0,full
optical_net,outer_0,streed,4,504,3,0.05,0.001,0.1,0.2995299050462707,0.0297983731679209,599.846720457077,0.0322391438488675,0.2463111411411446,0.0317252945580169,0.1303516983514708,2.0,full
optical_net,outer_0,streed,4,504,3,0.05,0.001,0.001,0.8537354286828577,0.0062283415085083,599.8354125022888,0.0054987010214521,0.871451000141561,0.013270800204306,0.6362231140805804,2.0,full
optical_net,outer_0,streed,4,504,3,0.05,0.0001,0.1,0.2995862349217009,0.0297960675174812,599.8449261188507,0.0322390476164591,0.2463133908688191,0.0317252303478233,0.1303534584702225,2.0,full
optical_net,outer_0,streed,4,504,3,0.05,0.0001,0.001,0.8541937488352321,0.0062089347661645,599.839378118515,0.005502766347557,0.8713559606762681,0.0132755115813169,0.6360939666266949,2.0,full
optical_net,outer_0,streed,4,504,3,0.05,1e-05,0.1,0.2995918725907696,0.029795836760256,599.8473889827728,0.032239037982043,0.246313616102842,0.0317252239193935,0.1303536346852317,2.0,full
optical_net,outer_0,streed,4,504,3,0.05,1e-05,0.001,0.8542167454299733,0.0062079753304133,599.8414454460144,0.0054850065921995,0.8717711494235786,0.0132065277223682,0.6379849402681261,2.0,full
optical_net,outer_0,streed,4,504,3,0.03,0.1,0.1,0.3311304245857357,0.0285187227381051,599.8468658924103,0.0306127507333266,0.2843330680587539,0.0309081560975688,0.1527509568687035,3.0,full
optical_net,outer_0,streed,4,504,3,0.03,0.1,0.001,0.820611242060215,0.0076041804506236,599.8448762893677,0.0068044309313612,0.8409255590693461,0.0120427669137574,0.6698857507990663,3.0,full
optical_net,outer_0,streed,4,504,3,0.03,0.01,0.1,0.3337201246197764,0.0284118209217329,599.852721452713,0.0305770655628284,0.2851673183588563,0.0308837123527809,0.1534210045841597,3.0,full
optical_net,outer_0,streed,4,504,3,0.03,0.01,0.001,0.8486397461825489,0.0064349383670122,599.8379936218262,0.0056445017925538,0.8680424599735101,0.0138370725597191,0.6207005539588794,2.0,full
optical_net,outer_0,streed,4,504,3,0.03,0.001,0.1,0.3340703133002753,0.0283974104577154,599.8495895862579,0.0305730945848992,0.2852601521461935,0.0308809927024198,0.1534955551707029,3.0,full
optical_net,outer_0,streed,4,504,3,0.03,0.001,0.001,0.8571608814234436,0.0060820179031605,599.8321287631989,0.0054987010214521,0.871451000141561,0.013270800204306,0.6362231140805804,2.0,full
optical_net,outer_0,streed,4,504,3,0.03,0.0001,0.1,0.3341286275377888,0.0283950243213341,599.8477818965912,0.030572693005699,0.2852695402915661,0.0308807176725497,0.1535030942420591,3.0,full
optical_net,outer_0,streed,4,504,3,0.03,0.0001,0.001,0.85718411962457,0.006080281718892,599.8297617435455,0.005502766347557,0.8713559606762681,0.0132755115813169,0.6360939666266949,2.0,full
optical_net,outer_0,streed,4,504,3,0.03,1e-05,0.1,0.3341344615730796,0.0283947855994736,599.8505864143372,0.0305726528024565,0.285270480165657,0.030880690138567,0.1535038489988432,3.0,full
optical_net,outer_0,streed,4,504,3,0.03,1e-05,0.001,0.8571775590075278,0.0060804779272726,599.8351273536682,0.0054850065921995,0.8717711494235786,0.0132065277223682,0.6379849402681261,2.0,full
optical_net,outer_0,streed,4,504,3,0.01,0.1,0.1,0.2962477562698734,0.0300452527092638,599.8485968112946,0.0306127507333266,0.2843330680587539,0.0309081560975688,0.1527509568687035,3.0,full
optical_net,outer_0,streed,4,504,3,0.01,0.1,0.001,0.8437096129306783,0.0066540317598712,599.8495302200317,0.0044881000828798,0.8950768964037219,0.0100019231016408,0.7258290093207922,7.0,full
optical_net,outer_0,streed,4,504,3,0.01,0.01,0.1,0.3000641764637598,0.0298846673537405,599.8512098789215,0.0305770655628284,0.2851673183588563,0.0308837123527809,0.1534210045841597,3.0,full
optical_net,outer_0,streed,4,504,3,0.01,0.01,0.001,0.8670898903338818,0.0056576274439495,599.8457391262054,0.0035721987083562,0.9164888999304912,0.0080969585484304,0.7780475690372536,5.0,full
optical_net,outer_0,streed,4,504,3,0.01,0.001,0.1,0.3005545487758811,0.029864122195175,599.8516018390656,0.0305730945848992,0.2852601521461935,0.0308809927024198,0.1534955551707029,3.0,full
optical_net,outer_0,streed,4,504,3,0.01,0.001,0.001,0.8841748698719775,0.0049298361474846,599.8441741466522,0.0028529077854317,0.9333045311838466,0.0072452353624989,0.8013948580833947,6.0,full
optical_net,outer_0,streed,4,504,3,0.01,0.0001,0.1,0.3006270812513495,0.0298611138424489,599.8501176834106,0.030572693005699,0.2852695402915661,0.0308807176725497,0.1535030942420591,3.0,full
optical_net,outer_0,streed,4,504,3,0.01,0.0001,0.001,0.8984435675171359,0.0043088897253302,599.8436033725739,0.0031206551345364,0.9270451157677552,0.0069208205130297,0.8102876619738203,5.0,full
optical_net,outer_0,streed,4,504,3,0.01,1e-05,0.1,0.3006343391373865,0.0298608128102508,599.850174665451,0.0305726528024565,0.285270480165657,0.030880690138567,0.1535038489988432,3.0,full
optical_net,outer_0,streed,4,504,3,0.01,1e-05,0.001,0.8984445219479315,0.0043088514414873,599.8431832790375,0.0031176987008072,0.927114231473003,0.0069184573619681,0.8103524402630655,5.0,full
optical_net,outer_0,streed,4,504,3,0.008,0.1,0.1,0.2962477562698734,0.0300452527092638,599.8488149642944,0.0306127507333266,0.2843330680587539,0.0309081560975688,0.1527509568687035,3.0,full
optical_net,outer_0,streed,4,504,3,0.008,0.1,0.001,0.8437096129306783,0.0066540317598712,599.8508191108704,0.0044881000828798,0.8950768964037219,0.0100019231016408,0.7258290093207922,7.0,full
optical_net,outer_0,streed,4,504,3,0.008,0.01,0.1,0.3000641764637598,0.0298846673537405,599.8479926586151,0.0305770655628284,0.2851673183588563,0.0308837123527809,0.1534210045841597,3.0,full
optical_net,outer_0,streed,4,504,3,0.008,0.01,0.001,0.8768781506559323,0.005230877357282,599.8450100421906,0.0027372726522375,0.9360078570534708,0.0071588285091603,0.8037634278414862,7.0,full
optical_net,outer_0,streed,4,504,3,0.008,0.001,0.1,0.3005545487758811,0.029864122195175,599.8488433361053,0.0305730945848992,0.2852601521461935,0.0308809927024198,0.1534955551707029,3.0,full
optical_net,outer_0,streed,4,504,3,0.008,0.001,0.001,0.8972908486030523,0.0043558567015097,599.8409712314606,0.0028529077854317,0.9333045311838466,0.0072452353624989,0.8013948580833947,6.0,full
optical_net,outer_0,streed,4,504,3,0.008,0.0001,0.1,0.3006270812513495,0.0298611138424489,599.8465487957001,0.030572693005699,0.2852695402915661,0.0308807176725497,0.1535030942420591,3.0,full
optical_net,outer_0,streed,4,504,3,0.008,0.0001,0.001,0.8984435675171359,0.0043088897253302,599.8429493904114,0.0028340026961229,0.9337464956247952,0.0072195135217392,0.8020999407451498,6.0,full
optical_net,outer_0,streed,4,504,3,0.008,1e-05,0.1,0.3006343391373865,0.0298608128102508,599.8499581813812,0.0305726528024565,0.285270480165657,0.030880690138567,0.1535038489988432,3.0,full
optical_net,outer_0,streed,4,504,3,0.008,1e-05,0.001,0.8984445219479315,0.0043088514414873,599.8417382240295,0.0028219742688395,0.9340276970014676,0.0071874084005868,0.8029800007878823,6.0,full
optical_net,outer_0,streed,4,504,3,0.005,0.1,0.1,0.2962477562698734,0.0300452527092638,599.8477809429169,0.0306127507333266,0.2843330680587539,0.0309081560975688,0.1527509568687035,3.0,full
optical_net,outer_0,streed,4,504,3,0.005,0.1,0.001,0.8437096129306783,0.0066540317598712,599.8480195999146,0.0044881000828798,0.8950768964037219,0.0100019231016408,0.7258290093207922,7.0,full
optical_net,outer_0,streed,4,504,3,0.005,0.01,0.1,0.3000641764637598,0.0298846673537405,599.8459832668304,0.0305770655628284,0.2851673183588563,0.0308837123527809,0.1534210045841597,3.0,full
optical_net,outer_0,streed,4,504,3,0.005,0.01,0.001,0.8773429622108696,0.005210166856872,599.8458714485168,0.0025230438075934,0.9410161132966064,0.0050187731611813,0.8624262558697764,8.0,full
optical_net,outer_0,streed,4,504,3,0.005,0.001,0.1,0.3005545487758811,0.029864122195175,599.84596824646,0.0305730945848992,0.2852601521461935,0.0308809927024198,0.1534955551707029,3.0,full
optical_net,outer_0,streed,4,504,3,0.005,0.001,0.001,0.900942187736806,0.0042027363290152,599.8363645076752,0.0022696612820462,0.9469397069078304,0.0047163293631934,0.8707167930871168,8.0,full
optical_net,outer_0,streed,4,504,3,0.005,0.0001,0.1,0.3006270812513495,0.0298611138424489,599.847047328949,0.030572693005699,0.2852695402915661,0.0308807176725497,0.1535030942420591,3.0,full
optical_net,outer_0,streed,4,504,3,0.005,0.0001,0.001,0.9016901528241248,0.0041733848068947,599.8466658592224,0.0022523339285275,0.9473447869360636,0.0045922535170142,0.874117938778861,8.0,full
optical_net,outer_0,streed,4,504,3,0.005,1e-05,0.1,0.3006343391373865,0.0298608128102508,599.840345621109,0.0305726528024565,0.285270480165657,0.030880690138567,0.1535038489988432,3.0,full
optical_net,outer_0,streed,4,504,3,0.005,1e-05,0.001,0.9016174835251484,0.0041763317336203,599.8437967300415,0.0022398484567222,0.9476366731301058,0.0045566355196465,0.8750942931784178,8.0,full
optical_net,outer_0,streed,4,504,3,0.003,0.1,0.1,0.2962477562698734,0.0300452527092638,599.8488593101501,0.0306127507333266,0.2843330680587539,0.0309081560975688,0.1527509568687035,3.0,full
optical_net,outer_0,streed,4,504,3,0.003,0.1,0.001,0.8437096129306783,0.0066540317598712,599.8514552116394,0.0044881000828798,0.8950768964037219,0.0100019231016408,0.7258290093207922,7.0,full
optical_net,outer_0,streed,4,504,3,0.003,0.01,0.1,0.3000641764637598,0.0298846673537405,599.8440806865692,0.0305770655628284,0.2851673183588563,0.0308837123527809,0.1534210045841597,3.0,full
optical_net,outer_0,streed,4,504,3,0.003,0.01,0.001,0.875058235091697,0.0053083558407223,599.8494925498962,0.0025230438075934,0.9410161132966064,0.0050187731611813,0.8624262558697764,8.0,full
optical_net,outer_0,streed,4,504,3,0.003,0.001,0.1,0.3005545487758811,0.029864122195175,599.846638917923,0.0305730945848992,0.2852601521461935,0.0308809927024198,0.1534955551707029,3.0,full
optical_net,outer_0,streed,4,504,3,0.003,0.001,0.001,0.899621308208639,0.0042648204963687,599.847336769104,0.0022696612820462,0.9469397069078304,0.0047163293631934,0.8707167930871168,8.0,full
optical_net,outer_0,streed,4,504,3,0.003,0.0001,0.1,0.3006270812513495,0.0298611138424489,599.8523919582367,0.030572693005699,0.2852695402915661,0.0308807176725497,0.1535030942420591,3.0,full
optical_net,outer_0,streed,4,504,3,0.003,0.0001,0.001,0.9003944572908192,0.0042271619237696,599.844789981842,0.0022523339285275,0.9473447869360636,0.0045922535170142,0.874117938778861,8.0,full
optical_net,outer_0,streed,4,504,3,0.003,1e-05,0.1,0.3006343391373865,0.0298608128102508,599.84907579422,0.0305726528024565,0.285270480165657,0.030880690138567,0.1535038489988432,3.0,full
optical_net,outer_0,streed,4,504,3,0.003,1e-05,0.001,0.906699631808035,0.0039532293687037,599.8455760478973,0.0022398484567222,0.9476366731301058,0.0045566355196465,0.8750942931784178,8.0,full
optical_net,outer_0,streed,4,504,3,0.001,0.1,0.1,0.2962477562698734,0.0300452527092638,599.844701051712,0.0306127507333266,0.2843330680587539,0.0309081560975688,0.1527509568687035,3.0,full
optical_net,outer_0,streed,4,504,3,0.001,0.1,0.001,0.8437096129306783,0.0066540317598712,599.8448367118835,0.0042103486865853,0.9015701871034074,0.0099810923684065,0.7264000177868041,8.0,full
optical_net,outer_0,streed,4,504,3,0.001,0.01,0.1,0.3000641764637598,0.0298846673537405,599.8493270874023,0.0305770655628284,0.2851673183588563,0.0308837123527809,0.1534210045841597,3.0,full
optical_net,outer_0,streed,4,504,3,0.001,0.01,0.001,0.879015443431776,0.0051478510406575,599.8468940258026,0.0025230438075934,0.9410161132966064,0.0050187731611813,0.8624262558697764,8.0,full
optical_net,outer_0,streed,4,504,3,0.001,0.001,0.1,0.3005545487758811,0.029864122195175,599.8461155891418,0.0305730945848992,0.2852601521461935,0.0308809927024198,0.1534955551707029,3.0,full
optical_net,outer_0,streed,4,504,3,0.001,0.001,0.001,0.8989644224981163,0.0042930509751338,599.8465659618378,0.0022696612820462,0.9469397069078304,0.0047163293631934,0.8707167930871168,8.0,full
optical_net,outer_0,streed,4,504,3,0.001,0.0001,0.1,0.3006270812513495,0.0298611138424489,599.8442482948303,0.030572693005699,0.2852695402915661,0.0308807176725497,0.1535030942420591,3.0,full
optical_net,outer_0,streed,4,504,3,0.001,0.0001,0.001,0.9072997965295144,0.0039303963987759,599.8391420841217,0.0022523339285275,0.9473447869360636,0.0045922535170142,0.874117938778861,8.0,full
optical_net,outer_0,streed,4,504,3,0.001,1e-05,0.1,0.3006343391373865,0.0298608128102508,599.8471477031708,0.0305726528024565,0.285270480165657,0.030880690138567,0.1535038489988432,3.0,full
optical_net,outer_0,streed,4,504,3,0.001,1e-05,0.001,0.906178865977858,0.003975609926653,599.8439242839813,0.0022371503833082,0.9476997488706432,0.0046366837806458,0.8729000240566414,8.0,full
optical_net,outer_0,streed,4,504,3,0.0005,0.1,0.1,0.2962477562698734,0.0300452527092638,599.8470649719238,0.0306127507333266,0.2843330680587539,0.0309081560975688,0.1527509568687035,3.0,full
optical_net,outer_0,streed,4,504,3,0.0005,0.1,0.001,0.8437096129306783,0.0066540317598712,599.8459627628326,0.0042103486865853,0.9015701871034074,0.0099810923684065,0.7264000177868041,8.0,full
optical_net,outer_0,streed,4,504,3,0.0005,0.01,0.1,0.3000641764637598,0.0298846673537405,599.8438127040863,0.0305770655628284,0.2851673183588563,0.0308837123527809,0.1534210045841597,3.0,full
optical_net,outer_0,streed,4,504,3,0.0005,0.01,0.001,0.879015443431776,0.0051478510406575,599.8446600437164,0.0025230438075934,0.9410161132966064,0.0050187731611813,0.8624262558697764,8.0,full
optical_net,outer_0,streed,4,504,3,0.0005,0.001,0.1,0.3005545487758811,0.029864122195175,599.8466398715973,0.0305730945848992,0.2852601521461935,0.0308809927024198,0.1534955551707029,3.0,full
optical_net,outer_0,streed,4,504,3,0.0005,0.001,0.001,0.8989644224981163,0.0042930509751338,599.8484194278717,0.0022696612820462,0.9469397069078304,0.0047163293631934,0.8707167930871168,8.0,full
optical_net,outer_0,streed,4,504,3,0.0005,0.0001,0.1,0.3006270812513495,0.0298611138424489,599.8449652194977,0.030572693005699,0.2852695402915661,0.0308807176725497,0.1535030942420591,3.0,full
optical_net,outer_0,streed,4,504,3,0.0005,0.0001,0.001,0.9072997965295144,0.0039303963987759,599.8431768417358,0.0022523339285275,0.9473447869360636,0.0045922535170142,0.874117938778861,8.0,full
optical_net,outer_0,streed,4,504,3,0.0005,1e-05,0.1,0.3006343391373865,0.0298608128102508,599.845935344696,0.0305726528024565,0.285270480165657,0.030880690138567,0.1535038489988432,3.0,full
optical_net,outer_0,streed,4,504,3,0.0005,1e-05,0.001,0.906178865977858,0.003975609926653,599.8383421897888,0.0022371503833082,0.9476997488706432,0.0046366837806458,0.8729000240566414,8.0,full
optical_net,outer_0,streed,4,504,3,0.0001,0.1,0.1,0.2962477562698734,0.0300452527092638,599.8425071239471,0.0306127507333266,0.2843330680587539,0.0309081560975688,0.1527509568687035,3.0,full
optical_net,outer_0,streed,4,504,3,0.0001,0.1,0.001,0.8437096129306783,0.0066540317598712,599.8468115329742,0.0042103486865853,0.9015701871034074,0.0099810923684065,0.7264000177868041,8.0,full
optical_net,outer_0,streed,4,504,3,0.0001,0.01,0.1,0.3000641764637598,0.0298846673537405,599.838381767273,0.0305770655628284,0.2851673183588563,0.0308837123527809,0.1534210045841597,3.0,full
optical_net,outer_0,streed,4,504,3,0.0001,0.01,0.001,0.879015443431776,0.0051478510406575,599.8451826572418,0.0025230438075934,0.9410161132966064,0.0050187731611813,0.8624262558697764,8.0,full
optical_net,outer_0,streed,4,504,3,0.0001,0.001,0.1,0.3005545487758811,0.029864122195175,599.8468692302704,0.0305730945848992,0.2852601521461935,0.0308809927024198,0.1534955551707029,3.0,full
optical_net,outer_0,streed,4,504,3,0.0001,0.001,0.001,0.8989644224981163,0.0042930509751338,599.8467304706573,0.0022696612820462,0.9469397069078304,0.0047163293631934,0.8707167930871168,8.0,full
optical_net,outer_0,streed,4,504,3,0.0001,0.0001,0.1,0.3006270812513495,0.0298611138424489,599.8456163406372,0.030572693005699,0.2852695402915661,0.0308807176725497,0.1535030942420591,3.0,full
optical_net,outer_0,streed,4,504,3,0.0001,0.0001,0.001,0.9072997965295144,0.0039303963987759,599.8448054790497,0.0022523339285275,0.9473447869360636,0.0045922535170142,0.874117938778861,8.0,full
optical_net,outer_0,streed,4,504,3,0.0001,1e-05,0.1,0.3006343391373865,0.0298608128102508,599.8455090522766,0.0305726528024565,0.285270480165657,0.030880690138567,0.1535038489988432,3.0,full
optical_net,outer_0,streed,4,504,3,0.0001,1e-05,0.001,0.906178865977858,0.003975609926653,599.8491594791412,0.0022371503833082,0.9476997488706432,0.0046366837806458,0.8729000240566414,8.0,full
optical_net,outer_1,streed,4,504,3,0.1,0.1,0.1,0.1707858243198803,0.0340539420841848,599.8680679798126,0.0350115234581537,0.1498935258755771,0.035432838914023,0.1720657643324399,1.0,full
optical_net,outer_1,streed,4,504,3,0.1,0.1,0.001,0.6593430102327674,0.0139651797717151,599.8272204399109,0.0113454548330906,0.7245237095431105,0.0078776903580447,0.8159275478535742,2.0,full
optical_net,outer_1,streed,4,504,3,0.1,0.01,0.1,0.1821864831810549,0.0335868301560097,599.8474762439728,0.0345301752423437,0.1615810274222419,0.0348413905392098,0.1858857226859317,1.0,full
optical_net,outer_1,streed,4,504,3,0.1,0.01,0.001,0.8023361987644183,0.0081063310156191,599.8478720188141,0.0069502669572217,0.8312422210279108,0.0061552078824598,0.8561755848605602,2.0,full
optical_net,outer_1,streed,4,504,3,0.1,0.001,0.1,0.1834355272929117,0.0335356512324476,599.8503472805023,0.0344779659109112,0.162848709781554,0.034777092297748,0.187388134488965,1.0,full
optical_net,outer_1,streed,4,504,3,0.1,0.001,0.001,0.805742406387223,0.0079725228539189,61.709535360336304,0.0066125216358445,0.8394429348486374,0.0058531399181142,0.8632337946130167,2.0,full
optical_net,outer_1,streed,4,504,3,0.1,0.0001,0.1,0.1835616273069848,0.0335304843217733,599.8684661388397,0.0344727008485801,0.1629765495077996,0.0347706064877718,0.1875396838507981,1.0,full
optical_net,outer_1,streed,4,504,3,0.1,0.0001,0.001,0.805678086817274,0.0079758736271748,60.93387746810913,0.0065899486035853,0.8399910252762663,0.0058164908363508,0.8640901479402581,2.0,full
optical_net,outer_1,streed,4,504,3,0.1,1e-05,0.1,0.1835742493805956,0.0335299671357567,599.8683078289032,0.0344721738974012,0.1629893442840461,0.0347699573420886,0.1875548519815935,1.0,full
optical_net,outer_1,streed,4,504,3,0.1,1e-05,0.001,0.8056713289411345,0.0079762186306326,60.850919246673584,0.0065881464197036,0.8400347836744753,0.0058149918102378,0.8641251746295431,2.0,full
optical_net,outer_1,streed,4,504,3,0.08,0.1,0.1,0.2050641006426639,0.0325837026100757,599.8666985034943,0.0319464697073782,0.2243153670213306,0.0344274712484761,0.1955574837444579,3.0,full
optical_net,outer_1,streed,4,504,3,0.08,0.1,0.001,0.6841182809263012,0.0129493363519908,599.8234612941742,0.0113454548330906,0.7245237095431105,0.0078776903580447,0.8159275478535742,2.0,full
optical_net,outer_1,streed,4,504,3,0.08,0.01,0.1,0.213208372927223,0.032256261301357,599.8490967750549,0.0318754089925746,0.2260407753367591,0.0343209658031053,0.1980461216072457,3.0,full
optical_net,outer_1,streed,4,504,3,0.08,0.01,0.001,0.8023361987644183,0.0081063310156191,599.8394711017609,0.0069502669572217,0.8312422210279108,0.0061552078824598,0.8561755848605602,2.0,full
optical_net,outer_1,streed,4,504,3,0.08,0.001,0.1,0.2141043784777338,0.0322202246569423,599.8472497463226,0.0318673442683119,0.2262365929885077,0.034308863649871,0.1983289041133916,3.0,full
optical_net,outer_1,streed,4,504,3,0.08,0.001,0.001,0.805742406387223,0.0079725228539189,599.8470146656036,0.0066125216358445,0.8394429348486374,0.0058531399181142,0.8632337946130167,2.0,full
optical_net,outer_1,streed,4,504,3,0.08,0.0001,0.1,0.2141948783441584,0.0322165846825079,599.8461625576019,0.0318665268970986,0.2262564393845391,0.0343076369159157,0.1983575683432623,3.0,full
optical_net,outer_1,streed,4,504,3,0.08,0.0001,0.001,0.805678086817274,0.0079758736271748,599.8463797569275,0.0065899486035853,0.8399910252762663,0.0058164908363508,0.8640901479402581,2.0,full
optical_net,outer_1,streed,4,504,3,0.08,1e-05,0.1,0.2142039374161103,0.032216220318227,599.8513824939728,0.0318664450494966,0.2262584267066953,0.0343075140750544,0.1983604386793059,3.0,full
optical_net,outer_1,streed,4,504,3,0.08,1e-05,0.001,0.8056713289411345,0.0079762186306326,599.8453240394592,0.0065881464197036,0.8400347836744753,0.0058149918102378,0.8641251746295431,2.0,full
optical_net,outer_1,streed,4,504,3,0.05,0.1,0.1,0.2509846453838567,0.0307818678655142,599.8509256839752,0.0319464697073782,0.2243153670213306,0.0344274712484761,0.1955574837444579,3.0,full
optical_net,outer_1,streed,4,504,3,0.05,0.1,0.001,0.7534715046715185,0.010105174177437,599.8348662853241,0.0080677845978068,0.8041080409815862,0.0070371984435175,0.8355667315082449,3.0,full
optical_net,outer_1,streed,4,504,3,0.05,0.01,0.1,0.2563952585610982,0.030561690135377,599.851007938385,0.0318754089925746,0.2260407753367591,0.0343209658031053,0.1980461216072457,3.0,full
optical_net,outer_1,streed,4,504,3,0.05,0.01,0.001,0.8023361987644183,0.0081063310156191,599.8319547176361,0.0069502669572217,0.8312422210279108,0.0061552078824598,0.8561755848605602,2.0,full
optical_net,outer_1,streed,4,504,3,0.05,0.001,0.1,0.2569950718845488,0.0305372755100127,599.8452308177948,0.0318673442683119,0.2262365929885077,0.034308863649871,0.1983289041133916,3.0,full
optical_net,outer_1,streed,4,504,3,0.05,0.001,0.001,0.8151199408692825,0.0075880222438278,599.8411791324615,0.0066125216358445,0.8394429348486374,0.0058531399181142,0.8632337946130167,2.0,full
optical_net,outer_1,streed,4,504,3,0.05,0.0001,0.1,0.257055705534685,0.0305348074290412,599.84787940979,0.0318665268970986,0.2262564393845391,0.0343076369159157,0.1983575683432623,3.0,full
optical_net,outer_1,streed,4,504,3,0.05,0.0001,0.001,0.8159868913186177,0.0075531887916607,599.8433232307434,0.0065899486035853,0.8399910252762663,0.0058164908363508,0.8640901479402581,2.0,full
optical_net,outer_1,streed,4,504,3,0.05,1e-05,0.1,0.2570617754948526,0.0305345603518156,599.8499720096588,0.0318664450494966,0.2262584267066953,0.0343075140750544,0.1983604386793059,3.0,full
optical_net,outer_1,streed,4,504,3,0.05,1e-05,0.001,0.8155534253167436,0.0075710298155266,599.8423726558685,0.0065881464197036,0.8400347836744753,0.0058149918102378,0.8641251746295431,2.0,full
optical_net,outer_1,streed,4,504,3,0.03,0.1,0.1,0.2509846453838567,0.0307818678655142,599.8498406410217,0.0319464697073782,0.2243153670213306,0.0344274712484761,0.1955574837444579,3.0,full
optical_net,outer_1,streed,4,504,3,0.03,0.1,0.001,0.7826923818683498,0.008908428633072,599.8489663600922,0.0070229951257749,0.8294763256645681,0.0067563307246072,0.8421295700305533,4.0,full
optical_net,outer_1,streed,4,504,3,0.03,0.01,0.1,0.2915505475960542,0.0290538344551148,599.853595495224,0.0318754089925746,0.2260407753367591,0.0343209658031053,0.1980461216072457,3.0,full
optical_net,outer_1,streed,4,504,3,0.03,0.01,0.001,0.8319132086050299,0.0068840501871465,599.8420162200928,0.0053646243205487,0.8697428327677725,0.0048352493796231,0.8870181271928503,3.0,full
optical_net,outer_1,streed,4,504,3,0.03,0.001,0.1,0.2926400068610932,0.0290084182839061,599.8520991802216,0.0318673442683119,0.2262365929885077,0.034308863649871,0.1983289041133916,3.0,full
optical_net,outer_1,streed,4,504,3,0.03,0.001,0.001,0.8266155598227822,0.0071181470797152,599.8408846855164,0.0044955732802951,0.8908440543854819,0.0035622126629377,0.9167642811367442,3.0,full
optical_net,outer_1,streed,4,504,3,0.03,0.0001,0.1,0.2927516250467272,0.0290037634104614,599.8490118980408,0.0318665268970986,0.2262564393845391,0.0343076369159157,0.1983575683432623,3.0,full
optical_net,outer_1,streed,4,504,3,0.03,0.0001,0.001,0.828891988280188,0.0070300059878184,599.8459007740021,0.0044295735886819,0.8924465772005091,0.0035280199101488,0.9175632391517748,3.0,full
optical_net,outer_1,streed,4,504,3,0.03,1e-05,0.1,0.2927627983105652,0.0290032974459605,599.8559885025024,0.0318664450494966,0.2262584267066953,0.0343075140750544,0.1983604386793059,3.0,full
optical_net,outer_1,streed,4,504,3,0.03,1e-05,0.001,0.8273837357914093,0.0070900277620726,599.8420176506042,0.0044238256524112,0.8925861414740398,0.0035210244738375,0.917726696593884,3.0,full
optical_net,outer_1,streed,4,504,3,0.01,0.1,0.1,0.2821120815319606,0.029446771989578,599.8571624755859,0.0319464697073782,0.2243153670213306,0.0344274712484761,0.1955574837444579,3.0,full
optical_net,outer_1,streed,4,504,3,0.01,0.1,0.001,0.8019194313329921,0.0080405881109164,599.8500080108643,0.0048386313095431,0.8825143439684905,0.0055192754702932,0.8710349704401628,7.0,full
optical_net,outer_1,streed,4,504,3,0.01,0.01,0.1,0.2915505475960542,0.0290538344551148,599.8526828289032,0.0318754089925746,0.2260407753367591,0.0343209658031053,0.1980461216072457,3.0,full
optical_net,outer_1,streed,4,504,3,0.01,0.01,0.001,0.855267174933501,0.0059012790502728,599.8486287593842,0.0034794522238623,0.9155162480876516,0.0036934029397137,0.9136988501733057,6.0,full
optical_net,outer_1,streed,4,504,3,0.01,0.001,0.1,0.2926400068610932,0.0290084182839061,599.8524303436279,0.0318673442683119,0.2262365929885077,0.034308863649871,0.1983289041133916,3.0,full
optical_net,outer_1,streed,4,504,3,0.01,0.001,0.001,0.8644490771741579,0.0055249732041959,599.8489902019501,0.0026399334537512,0.9359004036778378,0.0027951522147922,0.934687643342837,7.0,full
optical_net,outer_1,streed,4,504,3,0.01,0.0001,0.1,0.2927516250467272,0.0290037634104614,599.8471877574921,0.0318665268970986,0.2262564393845391,0.0343076369159157,0.1983575683432623,3.0,full
optical_net,outer_1,streed,4,504,3,0.01,0.0001,0.001,0.8759058228795071,0.0050537716815411,599.8472986221313,0.0030637467725442,0.9256098932818324,0.0033443576596814,0.9218547458337722,6.0,full
optical_net,outer_1,streed,4,504,3,0.01,1e-05,0.1,0.2927627983105652,0.0290032974459605,599.8491444587708,0.0318664450494966,0.2262584267066953,0.0343075140750544,0.1983604386793059,3.0,full
optical_net,outer_1,streed,4,504,3,0.01,1e-05,0.001,0.8744225911868438,0.005117101319725,599.8479793071747,0.0030543892728206,0.925837100507082,0.0033282992964477,0.9222299703175404,6.0,full
optical_net,outer_1,streed,4,504,3,0.008,0.1,0.1,0.2821120815319606,0.029446771989578,599.8519186973572,0.0319464697073782,0.2243153670213306,0.0344274712484761,0.1955574837444579,3.0,full
optical_net,outer_1,streed,4,504,3,0.008,0.1,0.001,0.8019194313329921,0.0080405881109164,599.852885723114,0.0048386313095431,0.8825143439684905,0.0055192754702932,0.8710349704401628,7.0,full
optical_net,outer_1,streed,4,504,3,0.008,0.01,0.1,0.2915505475960542,0.0290538344551148,599.8523349761963,0.0318754089925746,0.2260407753367591,0.0343209658031053,0.1980461216072457,3.0,full
optical_net,outer_1,streed,4,504,3,0.008,0.01,0.001,0.8618520655206857,0.005641667247427,599.8461079597473,0.0031406378360409,0.9237429196564494,0.003627611114971,0.9152361614867928,7.0,full
optical_net,outer_1,streed,4,504,3,0.008,0.001,0.1,0.2926400068610932,0.0290084182839061,599.847226858139,0.0318673442683119,0.2262365929885077,0.034308863649871,0.1983289041133916,3.0,full
optical_net,outer_1,streed,4,504,3,0.008,0.001,0.001,0.8762063066159769,0.0050428995949748,599.8449234962463,0.0026399334537512,0.9359004036778378,0.0027951522147922,0.934687643342837,7.0,full
optical_net,outer_1,streed,4,504,3,0.008,0.0001,0.1,0.2927516250467272,0.0290037634104614,599.8507814407349,0.0318665268970986,0.2262564393845391,0.0343076369159157,0.1983575683432623,3.0,full
optical_net,outer_1,streed,4,504,3,0.008,0.0001,0.001,0.8759058228795071,0.0050537716815411,599.8460359573364,0.0026190971974383,0.9364063238617812,0.0027817090414063,0.9350017605240524,7.0,full
optical_net,outer_1,streed,4,504,3,0.008,1e-05,0.1,0.2927627983105652,0.0290032974459605,599.849967956543,0.0318664450494966,0.2262584267066953,0.0343075140750544,0.1983604386793059,3.0,full
optical_net,outer_1,streed,4,504,3,0.008,1e-05,0.001,0.8744225911868438,0.005117101319725,599.8454806804657,0.0026163253483752,0.9364736264696402,0.0027764319992073,0.9351250654590654,7.0,full
optical_net,outer_1,streed,4,504,3,0.005,0.1,0.1,0.2863133405659628,0.0292819225841314,599.8518762588501,0.0319464697073782,0.2243153670213306,0.0344274712484761,0.1955574837444579,3.0,full
optical_net,outer_1,streed,4,504,3,0.005,0.1,0.001,0.8019194313329921,0.0080405881109164,599.8486249446869,0.0048386313095431,0.8825143439684905,0.0055192754702932,0.8710349704401628,7.0,full
optical_net,outer_1,streed,4,504,3,0.005,0.01,0.1,0.2963980860297443,0.0288636262765175,599.8524346351624,0.0318754089925746,0.2260407753367591,0.0343209658031053,0.1980461216072457,3.0,full
optical_net,outer_1,streed,4,504,3,0.005,0.01,0.001,0.8686024294464043,0.0053638681234144,599.8413212299347,0.0031442456559009,0.9236553190404952,0.0037032995125073,0.9134676039146736,7.0,full
optical_net,outer_1,streed,4,504,3,0.005,0.001,0.1,0.2975580562214018,0.0288154433907985,599.8487887382507,0.0318673442683119,0.2262365929885077,0.034308863649871,0.1983289041133916,3.0,full
optical_net,outer_1,streed,4,504,3,0.005,0.001,0.001,0.8789016397589756,0.0049377565114332,599.8428931236267,0.0026748180767652,0.935053378443216,0.0028001629258207,0.9345705615810392,7.0,full
optical_net,outer_1,streed,4,504,3,0.005,0.0001,0.1,0.2976767820004222,0.028810509628922,599.8460185527802,0.0318665268970986,0.2262564393845391,0.0343076369159157,0.1983575683432623,3.0,full
optical_net,outer_1,streed,4,504,3,0.005,0.0001,0.001,0.8809659754416176,0.0048493273728792,599.8443739414215,0.002662437318082,0.9353539927002272,0.0029573145590774,0.9308985098529792,7.0,full
optical_net,outer_1,streed,4,504,3,0.005,1e-05,0.1,0.297688666583482,0.0288100157536091,599.8488030433655,0.0318664450494966,0.2262584267066953,0.0343075140750544,0.1983604386793059,3.0,full
optical_net,outer_1,streed,4,504,3,0.005,1e-05,0.001,0.8810241369960554,0.0048469349451523,599.845995426178,0.0026604783137948,0.9354015588174028,0.0029553068268396,0.930945423120634,7.0,full
optical_net,outer_1,streed,4,504,3,0.003,0.1,0.1,0.2863133405659628,0.0292819225841314,599.8495919704437,0.0316178419473601,0.2322946995031733,0.0335186155387485,0.2167940761380626,4.0,full
optical_net,outer_1,streed,4,504,3,0.003,0.1,0.001,0.8078993785350649,0.0078059463683137,599.8493468761444,0.0048386313095431,0.8825143439684905,0.0055192754702932,0.8710349704401628,7.0,full
optical_net,outer_1,streed,4,504,3,0.003,0.01,0.1,0.2963980860297443,0.0288636262765175,599.8533062934875,0.0304437744207314,0.2608019538829831,0.0325421163215067,0.2396112468146438,4.0,full
optical_net,outer_1,streed,4,504,3,0.003,0.01,0.001,0.8686024294464043,0.0053638681234144,599.8480548858643,0.0031442456559009,0.9236553190404952,0.0037032995125073,0.9134676039146736,7.0,full
optical_net,outer_1,streed,4,504,3,0.003,0.001,0.1,0.2975580562214018,0.0288154433907985,599.8552820682526,0.030421150913502,0.2613512698813597,0.0325145000432255,0.240256536973478,4.0,full
optical_net,outer_1,streed,4,504,3,0.003,0.001,0.001,0.8789016397589756,0.0049377565114332,599.8471293449402,0.0026748180767652,0.935053378443216,0.0028001629258207,0.9345705615810392,7.0,full
optical_net,outer_1,streed,4,504,3,0.003,0.0001,0.1,0.2976767820004222,0.028810509628922,599.8532950878143,0.0304188630286044,0.2614068214704207,0.0325117073556445,0.2403217917407696,4.0,full
optical_net,outer_1,streed,4,504,3,0.003,0.0001,0.001,0.8809659754416176,0.0048493273728792,599.8452396392822,0.002662437318082,0.9353539927002272,0.0029573145590774,0.9308985098529792,7.0,full
optical_net,outer_1,streed,4,504,3,0.003,1e-05,0.1,0.297688666583482,0.0288100157536091,599.8497848510742,0.030418633981935,0.2614123828981238,0.0325114277728589,0.2403283245551597,4.0,full
optical_net,outer_1,streed,4,504,3,0.003,1e-05,0.001,0.8810241369960554,0.0048469349451523,599.8421955108643,0.0026604783137948,0.9354015588174028,0.0029553068268396,0.930945423120634,7.0,full
optical_net,outer_1,streed,4,504,3,0.001,0.1,0.1,0.2863133405659628,0.0292819225841314,599.8521473407745,0.0316178419473601,0.2322946995031733,0.0335186155387485,0.2167940761380626,4.0,full
optical_net,outer_1,streed,4,504,3,0.001,0.1,0.001,0.8078993785350649,0.0078059463683137,599.8505945205688,0.0048386313095431,0.8825143439684905,0.0055192754702932,0.8710349704401628,7.0,full
optical_net,outer_1,streed,4,504,3,0.001,0.01,0.1,0.2963980860297443,0.0288636262765175,599.8505859375,0.0304437744207314,0.2608019538829831,0.0325421163215067,0.2396112468146438,4.0,full
optical_net,outer_1,streed,4,504,3,0.001,0.01,0.001,0.8762870353876476,0.0050342654651185,599.848108291626,0.0031442456559009,0.9236553190404952,0.0037032995125073,0.9134676039146736,7.0,full
optical_net,outer_1,streed,4,504,3,0.001,0.001,0.1,0.2975580562214018,0.0288154433907985,599.8495469093323,0.030421150913502,0.2613512698813597,0.0325145000432255,0.240256536973478,4.0,full
optical_net,outer_1,streed,4,504,3,0.001,0.001,0.001,0.8794096835267071,0.0049169255415211,599.8414483070374,0.0026748180767652,0.935053378443216,0.0028001629258207,0.9345705615810392,7.0,full
optical_net,outer_1,streed,4,504,3,0.001,0.0001,0.1,0.2976767820004222,0.028810509628922,599.849871635437,0.0304188630286044,0.2614068214704207,0.0325117073556445,0.2403217917407696,4.0,full
optical_net,outer_1,streed,4,504,3,0.001,0.0001,0.001,0.8807815187180124,0.0048568905253152,599.8425345420837,0.002662437318082,0.9353539927002272,0.0029573145590774,0.9308985098529792,7.0,full
optical_net,outer_1,streed,4,504,3,0.001,1e-05,0.1,0.297688666583482,0.0288100157536091,599.8491938114166,0.030418633981935,0.2614123828981238,0.0325114277728589,0.2403283245551597,4.0,full
optical_net,outer_1,streed,4,504,3,0.001,1e-05,0.001,0.8808411446492884,0.0048544380547499,599.8455383777618,0.0026604783137948,0.9354015588174028,0.0029553068268396,0.930945423120634,7.0,full
optical_net,outer_1,streed,4,504,3,0.0005,0.1,0.1,0.2863133405659628,0.0292819225841314,599.8475379943848,0.0316178419473601,0.2322946995031733,0.0335186155387485,0.2167940761380626,4.0,full
optical_net,outer_1,streed,4,504,3,0.0005,0.1,0.001,0.8078993785350649,0.0078059463683137,599.8491752147675,0.0048386313095431,0.8825143439684905,0.0055192754702932,0.8710349704401628,7.0,full
optical_net,outer_1,streed,4,504,3,0.0005,0.01,0.1,0.2963980860297443,0.0288636262765175,599.846969127655,0.0304437744207314,0.2608019538829831,0.0325421163215067,0.2396112468146438,4.0,full
optical_net,outer_1,streed,4,504,3,0.0005,0.01,0.001,0.8686024294464043,0.0053638681234144,599.8493173122406,0.0031442456559009,0.9236553190404952,0.0037032995125073,0.9134676039146736,7.0,full
optical_net,outer_1,streed,4,504,3,0.0005,0.001,0.1,0.2975580562214018,0.0288154433907985,599.846896648407,0.030421150913502,0.2613512698813597,0.0325145000432255,0.240256536973478,4.0,full
optical_net,outer_1,streed,4,504,3,0.0005,0.001,0.001,0.8794096835267071,0.0049169255415211,599.8440458774567,0.0026748180767652,0.935053378443216,0.0028001629258207,0.9345705615810392,7.0,full
optical_net,outer_1,streed,4,504,3,0.0005,0.0001,0.1,0.2976767820004222,0.028810509628922,599.8482880592346,0.0304188630286044,0.2614068214704207,0.0325117073556445,0.2403217917407696,4.0,full
optical_net,outer_1,streed,4,504,3,0.0005,0.0001,0.001,0.8807815187180124,0.0048568905253152,599.8464295864105,0.002662437318082,0.9353539927002272,0.0029573145590774,0.9308985098529792,7.0,full
optical_net,outer_1,streed,4,504,3,0.0005,1e-05,0.1,0.297688666583482,0.0288100157536091,599.8481338024139,0.030418633981935,0.2614123828981238,0.0325114277728589,0.2403283245551597,4.0,full
optical_net,outer_1,streed,4,504,3,0.0005,1e-05,0.001,0.8808411446492884,0.0048544380547499,599.8413152694702,0.0026604783137948,0.9354015588174028,0.0029553068268396,0.930945423120634,7.0,full
optical_net,outer_1,streed,4,504,3,0.0001,0.1,0.1,0.3006044187522422,0.0286959553139499,599.8510620594025,0.0316178419473601,0.2322946995031733,0.0335186155387485,0.2167940761380626,4.0,full
optical_net,outer_1,streed,4,504,3,0.0001,0.1,0.001,0.8078993785350649,0.0078059463683137,599.8512260913849,0.0048386313095431,0.8825143439684905,0.0055192754702932,0.8710349704401628,7.0,full
optical_net,outer_1,streed,4,504,3,0.0001,0.01,0.1,0.3085298195159272,0.0283661971350065,599.8514914512634,0.0304437744207314,0.2608019538829831,0.0325421163215067,0.2396112468146438,4.0,full
optical_net,outer_1,streed,4,504,3,0.0001,0.01,0.001,0.8762870353876476,0.0050342654651185,599.8387627601624,0.0031442456559009,0.9236553190404952,0.0037032995125073,0.9134676039146736,7.0,full
optical_net,outer_1,streed,4,504,3,0.0001,0.001,0.1,0.309452227349123,0.0283277548556205,599.8510794639587,0.030421150913502,0.2613512698813597,0.0325145000432255,0.240256536973478,4.0,full
optical_net,outer_1,streed,4,504,3,0.0001,0.001,0.001,0.8794096835267071,0.0049169255415211,599.845861196518,0.0026748180767652,0.935053378443216,0.0028001629258207,0.9345705615810392,7.0,full
optical_net,outer_1,streed,4,504,3,0.0001,0.0001,0.1,0.3096397476560408,0.0283200003589337,599.8479535579681,0.0304188630286044,0.2614068214704207,0.0325117073556445,0.2403217917407696,4.0,full
optical_net,outer_1,streed,4,504,3,0.0001,0.0001,0.001,0.8807815187180124,0.0048568905253152,599.8462369441986,0.0026190971974383,0.9364063238617812,0.0027817090414063,0.9350017605240524,7.0,full
optical_net,outer_1,streed,4,504,3,0.0001,1e-05,0.1,0.3096494276818389,0.0283195968755691,599.856716632843,0.030418633981935,0.2614123828981238,0.0325114277728589,0.2403283245551597,4.0,full
optical_net,outer_1,streed,4,504,3,0.0001,1e-05,0.001,0.8808411446492884,0.0048544380547499,599.8464887142181,0.0026163253483752,0.9364736264696402,0.0027764319992073,0.9351250654590654,7.0,full
optical_net,outer_2,streed,4,504,3,0.1,0.1,0.1,0.2497431795614066,0.0312345181135993,599.8795511722565,0.0327416597312292,0.225580703430076,0.028509473511882,0.2543990488997067,2.0,full
optical_net,outer_2,streed,4,504,3,0.1,0.1,0.001,0.6794976050116995,0.0132027709316006,599.8312582969666,0.0106805214319304,0.7473798835424806,0.0105994624206249,0.7227949769512233,2.0,full
optical_net,outer_2,streed,4,504,3,0.1,0.01,0.1,0.2551619460208332,0.0310055190303311,599.851756811142,0.032682269415274,0.2269854277807255,0.0284692081518904,0.2554520985357741,2.0,full
optical_net,outer_2,streed,4,504,3,0.1,0.01,0.001,0.8170135135424935,0.0076209648094398,599.8432366847992,0.0069243893436427,0.836221475371165,0.0054836569094838,0.856587326822614,2.0,full
optical_net,outer_2,streed,4,504,3,0.1,0.001,0.1,0.2557635665336221,0.0309800805682208,599.8591501712799,0.0326756837159835,0.2271411954679412,0.0284647435876577,0.2555688591394645,2.0,full
optical_net,outer_2,streed,4,504,3,0.1,0.001,0.001,0.8160532533190108,0.0076788181327476,59.56699252128601,0.0066379680119837,0.8429960313346309,0.0052596433122181,0.8624458969961795,2.0,full
optical_net,outer_2,streed,4,504,3,0.1,0.0001,0.1,0.2558243927162396,0.0309775084878742,599.8683652877808,0.032675017968115,0.2271569420122596,0.0284642922695601,0.2555806623459568,2.0,full
optical_net,outer_2,streed,4,504,3,0.1,0.0001,0.001,0.8161946864083244,0.0076740473362422,60.31499481201172,0.0066254112858802,0.8432930282210472,0.0052021138030247,0.8639504514998955,2.0,full
optical_net,outer_2,streed,4,504,3,0.1,1e-05,0.1,0.2558304820499705,0.0309772509943293,599.8637936115265,0.0326749513207592,0.2271585183831229,0.0284642470885992,0.2555818439520422,2.0,full
optical_net,outer_2,streed,4,504,3,0.1,1e-05,0.001,0.8161884193996013,0.0076744597443545,60.16387152671814,0.0066236479010633,0.8433347365290763,0.005200598614179,0.8639900778452931,2.0,full
optical_net,outer_2,streed,4,504,3,0.08,0.1,0.1,0.2497431795614066,0.0312345181135993,599.8752999305725,0.0327416597312292,0.225580703430076,0.028509473511882,0.2543990488997067,2.0,full
optical_net,outer_2,streed,4,504,3,0.08,0.1,0.001,0.7159872318165726,0.0118166551680502,599.815269947052,0.0106805214319304,0.7473798835424806,0.0105994624206249,0.7227949769512233,2.0,full
optical_net,outer_2,streed,4,504,3,0.08,0.01,0.1,0.2551619460208332,0.0310055190303311,599.8481431007385,0.032682269415274,0.2269854277807255,0.0284692081518904,0.2554520985357741,2.0,full
optical_net,outer_2,streed,4,504,3,0.08,0.01,0.001,0.8170135135424935,0.0076209648094398,599.8362832069397,0.0069243893436427,0.836221475371165,0.0054836569094838,0.856587326822614,2.0,full
optical_net,outer_2,streed,4,504,3,0.08,0.001,0.1,0.2557635665336221,0.0309800805682208,599.8326749801636,0.0326756837159835,0.2271411954679412,0.0284647435876577,0.2555688591394645,2.0,full
optical_net,outer_2,streed,4,504,3,0.08,0.001,0.001,0.8160532533190108,0.0076788181327476,599.8332121372223,0.0066379680119837,0.8429960313346309,0.0052596433122181,0.8624458969961795,2.0,full
optical_net,outer_2,streed,4,504,3,0.08,0.0001,0.1,0.2558243927162396,0.0309775084878742,599.8458890914917,0.032675017968115,0.2271569420122596,0.0284642922695601,0.2555806623459568,2.0,full
optical_net,outer_2,streed,4,504,3,0.08,0.0001,0.001,0.8161946864083244,0.0076740473362422,599.8358318805695,0.0066254112858802,0.8432930282210472,0.0052021138030247,0.8639504514998955,2.0,full
optical_net,outer_2,streed,4,504,3,0.08,1e-05,0.1,0.2558304820499705,0.0309772509943293,599.8377537727356,0.0326749513207592,0.2271585183831229,0.0284642470885992,0.2555818439520422,2.0,full
optical_net,outer_2,streed,4,504,3,0.08,1e-05,0.001,0.8161884193996013,0.0076744597443545,599.8404476642609,0.0066236479010633,0.8433347365290763,0.005200598614179,0.8639900778452931,2.0,full
optical_net,outer_2,streed,4,504,3,0.05,0.1,0.1,0.2497431795614066,0.0312345181135993,599.8441281318665,0.0327416597312292,0.225580703430076,0.028509473511882,0.2543990488997067,2.0,full
optical_net,outer_2,streed,4,504,3,0.05,0.1,0.001,0.7801764947353339,0.0091894766443629,599.820591211319,0.007504255078945,0.8225062508369144,0.0076054220972909,0.8010973458736114,3.0,full
optical_net,outer_2,streed,4,504,3,0.05,0.01,0.1,0.2551619460208332,0.0310055190303311,599.8490779399872,0.032682269415274,0.2269854277807255,0.0284692081518904,0.2554520985357741,2.0,full
optical_net,outer_2,streed,4,504,3,0.05,0.01,0.001,0.8170135135424935,0.0076209648094398,599.819623708725,0.0069243893436427,0.836221475371165,0.0054836569094838,0.856587326822614,2.0,full
optical_net,outer_2,streed,4,504,3,0.05,0.001,0.1,0.2557635665336221,0.0309800805682208,599.8338873386383,0.0326756837159835,0.2271411954679412,0.0284647435876577,0.2555688591394645,2.0,full
optical_net,outer_2,streed,4,504,3,0.05,0.001,0.001,0.8171620515600085,0.0076309508754789,599.8246984481812,0.0066379680119837,0.8429960313346309,0.0052596433122181,0.8624458969961795,2.0,full
optical_net,outer_2,streed,4,504,3,0.05,0.0001,0.1,0.2558243927162396,0.0309775084878742,599.8480179309845,0.032675017968115,0.2271569420122596,0.0284642922695601,0.2555806623459568,2.0,full
optical_net,outer_2,streed,4,504,3,0.05,0.0001,0.001,0.8174008876435375,0.0076219751533068,599.8238799571991,0.0066254112858802,0.8432930282210472,0.0052021138030247,0.8639504514998955,2.0,full
optical_net,outer_2,streed,4,504,3,0.05,1e-05,0.1,0.2558304820499705,0.0309772509943293,599.8427338600159,0.0326749513207592,0.2271585183831229,0.0284642470885992,0.2555818439520422,2.0,full
optical_net,outer_2,streed,4,504,3,0.05,1e-05,0.001,0.8173954473605551,0.0076223518713428,599.8305044174194,0.0066236479010633,0.8433347365290763,0.005200598614179,0.8639900778452931,2.0,full
optical_net,outer_2,streed,4,504,3,0.03,0.1,0.1,0.261127475838572,0.0308020677459622,599.8372695446014,0.0327416597312292,0.225580703430076,0.028509473511882,0.2543990488997067,2.0,full
optical_net,outer_2,streed,4,504,3,0.03,0.1,0.001,0.7769533185876524,0.0092919949239107,599.8345756530762,0.0070178821049526,0.8340101458587826,0.0063995606973701,0.8326339298901952,4.0,full
optical_net,outer_2,streed,4,504,3,0.03,0.01,0.1,0.2663319711133029,0.0305812080900543,599.8516519069672,0.032682269415274,0.2269854277807255,0.0284692081518904,0.2554520985357741,2.0,full
optical_net,outer_2,streed,4,504,3,0.03,0.01,0.001,0.8347871953152076,0.0069105212344357,599.8316264152527,0.0053886998724058,0.8725442387810711,0.0052513384753115,0.862663091266488,3.0,full
optical_net,outer_2,streed,4,504,3,0.03,0.001,0.1,0.2669097946620101,0.0305566735929863,599.8428692817688,0.0326756837159835,0.2271411954679412,0.0284647435876577,0.2555688591394645,2.0,full
optical_net,outer_2,streed,4,504,3,0.03,0.001,0.001,0.8254094883999055,0.0073244726047099,599.8361194133759,0.0045680528551521,0.8919545219203725,0.0039416087883265,0.8969161159634647,3.0,full
optical_net,outer_2,streed,4,504,3,0.03,0.0001,0.1,0.2669682147312813,0.0305541929126328,599.8489084243774,0.032675017968115,0.2271569420122596,0.0284642922695601,0.2555806623459568,2.0,full
optical_net,outer_2,streed,4,504,3,0.03,0.0001,0.001,0.8572154737335914,0.005983406381478,599.8280425071716,0.0044645455092037,0.8944027205363607,0.0036278931735035,0.9051206400031506,3.0,full
optical_net,outer_2,streed,4,504,3,0.03,1e-05,0.1,0.2669740631864704,0.0305539445692375,599.8462519645691,0.0326749513207592,0.2271585183831229,0.0284642470885992,0.2555818439520422,2.0,full
optical_net,outer_2,streed,4,504,3,0.03,1e-05,0.001,0.8573252444719056,0.0059792114232808,599.8364279270172,0.004441097970506,0.8949573114329028,0.0036594193671563,0.9042961435436746,3.0,full
optical_net,outer_2,streed,4,504,3,0.01,0.1,0.1,0.2337321238756629,0.0318439369591411,599.841623544693,0.0317495533205949,0.2490464151549196,0.0274776849933511,0.2813831494805325,3.0,full
optical_net,outer_2,streed,4,504,3,0.01,0.1,0.001,0.8281344080372142,0.0071626527988429,599.8431429862976,0.0046003190817757,0.8911913477645743,0.006143092032949,0.8393412891137926,7.0,full
optical_net,outer_2,streed,4,504,3,0.01,0.01,0.1,0.242490611572351,0.0314712409369588,599.8537788391113,0.0316665488760743,0.2510096706546562,0.0274061780914493,0.2832532511520355,3.0,full
optical_net,outer_2,streed,4,504,3,0.01,0.01,0.001,0.8614076206849309,0.0058408909820585,599.8407752513885,0.0026577931757178,0.937136775030235,0.003296601619225,0.9137848230810536,7.0,full
optical_net,outer_2,streed,4,504,3,0.01,0.001,0.1,0.2434665716770267,0.0314297220006851,599.8455944061279,0.0316572896468097,0.2512286737801148,0.0273981272628505,0.283463802408195,3.0,full
optical_net,outer_2,streed,4,504,3,0.01,0.001,0.001,0.8770133307341567,0.0051645645137128,599.8459579944611,0.0022630874383671,0.9464725186052532,0.0029821656046092,0.9220081875518148,7.0,full
optical_net,outer_2,streed,4,504,3,0.01,0.0001,0.1,0.2435652885860467,0.0314255225660239,599.8477792739868,0.0316563529724035,0.2512508283911135,0.0273973119376677,0.2834851253986578,3.0,full
optical_net,outer_2,streed,4,504,3,0.01,0.0001,0.001,0.8788907814852424,0.0050871802666189,599.8393313884735,0.0022029012865789,0.9478960663946332,0.0030563958076658,0.920066864083449,7.0,full
optical_net,outer_2,streed,4,504,3,0.01,1e-05,0.1,0.243575171615555,0.0314251021416715,599.8520698547363,0.0316562591961361,0.2512530464262293,0.0273972303012983,0.2834872604136957,3.0,full
optical_net,outer_2,streed,4,504,3,0.01,1e-05,0.001,0.8782665078559461,0.0051113879282147,599.8451116085052,0.0021987187637441,0.9479949931569986,0.0030627129876868,0.9199016524940457,7.0,full
optical_net,outer_2,streed,4,504,3,0.008,0.1,0.1,0.2337321238756629,0.0318439369591411,599.8431611061096,0.0317495533205949,0.2490464151549196,0.0274776849933511,0.2813831494805325,3.0,full
optical_net,outer_2,streed,4,504,3,0.008,0.1,0.001,0.835651059451675,0.0068381559934267,599.843254327774,0.0046003190817757,0.8911913477645743,0.006143092032949,0.8393412891137926,7.0,full
optical_net,outer_2,streed,4,504,3,0.008,0.01,0.1,0.242490611572351,0.0314712409369588,599.8507635593414,0.0316665488760743,0.2510096706546562,0.0274061780914493,0.2832532511520355,3.0,full
optical_net,outer_2,streed,4,504,3,0.008,0.01,0.001,0.8679394353034627,0.0055506255512696,599.8391921520233,0.0024229153160552,0.9426922034462936,0.0035334595250822,0.9075903389980988,8.0,full
optical_net,outer_2,streed,4,504,3,0.008,0.001,0.1,0.2434665716770267,0.0314297220006851,599.8437631130219,0.0316572896468097,0.2512286737801148,0.0273981272628505,0.283463802408195,3.0,full
optical_net,outer_2,streed,4,504,3,0.008,0.001,0.001,0.8828193308930702,0.0049440144821523,599.8441500663757,0.0022630874383671,0.9464725186052532,0.0029821656046092,0.9220081875518148,7.0,full
optical_net,outer_2,streed,4,504,3,0.008,0.0001,0.1,0.2435652885860467,0.0314255225660239,599.8444802761078,0.0316563529724035,0.2512508283911135,0.0273973119376677,0.2834851253986578,3.0,full
optical_net,outer_2,streed,4,504,3,0.008,0.0001,0.001,0.8912856142629376,0.0045785461046768,599.8364119529724,0.0022029012865789,0.9478960663946332,0.0030563958076658,0.920066864083449,7.0,full
optical_net,outer_2,streed,4,504,3,0.008,1e-05,0.1,0.243575171615555,0.0314251021416715,599.8524293899536,0.0316562591961361,0.2512530464262293,0.0273972303012983,0.2834872604136957,3.0,full
optical_net,outer_2,streed,4,504,3,0.008,1e-05,0.001,0.891547622107152,0.0045673563000845,599.8408172130585,0.0021987187637441,0.9479949931569986,0.0030627129876868,0.9199016524940457,7.0,full
optical_net,outer_2,streed,4,504,3,0.005,0.1,0.1,0.2337321238756629,0.0318439369591411,599.8424022197723,0.0317495533205949,0.2490464151549196,0.0274776849933511,0.2813831494805325,3.0,full
optical_net,outer_2,streed,4,504,3,0.005,0.1,0.001,0.835651059451675,0.0068381559934267,599.8489379882812,0.0046003190817757,0.8911913477645743,0.006143092032949,0.8393412891137926,7.0,full
optical_net,outer_2,streed,4,504,3,0.005,0.01,0.1,0.242490611572351,0.0314712409369588,599.8531513214111,0.0316665488760743,0.2510096706546562,0.0274061780914493,0.2832532511520355,3.0,full
optical_net,outer_2,streed,4,504,3,0.005,0.01,0.001,0.8608950692629138,0.0058036056081798,599.83962225914,0.0024229153160552,0.9426922034462936,0.0035334595250822,0.9075903389980988,8.0,full
optical_net,outer_2,streed,4,504,3,0.005,0.001,0.1,0.2434665716770267,0.0314297220006851,599.8489379882812,0.0316572896468097,0.2512286737801148,0.0273981272628505,0.283463802408195,3.0,full
optical_net,outer_2,streed,4,504,3,0.005,0.001,0.001,0.8819447006335062,0.004969874668055,599.8449864387512,0.0020767781266261,0.9508791836102416,0.0032677835718333,0.9145384940857144,8.0,full
optical_net,outer_2,streed,4,504,3,0.005,0.0001,0.1,0.2435652885860467,0.0314255225660239,599.8430893421173,0.0316563529724035,0.2512508283911135,0.0273973119376677,0.2834851253986578,3.0,full
optical_net,outer_2,streed,4,504,3,0.005,0.0001,0.001,0.8803364195987134,0.0050538211475143,599.834939956665,0.0019680068037457,0.9534518879888076,0.0033611526833249,0.9120966356521492,8.0,full
optical_net,outer_2,streed,4,504,3,0.005,1e-05,0.1,0.243575171615555,0.0314251021416715,599.848128080368,0.0316562591961361,0.2512530464262293,0.0273972303012983,0.2834872604136957,3.0,full
optical_net,outer_2,streed,4,504,3,0.005,1e-05,0.001,0.8806144576437149,0.0050423963430855,599.8415803909302,0.0019655455204724,0.9535101032801758,0.0032633538411193,0.9146543436973216,8.0,full
optical_net,outer_2,streed,4,504,3,0.003,0.1,0.1,0.2337321238756629,0.0318439369591411,599.8386721611023,0.0317495533205949,0.2490464151549196,0.0274776849933511,0.2813831494805325,3.0,full
optical_net,outer_2,streed,4,504,3,0.003,0.1,0.001,0.835651059451675,0.0068381559934267,599.8449413776398,0.0041301683026485,0.9023115487147472,0.0052443794579583,0.8628450886630745,8.0,full
optical_net,outer_2,streed,4,504,3,0.003,0.01,0.1,0.242490611572351,0.0314712409369588,599.8479247093201,0.0316665488760743,0.2510096706546562,0.0274061780914493,0.2832532511520355,3.0,full
optical_net,outer_2,streed,4,504,3,0.003,0.01,0.001,0.8608950692629138,0.0058036056081798,599.8394844532013,0.0024229153160552,0.9426922034462936,0.0035334595250822,0.9075903389980988,8.0,full
optical_net,outer_2,streed,4,504,3,0.003,0.001,0.1,0.2434665716770267,0.0314297220006851,599.8459317684174,0.0316572896468097,0.2512286737801148,0.0273981272628505,0.283463802408195,3.0,full
optical_net,outer_2,streed,4,504,3,0.003,0.001,0.001,0.8885783383065012,0.0046834979140347,599.8445732593536,0.0020767781266261,0.9508791836102416,0.0032677835718333,0.9145384940857144,8.0,full
optical_net,outer_2,streed,4,504,3,0.003,0.0001,0.1,0.2435652885860467,0.0314255225660239,599.841406583786,0.0316563529724035,0.2512508283911135,0.0273973119376677,0.2834851253986578,3.0,full
optical_net,outer_2,streed,4,504,3,0.003,0.0001,0.001,0.889964848742268,0.0046362953125432,599.8356244564056,0.0019680068037457,0.9534518879888076,0.0033611526833249,0.9120966356521492,8.0,full
optical_net,outer_2,streed,4,504,3,0.003,1e-05,0.1,0.243575171615555,0.0314251021416715,599.8470237255096,0.0316562591961361,0.2512530464262293,0.0273972303012983,0.2834872604136957,3.0,full
optical_net,outer_2,streed,4,504,3,0.003,1e-05,0.001,0.8897471104150725,0.0046463536897314,599.8393604755402,0.0019655455204724,0.9535101032801758,0.0032633538411193,0.9146543436973216,8.0,full
optical_net,outer_2,streed,4,504,3,0.001,0.1,0.1,0.2337321238756629,0.0318439369591411,599.8409268856049,0.0310246331014344,0.2661925284185722,0.0269423682539632,0.295383150913783,4.0,full
optical_net,outer_2,streed,4,504,3,0.001,0.1,0.001,0.835651059451675,0.0068381559934267,599.8503170013428,0.0041301683026485,0.9023115487147472,0.0052443794579583,0.8628450886630745,8.0,full
optical_net,outer_2,streed,4,504,3,0.001,0.01,0.1,0.242490611572351,0.0314712409369588,599.8506655693054,0.0308803239916734,0.2696057872511143,0.0268387174982358,0.2980939025528947,4.0,full
optical_net,outer_2,streed,4,504,3,0.001,0.01,0.001,0.8608950692629138,0.0058036056081798,599.8393590450287,0.0024229153160552,0.9426922034462936,0.0035334595250822,0.9075903389980988,8.0,full
optical_net,outer_2,streed,4,504,3,0.001,0.001,0.1,0.2434665716770267,0.0314297220006851,599.8511266708374,0.0308644397142949,0.269981488758458,0.0268272526150789,0.2983937407025706,4.0,full
optical_net,outer_2,streed,4,504,3,0.001,0.001,0.001,0.8885783383065012,0.0046834979140347,599.8432719707489,0.0020767781266261,0.9508791836102416,0.0032677835718333,0.9145384940857144,8.0,full
optical_net,outer_2,streed,4,504,3,0.001,0.0001,0.1,0.2435652885860467,0.0314255225660239,599.8414220809937,0.0308628352692846,0.2700194377563553,0.0268260938902454,0.298424044536051,4.0,full
optical_net,outer_2,streed,4,504,3,0.001,0.0001,0.001,0.889964848742268,0.0046362953125432,599.8372840881348,0.0019680068037457,0.9534518879888076,0.0033611526833249,0.9120966356521492,8.0,full
optical_net,outer_2,streed,4,504,3,0.001,1e-05,0.1,0.243575171615555,0.0314251021416715,599.8458681106567,0.0308626746629737,0.2700232364833387,0.0268259778940058,0.2984270781559656,4.0,full
optical_net,outer_2,streed,4,504,3,0.001,1e-05,0.001,0.8897471104150725,0.0046463536897314,599.8346998691559,0.0019655455204724,0.9535101032801758,0.0032633538411193,0.9146543436973216,8.0,full
optical_net,outer_2,streed,4,504,3,0.0005,0.1,0.1,0.2337321238756629,0.0318439369591411,599.8410084247589,0.0310246331014344,0.2661925284185722,0.0269423682539632,0.295383150913783,4.0,full
optical_net,outer_2,streed,4,504,3,0.0005,0.1,0.001,0.835651059451675,0.0068381559934267,599.8472304344177,0.0041301683026485,0.9023115487147472,0.0052443794579583,0.8628450886630745,8.0,full
optical_net,outer_2,streed,4,504,3,0.0005,0.01,0.1,0.242490611572351,0.0314712409369588,599.8490943908691,0.0308803239916734,0.2696057872511143,0.0268387174982358,0.2980939025528947,4.0,full
optical_net,outer_2,streed,4,504,3,0.0005,0.01,0.001,0.8608950692629138,0.0058036056081798,599.8358716964722,0.0024229153160552,0.9426922034462936,0.0035334595250822,0.9075903389980988,8.0,full
optical_net,outer_2,streed,4,504,3,0.0005,0.001,0.1,0.2434665716770267,0.0314297220006851,599.845146894455,0.0308644397142949,0.269981488758458,0.0268272526150789,0.2983937407025706,4.0,full
optical_net,outer_2,streed,4,504,3,0.0005,0.001,0.001,0.8885783383065012,0.0046834979140347,599.8418016433716,0.0020767781266261,0.9508791836102416,0.0032677835718333,0.9145384940857144,8.0,full
optical_net,outer_2,streed,4,504,3,0.0005,0.0001,0.1,0.2435652885860467,0.0314255225660239,599.842236995697,0.0308628352692846,0.2700194377563553,0.0268260938902454,0.298424044536051,4.0,full
optical_net,outer_2,streed,4,504,3,0.0005,0.0001,0.001,0.889964848742268,0.0046362953125432,599.834924697876,0.0019680068037457,0.9534518879888076,0.0033611526833249,0.9120966356521492,8.0,full
optical_net,outer_2,streed,4,504,3,0.0005,1e-05,0.1,0.243575171615555,0.0314251021416715,599.8437976837158,0.0308626746629737,0.2700232364833387,0.0268259778940058,0.2984270781559656,4.0,full
optical_net,outer_2,streed,4,504,3,0.0005,1e-05,0.001,0.8897773796864118,0.0046450469533524,599.8381993770599,0.0019655455204724,0.9535101032801758,0.0032633538411193,0.9146543436973216,8.0,full
optical_net,outer_2,streed,4,504,3,0.0001,0.1,0.1,0.2337321238756629,0.0318439369591411,599.8407039642334,0.0310246331014344,0.2661925284185722,0.0269423682539632,0.295383150913783,4.0,full
optical_net,outer_2,streed,4,504,3,0.0001,0.1,0.001,0.835651059451675,0.0068381559934267,599.8476512432098,0.0041301683026485,0.9023115487147472,0.0052443794579583,0.8628450886630745,8.0,full
optical_net,outer_2,streed,4,504,3,0.0001,0.01,0.1,0.242490611572351,0.0314712409369588,599.8479180335999,0.0308803239916734,0.2696057872511143,0.0268387174982358,0.2980939025528947,4.0,full
optical_net,outer_2,streed,4,504,3,0.0001,0.01,0.001,0.8663902608823925,0.0055663760191849,599.8351058959961,0.0024229153160552,0.9426922034462936,0.0035334595250822,0.9075903389980988,8.0,full
optical_net,outer_2,streed,4,504,3,0.0001,0.001,0.1,0.2434665716770267,0.0314297220006851,599.8448712825775,0.0308644397142949,0.269981488758458,0.0268272526150789,0.2983937407025706,4.0,full
optical_net,outer_2,streed,4,504,3,0.0001,0.001,0.001,0.8885783383065012,0.0046834979140347,599.8435771465302,0.0020767781266261,0.9508791836102416,0.0032677835718333,0.9145384940857144,8.0,full
optical_net,outer_2,streed,4,504,3,0.0001,0.0001,0.1,0.2435652885860467,0.0314255225660239,599.8377935886383,0.0308628352692846,0.2700194377563553,0.0268260938902454,0.298424044536051,4.0,full
optical_net,outer_2,streed,4,504,3,0.0001,0.0001,0.001,0.889964848742268,0.0046362953125432,599.8358287811279,0.0019680068037457,0.9534518879888076,0.0033611526833249,0.9120966356521492,8.0,full
optical_net,outer_2,streed,4,504,3,0.0001,1e-05,0.1,0.243575171615555,0.0314251021416715,599.8389601707458,0.0308626746629737,0.2700232364833387,0.0268259778940058,0.2984270781559656,4.0,full
optical_net,outer_2,streed,4,504,3,0.0001,1e-05,0.001,0.8897773796864118,0.0046450469533524,599.8415398597717,0.0019655455204724,0.9535101032801758,0.0032633538411193,0.9146543436973216,8.0,full
optical_net,outer_3,streed,4,504,3,0.1,0.1,0.1,0.2123777617761218,0.0306396583313443,599.8737466335297,0.0256146650697935,0.3395911206768798,0.0396035464255344,0.2328443234372067,3.0,full
optical_net,outer_3,streed,4,504,3,0.1,0.1,0.001,0.7147002390884628,0.0110468559636804,599.8182139396667,0.0100236237929605,0.7415663980837304,0.0129643739160399,0.7488686256551974,2.0,full
optical_net,outer_3,streed,4,504,3,0.1,0.01,0.1,0.2225405708874861,0.0302473897338543,599.8402764797211,0.0256087180850197,0.3397444485279037,0.0396032943455898,0.232849206448398,3.0,full
optical_net,outer_3,streed,4,504,3,0.1,0.01,0.001,0.7646876519762448,0.0090433142200577,599.8427233695984,0.0062696551074692,0.8383529165037165,0.0099747604616179,0.8067800790297273,2.0,full
optical_net,outer_3,streed,4,504,3,0.1,0.001,0.1,0.2236667927548855,0.0302039347343121,599.8507602214813,0.0256080628341669,0.3397613425017347,0.0396032647273628,0.2328497801796177,3.0,full
optical_net,outer_3,streed,4,504,3,0.1,0.001,0.001,0.8288615580121986,0.006643166723569,59.55906486511231,0.0059755963614546,0.8459344720845352,0.0095576007700929,0.8148608307368579,2.0,full
optical_net,outer_3,streed,4,504,3,0.1,0.0001,0.1,0.2237806348595546,0.0301995423328456,599.8630473613739,0.0256079966408374,0.3397630491280929,0.0396032617145528,0.2328498385404089,3.0,full
optical_net,outer_3,streed,4,504,3,0.1,0.0001,0.001,0.8266961948805175,0.006724668185218,59.90598773956299,0.0059233307692035,0.8472820072216003,0.0094899899043732,0.8161705129273581,2.0,full
optical_net,outer_3,streed,4,504,3,0.1,1e-05,0.1,0.2237920314029353,0.0301991026185579,599.8711771965027,0.0256079900147527,0.3397632199648049,0.039603261412754,0.2328498443865178,3.0,full
optical_net,outer_3,streed,4,504,3,0.1,1e-05,0.001,0.8266872032896786,0.0067249564208418,60.35574984550476,0.0059219619572063,0.8473172985515722,0.0094867595818417,0.8162330871281773,2.0,full
optical_net,outer_3,streed,4,504,3,0.08,0.1,0.1,0.2481142908251239,0.029176101062196,599.8708775043488,0.0256146650697935,0.3395911206768798,0.0396035464255344,0.2328443234372067,3.0,full
optical_net,outer_3,streed,4,504,3,0.08,0.1,0.001,0.7309218336370691,0.0104301395920643,599.8064074516296,0.0100236237929605,0.7415663980837304,0.0129643739160399,0.7488686256551974,2.0,full
optical_net,outer_3,streed,4,504,3,0.08,0.01,0.1,0.2555679498889136,0.0288947832579379,599.8462717533112,0.0256087180850197,0.3397444485279037,0.0396032943455898,0.232849206448398,3.0,full
optical_net,outer_3,streed,4,504,3,0.08,0.01,0.001,0.8229078813174726,0.0068744338276894,599.8389961719513,0.0062696551074692,0.8383529165037165,0.0099747604616179,0.8067800790297273,2.0,full
optical_net,outer_3,streed,4,504,3,0.08,0.001,0.1,0.2563997579749168,0.0288633857088915,599.8423669338226,0.0256080628341669,0.3397613425017347,0.0396032647273628,0.2328497801796177,3.0,full
optical_net,outer_3,streed,4,504,3,0.08,0.001,0.001,0.8288615580121986,0.006643166723569,599.839590549469,0.0059755963614546,0.8459344720845352,0.0095576007700929,0.8148608307368579,2.0,full
optical_net,outer_3,streed,4,504,3,0.08,0.0001,0.1,0.2564839039604338,0.0288602094851626,599.8439929485321,0.0256079966408374,0.3397630491280929,0.0396032617145528,0.2328498385404089,3.0,full
optical_net,outer_3,streed,4,504,3,0.08,0.0001,0.001,0.8266961948805175,0.006724668185218,599.8406038284302,0.0059233307692035,0.8472820072216003,0.0094899899043732,0.8161705129273581,2.0,full
optical_net,outer_3,streed,4,504,3,0.08,1e-05,0.1,0.2564923283231933,0.0288598914938478,599.8433759212494,0.0256079900147527,0.3397632199648049,0.039603261412754,0.2328498443865178,3.0,full
optical_net,outer_3,streed,4,504,3,0.08,1e-05,0.001,0.8266872032896786,0.0067249564208418,599.8408703804016,0.0059219619572063,0.8473172985515722,0.0094867595818417,0.8162330871281773,2.0,full
optical_net,outer_3,streed,4,504,3,0.05,0.1,0.1,0.2481142908251239,0.029176101062196,599.8453190326691,0.0256146650697935,0.3395911206768798,0.0396035464255344,0.2328443234372067,3.0,full
optical_net,outer_3,streed,4,504,3,0.05,0.1,0.001,0.7637549695669965,0.0091386822086718,599.8389103412628,0.0070456292223929,0.8183464009305405,0.0132638478554851,0.7430675509191254,3.0,full
optical_net,outer_3,streed,4,504,3,0.05,0.01,0.1,0.2555679498889136,0.0288947832579379,599.8509101867676,0.0256087180850197,0.3397444485279037,0.0396032943455898,0.232849206448398,3.0,full
optical_net,outer_3,streed,4,504,3,0.05,0.01,0.001,0.8401633944335513,0.0061899075018135,599.8304584026337,0.0044893510884506,0.884253519882717,0.0088510973331908,0.8285464263728363,3.0,full
optical_net,outer_3,streed,4,504,3,0.05,0.001,0.1,0.2563997579749168,0.0288633857088915,599.8503694534302,0.0256080628341669,0.3397613425017347,0.0396032647273628,0.2328497801796177,3.0,full
optical_net,outer_3,streed,4,504,3,0.05,0.001,0.001,0.8499320640399975,0.005808460380206,599.8381209373474,0.0059755963614546,0.8459344720845352,0.0095576007700929,0.8148608307368579,2.0,full
optical_net,outer_3,streed,4,504,3,0.05,0.0001,0.1,0.2564839039604338,0.0288602094851626,599.850310087204,0.0256079966408374,0.3397630491280929,0.0396032617145528,0.2328498385404089,3.0,full
optical_net,outer_3,streed,4,504,3,0.05,0.0001,0.001,0.8494823617605892,0.0058256148386629,599.8386788368225,0.0059233307692035,0.8472820072216003,0.0094899899043732,0.8161705129273581,2.0,full
optical_net,outer_3,streed,4,504,3,0.05,1e-05,0.1,0.2564923283231933,0.0288598914938478,599.85351395607,0.0256079900147527,0.3397632199648049,0.039603261412754,0.2328498443865178,3.0,full
optical_net,outer_3,streed,4,504,3,0.05,1e-05,0.001,0.8494828055502716,0.0058255808956755,599.832328081131,0.0059219619572063,0.8473172985515722,0.0094867595818417,0.8162330871281773,2.0,full
optical_net,outer_3,streed,4,504,3,0.03,0.1,0.1,0.2481142908251239,0.029176101062196,599.8476276397705,0.0256146650697935,0.3395911206768798,0.0396035464255344,0.2328443234372067,3.0,full
optical_net,outer_3,streed,4,504,3,0.03,0.1,0.001,0.8138500741612748,0.0071854541607044,599.8597087860107,0.0060073039966204,0.8451169714945889,0.0136818709843748,0.7349700736675548,4.0,full
optical_net,outer_3,streed,4,504,3,0.03,0.01,0.1,0.2555679498889136,0.0288947832579379,599.8462958335876,0.0256087180850197,0.3397444485279037,0.0396032943455898,0.232849206448398,3.0,full
optical_net,outer_3,streed,4,504,3,0.03,0.01,0.001,0.8604310444534361,0.0054193672479565,599.8444895744324,0.0032332456298473,0.916638998902941,0.0108352888635914,0.7901108837681676,4.0,full
optical_net,outer_3,streed,4,504,3,0.03,0.001,0.1,0.2563997579749168,0.0288633857088915,599.8590686321259,0.0256080628341669,0.3397613425017347,0.0396032647273628,0.2328497801796177,3.0,full
optical_net,outer_3,streed,4,504,3,0.03,0.001,0.001,0.8595943225105716,0.0054485119021607,599.8371384143829,0.0030688686092772,0.9208770415884652,0.0104397038950578,0.797773714033736,4.0,full
optical_net,outer_3,streed,4,504,3,0.03,0.0001,0.1,0.2564839039604338,0.0288602094851626,599.8552896976471,0.0256079966408374,0.3397630491280929,0.0396032617145528,0.2328498385404089,3.0,full
optical_net,outer_3,streed,4,504,3,0.03,0.0001,0.001,0.8600689066717235,0.0054312338830999,599.8377718925476,0.0037549239268433,0.9031888531154556,0.0090355937782485,0.8249725672640862,3.0,full
optical_net,outer_3,streed,4,504,3,0.03,1e-05,0.1,0.2564923283231933,0.0288598914938478,599.8506877422333,0.0256079900147527,0.3397632199648049,0.039603261412754,0.2328498443865178,3.0,full
optical_net,outer_3,streed,4,504,3,0.03,1e-05,0.001,0.8600800859387391,0.0054308000109719,599.8366754055023,0.0037494177498457,0.9033308158610336,0.0090488387419359,0.8247160006180219,3.0,full
optical_net,outer_3,streed,4,504,3,0.01,0.1,0.1,0.2481142908251239,0.029176101062196,599.8510854244232,0.0256146650697935,0.3395911206768798,0.0396035464255344,0.2328443234372067,3.0,full
optical_net,outer_3,streed,4,504,3,0.01,0.1,0.001,0.8409516085910926,0.0061407855891518,599.8543062210083,0.0039223534657006,0.8988721090229191,0.0110880852280255,0.785213994890937,7.0,full
optical_net,outer_3,streed,4,504,3,0.01,0.01,0.1,0.2555679498889136,0.0288947832579379,599.8571174144745,0.0256087180850197,0.3397444485279037,0.0396032943455898,0.232849206448398,3.0,full
optical_net,outer_3,streed,4,504,3,0.01,0.01,0.001,0.8841838739868311,0.0044905905171564,599.8497035503387,0.0025466289175159,0.9343416615096842,0.0102293867377932,0.8018477431456864,6.0,full
optical_net,outer_3,streed,4,504,3,0.01,0.001,0.1,0.2541043931443523,0.028957390302301,599.8499977588654,0.0256080628341669,0.3397613425017347,0.0396032647273628,0.2328497801796177,3.0,full
optical_net,outer_3,streed,4,504,3,0.01,0.001,0.001,0.895129056458534,0.0040797688140777,599.846400976181,0.002341943384631,0.9396189564896458,0.0093531679582284,0.8188208748806926,6.0,full
optical_net,outer_3,streed,4,504,3,0.01,0.0001,0.1,0.2542198733393364,0.0289529308143253,599.8489408493042,0.0256079966408374,0.3397630491280929,0.0396032617145528,0.2328498385404089,3.0,full
optical_net,outer_3,streed,4,504,3,0.01,0.0001,0.001,0.8954577472289319,0.0040669483548422,599.8452141284943,0.0023223453409193,0.9401242421160358,0.0090079292859426,0.8255084529164392,6.0,full
optical_net,outer_3,streed,4,504,3,0.01,1e-05,0.1,0.2542314330949309,0.0289524844158288,599.8471887111664,0.0256079900147527,0.3397632199648049,0.039603261412754,0.2328498443865178,3.0,full
optical_net,outer_3,streed,4,504,3,0.01,1e-05,0.001,0.8965807334962026,0.0040242930535039,599.8450074195862,0.0023196491867121,0.9401937555831684,0.008955409874122,0.826525800314448,6.0,full
optical_net,outer_3,streed,4,504,3,0.008,0.1,0.1,0.2481142908251239,0.029176101062196,599.8509526252747,0.0256146650697935,0.3395911206768798,0.0396035464255344,0.2328443234372067,3.0,full
optical_net,outer_3,streed,4,504,3,0.008,0.1,0.001,0.8409516085910926,0.0061407855891518,599.854264497757,0.0039223534657006,0.8988721090229191,0.0110880852280255,0.785213994890937,7.0,full
optical_net,outer_3,streed,4,504,3,0.008,0.01,0.1,0.2529612278181382,0.0290015392058953,599.848694562912,0.0256087180850197,0.3397444485279037,0.0396032943455898,0.232849206448398,3.0,full
optical_net,outer_3,streed,4,504,3,0.008,0.01,0.001,0.8859181696517723,0.0044422878784756,599.8523256778717,0.0023579069339616,0.9392073770411242,0.0104104444357471,0.7983404956058253,7.0,full
optical_net,outer_3,streed,4,504,3,0.008,0.001,0.1,0.2541043931443523,0.028957390302301,599.8471591472626,0.0256080628341669,0.3397613425017347,0.0396032647273628,0.2328497801796177,3.0,full
optical_net,outer_3,streed,4,504,3,0.008,0.001,0.001,0.9015657128136024,0.0038402880168584,599.8471393585205,0.002341943384631,0.9396189564896458,0.0093531679582284,0.8188208748806926,6.0,full
optical_net,outer_3,streed,4,504,3,0.008,0.0001,0.1,0.2542198733393364,0.0289529308143253,599.8552618026733,0.0256079966408374,0.3397630491280929,0.0396032617145528,0.2328498385404089,3.0,full
optical_net,outer_3,streed,4,504,3,0.008,0.0001,0.001,0.8948362400497221,0.0040924016200072,599.8435139656067,0.0023223453409193,0.9401242421160358,0.0090079292859426,0.8255084529164392,6.0,full
optical_net,outer_3,streed,4,504,3,0.008,1e-05,0.1,0.2542314330949309,0.0289524844158288,599.8471400737762,0.0256079900147527,0.3397632199648049,0.039603261412754,0.2328498443865178,3.0,full
optical_net,outer_3,streed,4,504,3,0.008,1e-05,0.001,0.8937630265429201,0.004139689696758,599.8456988334656,0.0023196491867121,0.9401937555831684,0.008955409874122,0.826525800314448,6.0,full
optical_net,outer_3,streed,4,504,3,0.005,0.1,0.1,0.2425968709383736,0.0294020620101976,599.8516430854797,0.0256146650697935,0.3395911206768798,0.0396035464255344,0.2328443234372067,3.0,full
optical_net,outer_3,streed,4,504,3,0.005,0.1,0.001,0.8409516085910926,0.0061407855891518,599.8530206680298,0.0039223534657006,0.8988721090229191,0.0110880852280255,0.785213994890937,7.0,full
optical_net,outer_3,streed,4,504,3,0.005,0.01,0.1,0.2529612278181382,0.0290015392058953,599.8507015705109,0.0256087180850197,0.3397444485279037,0.0396032943455898,0.232849206448398,3.0,full
optical_net,outer_3,streed,4,504,3,0.005,0.01,0.001,0.8908812284040689,0.0042405882613723,599.8493981361389,0.0023579069339616,0.9392073770411242,0.0104104444357471,0.7983404956058253,7.0,full
optical_net,outer_3,streed,4,504,3,0.005,0.001,0.1,0.2541043931443523,0.028957390302301,599.8505547046661,0.0256080628341669,0.3397613425017347,0.0396032647273628,0.2328497801796177,3.0,full
optical_net,outer_3,streed,4,504,3,0.005,0.001,0.001,0.9020550511566128,0.0038215816658235,599.8466379642487,0.0021844971042817,0.9436783076962976,0.0097212870358899,0.811690083182276,7.0,full
optical_net,outer_3,streed,4,504,3,0.005,0.0001,0.1,0.2542198733393364,0.0289529308143253,599.851978302002,0.0256079966408374,0.3397630491280929,0.0396032617145528,0.2328498385404089,3.0,full
optical_net,outer_3,streed,4,504,3,0.005,0.0001,0.001,0.9061752630682984,0.0036630900710909,599.8444030284882,0.0021666897921069,0.9441374238723276,0.0093875352618926,0.8181551498516558,7.0,full
optical_net,outer_3,streed,4,504,3,0.005,1e-05,0.1,0.2542314330949309,0.0289524844158288,599.8504750728607,0.0256079900147527,0.3397632199648049,0.039603261412754,0.2328498443865178,3.0,full
optical_net,outer_3,streed,4,504,3,0.005,1e-05,0.001,0.9039769972608772,0.0037531563015477,599.8520483970642,0.0021641558569123,0.9442027549355112,0.0093370690456696,0.8191327250373238,7.0,full
optical_net,outer_3,streed,4,504,3,0.003,0.1,0.1,0.2425968709383736,0.0294020620101976,599.8451914787292,0.0256146650697935,0.3395911206768798,0.0396035464255344,0.2328443234372067,3.0,full
optical_net,outer_3,streed,4,504,3,0.003,0.1,0.001,0.8409516085910926,0.0061407855891518,599.8545980453491,0.0039223534657006,0.8988721090229191,0.0110880852280255,0.785213994890937,7.0,full
optical_net,outer_3,streed,4,504,3,0.003,0.01,0.1,0.2529612278181382,0.0290015392058953,599.8536109924316,0.0256087180850197,0.3397444485279037,0.0396032943455898,0.232849206448398,3.0,full
optical_net,outer_3,streed,4,504,3,0.003,0.01,0.001,0.8908812284040689,0.0042405882613723,599.8444707393646,0.0023579069339616,0.9392073770411242,0.0104104444357471,0.7983404956058253,7.0,full
optical_net,outer_3,streed,4,504,3,0.003,0.001,0.1,0.2541043931443523,0.028957390302301,599.8510117530823,0.0256080628341669,0.3397613425017347,0.0396032647273628,0.2328497801796177,3.0,full
optical_net,outer_3,streed,4,504,3,0.003,0.001,0.001,0.8775500876473391,0.0047344659926691,599.8500225543976,0.0021844971042817,0.9436783076962976,0.0097212870358899,0.811690083182276,7.0,full
optical_net,outer_3,streed,4,504,3,0.003,0.0001,0.1,0.2542198733393364,0.0289529308143253,599.8425550460815,0.0256079966408374,0.3397630491280929,0.0396032617145528,0.2328498385404089,3.0,full
optical_net,outer_3,streed,4,504,3,0.003,0.0001,0.001,0.8793666976732742,0.0046617905655875,599.8490345478058,0.0021666897921069,0.9441374238723276,0.0093875352618926,0.8181551498516558,7.0,full
optical_net,outer_3,streed,4,504,3,0.003,1e-05,0.1,0.2542314330949309,0.0289524844158288,599.8528635501862,0.0256079900147527,0.3397632199648049,0.039603261412754,0.2328498443865178,3.0,full
optical_net,outer_3,streed,4,504,3,0.003,1e-05,0.001,0.877162434834969,0.0047520802036613,599.8441045284271,0.0021641558569123,0.9442027549355112,0.0093370690456696,0.8191327250373238,7.0,full
optical_net,outer_3,streed,4,504,3,0.001,0.1,0.1,0.2425968709383736,0.0294020620101976,599.8495717048645,0.0256146650697935,0.3395911206768798,0.0396035464255344,0.2328443234372067,3.0,full
optical_net,outer_3,streed,4,504,3,0.001,0.1,0.001,0.8409516085910926,0.0061407855891518,599.858295917511,0.0039223534657006,0.8988721090229191,0.0110880852280255,0.785213994890937,7.0,full
optical_net,outer_3,streed,4,504,3,0.001,0.01,0.1,0.2529612278181382,0.0290015392058953,599.8446042537689,0.0256087180850197,0.3397444485279037,0.0396032943455898,0.232849206448398,3.0,full
optical_net,outer_3,streed,4,504,3,0.001,0.01,0.001,0.8908812284040689,0.0042405882613723,599.8485932350159,0.0023579069339616,0.9392073770411242,0.0104104444357471,0.7983404956058253,7.0,full
optical_net,outer_3,streed,4,504,3,0.001,0.001,0.1,0.2541043931443523,0.028957390302301,599.8480565547943,0.0256080628341669,0.3397613425017347,0.0396032647273628,0.2328497801796177,3.0,full
optical_net,outer_3,streed,4,504,3,0.001,0.001,0.001,0.8771871096816751,0.0047493314274029,599.8414759635925,0.0021844971042817,0.9436783076962976,0.0097212870358899,0.811690083182276,7.0,full
optical_net,outer_3,streed,4,504,3,0.001,0.0001,0.1,0.2542198733393364,0.0289529308143253,599.8480443954468,0.0256079966408374,0.3397630491280929,0.0396032617145528,0.2328498385404089,3.0,full
optical_net,outer_3,streed,4,504,3,0.001,0.0001,0.001,0.8842520771578194,0.0044617142613849,599.850106716156,0.0021666897921069,0.9441374238723276,0.0093875352618926,0.8181551498516558,7.0,full
optical_net,outer_3,streed,4,504,3,0.001,1e-05,0.1,0.2542314330949309,0.0289524844158288,599.8488755226135,0.0256079900147527,0.3397632199648049,0.039603261412754,0.2328498443865178,3.0,full
optical_net,outer_3,streed,4,504,3,0.001,1e-05,0.001,0.8845103492334304,0.0044511530062773,599.8473997116089,0.0021641558569123,0.9442027549355112,0.0093370690456696,0.8191327250373238,7.0,full
optical_net,outer_3,streed,4,504,3,0.0005,0.1,0.1,0.2425968709383736,0.0294020620101976,599.8494951725006,0.0256146650697935,0.3395911206768798,0.0396035464255344,0.2328443234372067,3.0,full
optical_net,outer_3,streed,4,504,3,0.0005,0.1,0.001,0.8409516085910926,0.0061407855891518,599.8490843772888,0.0039223534657006,0.8988721090229191,0.0110880852280255,0.785213994890937,7.0,full
optical_net,outer_3,streed,4,504,3,0.0005,0.01,0.1,0.2529612278181382,0.0290015392058953,599.8483819961548,0.0256087180850197,0.3397444485279037,0.0396032943455898,0.232849206448398,3.0,full
optical_net,outer_3,streed,4,504,3,0.0005,0.01,0.001,0.8908812284040689,0.0042405882613723,599.8496587276459,0.0023579069339616,0.9392073770411242,0.0104104444357471,0.7983404956058253,7.0,full
optical_net,outer_3,streed,4,504,3,0.0005,0.001,0.1,0.2541043931443523,0.028957390302301,599.8448324203491,0.0256080628341669,0.3397613425017347,0.0396032647273628,0.2328497801796177,3.0,full
optical_net,outer_3,streed,4,504,3,0.0005,0.001,0.001,0.8771871096816751,0.0047493314274029,599.850236415863,0.0021844971042817,0.9436783076962976,0.0097212870358899,0.811690083182276,7.0,full
optical_net,outer_3,streed,4,504,3,0.0005,0.0001,0.1,0.2542198733393364,0.0289529308143253,599.8473968505859,0.0256079966408374,0.3397630491280929,0.0396032617145528,0.2328498385404089,3.0,full
optical_net,outer_3,streed,4,504,3,0.0005,0.0001,0.001,0.8842520771578194,0.0044617142613849,599.8430964946747,0.0021666897921069,0.9441374238723276,0.0093875352618926,0.8181551498516558,7.0,full
optical_net,outer_3,streed,4,504,3,0.0005,1e-05,0.1,0.2542314330949309,0.0289524844158288,599.8486621379852,0.0256079900147527,0.3397632199648049,0.039603261412754,0.2328498443865178,3.0,full
optical_net,outer_3,streed,4,504,3,0.0005,1e-05,0.001,0.8845103492334304,0.0044511530062773,599.8535051345825,0.0021641558569123,0.9442027549355112,0.0093370690456696,0.8191327250373238,7.0,full
optical_net,outer_3,streed,4,504,3,0.0001,0.1,0.1,0.2425968709383736,0.0294020620101976,599.8416647911072,0.0256146650697935,0.3395911206768798,0.0396035464255344,0.2328443234372067,3.0,full
optical_net,outer_3,streed,4,504,3,0.0001,0.1,0.001,0.8409516085910926,0.0061407855891518,599.8536169528961,0.0039223534657006,0.8988721090229191,0.0110880852280255,0.785213994890937,7.0,full
optical_net,outer_3,streed,4,504,3,0.0001,0.01,0.1,0.2529612278181382,0.0290015392058953,599.8452754020691,0.0256087180850197,0.3397444485279037,0.0396032943455898,0.232849206448398,3.0,full
optical_net,outer_3,streed,4,504,3,0.0001,0.01,0.001,0.8908812284040689,0.0042405882613723,599.8417446613312,0.0023579069339616,0.9392073770411242,0.0104104444357471,0.7983404956058253,7.0,full
optical_net,outer_3,streed,4,504,3,0.0001,0.001,0.1,0.2541043931443523,0.028957390302301,599.8493242263794,0.0256080628341669,0.3397613425017347,0.0396032647273628,0.2328497801796177,3.0,full
optical_net,outer_3,streed,4,504,3,0.0001,0.001,0.001,0.8771871096816751,0.0047493314274029,599.8515169620514,0.0021844971042817,0.9436783076962976,0.0097212870358899,0.811690083182276,7.0,full
optical_net,outer_3,streed,4,504,3,0.0001,0.0001,0.1,0.2542198733393364,0.0289529308143253,599.8432426452637,0.0256079966408374,0.3397630491280929,0.0396032617145528,0.2328498385404089,3.0,full
optical_net,outer_3,streed,4,504,3,0.0001,0.0001,0.001,0.8842520771578194,0.0044617142613849,599.8448450565338,0.0021666897921069,0.9441374238723276,0.0093875352618926,0.8181551498516558,7.0,full
optical_net,outer_3,streed,4,504,3,0.0001,1e-05,0.1,0.2542314330949309,0.0289524844158288,599.8495044708252,0.0256079900147527,0.3397632199648049,0.039603261412754,0.2328498443865178,3.0,full
optical_net,outer_3,streed,4,504,3,0.0001,1e-05,0.001,0.8845103492334304,0.0044511530062773,599.841982126236,0.0021641558569123,0.9442027549355112,0.0093370690456696,0.8191327250373238,7.0,full
optical_net,outer_4,streed,4,504,3,0.1,0.1,0.1,0.1734554098397065,0.0350821019112504,599.867344379425,0.0342563933687926,0.1936280228502157,0.0310545797809199,0.1665115411214408,1.0,full
optical_net,outer_4,streed,4,504,3,0.1,0.1,0.001,0.7043594203779238,0.0125397560020133,599.8174636363983,0.011065106676363,0.7395349868874223,0.009334356330186,0.7494708243629093,2.0,full
optical_net,outer_4,streed,4,504,3,0.1,0.01,0.1,0.1829119145799805,0.0346792994322527,599.8429861068726,0.0336365008117844,0.2082198679821236,0.030561900834549,0.1797347828664426,1.0,full
optical_net,outer_4,streed,4,504,3,0.1,0.01,0.001,0.7308568420079745,0.0113963641370657,599.5388085842133,0.0066343540162692,0.8438318620522318,0.006546949498543,0.8242833460831731,2.0,full
optical_net,outer_4,streed,4,504,3,0.1,0.001,0.1,0.1839320769524249,0.0346358459376227,599.856292963028,0.0335695093115842,0.2097968018959509,0.030508798665375,0.1811600169369138,1.0,full
optical_net,outer_4,streed,4,504,3,0.1,0.001,0.001,0.7422879867450677,0.0109105384081757,59.05301642417908,0.0060893066144362,0.8566619036250491,0.0073688525428237,0.8022239040762956,2.0,full
optical_net,outer_4,streed,4,504,3,0.1,0.0001,0.1,0.1840348937148323,0.0346314664968608,599.8699071407318,0.0335627562707108,0.2099557638410168,0.0305034473138207,0.1813036443758101,1.0,full
optical_net,outer_4,streed,4,504,3,0.1,0.0001,0.001,0.8293865965053985,0.0072399635476035,59.32475519180298,0.005981523295949,0.8591990489309363,0.0093509492810412,0.7490254783580987,2.0,full
optical_net,outer_4,streed,4,504,3,0.1,1e-05,0.1,0.1840451834553665,0.0346310282093581,599.8676714897156,0.0335620804235725,0.209971672818569,0.0305029117643517,0.1813180182396573,1.0,full
optical_net,outer_4,streed,4,504,3,0.1,1e-05,0.001,0.8294716287642038,0.0072363588130772,59.85361552238464,0.0059783758214332,0.8592731383197703,0.0093620980277345,0.7487262519069473,2.0,full
optical_net,outer_4,streed,4,504,3,0.08,0.1,0.1,0.2699826492189202,0.0309824168505307,599.8742034435272,0.0326849486741045,0.2306187519031903,0.0326122542837905,0.124704383208141,3.0,full
optical_net,outer_4,streed,4,504,3,0.08,0.1,0.001,0.7043594203779238,0.0125397560020133,599.8082332611084,0.011065106676363,0.7395349868874223,0.009334356330186,0.7494708243629093,2.0,full
optical_net,outer_4,streed,4,504,3,0.08,0.01,0.1,0.2744829647179398,0.0307914578360105,599.8427591323853,0.0326474038413416,0.231502531485613,0.0325593846105565,0.1261233772108331,3.0,full
optical_net,outer_4,streed,4,504,3,0.08,0.01,0.001,0.8076738700838826,0.0081587288704518,599.8394286632538,0.0066343540162692,0.8438318620522318,0.006546949498543,0.8242833460831731,2.0,full
optical_net,outer_4,streed,4,504,3,0.08,0.001,0.1,0.2749852957420816,0.0307701406445802,599.83673787117,0.0326432542079581,0.2316002110060425,0.0325534904360588,0.1262815737297702,3.0,full
optical_net,outer_4,streed,4,504,3,0.08,0.001,0.001,0.8292456882195256,0.007245500485605,599.8465924263,0.0060893066144362,0.8566619036250491,0.0073688525428237,0.8022239040762956,2.0,full
optical_net,outer_4,streed,4,504,3,0.08,0.0001,0.1,0.2750361168957784,0.0307679839445635,599.8520088195801,0.0326428350050672,0.2316100787542421,0.0325528943733666,0.1262975717364498,3.0,full
optical_net,outer_4,streed,4,504,3,0.08,0.0001,0.001,0.8293865965053985,0.0072399635476035,599.8385610580444,0.005981523295949,0.8591990489309363,0.0093509492810412,0.7490254783580987,2.0,full
optical_net,outer_4,streed,4,504,3,0.08,1e-05,0.1,0.2750412049655599,0.030767768021608,599.8524124622345,0.0326427930421097,0.2316110665334471,0.032552834700051,0.1262991733366054,3.0,full
optical_net,outer_4,streed,4,504,3,0.08,1e-05,0.001,0.8294716287642038,0.0072363588130772,599.8446853160858,0.0059783758214332,0.8592731383197703,0.0093620980277345,0.7487262519069473,2.0,full
optical_net,outer_4,streed,4,504,3,0.05,0.1,0.1,0.2699826492189202,0.0309824168505307,599.8416864871979,0.0326849486741045,0.2306187519031903,0.0326122542837905,0.124704383208141,3.0,full
optical_net,outer_4,streed,4,504,3,0.05,0.1,0.001,0.772634260630891,0.0096480471132064,599.8320422172546,0.0079024940566132,0.8139807162930707,0.0076673895884466,0.7942113280301947,3.0,full
optical_net,outer_4,streed,4,504,3,0.05,0.01,0.1,0.2744829647179398,0.0307914578360105,599.8517665863037,0.0326474038413416,0.231502531485613,0.0325593846105565,0.1261233772108331,3.0,full
optical_net,outer_4,streed,4,504,3,0.05,0.01,0.001,0.8076738700838826,0.0081587288704518,599.8228607177734,0.0066343540162692,0.8438318620522318,0.006546949498543,0.8242833460831731,2.0,full
optical_net,outer_4,streed,4,504,3,0.05,0.001,0.1,0.2749852957420816,0.0307701406445802,599.8417572975159,0.0326432542079581,0.2316002110060425,0.0325534904360588,0.1262815737297702,3.0,full
optical_net,outer_4,streed,4,504,3,0.05,0.001,0.001,0.8292456882195256,0.007245500485605,599.8399238586426,0.0060893066144362,0.8566619036250491,0.0073688525428237,0.8022239040762956,2.0,full
optical_net,outer_4,streed,4,504,3,0.05,0.0001,0.1,0.2750361168957784,0.0307679839445635,599.8395116329193,0.0326428350050672,0.2316100787542421,0.0325528943733666,0.1262975717364498,3.0,full
optical_net,outer_4,streed,4,504,3,0.05,0.0001,0.001,0.8293865965053985,0.0072399635476035,599.8344233036041,0.005981523295949,0.8591990489309363,0.0093509492810412,0.7490254783580987,2.0,full
optical_net,outer_4,streed,4,504,3,0.05,1e-05,0.1,0.2750412049655599,0.030767768021608,599.8444588184357,0.0326427930421097,0.2316110665334471,0.032552834700051,0.1262991733366054,3.0,full
optical_net,outer_4,streed,4,504,3,0.05,1e-05,0.001,0.8294716287642038,0.0072363588130772,599.8307776451111,0.0059783758214332,0.8592731383197703,0.0093620980277345,0.7487262519069473,2.0,full
optical_net,outer_4,streed,4,504,3,0.03,0.1,0.1,0.2643336123479941,0.0312205088654631,599.8428144454956,0.0326849486741045,0.2306187519031903,0.0326122542837905,0.124704383208141,3.0,full
optical_net,outer_4,streed,4,504,3,0.03,0.1,0.001,0.7593391363831722,0.0102102529328922,599.8410458564758,0.0079024940566132,0.8139807162930707,0.0076673895884466,0.7942113280301947,3.0,full
optical_net,outer_4,streed,4,504,3,0.03,0.01,0.1,0.2703695009189897,0.030964829493272,599.8478052616119,0.0326474038413416,0.231502531485613,0.0325593846105565,0.1261233772108331,3.0,full
optical_net,outer_4,streed,4,504,3,0.03,0.01,0.001,0.8297784479326538,0.0072257651114213,599.8355431556702,0.0055731298474469,0.8688123502781742,0.0048952607228488,0.8686137972408541,3.0,full
optical_net,outer_4,streed,4,504,3,0.03,0.001,0.1,0.2711058794498343,0.0309336478163136,599.8444521427155,0.0326432542079581,0.2316002110060425,0.0325534904360588,0.1262815737297702,3.0,full
optical_net,outer_4,streed,4,504,3,0.03,0.001,0.001,0.8363390762614302,0.0069442547703965,599.8363041877747,0.0043936069957061,0.896577508268158,0.009692446022108,0.7398598868597817,3.0,full
optical_net,outer_4,streed,4,504,3,0.03,0.0001,0.1,0.2711801734530499,0.0309305017975571,599.8478493690491,0.0326428350050672,0.2316100787542421,0.0325528943733666,0.1262975717364498,3.0,full
optical_net,outer_4,streed,4,504,3,0.03,0.0001,0.001,0.8421785977976414,0.0066975328693017,599.8373413085938,0.0042675458020789,0.8995449022040194,0.0098218922274143,0.7363856193304955,3.0,full
optical_net,outer_4,streed,4,504,3,0.03,1e-05,0.1,0.2711876094822192,0.0309301869143019,599.8473038673401,0.0326427930421097,0.2316110665334471,0.032552834700051,0.1262991733366054,3.0,full
optical_net,outer_4,streed,4,504,3,0.03,1e-05,0.001,0.8396854204203935,0.0068025886109412,599.8393869400024,0.0042542712613502,0.8998573757775762,0.0098380844551228,0.7359510285225133,3.0,full
optical_net,outer_4,streed,4,504,3,0.01,0.1,0.1,0.268178061182899,0.0310577488144609,599.8490805625916,0.0326849486741045,0.2306187519031903,0.0326122542837905,0.124704383208141,3.0,full
optical_net,outer_4,streed,4,504,3,0.01,0.1,0.001,0.812788281225226,0.0079431935692983,599.8450946807861,0.0046282921364448,0.8910531812058248,0.0065552106522086,0.8240616210981355,7.0,full
optical_net,outer_4,streed,4,504,3,0.01,0.01,0.1,0.27432055870131,0.0307975560052431,599.8547472953796,0.025754247601669,0.3937626960612258,0.0279072825846768,0.2509833294449513,4.0,full
optical_net,outer_4,streed,4,504,3,0.01,0.01,0.001,0.8393790184315778,0.0068199793960136,599.8430457115173,0.0034019246772519,0.919921029088562,0.0046811342548766,0.8743608381299699,7.0,full
optical_net,outer_4,streed,4,504,3,0.01,0.001,0.1,0.2750685174164808,0.0307658840651879,599.845100402832,0.0256901336740563,0.3952718938922789,0.0278425141620039,0.2527216795748991,4.0,full
optical_net,outer_4,streed,4,504,3,0.01,0.001,0.001,0.8512553088339104,0.0063152044095036,599.8362274169922,0.002841641969394,0.9331096993036176,0.00323758268778,0.9131049969451644,6.0,full
optical_net,outer_4,streed,4,504,3,0.01,0.0001,0.1,0.2751439794392274,0.0307626885967114,599.8466506004333,0.0256836562772289,0.3954243673657788,0.0278359597986585,0.2528975952125363,4.0,full
optical_net,outer_4,streed,4,504,3,0.01,0.0001,0.001,0.865118584730352,0.0057362629507357,599.8358683586121,0.0027963368546427,0.9341761505953136,0.0032051540298216,0.9139753649339096,6.0,full
optical_net,outer_4,streed,4,504,3,0.01,1e-05,0.1,0.2751515323712403,0.0307623687642129,599.8470697402954,0.0256830079840233,0.395439627742675,0.0278353036524032,0.2529152058301959,4.0,full
optical_net,outer_4,streed,4,504,3,0.01,1e-05,0.001,0.8591538961565188,0.0059887757906505,599.8387131690979,0.0027938148191784,0.9342355175783448,0.0032020167132216,0.9140595688483196,6.0,full
optical_net,outer_4,streed,4,504,3,0.008,0.1,0.1,0.268178061182899,0.0310577488144609,599.8489589691162,0.0326849486741045,0.2306187519031903,0.0326122542837905,0.124704383208141,3.0,full
optical_net,outer_4,streed,4,504,3,0.008,0.1,0.001,0.812788281225226,0.0079431935692983,599.8473167419434,0.0046282921364448,0.8910531812058248,0.0065552106522086,0.8240616210981355,7.0,full
optical_net,outer_4,streed,4,504,3,0.008,0.01,0.1,0.27432055870131,0.0307975560052431,599.8493132591248,0.025754247601669,0.3937626960612258,0.0279072825846768,0.2509833294449513,4.0,full
optical_net,outer_4,streed,4,504,3,0.008,0.01,0.001,0.8496511746562335,0.0063870350854858,599.840220451355,0.0034019246772519,0.919921029088562,0.0046811342548766,0.8743608381299699,7.0,full
optical_net,outer_4,streed,4,504,3,0.008,0.001,0.1,0.2750685174164808,0.0307658840651879,599.8444738388062,0.0256901336740563,0.3952718938922789,0.0278425141620039,0.2527216795748991,4.0,full
optical_net,outer_4,streed,4,504,3,0.008,0.001,0.001,0.8679185062469648,0.0056128945577642,599.8379700183868,0.0020862640940401,0.9508907757960215,0.0039988317157479,0.8926734765826305,8.0,full
optical_net,outer_4,streed,4,504,3,0.008,0.0001,0.1,0.2751439794392274,0.0307626885967114,599.846860408783,0.0256836562772289,0.3954243673657788,0.0278359597986585,0.2528975952125363,4.0,full
optical_net,outer_4,streed,4,504,3,0.008,0.0001,0.001,0.9011080549647864,0.0041935488230336,599.8413457870483,0.0020187660853314,0.952479632572334,0.0039954582946468,0.8927640174166903,8.0,full
optical_net,outer_4,streed,4,504,3,0.008,1e-05,0.1,0.2751515323712403,0.0307623687642129,599.8449261188507,0.0256830079840233,0.395439627742675,0.0278353036524032,0.2529152058301959,4.0,full
optical_net,outer_4,streed,4,504,3,0.008,1e-05,0.001,0.901196821370965,0.0041897619760242,599.8365006446838,0.0020130010157728,0.952615338351058,0.003997167669458,0.8927181387029198,8.0,full
optical_net,outer_4,streed,4,504,3,0.005,0.1,0.1,0.268178061182899,0.0310577488144609,599.8458313941956,0.0263132250267969,0.3806047513053393,0.0284751154487505,0.2357429963888856,4.0,full
optical_net,outer_4,streed,4,504,3,0.005,0.1,0.001,0.812788281225226,0.0079431935692983,599.8424050807953,0.0046282921364448,0.8910531812058248,0.0065552106522086,0.8240616210981355,7.0,full
optical_net,outer_4,streed,4,504,3,0.005,0.01,0.1,0.27432055870131,0.0307975560052431,599.8506391048431,0.025754247601669,0.3937626960612258,0.0279072825846768,0.2509833294449513,4.0,full
optical_net,outer_4,streed,4,504,3,0.005,0.01,0.001,0.8645493365210908,0.0057510844008399,599.8375787734985,0.0026479708690887,0.937668584017156,0.0042053877717027,0.8871296215388861,8.0,full
optical_net,outer_4,streed,4,504,3,0.005,0.001,0.1,0.2750685174164808,0.0307658840651879,599.8437526226044,0.0256901336740563,0.3952718938922789,0.0278425141620039,0.2527216795748991,4.0,full
optical_net,outer_4,streed,4,504,3,0.005,0.001,0.001,0.9083486543056636,0.0038849762973023,599.8385488986969,0.0020854227606716,0.9509105802057988,0.0039951520769058,0.892772236138527,8.0,full
optical_net,outer_4,streed,4,504,3,0.005,0.0001,0.1,0.2751439794392274,0.0307626885967114,599.8532886505127,0.0256836562772289,0.3954243673657788,0.0278359597986585,0.2528975952125363,4.0,full
optical_net,outer_4,streed,4,504,3,0.005,0.0001,0.001,0.9065615729858956,0.003959779103846,599.836523771286,0.0020179734496824,0.9524982906712354,0.0039916358546715,0.8928666096793001,8.0,full
optical_net,outer_4,streed,4,504,3,0.005,1e-05,0.1,0.2751515323712403,0.0307623687642129,599.8443040847778,0.0256830079840233,0.395439627742675,0.0278353036524032,0.2529152058301959,4.0,full
optical_net,outer_4,streed,4,504,3,0.005,1e-05,0.001,0.906644186644916,0.0039562576981016,599.8429322242737,0.0020122131753403,0.9526338835738548,0.0039933305358284,0.8928211253354217,8.0,full
optical_net,outer_4,streed,4,504,3,0.003,0.1,0.1,0.268178061182899,0.0310577488144609,599.8412506580353,0.0263132250267969,0.3806047513053393,0.0284751154487505,0.2357429963888856,4.0,full
optical_net,outer_4,streed,4,504,3,0.003,0.1,0.001,0.812788281225226,0.0079431935692983,599.8438007831573,0.0046282921364448,0.8910531812058248,0.0065552106522086,0.8240616210981355,7.0,full
optical_net,outer_4,streed,4,504,3,0.003,0.01,0.1,0.27432055870131,0.0307975560052431,599.8483400344849,0.025754247601669,0.3937626960612258,0.0279072825846768,0.2509833294449513,4.0,full
optical_net,outer_4,streed,4,504,3,0.003,0.01,0.001,0.8645493365210908,0.0057510844008399,599.8395783901215,0.0026479708690887,0.937668584017156,0.0042053877717027,0.8871296215388861,8.0,full
optical_net,outer_4,streed,4,504,3,0.003,0.001,0.1,0.2750685174164808,0.0307658840651879,599.8478126525879,0.0256901336740563,0.3952718938922789,0.0278425141620039,0.2527216795748991,4.0,full
optical_net,outer_4,streed,4,504,3,0.003,0.001,0.001,0.910881998137472,0.0037777236873762,599.8426215648651,0.0020854227606716,0.9509105802057988,0.0039951520769058,0.892772236138527,8.0,full
optical_net,outer_4,streed,4,504,3,0.003,0.0001,0.1,0.2751439794392274,0.0307626885967114,599.8464171886444,0.0256836562772289,0.3954243673657788,0.0278359597986585,0.2528975952125363,4.0,full
optical_net,outer_4,streed,4,504,3,0.003,0.0001,0.001,0.9045789060885282,0.0040429229146966,599.8402464389801,0.0020179734496824,0.9524982906712354,0.0039916358546715,0.8928666096793001,8.0,full
optical_net,outer_4,streed,4,504,3,0.003,1e-05,0.1,0.2751515323712403,0.0307623687642129,599.846905708313,0.0256830079840233,0.395439627742675,0.0278353036524032,0.2529152058301959,4.0,full
optical_net,outer_4,streed,4,504,3,0.003,1e-05,0.001,0.9017802642704574,0.0041613837544383,599.8389427661896,0.0020122131753403,0.9526338835738548,0.0039933305358284,0.8928211253354217,8.0,full
optical_net,outer_4,streed,4,504,3,0.001,0.1,0.1,0.268178061182899,0.0310577488144609,599.845000743866,0.0263132250267969,0.3806047513053393,0.0284751154487505,0.2357429963888856,4.0,full
optical_net,outer_4,streed,4,504,3,0.001,0.1,0.001,0.812788281225226,0.0079431935692983,599.8434655666351,0.0046282921364448,0.8910531812058248,0.0065552106522086,0.8240616210981355,7.0,full
optical_net,outer_4,streed,4,504,3,0.001,0.01,0.1,0.27432055870131,0.0307975560052431,599.8469662666321,0.025754247601669,0.3937626960612258,0.0279072825846768,0.2509833294449513,4.0,full
optical_net,outer_4,streed,4,504,3,0.001,0.01,0.001,0.8667263716382205,0.0056589166124484,599.8413558006287,0.0026479708690887,0.937668584017156,0.0042053877717027,0.8871296215388861,8.0,full
optical_net,outer_4,streed,4,504,3,0.001,0.001,0.1,0.2750685174164808,0.0307658840651879,599.8463449478149,0.0256901336740563,0.3952718938922789,0.0278425141620039,0.2527216795748991,4.0,full
optical_net,outer_4,streed,4,504,3,0.001,0.001,0.001,0.910881998137472,0.0037777236873762,599.8399827480316,0.0020854227606716,0.9509105802057988,0.0039951520769058,0.892772236138527,8.0,full
optical_net,outer_4,streed,4,504,3,0.001,0.0001,0.1,0.2751439794392274,0.0307626885967114,599.8452935218811,0.0256836562772289,0.3954243673657788,0.0278359597986585,0.2528975952125363,4.0,full
optical_net,outer_4,streed,4,504,3,0.001,0.0001,0.001,0.9045789060885282,0.0040429229146966,599.8401970863342,0.0020179734496824,0.9524982906712354,0.0039916358546715,0.8928666096793001,8.0,full
optical_net,outer_4,streed,4,504,3,0.001,1e-05,0.1,0.2751515323712403,0.0307623687642129,599.8467257022858,0.0256830079840233,0.395439627742675,0.0278353036524032,0.2529152058301959,4.0,full
optical_net,outer_4,streed,4,504,3,0.001,1e-05,0.001,0.9017802642704574,0.0041613837544383,599.8386192321777,0.0020122131753403,0.9526338835738548,0.0039933305358284,0.8928211253354217,8.0,full
optical_net,outer_4,streed,4,504,3,0.0005,0.1,0.1,0.268178061182899,0.0310577488144609,599.8438966274261,0.0263132250267969,0.3806047513053393,0.0284751154487505,0.2357429963888856,4.0,full
optical_net,outer_4,streed,4,504,3,0.0005,0.1,0.001,0.812788281225226,0.0079431935692983,599.8432850837708,0.0046282921364448,0.8910531812058248,0.0065552106522086,0.8240616210981355,7.0,full
optical_net,outer_4,streed,4,504,3,0.0005,0.01,0.1,0.27432055870131,0.0307975560052431,599.8484480381012,0.025754247601669,0.3937626960612258,0.0279072825846768,0.2509833294449513,4.0,full
optical_net,outer_4,streed,4,504,3,0.0005,0.01,0.001,0.8667263716382205,0.0056589166124484,599.8391013145447,0.0026479708690887,0.937668584017156,0.0042053877717027,0.8871296215388861,8.0,full
optical_net,outer_4,streed,4,504,3,0.0005,0.001,0.1,0.2750685174164808,0.0307658840651879,599.8449285030365,0.0256901336740563,0.3952718938922789,0.0278425141620039,0.2527216795748991,4.0,full
optical_net,outer_4,streed,4,504,3,0.0005,0.001,0.001,0.910881998137472,0.0037777236873762,599.8393340110779,0.0020854227606716,0.9509105802057988,0.0039951520769058,0.892772236138527,8.0,full
optical_net,outer_4,streed,4,504,3,0.0005,0.0001,0.1,0.2751439794392274,0.0307626885967114,599.8466970920563,0.0256836562772289,0.3954243673657788,0.0278359597986585,0.2528975952125363,4.0,full
optical_net,outer_4,streed,4,504,3,0.0005,0.0001,0.001,0.9045789060885282,0.0040429229146966,599.8362035751343,0.0020179734496824,0.9524982906712354,0.0039916358546715,0.8928666096793001,8.0,full
optical_net,outer_4,streed,4,504,3,0.0005,1e-05,0.1,0.2751515323712403,0.0307623687642129,599.8456337451935,0.0256830079840233,0.395439627742675,0.0278353036524032,0.2529152058301959,4.0,full
optical_net,outer_4,streed,4,504,3,0.0005,1e-05,0.001,0.9017802642704574,0.0041613837544383,599.8372194766998,0.0020122131753403,0.9526338835738548,0.0039933305358284,0.8928211253354217,8.0,full
optical_net,outer_4,streed,4,504,3,0.0001,0.1,0.1,0.268178061182899,0.0310577488144609,599.8439066410065,0.0263132250267969,0.3806047513053393,0.0284751154487505,0.2357429963888856,4.0,full
optical_net,outer_4,streed,4,504,3,0.0001,0.1,0.001,0.812788281225226,0.0079431935692983,599.8404695987701,0.0046282921364448,0.8910531812058248,0.0065552106522086,0.8240616210981355,7.0,full
optical_net,outer_4,streed,4,504,3,0.0001,0.01,0.1,0.27432055870131,0.0307975560052431,599.8469099998474,0.025754247601669,0.3937626960612258,0.0279072825846768,0.2509833294449513,4.0,full
optical_net,outer_4,streed,4,504,3,0.0001,0.01,0.001,0.8816702025024329,0.0050183387199137,599.8330066204071,0.0026479708690887,0.937668584017156,0.0042053877717027,0.8871296215388861,8.0,full
optical_net,outer_4,streed,4,504,3,0.0001,0.001,0.1,0.2750685174164808,0.0307658840651879,599.8471148014069,0.0256901336740563,0.3952718938922789,0.0278425141620039,0.2527216795748991,4.0,full
optical_net,outer_4,streed,4,504,3,0.0001,0.001,0.001,0.910881998137472,0.0037777236873762,599.837443113327,0.0020854227606716,0.9509105802057988,0.0039951520769058,0.892772236138527,8.0,full
optical_net,outer_4,streed,4,504,3,0.0001,0.0001,0.1,0.2751439794392274,0.0307626885967114,599.8450071811676,0.0256836562772289,0.3954243673657788,0.0278359597986585,0.2528975952125363,4.0,full
optical_net,outer_4,streed,4,504,3,0.0001,0.0001,0.001,0.9045789060885282,0.0040429229146966,599.8371887207031,0.0020179734496824,0.9524982906712354,0.0039916358546715,0.8928666096793001,8.0,full
optical_net,outer_4,streed,4,504,3,0.0001,1e-05,0.1,0.2751515323712403,0.0307623687642129,599.8438138961792,0.0256830079840233,0.395439627742675,0.0278353036524032,0.2529152058301959,4.0,full
optical_net,outer_4,streed,4,504,3,0.0001,1e-05,0.001,0.9017802642704574,0.0041613837544383,599.8373589515686,0.0020122131753403,0.9526338835738548,0.0039933305358284,0.8928211253354217,8.0,full
optical_net,mean,streed,4,504,3,0.0001,1e-05,0.001,0.8926176007634892,0.0044175263390941796,599.8433058261871,0.00219907805688168,0.9469040234259651,0.00480137384049408,0.8869266567171546,7.6,full
optical_net,mean,streed,4,504,3,0.0001,1e-05,0.1,0.27664838078019033,0.02986407300150662,599.846900844574,0.02862899188922824,0.3103817894509199,0.03153133217411778,0.2356048603853364,3.6,full
optical_net,mean,streed,4,504,3,0.0001,0.0001,0.001,0.8933754294472285,0.00438564388254316,599.8417809963227,0.00220482023430016,0.9467677426660431,0.004822857271661899,0.8864476188972038,7.6,full
optical_net,mean,streed,4,504,3,0.0001,0.0001,0.1,0.27663919405440013,0.02986445123568864,599.8439226627349,0.028629208844330862,0.31037664320244274,0.03153154808633018,0.235599272854365,3.6,full
optical_net,mean,streed,4,504,3,0.0001,0.001,0.001,0.8910043104300943,0.00448410590909374,599.8450257778168,0.00225823547007816,0.9454922313726769,0.00490014299472862,0.8848576336149346,7.6,full
optical_net,mean,streed,4,504,3,0.0001,0.001,0.1,0.27652925167257275,0.029868974683793903,599.8478518009185,0.028631376344183862,0.31032522943600493,0.03153370485001818,0.23554345852025366,3.6,full
optical_net,mean,streed,4,504,3,0.0001,0.01,0.001,0.8788488341216636,0.00500148390124938,599.8387605190277,0.00261921651651996,0.9368479193683351,0.0053742728812441205,0.873790863185452,7.6,full
optical_net,mean,streed,4,504,3,0.0001,0.01,0.1,0.27567327881429726,0.029904240127368843,599.8459953308105,0.028652825932384378,0.3098164408164166,0.031555024620557995,0.2349917379690095,3.6,full
optical_net,mean,streed,4,504,3,0.0001,0.1,0.001,0.8281999881467474,0.0070764226560123406,599.8479550838471,0.00434595878018446,0.8952642740030778,0.007677608635378421,0.8139111385758226,7.4,full
optical_net,mean,streed,4,504,3,0.0001,0.1,0.1,0.2682718462038102,0.03020899116140266,599.8439689159393,0.0290366231757423,0.3006032335925437,0.031889560352913085,0.22670310074932826,3.6,full
optical_net,mean,streed,4,504,3,0.0005,1e-05,0.001,0.8926176007634892,0.0044175263390941796,599.8417162895203,0.0022079086499656,0.9466896098955175,0.00483714880602054,0.8860907282494684,7.6,full
optical_net,mean,streed,4,504,3,0.0005,1e-05,0.1,0.2742562285605189,0.02996215677711462,599.8464325428009,0.02862899188922824,0.3103817894509199,0.03153133217411778,0.2356048603853364,3.6,full
optical_net,mean,streed,4,504,3,0.0005,0.0001,0.001,0.8933754294472285,0.00438564388254316,599.8407662391662,0.0022134882584289002,0.9465572764337322,0.0048579783751961205,0.885626968762989,7.6,full
optical_net,mean,streed,4,504,3,0.0005,0.0001,0.1,0.2742466009232764,0.0299625530896863,599.8459168434143,0.028629208844330862,0.31037664320244274,0.03153154808633018,0.235599272854365,3.6,full
optical_net,mean,streed,4,504,3,0.0005,0.001,0.001,0.8910043104300943,0.00448410590909374,599.8447674751282,0.00225823547007816,0.9454922313726769,0.00490014299472862,0.8848576336149346,7.6,full
optical_net,mean,streed,4,504,3,0.0005,0.001,0.1,0.2741504174470285,0.0299665123908295,599.8456888675689,0.028631376344183862,0.31032522943600493,0.03153370485001818,0.23554345852025366,3.6,full
optical_net,mean,streed,4,504,3,0.0005,0.01,0.001,0.8732241084366766,0.00524296592921448,599.843721818924,0.00261921651651996,0.9368479193683351,0.0053742728812441205,0.873790863185452,7.6,full
optical_net,mean,streed,4,504,3,0.0005,0.01,0.1,0.27324693211706064,0.03000372595567104,599.8473412513733,0.028652825932384378,0.3098164408164166,0.031555024620557995,0.2349917379690095,3.6,full
optical_net,mean,streed,4,504,3,0.0005,0.1,0.001,0.8281999881467474,0.0070764226560123406,599.8469475746155,0.00434595878018446,0.8952642740030778,0.007677608635378421,0.8139111385758226,7.4,full
optical_net,mean,streed,4,504,3,0.0005,0.1,0.1,0.2654136305665543,0.030326184615438963,599.8458006381989,0.0290366231757423,0.3006032335925437,0.031889560352913085,0.22670310074932826,3.6,full
optical_net,mean,streed,4,504,3,0.001,1e-05,0.001,0.8926115469092213,0.004417787686369979,599.8420362949371,0.0022079086499656,0.9466896098955175,0.00483714880602054,0.8860907282494684,7.6,full
optical_net,mean,streed,4,504,3,0.001,1e-05,0.1,0.2742562285605189,0.02996215677711462,599.8475621700287,0.02862899188922824,0.3103817894509199,0.03153133217411778,0.2356048603853364,3.6,full
optical_net,mean,streed,4,504,3,0.001,0.0001,0.001,0.8933754294472285,0.00438564388254316,599.8418529033661,0.0022134882584289002,0.9465572764337322,0.0048579783751961205,0.885626968762989,7.6,full
optical_net,mean,streed,4,504,3,0.001,0.0001,0.1,0.2742466009232764,0.0299625530896863,599.8457759857178,0.028629208844330862,0.31037664320244274,0.03153154808633018,0.235599272854365,3.6,full
optical_net,mean,streed,4,504,3,0.001,0.001,0.001,0.8910043104300943,0.00448410590909374,599.8425489902496,0.00225823547007816,0.9454922313726769,0.00490014299472862,0.8848576336149346,7.6,full
optical_net,mean,streed,4,504,3,0.001,0.001,0.1,0.2741504174470285,0.0299665123908295,599.8482381343841,0.028631376344183862,0.31032522943600493,0.03153370485001818,0.23554345852025366,3.6,full
optical_net,mean,streed,4,504,3,0.001,0.01,0.001,0.8747610296249254,0.0051770453975553,599.8448620796204,0.00261921651651996,0.9368479193683351,0.0053742728812441205,0.873790863185452,7.6,full
optical_net,mean,streed,4,504,3,0.001,0.01,0.1,0.27324693211706064,0.03000372595567104,599.8484298229217,0.028652825932384378,0.3098164408164166,0.031555024620557995,0.2349917379690095,3.6,full
optical_net,mean,streed,4,504,3,0.001,0.1,0.001,0.8281999881467474,0.0070764226560123406,599.8495019435883,0.00434595878018446,0.8952642740030778,0.007677608635378421,0.8139111385758226,7.4,full
optical_net,mean,streed,4,504,3,0.001,0.1,0.1,0.2654136305665543,0.030326184615438963,599.8464695453644,0.0290366231757423,0.3006032335925437,0.031889560352913085,0.22670310074932826,3.6,full
optical_net,mean,streed,4,504,3,0.003,1e-05,0.001,0.8912827156649179,0.0044719963923374,599.8420358657837,0.0022084482646484,0.9466769947474101,0.00482113915382068,0.8865295820738238,7.6,full
optical_net,mean,streed,4,504,3,0.003,1e-05,0.1,0.2742562285605189,0.02996215677711462,599.8491307258606,0.028787708795860723,0.306627751439498,0.03164558265557628,0.23261689683688247,3.4,full
optical_net,mean,streed,4,504,3,0.003,0.0001,0.001,0.8910541770473014,0.00448349961789522,599.8429870128632,0.0022134882584289002,0.9465572764337322,0.0048579783751961205,0.885626968762989,7.6,full
optical_net,mean,streed,4,504,3,0.003,0.0001,0.1,0.2742466009232764,0.0299625530896863,599.8472131729126,0.02878791238495464,0.3066229213293944,0.03164579169581464,0.23261148902688636,3.4,full
optical_net,mean,streed,4,504,3,0.003,0.001,0.001,0.8911066744117854,0.00447965292037638,599.8463366985321,0.00225823547007816,0.9454922313726769,0.00490014299472862,0.8848576336149346,7.6,full
optical_net,mean,streed,4,504,3,0.003,0.001,0.1,0.2741504174470285,0.0299665123908295,599.8493354320526,0.028789946330686822,0.3065746664403363,0.0316478797795725,0.23255747086137854,3.4,full
optical_net,mean,streed,4,504,3,0.003,0.01,0.001,0.8719972597452349,0.0052935004469057394,599.8442162036896,0.00261921651651996,0.9368479193683351,0.0053742728812441205,0.873790863185452,7.6,full
optical_net,mean,streed,4,504,3,0.003,0.01,0.1,0.27324693211706064,0.03000372595567104,599.8494525432586,0.028810070909264556,0.30609721749712504,0.031668516739200694,0.23202360768883765,3.4,full
optical_net,mean,streed,4,504,3,0.003,0.1,0.001,0.8281999881467474,0.0070764226560123406,599.848828458786,0.00440150905944336,0.8939656158631408,0.00768177478202528,0.8137969368826203,7.2,full
optical_net,mean,streed,4,504,3,0.003,0.1,0.1,0.2654136305665543,0.030326184615438963,599.8447131156921,0.029181607219574402,0.2971740109398132,0.03199662370079066,0.2239031004626782,3.4,full
optical_net,mean,streed,4,504,3,0.005,1e-05,0.001,0.8947754524141424,0.00435501540430148,599.8452706336975,0.0022084482646484,0.9466769947474101,0.00482113915382068,0.8865295820738238,7.6,full
optical_net,mean,streed,4,504,3,0.005,1e-05,0.1,0.2742562285605189,0.02996215677711462,599.8464111804963,0.02907727100937304,0.2995969602012123,0.03200479991601538,0.2242233196617117,3.2,full
optical_net,mean,streed,4,504,3,0.005,0.0001,0.001,0.89514587678373,0.0043398805004450204,599.8413813114166,0.0022134882584289002,0.9465572764337322,0.0048579783751961205,0.885626968762989,7.6,full
optical_net,mean,streed,4,504,3,0.005,0.0001,0.1,0.2742466009232764,0.0299625530896863,599.8482844352723,0.02907744515865348,0.2995928449122181,0.03200497760786888,0.2242186443473849,3.2,full
optical_net,mean,streed,4,504,3,0.005,0.001,0.001,0.8944384467183129,0.0043633850943258405,599.8418861865997,0.00225823547007816,0.9454922313726769,0.00490014299472862,0.8848576336149346,7.6,full
optical_net,mean,streed,4,504,3,0.005,0.001,0.1,0.2741504174470285,0.0299665123908295,599.8476004600525,0.0290791850016488,0.2995517310617659,0.0320067525009016,0.22417194428936127,3.2,full
optical_net,mean,streed,4,504,3,0.005,0.01,0.001,0.8724542051690694,0.00527386265013568,599.8427583694458,0.00261921651651996,0.9368479193683351,0.0053742728812441205,0.873790863185452,7.6,full
optical_net,mean,streed,4,504,3,0.005,0.01,0.1,0.27324693211706064,0.03000372595567104,599.8505819797516,0.029096397823633196,0.29914498178788024,0.03202428663552041,0.22371058264735805,3.2,full
optical_net,mean,streed,4,504,3,0.005,0.1,0.001,0.8270039987063328,0.007123351004532879,599.8482016563415,0.0044955392152688,0.8917415756731062,0.00786151729702342,0.809096176972764,7.0,full
optical_net,mean,streed,4,504,3,0.005,0.1,0.1,0.2654136305665543,0.030326184615438963,599.847906780243,0.02924733277157802,0.29557814444344466,0.03217839484273618,0.21965578198395724,3.2,full
optical_net,mean,streed,4,504,3,0.008,1e-05,0.001,0.8918749166311624,0.0044645521468158,599.8420471191406,0.0023939337166887396,0.9422610821124666,0.00519582618621218,0.8754501315516723,6.8,full
optical_net,mean,streed,4,504,3,0.008,1e-05,0.1,0.27327105490593556,0.0300008131155849,599.848884344101,0.02907727100937304,0.2995969602012123,0.03200479991601538,0.2242233196617117,3.2,full
optical_net,mean,streed,4,504,3,0.008,0.0001,0.001,0.8923158599348179,0.00444543159091778,599.842051410675,0.00239942252127816,0.9421305521139158,0.00521220119028014,0.8750882071371562,6.8,full
optical_net,mean,streed,4,504,3,0.008,0.0001,0.1,0.27326156953253744,0.030001203845994178,599.8487865447999,0.02907744515865348,0.2995928449122181,0.03200497760786888,0.2242186443473849,3.2,full
optical_net,mean,streed,4,504,3,0.008,0.001,0.001,0.8851601410345333,0.0047591906706518795,599.843030834198,0.00243682723124422,0.941237437150521,0.00527491057117532,0.873917008088274,6.8,full
optical_net,mean,streed,4,504,3,0.008,0.001,0.1,0.2731668075749668,0.03000510736945102,599.846293258667,0.0290791850016488,0.2995517310617659,0.0320067525009016,0.22417194428936127,3.2,full
optical_net,mean,streed,4,504,3,0.008,0.01,0.001,0.8684477991576174,0.005450498623988,599.8445712566376,0.0028121314831094204,0.93231427725718,0.00588229556796744,0.8598582524124346,7.2,full
optical_net,mean,streed,4,504,3,0.008,0.01,0.1,0.27227742443032266,0.0300417675913905,599.8498198032379,0.029096397823633196,0.29914498178788024,0.03202428663552041,0.22371058264735805,3.2,full
optical_net,mean,streed,4,504,3,0.008,0.1,0.001,0.8270039987063328,0.007123351004532879,599.8497080802917,0.0044955392152688,0.8917415756731062,0.00786151729702342,0.809096176972764,7.0,full
optical_net,mean,streed,4,504,3,0.008,0.1,0.1,0.26567686273710395,0.030313962306927962,599.8487612724305,0.03052167750103954,0.26558094456301484,0.03300582260974418,0.19744805934780835,3.0,full
optical_net,mean,streed,4,504,3,0.01,1e-05,0.001,0.8813736501286886,0.00491008190671628,599.8439989566803,0.00269685414865248,0.9350751196597195,0.00509337924668924,0.8786138864474837,6.0,full
optical_net,mean,streed,4,504,3,0.01,1e-05,0.1,0.27327105490593556,0.0300008131155849,599.8491294860839,0.02907727100937304,0.2995969602012123,0.03200479991601538,0.2242233196617117,3.2,full
optical_net,mean,streed,4,504,3,0.01,0.0001,0.001,0.8827633007682338,0.004850610595813621,599.842263174057,0.0027011970778443002,0.934970293631114,0.00510693145922822,0.878338617948278,6.0,full
optical_net,mean,streed,4,504,3,0.01,0.0001,0.1,0.27326156953253744,0.030001203845994178,599.8481352329254,0.02907744515865348,0.2995928449122181,0.03200497760786888,0.2242186443473849,3.2,full
optical_net,mean,streed,4,504,3,0.01,0.001,0.001,0.8744043286145473,0.00520286941779492,599.8443501472473,0.002587902806315,0.9376812218520403,0.00512266076558174,0.8780033121607808,6.4,full
optical_net,mean,streed,4,504,3,0.01,0.001,0.1,0.2731668075749668,0.03000510736945102,599.8489449501037,0.0290791850016488,0.2995517310617659,0.0320067525009016,0.22417194428936127,3.2,full
optical_net,mean,streed,4,504,3,0.01,0.01,0.001,0.8614655156741445,0.00574207347789016,599.8455784797668,0.00313159954054082,0.9246809227293248,0.0059994968200077796,0.8563479647134539,6.2,full
optical_net,mean,streed,4,504,3,0.01,0.01,0.1,0.27279876884447773,0.030020416401799022,599.853907251358,0.029096397823633196,0.29914498178788024,0.03202428663552041,0.22371058264735805,3.2,full
optical_net,mean,streed,4,504,3,0.01,0.1,0.001,0.8255006684234406,0.007188250365616119,599.8484164237976,0.0044955392152688,0.8917415756731062,0.00786151729702342,0.809096176972764,7.0,full
optical_net,mean,streed,4,504,3,0.01,0.1,0.1,0.26567686273710395,0.030313962306927962,599.8495097637176,0.03052167750103954,0.26558094456301484,0.03300582260974418,0.19744805934780835,3.0,full
optical_net,mean,streed,4,504,3,0.03,1e-05,0.001,0.8483304091259951,0.00627662114690782,599.8379270553589,0.00447072384526252,0.8925005587938262,0.007854778952084139,0.8041349619092439,2.8,full
optical_net,mean,streed,4,504,3,0.03,1e-05,0.1,0.2843102521751055,0.029548421204564263,599.8501636981964,0.03067296644591494,0.26201234235074544,0.03316170948300512,0.1933190298706629,2.8,full
optical_net,mean,streed,4,504,3,0.03,0.0001,0.001,0.8491078172215427,0.006244492168118,599.8357636451722,0.004483871034872961,0.8921878027465227,0.0078577821341264,0.8040272064752404,2.8,full
optical_net,mean,streed,4,504,3,0.03,0.0001,0.1,0.28430250894585624,0.029548738385429603,599.8497682571411,0.03067301390336344,0.26201120991413995,0.03316176058918898,0.19331774704162735,2.8,full
optical_net,mean,streed,4,504,3,0.03,0.001,0.001,0.8410238656836266,0.00658348085202856,599.8365150928497,0.00440496055237652,0.8943408252608076,0.008181354314547199,0.7975074224148614,3.0,full
optical_net,mean,streed,4,504,3,0.03,0.001,0.1,0.28422515044962593,0.029551907171962582,599.849615764618,0.03067348792226392,0.2619998988220839,0.03316227102067402,0.19330493446658936,2.8,full
optical_net,mean,streed,4,504,3,0.03,0.01,0.001,0.8411099284977752,0.00657492842959444,599.8383337974549,0.0050408402925605,0.8791561761406937,0.00793084200021878,0.8058212906854478,3.0,full
optical_net,mean,streed,4,504,3,0.03,0.01,0.1,0.2835080188274074,0.02958129524362238,599.8504139900208,0.03067817317940766,0.2618881002979715,0.03316731305278457,0.19317836167728214,2.8,full
optical_net,mean,streed,4,504,3,0.03,0.1,0.001,0.7906892306121328,0.00864006222024058,599.8458345890045,0.006951021243064459,0.8327019436760713,0.00930958378171122,0.7747661304835128,3.6,full
optical_net,mean,streed,4,504,3,0.03,0.1,0.1,0.2711380897962565,0.030099853655448122,599.84488363266,0.0307200987831664,0.26088780221804614,0.03321218031345036,0.1920512392316432,2.8,full
optical_net,mean,streed,4,504,3,0.05,1e-05,0.001,0.8332240104843495,0.006892659345207081,599.8354856491089,0.0061194277383211804,0.8523462212996945,0.00861419515127224,0.7862119063556173,2.0,full
optical_net,mean,streed,4,504,3,0.05,1e-05,0.1,0.2688035326848692,0.03018706152437134,599.8476135253907,0.03100624348183224,0.2542209695381824,0.03333061623917042,0.1886889870079406,2.6,full
optical_net,mean,streed,4,504,3,0.05,0.0001,0.001,0.8332900972126749,0.00688993541947968,599.8359366893768,0.006124596060435,0.8522242140652236,0.00862701108122136,0.785866111470461,2.0,full
optical_net,mean,streed,4,504,3,0.05,0.0001,0.1,0.26879727080576754,0.03018731537282454,599.8461290359497,0.031006284825515464,0.25421998002959056,0.033330663124243695,0.18868781988726005,2.6,full
optical_net,mean,streed,4,504,3,0.05,0.001,0.001,0.8330390346743343,0.0069002550987252,599.8358669757843,0.00616281872903422,0.8512972684068828,0.008262007349510981,0.795797508100586,2.0,full
optical_net,mean,streed,4,504,3,0.05,0.001,0.1,0.268734719436288,0.03018985111992522,599.8435930728913,0.03100669777505758,0.25421009662107413,0.03333113139179344,0.18867616310274296,2.6,full
optical_net,mean,streed,4,504,3,0.05,0.01,0.001,0.8239393708671031,0.007270779523462739,599.8287480354309,0.0061285726396276,0.8527183076615069,0.0081747968366793,0.7972586476196126,2.2,full
optical_net,mean,streed,4,504,3,0.05,0.01,0.1,0.26811587428940953,0.03021493784368734,599.8498157024384,0.03101077909227242,0.2541124170449699,0.0333357564491874,0.18856102035243666,2.6,full
optical_net,mean,streed,4,504,3,0.05,0.1,0.001,0.7705275855274526,0.009466351227157341,599.8307776451111,0.0078858508044224,0.8101328165718293,0.01035011362278286,0.7461019537671237,2.8,full
optical_net,mean,streed,4,504,3,0.05,0.1,0.1,0.2625281386530439,0.030441421330597518,599.8495067119599,0.03104727247227364,0.2532391138549852,0.03337687328987104,0.1875367037723819,2.6,full
optical_net,mean,streed,4,504,3,0.08,1e-05,0.001,0.8264470651649184,0.0071639937878638805,492.21868257522584,0.0061194277383211804,0.8523462212996945,0.00861419515127224,0.7862119063556173,2.0,full
optical_net,mean,streed,4,504,3,0.08,1e-05,0.1,0.2602319650691207,0.030523393517653617,599.8497908115387,0.03100624348183224,0.2542209695381824,0.03333061623917042,0.1886889870079406,2.6,full
optical_net,mean,streed,4,504,3,0.08,0.0001,0.001,0.8264298626893494,0.0071646974924806,492.2953824520111,0.006124596060435,0.8522242140652236,0.00862701108122136,0.785866111470461,2.0,full
optical_net,mean,streed,4,504,3,0.08,0.0001,0.1,0.2602251053676622,0.030523670823517878,599.8503476142884,0.031006284825515464,0.25421998002959056,0.033330663124243695,0.18868781988726005,2.6,full
optical_net,mean,streed,4,504,3,0.08,0.001,0.001,0.8267276669241632,0.00715366994086976,492.37416496276853,0.00616281872903422,0.8512972684068828,0.008262007349510981,0.795797508100586,2.0,full
optical_net,mean,streed,4,504,3,0.08,0.001,0.1,0.260156580754925,0.03052644094931114,599.842979812622,0.03100669777505758,0.25421009662107413,0.03333113139179344,0.18867616310274296,2.6,full
optical_net,mean,streed,4,504,3,0.08,0.01,0.001,0.8204882682438874,0.007407684788637919,599.839402103424,0.00648463344343132,0.8435381869857068,0.00839952946236472,0.7929053781509908,2.0,full
optical_net,mean,streed,4,504,3,0.08,0.01,0.1,0.25947849716263455,0.030553852076883343,599.8478680610657,0.03101077909227242,0.2541124170449699,0.0333357564491874,0.18856102035243666,2.6,full
optical_net,mean,streed,4,504,3,0.08,0.1,0.001,0.7215737939998147,0.01147933407078592,599.8190111160278,0.01040475956013972,0.7489455303747559,0.01139051863081394,0.7187257574654694,2.0,full
optical_net,mean,streed,4,504,3,0.08,0.1,0.1,0.25334402970480535,0.03080178827950982,599.8719676494599,0.03104727247227364,0.2532391138549852,0.03337687328987104,0.1875367037723819,2.6,full
optical_net,mean,streed,4,504,3,0.1,1e-05,0.001,0.8114376621092806,0.00779342418176614,58.56067776679993,0.006940618083221481,0.8331483785512882,0.01032371526997878,0.7393508357626122,1.8,full
optical_net,mean,streed,4,504,3,0.1,1e-05,0.1,0.2293667637759275,0.0318266371436516,599.8670121192932,0.03171124672770572,0.23723927431067696,0.0330131203054374,0.1975316386490085,1.8,full
optical_net,mean,streed,4,504,3,0.1,0.0001,0.001,0.8114210656202501,0.007794103153298799,58.361269855499266,0.006942407772905499,0.8331053572114941,0.010322079213025841,0.7394011962493726,1.8,full
optical_net,mean,streed,4,504,3,0.1,0.0001,0.1,0.22935755670386243,0.031827013831367025,599.8676369667053,0.031711503868940484,0.2372331390715976,0.03301336762670574,0.19752545751663927,1.8,full
optical_net,mean,streed,4,504,3,0.1,0.001,0.001,0.7943786428195361,0.008513891287578259,58.360695886611936,0.006983193674021659,0.8321184881321175,0.00995150638097982,0.7494852520972001,1.8,full
optical_net,mean,streed,4,504,3,0.1,0.001,0.1,0.22926557371602296,0.03183077712810482,599.8569766044617,0.03171407312430266,0.23717183815766507,0.03301583876723208,0.19746369781928635,1.8,full
optical_net,mean,streed,4,504,3,0.1,0.01,0.001,0.776942569928728,0.00918194304641424,490.56057143211365,0.007349126438348461,0.8233280119920725,0.01000565519869178,0.7488785365317104,1.8,full
optical_net,mean,streed,4,504,3,0.1,0.01,0.1,0.22835443338552355,0.0318680554622456,599.8474188327789,0.0317395517363148,0.23656393476136856,0.033040344641206795,0.19685122169929575,1.8,full
optical_net,mean,streed,4,504,3,0.1,0.1,0.001,0.6983822412434503,0.01240450327264706,599.8263877868652,0.01091400459979774,0.7370403658139774,0.01220023408502656,0.6965299771146569,1.8,full
optical_net,mean,streed,4,504,3,0.1,0.1,0.1,0.22003562075460542,0.03220848464030524,599.8719439506531,0.03197457216136636,0.23095659981523958,0.0332664119224063,0.19119979147263824,1.8,full
optical_net,std,streed,4,504,3,0.0001,1e-05,0.001,0.01095834862678209,0.0003552067599281384,0.0045997871090566154,0.0002579826999355446,0.0069497266036500326,0.0026324172717936815,0.044495560416789585,0.5477225575051662,full
optical_net,std,streed,4,504,3,0.0001,1e-05,0.1,0.028561304933636646,0.0012708420570350233,0.006664255510458501,0.002728335059823008,0.0564701198504546,0.00505818519355864,0.05248036871689061,0.5477225575051661,full
optical_net,std,streed,4,504,3,0.0001,0.0001,0.001,0.011967456838146276,0.00039223531632816223,0.004871070039197897,0.00025803546546982153,0.006930503874522694,0.0026402300416658174,0.044363449235924945,0.5477225575051662,full
optical_net,std,streed,4,504,3,0.0001,0.0001,0.1,0.028562213242272632,0.0012708248485331258,0.0038184032818513757,0.0027282358262770735,0.05646634025472845,0.005058051139030406,0.05247815738401554,0.5477225575051661,full
optical_net,std,streed,4,504,3,0.0001,0.001,0.001,0.014050992874373851,0.00045632017607167517,0.005131634930102231,0.0002459166342425547,0.006571394705439427,0.002791538082018161,0.047350880206983186,0.5477225575051662,full
optical_net,std,streed,4,504,3,0.0001,0.001,0.1,0.0285450786536246,0.001269522234503799,0.002396765965776813,0.002727245303170694,0.05642859377240991,0.005056712625504328,0.052456116670426066,0.5477225575051661,full
optical_net,std,streed,4,504,3,0.0001,0.01,0.001,0.008867711800140012,0.00047980395346173865,0.004914585139928784,0.0003132684388722158,0.0076127316285480575,0.002873866828330305,0.04668105360276041,0.5477225575051662,full
optical_net,std,streed,4,504,3,0.0001,0.01,0.1,0.028693312254209888,0.0012682993621745452,0.004827664876245141,0.00271754904155841,0.05605701392919039,0.005043541181209267,0.052243011545418945,0.5477225575051661,full
optical_net,std,streed,4,504,3,0.0001,0.1,0.001,0.016645616610138615,0.000773643725408302,0.0050047169253049735,0.00037644237121437586,0.00840742399393216,0.0026821712944598486,0.059670801592705325,0.5477225575051662,full
optical_net,std,streed,4,504,3,0.0001,0.1,0.1,0.030332541768868158,0.0012610174192510164,0.004135888630880728,0.0028383862777081187,0.05923505913341622,0.004981357744304629,0.05099875482096477,0.5477225575051661,full
optical_net,std,streed,4,504,3,0.0005,1e-05,0.001,0.01095834862678209,0.0003552067599281384,0.00676594843269929,0.00027596435087429253,0.007356603242265452,0.0025990218106466483,0.043389200544700766,0.5477225575051662,full
optical_net,std,streed,4,504,3,0.0005,1e-05,0.1,0.025436219878932985,0.0011333232304579703,0.0019807287123863337,0.002728335059823008,0.0564701198504546,0.00505818519355864,0.05248036871689061,0.5477225575051661,full
optical_net,std,streed,4,504,3,0.0005,0.0001,0.001,0.011967456838146276,0.00039223531632816223,0.004956210881484931,0.0002755637520300266,0.007328382227497931,0.0026072521333145456,0.043265090479687525,0.5477225575051662,full
optical_net,std,streed,4,504,3,0.0005,0.0001,0.1,0.025436790089870657,0.0011332836928118245,0.0023910636199741555,0.0027282358262770735,0.05646634025472845,0.005058051139030406,0.05247815738401554,0.5477225575051661,full
optical_net,std,streed,4,504,3,0.0005,0.001,0.001,0.014050992874373851,0.00045632017607167517,0.004530051445514503,0.0002459166342425547,0.006571394705439427,0.002791538082018161,0.047350880206983186,0.5477225575051662,full
optical_net,std,streed,4,504,3,0.0005,0.001,0.1,0.02544248461411293,0.001132888831780835,0.0009960590009315848,0.002727245303170694,0.05642859377240991,0.005056712625504328,0.052456116670426066,0.5477225575051661,full
optical_net,std,streed,4,504,3,0.0005,0.01,0.001,0.011841654801036659,0.0006155804155610769,0.006132091397266383,0.0003132684388722158,0.0076127316285480575,0.002873866828330305,0.04668105360276041,0.5477225575051662,full
optical_net,std,streed,4,504,3,0.0005,0.01,0.1,0.02556244436783186,0.0011293966174946374,0.002119595873694298,0.00271754904155841,0.05605701392919039,0.005043541181209267,0.052243011545418945,0.5477225575051661,full
optical_net,std,streed,4,504,3,0.0005,0.1,0.001,0.016645616610138615,0.000773643725408302,0.002449081940976617,0.00037644237121437586,0.00840742399393216,0.0026821712944598486,0.059670801592705325,0.5477225575051662,full
optical_net,std,streed,4,504,3,0.0005,0.1,0.1,0.02701622498016336,0.0011025160848667742,0.003348772038677824,0.0028383862777081187,0.05923505913341622,0.004981357744304629,0.05099875482096477,0.5477225575051661,full
optical_net,std,streed,4,504,3,0.001,1e-05,0.001,0.01096031813329693,0.00035541642975874194,0.005246303133688388,0.00027596435087429253,0.007356603242265452,0.0025990218106466483,0.043389200544700766,0.5477225575051662,full
optical_net,std,streed,4,504,3,0.001,1e-05,0.1,0.025436219878932985,0.0011333232304579703,0.0014255215578741188,0.002728335059823008,0.0564701198504546,0.00505818519355864,0.05248036871689061,0.5477225575051661,full
optical_net,std,streed,4,504,3,0.001,0.0001,0.001,0.011967456838146276,0.00039223531632816223,0.004988847576067373,0.0002755637520300266,0.007328382227497931,0.0026072521333145456,0.043265090479687525,0.5477225575051662,full
optical_net,std,streed,4,504,3,0.001,0.0001,0.1,0.025436790089870657,0.0011332836928118245,0.0032955699988473086,0.0027282358262770735,0.05646634025472845,0.005058051139030406,0.05247815738401554,0.5477225575051661,full
optical_net,std,streed,4,504,3,0.001,0.001,0.001,0.014050992874373851,0.00045632017607167517,0.0025301803495119475,0.0002459166342425547,0.006571394705439427,0.002791538082018161,0.047350880206983186,0.5477225575051662,full
optical_net,std,streed,4,504,3,0.001,0.001,0.1,0.02544248461411293,0.001132888831780835,0.0021318336910603917,0.002727245303170694,0.05642859377240991,0.005056712625504328,0.052456116670426066,0.5477225575051661,full
optical_net,std,streed,4,504,3,0.001,0.01,0.001,0.011587818224660311,0.0006170429386942552,0.00421798531123842,0.0003132684388722158,0.0076127316285480575,0.002873866828330305,0.04668105360276041,0.5477225575051662,full
optical_net,std,streed,4,504,3,0.001,0.01,0.1,0.02556244436783186,0.0011293966174946374,0.002609092364739643,0.00271754904155841,0.05605701392919039,0.005043541181209267,0.052243011545418945,0.5477225575051661,full
optical_net,std,streed,4,504,3,0.001,0.1,0.001,0.016645616610138615,0.000773643725408302,0.005860764765250359,0.00037644237121437586,0.00840742399393216,0.0026821712944598486,0.059670801592705325,0.5477225575051662,full
optical_net,std,streed,4,504,3,0.001,0.1,0.1,0.02701622498016336,0.0011025160848667742,0.004412107748392106,0.0028383862777081187,0.05923505913341622,0.004981357744304629,0.05099875482096477,0.5477225575051661,full
optical_net,std,streed,4,504,3,0.003,1e-05,0.001,0.012795103366080937,0.00039211789124560454,0.002896667012970961,0.00027603845211338703,0.0073544917799919,0.0026008112879197906,0.04323324773656976,0.5477225575051662,full
optical_net,std,streed,4,504,3,0.003,1e-05,0.1,0.025436219878932985,0.0011333232304579703,0.0024369565184800936,0.0029079332061675983,0.060316724858835116,0.00493016539631931,0.04826543783771205,0.5477225575051662,full
optical_net,std,streed,4,504,3,0.003,0.0001,0.001,0.011288431606930958,0.0003349555856675609,0.005162743568199656,0.0002755637520300266,0.007328382227497931,0.0026072521333145456,0.043265090479687525,0.5477225575051662,full
optical_net,std,streed,4,504,3,0.003,0.0001,0.1,0.025436790089870657,0.0011332836928118245,0.005473977532822359,0.002907819775706851,0.060312718669522654,0.004930032368811149,0.04826307254445442,0.5477225575051662,full
optical_net,std,streed,4,504,3,0.003,0.001,0.001,0.014165969929639071,0.00046238485105353687,0.0028339856579549664,0.0002459166342425547,0.006571394705439427,0.002791538082018161,0.047350880206983186,0.5477225575051662,full
optical_net,std,streed,4,504,3,0.003,0.001,0.1,0.02544248461411293,0.001132888831780835,0.0038518666312799166,0.0029066873271666595,0.06027270660327276,0.00492870419265461,0.04823950010368145,0.5477225575051662,full
optical_net,std,streed,4,504,3,0.003,0.01,0.001,0.011792252848754329,0.00062916347508496,0.004651313683153833,0.0003132684388722158,0.0076127316285480575,0.002873866828330305,0.04668105360276041,0.5477225575051662,full
optical_net,std,streed,4,504,3,0.003,0.01,0.1,0.02556244436783186,0.0011293966174946374,0.0040178628323591665,0.0028955759201114268,0.05987848463522879,0.004915643470881388,0.04801190090509435,0.5477225575051662,full
optical_net,std,streed,4,504,3,0.003,0.1,0.001,0.016645616610138615,0.000773643725408302,0.004495654520865558,0.0003718939096702362,0.0076579553140621575,0.002686656149247604,0.05988033540545687,0.44721359549995804,full
optical_net,std,streed,4,504,3,0.003,0.1,0.1,0.02701622498016336,0.0011025160848667742,0.004735629017025129,0.002980287372355938,0.062149778718406205,0.00485253340094324,0.04646840432967374,0.5477225575051662,full
optical_net,std,streed,4,504,3,0.005,1e-05,0.001,0.012864496862945838,0.0005629492276537815,0.004114664102241559,0.00027603845211338703,0.0073544917799919,0.0026008112879197906,0.04323324773656976,0.5477225575051662,full
optical_net,std,streed,4,504,3,0.005,1e-05,0.1,0.025436219878932985,0.0011333232304579703,0.004074764942661662,0.0031711106376764286,0.06841064951686668,0.0050724039974688806,0.050199571904882875,0.44721359549995787,full
optical_net,std,streed,4,504,3,0.005,0.0001,0.001,0.01337144957244847,0.0005915003246624918,0.0052701945190418605,0.0002755637520300266,0.007328382227497931,0.0026072521333145456,0.043265090479687525,0.5477225575051662,full
optical_net,std,streed,4,504,3,0.005,0.0001,0.1,0.025436790089870657,0.0011332836928118245,0.00425266004992241,0.003170977158901516,0.06840625335964418,0.005072263155605389,0.05019706114633155,0.44721359549995787,full
optical_net,std,streed,4,504,3,0.005,0.001,0.001,0.013146209028192165,0.0005581142548426645,0.004325254475061931,0.0002459166342425547,0.006571394705439427,0.002791538082018161,0.047350880206983186,0.5477225575051662,full
optical_net,std,streed,4,504,3,0.005,0.001,0.1,0.02544248461411293,0.001132888831780835,0.0027110202099518872,0.0031696442822203128,0.06836234158529801,0.005070856840830959,0.05017203245879424,0.44721359549995787,full
optical_net,std,streed,4,504,3,0.005,0.01,0.001,0.011983237022748134,0.0006301155256610664,0.004809015882776854,0.0003132684388722158,0.0076127316285480575,0.002873866828330305,0.04668105360276041,0.5477225575051662,full
optical_net,std,streed,4,504,3,0.005,0.01,0.1,0.02556244436783186,0.0011293966174946374,0.0027928289596410075,0.0031565342754621343,0.0679290747904795,0.0050570162062732625,0.04992979040688626,0.44721359549995787,full
optical_net,std,streed,4,504,3,0.005,0.1,0.001,0.01857220484658496,0.0008337411594134918,0.00379399736445241,0.00034456914685526127,0.006080446382738797,0.0025068704012768555,0.05585455507893069,0.0,full
optical_net,std,streed,4,504,3,0.005,0.1,0.1,0.02701622498016336,0.0011025160848667742,0.004010610473729745,0.0030502490461420404,0.06429755627308863,0.004940032351466339,0.04821822164071903,0.44721359549995787,full
optical_net,std,streed,4,504,3,0.008,1e-05,0.001,0.010467967402447433,0.00040052374338321074,0.003791300072016058,0.0003245818633272025,0.007836540536222939,0.002735931816248096,0.0580532720047888,0.8366600265340756,full
optical_net,std,streed,4,504,3,0.008,1e-05,0.1,0.024375019299903114,0.0010865308204510466,0.002898478852078356,0.0031711106376764286,0.06841064951686668,0.0050724039974688806,0.050199571904882875,0.44721359549995787,full
optical_net,std,streed,4,504,3,0.008,0.0001,0.001,0.009893868453291004,0.0003855242890561978,0.0035750326751740483,0.00032656458065811073,0.007864939500067128,0.0027600772987250517,0.05854610744676376,0.8366600265340756,full
optical_net,std,streed,4,504,3,0.008,0.0001,0.1,0.024375870541390506,0.0010865003246956905,0.004276974554438331,0.003170977158901516,0.06840625335964418,0.005072263155605389,0.05019706114633155,0.44721359549995787,full
optical_net,std,streed,4,504,3,0.008,0.001,0.001,0.01413525171841935,0.0006801693354822351,0.0035905655026711066,0.0003067809227842875,0.007325084092634394,0.0028960585858798017,0.06052413340473201,0.8366600265340756,full
optical_net,std,streed,4,504,3,0.008,0.001,0.1,0.02438437007164914,0.0010861957735268056,0.002111645779448858,0.0031696442822203128,0.06836234158529801,0.005070856840830959,0.05017203245879424,0.44721359549995787,full
optical_net,std,streed,4,504,3,0.008,0.01,0.001,0.013904674575945354,0.0007050520895695322,0.005257121620796254,0.0004525443199504224,0.009948862744281705,0.002923058747174416,0.0558714006490044,0.44721359549995804,full
optical_net,std,streed,4,504,3,0.008,0.01,0.1,0.024536202510651767,0.001083671725271915,0.0017376694734436448,0.0031565342754621343,0.0679290747904795,0.0050570162062732625,0.04992979040688626,0.44721359549995787,full
optical_net,std,streed,4,504,3,0.008,0.1,0.001,0.01857220484658496,0.0008337411594134918,0.004457077619527627,0.00034456914685526127,0.006080446382738797,0.0025068704012768555,0.05585455507893069,0.0,full
optical_net,std,streed,4,504,3,0.008,0.1,0.1,0.025198522848478212,0.0011194856979711825,0.003397616409791163,0.0028418532404818325,0.047507214642050336,0.004490725184497767,0.06243204812339444,0.0,full
optical_net,std,streed,4,504,3,0.01,1e-05,0.001,0.016388708531450528,0.000773476181224388,0.0034169819269794315,0.0004197515094467556,0.00925398880407074,0.002695484910609744,0.05530875281166435,0.7071067811865476,full
optical_net,std,streed,4,504,3,0.01,1e-05,0.1,0.024375019299903114,0.0010865308204510466,0.002106392170074411,0.0031711106376764286,0.06841064951686668,0.0050724039974688806,0.050199571904882875,0.44721359549995787,full
optical_net,std,streed,4,504,3,0.01,0.0001,0.001,0.013967615660065734,0.000668806350732328,0.00461922701183326,0.00042079277968616987,0.009282981586556311,0.0027127521906593786,0.055513143924909636,0.7071067811865476,full
optical_net,std,streed,4,504,3,0.01,0.0001,0.1,0.024375870541390506,0.0010865003246956905,0.0013971111064831532,0.003170977158901516,0.06840625335964418,0.005072263155605389,0.05019706114633155,0.44721359549995787,full
optical_net,std,streed,4,504,3,0.01,0.001,0.001,0.017078999244512862,0.0008182923349018474,0.004856204861548183,0.0002753722255781988,0.005573761456911033,0.002998126455558002,0.06275565084711146,0.5477225575051662,full
optical_net,std,streed,4,504,3,0.01,0.001,0.1,0.02438437007164914,0.0010861957735268056,0.0034030178489342453,0.0031696442822203128,0.06836234158529801,0.005070856840830959,0.05017203245879424,0.44721359549995787,full
optical_net,std,streed,4,504,3,0.01,0.01,0.001,0.01638592028960773,0.0008322158997802981,0.003736045305694811,0.0004885918277715026,0.010274181434792546,0.0030270904232886737,0.0632728347809576,0.8366600265340756,full
optical_net,std,streed,4,504,3,0.01,0.01,0.1,0.024045961316161976,0.0011100220981275703,0.002224990972275553,0.0031565342754621343,0.0679290747904795,0.0050570162062732625,0.04992979040688626,0.44721359549995787,full
optical_net,std,streed,4,504,3,0.01,0.1,0.001,0.017992452080514615,0.0008184812283937371,0.004396206385219113,0.00034456914685526127,0.006080446382738797,0.0025068704012768555,0.05585455507893069,0.0,full
optical_net,std,streed,4,504,3,0.01,0.1,0.1,0.025198522848478212,0.0011194856979711825,0.005573527873725528,0.0028418532404818325,0.047507214642050336,0.004490725184497767,0.06243204812339444,0.0,full
optical_net,std,streed,4,504,3,0.03,1e-05,0.001,0.014236686610971874,0.0006671975335551364,0.002762090482708764,0.0006322540684032038,0.012320395641356823,0.004194727772005291,0.11791289381661502,0.447213595499958,full
optical_net,std,streed,4,504,3,0.03,1e-05,0.1,0.030824022553971046,0.0011205424911150208,0.003803352100101189,0.0029570509173280023,0.050008771842400795,0.004196617391563378,0.05371607979482624,0.4472135954999579,full
optical_net,std,streed,4,504,3,0.03,0.0001,0.001,0.01330225599445508,0.0006282510914515676,0.00715755292446788,0.0006363233925181012,0.012390404459914788,0.004220058134253692,0.11866547361643705,0.447213595499958,full
optical_net,std,streed,4,504,3,0.03,0.0001,0.1,0.030824413558336823,0.0011205283179045356,0.003139484690024512,0.0029570742663318768,0.05000937615962547,0.004196607343273051,0.053716308405133,0.4472135954999579,full
optical_net,std,streed,4,504,3,0.03,0.001,0.001,0.016421178790032694,0.0007913144411352207,0.0031194070273410485,0.0008683819095080146,0.017685018179524153,0.004260220421702859,0.11558570855313292,0.7071067811865476,full
optical_net,std,streed,4,504,3,0.03,0.001,0.1,0.03082831227955344,0.0011203869207584408,0.0064750051056908665,0.0029573074889565837,0.050015412051776724,0.004196506974151701,0.053718593088264655,0.4472135954999579,full
optical_net,std,streed,4,504,3,0.03,0.01,0.001,0.013066777908299606,0.0007047492533154869,0.0051074994791026574,0.0010174699289850024,0.021022607901072715,0.004162227694045781,0.10986732849590604,0.7071067811865476,full
optical_net,std,streed,4,504,3,0.03,0.01,0.1,0.030960549725793613,0.0011215142107741513,0.0031915307502460365,0.002959613252563176,0.05007505117570561,0.004195514529750624,0.053741296269108084,0.4472135954999579,full
optical_net,std,streed,4,504,3,0.03,0.1,0.001,0.02582249368354512,0.001240107989575954,0.009393019594051678,0.0006758406044120931,0.012086781262024086,0.003326834933885311,0.0721946173275091,0.5477225575051662,full
optical_net,std,streed,4,504,3,0.03,0.1,0.1,0.0342120233959988,0.0011797679795939,0.004956983284306724,0.0029802812958617322,0.05060692263608498,0.004186597154175497,0.05395305841666448,0.4472135954999579,full
optical_net,std,streed,4,504,3,0.05,1e-05,0.001,0.01790193213591838,0.0008243505958454373,0.005913929480144641,0.0004835580997687852,0.01307075390134794,0.00323644969465685,0.09539077575076145,0.0,full
optical_net,std,streed,4,504,3,0.05,1e-05,0.1,0.019003717315057424,0.0008655651297587905,0.0043067174208843385,0.0030357762527292334,0.0484909543740084,0.004097687890385903,0.058766220723611984,0.5477225575051661,full
optical_net,std,streed,4,504,3,0.05,0.0001,0.001,0.017792254740916717,0.0008207994710425486,0.0074427637304492434,0.0004782830241249112,0.012927823161768373,0.0032598436035637343,0.09607737559688935,0.0,full
optical_net,std,streed,4,504,3,0.05,0.0001,0.1,0.019004357631051905,0.0008655369431440643,0.0041638310195757046,0.0030357948974153574,0.048491509800078214,0.004097678452170251,0.05876623410850121,0.5477225575051661,full
optical_net,std,streed,4,504,3,0.05,0.001,0.001,0.018036609708023316,0.0008321084546672147,0.006608710252348858,0.00047684067593902396,0.012972543691314179,0.0032550393928831006,0.09335196374874519,0.0,full
optical_net,std,streed,4,504,3,0.05,0.001,0.1,0.019010750691547798,0.0008652554093705295,0.006244065623470702,0.0030359811414632744,0.048497057673768336,0.00409758418463356,0.058766369228663656,0.5477225575051661,full
optical_net,std,streed,4,504,3,0.05,0.01,0.001,0.021556459883822324,0.0009699477105258484,0.007632543171907539,0.0010589726693526183,0.02259223285885128,0.003409164462640965,0.09984127094205043,0.4472135954999579,full
optical_net,std,streed,4,504,3,0.05,0.01,0.1,0.019073684014399336,0.0008624728993231883,0.00219194295348938,0.0030378234960800085,0.048551904550255286,0.004096652830478315,0.05876784281319553,0.5477225575051661,full
optical_net,std,streed,4,504,3,0.05,0.1,0.001,0.012042402122972218,0.0004098109256835379,0.007055261068839672,0.0006949793416475697,0.012355185682128235,0.004127493816671089,0.11099068527956202,0.447213595499958,full
optical_net,std,streed,4,504,3,0.05,0.1,0.1,0.019614802651942886,0.0008375675677434649,0.009547206688556234,0.0030544207426240586,0.049043439490507594,0.004088346010199568,0.058791104431647014,0.5477225575051661,full
optical_net,std,streed,4,504,3,0.08,1e-05,0.001,0.018146844229004186,0.0007127844143653372,240.65491380905712,0.0004835580997687852,0.01307075390134794,0.00323644969465685,0.09539077575076145,0.0,full
optical_net,std,streed,4,504,3,0.08,1e-05,0.1,0.03130676113800615,0.0012676697028897017,0.009977289723391052,0.0030357762527292334,0.0484909543740084,0.004097687890385903,0.058766220723611984,0.5477225575051661,full
optical_net,std,streed,4,504,3,0.08,0.0001,0.001,0.018131751273422723,0.0007124284427499263,240.4778449830198,0.0004782830241249112,0.012927823161768373,0.0032598436035637343,0.09607737559688935,0.0,full
optical_net,std,streed,4,504,3,0.08,0.0001,0.1,0.031308182803785285,0.001267687368382103,0.008037585760866554,0.0030357948974153574,0.048491509800078214,0.004097678452170251,0.05876623410850121,0.5477225575051661,full
optical_net,std,streed,4,504,3,0.08,0.001,0.001,0.017990534895126208,0.0007196491867915476,240.30449564410648,0.00047684067593902396,0.012972543691314179,0.0032550393928831006,0.09335196374874519,0.0,full
optical_net,std,streed,4,504,3,0.08,0.001,0.1,0.03132238448717661,0.0012678640621672757,0.009081632775278974,0.0030359811414632744,0.048497057673768336,0.00409758418463356,0.058766369228663656,0.5477225575051661,full
optical_net,std,streed,4,504,3,0.08,0.01,0.001,0.01960241269791723,0.0008152123296767302,0.00232688918585171,0.0005442088171386119,0.014423572003516844,0.003500698939412647,0.0986028591303903,0.0,full
optical_net,std,streed,4,504,3,0.08,0.01,0.1,0.031462919215171796,0.0012696345958576047,0.0037845131336127647,0.0030378234960800085,0.048551904550255286,0.004096652830478315,0.05876784281319553,0.5477225575051661,full
optical_net,std,streed,4,504,3,0.08,0.1,0.001,0.03320207739121956,0.0013970614768733906,0.014342747820220523,0.0009720209921493815,0.02535631334556142,0.003262598095306058,0.09697180218236251,0.0,full
optical_net,std,streed,4,504,3,0.08,0.1,0.1,0.0327341032947128,0.0012874608023224327,0.0033793938321297185,0.0030544207426240586,0.049043439490507594,0.004088346010199568,0.058791104431647014,0.5477225575051661,full
optical_net,std,streed,4,504,3,0.1,1e-05,0.001,0.0203396914023708,0.0009922736717128664,3.919501989983945,0.0015176116265863617,0.032883714049795634,0.00668682391816595,0.1935055182365028,0.4472135954999579,full
optical_net,std,streed,4,504,3,0.1,1e-05,0.1,0.04953274662123674,0.0021366105149073994,0.003091919421203762,0.0035180014518598457,0.06509934514189547,0.004334988689474456,0.04871474101281932,0.8366600265340756,full
optical_net,std,streed,4,504,3,0.1,0.0001,0.001,0.020330371836625474,0.0009921721320078917,3.9760062324645724,0.0015170647911513988,0.03286851436592496,0.006685183080736375,0.19345200662106318,0.4472135954999579,full
optical_net,std,streed,4,504,3,0.1,0.0001,0.1,0.049535526745279695,0.002136693251363481,0.0026465399527982754,0.0035181957920144215,0.0651046455124149,0.004334964726936994,0.04871642191207105,0.8366600265340756,full
optical_net,std,streed,4,504,3,0.1,0.001,0.001,0.03442214473881652,0.0016550934560897541,3.746129379372511,0.0014934485135044138,0.03226615831365396,0.0067840395803976635,0.19471604937693768,0.4472135954999579,full
optical_net,std,streed,4,504,3,0.1,0.001,0.1,0.04956330626799139,0.002137520374546151,0.007360993251062284,0.0035201385853405047,0.06515763016580768,0.004334726535225795,0.0487332844577546,0.8366600265340756,full
optical_net,std,streed,4,504,3,0.1,0.01,0.001,0.033820646687391855,0.0014858471839340713,244.1956279740156,0.0014890211920842384,0.03181518792603668,0.006854672657865334,0.19587859516927525,0.4472135954999579,full
optical_net,std,streed,4,504,3,0.1,0.01,0.1,0.04983894305665523,0.002145766961091383,0.005937835432073457,0.003539504799951247,0.06568554582504535,0.004332485869954576,0.04890714023197399,0.8366600265340756,full
optical_net,std,streed,4,504,3,0.1,0.1,0.001,0.029377280070828054,0.0012476164124671073,0.008670491234995647,0.0005807951081730857,0.008856354344394322,0.004859153730132117,0.14444689181871967,0.4472135954999579,full
optical_net,std,streed,4,504,3,0.1,0.1,0.1,0.052392685868522734,0.002225388673772923,0.004954082271976385,0.003726316026680841,0.07075311386864884,0.004322294741288314,0.0510579543178077,0.8366600265340756,full
optical_net,best_by_mean_val_r2,streed,4,504,3,0.005,0.0001,0.001,0.89514587678373,0.0043398805004450204,599.8413813114166,0.0022134882584289002,0.9465572764337322,0.0048579783751961205,0.885626968762989,7.6,full
