dataset,outer,method,depth,n_thresholds,cv_folds,cost_complexity,ridge_penalty,lasso_penalty,val_r2,val_mse,train_time_s,train_mse,train_r2,test_mse,test_r2,n_leaves,threshold_label
energe_h,outer_0,streed,4,614.0,3,0.1,0.1,0.1,0.8804231319730094,12.396808672492888,0.0058131217956542,11.97724591740922,0.8844413228222966,11.983406610243415,0.8713832611861023,1.0,full
energe_h,outer_0,streed,4,614.0,3,0.1,0.1,0.001,0.8796007194725686,12.479792768757155,0.0057258605957031,11.98752185617469,0.8843421786702365,12.01599109052239,0.8710335351252471,1.0,full
energe_h,outer_0,streed,4,614.0,3,0.1,0.01,0.1,0.8793367803043091,12.506237310426563,0.0056774616241455,11.733599333126651,0.8867920699951198,11.919340986900153,0.8720708712966904,1.0,full
energe_h,outer_0,streed,4,614.0,3,0.1,0.01,0.001,0.8743786637579376,13.018348688934616,0.0057594776153564,12.456537888312228,0.8798170255070898,12.62272290222178,0.8645215415416597,1.0,full
energe_h,outer_0,streed,4,614.0,3,0.1,0.001,0.1,0.875871142684252,12.865294099788182,0.00575852394104,11.774055770847763,0.8864017388239465,11.977126740922406,0.871450662413359,1.0,full
energe_h,outer_0,streed,4,614.0,3,0.1,0.001,0.001,0.8736017831210648,13.09825985694054,0.0058693885803222,12.53171864835086,0.879091667671141,12.711758157732408,0.8635659347951232,1.0,full
energe_h,outer_0,streed,4,614.0,3,0.1,0.0001,0.1,0.875804937814007,12.87209506731022,0.0058226585388183,11.77840725942688,0.8863597548597344,11.983243194886668,0.8713850151072485,1.0,full
energe_h,outer_0,streed,4,614.0,3,0.1,0.0001,0.001,0.8735201123980233,13.106661267562847,0.0058748722076416,12.539649524137555,0.8790151491191224,12.72108823164618,0.863465796018337,1.0,full
energe_h,outer_0,streed,4,614.0,3,0.1,1e-05,0.1,0.8757982791912043,12.872779092323896,0.0059130191802978,11.77884571646238,0.8863555245454058,11.983858489448252,0.8713784112105024,1.0,full
energe_h,outer_0,streed,4,614.0,3,0.1,1e-05,0.001,0.873511902679911,13.107505801263166,0.0058650970458984,12.540447013918527,0.879007454790661,12.722025787138993,0.8634557333263275,1.0,full
energe_h,outer_0,streed,4,614.0,3,0.08,0.1,0.1,0.9240143333421974,7.867635333719666,0.0270135402679443,7.478279925374231,0.9278481763086526,8.744848536444499,0.9061423903268412,2.0,full
energe_h,outer_0,streed,4,614.0,3,0.08,0.1,0.001,0.8989739557903861,10.558467377370729,0.005932331085205,11.98752185617469,0.8843421786702365,12.01599109052239,0.8710335351252471,1.0,full
energe_h,outer_0,streed,4,614.0,3,0.08,0.01,0.1,0.8793367803043091,12.506237310426563,0.0060122013092041,11.733599333126651,0.8867920699951198,11.919340986900153,0.8720708712966904,1.0,full
energe_h,outer_0,streed,4,614.0,3,0.08,0.01,0.001,0.8743786637579376,13.018348688934616,0.0060009956359863,12.456537888312228,0.8798170255070898,12.62272290222178,0.8645215415416597,1.0,full
energe_h,outer_0,streed,4,614.0,3,0.08,0.001,0.1,0.875871142684252,12.865294099788182,0.0059797763824462,11.774055770847763,0.8864017388239465,11.977126740922406,0.871450662413359,1.0,full
energe_h,outer_0,streed,4,614.0,3,0.08,0.001,0.001,0.8736017831210648,13.09825985694054,0.0059609413146972,12.53171864835086,0.879091667671141,12.711758157732408,0.8635659347951232,1.0,full
energe_h,outer_0,streed,4,614.0,3,0.08,0.0001,0.1,0.875804937814007,12.87209506731022,0.0059976577758789,11.77840725942688,0.8863597548597344,11.983243194886668,0.8713850151072485,1.0,full
energe_h,outer_0,streed,4,614.0,3,0.08,0.0001,0.001,0.8735201123980233,13.106661267562847,0.005988597869873,12.539649524137555,0.8790151491191224,12.72108823164618,0.863465796018337,1.0,full
energe_h,outer_0,streed,4,614.0,3,0.08,1e-05,0.1,0.8757982791912043,12.872779092323896,0.0059595108032226,11.77884571646238,0.8863555245454058,11.983858489448252,0.8713784112105024,1.0,full
energe_h,outer_0,streed,4,614.0,3,0.08,1e-05,0.001,0.873511902679911,13.107505801263166,0.0059559345245361,12.540447013918527,0.879007454790661,12.722025787138993,0.8634557333263275,1.0,full
energe_h,outer_0,streed,4,614.0,3,0.05,0.1,0.1,0.9240143333421974,7.867635333719666,0.0290925502777099,7.478279925374231,0.9278481763086526,8.744848536444499,0.9061423903268412,2.0,full
energe_h,outer_0,streed,4,614.0,3,0.05,0.1,0.001,0.946049753192525,5.627333055979759,0.029498815536499,4.006055241467386,0.961348840326315,4.451775785340212,0.9522195230401594,2.0,full
energe_h,outer_0,streed,4,614.0,3,0.05,0.01,0.1,0.9464333854645328,5.5327074759427255,0.0294857025146484,4.16395567869882,0.9598253877915612,4.682265888993642,0.9497456951525668,2.0,full
energe_h,outer_0,streed,4,614.0,3,0.05,0.01,0.001,0.9538697988069592,4.757415442795332,0.0224049091339111,4.486392197355356,0.9567144608032814,5.02929207169688,0.9460210968514317,2.0,full
energe_h,outer_0,streed,4,614.0,3,0.05,0.001,0.1,0.9516348208643836,4.990975385196344,0.0296881198883056,4.610762126196147,0.955514516796401,5.20791957010794,0.944103905266822,2.0,full
energe_h,outer_0,streed,4,614.0,3,0.05,0.001,0.001,0.9519818401834734,4.951711199198816,0.0151503086090087,4.78316235404189,0.9538511676080846,5.35877756303846,0.9424847610863892,2.0,full
energe_h,outer_0,streed,4,614.0,3,0.05,0.0001,0.1,0.9516840285217554,4.985543074976054,0.0304131507873535,4.613607571860389,0.9554870634119412,5.210430320582924,0.9440769576259238,2.0,full
energe_h,outer_0,streed,4,614.0,3,0.05,0.0001,0.001,0.9506933336957464,5.085469271508739,0.0119781494140625,4.786378103356901,0.9538201414657194,5.360732071678027,0.9424637835350652,2.0,full
energe_h,outer_0,streed,4,614.0,3,0.05,1e-05,0.1,0.9516813118484208,4.985823410716534,0.0288865566253662,4.61389568970917,0.955484283597808,5.21068344847677,0.9440742408288336,2.0,full
energe_h,outer_0,streed,4,614.0,3,0.05,1e-05,0.001,0.9506905486819434,5.085759151878111,0.0118176937103271,4.786704448865223,0.953816992824078,5.36093053187179,0.9424616534810882,2.0,full
energe_h,outer_0,streed,4,614.0,3,0.03,0.1,0.1,0.9667878535900188,3.424823461907277,0.249457836151123,3.2116986935202423,0.9690129387777622,3.7196196195899103,0.9600776840292724,3.0,full
energe_h,outer_0,streed,4,614.0,3,0.03,0.1,0.001,0.9687307174048396,3.2277285906784523,0.263479471206665,3.0430141365994454,0.9706404384878368,3.605726453030442,0.9613000883198474,3.0,full
energe_h,outer_0,streed,4,614.0,3,0.03,0.01,0.1,0.968313830472194,3.2705135206141045,0.2507848739624023,3.039914920152846,0.9706703402995992,3.662044341106173,0.960695633899099,3.0,full
energe_h,outer_0,streed,4,614.0,3,0.03,0.01,0.001,0.9742064836626336,2.619264302868402,0.0293736457824707,4.486392197355356,0.9567144608032814,5.02929207169688,0.9460210968514317,2.0,full
energe_h,outer_0,streed,4,614.0,3,0.03,0.001,0.1,0.9684117592038648,3.2608014367240337,0.2456438541412353,3.027135447789311,0.9707936390054572,3.6651627183611017,0.96066216465901,3.0,full
energe_h,outer_0,streed,4,614.0,3,0.03,0.001,0.001,0.9860168017386411,1.444700132455936,0.0290515422821044,1.3681598827149144,0.98679974116718,1.7408256344546336,0.9813158876078026,3.0,full
energe_h,outer_0,streed,4,614.0,3,0.03,0.0001,0.1,0.9684187963088348,3.260139366509648,0.2432067394256591,3.026686307017362,0.9707979723984452,3.666733076135516,0.9606453101615968,3.0,full
energe_h,outer_0,streed,4,614.0,3,0.03,0.0001,0.001,0.9860162829766324,1.444741580883984,0.0291833877563476,1.368035406226439,0.986800942139294,1.739454860816006,0.9813305999880786,3.0,full
energe_h,outer_0,streed,4,614.0,3,0.03,1e-05,0.1,0.9684199545757344,3.260024152937723,0.2436823844909668,3.0265469383412023,0.9707993170531318,3.666746915804085,0.9606451616217788,3.0,full
energe_h,outer_0,streed,4,614.0,3,0.03,1e-05,0.001,0.9860161081178028,1.4447578297051669,0.0292541980743408,1.3680316816660014,0.9868009780745398,1.7393190665784035,0.9813320574544367,3.0,full
energe_h,outer_0,streed,4,614.0,3,0.01,0.1,0.1,0.969817239257232,3.098094417597841,2.866992950439453,3.2116986935202423,0.9690129387777622,3.7196196195899103,0.9600776840292724,3.0,full
energe_h,outer_0,streed,4,614.0,3,0.01,0.1,0.001,0.9758104905225782,2.4800569807159056,2.1831867694854736,1.834297687141208,0.9823023576757276,1.962645558141776,0.9789351159193748,4.0,full
energe_h,outer_0,streed,4,614.0,3,0.01,0.01,0.1,0.975919685721014,2.4667310872807904,2.176072597503662,1.7826936039651995,0.9828002433858408,1.808701129347374,0.9805873865160496,4.0,full
energe_h,outer_0,streed,4,614.0,3,0.01,0.01,0.001,0.9853201476726036,1.517075463409779,0.9758074283599854,1.3774710399527088,0.9867099054052016,1.761953343625721,0.9810891259580836,3.0,full
energe_h,outer_0,streed,4,614.0,3,0.01,0.001,0.1,0.9758835546649282,2.4714702434459634,1.933105230331421,1.7659250727789635,0.98296202926679,1.793926362941532,0.980745962648335,4.0,full
energe_h,outer_0,streed,4,614.0,3,0.01,0.001,0.001,0.9860168017386411,1.444700132455936,0.2745721340179443,1.3681598827149144,0.98679974116718,1.7408256344546336,0.9813158876078026,3.0,full
energe_h,outer_0,streed,4,614.0,3,0.01,0.0001,0.1,0.9815868146216192,1.9058723721796127,1.928797960281372,1.7745587475104274,0.9828787299809584,1.866888049082427,0.9799628719601008,4.0,full
energe_h,outer_0,streed,4,614.0,3,0.01,0.0001,0.001,0.9860162829766324,1.444741580883984,0.2621066570281982,1.368035406226439,0.986800942139294,1.739454860816006,0.9813305999880786,3.0,full
energe_h,outer_0,streed,4,614.0,3,0.01,1e-05,0.1,0.981587841546693,1.9057686699080651,1.9415221214294436,1.7743755317724046,0.9828804976801832,1.8666119372957648,0.9799658354410794,4.0,full
energe_h,outer_0,streed,4,614.0,3,0.01,1e-05,0.001,0.9860161081178028,1.4447578297051669,0.262451171875,1.3680316816660014,0.9868009780745398,1.7393190665784035,0.9813320574544367,3.0,full
energe_h,outer_0,streed,4,614.0,3,0.008,0.1,0.1,0.978967838375178,2.1744733385977724,2.995056390762329,2.004237507234401,0.9806627469550994,2.0365632242697638,0.9781417647908242,4.0,full
energe_h,outer_0,streed,4,614.0,3,0.008,0.1,0.001,0.9812655710036284,1.9390536879073,2.948199510574341,1.834297687141208,0.9823023576757276,1.962645558141776,0.9789351159193748,4.0,full
energe_h,outer_0,streed,4,614.0,3,0.008,0.01,0.1,0.9815989407772966,1.903495458251664,2.7916371822357178,1.7826936039651995,0.9828002433858408,1.808701129347374,0.9805873865160496,4.0,full
energe_h,outer_0,streed,4,614.0,3,0.008,0.01,0.001,0.9859773114504898,1.4499628259101751,1.7607102394104004,1.2224912631119174,0.988205178869946,1.4137681303933256,0.9848261640212744,4.0,full
energe_h,outer_0,streed,4,614.0,3,0.008,0.001,0.1,0.9815800967316652,1.906520188825669,2.4721240997314453,1.7659250727789635,0.98296202926679,1.793926362941532,0.980745962648335,4.0,full
energe_h,outer_0,streed,4,614.0,3,0.008,0.001,0.001,0.9860168017386411,1.444700132455936,0.2882652282714844,1.3681598827149144,0.98679974116718,1.7408256344546336,0.9813158876078026,3.0,full
energe_h,outer_0,streed,4,614.0,3,0.008,0.0001,0.1,0.9815868146216192,1.9058723721796127,2.4473462104797363,1.7745587475104274,0.9828787299809584,1.866888049082427,0.9799628719601008,4.0,full
energe_h,outer_0,streed,4,614.0,3,0.008,0.0001,0.001,0.9860162829766324,1.444741580883984,0.2800133228302002,1.368035406226439,0.986800942139294,1.739454860816006,0.9813305999880786,3.0,full
energe_h,outer_0,streed,4,614.0,3,0.008,1e-05,0.1,0.981587841546693,1.9057686699080651,2.436704635620117,1.7743755317724046,0.9828804976801832,1.8666119372957648,0.9799658354410794,4.0,full
energe_h,outer_0,streed,4,614.0,3,0.008,1e-05,0.001,0.9860161081178028,1.4447578297051669,0.2842960357666015,1.3680316816660014,0.9868009780745398,1.7393190665784035,0.9813320574544367,3.0,full
energe_h,outer_0,streed,4,614.0,3,0.005,0.1,0.1,0.9837190872006064,1.6846538603486072,3.0703725814819336,1.5210820919528087,0.9853243194940776,1.615043720780034,0.9826658926660278,5.0,full
energe_h,outer_0,streed,4,614.0,3,0.005,0.1,0.001,0.9844615174780676,1.6097824752744252,3.072714328765869,1.309167874703799,0.9873689069384124,1.4838381466529975,0.9840741093449143,5.0,full
energe_h,outer_0,streed,4,614.0,3,0.005,0.01,0.1,0.985158780496754,1.528009821746572,3.0244503021240234,1.2364097462674355,0.9880708907779368,1.307007078457057,0.9859720200185704,5.0,full
energe_h,outer_0,streed,4,614.0,3,0.005,0.01,0.001,0.9871856956313302,1.324529573792784,2.4488353729248047,1.2224912631119174,0.988205178869946,1.4137681303933256,0.9848261640212744,4.0,full
energe_h,outer_0,streed,4,614.0,3,0.005,0.001,0.1,0.9870774165532288,1.3385127239051189,2.85298490524292,1.2131463726323377,0.9882953400964613,1.2821633829437815,0.9862386649886468,5.0,full
energe_h,outer_0,streed,4,614.0,3,0.005,0.001,0.001,0.9860168017386411,1.444700132455936,0.995857000350952,1.3681598827149144,0.98679974116718,1.7408256344546336,0.9813158876078026,3.0,full
energe_h,outer_0,streed,4,614.0,3,0.005,0.0001,0.1,0.9870935807112794,1.3368635845685717,2.828322649002075,1.220423649736101,0.9882251275850572,1.3530692298446678,0.985477639423226,5.0,full
energe_h,outer_0,streed,4,614.0,3,0.005,0.0001,0.001,0.9860162829766324,1.444741580883984,0.8843746185302734,1.368035406226439,0.986800942139294,1.739454860816006,0.9813305999880786,3.0,full
energe_h,outer_0,streed,4,614.0,3,0.005,1e-05,0.1,0.987095070446212,1.3367116541554145,2.8095955848693848,1.220201246425455,0.9882272733732088,1.3527340273059691,0.9854812371195047,5.0,full
energe_h,outer_0,streed,4,614.0,3,0.005,1e-05,0.001,0.9860161081178028,1.4447578297051669,0.8877818584442139,1.3680316816660014,0.9868009780745398,1.7393190665784035,0.9813320574544367,3.0,full
energe_h,outer_0,streed,4,614.0,3,0.003,0.1,0.1,0.9837190872006064,1.6846538603486072,3.250014305114746,1.0711206783091012,0.989665630184384,1.3361784525647264,0.9856589264946268,7.0,full
energe_h,outer_0,streed,4,614.0,3,0.003,0.1,0.001,0.9864532772766484,1.4030329059454558,3.196122169494629,1.001996612117093,0.9903325519212652,1.2980068334712471,0.9860686187735196,6.0,full
energe_h,outer_0,streed,4,614.0,3,0.003,0.01,0.1,0.9870204109584232,1.3433840928953842,3.1372406482696533,0.9054763850023588,0.991263796870495,1.1835314487847894,0.987297271954682,6.0,full
energe_h,outer_0,streed,4,614.0,3,0.003,0.01,0.001,0.9883279814860508,1.2086078589247673,2.947225570678711,0.7103163276845753,0.9931467370903988,0.9853757945142806,0.9894240573387332,6.0,full
energe_h,outer_0,streed,4,614.0,3,0.003,0.001,0.1,0.9870774165532288,1.3385127239051189,2.9978716373443604,0.8646069766329524,0.9916581124586336,1.1331510074019149,0.9878380003369712,6.0,full
energe_h,outer_0,streed,4,614.0,3,0.003,0.001,0.001,0.9929312389238932,0.7202712932834529,2.226428985595703,0.8653374454676007,0.9916510647606208,1.1328816126741097,0.9878408917244098,4.0,full
energe_h,outer_0,streed,4,614.0,3,0.003,0.0001,0.1,0.9870935807112794,1.3368635845685717,2.874460458755493,0.8620750418576166,0.9916825410322267,1.130045926851954,0.9878713268648176,6.0,full
energe_h,outer_0,streed,4,614.0,3,0.003,0.0001,0.001,0.9929306647832736,0.7203019295505877,1.7339553833007812,0.8645424114857794,0.9916587353950792,1.1327052084638696,0.9878427850536584,4.0,full
energe_h,outer_0,streed,4,614.0,3,0.003,1e-05,0.1,0.987095070446212,1.3367116541554145,2.869346618652344,0.8618100715072938,0.9916850975150264,1.1297217594179636,0.9878748061223898,6.0,full
energe_h,outer_0,streed,4,614.0,3,0.003,1e-05,0.001,0.9929301240796916,0.7203545992547165,1.7113192081451416,0.8644718723932997,0.9916594159692506,1.1326973247930463,0.9878428696683316,4.0,full
energe_h,outer_0,streed,4,614.0,3,0.001,0.1,0.1,0.9841798275016188,1.6386026170259669,3.721269130706787,0.9433387353012296,0.990898493933113,1.2478816875124343,0.9866066070948274,9.0,full
energe_h,outer_0,streed,4,614.0,3,0.001,0.1,0.001,0.9864905852764349,1.3993329145699418,3.610841751098633,0.9383416648483184,0.9909467065902868,1.234065906425212,0.9867548905308652,7.0,full
energe_h,outer_0,streed,4,614.0,3,0.001,0.01,0.1,0.9874651292626276,1.297166319478776,3.6517724990844727,0.8209217489488178,0.992079595590749,1.0991266527942043,0.9882031804290956,9.0,full
energe_h,outer_0,streed,4,614.0,3,0.001,0.01,0.001,0.9908738110833276,0.9429012604227448,3.4965877532958984,0.7103163276845753,0.9931467370903988,0.9853757945142806,0.9894240573387332,6.0,full
energe_h,outer_0,streed,4,614.0,3,0.001,0.001,0.1,0.9875392804160542,1.2901977027193805,3.5864388942718506,0.7976112598615249,0.9923044994878442,1.0686764542939236,0.9885299994509916,9.0,full
energe_h,outer_0,streed,4,614.0,3,0.001,0.001,0.001,0.9955357982368797,0.4583301916750255,3.315187931060791,0.3187611040612999,0.99692453408947,0.4466986720931176,0.995205626554639,6.0,full
energe_h,outer_0,streed,4,614.0,3,0.001,0.0001,0.1,0.9875584709543528,1.2882082278876217,3.6151955127716064,0.7968121341376819,0.992312209600184,1.0675423321515467,0.988542171873752,9.0,full
energe_h,outer_0,streed,4,614.0,3,0.001,0.0001,0.001,0.9955435606378068,0.4575407387605758,3.1743788719177246,0.3182793280536011,0.99692918235323,0.4420210661490001,0.9952558308447508,6.0,full
energe_h,outer_0,streed,4,614.0,3,0.001,1e-05,0.1,0.9875602947735972,1.2880191520966962,3.595872640609741,0.7967325229440916,0.99231297770366,1.0674290443510088,0.9885433877807076,9.0,full
energe_h,outer_0,streed,4,614.0,3,0.001,1e-05,0.001,0.99554400902195,0.4574954081566669,3.132223606109619,0.3182763305177173,0.9969292112740092,0.4415945632299229,0.9952604084591412,6.0,full
energe_h,outer_0,streed,4,614.0,3,0.0005,0.1,0.1,0.98463644320729,1.5914671207196154,3.980271816253662,0.9433387353012296,0.990898493933113,1.2478816875124343,0.9866066070948274,9.0,full
energe_h,outer_0,streed,4,614.0,3,0.0005,0.1,0.001,0.9872613541191996,1.3195674016527856,3.8048157691955566,0.8636333171942355,0.991667506504438,1.1806945431873,0.98732772018682,9.0,full
energe_h,outer_0,streed,4,614.0,3,0.0005,0.01,0.1,0.9883026928876814,1.212359994283999,3.953160524368286,0.8209217489488178,0.992079595590749,1.0991266527942043,0.9882031804290956,9.0,full
energe_h,outer_0,streed,4,614.0,3,0.0005,0.01,0.001,0.9908738110833276,0.9429012604227448,3.860756158828736,0.415139070684962,0.9959946616956904,0.5451111098838177,0.9941493754217978,8.0,full
energe_h,outer_0,streed,4,614.0,3,0.0005,0.001,0.1,0.9884968634422778,1.1931852667369325,3.854038953781128,0.7976112598615249,0.9923044994878442,1.0686764542939236,0.9885299994509916,9.0,full
energe_h,outer_0,streed,4,614.0,3,0.0005,0.001,0.001,0.9955691066802896,0.4541210585044496,3.4529170989990234,0.2732828708254658,0.9973633164697726,0.3898267351151577,0.9958160275284224,7.0,full
energe_h,outer_0,streed,4,614.0,3,0.0005,0.0001,0.1,0.9885263153501144,1.1901461507225608,3.8473849296569824,0.7968121341376819,0.992312209600184,1.0675423321515467,0.988542171873752,9.0,full
energe_h,outer_0,streed,4,614.0,3,0.0005,0.0001,0.001,0.9954585698427004,0.4659696336541971,3.466051816940308,0.2724942451682083,0.997370925275534,0.3827175390541724,0.995892329839,7.0,full
energe_h,outer_0,streed,4,614.0,3,0.0005,1e-05,0.1,0.9885291613015224,1.1898524989222776,3.866655826568604,0.7967325229440916,0.99231297770366,1.0674290443510088,0.9885433877807076,9.0,full
energe_h,outer_0,streed,4,614.0,3,0.0005,1e-05,0.001,0.9954590253554332,0.4659235960780494,3.461843013763428,0.2724544222427806,0.9973713094944616,0.3821119101073539,0.9958988299956418,7.0,full
energe_h,outer_0,streed,4,614.0,3,0.0001,0.1,0.1,0.98463644320729,1.5914671207196154,4.117817640304565,0.9433387353012296,0.990898493933113,1.2478816875124343,0.9866066070948274,9.0,full
energe_h,outer_0,streed,4,614.0,3,0.0001,0.1,0.001,0.9873634796473932,1.3094391831554788,4.120358943939209,0.8636333171942355,0.991667506504438,1.1806945431873,0.98732772018682,9.0,full
energe_h,outer_0,streed,4,614.0,3,0.0001,0.01,0.1,0.9882809844980496,1.214701314332693,4.164654731750488,0.5720053599050059,0.9944811868116442,0.6818076536310088,0.9926822246994926,12.0,full
energe_h,outer_0,streed,4,614.0,3,0.0001,0.01,0.001,0.9935260033078834,0.6675971797824665,4.117993116378784,0.3525866404486744,0.9965981790770818,0.5052848511283258,0.9945768267874144,10.0,full
energe_h,outer_0,streed,4,614.0,3,0.0001,0.001,0.1,0.9884317635134428,1.2002065046608792,3.9642412662506095,0.5165359995717115,0.9950163654285156,0.6417305996083594,0.993112367826344,12.0,full
energe_h,outer_0,streed,4,614.0,3,0.0001,0.001,0.001,0.995654182456497,0.4452899835406352,3.607872724533081,0.2637775338203484,0.9974550257139524,0.3354902860991249,0.996399215356264,10.0,full
energe_h,outer_0,streed,4,614.0,3,0.0001,0.0001,0.1,0.9884567981899762,1.1976438013323274,4.1178388595581055,0.5119611012102011,0.9950605048915044,0.6388373356319271,0.9931434209474872,12.0,full
energe_h,outer_0,streed,4,614.0,3,0.0001,0.0001,0.001,0.9956913279717282,0.4414463662212085,3.630736112594605,0.2538131264853359,0.997551164153326,0.3427774133961579,0.996321003327018,8.0,full
energe_h,outer_0,streed,4,614.0,3,0.0001,1e-05,0.1,0.9884592029902418,1.1973977291099007,3.95296049118042,0.5115166647934416,0.995064792896006,0.6385622151821465,0.9931463737885434,12.0,full
energe_h,outer_0,streed,4,614.0,3,0.0001,1e-05,0.001,0.995720551742302,0.4382991286802261,3.580427885055542,0.2535640590131373,0.997553567202225,0.3422126614010217,0.9963270647553092,8.0,full
energe_h,outer_1,streed,4,614.0,3,0.1,0.1,0.1,0.8856049030853875,11.65609314145104,0.0057044029235839,11.466929739033992,0.8868123378714043,14.850440757905748,0.8557590385924366,1.0,full
energe_h,outer_1,streed,4,614.0,3,0.1,0.1,0.001,0.8852255956526379,11.69040861734319,0.0056018829345703,11.47029952299028,0.8867790754396487,14.901265687058084,0.8552653807432242,1.0,full
energe_h,outer_1,streed,4,614.0,3,0.1,0.01,0.1,0.8829405105362981,11.93153942463722,0.0056264400482177,11.82760409012384,0.8832521968817336,14.9927289925548,0.854377006092705,1.0,full
energe_h,outer_1,streed,4,614.0,3,0.1,0.01,0.001,0.8787182092801858,12.368111027279411,0.0056459903717041,11.95927972402835,0.8819524542740661,15.16928397034498,0.8526621438773065,1.0,full
energe_h,outer_1,streed,4,614.0,3,0.1,0.001,0.1,0.882262036833488,12.000393784685016,0.0057051181793212,11.895363297965732,0.8825833599307927,15.017036374170347,0.8541409107369722,1.0,full
energe_h,outer_1,streed,4,614.0,3,0.1,0.001,0.001,0.8778061836162161,12.460733429642232,0.0056872367858886,12.0402561653505,0.8811531527793035,15.214716290649251,0.8522208639404686,1.0,full
energe_h,outer_1,streed,4,614.0,3,0.1,0.0001,0.1,0.8821897281544538,12.007730603222385,0.0057694911956787,11.902415807957214,0.8825137460815549,15.020584444154023,0.8541064486604635,1.0,full
energe_h,outer_1,streed,4,614.0,3,0.1,0.0001,0.001,0.877709873225531,12.47051242289177,0.0057785511016845,12.048823323591124,0.8810685881543856,15.219533747850758,0.8521740724229901,1.0,full
energe_h,outer_1,streed,4,614.0,3,0.1,1e-05,0.1,0.8821824498856224,12.008469080528444,0.0058560371398925,11.90312566107842,0.882506739270048,15.020942025799627,0.8541029755029199,1.0,full
energe_h,outer_1,streed,4,614.0,3,0.1,1e-05,0.001,0.8777001880228656,12.471495800475472,0.0058364868164062,12.049685024978146,0.8810600824804459,15.220018461467312,0.8521693644443383,1.0,full
energe_h,outer_1,streed,4,614.0,3,0.08,0.1,0.1,0.9256847096196488,7.537831334198807,0.0258488655090332,7.334297113901249,0.9276046890866428,9.417991554891294,0.9085239166600058,2.0,full
energe_h,outer_1,streed,4,614.0,3,0.08,0.1,0.001,0.8852255956526379,11.69040861734319,0.0058577060699462,11.47029952299028,0.8867790754396487,14.901265687058084,0.8552653807432242,1.0,full
energe_h,outer_1,streed,4,614.0,3,0.08,0.01,0.1,0.8829405105362981,11.93153942463722,0.0058114528656005,11.82760409012384,0.8832521968817336,14.9927289925548,0.854377006092705,1.0,full
energe_h,outer_1,streed,4,614.0,3,0.08,0.01,0.001,0.8787182092801858,12.368111027279411,0.005803108215332,11.95927972402835,0.8819524542740661,15.16928397034498,0.8526621438773065,1.0,full
energe_h,outer_1,streed,4,614.0,3,0.08,0.001,0.1,0.882262036833488,12.000393784685016,0.0058424472808837,11.895363297965732,0.8825833599307927,15.017036374170347,0.8541409107369722,1.0,full
energe_h,outer_1,streed,4,614.0,3,0.08,0.001,0.001,0.8778061836162161,12.460733429642232,0.0057671070098876,12.0402561653505,0.8811531527793035,15.214716290649251,0.8522208639404686,1.0,full
energe_h,outer_1,streed,4,614.0,3,0.08,0.0001,0.1,0.8821897281544538,12.007730603222385,0.0058381557464599,11.902415807957214,0.8825137460815549,15.020584444154023,0.8541064486604635,1.0,full
energe_h,outer_1,streed,4,614.0,3,0.08,0.0001,0.001,0.877709873225531,12.47051242289177,0.0058324337005615,12.048823323591124,0.8810685881543856,15.219533747850758,0.8521740724229901,1.0,full
energe_h,outer_1,streed,4,614.0,3,0.08,1e-05,0.1,0.8821824498856224,12.008469080528444,0.0058963298797607,11.90312566107842,0.882506739270048,15.020942025799627,0.8541029755029199,1.0,full
energe_h,outer_1,streed,4,614.0,3,0.08,1e-05,0.001,0.8777001880228656,12.471495800475472,0.0059037208557128,12.049685024978146,0.8810600824804459,15.220018461467312,0.8521693644443383,1.0,full
energe_h,outer_1,streed,4,614.0,3,0.05,0.1,0.1,0.9256847096196488,7.537831334198807,0.0283906459808349,7.334297113901249,0.9276046890866428,9.417991554891294,0.9085239166600058,2.0,full
energe_h,outer_1,streed,4,614.0,3,0.05,0.1,0.001,0.9332643393874722,6.779979301210658,0.0281219482421875,7.25424647661198,0.9283948521636722,9.284644484007403,0.9098191044607404,2.0,full
energe_h,outer_1,streed,4,614.0,3,0.05,0.01,0.1,0.9322135216140568,6.883728544870128,0.0281174182891845,4.26539075767091,0.9578972210597708,4.064809874621744,0.9605188765900924,2.0,full
energe_h,outer_1,streed,4,614.0,3,0.05,0.01,0.001,0.953135824367552,4.76340412576511,0.026125431060791,4.603453741206123,0.954560272144115,4.373333931403812,0.9575222108821124,2.0,full
energe_h,outer_1,streed,4,614.0,3,0.05,0.001,0.1,0.9527110658257456,4.809630004312879,0.0288169384002685,4.729670207446475,0.9533144158372392,4.525127547027034,0.9560478534936712,2.0,full
energe_h,outer_1,streed,4,614.0,3,0.05,0.001,0.001,0.950017180893968,5.078591127240279,0.0264840126037597,4.910500336713948,0.9515294794994396,4.675382964902666,0.9545884364780828,2.0,full
energe_h,outer_1,streed,4,614.0,3,0.05,0.0001,0.1,0.9526698728161984,4.813735737401125,0.0292801856994628,4.732760188755645,0.953283915278819,4.528091773396316,0.9560190622363406,2.0,full
energe_h,outer_1,streed,4,614.0,3,0.05,0.0001,0.001,0.949975844650936,5.082685044855936,0.0176537036895751,4.913924360627734,0.951495681676422,4.678616542659737,0.9545570290355652,2.0,full
energe_h,outer_1,streed,4,614.0,3,0.05,1e-05,0.1,0.9526657117062426,4.8141504990379405,0.0278689861297607,4.733072889187104,0.9532808286783436,4.528391162989799,0.9560161542928322,2.0,full
energe_h,outer_1,streed,4,614.0,3,0.05,1e-05,0.001,0.9499716563457208,5.083099914519771,0.0116357803344726,4.91427169906018,0.9514922531714926,4.678944190088028,0.9545538466263136,2.0,full
energe_h,outer_1,streed,4,614.0,3,0.03,0.1,0.1,0.9659095331387404,3.459783871080904,0.2416951656341552,3.321840581362083,0.9672108072583392,3.415079416338642,0.9668296486059762,3.0,full
energe_h,outer_1,streed,4,614.0,3,0.03,0.1,0.001,0.967524114426094,3.294409670185805,0.2487764358520507,3.14425740766084,0.9689636935776996,3.264055707243359,0.9682965279633208,3.0,full
energe_h,outer_1,streed,4,614.0,3,0.03,0.01,0.1,0.9675807272431296,3.28987284558429,0.2380590438842773,3.160034606941834,0.9688079601475492,3.2698110490828167,0.968240626858856,3.0,full
energe_h,outer_1,streed,4,614.0,3,0.03,0.01,0.001,0.9732085473991936,2.6972609180942397,0.0280365943908691,1.4617321827037582,0.9855715477304124,1.7353216929793918,0.9831449804468936,3.0,full
energe_h,outer_1,streed,4,614.0,3,0.03,0.001,0.1,0.9676011984388404,3.28777498989442,0.2402870655059814,3.1461352039087065,0.968945158244172,3.259291656593392,0.9683428007478898,3.0,full
energe_h,outer_1,streed,4,614.0,3,0.03,0.001,0.001,0.9845085204444216,1.5775601005220736,0.0275948047637939,1.4349030678489274,0.985836372304776,1.6881159220328663,0.9836034857462524,3.0,full
energe_h,outer_1,streed,4,614.0,3,0.03,0.0001,0.1,0.9676136033685688,3.286520811897081,0.2308971881866455,3.145072605854529,0.9689556469270428,3.2597512253855254,0.9683383369985984,3.0,full
energe_h,outer_1,streed,4,614.0,3,0.03,0.0001,0.001,0.9845055863964008,1.5777496265982305,0.0280463695526123,1.4330227422635262,0.9858549326048648,1.6819462049567888,0.983663411639172,3.0,full
energe_h,outer_1,streed,4,614.0,3,0.03,1e-05,0.1,0.9676147908560172,3.28640054204994,0.2314820289611816,3.1449342138601346,0.9689570129654383,3.259676039558623,0.9683390672716006,3.0,full
energe_h,outer_1,streed,4,614.0,3,0.03,1e-05,0.001,0.9845054618872986,1.5777525407707842,0.0278680324554443,1.432852415480643,0.9858566138648698,1.6813138042122653,0.9836695540892764,3.0,full
energe_h,outer_1,streed,4,614.0,3,0.01,0.1,0.1,0.9698098020595486,3.0724432036431857,2.681612491607666,1.9803633277402408,0.9804522483059176,2.2394883602486195,0.9782480561076046,4.0,full
energe_h,outer_1,streed,4,614.0,3,0.01,0.1,0.001,0.9810874987746988,1.9181371652502024,2.0126399993896484,1.8327893584729325,0.9819089200526316,2.053412652739896,0.9800553922926508,4.0,full
energe_h,outer_1,streed,4,614.0,3,0.01,0.01,0.1,0.9817309053989676,1.8519020799848116,2.057786464691162,1.76046222980089,0.9826228459935044,1.9999557174750056,0.9805746145744816,4.0,full
energe_h,outer_1,streed,4,614.0,3,0.01,0.01,0.001,0.9847588659828967,1.5501840882219635,0.8476722240447998,1.4617321827037582,0.9855715477304124,1.7353216929793918,0.9831449804468936,3.0,full
energe_h,outer_1,streed,4,614.0,3,0.01,0.001,0.1,0.9829361229502456,1.7220355743187252,1.9156429767608645,1.7376534466996512,0.9828479867150386,1.9666774107074327,0.9808978436988168,4.0,full
energe_h,outer_1,streed,4,614.0,3,0.01,0.001,0.001,0.9845085204444216,1.5775601005220736,0.246410846710205,1.4349030678489274,0.985836372304776,1.6881159220328663,0.9836034857462524,3.0,full
energe_h,outer_1,streed,4,614.0,3,0.01,0.0001,0.1,0.982948831460211,1.720733591748958,1.912350416183472,1.7367892147740105,0.9828565173673952,1.9660326542024489,0.980904106159283,4.0,full
energe_h,outer_1,streed,4,614.0,3,0.01,0.0001,0.001,0.9845055863964008,1.5777496265982305,0.2448456287384033,1.4330227422635262,0.9858549326048648,1.6819462049567888,0.983663411639172,3.0,full
energe_h,outer_1,streed,4,614.0,3,0.01,1e-05,0.1,0.9829499794233288,1.720615601399859,1.91446852684021,1.7366773161928817,0.9828576218948564,1.965854236502197,0.98090583911395,4.0,full
energe_h,outer_1,streed,4,614.0,3,0.01,1e-05,0.001,0.9845054618872986,1.5777525407707842,0.2465341091156005,1.432852415480643,0.9858566138648698,1.6813138042122653,0.9836695540892764,3.0,full
energe_h,outer_1,streed,4,614.0,3,0.008,0.1,0.1,0.9789709659713284,2.1345229248842674,2.9126365184783936,1.9803633277402408,0.9804522483059176,2.2394883602486195,0.9782480561076046,4.0,full
energe_h,outer_1,streed,4,614.0,3,0.008,0.1,0.001,0.9810874987746988,1.9181371652502024,2.7534258365631104,1.8327893584729325,0.9819089200526316,2.053412652739896,0.9800553922926508,4.0,full
energe_h,outer_1,streed,4,614.0,3,0.008,0.01,0.1,0.9817309053989676,1.8519020799848116,2.6445305347442627,1.76046222980089,0.9826228459935044,1.9999557174750056,0.9805746145744816,4.0,full
energe_h,outer_1,streed,4,614.0,3,0.008,0.01,0.001,0.9872077261322756,1.3041130432359065,1.6106481552124023,1.2059029683047586,0.9880967843317536,1.4972368366140076,0.9854574766979186,4.0,full
energe_h,outer_1,streed,4,614.0,3,0.008,0.001,0.1,0.9829361229502456,1.7220355743187252,2.4561960697174072,1.7376534466996512,0.9828479867150386,1.9666774107074327,0.9808978436988168,4.0,full
energe_h,outer_1,streed,4,614.0,3,0.008,0.001,0.001,0.9845085204444216,1.5775601005220736,0.2529761791229248,1.4349030678489274,0.985836372304776,1.6881159220328663,0.9836034857462524,3.0,full
energe_h,outer_1,streed,4,614.0,3,0.008,0.0001,0.1,0.982948831460211,1.720733591748958,2.4179880619049072,1.7367892147740105,0.9828565173673952,1.9660326542024489,0.980904106159283,4.0,full
energe_h,outer_1,streed,4,614.0,3,0.008,0.0001,0.001,0.9845055863964008,1.5777496265982305,0.2523660659790039,1.4330227422635262,0.9858549326048648,1.6819462049567888,0.983663411639172,3.0,full
energe_h,outer_1,streed,4,614.0,3,0.008,1e-05,0.1,0.9829499794233288,1.720615601399859,2.4271185398101807,1.7366773161928817,0.9828576218948564,1.965854236502197,0.98090583911395,4.0,full
energe_h,outer_1,streed,4,614.0,3,0.008,1e-05,0.001,0.9845054618872986,1.5777525407707842,0.2533392906188965,1.432852415480643,0.9858566138648698,1.6813138042122653,0.9836695540892764,3.0,full
energe_h,outer_1,streed,4,614.0,3,0.005,0.1,0.1,0.981531418627506,1.8735943041497327,2.915502548217773,1.519795777822745,0.9849984141422709,1.673007511443835,0.9837502323448368,5.0,full
energe_h,outer_1,streed,4,614.0,3,0.005,0.1,0.001,0.9841006857678244,1.6118053295351398,2.7938361167907715,1.325134544772325,0.9869198744090976,1.4772197508639602,0.9856519008056088,5.0,full
energe_h,outer_1,streed,4,614.0,3,0.005,0.01,0.1,0.9847861691288256,1.5410705625912848,2.9136626720428467,1.2292582168963837,0.9878662495638008,1.3992941848003415,0.9864087846416164,5.0,full
energe_h,outer_1,streed,4,614.0,3,0.005,0.01,0.001,0.9872077261322756,1.3041130432359065,2.326136350631714,1.2059029683047586,0.9880967843317536,1.4972368366140076,0.9854574766979186,4.0,full
energe_h,outer_1,streed,4,614.0,3,0.005,0.001,0.1,0.9869092650953264,1.3290279569143817,2.6417553424835205,1.7376534466996512,0.9828479867150386,1.9666774107074327,0.9808978436988168,4.0,full
energe_h,outer_1,streed,4,614.0,3,0.005,0.001,0.001,0.9845085204444216,1.5775601005220736,1.6739087104797363,1.4349030678489274,0.985836372304776,1.6881159220328663,0.9836034857462524,3.0,full
energe_h,outer_1,streed,4,614.0,3,0.005,0.0001,0.1,0.9869370297165664,1.3261703911197504,2.652860164642334,1.1986515904605757,0.98816836116392,1.361297139183125,0.9867778464411834,5.0,full
energe_h,outer_1,streed,4,614.0,3,0.005,0.0001,0.001,0.9862502278188364,1.3903060216075875,0.840630292892456,1.4330227422635262,0.9858549326048648,1.6819462049567888,0.983663411639172,3.0,full
energe_h,outer_1,streed,4,614.0,3,0.005,1e-05,0.1,0.986939563832922,1.3259100396290175,2.651475667953491,1.198490405245161,0.988169952189427,1.3610873749644243,0.9867798838616928,5.0,full
energe_h,outer_1,streed,4,614.0,3,0.005,1e-05,0.001,0.986250448672358,1.390271830152356,0.8323001861572266,1.432852415480643,0.9858566138648698,1.6813138042122653,0.9836695540892764,3.0,full
energe_h,outer_1,streed,4,614.0,3,0.003,0.1,0.1,0.9832433360432322,1.7035816081358666,3.1501779556274414,1.3608198698651055,0.9865676320380814,1.4748170802493177,0.9856752377236878,6.0,full
energe_h,outer_1,streed,4,614.0,3,0.003,0.1,0.001,0.985956726132661,1.4274796001292371,3.0005674362182617,1.325134544772325,0.9869198744090976,1.4772197508639602,0.9856519008056088,5.0,full
energe_h,outer_1,streed,4,614.0,3,0.003,0.01,0.1,0.9867251401498304,1.3485088842384056,2.992241621017456,1.2292582168963837,0.9878662495638008,1.3992941848003415,0.9864087846416164,5.0,full
energe_h,outer_1,streed,4,614.0,3,0.003,0.01,0.001,0.9883005960250572,1.18806667284405,2.7472593784332275,0.7363805034575293,0.9927313422581014,0.852090803770602,0.9917237206123336,6.0,full
energe_h,outer_1,streed,4,614.0,3,0.003,0.001,0.1,0.9869092650953264,1.3290279569143817,2.7099380493164062,1.200351438136167,0.9881515823234848,1.3634878123496177,0.9867565686347656,5.0,full
energe_h,outer_1,streed,4,614.0,3,0.003,0.001,0.001,0.9912512152607214,0.9001427278163595,2.189188241958618,0.9376312219141169,0.9907448385607552,1.1958460141914191,0.988384857958472,4.0,full
energe_h,outer_1,streed,4,614.0,3,0.003,0.0001,0.1,0.9869370297165664,1.3261703911197504,2.7200582027435303,1.1986515904605757,0.98816836116392,1.361297139183125,0.9867778464411834,5.0,full
energe_h,outer_1,streed,4,614.0,3,0.003,0.0001,0.001,0.991451631493313,0.8805764611289518,2.0105137825012207,0.9374757465690268,0.990746373225328,1.1922824139898442,0.9884194708785548,4.0,full
energe_h,outer_1,streed,4,614.0,3,0.003,1e-05,0.1,0.986939563832922,1.3259100396290175,2.7327980995178223,1.198490405245161,0.988169952189427,1.3610873749644243,0.9867798838616928,5.0,full
energe_h,outer_1,streed,4,614.0,3,0.003,1e-05,0.001,0.9914507179452708,0.8806557771533042,1.9978740215301516,0.9374839512056612,0.990746292239078,1.1919808918266452,0.988422399535516,4.0,full
energe_h,outer_1,streed,4,614.0,3,0.001,0.1,0.1,0.9814694129450772,1.8950471276595915,3.527688980102539,1.091639901777527,0.98922465113326,1.3230761008677534,0.9871490838611684,8.0,full
energe_h,outer_1,streed,4,614.0,3,0.001,0.1,0.001,0.985956726132661,1.4274796001292371,3.4168972969055176,0.8931898556046005,0.9911835099809916,1.153789845389401,0.988793345647155,9.0,full
energe_h,outer_1,streed,4,614.0,3,0.001,0.01,0.1,0.9869433377044436,1.3273140946885762,3.457627296447754,0.8491206601670225,0.9916185077804888,1.0780955863867896,0.989528557003475,8.0,full
energe_h,outer_1,streed,4,614.0,3,0.001,0.01,0.001,0.990956125779422,0.9227543419077264,3.3215131759643555,0.5936103832657489,0.9941405962165798,0.7261193846187112,0.9929472693880608,7.0,full
energe_h,outer_1,streed,4,614.0,3,0.001,0.001,0.1,0.9871744780793054,1.303266286985148,3.3036274909973145,0.7030585845703669,0.99306025594139,0.934687687238285,0.9909214647012218,9.0,full
energe_h,outer_1,streed,4,614.0,3,0.001,0.001,0.001,0.9942546679934936,0.5860832801276555,3.0854806900024414,0.3540339414780807,0.9965054051030184,0.305481580265794,0.9970328855858112,6.0,full
energe_h,outer_1,streed,4,614.0,3,0.001,0.0001,0.1,0.9872069213060248,1.2999542612003114,3.2924389839172363,0.7006370311869903,0.9930841585877322,0.9309565780141664,0.990957704620991,9.0,full
energe_h,outer_1,streed,4,614.0,3,0.001,0.0001,0.001,0.9942616429989376,0.5852354663250122,3.053961038589477,0.3536702527325318,0.9965089949984643,0.3006673887711216,0.9970796453837802,6.0,full
energe_h,outer_1,streed,4,614.0,3,0.001,1e-05,0.1,0.9872099216107618,1.2996486261378022,3.315617799758911,0.7003953630271711,0.9930865440435294,0.9305813883816508,0.9909613488032872,9.0,full
energe_h,outer_1,streed,4,614.0,3,0.001,1e-05,0.001,0.9942620462604448,0.5851817472654565,2.9867563247680664,0.3536842047663844,0.99650885728086,0.3002889374358215,0.997083321246695,6.0,full
energe_h,outer_1,streed,4,614.0,3,0.0005,0.1,0.1,0.9809190786643196,1.947666589259197,3.684000015258789,1.01037621869545,0.9900267879312824,1.363703365943734,0.9867544749825868,11.0,full
energe_h,outer_1,streed,4,614.0,3,0.0005,0.1,0.001,0.9866567254308792,1.3554118315311978,3.65983772277832,0.784214135051617,0.9922591864976258,0.9888488959403636,0.9903954018764518,11.0,full
energe_h,outer_1,streed,4,614.0,3,0.0005,0.01,0.1,0.9878760692233244,1.2300500306574176,3.7274162769317623,0.7148982980296053,0.992943388609225,1.0483371201616316,0.9898175982412608,11.0,full
energe_h,outer_1,streed,4,614.0,3,0.0005,0.01,0.001,0.99083203202603,0.9350782503970368,3.628219604492188,0.4357342246497993,0.9956989587169406,0.5378360082266482,0.9947760484573552,9.0,full
energe_h,outer_1,streed,4,614.0,3,0.0005,0.001,0.1,0.9872079205378782,1.3032511397581004,3.5369715690612797,0.6828558824409071,0.9932596725833992,0.9701677023729612,0.9905768505865832,11.0,full
energe_h,outer_1,streed,4,614.0,3,0.0005,0.001,0.001,0.994952099628962,0.5165495003640389,3.267456531524658,0.3052024892860633,0.9969874101416596,0.2642313138228377,0.99743354561921,7.0,full
energe_h,outer_1,streed,4,614.0,3,0.0005,0.0001,0.1,0.9872758197027718,1.29615633940453,3.5235254764556885,0.6801121550861788,0.9932867553415452,0.9623049046420884,0.9906532212157476,11.0,full
energe_h,outer_1,streed,4,614.0,3,0.0005,0.0001,0.001,0.9944384991268794,0.5680564084800689,3.227880954742432,0.3045176375083469,0.9969941701701404,0.2595780494701069,0.997478742346692,7.0,full
energe_h,outer_1,streed,4,614.0,3,0.0005,1e-05,0.1,0.9872824183970416,1.2954667236927264,3.5224549770355225,0.679844500574081,0.993289397303184,0.961519613993554,0.9906608486713888,11.0,full
energe_h,outer_1,streed,4,614.0,3,0.0005,1e-05,0.001,0.994439067503929,0.5679866507936425,3.116097211837769,0.3044913639741081,0.9969944295106948,0.2592158011616767,0.9974822608311013,7.0,full
energe_h,outer_1,streed,4,614.0,3,0.0001,0.1,0.1,0.9809190786643196,1.947666589259197,3.809547185897827,1.01037621869545,0.9900267879312824,1.363703365943734,0.9867544749825868,11.0,full
energe_h,outer_1,streed,4,614.0,3,0.0001,0.1,0.001,0.984867937309929,1.5481696822991102,3.819160461425781,0.784214135051617,0.9922591864976258,0.9888488959403636,0.9903954018764518,11.0,full
energe_h,outer_1,streed,4,614.0,3,0.0001,0.01,0.1,0.9878760692233244,1.2300500306574176,3.8665030002594,0.7148982980296053,0.992943388609225,1.0483371201616316,0.9898175982412608,11.0,full
energe_h,outer_1,streed,4,614.0,3,0.0001,0.01,0.001,0.9917420131461409,0.8445892629039807,3.9078524112701416,0.417761616020903,0.9958763625730166,0.5209511786712115,0.994940049249519,11.0,full
energe_h,outer_1,streed,4,614.0,3,0.0001,0.001,0.1,0.9869072065848198,1.3329626196115782,3.80678653717041,0.6828558824409071,0.9932596725833992,0.9701677023729612,0.9905768505865832,11.0,full
energe_h,outer_1,streed,4,614.0,3,0.0001,0.001,0.001,0.9947685517140248,0.5341608536830917,3.346075296401977,0.2890873371892997,0.9971464794332824,0.3561721622292083,0.9965405326384535,9.0,full
energe_h,outer_1,streed,4,614.0,3,0.0001,0.0001,0.1,0.9869793409766946,1.3254369306842726,3.743614673614502,0.6801121550861788,0.9932867553415452,0.9623049046420884,0.9906532212157476,11.0,full
energe_h,outer_1,streed,4,614.0,3,0.0001,0.0001,0.001,0.9947572011750836,0.5350916463727323,3.3552074432373047,0.255151647209413,0.9974814515224956,0.268708061919427,0.9973900633778436,9.0,full
energe_h,outer_1,streed,4,614.0,3,0.0001,1e-05,0.1,0.986986335109134,1.3247070183687493,3.8181402683258057,0.679844500574081,0.993289397303184,0.961519613993554,0.9906608486713888,11.0,full
energe_h,outer_1,streed,4,614.0,3,0.0001,1e-05,0.001,0.994764413873837,0.5343619941853257,3.55409836769104,0.261248174278495,0.9974212739804894,0.2597561026768359,0.997477012932317,8.0,full
energe_h,outer_2,streed,4,614.0,3,0.1,0.1,0.1,0.8749438471317662,12.573543974509017,0.0057680606842041,12.091528082081147,0.8796319426219197,11.398145189356605,0.8925554855791648,1.0,full
energe_h,outer_2,streed,4,614.0,3,0.1,0.1,0.001,0.874300021906801,12.6381983165902,0.0057547092437744,12.09436483810592,0.8796037034440721,11.378455069514322,0.8927410943190252,1.0,full
energe_h,outer_2,streed,4,614.0,3,0.1,0.01,0.1,0.8732517471648059,12.746800072791592,0.0056970119476318,11.817113995150168,0.8823636643974337,11.099706828017704,0.8953687121424261,1.0,full
energe_h,outer_2,streed,4,614.0,3,0.1,0.01,0.001,0.8712478012169678,12.947769848484478,0.0057039260864257,12.505398097055224,0.8755119728901128,11.761770438788671,0.8891277753941018,1.0,full
energe_h,outer_2,streed,4,614.0,3,0.1,0.001,0.1,0.8727300000666599,12.799187678975455,0.0059289932250976,11.852517870426365,0.8820112279095289,11.132870528824975,0.8950560948112342,1.0,full
energe_h,outer_2,streed,4,614.0,3,0.1,0.001,0.001,0.8705485502378975,13.017973203963956,0.0056679248809814,12.575435689426394,0.8748147666412476,11.833772813774662,0.8884490456456213,1.0,full
energe_h,outer_2,streed,4,614.0,3,0.1,0.0001,0.1,0.8726740557414797,12.804804250718854,0.0060000419616699,11.856380354026228,0.8819727778770422,11.13655237350687,0.8950213879350323,1.0,full
energe_h,outer_2,streed,4,614.0,3,0.1,0.0001,0.001,0.8704744357033483,13.025413329363326,0.0056934356689453,12.582864225169107,0.8747408174753155,11.841473979026356,0.8883764506797566,1.0,full
energe_h,outer_2,streed,4,614.0,3,0.1,1e-05,0.1,0.8726684210672836,12.805369941054272,0.0057981014251708,11.856770074685352,0.8819688983079471,11.1369244950965,0.8950178801341717,1.0,full
energe_h,outer_2,streed,4,614.0,3,0.1,1e-05,0.001,0.8704669794575821,13.026161830026524,0.0057439804077148,12.58361159812852,0.8747333775694037,11.842249417619303,0.8883691410147454,1.0,full
energe_h,outer_2,streed,4,614.0,3,0.08,0.1,0.1,0.9149436507481014,8.540932777186754,0.0252747535705566,7.996432355626281,0.9203975691022588,6.686265490306017,0.9369719777244504,2.0,full
energe_h,outer_2,streed,4,614.0,3,0.08,0.1,0.001,0.8974765482318907,10.36720399052692,0.0058672428131103,12.09436483810592,0.8796037034440721,11.378455069514322,0.8927410943190252,1.0,full
energe_h,outer_2,streed,4,614.0,3,0.08,0.01,0.1,0.8732517471648059,12.746800072791592,0.0058343410491943,11.817113995150168,0.8823636643974337,11.099706828017704,0.8953687121424261,1.0,full
energe_h,outer_2,streed,4,614.0,3,0.08,0.01,0.001,0.8712478012169678,12.947769848484478,0.0057599544525146,12.505398097055224,0.8755119728901128,11.761770438788671,0.8891277753941018,1.0,full
energe_h,outer_2,streed,4,614.0,3,0.08,0.001,0.1,0.8727300000666599,12.799187678975455,0.0058207511901855,11.852517870426365,0.8820112279095289,11.132870528824975,0.8950560948112342,1.0,full
energe_h,outer_2,streed,4,614.0,3,0.08,0.001,0.001,0.8705485502378975,13.017973203963956,0.0057904720306396,4.424684190179773,0.955953404990002,4.804041100175486,0.954714749225332,2.0,full
energe_h,outer_2,streed,4,614.0,3,0.08,0.0001,0.1,0.8726740557414797,12.804804250718854,0.0059065818786621,11.856380354026228,0.8819727778770422,11.13655237350687,0.8950213879350323,1.0,full
energe_h,outer_2,streed,4,614.0,3,0.08,0.0001,0.001,0.8704744357033483,13.025413329363326,0.0058784484863281,4.428072874692759,0.9559196715057704,4.809765989621547,0.9546607836058012,2.0,full
energe_h,outer_2,streed,4,614.0,3,0.08,1e-05,0.1,0.8726684210672836,12.805369941054272,0.0058681964874267,11.856770074685352,0.8819688983079471,11.1369244950965,0.8950178801341717,1.0,full
energe_h,outer_2,streed,4,614.0,3,0.08,1e-05,0.001,0.8704669794575821,13.026161830026524,0.0059003829956054,4.428416640148872,0.9559162494089216,4.810347737303618,0.9546552997664416,2.0,full
energe_h,outer_2,streed,4,614.0,3,0.05,0.1,0.1,0.9472415124404736,5.323584323723329,0.0273215770721435,3.2318430297584464,0.96782783246235,3.994790418789465,0.9623431435879028,3.0,full
energe_h,outer_2,streed,4,614.0,3,0.05,0.1,0.001,0.959162840548544,4.1058243949392645,0.0269689559936523,3.921052532100704,0.960966928831287,4.4914938029763,0.957660973547204,2.0,full
energe_h,outer_2,streed,4,614.0,3,0.05,0.01,0.1,0.9567382844991236,4.352192151598563,0.0269289016723632,4.0604468298392895,0.9595792943888511,4.473690104116315,0.9578287999564248,2.0,full
energe_h,outer_2,streed,4,614.0,3,0.05,0.01,0.001,0.9547044546014388,4.556638070278851,0.0248377323150634,4.395230048280011,0.9562466134098268,4.755335687424804,0.9551738703661602,2.0,full
energe_h,outer_2,streed,4,614.0,3,0.05,0.001,0.1,0.9558445488243064,4.441859040132592,0.0268154144287109,4.254271513097697,0.9576498194343738,4.620051410320826,0.956449126403062,2.0,full
energe_h,outer_2,streed,4,614.0,3,0.05,0.001,0.001,0.951643918481432,4.864462821515596,0.011857271194458,4.424684190179773,0.955953404990002,4.804041100175486,0.954714749225332,2.0,full
energe_h,outer_2,streed,4,614.0,3,0.05,0.0001,0.1,0.9557919656118729,4.447146965872013,0.0264008045196533,4.51940694332145,0.9550104643039474,4.831257104900541,0.954458197798448,2.0,full
energe_h,outer_2,streed,4,614.0,3,0.05,0.0001,0.001,0.9516076025580156,4.868092078492452,0.011103868484497,4.428072874692759,0.9559196715057704,4.809765989621547,0.9546607836058012,2.0,full
energe_h,outer_2,streed,4,614.0,3,0.05,1e-05,0.1,0.9557866623844072,4.447680247699426,0.026465892791748,4.519685529973368,0.9550076910453588,4.831646339004243,0.9544545286866256,2.0,full
energe_h,outer_2,streed,4,614.0,3,0.05,1e-05,0.001,0.9516039179220164,4.868460305146432,0.015458345413208,4.428416640148872,0.9559162494089216,4.810347737303618,0.9546552997664416,2.0,full
energe_h,outer_2,streed,4,614.0,3,0.03,0.1,0.1,0.965890568403458,3.4229668624412213,0.2273163795471191,3.2318430297584464,0.96782783246235,3.994790418789465,0.9623431435879028,3.0,full
energe_h,outer_2,streed,4,614.0,3,0.03,0.1,0.001,0.9673521288781104,3.2766276626512667,0.236304759979248,3.0830085814525376,0.969309441179785,3.7453398714660535,0.9646945869573208,3.0,full
energe_h,outer_2,streed,4,614.0,3,0.03,0.01,0.1,0.967224389468301,3.2885410105359174,0.2230396270751953,3.099747316870522,0.9691428113666172,3.797319531629701,0.9642046011523268,3.0,full
energe_h,outer_2,streed,4,614.0,3,0.03,0.01,0.001,0.9547044546014388,4.556638070278851,0.026989459991455,4.395230048280011,0.9562466134098268,4.755335687424804,0.9551738703661602,2.0,full
energe_h,outer_2,streed,4,614.0,3,0.03,0.001,0.1,0.967310434434368,3.279812652657172,0.228311538696289,3.092778628556488,0.9692121828694696,3.7817676732331127,0.964351200607414,3.0,full
energe_h,outer_2,streed,4,614.0,3,0.03,0.001,0.001,0.9829489852167398,1.7131729917371117,0.0265512466430664,4.424684190179773,0.955953404990002,4.804041100175486,0.954714749225332,2.0,full
energe_h,outer_2,streed,4,614.0,3,0.03,0.0001,0.1,0.9672962274439046,3.281174614579633,0.2261979579925537,3.092108870866268,0.9692188501353056,3.780120171606877,0.9643667307668652,3.0,full
energe_h,outer_2,streed,4,614.0,3,0.03,0.0001,0.001,0.9829630243584608,1.7117296338014814,0.0271148681640625,1.4075837998888574,0.985987864690108,1.5777549463814715,0.9851273070071678,3.0,full
energe_h,outer_2,streed,4,614.0,3,0.03,1e-05,0.1,0.9672969659709102,3.281099232441253,0.2270886898040771,3.0920427639315493,0.9692195082128666,3.779956132663981,0.9643682770785038,3.0,full
energe_h,outer_2,streed,4,614.0,3,0.03,1e-05,0.001,0.9829643378956516,1.711594007377334,0.0270106792449951,1.407580248671881,0.9859879000415612,1.577727487923697,0.9851275658440762,3.0,full
energe_h,outer_2,streed,4,614.0,3,0.01,0.1,0.1,0.965890568403458,3.4229668624412213,2.401148557662964,3.2318430297584464,0.96782783246235,3.994790418789465,0.9623431435879028,3.0,full
energe_h,outer_2,streed,4,614.0,3,0.01,0.1,0.001,0.980240822772878,1.9819803364755444,1.8808512687683103,1.82983269868091,0.981784485321296,2.0885008180199,0.9803127655831928,4.0,full
energe_h,outer_2,streed,4,614.0,3,0.01,0.01,0.1,0.9804128589437552,1.965459796895881,1.912712335586548,1.7574626067157255,0.9825049110047156,1.9955112152630885,0.9811893312479048,4.0,full
energe_h,outer_2,streed,4,614.0,3,0.01,0.01,0.001,0.9828115089339264,1.7272329377894486,0.7912189960479736,1.4177436476072085,0.9858867260147636,1.5952530762523185,0.98496236104131,3.0,full
energe_h,outer_2,streed,4,614.0,3,0.01,0.001,0.1,0.9806750049914053,1.9386615055594685,1.652824878692627,1.7365106702593964,0.9827134821524184,1.968586694383359,0.981443135004909,4.0,full
energe_h,outer_2,streed,4,614.0,3,0.01,0.001,0.001,0.9829489852167398,1.7131729917371117,0.2316007614135742,1.4076884510304533,0.9859868229148644,1.5781420534486754,0.985123657945836,3.0,full
energe_h,outer_2,streed,4,614.0,3,0.01,0.0001,0.1,0.9806846336854594,1.9376141331317136,1.698840856552124,1.734800469871416,0.9827305067581612,1.9662463801904784,0.981465195955868,4.0,full
energe_h,outer_2,streed,4,614.0,3,0.01,0.0001,0.001,0.9829630243584608,1.7117296338014814,0.2264955043792724,1.4075837998888574,0.985987864690108,1.5777549463814715,0.9851273070071678,3.0,full
energe_h,outer_2,streed,4,614.0,3,0.01,1e-05,0.1,0.9806875137728396,1.937322209154021,1.6674370765686035,1.7346664738342945,0.9827318406543054,1.9660590511547544,0.9814669618113598,4.0,full
energe_h,outer_2,streed,4,614.0,3,0.01,1e-05,0.001,0.9829643378956516,1.711594007377334,0.2242047786712646,1.407580248671881,0.9859879000415612,1.577727487923697,0.9851275658440762,3.0,full
energe_h,outer_2,streed,4,614.0,3,0.008,0.1,0.1,0.9773970162412978,2.2698159392759027,2.511540412902832,2.148189384705094,0.9786153262547226,2.6036184453592317,0.9754570138429212,4.0,full
energe_h,outer_2,streed,4,614.0,3,0.008,0.1,0.001,0.980240822772878,1.9819803364755444,2.394881248474121,1.82983269868091,0.981784485321296,2.0885008180199,0.9803127655831928,4.0,full
energe_h,outer_2,streed,4,614.0,3,0.008,0.01,0.1,0.9804128589437552,1.965459796895881,2.296323537826538,1.7574626067157255,0.9825049110047156,1.9955112152630885,0.9811893312479048,4.0,full
energe_h,outer_2,streed,4,614.0,3,0.008,0.01,0.001,0.9824167250167212,1.760975369481708,1.6013317108154297,1.2327143184401914,0.9877286454775984,1.3496788096931924,0.9872772646845216,4.0,full
energe_h,outer_2,streed,4,614.0,3,0.008,0.001,0.1,0.9806750049914053,1.9386615055594685,2.1015939712524414,1.7365106702593964,0.9827134821524184,1.968586694383359,0.981443135004909,4.0,full
energe_h,outer_2,streed,4,614.0,3,0.008,0.001,0.001,0.9829489852167398,1.7131729917371117,0.2394213676452636,1.4076884510304533,0.9859868229148644,1.5781420534486754,0.985123657945836,3.0,full
energe_h,outer_2,streed,4,614.0,3,0.008,0.0001,0.1,0.9806846336854594,1.9376141331317136,2.0971200466156006,1.734800469871416,0.9827305067581612,1.9662463801904784,0.981465195955868,4.0,full
energe_h,outer_2,streed,4,614.0,3,0.008,0.0001,0.001,0.9829630243584608,1.7117296338014814,0.2395076751708984,1.4075837998888574,0.985987864690108,1.5777549463814715,0.9851273070071678,3.0,full
energe_h,outer_2,streed,4,614.0,3,0.008,1e-05,0.1,0.9806875137728396,1.937322209154021,2.091452121734619,1.7346664738342945,0.9827318406543054,1.9660590511547544,0.9814669618113598,4.0,full
energe_h,outer_2,streed,4,614.0,3,0.008,1e-05,0.001,0.9829643378956516,1.711594007377334,0.238732099533081,1.407580248671881,0.9859879000415612,1.577727487923697,0.9851275658440762,3.0,full
energe_h,outer_2,streed,4,614.0,3,0.005,0.1,0.1,0.9798953915707532,2.0160406269899886,2.475789785385132,1.3684971724601716,0.9863769620300898,1.6037938421824998,0.9848818515871044,6.0,full
energe_h,outer_2,streed,4,614.0,3,0.005,0.1,0.001,0.9830415477628096,1.6976154752872716,2.35840392112732,1.330908894095464,0.9867511436898628,1.4836344664271,0.9860145328757411,5.0,full
energe_h,outer_2,streed,4,614.0,3,0.005,0.01,0.1,0.9832560592992502,1.6768014176802932,2.4060921669006348,1.236861726137674,0.9876873590988784,1.4021445762846516,0.9867826966016024,5.0,full
energe_h,outer_2,streed,4,614.0,3,0.005,0.01,0.001,0.9836574073733384,1.6356360810522907,2.0185530185699463,1.1007318417834846,0.9890424971442592,1.1626677249788413,0.9890401230140692,5.0,full
energe_h,outer_2,streed,4,614.0,3,0.005,0.001,0.1,0.9835032519320336,1.6515073978774202,2.275941848754883,1.2085600417862548,0.98796909509972,1.3662319991532348,0.987121226191056,5.0,full
energe_h,outer_2,streed,4,614.0,3,0.005,0.001,0.001,0.9829489852167398,1.7131729917371117,1.5538673400878906,1.4076884510304533,0.9859868229148644,1.5781420534486754,0.985123657945836,3.0,full
energe_h,outer_2,streed,4,614.0,3,0.005,0.0001,0.1,0.9835133253435346,1.6504148384802706,2.240762233734131,1.2057831741137344,0.987996738104398,1.362658757111236,0.9871549093254374,5.0,full
energe_h,outer_2,streed,4,614.0,3,0.005,0.0001,0.001,0.9838638241733216,1.6207268020050731,0.7894682884216309,1.4075837998888574,0.985987864690108,1.5777549463814715,0.9851273070071678,3.0,full
energe_h,outer_2,streed,4,614.0,3,0.005,1e-05,0.1,0.9835164402366442,1.6500991719359754,2.268107414245605,1.2055442334614583,0.9879991166972398,1.3623500684854388,0.9871578191760276,5.0,full
energe_h,outer_2,streed,4,614.0,3,0.005,1e-05,0.001,0.9838649632255368,1.6206088028346652,0.7820463180541992,1.407580248671881,0.9859879000415612,1.577727487923697,0.9851275658440762,3.0,full
energe_h,outer_2,streed,4,614.0,3,0.003,0.1,0.1,0.9819887992031368,1.8109142509060048,2.75520396232605,1.3684971724601716,0.9863769620300898,1.6037938421824998,0.9848818515871044,6.0,full
energe_h,outer_2,streed,4,614.0,3,0.003,0.1,0.001,0.9854122109984026,1.4653217017716818,2.56318998336792,1.330908894095464,0.9867511436898628,1.4836344664271,0.9860145328757411,5.0,full
energe_h,outer_2,streed,4,614.0,3,0.003,0.01,0.1,0.985690882421775,1.438220820283543,2.546243667602539,1.1855612585933248,0.9881980420811272,1.3416514427698696,0.9873529345875476,6.0,full
energe_h,outer_2,streed,4,614.0,3,0.003,0.01,0.001,0.986722461646794,1.333910883747257,2.392286777496338,1.1007318417834846,0.9890424971442592,1.1626677249788413,0.9890401230140692,5.0,full
energe_h,outer_2,streed,4,614.0,3,0.003,0.001,0.1,0.9859692159447864,1.4098754033893297,2.464178562164306,1.2085600417862548,0.98796909509972,1.3662319991532348,0.987121226191056,5.0,full
energe_h,outer_2,streed,4,614.0,3,0.003,0.001,0.001,0.9871169343498104,1.2965387901747203,1.971602439880371,0.6114478649915229,0.9939131935023108,0.5983683940967031,0.994359485646092,5.0,full
energe_h,outer_2,streed,4,614.0,3,0.003,0.0001,0.1,0.9860042385833966,1.4063381483371578,2.415138006210327,1.2057831741137344,0.987996738104398,1.362658757111236,0.9871549093254374,5.0,full
energe_h,outer_2,streed,4,614.0,3,0.003,0.0001,0.001,0.9871334292155072,1.294862044725173,1.9870429039001465,0.6108446595927636,0.9939191982571736,0.596775457011584,0.9943745014533808,5.0,full
energe_h,outer_2,streed,4,614.0,3,0.003,1e-05,0.1,0.986007675077154,1.4059909691651369,2.41613245010376,1.2055442334614583,0.9879991166972398,1.3623500684854388,0.9871578191760276,5.0,full
energe_h,outer_2,streed,4,614.0,3,0.003,1e-05,0.001,0.9871348759336136,1.294714398215574,1.9846665859222408,0.6108175504996649,0.9939194681212346,0.5966372560233514,0.9943758042037693,5.0,full
energe_h,outer_2,streed,4,614.0,3,0.001,0.1,0.1,0.982778678495744,1.7307124811203822,3.04691481590271,1.263682744387483,0.9874203627488956,1.610501492622502,0.9848186219797904,8.0,full
energe_h,outer_2,streed,4,614.0,3,0.001,0.1,0.001,0.9848778940434254,1.5197765833755954,2.941448211669922,1.0707375969986133,0.9893410821496256,1.3161272965931226,0.9875935377248484,8.0,full
energe_h,outer_2,streed,4,614.0,3,0.001,0.01,0.1,0.9866714024872651,1.338651105833381,2.9843497276306152,0.8560149552939812,0.9914785909145748,0.8271036166138563,0.9922033151020242,9.0,full
energe_h,outer_2,streed,4,614.0,3,0.001,0.01,0.001,0.9892035166875598,1.0834587666143454,2.936962366104126,0.4493233134884805,0.995527101784642,0.3979713418828897,0.996248526679416,8.0,full
energe_h,outer_2,streed,4,614.0,3,0.001,0.001,0.1,0.9870197995849084,1.3032057296192945,2.938005924224853,0.8253317408805056,0.9917840344356909,0.7859830020056664,0.9925909382105093,9.0,full
energe_h,outer_2,streed,4,614.0,3,0.001,0.001,0.001,0.9915781590434712,0.8466083184995036,2.778191328048706,0.2995720003990819,0.997017837655578,0.279549502614849,0.9973648290957826,7.0,full
energe_h,outer_2,streed,4,614.0,3,0.001,0.0001,0.1,0.9870630117433334,1.2988387777929236,2.915077209472656,0.8227612256951672,0.9918096232543432,0.7834279278377699,0.992615023594466,9.0,full
energe_h,outer_2,streed,4,614.0,3,0.001,0.0001,0.001,0.9934558106315772,0.6568844059515638,2.6701576709747314,0.3536347154760026,0.9964796572083906,0.2950956973395812,0.997218283029248,6.0,full
energe_h,outer_2,streed,4,614.0,3,0.001,1e-05,0.1,0.9870672806770228,1.2984072646044027,2.917438507080078,0.8225115678680874,0.9918121085339082,0.7831940973020948,0.9926172277959342,9.0,full
energe_h,outer_2,streed,4,614.0,3,0.001,1e-05,0.001,0.9934576132088716,0.6566983986822256,2.6742498874664307,0.3536181793150127,0.9964798218216274,0.2949977286473753,0.9972192065302552,6.0,full
energe_h,outer_2,streed,4,614.0,3,0.0005,0.1,0.1,0.9831159609903684,1.6966331175234373,3.163909435272217,1.0448480376057034,0.989598806065854,1.1842683136937533,0.9888365052563444,11.0,full
energe_h,outer_2,streed,4,614.0,3,0.0005,0.1,0.001,0.985694897630404,1.4374533773784768,3.1543257236480717,0.8468913187024218,0.9915694143742148,1.100798030470881,0.9896233371399936,11.0,full
energe_h,outer_2,streed,4,614.0,3,0.0005,0.01,0.1,0.9876939976850224,1.2357859674154452,3.2746119499206543,0.7336818732649372,0.992696385335342,0.6628245064399662,0.993751890675408,11.0,full
energe_h,outer_2,streed,4,614.0,3,0.0005,0.01,0.001,0.9892035166875598,1.0834587666143454,3.2661356925964355,0.3639833421836438,0.9963766392866792,0.336409932890123,0.996828834754669,9.0,full
energe_h,outer_2,streed,4,614.0,3,0.0005,0.001,0.1,0.988204367178154,1.1840394815849942,3.192470073699951,0.6978961581386397,0.9930526229409116,0.6170898239517787,0.9941830082537948,11.0,full
energe_h,outer_2,streed,4,614.0,3,0.0005,0.001,0.001,0.9912657603601376,0.8803349902093863,2.910538673400879,0.238701436508967,0.9976237884896848,0.2403886131627588,0.9977339788724846,8.0,full
energe_h,outer_2,streed,4,614.0,3,0.0005,0.0001,0.1,0.9882628802125418,1.1781322428000347,3.1520767211914062,0.6949492621681584,0.9930819585336386,0.6140594760662755,0.9942115738012304,11.0,full
energe_h,outer_2,streed,4,614.0,3,0.0005,0.0001,0.001,0.9934558106315772,0.6568844059515638,2.8086190223693848,0.2372644292698304,0.9976380935277774,0.2413820045612832,0.9977246146772868,8.0,full
energe_h,outer_2,streed,4,614.0,3,0.0005,1e-05,0.1,0.9882686762661236,1.17754698935087,3.152822494506836,0.6946616183843005,0.99308482195365,0.6137776783513562,0.9942142301648876,11.0,full
energe_h,outer_2,streed,4,614.0,3,0.0005,1e-05,0.001,0.9934576132088716,0.6566983986822256,2.901529550552368,0.237162134624441,0.9976391118447068,0.2415804818513987,0.997722743732874,8.0,full
energe_h,outer_2,streed,4,614.0,3,0.0001,0.1,0.1,0.9831159609903684,1.6966331175234373,3.386148452758789,1.0448480376057034,0.989598806065854,1.1842683136937533,0.9888365052563444,11.0,full
energe_h,outer_2,streed,4,614.0,3,0.0001,0.1,0.001,0.985784834265921,1.4283675756506302,3.410630464553833,0.8468913187024218,0.9915694143742148,1.100798030470881,0.9896233371399936,11.0,full
energe_h,outer_2,streed,4,614.0,3,0.0001,0.01,0.1,0.9876939976850224,1.2357859674154452,3.392923355102539,0.7336818732649372,0.992696385335342,0.6628245064399662,0.993751890675408,11.0,full
energe_h,outer_2,streed,4,614.0,3,0.0001,0.01,0.001,0.9901458948503352,0.98829011072727,3.4764232635498047,0.3508392186527097,0.9965074856614812,0.3508829795848594,0.9966924047085104,11.0,full
energe_h,outer_2,streed,4,614.0,3,0.0001,0.001,0.1,0.988204367178154,1.1840394815849942,3.355916976928711,0.6978961581386397,0.9930526229409116,0.6170898239517787,0.9941830082537948,11.0,full
energe_h,outer_2,streed,4,614.0,3,0.0001,0.001,0.001,0.9930344534260128,0.7009030506867336,3.1753320693969727,0.2390708739111882,0.9976201108352042,0.239961722107364,0.9977380029572278,9.0,full
energe_h,outer_2,streed,4,614.0,3,0.0001,0.0001,0.1,0.9882628802125418,1.1781322428000347,3.355955123901367,0.6949492621681584,0.9930819585336386,0.6140594760662755,0.9942115738012304,11.0,full
energe_h,outer_2,streed,4,614.0,3,0.0001,0.0001,0.001,0.9932882761591456,0.6759416991739918,3.020768642425537,0.2281099104668016,0.9977292244119031,0.2457426019633805,0.9976835095445948,9.0,full
energe_h,outer_2,streed,4,614.0,3,0.0001,1e-05,0.1,0.9882686762661236,1.17754698935087,3.3502285480499268,0.6946616183843005,0.99308482195365,0.6137776783513562,0.9942142301648876,11.0,full
energe_h,outer_2,streed,4,614.0,3,0.0001,1e-05,0.001,0.9933478692073336,0.6698589608949549,3.0817461013793945,0.2279980034909674,0.997730338417114,0.2458545649035061,0.9976824541269338,9.0,full
energe_h,outer_3,streed,4,615.0,3,0.1,0.1,0.1,0.8784879652905841,12.072469961176294,0.0056500434875488,11.784168829363512,0.8818070497693793,12.750151347697198,0.8835741723793809,1.0,full
energe_h,outer_3,streed,4,615.0,3,0.1,0.1,0.001,0.8773455271682756,12.186861449322851,0.0054528713226318,11.785118136014022,0.8817975284059874,12.733865939446018,0.8837228798011265,1.0,full
energe_h,outer_3,streed,4,615.0,3,0.1,0.01,0.1,0.8780746228473785,12.109980044663736,0.0054187774658203,11.52830039665721,0.8843733610103628,12.355047268634012,0.8871819977413536,1.0,full
energe_h,outer_3,streed,4,615.0,3,0.1,0.01,0.001,0.8736465531232911,12.55492400724028,0.0056006908416748,12.20765025215758,0.8775596124275813,13.025905022604915,0.8810561748321316,1.0,full
energe_h,outer_3,streed,4,615.0,3,0.1,0.001,0.1,0.8775315041717698,12.163821358112836,0.0056533813476562,11.564884598922754,0.884006428487568,12.369730664348475,0.8870479188232515,1.0,full
energe_h,outer_3,streed,4,615.0,3,0.1,0.001,0.001,0.8728509154488192,12.63404490727951,0.0055174827575683,12.278180007028148,0.8768522125313388,13.07988659063072,0.8805632513708899,1.0,full
energe_h,outer_3,streed,4,615.0,3,0.1,0.0001,0.1,0.8774733984725969,12.169582314232384,0.0056464672088623,11.568791055792508,0.8839672474753922,12.371567308165636,0.8870311478241766,1.0,full
energe_h,outer_3,streed,4,615.0,3,0.1,0.0001,0.001,0.8699925306427364,12.914007496077142,0.0056414604187011,12.285645875301212,0.8767773313063663,13.085608666977306,0.8805110012088179,1.0,full
energe_h,outer_3,streed,4,615.0,3,0.1,1e-05,0.1,0.8774675472983228,12.170162442786795,0.005777359008789,11.569185058501748,0.8839632957038861,12.371753241054977,0.8870294500097795,1.0,full
energe_h,outer_3,streed,4,615.0,3,0.1,1e-05,0.001,0.8699835674208004,12.91489803793256,0.0056612491607666,12.286396857229644,0.8767697991018488,13.086184312962342,0.8805057447959019,1.0,full
energe_h,outer_3,streed,4,615.0,3,0.08,0.1,0.1,0.9214314992391466,7.813594020967526,0.0266449451446533,7.505209326675725,0.9247241918150552,8.540713630616805,0.9220119333646296,2.0,full
energe_h,outer_3,streed,4,615.0,3,0.08,0.1,0.001,0.8773455271682756,12.186861449322851,0.0058000087738037,11.785118136014022,0.8817975284059874,12.733865939446018,0.8837228798011265,1.0,full
energe_h,outer_3,streed,4,615.0,3,0.08,0.01,0.1,0.8780746228473785,12.109980044663736,0.0057597160339355,11.52830039665721,0.8843733610103628,12.355047268634012,0.8871819977413536,1.0,full
energe_h,outer_3,streed,4,615.0,3,0.08,0.01,0.001,0.8736465531232911,12.55492400724028,0.0056695938110351,12.20765025215758,0.8775596124275813,13.025905022604915,0.8810561748321316,1.0,full
energe_h,outer_3,streed,4,615.0,3,0.08,0.001,0.1,0.8775315041717698,12.163821358112836,0.005716323852539,11.564884598922754,0.884006428487568,12.369730664348475,0.8870479188232515,1.0,full
energe_h,outer_3,streed,4,615.0,3,0.08,0.001,0.001,0.8728509154488192,12.63404490727951,0.0056052207946777,12.278180007028148,0.8768522125313388,13.07988659063072,0.8805632513708899,1.0,full
energe_h,outer_3,streed,4,615.0,3,0.08,0.0001,0.1,0.8774733984725969,12.169582314232384,0.0057804584503173,11.568791055792508,0.8839672474753922,12.371567308165636,0.8870311478241766,1.0,full
energe_h,outer_3,streed,4,615.0,3,0.08,0.0001,0.001,0.8699925306427364,12.914007496077142,0.0057182312011718,12.285645875301212,0.8767773313063663,13.085608666977306,0.8805110012088179,1.0,full
energe_h,outer_3,streed,4,615.0,3,0.08,1e-05,0.1,0.8774675472983228,12.170162442786795,0.0057737827301025,11.569185058501748,0.8839632957038861,12.371753241054977,0.8870294500097795,1.0,full
energe_h,outer_3,streed,4,615.0,3,0.08,1e-05,0.001,0.8699835674208004,12.91489803793256,0.0057249069213867,12.286396857229644,0.8767697991018488,13.086184312962342,0.8805057447959019,1.0,full
energe_h,outer_3,streed,4,615.0,3,0.05,0.1,0.1,0.9214314992391466,7.813594020967526,0.0284638404846191,7.505209326675725,0.9247241918150552,8.540713630616805,0.9220119333646296,2.0,full
energe_h,outer_3,streed,4,615.0,3,0.05,0.1,0.001,0.93055124938122,6.911213095204684,0.0276477336883544,4.2351303480811335,0.9575224559577206,3.0491727702547715,0.9721570000500986,2.0,full
energe_h,outer_3,streed,4,615.0,3,0.05,0.01,0.1,0.9400133517912534,5.985327452344657,0.0281336307525634,4.387649745313615,0.9559927156945478,3.1103028860960817,0.9715988008463964,2.0,full
energe_h,outer_3,streed,4,615.0,3,0.05,0.01,0.001,0.950426420477088,4.921016485771895,0.0254304409027099,4.747825466872833,0.952380222378392,3.399214131675804,0.9689606571916076,2.0,full
energe_h,outer_3,streed,4,615.0,3,0.05,0.001,0.1,0.9497252906020084,4.989852443388284,0.0278935432434082,4.872742310305456,0.9511273304288124,3.43568510706696,0.9686276287138856,2.0,full
energe_h,outer_3,streed,4,615.0,3,0.05,0.001,0.001,0.9471936294533644,5.241701579671912,0.0235223770141601,5.0712073802422175,0.9491367638921974,3.633473392033359,0.9668215587980934,2.0,full
energe_h,outer_3,streed,4,615.0,3,0.05,0.0001,0.1,0.9494574650881192,5.017547713566505,0.0277662277221679,4.8757278322596544,0.9510973862169756,3.438257198319223,0.9686041421022688,2.0,full
energe_h,outer_3,streed,4,615.0,3,0.05,0.0001,0.001,0.9471555361739004,5.245490672786789,0.0233864784240722,5.074602557245569,0.9491027109188912,3.6367795106550336,0.9667913695410216,2.0,full
energe_h,outer_3,streed,4,615.0,3,0.05,1e-05,0.1,0.949453731248662,5.017918503406409,0.0277960300445556,4.876026417905858,0.9510943914602872,3.438510902811197,0.9686018254430666,2.0,full
energe_h,outer_3,streed,4,615.0,3,0.05,1e-05,0.001,0.9471514696662224,5.245895411763319,0.0234706401824951,5.07494682056085,0.949099258023954,3.637114652203516,0.966788309253258,2.0,full
energe_h,outer_3,streed,4,615.0,3,0.03,0.1,0.1,0.9643644713204894,3.543472429107023,0.2493770122528076,3.431409931201248,0.9655836173860016,3.045279412794741,0.9721925515782448,3.0,full
energe_h,outer_3,streed,4,615.0,3,0.03,0.1,0.001,0.9659235657295396,3.387981375787754,0.2382178306579589,3.2610206358787237,0.9672925892951368,2.897434773719342,0.9735425696285588,3.0,full
energe_h,outer_3,streed,4,615.0,3,0.03,0.01,0.1,0.9660091876721438,3.380093341968667,0.2431426048278808,3.273182018834344,0.967170612959663,2.8540311096952795,0.9739389027675126,3.0,full
energe_h,outer_3,streed,4,615.0,3,0.03,0.01,0.001,0.983322261497764,1.6586759976775642,0.0280492305755615,1.5431115280005805,0.9845228877258778,1.340024273385055,0.9877637974008244,3.0,full
energe_h,outer_3,streed,4,615.0,3,0.03,0.001,0.1,0.96614527705305,3.366566385004211,0.2412261962890625,3.258798675720725,0.967314875128798,2.837164408966676,0.9740929181621544,3.0,full
energe_h,outer_3,streed,4,615.0,3,0.03,0.001,0.001,0.9830545738175236,1.684466458059007,0.0275352001190185,1.5148604748918495,0.9848062403629958,1.3455823189922391,0.9877130450574112,3.0,full
energe_h,outer_3,streed,4,615.0,3,0.03,0.0001,0.1,0.9661529042165964,3.365809972328202,0.2382364273071289,3.25738406674883,0.9673290633851132,2.835604714301798,0.9741071602473846,3.0,full
energe_h,outer_3,streed,4,615.0,3,0.03,0.0001,0.001,0.9830657816556648,1.683341370521144,0.027947187423706,1.5086979448533429,0.9848680493557794,1.215081621205686,0.9889046898724831,3.0,full
energe_h,outer_3,streed,4,615.0,3,0.03,1e-05,0.1,0.9661496563112364,3.3661262992819574,0.2386524677276611,3.2572428752724925,0.9673304795085051,2.8354502078480586,0.9741085710966568,3.0,full
energe_h,outer_3,streed,4,615.0,3,0.03,1e-05,0.001,0.9830668778684823,1.68323095870734,0.0279099941253662,1.5087035824539907,0.9848679928117277,1.2154898878551896,0.9889009618553593,3.0,full
energe_h,outer_3,streed,4,615.0,3,0.01,0.1,0.1,0.9782514917919776,2.1606020464731315,2.642750740051269,2.0261117403396924,0.9796784883554168,1.9190762602883285,0.9824762831610226,4.0,full
energe_h,outer_3,streed,4,615.0,3,0.01,0.1,0.001,0.9801981737457138,1.967454899775678,1.9201478958129885,1.8608822720525584,0.981335708190322,1.8517475388958544,0.9830910838717744,4.0,full
energe_h,outer_3,streed,4,615.0,3,0.01,0.01,0.1,0.9811934202256004,1.868461135146547,1.9332129955291748,1.8032575759573928,0.9819136728254398,1.7568307260621705,0.9839578005238296,4.0,full
energe_h,outer_3,streed,4,615.0,3,0.01,0.01,0.001,0.9817270101879112,1.816689166917569,0.8584656715393066,1.5431115280005805,0.9845228877258778,1.340024273385055,0.9877637974008244,3.0,full
energe_h,outer_3,streed,4,615.0,3,0.01,0.001,0.1,0.9813116929209736,1.8566907050351076,1.7280592918395996,1.781571710306724,0.9821311778931856,1.7438458486099384,0.9840763697127516,4.0,full
energe_h,outer_3,streed,4,615.0,3,0.01,0.001,0.001,0.9830545738175236,1.684466458059007,0.2564804553985595,1.508752277927125,0.984867504405484,1.21118904474931,0.9889402342690282,3.0,full
energe_h,outer_3,streed,4,615.0,3,0.01,0.0001,0.1,0.981284675508768,1.859482726090228,1.7136282920837402,1.801725529284544,0.9819290389593418,1.8140424582797905,0.9834353813704092,4.0,full
energe_h,outer_3,streed,4,615.0,3,0.01,0.0001,0.001,0.9830657816556648,1.683341370521144,0.2452368736267089,1.5086979448533429,0.9848680493557794,1.215081621205686,0.9889046898724831,3.0,full
energe_h,outer_3,streed,4,615.0,3,0.01,1e-05,0.1,0.9812827854700236,1.859664204971376,1.7238709926605225,1.8015160745210856,0.981931139750394,1.8139109071970163,0.9834365826066352,4.0,full
energe_h,outer_3,streed,4,615.0,3,0.01,1e-05,0.001,0.9830668778684823,1.68323095870734,0.2444484233856201,1.5087035824539907,0.9848679928117277,1.2154898878551896,0.9889009618553593,3.0,full
energe_h,outer_3,streed,4,615.0,3,0.008,0.1,0.1,0.9782514917919776,2.1606020464731315,2.785352945327759,2.0261117403396924,0.9796784883554168,1.9190762602883285,0.9824762831610226,4.0,full
energe_h,outer_3,streed,4,615.0,3,0.008,0.1,0.001,0.9801981737457138,1.967454899775678,2.568505048751831,1.8608822720525584,0.981335708190322,1.8517475388958544,0.9830910838717744,4.0,full
energe_h,outer_3,streed,4,615.0,3,0.008,0.01,0.1,0.9811934202256004,1.868461135146547,2.5309512615203857,1.8032575759573928,0.9819136728254398,1.7568307260621705,0.9839578005238296,4.0,full
energe_h,outer_3,streed,4,615.0,3,0.008,0.01,0.001,0.9833250527902024,1.6558737820595122,1.651350736618042,1.3010643990442228,0.9869505739446052,1.0657457357967963,0.9902683249837896,4.0,full
energe_h,outer_3,streed,4,615.0,3,0.008,0.001,0.1,0.9813116929209736,1.8566907050351076,2.362938404083252,1.781571710306724,0.9821311778931856,1.7438458486099384,0.9840763697127516,4.0,full
energe_h,outer_3,streed,4,615.0,3,0.008,0.001,0.001,0.9830545738175236,1.684466458059007,0.8161747455596924,1.508752277927125,0.984867504405484,1.21118904474931,0.9889402342690282,3.0,full
energe_h,outer_3,streed,4,615.0,3,0.008,0.0001,0.1,0.981284675508768,1.859482726090228,2.364093780517578,1.801725529284544,0.9819290389593418,1.8140424582797905,0.9834353813704092,4.0,full
energe_h,outer_3,streed,4,615.0,3,0.008,0.0001,0.001,0.9830657816556648,1.683341370521144,0.2631587982177734,1.5086979448533429,0.9848680493557794,1.215081621205686,0.9889046898724831,3.0,full
energe_h,outer_3,streed,4,615.0,3,0.008,1e-05,0.1,0.9812827854700236,1.859664204971376,2.340116024017334,1.8015160745210856,0.981931139750394,1.8139109071970163,0.9834365826066352,4.0,full
energe_h,outer_3,streed,4,615.0,3,0.008,1e-05,0.001,0.9830668778684823,1.68323095870734,0.2625353336334228,1.5087035824539907,0.9848679928117277,1.2154898878551896,0.9889009618553593,3.0,full
energe_h,outer_3,streed,4,615.0,3,0.005,0.1,0.1,0.9807289954133394,1.9139968083344243,2.791900396347046,1.408620801657696,0.9858718038824008,1.2957762860997284,0.9881678403333164,6.0,full
energe_h,outer_3,streed,4,615.0,3,0.005,0.1,0.001,0.9830244014510696,1.6861792909173197,2.729010581970215,1.3594059305917958,0.9863654195875668,1.2650708229618937,0.9884482220214086,5.0,full
energe_h,outer_3,streed,4,615.0,3,0.005,0.01,0.1,0.984041248752486,1.585234204080632,2.727941036224365,1.285325637427038,0.9871084307010256,1.1203133770503455,0.9897700498950474,5.0,full
energe_h,outer_3,streed,4,615.0,3,0.005,0.01,0.001,0.9837818640883614,1.6095075352959378,2.2917299270629883,1.127298535357259,0.9886934121859718,1.0416141588111083,0.9904886783541718,5.0,full
energe_h,outer_3,streed,4,615.0,3,0.005,0.001,0.1,0.9841934264590432,1.5701116188140425,2.5791354179382324,1.253581014444868,0.9874268231730404,1.0918303293943978,0.9900301379760488,5.0,full
energe_h,outer_3,streed,4,615.0,3,0.005,0.001,0.001,0.9830545738175236,1.684466458059007,1.6508512496948242,1.508752277927125,0.984867504405484,1.21118904474931,0.9889402342690282,3.0,full
energe_h,outer_3,streed,4,615.0,3,0.005,0.0001,0.1,0.986413720510966,1.3503002732615863,2.570165634155273,1.2727452043255412,0.9872346100289846,1.160406976297084,0.9894039420468111,5.0,full
energe_h,outer_3,streed,4,615.0,3,0.005,0.0001,0.001,0.9830657816556648,1.683341370521144,1.5725855827331543,1.5086979448533429,0.9848680493557794,1.215081621205686,0.9889046898724831,3.0,full
energe_h,outer_3,streed,4,615.0,3,0.005,1e-05,0.1,0.984767790281224,1.5114301657316116,2.573419570922852,1.2724383107464805,0.9872376881126442,1.160115407460301,0.9894066044578056,5.0,full
energe_h,outer_3,streed,4,615.0,3,0.005,1e-05,0.001,0.9830668778684823,1.68323095870734,1.574587106704712,1.0083606738651252,0.9898863360949408,0.9047581804916612,0.9917383553271082,4.0,full
energe_h,outer_3,streed,4,615.0,3,0.003,0.1,0.1,0.9826316278214884,1.7255368617081126,3.0982322692871094,1.408620801657696,0.9858718038824008,1.2957762860997284,0.9881678403333164,6.0,full
energe_h,outer_3,streed,4,615.0,3,0.003,0.1,0.001,0.9850783849732622,1.4827276818173134,2.813228130340576,1.3594059305917958,0.9863654195875668,1.2650708229618937,0.9884482220214086,5.0,full
energe_h,outer_3,streed,4,615.0,3,0.003,0.01,0.1,0.9862061787912508,1.3707930972184776,2.8783578872680664,0.905324414883809,0.9909197699846,0.9417856024700986,0.9914002457524892,6.0,full
energe_h,outer_3,streed,4,615.0,3,0.003,0.01,0.001,0.9874022031618684,1.2523717288075202,2.7650399208068848,0.7346896639253717,0.9926312037666238,0.812632666182359,0.9925795837138106,6.0,full
energe_h,outer_3,streed,4,615.0,3,0.003,0.001,0.1,0.9864250245947032,1.349066889555491,2.8049025535583496,0.8582499756009276,0.991391917570048,0.913020412202667,0.9916629101705202,6.0,full
energe_h,outer_3,streed,4,615.0,3,0.003,0.001,0.001,0.9909800765103652,0.8950243541532932,2.220625400543213,0.3445038112718697,0.9965446929342648,0.3475694730022204,0.99682622876808,6.0,full
energe_h,outer_3,streed,4,615.0,3,0.003,0.0001,0.1,0.986413720510966,1.3503002732615863,2.792931079864502,0.8540295574731912,0.9914342475533456,0.9106723338400492,0.9916843512467264,6.0,full
energe_h,outer_3,streed,4,615.0,3,0.003,0.0001,0.001,0.992517117436542,0.738990345710972,2.112504720687866,0.3440674261781434,0.996549069792948,0.3528101235446009,0.996778374663448,6.0,full
energe_h,outer_3,streed,4,615.0,3,0.003,1e-05,0.1,0.9864174034339708,1.3499348115737535,2.7902965545654297,0.8536452398295492,0.991438102185504,0.9104652608429908,0.9916862420984036,6.0,full
energe_h,outer_3,streed,4,615.0,3,0.003,1e-05,0.001,0.9925158496390286,0.7391154272824241,2.1126208305358887,0.3440635969046119,0.996549108199826,0.3537528987244558,0.9967697658730438,6.0,full
energe_h,outer_3,streed,4,615.0,3,0.001,0.1,0.1,0.9826809521315282,1.720577567749744,3.3961398601531982,1.153008650267077,0.9884355446710064,1.120258380519514,0.989770552086468,9.0,full
energe_h,outer_3,streed,4,615.0,3,0.001,0.1,0.001,0.9854314674443688,1.4477540824113293,3.2827513217926025,0.9183638245977668,0.9907889872093636,0.752139665041803,0.9931319652135264,10.0,full
energe_h,outer_3,streed,4,615.0,3,0.001,0.01,0.1,0.9868256755065355,1.308626532950876,3.2813682556152344,0.8401058621961376,0.9915738995429544,0.897700509453041,0.9918028012438144,8.0,full
energe_h,outer_3,streed,4,615.0,3,0.001,0.01,0.001,0.990862914823976,0.905837258188826,3.23054575920105,0.5962251819637148,0.9940199759288508,0.676734712328278,0.9938205126500989,7.0,full
energe_h,outer_3,streed,4,615.0,3,0.001,0.001,0.1,0.9871858259157984,1.2727428207732585,3.118294239044189,0.8172116477000784,0.9918035241175585,0.8915906043887579,0.9918585927975296,8.0,full
energe_h,outer_3,streed,4,615.0,3,0.001,0.001,0.001,0.9948552623305912,0.5100938140299055,3.1027328968048096,0.3445038112718697,0.9965446929342648,0.3475694730022204,0.99682622876808,6.0,full
energe_h,outer_3,streed,4,615.0,3,0.001,0.0001,0.1,0.9871828573799072,1.27313379970273,3.1265082359313965,0.8150477195627839,0.991825227901197,0.8912092310405618,0.9918620752430696,8.0,full
energe_h,outer_3,streed,4,615.0,3,0.001,0.0001,0.001,0.994849808080916,0.510622439498169,3.01143479347229,0.3440674261781434,0.996549069792948,0.3528101235446009,0.996778374663448,6.0,full
energe_h,outer_3,streed,4,615.0,3,0.001,1e-05,0.1,0.9871873759554988,1.2726838890842351,3.123537302017212,0.8148331749248217,0.9918273797427128,0.8911737434393231,0.9918623992920343,8.0,full
energe_h,outer_3,streed,4,615.0,3,0.001,1e-05,0.001,0.9948523295560112,0.5103765553550654,2.9935648441314697,0.3440635969046119,0.996549108199826,0.3537528987244558,0.9967697658730438,6.0,full
energe_h,outer_3,streed,4,615.0,3,0.0005,0.1,0.1,0.9830091046980656,1.688379191349842,3.634385585784912,1.0999265455252645,0.9889679479872464,1.0910179008829588,0.9900375565281307,11.0,full
energe_h,outer_3,streed,4,615.0,3,0.0005,0.1,0.001,0.9858290596964864,1.408365081624215,3.502146482467652,0.9183638245977668,0.9907889872093636,0.752139665041803,0.9931319652135264,10.0,full
energe_h,outer_3,streed,4,615.0,3,0.0005,0.01,0.1,0.9873196869734152,1.26026334145417,3.550360918045044,0.7698702855338801,0.992278348888264,0.8036141531359058,0.9926619347241404,11.0,full
energe_h,outer_3,streed,4,615.0,3,0.0005,0.01,0.001,0.9919184739812288,0.802499151523473,3.510800361633301,0.5241499411410177,0.9947428767523854,0.5565740216908004,0.9949177394573288,8.0,full
energe_h,outer_3,streed,4,615.0,3,0.0005,0.001,0.1,0.9877429141134894,1.2182044851438143,3.4430043697357178,0.6712908595727147,0.9932670815986576,0.7775621743579049,0.9928998239152308,11.0,full
energe_h,outer_3,streed,4,615.0,3,0.0005,0.001,0.001,0.9953849809975424,0.4572976554784185,3.184610605239868,0.2939807206746971,0.997051429830088,0.306701603678255,0.9971994067311788,7.0,full
energe_h,outer_3,streed,4,615.0,3,0.0005,0.0001,0.1,0.9877465188116216,1.2179519515292774,3.432109832763672,0.6668469619804283,0.9933116530380658,0.7749501746217866,0.9929236749443464,11.0,full
energe_h,outer_3,streed,4,615.0,3,0.0005,0.0001,0.001,0.9952478453096412,0.4707103878751963,3.171449661254883,0.2932886185409044,0.9970583714815732,0.3123681102678732,0.997147663994844,7.0,full
energe_h,outer_3,streed,4,615.0,3,0.0005,1e-05,0.1,0.9877516946913708,1.2174376915403795,3.4326298236846924,0.6664127368535532,0.9933160082326962,0.7746942053843984,0.9929260122836844,11.0,full
energe_h,outer_3,streed,4,615.0,3,0.0005,1e-05,0.001,0.99525037992409,0.4704624026352498,3.136857509613037,0.2932493088232447,0.997058765750492,0.3133252402710365,0.9971389241258244,7.0,full
energe_h,outer_3,streed,4,615.0,3,0.0001,0.1,0.1,0.9812441997410772,1.8631853858436616,3.73345685005188,1.0999265455252645,0.9889679479872464,1.0910179008829588,0.9900375565281307,11.0,full
energe_h,outer_3,streed,4,615.0,3,0.0001,0.1,0.001,0.9858418924229716,1.4072027683776878,3.683941125869751,0.9131174920964736,0.9908416069168032,0.7464583531237239,0.9931838431421874,11.0,full
energe_h,outer_3,streed,4,615.0,3,0.0001,0.01,0.1,0.9872265299712818,1.2694753573880488,3.672414302825928,0.7698702855338801,0.992278348888264,0.8036141531359058,0.9926619347241404,11.0,full
energe_h,outer_3,streed,4,615.0,3,0.0001,0.01,0.001,0.9941112661409296,0.5830316301860948,3.7805893421173096,0.4734344591565579,0.9952515432968748,0.4732760057813625,0.9956783610512964,10.0,full
energe_h,outer_3,streed,4,615.0,3,0.0001,0.001,0.1,0.9880538525514098,1.1873885330753573,3.636408567428589,0.6712908595727147,0.9932670815986576,0.7775621743579049,0.9928998239152308,11.0,full
energe_h,outer_3,streed,4,615.0,3,0.0001,0.001,0.001,0.9953412021620224,0.4615663530098533,3.350287914276123,0.2808592671098565,0.9971830354893926,0.3801341478180863,0.9965288700063492,9.0,full
energe_h,outer_3,streed,4,615.0,3,0.0001,0.0001,0.1,0.988923354532855,1.1023557154487182,3.6060807704925537,0.6668469619804283,0.9933116530380658,0.7749501746217866,0.9929236749443464,11.0,full
energe_h,outer_3,streed,4,615.0,3,0.0001,0.0001,0.001,0.9953216061511164,0.4634892807949261,3.306726455688477,0.2801287000729781,0.9971903629364685,0.3341266003426447,0.9969489800619518,8.0,full
energe_h,outer_3,streed,4,615.0,3,0.0001,1e-05,0.1,0.9889303560806356,1.101661722069194,3.603464603424072,0.6664127368535532,0.9933160082326962,0.7746942053843984,0.9929260122836844,11.0,full
energe_h,outer_3,streed,4,615.0,3,0.0001,1e-05,0.001,0.995313654801676,0.4642678601462759,3.287954568862915,0.2800625548505942,0.9971910263603458,0.3352828337202104,0.996938422114502,8.0,full
energe_h,outer_4,streed,4,615.0,3,0.1,0.1,0.1,0.8756288595995412,12.885393320416272,0.0051770210266113,12.559434318000562,0.8783108498405715,9.57083267136472,0.899753346244095,1.0,full
energe_h,outer_4,streed,4,615.0,3,0.1,0.1,0.001,0.8753195202411853,12.914918514531692,0.0050902366638183,12.55833100015946,0.8783215399566261,9.712176718111838,0.8982728828193075,1.0,full
energe_h,outer_4,streed,4,615.0,3,0.1,0.01,0.1,0.8756770134830841,12.88880779633297,0.0051155090332031,12.27665085191425,0.8810507566545163,9.632762755757003,0.8991046792011822,1.0,full
energe_h,outer_4,streed,4,615.0,3,0.1,0.01,0.001,0.8740451093793835,13.05496367279777,0.0052337646484375,12.985970229911707,0.8741781165248239,10.54812514776079,0.8895170059105473,1.0,full
energe_h,outer_4,streed,4,615.0,3,0.1,0.001,0.1,0.8751932190953763,12.938737111998108,0.0051827430725097,12.310748907467636,0.8807203784466033,9.720054754239673,0.8981903668264883,1.0,full
energe_h,outer_4,streed,4,615.0,3,0.1,0.001,0.001,0.8708733738548604,13.397556859448288,0.0051631927490234,13.05587610337142,0.8735007941138717,10.6761485158356,0.8881760657131015,1.0,full
energe_h,outer_4,streed,4,615.0,3,0.1,0.0001,0.1,0.8751414081417818,12.94408350066846,0.005206823348999,12.314447493109416,0.8806845426173658,9.72935063381356,0.8980930000818176,1.0,full
energe_h,outer_4,streed,4,615.0,3,0.1,0.0001,0.001,0.8707995440212536,13.40520679029258,0.0052053928375244,13.06326909975092,0.8734291629063049,10.689621163168706,0.8880349507381821,1.0,full
energe_h,outer_4,streed,4,615.0,3,0.1,1e-05,0.1,0.875136190097643,12.944621943997763,0.005232810974121,12.314820490091453,0.8806809286261138,9.730286278740918,0.898083199965538,1.0,full
energe_h,outer_4,streed,4,615.0,3,0.1,1e-05,0.001,0.8707921174362235,13.405976282208911,0.0052001476287841,13.064012698709364,0.8734219581291612,10.690975527849858,0.8880207648745365,1.0,full
energe_h,outer_4,streed,4,615.0,3,0.08,0.1,0.1,0.926714869730333,7.6244427042094784,0.0246620178222656,8.147072284454124,0.9210625034949436,6.002938259335482,0.9371241255735095,2.0,full
energe_h,outer_4,streed,4,615.0,3,0.08,0.1,0.001,0.8962815977832951,10.89901722429272,0.0054259300231933,3.9737642273406633,0.9614979481149112,4.855156649750379,0.9491462003035098,2.0,full
energe_h,outer_4,streed,4,615.0,3,0.08,0.01,0.1,0.8756770134830841,12.88880779633297,0.0052893161773681,12.27665085191425,0.8810507566545163,9.632762755757003,0.8991046792011822,1.0,full
energe_h,outer_4,streed,4,615.0,3,0.08,0.01,0.001,0.8740451093793835,13.05496367279777,0.0052573680877685,12.985970229911707,0.8741781165248239,10.54812514776079,0.8895170059105473,1.0,full
energe_h,outer_4,streed,4,615.0,3,0.08,0.001,0.1,0.8751932190953763,12.938737111998108,0.0052671432495117,12.310748907467636,0.8807203784466033,9.720054754239673,0.8981903668264883,1.0,full
energe_h,outer_4,streed,4,615.0,3,0.08,0.001,0.001,0.9248322496790444,7.741094605024524,0.0053217411041259,4.692024111462687,0.9545386828582628,6.040159318027651,0.9367342653898388,2.0,full
energe_h,outer_4,streed,4,615.0,3,0.08,0.0001,0.1,0.8926197714515931,11.26320740063816,0.0052804946899414,12.314447493109416,0.8806845426173658,9.72935063381356,0.8980930000818176,1.0,full
energe_h,outer_4,streed,4,615.0,3,0.08,0.0001,0.001,0.9247891249471806,7.745570866071951,0.0054686069488525,4.695165392457128,0.9545082467888548,6.042898156468727,0.9367055782945436,2.0,full
energe_h,outer_4,streed,4,615.0,3,0.08,1e-05,0.1,0.8926149290542947,11.263709718399818,0.005289077758789,12.314820490091453,0.8806809286261138,9.730286278740918,0.898083199965538,1.0,full
energe_h,outer_4,streed,4,615.0,3,0.08,1e-05,0.001,0.9247847692358944,7.746022969441232,0.0053596496582031,4.695484263781243,0.9545051572245116,6.043176169200101,0.936702666338293,2.0,full
energe_h,outer_4,streed,4,615.0,3,0.05,0.1,0.1,0.931259188907581,7.1874202347396094,0.0258212089538574,3.394212947166814,0.9671132569713844,3.056589582743594,0.9679847210690488,3.0,full
energe_h,outer_4,streed,4,615.0,3,0.05,0.1,0.001,0.9601053226545834,4.077324225645745,0.0259718894958496,3.9737642273406633,0.9614979481149112,4.855156649750379,0.9491462003035098,2.0,full
energe_h,outer_4,streed,4,615.0,3,0.05,0.01,0.1,0.956720024744855,4.423596118155296,0.0263936519622802,4.132820885827952,0.9599568381326904,5.14678453760039,0.9460916364110352,2.0,full
energe_h,outer_4,streed,4,615.0,3,0.05,0.01,0.001,0.9536636824168137,4.738960334629116,0.0189642906188964,4.41658207619374,0.95720745808662,5.637688572698504,0.9409498176661424,2.0,full
energe_h,outer_4,streed,4,615.0,3,0.05,0.001,0.1,0.9541068362186548,4.689076457365645,0.0255875587463378,4.41065819670096,0.9572648549281396,5.5717096858390525,0.9416408926074052,2.0,full
energe_h,outer_4,streed,4,615.0,3,0.05,0.001,0.001,0.952680785981342,4.841190612649459,0.0111737251281738,4.692024111462687,0.9545386828582628,6.040159318027651,0.9367342653898388,2.0,full
energe_h,outer_4,streed,4,615.0,3,0.05,0.0001,0.1,0.9540672168053432,4.693149288250172,0.0257060527801513,4.817419868632895,0.9533237154690252,6.189412631375583,0.93517095885854,2.0,full
energe_h,outer_4,streed,4,615.0,3,0.05,0.0001,0.001,0.9526462255599164,4.844775061008306,0.0109927654266357,4.695165392457128,0.9545082467888548,6.042898156468727,0.9367055782945436,2.0,full
energe_h,outer_4,streed,4,615.0,3,0.05,1e-05,0.1,0.9540632150338644,4.693560686906292,0.0255029201507568,4.81765122673955,0.9533214738257578,6.189591787111323,0.9351690823485616,2.0,full
energe_h,outer_4,streed,4,615.0,3,0.05,1e-05,0.001,0.9526427209068532,4.845138542587481,0.0110883712768554,4.695484263781243,0.9545051572245116,6.043176169200101,0.936702666338293,2.0,full
energe_h,outer_4,streed,4,615.0,3,0.03,0.1,0.1,0.9654276490334546,3.5453238175700306,0.232792854309082,3.394212947166814,0.9671132569713844,3.056589582743594,0.9679847210690488,3.0,full
energe_h,outer_4,streed,4,615.0,3,0.03,0.1,0.001,0.966995732126012,3.3849164916256,0.2335357666015625,3.2244761000368816,0.9687578479740524,2.9573135364721663,0.9690245565544816,3.0,full
energe_h,outer_4,streed,4,615.0,3,0.03,0.01,0.1,0.9666672408998712,3.4188960500250585,0.2157912254333496,3.2300423633121733,0.9687039160985886,2.8963715985329386,0.9696628735705222,3.0,full
energe_h,outer_4,streed,4,615.0,3,0.03,0.01,0.001,0.9708570556606227,2.8974939020940265,0.0257630348205566,4.41658207619374,0.95720745808662,5.637688572698504,0.9409498176661424,2.0,full
energe_h,outer_4,streed,4,615.0,3,0.03,0.001,0.1,0.9667108444222308,3.414215156062159,0.2247462272644043,3.222375846244093,0.9687781974653348,2.876560429162972,0.969870379385797,3.0,full
energe_h,outer_4,streed,4,615.0,3,0.03,0.001,0.001,0.970871775237215,2.894872232502605,0.025498628616333,1.3967893976058243,0.9864664195502229,1.6376575464463743,0.9828468750142776,3.0,full
energe_h,outer_4,streed,4,615.0,3,0.03,0.0001,0.1,0.9667211295828853,3.4131722808639875,0.2226650714874267,3.221039814102222,0.9687911423649068,2.8750218798374823,0.9698864944331304,3.0,full
energe_h,outer_4,streed,4,615.0,3,0.03,0.0001,0.001,0.9711379322202912,2.865663364860994,0.0260024070739746,1.3967114103793314,0.9864671751733723,1.638496786988804,0.9828380846551767,3.0,full
energe_h,outer_4,streed,4,615.0,3,0.03,1e-05,0.1,0.9667221581979047,3.413068011780902,0.2230358123779297,3.220906191327485,0.9687924370443874,2.874867373695025,0.9698881127587556,3.0,full
energe_h,outer_4,streed,4,615.0,3,0.03,1e-05,0.001,0.9711362161072726,2.8658368442426174,0.0260727405548095,1.396712029484944,0.986467169174819,1.6385896001612643,0.982837112513015,3.0,full
energe_h,outer_4,streed,4,615.0,3,0.01,0.1,0.1,0.9731638032391836,2.723688506419318,2.3296284675598145,2.0124096586232474,0.9805016360665616,1.9549008796307068,0.9795240102573533,4.0,full
energe_h,outer_4,streed,4,615.0,3,0.01,0.1,0.001,0.9809713467719602,1.9523476218702287,1.786107301712036,1.8343075390991652,0.9822272787203408,1.8292244395349928,0.980840368301439,4.0,full
energe_h,outer_4,streed,4,615.0,3,0.01,0.01,0.1,0.9809839979508472,1.956120732060971,1.875025987625122,1.7906837970581564,0.9826499519046048,1.7293897896078432,0.9818860547038386,4.0,full
energe_h,outer_4,streed,4,615.0,3,0.01,0.01,0.001,0.9842648574042202,1.6080794926735384,0.8037927150726318,1.405476836915631,0.9863822464035744,1.6390287483158708,0.9828325127948384,3.0,full
energe_h,outer_4,streed,4,615.0,3,0.01,0.001,0.1,0.9808059099855212,1.9748440216037315,1.7248187065124512,1.7740708845894588,0.9828109154598736,1.707562265268585,0.9821146801902432,4.0,full
energe_h,outer_4,streed,4,615.0,3,0.01,0.001,0.001,0.984830913917276,1.5487466085135342,0.2362787723541259,1.3967893976058243,0.9864664195502229,1.6376575464463743,0.9828468750142776,3.0,full
energe_h,outer_4,streed,4,615.0,3,0.01,0.0001,0.1,0.9839659204560532,1.6455093489118686,1.7302780151367188,1.7729998105303304,0.9828212931638938,1.7066254742738058,0.9821244923106426,4.0,full
energe_h,outer_4,streed,4,615.0,3,0.01,0.0001,0.001,0.9853316733589492,1.5006659776860356,0.2218134403228759,1.3967114103793314,0.9864671751733723,1.638496786988804,0.9828380846551767,3.0,full
energe_h,outer_4,streed,4,615.0,3,0.01,1e-05,0.1,0.9839680416956312,1.645291800502502,1.721642255783081,1.772899228662454,0.9828222677079468,1.7065354998866495,0.9821254347188474,4.0,full
energe_h,outer_4,streed,4,615.0,3,0.01,1e-05,0.001,0.98533204769226,1.500638421008904,0.2219955921173095,1.396712029484944,0.986467169174819,1.6385896001612643,0.982837112513015,3.0,full
energe_h,outer_4,streed,4,615.0,3,0.008,0.1,0.1,0.9784594322481563,2.2144133484408406,2.429850816726685,2.0124096586232474,0.9805016360665616,1.9549008796307068,0.9795240102573533,4.0,full
energe_h,outer_4,streed,4,615.0,3,0.008,0.1,0.001,0.9809713467719602,1.9523476218702287,2.376043796539306,1.8343075390991652,0.9822272787203408,1.8292244395349928,0.980840368301439,4.0,full
energe_h,outer_4,streed,4,615.0,3,0.008,0.01,0.1,0.9809839979508472,1.956120732060971,2.333746194839477,1.7906837970581564,0.9826499519046048,1.7293897896078432,0.9818860547038386,4.0,full
energe_h,outer_4,streed,4,615.0,3,0.008,0.01,0.001,0.9854411097620162,1.4824868158386846,1.5309572219848633,1.2281992378463515,0.9880999002267346,1.3796369208498598,0.985549430288642,4.0,full
energe_h,outer_4,streed,4,615.0,3,0.008,0.001,0.1,0.9808059099855212,1.9748440216037315,2.097052812576294,1.7740708845894588,0.9828109154598736,1.707562265268585,0.9821146801902432,4.0,full
energe_h,outer_4,streed,4,615.0,3,0.008,0.001,0.001,0.984830913917276,1.5487466085135342,0.2397751808166504,1.3967893976058243,0.9864664195502229,1.6376575464463743,0.9828468750142776,3.0,full
energe_h,outer_4,streed,4,615.0,3,0.008,0.0001,0.1,0.9839659204560532,1.6455093489118686,2.079919815063477,1.7729998105303304,0.9828212931638938,1.7066254742738058,0.9821244923106426,4.0,full
energe_h,outer_4,streed,4,615.0,3,0.008,0.0001,0.001,0.9853316733589492,1.5006659776860356,0.2446696758270263,1.3967114103793314,0.9864671751733723,1.638496786988804,0.9828380846551767,3.0,full
energe_h,outer_4,streed,4,615.0,3,0.008,1e-05,0.1,0.9839680416956312,1.645291800502502,2.07922911643982,1.772899228662454,0.9828222677079468,1.7065354998866495,0.9821254347188474,4.0,full
energe_h,outer_4,streed,4,615.0,3,0.008,1e-05,0.001,0.98533204769226,1.500638421008904,0.2413675785064697,1.396712029484944,0.986467169174819,1.6385896001612643,0.982837112513015,3.0,full
energe_h,outer_4,streed,4,615.0,3,0.005,0.1,0.1,0.983367631003135,1.7057456195048608,2.5078911781311035,1.346642982208086,0.9869522913274688,1.489640577071241,0.9843972318524388,6.0,full
energe_h,outer_4,streed,4,615.0,3,0.005,0.1,0.001,0.9863060686962428,1.4001908026292589,2.435537099838257,1.2821147757344238,0.9875775091842826,1.4714421887023257,0.9845878451042192,5.0,full
energe_h,outer_4,streed,4,615.0,3,0.005,0.01,0.1,0.9865270915201476,1.3816162393333886,2.3789069652557373,1.2204837153351802,0.9881746564103052,1.337386801618622,0.9859919657731868,5.0,full
energe_h,outer_4,streed,4,615.0,3,0.005,0.01,0.001,0.986905346478286,1.341672687104848,2.0785396099090576,1.2281992378463515,0.9880999002267346,1.3796369208498598,0.985549430288642,4.0,full
energe_h,outer_4,streed,4,615.0,3,0.005,0.001,0.1,0.9864926829573518,1.3857459338734206,2.2159435749053955,1.1912638267894766,0.9884577697508308,1.3124790291533797,0.9862528543424358,5.0,full
energe_h,outer_4,streed,4,615.0,3,0.005,0.001,0.001,0.9855303856718588,1.4723317929903714,1.4737842082977295,1.3967893976058243,0.9864664195502229,1.6376575464463743,0.9828468750142776,3.0,full
energe_h,outer_4,streed,4,615.0,3,0.005,0.0001,0.1,0.9865169692376125,1.3832596826575372,2.1901497840881348,1.1895814864754468,0.9884740700520952,1.3109058075945546,0.9862693325530894,5.0,full
energe_h,outer_4,streed,4,615.0,3,0.005,0.0001,0.001,0.986023884740392,1.4250443322522794,0.7889139652252197,1.3967114103793314,0.9864671751733723,1.638496786988804,0.9828380846551767,3.0,full
energe_h,outer_4,streed,4,615.0,3,0.005,1e-05,0.1,0.9865193047237756,1.3830205890528504,2.193564176559448,1.1894215127932426,0.988475620047178,1.3107542509961092,0.9862709199846504,5.0,full
energe_h,outer_4,streed,4,615.0,3,0.005,1e-05,0.001,0.9860230988275804,1.4251435283608391,0.7715437412261963,1.396712029484944,0.986467169174819,1.6385896001612643,0.982837112513015,3.0,full
energe_h,outer_4,streed,4,615.0,3,0.003,0.1,0.1,0.983367631003135,1.7057456195048608,2.699862480163574,1.346642982208086,0.9869522913274688,1.489640577071241,0.9843972318524388,6.0,full
energe_h,outer_4,streed,4,615.0,3,0.003,0.1,0.001,0.9863060686962428,1.4001908026292589,2.5512053966522217,1.2821147757344238,0.9875775091842826,1.4714421887023257,0.9845878451042192,5.0,full
energe_h,outer_4,streed,4,615.0,3,0.003,0.01,0.1,0.9865270915201476,1.3816162393333886,2.5711774826049805,1.2204837153351802,0.9881746564103052,1.337386801618622,0.9859919657731868,5.0,full
energe_h,outer_4,streed,4,615.0,3,0.003,0.01,0.001,0.988651963230702,1.159231460284504,2.393637418746948,0.7140532170833238,0.9930814934052452,0.9368636733278402,0.9901871183520348,6.0,full
energe_h,outer_4,streed,4,615.0,3,0.003,0.001,0.1,0.9864926829573518,1.3857459338734206,2.39954137802124,1.1912638267894766,0.9884577697508308,1.3124790291533797,0.9862528543424358,5.0,full
energe_h,outer_4,streed,4,615.0,3,0.003,0.001,0.001,0.9910286122893204,0.917718130813383,1.9833781719207764,0.5874626554265943,0.9943080373304072,0.6976320390063909,0.9926928742916444,5.0,full
energe_h,outer_4,streed,4,615.0,3,0.003,0.0001,0.1,0.9865169692376125,1.3832596826575372,2.366992235183716,0.842270418344523,0.9918391888665024,0.985685333422808,0.9896757513452776,6.0,full
energe_h,outer_4,streed,4,615.0,3,0.003,0.0001,0.001,0.993105494595514,0.691007110749739,1.920304298400879,0.5868622368795343,0.9943138548235269,0.6987847000463592,0.9926808011088673,5.0,full
energe_h,outer_4,streed,4,615.0,3,0.003,1e-05,0.1,0.9865193047237756,1.3830205890528504,2.3771471977233887,0.8419925202083733,0.9918418814390468,0.9853174782266934,0.9896796043279537,6.0,full
energe_h,outer_4,streed,4,615.0,3,0.003,1e-05,0.001,0.993108316078498,0.6907169628312184,1.8832688331604004,0.5868393220822932,0.9943140768464404,0.6989474874761666,0.992679096043522,5.0,full
energe_h,outer_4,streed,4,615.0,3,0.001,0.1,0.1,0.9845754297414776,1.5851685094030046,3.098763465881348,1.0715295952413877,0.989617882261726,1.2499921030876795,0.98690735384699,9.0,full
energe_h,outer_4,streed,4,615.0,3,0.001,0.1,0.001,0.9871670472938804,1.318100836194161,2.979498624801636,0.937745948641278,0.9909141204399584,1.1674840009718648,0.9877715588152376,9.0,full
energe_h,outer_4,streed,4,615.0,3,0.001,0.01,0.1,0.9878789950362024,1.2466786554414433,3.086079835891724,0.8196355962340675,0.9920584990835782,1.0209858161803198,0.9893060076255912,8.0,full
energe_h,outer_4,streed,4,615.0,3,0.001,0.01,0.001,0.990961766083734,0.9256112585411334,3.0247819423675537,0.4048514407877625,0.996077368890757,0.6682368547288788,0.9930007648338304,8.0,full
energe_h,outer_4,streed,4,615.0,3,0.001,0.001,0.1,0.9878275322312824,1.2526771709833802,2.9430413246154785,0.6819361078780761,0.9933926780992216,0.8692517081646818,0.9908952984544565,9.0,full
energe_h,outer_4,streed,4,615.0,3,0.001,0.001,0.001,0.9942605122501394,0.580160413120331,2.7512152194976807,0.3000264774277929,0.9970930245631217,0.5182229063056009,0.9945720383961756,6.0,full
energe_h,outer_4,streed,4,615.0,3,0.001,0.0001,0.1,0.9878490732948676,1.2504865640881095,2.94279408454895,0.6795705373516608,0.993415598261047,0.8655660755917219,0.9909339024448404,9.0,full
energe_h,outer_4,streed,4,615.0,3,0.001,0.0001,0.001,0.9942910596233692,0.5769925497161621,2.694695472717285,0.2992077505987451,0.9971009572589355,0.520882396345783,0.9945441824105596,6.0,full
energe_h,outer_4,streed,4,615.0,3,0.001,1e-05,0.1,0.9878511256965888,1.2502779660274097,2.961356401443481,0.679334751129499,0.9934178828086044,0.8651964919537978,0.9909377735315325,9.0,full
energe_h,outer_4,streed,4,615.0,3,0.001,1e-05,0.001,0.9942928980674384,0.5767969396320781,2.6636812686920166,0.2991711491817649,0.99710131189237,0.5212150028984927,0.9945406986286284,6.0,full
energe_h,outer_4,streed,4,615.0,3,0.0005,0.1,0.1,0.985026424615334,1.5381694448320136,3.116481304168701,1.0349038146648135,0.9899727517565966,1.2606255720187498,0.9867959769464882,11.0,full
energe_h,outer_4,streed,4,615.0,3,0.0005,0.1,0.001,0.987971975200535,1.2358060364569596,3.135387659072876,0.8652462134367439,0.99161657494073,1.159181587608492,0.9878585198129224,10.0,full
energe_h,outer_4,streed,4,615.0,3,0.0005,0.01,0.1,0.9886103352538704,1.17322628424221,3.3020951747894287,0.7009555852263647,0.993208397185258,1.019632685568714,0.9893201805633662,10.0,full
energe_h,outer_4,streed,4,615.0,3,0.0005,0.01,0.001,0.9915677036870242,0.8673388667029097,3.244527578353882,0.3421386729440855,0.99668499684834,0.5151218661826278,0.9946045192582036,9.0,full
energe_h,outer_4,streed,4,615.0,3,0.0005,0.001,0.1,0.9887027592478916,1.164810745030759,3.0526459217071533,0.6677426657884479,0.993530199253598,0.9969898605197248,0.9895573456586806,10.0,full
energe_h,outer_4,streed,4,615.0,3,0.0005,0.001,0.001,0.9951847785844282,0.4901832664363783,2.892631769180298,0.2101113518188633,0.9979642178784246,0.3498840123744264,0.9963352507929464,8.0,full
energe_h,outer_4,streed,4,615.0,3,0.0005,0.0001,0.1,0.9887314546337692,1.16191813192785,3.2471866607666016,0.6648139299657738,0.9935585759594494,0.9949241652897548,0.9895789821287344,10.0,full
energe_h,outer_4,streed,4,615.0,3,0.0005,0.0001,0.001,0.9952355520472244,0.4850477337195772,2.8722617626190186,0.2473773993294903,0.9976031447969028,0.4214893492199106,0.9955852433843644,7.0,full
energe_h,outer_4,streed,4,615.0,3,0.0005,1e-05,0.1,0.9887342171634308,1.1616398753010069,3.219146013259888,0.6645274108760998,0.9935613520609556,0.9947207725377516,0.9895811125016588,10.0,full
energe_h,outer_4,streed,4,615.0,3,0.0005,1e-05,0.001,0.9952404860633228,0.4845528084392256,2.914165496826172,0.247265645989918,0.9976042275820488,0.4216148615665305,0.9955839287450652,7.0,full
energe_h,outer_4,streed,4,615.0,3,0.0001,0.1,0.1,0.9849371070287573,1.5475203017086887,3.404519557952881,1.0349038146648135,0.9899727517565966,1.2606255720187498,0.9867959769464882,11.0,full
energe_h,outer_4,streed,4,615.0,3,0.0001,0.1,0.001,0.98789590685633,1.2431214503476435,3.376232147216797,0.8608651257480233,0.9916590235752876,1.1535116001478245,0.9879179082997228,11.0,full
energe_h,outer_4,streed,4,615.0,3,0.0001,0.01,0.1,0.988557391069687,1.1789290123454477,3.452810287475586,0.6984755949087591,0.9932324259676466,1.0146393770639357,0.989372481390887,11.0,full
energe_h,outer_4,streed,4,615.0,3,0.0001,0.01,0.001,0.9915677036870242,0.8673388667029097,3.3974545001983643,0.3319828115685865,0.996783397628871,0.5117443549391959,0.9946398959293672,10.0,full
energe_h,outer_4,streed,4,615.0,3,0.0001,0.001,0.1,0.9885652061913048,1.17932642199506,3.3745219707489014,0.6558516858937664,0.9936454117067476,0.9736121224816242,0.9898022083672006,11.0,full
energe_h,outer_4,streed,4,615.0,3,0.0001,0.001,0.001,0.9953329060406008,0.4747183698035255,3.171793937683105,0.2071954959482453,0.9979924697896092,0.3600008447465443,0.996229285238356,9.0,full
energe_h,outer_4,streed,4,615.0,3,0.0001,0.0001,0.1,0.9888705094636456,1.1462002822510249,3.4009954929351807,0.6521833868429127,0.993680954087298,0.9711917762331818,0.989827559516956,11.0,full
energe_h,outer_4,streed,4,615.0,3,0.0001,0.0001,0.001,0.9953758241133258,0.470441022613094,3.062234878540039,0.1979251581160273,0.9980822906767552,0.351523274307315,0.9963180808633234,9.0,full
energe_h,outer_4,streed,4,615.0,3,0.0001,1e-05,0.1,0.9888738596117072,1.1458563402431203,3.409848690032959,0.6518239829897204,0.9936844363738684,0.9709550493642451,0.9898300390375244,11.0,full
energe_h,outer_4,streed,4,615.0,3,0.0001,1e-05,0.001,0.9953807895855444,0.4699428217663514,3.0293567180633545,0.1977683837058597,0.9980838096738898,0.3515790974266566,0.9963174961617506,9.0,full
energe_h,mean,streed,4,,3,0.0001,1e-05,0.001,0.9949054558421386,0.5153461531346267,3.306716728210449,0.24412823506781073,0.9975960031268128,0.30693705202564614,0.9969484900181624,8.4,full
energe_h,mean,streed,4,,3,0.0001,1e-05,0.1,0.9883036860115684,1.1894339598283667,3.626928520202637,0.6408519007190193,0.993687891351881,0.79190175245514,0.9921555007892057,11.2,full
energe_h,mean,streed,4,,3,0.0001,0.0001,0.001,0.9948868471140798,0.5172820030351906,3.2751347064971923,0.2430257084701112,0.9976068987401897,0.308575590385785,0.9969323274349463,8.6,full
energe_h,mean,streed,4,,3,0.0001,0.0001,0.1,0.9882985766751426,1.1899537945032754,3.644896984100342,0.6412105734575759,0.9936843651784104,0.7922687334390519,0.9921518900851535,11.2,full
energe_h,mean,streed,4,,3,0.0001,0.001,0.001,0.9948262591598315,0.5233277221447679,3.330272388458252,0.2559981015957876,0.9974794242522881,0.3343518326000655,0.9966871812393301,9.2,full
energe_h,mean,streed,4,,3,0.0001,0.001,0.1,0.9880324792038262,1.2167847121855737,3.6275750637054442,0.6448861171235479,0.9936482308516463,0.7960324845545257,0.9921148517898306,11.2,full
energe_h,mean,streed,4,,3,0.0001,0.01,0.001,0.9922185762264627,0.7901694100605443,3.736062526702881,0.38532094916948634,0.996203393647465,0.472427874020991,0.9953055075452214,10.4,full
energe_h,mean,streed,4,,3,0.0001,0.01,0.1,0.9879269944894731,1.2257883364278104,3.709861135482788,0.6977862823284375,0.9931263471224243,0.8422445620864896,0.9916572259462377,11.2,full
energe_h,mean,streed,4,,3,0.0001,0.1,0.001,0.986350810100509,1.38726013196611,3.6820646286010743,0.8537442777585543,0.991599347573674,1.0340622845740186,0.9896896421290352,10.6,full
energe_h,mean,streed,4,,3,0.0001,0.1,0.1,0.9829705579263625,1.72929450301092,3.6902979373931886,1.0266786703584923,0.9898929575348184,1.229499368010326,0.9878062241616755,10.6,full
energe_h,mean,streed,4,,3,0.0005,1e-05,0.001,0.9947693144111293,0.5291247713256786,3.1060985565185546,0.2709245751308985,0.9973335688364807,0.32356965899159923,0.9967653374861014,7.2,full
energe_h,mean,streed,4,,3,0.0005,1e-05,0.1,0.9881132335638979,1.208388755761452,3.4387418270111083,0.7004357579264252,0.9931129114508291,0.8824282629236138,0.9911851182804654,10.4,full
energe_h,mean,streed,4,,3,0.0005,0.0001,0.001,0.9947672553916045,0.5293337139361206,3.1092526435852053,0.270988465963356,0.9973329410503855,0.32350701051466924,0.9967657188484373,7.2,full
energe_h,mean,streed,4,,3,0.0005,0.0001,0.1,0.9881085977421638,1.2088609632768506,3.44045672416687,0.7007068886676443,0.9931102304945766,0.8827562105542904,0.9911819247927621,10.4,full
energe_h,mean,streed,4,,3,0.0005,0.001,0.001,0.994471345250272,0.5596972941985343,3.141630935668945,0.26425577382281135,0.9973980325619258,0.3102064556306871,0.9969036419088484,7.4,full
energe_h,mean,streed,4,,3,0.0005,0.001,0.1,0.9880709649039382,1.21269822365092,3.415826177597046,0.7034793651604468,0.9930828151728821,0.8860972030992587,0.9911494055730563,10.4,full
energe_h,mean,streed,4,,3,0.0005,0.01,0.001,0.990879107493034,0.926255259132102,3.502087879180908,0.4162290503207016,0.9958996266600071,0.4982105877748034,0.9950553034698709,8.6,full
energe_h,mean,streed,4,,3,0.0005,0.01,0.1,0.9879605564046627,1.2223371236106484,3.561528968811035,0.748065558200721,0.9926412231217675,0.9267070236200844,0.9907509569266543,10.4,full
energe_h,mean,streed,4,,3,0.0005,0.1,0.001,0.9866828024155009,1.3513207457287268,3.451302671432495,0.855669761796557,0.9915803339052743,1.036332544449768,0.9896673888459429,10.2,full
energe_h,mean,streed,4,,3,0.0005,0.1,0.1,0.9833414024350755,1.692463092736821,3.5158096313476563,1.0266786703584923,0.9898929575348184,1.229499368010326,0.9878062241616755,10.6,full
energe_h,mean,streed,4,,3,0.001,1e-05,0.001,0.9944817792229432,0.5573098098182985,2.8900951862335207,0.33376269213709825,0.9967136620937385,0.3823698261872136,0.9961746801475527,6.0,full
energe_h,mean,streed,4,,3,0.001,1e-05,0.1,0.9873751997426939,1.2818073795901093,3.1827645301818848,0.7627614759787342,0.992491378566483,0.9075149530855751,0.9909844274406991,8.8,full
energe_h,mean,streed,4,,3,0.001,0.0001,0.001,0.9944803763945214,0.5574551200502966,2.920925569534302,0.3337718946078048,0.9967135723223937,0.3822953344300174,0.9961752632663574,6.0,full
energe_h,mean,streed,4,,3,0.001,0.0001,0.1,0.9873720669356972,1.2821243261343391,3.178402805328369,0.7629657295868568,0.9924893635209007,0.9077404289271535,0.9909821755554237,8.8,full
energe_h,mean,streed,4,,3,0.001,0.001,0.001,0.994096879970915,0.5962552034904842,3.006561613082886,0.323379466927625,0.9968170988690905,0.37950442685631636,0.9962003216800976,6.2,full
energe_h,mean,streed,4,,3,0.001,0.001,0.1,0.9873493832454697,1.2844179422160924,3.1778815746307374,0.7650298681781104,0.9924689984163411,0.910037891218263,0.9909592587229417,8.8,full
energe_h,mean,streed,4,,3,0.001,0.01,0.001,0.9905716268916039,0.9561125771349552,3.2020781993865968,0.5508653294380564,0.9945823559822458,0.6908876176146077,0.9930882261780278,7.2,full
energe_h,mean,streed,4,,3,0.001,0.01,0.1,0.9871569079994149,1.3036873416786103,3.29223952293396,0.8371597645680053,0.991761818582469,0.9846024362856423,0.9902087722808,8.4,full
energe_h,mean,streed,4,,3,0.001,0.1,0.001,0.9859847440381542,1.4224888033360528,3.246287441253662,0.9516757781381153,0.9906348812740452,1.1247213428842806,0.9888090595863265,8.6,full
energe_h,mean,streed,4,,3,0.001,0.1,0.1,0.9831368601630892,1.7140216605917378,3.3581552505493164,1.1046399253949408,0.9891193869496002,1.3103419529219766,0.987050443773849,8.6,full
energe_h,mean,streed,4,,3,0.003,1e-05,0.001,0.9914279767352205,0.8651114329474474,1.9379498958587646,0.6687352586171061,0.9934376722751658,0.794803171768733,0.9920179870648365,4.8,full
energe_h,mean,streed,4,,3,0.003,1e-05,0.1,0.9865958035028068,1.3603136127152347,2.637144184112549,0.9922964940503671,0.9902268300052489,1.1497883883875022,0.9886356711172934,5.6,full
energe_h,mean,streed,4,,3,0.003,0.0001,0.001,0.9914276675048299,0.8651475783730846,1.9528642177581788,0.6687584961410495,0.9934374462988111,0.7946715806112515,0.9920191866315818,4.8,full
energe_h,mean,streed,4,,3,0.003,0.0001,0.1,0.9865931077519642,1.3605864159889207,2.6339159965515138,0.9925619564499282,0.9902242153440785,1.1500718980818345,0.9886328370446884,5.6,full
energe_h,mean,streed,4,,3,0.003,0.001,0.001,0.9906616154668221,0.9459390592482417,2.1182446479797363,0.669276599814341,0.9934323654176718,0.7944595065941686,0.9920208676777396,4.8,full
energe_h,mean,streed,4,,3,0.003,0.001,0.1,0.9865747210290794,1.3624457815275484,2.6752864360809325,1.0646064517891556,0.9895256954405435,1.2176740520521627,0.9879263119351498,5.4,full
energe_h,mean,streed,4,,3,0.003,0.01,0.001,0.9878810411100944,1.2284377209216197,2.649089813232422,0.7992343107868569,0.9921266547329257,0.9499261325547845,0.9905909206061964,5.8,full
energe_h,mean,streed,4,,3,0.003,0.01,0.1,0.9864339407682854,1.37650462679384,2.825052261352539,1.0892207981422115,0.9892845029820656,1.240729896088744,0.9876902405419044,5.6,full
energe_h,mean,streed,4,,3,0.003,0.1,0.001,0.9858413336154435,1.4357505384585894,2.8248626232147216,1.2599121514622202,0.987589299758415,1.3990748124853052,0.9861542239160995,5.2,full
energe_h,mean,streed,4,,3,0.003,0.1,0.1,0.9829900962543198,1.7260864401206901,2.9906981945037843,1.311140300900032,0.987086863892485,1.4400412476335027,0.9857562175982348,6.2,full
energe_h,mean,streed,4,,3,0.005,1e-05,0.001,0.985044299342352,1.5128025899520734,0.9696518421173096,1.3227074098337188,0.986999799450146,1.5083416278734583,0.9849409290455824,3.2,full
energe_h,mean,streed,4,,3,0.005,1e-05,0.1,0.9857676339041556,1.441434324100974,2.4992324829101564,1.2172191417343594,0.9880219300839397,1.3094082258424486,0.9870192929199362,5.0,full
energe_h,mean,streed,4,,3,0.005,0.0001,0.001,0.9850440002729695,1.5128320214540136,0.9751945495605469,1.4228102607222994,0.9859957927926837,1.5705468840697514,0.9843728186324157,3.0,full
energe_h,mean,streed,4,,3,0.005,0.0001,0.1,0.9860949251039918,1.4094017540175432,2.4964520931243896,1.2174370210222798,0.9880197813868911,1.3096675820061336,0.9870167339579494,5.0,full
energe_h,mean,streed,4,,3,0.005,0.001,0.001,0.9844118533778371,1.5784462951529,1.4696537017822267,1.4232586154254487,0.9859913720685054,1.571186040226372,0.9843660281166393,3.0,full
energe_h,mean,streed,4,,3,0.005,0.001,0.1,0.9856352085993967,1.4549811262768766,2.5131522178649903,1.3208409404705175,0.9869994029670182,1.4038764302704454,0.986108145439401,4.8,full
energe_h,mean,streed,4,,3,0.005,0.01,0.001,0.9857476079407184,1.4430917840963535,2.2327588558197022,1.1769247692807543,0.9884275545517329,1.2989847543294286,0.9870723744752151,4.4,full
energe_h,mean,streed,4,,3,0.005,0.01,0.1,0.9847538698394926,1.542546449086434,2.6902106285095213,1.2416678084127422,0.9877815173103894,1.3132292036422035,0.9869851033860048,5.0,full
energe_h,mean,streed,4,,3,0.005,0.1,0.001,0.9841868442312028,1.601114674728683,2.6779004096984864,1.3213464039795615,0.9869965707618444,1.4362410751216554,0.9857553220303783,5.0,full
energe_h,mean,streed,4,,3,0.005,0.1,0.1,0.9818485047630681,1.8388062438655226,2.7522912979125977,1.4329277652203014,0.9859047581752616,1.5354523875154675,0.9847726097567449,5.6,full
energe_h,mean,streed,4,,3,0.008,1e-05,0.001,0.9843769666922991,1.5835947515139057,0.2560540676116943,1.422775991551492,0.9859961307935035,1.570487969346164,0.9843734503512327,3.0,full
energe_h,mean,streed,4,,3,0.008,1e-05,0.1,0.9820952323817032,1.8137324971871647,2.274924087524414,1.764026924996624,0.9826446735375371,1.8637943264072763,0.9815801307383744,4.0,full
energe_h,mean,streed,4,,3,0.008,0.0001,0.001,0.9843764697492215,1.5836456378981751,0.2559431076049804,1.4228102607222994,0.9859957927926837,1.5705468840697514,0.9843728186324157,3.0,full
energe_h,mean,streed,4,,3,0.008,0.0001,0.1,0.9820941751464222,1.8138424344124762,2.28129358291626,1.7641747543941455,0.9826432172459502,1.86396700320579,0.9815784095512606,4.0,full
energe_h,mean,streed,4,,3,0.008,0.001,0.001,0.9842719590269204,1.5937292582575324,0.3673225402832031,1.4232586154254487,0.9859913720685054,1.571186040226372,0.9843660281166393,3.0,full
energe_h,mean,streed,4,,3,0.008,0.001,0.1,0.9814617655159623,1.8797503990685402,2.297981071472168,1.7591463569268389,0.9826931182974612,1.8361197163821692,0.9818555982510111,4.0,full
energe_h,mean,streed,4,,3,0.008,0.01,0.001,0.984873585030341,1.5306823673051972,1.6309996128082276,1.2380744373494883,0.9878162165701276,1.3412132866694364,0.9866757321352292,4.0,full
energe_h,mean,streed,4,,3,0.008,0.01,0.1,0.9811840246592934,1.909087840467975,2.5194377422332765,1.778911962699473,0.9824983250228211,1.8580777155510966,0.9816390375132208,4.0,full
energe_h,mean,streed,4,,3,0.008,0.1,0.001,0.9807526826137758,1.9517947422557906,2.608211088180542,1.8384219110893547,0.9819117499920637,1.957106201466484,0.9806469451936863,4.0,full
energe_h,mean,streed,4,,3,0.008,0.1,0.1,0.9784093489255877,2.190765519534383,2.7268874168396,2.034262323728535,0.9799820891875436,2.15072943395933,0.9787694256319451,4.0,full
energe_h,mean,streed,4,,3,0.01,1e-05,0.001,0.9843769666922991,1.5835947515139057,0.23992681503295893,1.422775991551492,0.9859961307935035,1.570487969346164,0.9843734503512327,3.0,full
energe_h,mean,streed,4,,3,0.01,1e-05,0.1,0.9820952323817032,1.8137324971871647,1.793788194656372,1.764026924996624,0.9826446735375371,1.8637943264072763,0.9815801307383744,4.0,full
energe_h,mean,streed,4,,3,0.01,0.0001,0.001,0.9843764697492215,1.5836456378981751,0.24009962081909175,1.4228102607222994,0.9859957927926837,1.5705468840697514,0.9843728186324157,3.0,full
energe_h,mean,streed,4,,3,0.01,0.0001,0.1,0.9820941751464222,1.8138424344124762,1.7967791080474853,1.7641747543941455,0.9826432172459502,1.86396700320579,0.9815784095512606,4.0,full
energe_h,mean,streed,4,,3,0.01,0.001,0.001,0.9842719590269204,1.5937292582575324,0.24906859397888179,1.4232586154254487,0.9859913720685054,1.571186040226372,0.9843660281166393,3.0,full
energe_h,mean,streed,4,,3,0.01,0.001,0.1,0.9803224571026148,1.9927404099925994,1.7908902168273926,1.7591463569268389,0.9826931182974612,1.8361197163821692,0.9818555982510111,4.0,full
energe_h,mean,streed,4,,3,0.01,0.01,0.001,0.9837764780363116,1.6438522298024598,0.8553914070129395,1.4411070470359775,0.9858146626559658,1.6143162269116715,0.9839585555283901,3.0,full
energe_h,mean,streed,4,,3,0.01,0.01,0.1,0.9800481736480368,2.0217349662738,1.9909620761871338,1.778911962699473,0.9824983250228211,1.8580777155510966,0.9816390375132208,4.0,full
energe_h,mean,streed,4,,3,0.01,0.1,0.001,0.9796616665175659,2.059995400817512,1.9565866470336915,1.8384219110893547,0.9819117499920637,1.957106201466484,0.9806469451936863,4.0,full
energe_h,mean,streed,4,,3,0.01,0.1,0.1,0.97138658095028,2.8955590073149393,2.5844266414642334,2.492485289996374,0.9754946287936017,2.765575107709406,0.9725338354286311,3.6,full
energe_h,mean,streed,4,,3,0.03,1e-05,0.001,0.9815378003753017,1.8566344361606482,0.027623128890991177,1.422775991551492,0.9859961307935035,1.570487969346164,0.9843734503512327,3.0,full
energe_h,mean,streed,4,,3,0.03,1e-05,0.1,0.9672407051823606,3.321343647698355,0.2327882766723633,3.1483345965465728,0.9690197509568659,3.283339333913955,0.9674698379654592,3.0,full
energe_h,mean,streed,4,,3,0.03,0.0001,0.001,0.98153772152149,1.856645115333167,0.027658843994140602,1.4228102607222994,0.9859957927926837,1.5705468840697514,0.9843728186324157,3.0,full
energe_h,mean,streed,4,,3,0.03,0.0001,0.1,0.9672405321841581,3.3213634092357105,0.23224067687988276,3.148458332917842,0.9690185350421627,3.28344621345344,0.967468806521515,3.0,full
energe_h,mean,streed,4,,3,0.03,0.001,0.001,0.9814801312909083,1.8629543830553466,0.027246284484863235,2.027879402648258,0.9799724356750353,2.24324450442032,0.9780388085302152,2.8,full
energe_h,mean,streed,4,,3,0.03,0.001,0.1,0.9672359027104708,3.321834124068399,0.23604297637939448,3.1494447604438647,0.9690088105426463,3.283989377263451,0.967463892712453,3.0,full
energe_h,mean,streed,4,,3,0.03,0.01,0.001,0.9712597605643305,2.885866638202617,0.027642393112182577,3.2606096065066894,0.9680525935512037,3.6995324596369272,0.9626107125462905,2.4,full
energe_h,mean,streed,4,,3,0.03,0.01,0.1,0.967159075151128,3.3295833537456074,0.23416347503662105,3.160584245222344,0.9688991281744034,3.2959155260093818,0.9673485276496633,3.0,full
energe_h,mean,streed,4,,3,0.03,0.1,0.001,0.9673052517129191,3.3143327581857753,0.24406285285949703,3.1511553723256855,0.9689928021029022,3.293974068386272,0.9673716658847059,3.0,full
energe_h,mean,streed,4,,3,0.03,0.1,0.1,0.9656760150972323,3.479274088421291,0.24012784957885738,3.3182010366017662,0.9673496905711675,3.44627169005127,0.9658855497740889,3.0,full
energe_h,mean,streed,4,,3,0.05,1e-05,0.001,0.9504120627045513,5.025670665179023,0.01469416618347164,4.779964774483274,0.9529659821305916,4.9061026561334105,0.9510323550930788,2.0,full
energe_h,mean,streed,4,,3,0.05,1e-05,0.1,0.9527301264443194,4.791826669553321,0.02730407714843746,4.71206635070301,0.9536377337215111,4.8397647280786655,0.9516631663199838,2.0,full
energe_h,mean,streed,4,,3,0.05,0.0001,0.001,0.950415708527703,5.025302425730445,0.0150229930877685,4.779628657676018,0.9529692904711314,4.905758454216614,0.9510357088023994,2.0,full
energe_h,mean,streed,4,,3,0.05,0.0001,0.1,0.9527341097686579,4.791424556013174,0.027913284301757758,4.711784480966007,0.9536405089361416,4.839489805714917,0.9516658637243042,2.0,full
energe_h,mean,streed,4,,3,0.05,0.001,0.001,0.950703470998716,4.995531468055212,0.01763753890991206,4.776315674528103,0.9530018997695973,4.902366867635524,0.9510687541955474,2.0,full
energe_h,mean,streed,4,,3,0.05,0.001,0.1,0.9528045124670197,4.784278666079149,0.0277603149414062,4.575620870749347,0.9549741874849932,4.6720986640723625,0.9533738812969691,2.0,full
energe_h,mean,streed,4,,3,0.05,0.01,0.001,0.9531600361339704,4.747486891848061,0.02355256080627436,4.529896705981613,0.9554218053644471,4.638972878979962,0.9537255305914908,2.0,full
energe_h,mean,streed,4,,3,0.05,0.01,0.1,0.9464237136227643,5.435510348582274,0.02781186103820794,4.202052779470117,0.9586502914134843,4.2955706582856354,0.957156761791303,2.0,full
energe_h,mean,streed,4,,3,0.05,0.1,0.001,0.945826701032869,5.500334814596021,0.02764186859130856,4.678049765120373,0.9539462050787811,5.226448698465814,0.9482005602803424,2.0,full
energe_h,mean,streed,4,,3,0.05,0.1,0.1,0.9299262487098094,7.146013049469788,0.02781796455383296,5.788768468575293,0.943023629328817,6.750986744697132,0.9334012210016857,2.4,full
energe_h,mean,streed,4,,3,0.08,1e-05,0.001,0.8832894813634107,11.85321688782779,0.00576891899108882,9.200085960011286,0.9094517486012779,10.376350493614472,0.8974977617342604,1.4,full
energe_h,mean,streed,4,,3,0.08,1e-05,0.1,0.8801463252993456,12.224098055018645,0.0057573795318603006,11.884549400163872,0.8830950772906802,12.048752906028055,0.8811223833645823,1.0,full
energe_h,mean,streed,4,,3,0.08,0.0001,0.001,0.8832972153833639,11.852433076393407,0.00577726364135738,9.199471398035957,0.9094577973748998,10.375778958512903,0.8975034463100979,1.4,full
energe_h,mean,streed,4,,3,0.08,0.0001,0.1,0.880152378326826,12.2234839272244,0.00576066970825192,11.884088394062449,0.8830996137822179,12.048259590905351,0.8811273999217477,1.0,full
energe_h,mean,streed,4,,3,0.08,0.001,0.001,0.8839279364206083,11.790421200570153,0.005689096450805601,9.193372624474394,0.9095178241660097,10.370112291443103,0.8975598129443305,1.4,full
energe_h,mean,streed,4,,3,0.08,0.001,0.1,0.8767175805703091,12.55348680671192,0.00572528839111322,11.879514089126051,0.883144626719688,12.043363812501175,0.881177190722261,1.0,full
energe_h,mean,streed,4,,3,0.08,0.01,0.001,0.8744072673515533,12.78882344894731,0.0056982040405273,12.422967238293017,0.8778038363247347,12.625561496344227,0.8753769283111493,1.0,full
energe_h,mean,streed,4,,3,0.08,0.01,0.1,0.8778561348671751,12.436672929770415,0.005741405487060499,11.836653733394424,0.8835664097878333,11.999917366372735,0.8816206532948714,1.0,full
energe_h,mean,streed,4,,3,0.08,0.1,0.001,0.891060644925297,11.140391731771283,0.005776643753051701,10.262213716125114,0.8988040868149711,11.176946887258238,0.8903818180584265,1.2,full
energe_h,mean,streed,4,,3,0.08,0.1,0.1,0.9225578125358854,7.876887234056445,0.025888824462890602,7.692258201206322,0.9243274259615106,7.878551494318819,0.9221548687298873,2.0,full
energe_h,mean,streed,4,,3,0.1,1e-05,0.001,0.8724909510034765,12.985207550381327,0.0056613922119140205,12.50483063859284,0.8769985344143041,12.712290701407563,0.87450414969117,1.0,full
energe_h,mean,streed,4,,3,0.1,1e-05,0.1,0.8766505775080151,12.560280500138234,0.005715465545654221,11.884549400163872,0.8830950772906802,12.048752906028055,0.8811223833645823,1.0,full
energe_h,mean,streed,4,,3,0.1,0.0001,0.001,0.8724992991981786,12.984360261237532,0.00563874244689938,12.504050409589983,0.877006209792299,12.71146515773386,0.8745124542136168,1.0,full
energe_h,mean,streed,4,,3,0.1,0.0001,0.1,0.8766567056648638,12.55965914723046,0.0056890964508056405,11.884088394062449,0.8830996137822179,12.048259590905351,0.8811273999217477,1.0,full
energe_h,mean,streed,4,,3,0.1,0.001,0.001,0.8731361612557716,12.921713651454905,0.00558104515075678,12.496293322705466,0.8770825187473805,12.703256473724528,0.8745950322930408,1.0,full
energe_h,mean,streed,4,,3,0.1,0.001,0.1,0.8767175805703091,12.55348680671192,0.005645751953124939,11.879514089126051,0.883144626719688,12.043363812501175,0.881177190722261,1.0,full
energe_h,mean,streed,4,,3,0.1,0.01,0.001,0.8744072673515533,12.78882344894731,0.0055887699127197005,12.422967238293017,0.8778038363247347,12.625561496344227,0.8753769283111493,1.0,full
energe_h,mean,streed,4,,3,0.1,0.01,0.1,0.8778561348671751,12.436672929770415,0.005507040023803681,11.836653733394424,0.8835664097878333,11.999917366372735,0.8816206532948714,1.0,full
energe_h,mean,streed,4,,3,0.1,0.1,0.001,0.8783582768882937,12.382035933309018,0.00552511215209958,11.979127070688874,0.8821688051833142,12.148350900930529,0.8802071545615862,1.0,full
energe_h,mean,streed,4,,3,0.1,0.1,0.1,0.8790177414160578,12.316861814009101,0.00562252998352046,11.975861377177687,0.8822007005851142,12.110595315313537,0.8806050607962359,1.0,full
energe_h,std,streed,4,,3,0.0001,1e-05,0.001,0.0009358043126632105,0.09333074046645058,0.25690847092034563,0.03194848439042475,0.0003362805604105225,0.04999469068998041,0.0006329422861874748,0.547722557505166,full
energe_h,std,streed,4,,3,0.0001,1e-05,0.1,0.0007871845277373644,0.0838249615346487,0.25840658919925713,0.07402238638386806,0.0007994774948913494,0.17056347882057182,0.0018340965908358827,0.44721359549995804,full
energe_h,std,streed,4,,3,0.0001,0.0001,0.001,0.0009549267699484703,0.09530065686889423,0.24692634180052753,0.031211293773022675,0.00032913009878065034,0.04797011210477299,0.0006174726878468419,0.5477225575051662,full
energe_h,std,streed,4,,3,0.0001,0.0001,0.1,0.0007880586271513064,0.08387842208756395,0.30736835970509363,0.07396660199686195,0.0007990109250026866,0.17067909983797816,0.0018350479081277319,0.44721359549995804,full
energe_h,std,streed,4,,3,0.0001,0.001,0.001,0.0010513339478380665,0.10478260655353884,0.17806896247872875,0.033323115039313206,0.00034723993071221276,0.05509266745931532,0.0006007053435234781,0.44721359549995804,full
energe_h,std,streed,4,,3,0.0001,0.001,0.1,0.0006594442292349186,0.06540575684903226,0.26616390575722376,0.07338762553133278,0.0007941664233978678,0.1717762365195508,0.0018440619527023943,0.44721359549995804,full
energe_h,std,streed,4,,3,0.0001,0.01,0.001,0.0015998746985798579,0.16286379964660005,0.29976379019351324,0.0589954852882827,0.0006320008940750212,0.07027403219108558,0.0008902356028585325,0.5477225575051662,full
energe_h,std,streed,4,,3,0.0001,0.01,0.1,0.000517262073174418,0.032959781461067886,0.3159512815990835,0.07516437594645903,0.0008343088855350859,0.1813959627332613,0.0019398434393220238,0.44721359549995804,full
energe_h,std,streed,4,,3,0.0001,0.1,0.001,0.0012440921546378022,0.1170592517426381,0.30745353614786775,0.04624684300181525,0.0005046437283069584,0.17676473767051026,0.0023146084936770095,0.8944271909999157,full
energe_h,std,streed,4,,3,0.0001,0.1,0.1,0.001860948074158476,0.1722775015987689,0.30538187673269546,0.05695249078628047,0.000703126747275221,0.10067326894451505,0.001549691916333946,0.8944271909999157,full
energe_h,std,streed,4,,3,0.0005,1e-05,0.001,0.0008304744132126069,0.08247362912060792,0.22709413398907066,0.028840556499981716,0.000299403265703888,0.07747362327641368,0.000963941728758002,0.44721359549995804,full
energe_h,std,streed,4,,3,0.0005,1e-05,0.1,0.0005923983341714027,0.05278428017650936,0.2828991981279345,0.05517558987106926,0.00047806316512799616,0.1849797978179882,0.0023469482276772366,0.8944271909999157,full
energe_h,std,streed,4,,3,0.0005,0.0001,0.001,0.0008300831490694801,0.082434178558596,0.27008889610106585,0.0288034834654779,0.0002990506051951933,0.07755954027369054,0.0009656728868509136,0.44721359549995804,full
energe_h,std,streed,4,,3,0.0005,0.0001,0.1,0.0005938986030700912,0.05291799468711934,0.2706829308199879,0.05506430477335826,0.00047706979839365386,0.18498353443183144,0.002346791151497463,0.8944271909999157,full
energe_h,std,streed,4,,3,0.0005,0.001,0.001,0.0018066333896710645,0.1810624835692037,0.23978251950561627,0.03945357094916326,0.0004066574062814579,0.06106190750515955,0.0008005791258066725,0.5477225575051661,full
energe_h,std,streed,4,,3,0.0005,0.001,0.1,0.000602248437872447,0.05414203340304777,0.31194276102686164,0.05392245685732998,0.00046692399045463845,0.1849628582880828,0.0023446999815014504,0.8944271909999157,full
energe_h,std,streed,4,,3,0.0005,0.01,0.001,0.0010445448906221705,0.10470744095557166,0.25818539715779704,0.07114695459964786,0.0007469466193931481,0.09170818747125167,0.0010327430066930127,0.5477225575051662,full
energe_h,std,streed,4,,3,0.0005,0.01,0.1,0.0005069948689642713,0.0323657843554942,0.2875090732790157,0.048243594801878724,0.00046452568896988383,0.18570367874330615,0.0023487701050629224,0.8944271909999157,full
energe_h,std,streed,4,,3,0.0005,0.1,0.001,0.0009620552280586691,0.07912260485136025,0.29960018090780205,0.048136887642897946,0.0005234744850815741,0.17543400650558202,0.002306582403975012,0.8366600265340755,full
energe_h,std,streed,4,,3,0.0005,0.1,0.1,0.0016236785727972594,0.15745603207084413,0.36788933264774626,0.05695249078628047,0.000703126747275221,0.10067326894451505,0.001549691916333946,0.8944271909999157,full
energe_h,std,streed,4,,3,0.001,1e-05,0.001,0.000774356892092939,0.07615827249120777,0.21007616034212148,0.024153767386152346,0.00028303625374469774,0.09743669334227036,0.0012017257753240086,0.0,full
energe_h,std,streed,4,,3,0.001,1e-05,0.1,0.0003233320549338224,0.020674829970010914,0.2789424782554247,0.06761123761549881,0.0007325914855352618,0.10442478093168181,0.001532828708971571,0.44721359549995787,full
energe_h,std,streed,4,,3,0.001,0.0001,0.001,0.0007746387298062496,0.0761837010917247,0.22593888985048047,0.024141116113040893,0.00028292402631977757,0.0973522118931628,0.001201594912340102,0.0,full
energe_h,std,streed,4,,3,0.001,0.0001,0.1,0.0003243724602170406,0.02071274301039611,0.2878094006350919,0.06758927220328026,0.0007324954655738902,0.10438054459823225,0.001532723333264322,0.44721359549995787,full
energe_h,std,streed,4,,3,0.001,0.001,0.001,0.001503434174881883,0.14957129271249686,0.23878971317181966,0.025096920082904487,0.00027355592332351664,0.10030963701062037,0.0012330576533946204,0.44721359549995804,full
energe_h,std,streed,4,,3,0.001,0.001,0.1,0.0003281217741094431,0.021710779043304464,0.2733916788064244,0.06739030724502257,0.0007317549473864904,0.10388363296922537,0.0015311759894147787,0.44721359549995787,full
energe_h,std,streed,4,,3,0.001,0.01,0.001,0.0007661490487581747,0.07239181730824805,0.2255722504796393,0.12343025699922361,0.0011937370779830775,0.20885274125314568,0.002448335879861911,0.8366600265340756,full
energe_h,std,streed,4,,3,0.001,0.01,0.1,0.0005018597596325928,0.03569873215223086,0.2711241429833843,0.016416686321569052,0.00028507499450447797,0.11783286755031526,0.001718953527764052,0.5477225575051662,full
energe_h,std,streed,4,,3,0.001,0.1,0.001,0.0008924311247844551,0.07341865803896527,0.2861120456801535,0.06906128586385564,0.0007372021112565005,0.21799266164235312,0.002522958171656702,1.140175425099138,full
energe_h,std,streed,4,,3,0.001,0.1,0.1,0.0012523767170887698,0.11766791176799284,0.2855656282267881,0.11717243737482494,0.001301837478329128,0.18298433090327101,0.0017753318946364407,0.5477225575051662,full
energe_h,std,streed,4,,3,0.003,1e-05,0.001,0.0024846874080706955,0.2510195709279274,0.15052804773556278,0.23770347862109217,0.0022960274231423007,0.3587847494268857,0.0038384770267670602,0.8366600265340757,full
energe_h,std,streed,4,,3,0.003,1e-05,0.1,0.00043330484019711167,0.033355679684054645,0.22525980012805216,0.19159376861966132,0.001961859353422566,0.2089010763731869,0.002037319813991763,0.5477225575051662,full
energe_h,std,streed,4,,3,0.003,0.0001,0.001,0.0024850584740192428,0.2510544685995474,0.1404973053381692,0.23771075009542175,0.002296087127415089,0.35915171766974935,0.0038417247426016468,0.8366600265340757,full
energe_h,std,streed,4,,3,0.003,0.0001,0.1,0.0004340216740071074,0.03339288196940947,0.22895415378746004,0.19153448239209978,0.0019613275161020926,0.20889315967351468,0.0020374351155363494,0.5477225575051662,full
energe_h,std,streed,4,,3,0.003,0.001,0.001,0.0021389066645795306,0.21173813065347233,0.12933635073745636,0.23768103976007784,0.0022956704986632614,0.361655442157473,0.003863450133902783,0.8366600265340757,full
energe_h,std,streed,4,,3,0.003,0.001,0.1,0.0004360040702342376,0.03413576983432229,0.2463047684058554,0.18558974470653994,0.001835867923760154,0.19511348324284566,0.0021671921966968447,0.5477225575051662,full
energe_h,std,streed,4,,3,0.003,0.01,0.001,0.0007971347276048106,0.06802568682305571,0.24656152673214654,0.16895236027859764,0.0017381405055707493,0.13702877342741474,0.0015139035740973394,0.44721359549995804,full
energe_h,std,streed,4,,3,0.003,0.01,0.1,0.0005102530379151024,0.037909003081893586,0.26002018955183814,0.16859849164279483,0.0016594654204658806,0.18527661933368128,0.0021539849520366082,0.547722557505166,full
energe_h,std,streed,4,,3,0.003,0.1,0.001,0.0005852362821772516,0.03702921957117061,0.27937521433337803,0.1468050510876366,0.001594842469711035,0.10801135264368317,0.0014137839495476996,0.44721359549995787,full
energe_h,std,streed,4,,3,0.003,0.1,0.1,0.0006835909008800152,0.04958057742609806,0.2471260623622699,0.13613428841078304,0.0014931576075933061,0.12458352977236266,0.0014528683434831848,0.44721359549995787,full
energe_h,std,streed,4,,3,0.005,1e-05,0.001,0.0014712483047013352,0.1303802093742362,0.34130539779672336,0.17725699196531536,0.0016572667593671739,0.3425499455522402,0.004040613498929787,0.4472135954999579,full
energe_h,std,streed,4,,3,0.005,1e-05,0.1,0.0015626961277831813,0.13799030664610293,0.2607004398491692,0.032855086376344954,0.00047049625743945614,0.08608259933497321,0.0014749101917700957,0.0,full
energe_h,std,streed,4,,3,0.005,0.0001,0.001,0.001471959293066304,0.13045145543479497,0.3363133010070248,0.053371970284980676,0.000735217064201864,0.20734295977596143,0.0028818774517271615,0.0,full
energe_h,std,streed,4,,3,0.005,0.0001,0.1,0.0014706174116600021,0.13643033533786386,0.2735112637268298,0.03291105606565825,0.00047107490294032666,0.08607793048693176,0.0014749866935142566,0.0,full
energe_h,std,streed,4,,3,0.005,0.001,0.001,0.0013980798722691198,0.12097589290993006,0.2766518444703857,0.05344080710882371,0.0007359101261564062,0.2100683657769693,0.002902155191462793,0.0,full
energe_h,std,streed,4,,3,0.005,0.001,0.1,0.0016630108976810707,0.14671418407203474,0.26503798710151805,0.23412171596153508,0.0023539081588677766,0.3311730539564676,0.0033012716608218596,0.44721359549995787,full
energe_h,std,streed,4,,3,0.005,0.01,0.001,0.0018556324505091168,0.1646400846508632,0.17927194534166271,0.058764865777644525,0.0004228037111803699,0.18960870196516594,0.0025256623752722192,0.5477225575051663,full
energe_h,std,streed,4,,3,0.005,0.01,0.1,0.0012309118816255596,0.10718986100036061,0.2918492032821497,0.025295826927192032,0.00042053128982007417,0.11527352797295416,0.0015923017213377107,0.0,full
energe_h,std,streed,4,,3,0.005,0.1,0.001,0.0013450797582464352,0.11948662757991572,0.2884221510016572,0.028468210445667292,0.00048492067960239797,0.09582437091515308,0.0016969881437900718,0.0,full
energe_h,std,streed,4,,3,0.005,0.1,0.1,0.001656450960063153,0.14119485098986007,0.25766596634075967,0.08292229868328634,0.0007873621688362535,0.14955776680083455,0.002071469616560174,0.5477225575051663,full
energe_h,std,streed,4,,3,0.008,1e-05,0.001,0.0013534519004968677,0.11456740193007818,0.018457580617338584,0.053367277855010234,0.0007351673834988372,0.20706290449860482,0.0028797970957153305,0.0,full
energe_h,std,streed,4,,3,0.008,1e-05,0.1,0.001335776399420418,0.12539718931640237,0.17716134565063804,0.02828994945550075,0.00040287351927859716,0.10965962353816788,0.001305488000516303,0.0,full
energe_h,std,streed,4,,3,0.008,0.0001,0.001,0.0013540498159836326,0.11462926450405404,0.016135755189557906,0.053371970284980676,0.000735217064201864,0.20734295977596143,0.0028818774517271615,0.0,full
energe_h,std,streed,4,,3,0.008,0.0001,0.1,0.0013354193549676172,0.12537669573129767,0.1785959226034055,0.02832219092524201,0.0004032196382605229,0.109699381825382,0.0013061407665590796,0.0,full
energe_h,std,streed,4,,3,0.008,0.001,0.001,0.0012889098506906284,0.10839119622045756,0.2517044347760547,0.05344080710882371,0.0007359101261564062,0.2100683657769693,0.002902155191462793,0.0,full
energe_h,std,streed,4,,3,0.008,0.001,0.1,0.0009026893851450466,0.09827976978156826,0.18608955732162932,0.020892034903937984,0.0003264832354834201,0.12390982183964665,0.0013525587065704222,0.0,full
energe_h,std,streed,4,,3,0.008,0.01,0.001,0.0019635824556541045,0.17949921401851357,0.0844716832589987,0.03664636562494009,0.0005165975725692819,0.1635832859834489,0.0022046637584735014,0.0,full
energe_h,std,streed,4,,3,0.008,0.01,0.1,0.0005258396737563739,0.05084757980787637,0.20864719144034113,0.01965994211513413,0.00034333382021296734,0.13063969219028287,0.001403467235924884,0.0,full
energe_h,std,streed,4,,3,0.008,0.1,0.001,0.0004981091641444241,0.024758247431985604,0.24375566244394453,0.012687644712669031,0.00038735035924919784,0.11621569935022527,0.0015332316106448137,0.0,full
energe_h,std,streed,4,,3,0.008,0.1,0.1,0.0006479909044274249,0.05278893916594849,0.24720468202835993,0.06582161039239216,0.0008535935702111269,0.28197187033460247,0.0025469612713110343,0.0,full
energe_h,std,streed,4,,3,0.01,1e-05,0.001,0.0013534519004968677,0.11456740193007818,0.016883121089908977,0.053367277855010234,0.0007351673834988372,0.20706290449860482,0.0028797970957153305,0.0,full
energe_h,std,streed,4,,3,0.01,1e-05,0.1,0.001335776399420418,0.12539718931640237,0.12494710117551647,0.02828994945550075,0.00040287351927859716,0.10965962353816788,0.001305488000516303,0.0,full
energe_h,std,streed,4,,3,0.01,0.0001,0.001,0.0013540498159836326,0.11462926450405404,0.016222530486462394,0.053371970284980676,0.000735217064201864,0.20734295977596143,0.0028818774517271615,0.0,full
energe_h,std,streed,4,,3,0.01,0.0001,0.1,0.0013354193549676172,0.12537669573129767,0.1137036271069964,0.02832219092524201,0.0004032196382605229,0.109699381825382,0.0013061407665590796,0.0,full
energe_h,std,streed,4,,3,0.01,0.001,0.001,0.0012889098506906284,0.10839119622045756,0.017183819253118793,0.05344080710882371,0.0007359101261564062,0.2100683657769693,0.002902155191462793,0.0,full
energe_h,std,streed,4,,3,0.01,0.001,0.1,0.0026396831354623075,0.2847005849733095,0.12566181637768453,0.020892034903937984,0.0003264832354834201,0.12390982183964665,0.0013525587065704222,0.0,full
energe_h,std,streed,4,,3,0.01,0.01,0.001,0.0014763129970292279,0.12544989763005676,0.0730574746759925,0.06460497670799532,0.0008450726825724353,0.16781629036431914,0.0025323405144975215,0.0,full
energe_h,std,streed,4,,3,0.01,0.01,0.1,0.0023556501715677777,0.2538846916932921,0.12412751392516817,0.01965994211513413,0.00034333382021296734,0.13063969219028287,0.001403467235924884,0.0,full
energe_h,std,streed,4,,3,0.01,0.1,0.001,0.0021910658657673106,0.2360156927063552,0.15051281598117205,0.012687644712669031,0.00038735035924919784,0.11621569935022527,0.0015332316106448137,0.0,full
energe_h,std,streed,4,,3,0.01,0.1,0.1,0.004621707986860833,0.4796271625820405,0.21863409748873974,0.6659886618849489,0.006479677178295406,1.0089216372262308,0.010480613494589404,0.5477225575051661,full
energe_h,std,streed,4,,3,0.03,1e-05,0.001,0.005946181498414829,0.5738058127482066,0.0011812551228774196,0.053367277855010234,0.0007351673834988372,0.20706290449860482,0.0028797970957153305,0.0,full
energe_h,std,streed,4,,3,0.03,1e-05,0.1,0.0008650163457422809,0.06522951570923936,0.008401970829256422,0.09372861923767964,0.0012365278149849355,0.43636096917703204,0.005168952439355854,0.0,full
energe_h,std,streed,4,,3,0.03,0.0001,0.001,0.005945330270121219,0.5737158983246977,0.0011829248337198789,0.053371970284980676,0.000735217064201864,0.20734295977596143,0.0028818774517271615,0.0,full
energe_h,std,streed,4,,3,0.03,0.0001,0.1,0.000863612192498363,0.06515730023052903,0.008458947673852133,0.09373905031348201,0.0012365779662177811,0.4363277830152574,0.0051684624125487785,0.0,full
energe_h,std,streed,4,,3,0.03,0.001,0.001,0.0060606546449914105,0.5864156732237246,0.0013229959353039456,1.3409872280197075,0.013448505330163988,1.439687868213802,0.013251650632623587,0.4472135954999579,full
energe_h,std,streed,4,,3,0.03,0.001,0.1,0.0008641158734167564,0.06554778380193811,0.009006200421917347,0.09415252743812229,0.0012403249713074291,0.43569978923336056,0.005158972584495216,0.0,full
energe_h,std,streed,4,,3,0.03,0.01,0.001,0.010395013259723633,1.049316225282352,0.0013487453824344337,1.6056103584876986,0.015522046661819318,2.0040479670602998,0.02152934145205806,0.5477225575051661,full
energe_h,std,streed,4,,3,0.03,0.01,0.1,0.0008774477823894762,0.06572415881499485,0.014433906952544956,0.09455845911024063,0.0012480743268993711,0.4304169249624271,0.005092404915935062,0.0,full
energe_h,std,streed,4,,3,0.03,0.1,0.001,0.0010108052886218456,0.07022298020474527,0.01229222078617519,0.09196792801692079,0.001200181267826017,0.3782854318561234,0.004628668171194948,0.0,full
energe_h,std,streed,4,,3,0.03,0.1,0.1,0.0008829752843247815,0.06123568539817686,0.009911963216320971,0.09670543557377395,0.001243906968174747,0.41509390367545695,0.004779018219920338,0.0,full
energe_h,std,streed,4,,3,0.05,1e-05,0.001,0.002079623405631205,0.16786499673154773,0.005201923695840577,0.24280713959368527,0.0026889025896030525,0.8903517700831343,0.01175344234845023,0.0,full
energe_h,std,streed,4,,3,0.05,1e-05,0.1,0.002395749566096302,0.2331006055870953,0.0013240185657848863,0.1458768343573403,0.0017307889027870884,1.0025150216508665,0.012681728758416787,0.0,full
energe_h,std,streed,4,,3,0.05,0.0001,0.001,0.0020793687353980535,0.16785477439036853,0.005425446315623722,0.2428044501218887,0.002688821420532455,0.8903936286091898,0.01175385311276973,0.0,full
energe_h,std,streed,4,,3,0.05,0.0001,0.1,0.002396395945101917,0.2331826311758937,0.0019556868100300065,0.1458801394552372,0.0017307174411110631,1.0025439931411675,0.012681937190122903,0.0,full
energe_h,std,streed,4,,3,0.05,0.001,0.001,0.002191941237930035,0.16614672472928207,0.006969040722477336,0.24277730900678013,0.0026880121833758996,0.8908089980629545,0.011757920766362768,0.0,full
energe_h,std,streed,4,,3,0.05,0.001,0.1,0.0023343300013978544,0.23018550276815244,0.0016174317056418667,0.24684273804763782,0.0027500577522017455,0.8138537865679981,0.010872896914108346,0.0,full
energe_h,std,streed,4,,3,0.05,0.01,0.001,0.0016291018846310036,0.12938356667214115,0.0029226310271580603,0.1464338916933998,0.0019706146623750145,0.8322992572174094,0.010853555775177425,0.0,full
energe_h,std,streed,4,,3,0.05,0.01,0.1,0.010670365321371098,1.0731531576239115,0.0012030773557558418,0.12723464776563762,0.001701527697027061,0.768754680935632,0.009971068795386184,0.0,full
energe_h,std,streed,4,,3,0.05,0.1,0.001,0.013900843123127142,1.3796570710621294,0.0013153330729474874,1.4451303293851427,0.014376887699032156,2.3710555722888795,0.02320340962645384,0.0,full
energe_h,std,streed,4,,3,0.05,0.1,0.1,0.01032832577635146,1.0539076878808809,0.0012848270273002212,2.2616941006859803,0.02235210369812058,2.9806337583461104,0.02968709043441234,0.5477225575051661,full
energe_h,std,streed,4,,3,0.08,1e-05,0.001,0.023399594342381813,2.3090862953417637,0.00024488139274983495,4.238626142266026,0.04180254483193213,4.638515325590734,0.04556934451345696,0.5477225575051662,full
energe_h,std,streed,4,,3,0.08,1e-05,0.1,0.007771941378605973,0.6577261503990145,0.00027019449627050334,0.2724325219027298,0.0021694961405921286,1.9460965558166305,0.018307382125320855,0.0,full
energe_h,std,streed,4,,3,0.08,0.0001,0.001,0.02339779374853695,2.308909405490105,0.0001979255208714525,4.238368957344651,0.0418000108720078,4.638425635637171,0.045568150400696894,0.5477225575051662,full
energe_h,std,streed,4,,3,0.08,0.0001,0.1,0.007771569442686436,0.6576883034091293,0.0002803646885355694,0.27243967105269723,0.0021694974603588945,1.9462797105354661,0.018308294567890324,0.0,full
energe_h,std,streed,4,,3,0.08,0.001,0.001,0.023016171004011547,2.279001491470092,0.0002409602467027793,4.2357958070730115,0.041774659332071626,4.637510411929561,0.04555604136502764,0.5477225575051662,full
energe_h,std,streed,4,,3,0.08,0.001,0.1,0.003547689394437403,0.43696726342384246,0.0002727548454732687,0.27251451098734863,0.0021695664605843054,1.9481012663282915,0.018317364553115462,0.0,full
energe_h,std,streed,4,,3,0.08,0.01,0.001,0.0027054162926936466,0.30841704842824474,0.000274615928174705,0.38283864714588856,0.003151273113990155,1.7097283259995268,0.016241015091835998,0.0,full
energe_h,std,streed,4,,3,0.08,0.01,0.1,0.0036755911080090108,0.40845198146280415,0.0002699972459604419,0.27375315131120037,0.002175424726350513,1.9687134881785315,0.01843260348614438,0.0,full
energe_h,std,streed,4,,3,0.08,0.1,0.001,0.0093967402318019,0.7733586384211172,0.00020159605576669303,3.523378069188592,0.03515019801141657,3.7750556283055237,0.035744511767576,0.4472135954999579,full
energe_h,std,streed,4,,3,0.08,0.1,0.1,0.0047017045877675665,0.39488455772292375,0.0009644219045383788,0.35647155936817154,0.0035141518673676548,1.4575901243702976,0.014881600374835055,0.0,full
energe_h,std,streed,4,,3,0.1,1e-05,0.001,0.003219004558410784,0.3400454493174136,0.000270056094139176,0.3791537908837861,0.003102703944575241,1.678636097370459,0.016061336731512922,0.0,full
energe_h,std,streed,4,,3,0.1,1e-05,0.1,0.003540706257528357,0.4365004270095322,0.00027495578574190477,0.2724325219027298,0.0021694961405921286,1.9460965558166305,0.018307382125320855,0.0,full
energe_h,std,streed,4,,3,0.1,0.0001,0.001,0.0032196766028683194,0.34012637508238447,0.0002579216662646478,0.3791888376300564,0.003103159974581466,1.6789298534467976,0.016063023023630944,0.0,full
energe_h,std,streed,4,,3,0.1,0.0001,0.1,0.0035413436884873016,0.4365430857227408,0.00029807459388507264,0.27243967105269723,0.0021694974603588945,1.9462797105354661,0.018308294567890324,0.0,full
energe_h,std,streed,4,,3,0.1,0.001,0.001,0.002912181971495766,0.37487240962491575,0.0002648619884636246,0.3795374367863019,0.0031077014310418876,1.6818532518828564,0.016079818055401793,0.0,full
energe_h,std,streed,4,,3,0.1,0.001,0.1,0.003547689394437403,0.43696726342384246,0.0002787933461406859,0.27251451098734863,0.0021695664605843054,1.9481012663282915,0.018317364553115462,0.0,full
energe_h,std,streed,4,,3,0.1,0.01,0.001,0.0027054162926936466,0.30841704842824474,0.0002072722190886416,0.38283864714588856,0.003151273113990155,1.7097283259995268,0.016241015091835998,0.0,full
energe_h,std,streed,4,,3,0.1,0.01,0.1,0.0036755911080090108,0.40845198146280415,0.00024519176947775687,0.27375315131120037,0.002175424726350513,1.9687134881785315,0.01843260348614438,0.0,full
energe_h,std,streed,4,,3,0.1,0.1,0.001,0.0043426048645049285,0.4678623820753896,0.0002707600150068377,0.4016753500675084,0.0034459101574412514,1.9017472912878808,0.01733549741177036,0.0,full
energe_h,std,streed,4,,3,0.1,0.1,0.1,0.00429323941868137,0.4721885009832231,0.000256633408580572,0.4030184629848393,0.0034703027145726196,1.9293743418607874,0.017468911808405835,0.0,full
energe_h,best_by_mean_val_r2,streed,4,,3,0.0001,1e-05,0.001,0.9949054558421386,0.5153461531346267,3.306716728210449,0.24412823506781073,0.9975960031268128,0.30693705202564614,0.9969484900181624,8.4,full
