Hour,Temperature,Humidity,Wind_speed,Visibility,Dew_point_temperature,Solar_Radiation,Rainfall,Snowfall,Rented_Bike_Count
0,-5.2,37,2.2,2000,-17.6,0.0,0.0,0.0,254
1,-5.5,38,0.8,2000,-17.6,0.0,0.0,0.0,204
2,-6.0,39,1.0,2000,-17.7,0.0,0.0,0.0,173
5,-6.4,37,1.5,2000,-18.7,0.0,0.0,0.0,100
6,-6.6,35,1.3,2000,-19.5,0.0,0.0,0.0,181
7,-7.4,38,0.9,2000,-19.3,0.0,0.0,0.0,460
8,-7.6,37,1.1,2000,-19.8,0.01,0.0,0.0,930
9,-6.5,27,0.5,1928,-22.4,0.23,0.0,0.0,490
12,1.7,23,1.4,2000,-17.2,1.11,0.0,0.0,449
13,2.4,25,1.6,2000,-15.6,1.16,0.0,0.0,451
14,3.0,26,2.0,2000,-14.6,1.01,0.0,0.0,447
16,1.2,54,4.2,793,-7.0,0.24,0.0,0.0,484
17,0.8,58,1.6,2000,-6.5,0.08,0.0,0.0,555
18,0.6,66,1.4,2000,-5.0,0.0,0.0,0.0,862
19,0.0,77,1.7,2000,-3.5,0.0,0.0,0.0,600
21,-0.8,81,0.8,1687,-3.6,0.0,0.0,0.0,405
22,-0.9,83,1.5,1380,-3.4,0.0,0.0,0.0,398
23,-1.3,84,1.0,1265,-3.6,0.0,0.0,0.0,323
0,-1.8,87,1.1,994,-3.6,0.0,0.0,0.0,328
1,-2.2,86,0.6,990,-4.2,0.0,0.0,0.0,308
2,-2.9,86,1.5,1256,-4.9,0.0,0.0,0.0,262
3,-3.5,81,2.2,1221,-6.2,0.0,0.0,0.0,167
5,-4.0,79,1.5,1202,-7.1,0.0,0.0,0.0,79
7,-4.4,81,2.5,1276,-7.1,0.0,0.0,0.0,146
10,-0.4,57,1.6,1309,-7.8,0.8,0.0,0.0,334
11,1.9,49,1.8,1406,-7.7,1.0,0.0,0.0,388
12,4.3,41,1.3,1666,-7.8,1.09,0.0,0.0,479
14,7.3,35,1.3,1955,-7.1,0.99,0.0,0.0,611
15,7.6,41,2.3,1953,-4.8,0.74,0.0,0.0,589
16,6.4,48,2.6,1945,-3.8,0.22,0.0,0.0,618
17,6.0,51,2.5,1891,-3.3,0.06,0.0,0.0,572
18,5.5,53,1.5,1697,-3.3,0.0,0.0,0.0,489
19,5.0,52,2.3,1666,-4.0,0.0,0.0,0.0,385
20,4.6,51,1.2,1585,-4.6,0.0,0.0,0.0,359
22,3.5,54,1.5,1446,-4.9,0.0,0.0,0.0,354
23,4.0,56,1.0,1352,-4.0,0.0,0.0,0.0,366
1,3.9,69,1.7,485,-1.2,0.0,0.0,0.0,227
2,3.3,79,1.4,830,0.0,0.0,0.0,0.0,228
3,3.4,71,1.6,1011,-1.3,0.0,0.5,0.0,117
4,3.5,73,1.0,1060,-0.8,0.0,0.0,0.0,76
5,3.9,75,1.9,914,-0.1,0.0,0.0,0.0,32
6,3.4,86,2.5,278,1.2,0.0,1.0,0.0,13
7,3.1,91,1.2,129,1.7,0.0,0.0,0.0,22
8,3.2,92,1.8,244,2.0,0.0,0.0,0.0,85
10,4.4,89,2.2,257,2.7,0.24,0.0,0.0,200
11,5.1,87,1.4,321,3.1,0.25,0.0,0.0,273
12,5.8,85,1.7,349,3.4,0.43,0.0,0.0,333
15,8.0,73,1.6,433,3.4,0.53,0.0,0.0,621
16,7.6,77,1.6,399,3.8,0.2,0.0,0.0,598
17,6.7,82,1.5,358,3.8,0.05,0.0,0.0,545
18,6.0,84,1.9,327,3.4,0.0,0.0,0.0,443
19,5.7,85,1.7,309,3.3,0.0,0.0,0.0,422
20,5.2,87,1.4,253,3.2,0.0,0.0,0.0,397
21,4.7,87,1.2,247,2.7,0.0,0.0,0.0,385
22,4.3,89,1.8,201,2.6,0.0,0.0,0.0,350
23,3.9,90,1.3,194,2.4,0.0,0.0,0.0,303
0,4.2,88,0.6,216,2.3,0.0,0.0,0.0,285
1,4.3,87,0.5,221,2.3,0.0,0.0,0.0,186
2,4.4,87,1.8,207,2.4,0.0,0.0,0.0,112
3,3.6,85,2.3,206,1.3,0.0,0.0,0.0,65
4,2.8,89,1.5,130,1.1,0.0,0.0,0.0,41
5,2.0,83,2.7,253,-0.5,0.0,0.0,0.0,82
6,1.2,76,3.7,371,-2.5,0.0,0.1,0.0,200
7,0.2,68,3.4,702,-5.0,0.0,0.0,0.0,498
8,-0.8,69,3.5,954,-5.7,0.01,0.0,0.0,937
10,-1.1,40,4.5,2000,-13.0,0.64,0.0,0.0,311
11,-0.5,41,4.1,1799,-12.1,0.94,0.0,0.0,379
12,-0.3,38,4.8,1823,-12.9,1.11,0.0,0.0,393
13,0.0,30,5.4,1938,-15.5,1.17,0.0,0.0,391
14,0.1,27,4.5,2000,-16.7,1.09,0.0,0.0,338
15,-0.1,25,5.8,2000,-17.8,0.88,0.0,0.0,341
17,-1.3,26,5.3,2000,-18.3,0.18,0.0,0.0,515
18,-2.1,29,3.9,2000,-17.7,0.0,0.0,0.0,807
19,-2.9,32,3.2,2000,-17.3,0.0,0.0,0.0,568
20,-3.6,38,3.0,2000,-15.8,0.0,0.0,0.0,398
21,-4.6,43,4.5,2000,-15.3,0.0,0.0,0.0,397
22,-5.3,45,2.5,2000,-15.3,0.0,0.0,0.0,353
23,-5.8,44,2.4,2000,-16.1,0.0,0.0,0.0,248
0,-6.1,42,2.6,2000,-16.9,0.0,0.0,0.0,216
1,-6.5,41,2.8,2000,-17.6,0.0,0.0,0.0,198
2,-6.8,41,2.5,2000,-17.8,0.0,0.0,0.0,124
3,-6.9,39,2.0,2000,-18.5,0.0,0.0,0.0,62
5,-7.4,33,2.6,2000,-20.9,0.0,0.0,0.0,82
7,-7.5,33,2.2,2000,-21.0,0.0,0.0,0.0,381
8,-8.1,36,1.6,2000,-20.5,0.01,0.0,0.0,812
9,-7.6,31,1.3,1974,-21.8,0.21,0.0,0.0,462
10,-5.5,26,2.8,1967,-22.0,0.64,0.0,0.0,269
11,-3.9,25,0.0,1959,-21.0,0.0,0.0,0.0,334
12,-2.3,25,0.0,1962,-19.7,0.0,0.0,0.0,321
15,-0.7,28,0.0,2000,-16.9,0.0,0.0,0.0,353
16,-0.5,30,0.0,2000,-16.0,0.0,0.0,0.0,435
17,-1.6,35,0.0,2000,-15.1,0.0,0.0,0.0,529
18,-2.6,40,0.0,2000,-14.4,0.0,0.0,0.0,789
19,-3.2,45,0.0,2000,-13.5,0.0,0.0,0.0,597
20,-3.5,46,0.0,2000,-13.4,0.0,0.0,0.0,418
21,-3.7,47,0.0,2000,-13.3,0.0,0.0,0.0,415
22,-2.8,49,0.0,2000,-12.0,0.0,0.0,0.0,393
23,-2.5,59,0.0,1210,-9.4,0.0,0.0,0.0,244
1,-3.0,79,0.0,293,-6.1,0.0,0.0,0.3,144
2,-3.0,79,0.0,1862,-6.1,0.0,0.0,0.4,117
3,-3.2,78,0.0,1808,-6.4,0.0,0.2,0.4,78
5,-3.6,76,0.0,1934,-7.2,0.0,0.0,0.4,87
6,-3.7,76,0.0,1864,-7.3,0.0,0.0,0.4,142
11,1.6,57,1.2,1261,-6.0,0.93,0.0,0.0,381
12,2.4,52,0.9,1224,-6.4,1.08,0.0,0.0,405
13,4.2,47,1.1,1469,-6.1,1.1,0.0,0.0,442
14,5.5,34,1.0,1966,-9.1,0.96,0.0,0.0,416
16,5.3,37,2.9,2000,-8.2,0.36,0.0,0.0,496
17,4.1,60,2.5,1565,-2.9,0.1,0.0,0.0,239
18,1.7,90,1.0,66,0.2,0.0,0.3,0.3,204
19,1.2,92,0.7,180,0.0,0.0,0.0,1.0,205
20,1.2,94,0.6,228,0.3,0.0,0.0,1.0,190
21,1.1,92,0.5,235,0.0,0.0,0.7,1.0,165
22,1.3,92,0.6,233,0.1,0.0,0.0,1.0,222
2,1.4,92,0.7,168,0.2,0.0,0.0,0.9,149
3,1.9,91,1.4,218,0.5,0.0,0.0,0.9,102
4,1.6,92,0.7,119,0.4,0.0,0.0,0.9,62
5,1.5,92,1.1,175,0.3,0.0,0.0,0.9,83
6,1.0,93,0.5,148,0.0,0.0,0.0,0.9,137
7,0.3,93,0.5,173,-0.7,0.0,0.0,0.9,367
8,-0.2,96,0.8,173,-0.7,0.01,0.0,0.8,754
10,1.1,83,0.7,311,-1.4,0.41,0.0,0.7,321
11,2.3,69,1.7,628,-2.8,0.63,0.0,0.6,333
12,3.7,65,2.4,833,-2.2,0.98,0.0,0.3,431
13,4.1,37,3.1,1767,-9.3,1.14,0.0,0.0,394
15,4.0,35,3.1,1962,-10.1,0.84,0.0,0.0,430
16,3.2,38,2.9,1817,-9.7,0.51,0.0,0.0,471
17,2.1,50,2.0,1434,-7.2,0.15,0.0,0.0,552
18,0.7,46,2.7,1558,-9.6,0.0,0.0,0.0,795
19,-0.4,47,2.5,1269,-10.3,0.0,0.0,0.0,507
20,-1.4,47,2.5,1620,-11.2,0.0,0.0,0.0,390
21,-2.2,46,2.2,1975,-12.2,0.0,0.0,0.0,402
22,-2.7,48,2.6,1844,-12.2,0.0,0.0,0.0,389
23,-3.2,50,2.1,1887,-12.1,0.0,0.0,0.0,259
1,-3.7,50,2.5,1902,-12.6,0.0,0.0,0.0,230
2,-4.3,53,1.0,1918,-12.4,0.0,0.0,0.0,131
3,-4.8,52,1.6,1978,-13.1,0.0,0.0,0.0,99
4,-5.3,53,2.4,1936,-13.4,0.0,0.0,0.0,71
5,-5.8,56,2.0,1941,-13.1,0.0,0.0,0.0,84
6,-6.0,56,3.5,1853,-13.3,0.0,0.0,0.0,158
7,-6.5,57,0.8,1776,-13.6,0.0,0.0,0.0,387
8,-7.0,59,0.8,1559,-13.6,0.01,0.0,0.0,780
9,-6.7,50,0.9,1492,-15.4,0.23,0.0,0.0,395
10,-5.3,44,2.8,1516,-15.6,0.63,0.0,0.0,261
13,-1.7,28,1.8,1963,-17.8,1.22,0.0,0.0,354
14,-1.3,27,3.1,1906,-17.9,1.12,0.0,0.0,350
15,-0.8,26,3.3,1977,-17.9,0.87,0.0,0.0,362
19,-3.3,35,1.1,2000,-16.6,0.0,0.0,0.0,477
21,-3.3,35,0.5,2000,-16.6,0.0,0.0,0.0,336
22,-3.4,39,1.2,2000,-15.4,0.0,0.0,0.0,347
23,-3.5,43,0.9,2000,-14.3,0.0,0.0,0.0,275
0,-3.5,48,0.9,1967,-12.9,0.0,0.0,0.0,267
3,-4.3,47,0.6,1992,-13.9,0.0,0.0,0.0,169
4,-4.3,49,0.7,2000,-13.4,0.0,0.0,0.0,96
5,-4.7,49,0.8,1999,-13.8,0.0,0.0,0.0,56
6,-5.1,53,0.9,1975,-13.2,0.0,0.0,0.0,76
7,-5.5,56,0.8,1950,-12.9,0.0,0.0,0.0,127
8,-5.4,56,0.7,1940,-12.8,0.01,0.0,0.0,222
9,-4.7,48,1.0,1784,-14.0,0.23,0.0,0.0,291
11,0.0,45,1.1,1500,-10.5,0.89,0.0,0.0,351
12,2.4,40,0.8,1809,-9.8,1.05,0.0,0.0,427
13,3.9,36,2.0,1702,-9.8,1.13,0.0,0.0,431
14,4.7,32,2.2,1948,-10.6,1.06,0.0,0.0,486
16,4.4,33,1.6,1963,-10.5,0.4,0.0,0.0,546
17,3.5,37,1.8,1963,-9.8,0.1,0.0,0.0,481
18,2.5,41,1.0,1974,-9.4,0.0,0.0,0.0,384
19,1.5,48,0.4,1878,-8.3,0.0,0.0,0.0,275
20,0.8,51,1.4,1848,-8.2,0.0,0.0,0.0,298
22,-0.5,55,0.6,1655,-8.4,0.0,0.0,0.0,289
23,-0.1,54,1.3,1570,-8.3,0.0,0.0,0.0,265
0,-0.2,55,1.0,1629,-8.1,0.0,0.0,0.0,326
1,-0.2,54,0.5,1747,-8.4,0.0,0.0,0.0,280
2,0.2,52,0.7,1726,-8.5,0.0,0.0,0.0,243
3,0.3,53,0.5,1748,-8.1,0.0,0.0,0.0,169
7,-0.4,92,1.1,121,-1.5,0.0,0.0,4.0,20
8,-0.2,90,1.2,378,-1.6,0.0,0.0,4.1,35
9,0.2,90,1.0,305,-1.2,0.0,1.6,4.3,31
10,0.5,91,0.4,143,-0.8,0.0,0.0,4.3,19
11,0.9,92,0.9,137,-0.2,0.03,0.0,3.9,58
12,2.3,88,0.3,245,0.5,0.28,0.0,3.1,119
13,3.3,87,1.1,230,1.3,0.54,0.0,2.1,182
16,5.4,71,3.5,622,0.5,0.2,0.0,0.5,214
17,3.6,65,4.3,1061,-2.3,0.03,0.0,0.4,226
18,2.0,61,3.0,2000,-4.7,0.0,0.0,0.0,210
19,1.6,53,4.0,2000,-6.9,0.0,0.0,0.0,181
20,0.6,57,3.9,1954,-6.9,0.0,0.0,0.0,165
21,0.0,59,3.0,1862,-7.0,0.0,0.0,0.0,167
1,-3.4,36,3.8,2000,-16.3,0.0,0.0,0.0,111
2,-4.2,35,3.4,2000,-17.4,0.0,0.0,0.0,67
3,-4.7,38,2.4,2000,-16.8,0.0,0.0,0.0,45
4,-5.2,35,3.2,2000,-18.3,0.0,0.0,0.0,44
5,-5.6,38,3.2,1974,-17.6,0.0,0.0,0.0,86
7,-6.0,39,3.1,1996,-17.7,0.0,0.0,0.0,325
8,-6.0,38,3.6,1994,-18.0,0.01,0.0,0.0,653
9,-5.9,36,5.1,1941,-18.6,0.1,0.0,0.0,326
10,-5.3,32,4.5,2000,-19.4,0.62,0.0,0.0,212
11,-4.7,36,3.8,2000,-17.5,1.0,0.0,0.0,226
12,-5.2,33,4.6,1973,-19.0,1.26,0.0,0.0,247
13,-5.4,32,5.1,1986,-19.5,1.24,0.0,0.0,241
14,-5.4,31,4.1,1945,-19.9,1.13,0.0,0.0,253
15,-5.5,33,4.5,2000,-19.2,0.92,0.0,0.0,269
16,-6.0,40,4.0,2000,-17.4,0.55,0.0,0.0,277
17,-7.1,44,4.2,2000,-17.3,0.18,0.0,0.0,361
18,-7.9,43,3.3,2000,-18.3,0.0,0.0,0.0,557
20,-9.3,49,3.8,2000,-18.0,0.0,0.0,0.0,254
21,-9.7,51,2.5,2000,-17.9,0.0,0.0,0.0,266
22,-10.2,50,3.0,2000,-18.6,0.0,0.0,0.0,222
23,-10.7,53,1.2,2000,-18.4,0.0,0.0,0.0,174
0,-11.0,51,1.1,2000,-19.1,0.0,0.0,0.0,133
2,-11.5,50,0.7,2000,-19.8,0.0,0.0,0.0,95
3,-11.6,50,2.2,1995,-19.9,0.0,0.0,0.0,54
4,-11.6,47,2.1,1982,-20.6,0.0,0.0,0.0,46
5,-11.6,45,2.8,1951,-21.1,0.0,0.0,0.0,65
6,-11.8,47,2.5,1973,-20.8,0.0,0.0,0.0,104
7,-12.1,50,2.3,1929,-20.4,0.0,0.0,0.0,280
8,-12.3,52,1.3,1914,-20.1,0.0,0.0,0.0,580
10,-10.5,45,3.3,1855,-20.1,0.6,0.0,0.0,184
12,-8.3,35,2.9,1967,-21.0,1.14,0.0,0.0,228
13,-6.9,37,2.4,1955,-19.1,1.22,0.0,0.0,225
14,-5.4,32,2.0,1930,-19.5,1.12,0.0,0.0,258
15,-5.8,30,2.8,2000,-20.6,0.92,0.0,0.0,250
16,-6.0,29,2.8,1983,-21.2,0.58,0.0,0.0,248
17,-7.0,32,2.6,2000,-20.9,0.19,0.0,0.0,305
18,-7.7,36,1.0,2000,-20.2,0.0,0.0,0.0,529
19,-8.2,43,1.1,2000,-18.5,0.0,0.0,0.0,350
20,-8.4,42,1.0,2000,-19.0,0.0,0.0,0.0,260
21,-8.8,43,1.4,1999,-19.1,0.0,0.0,0.0,270
22,-9.0,45,1.3,1999,-18.7,0.0,0.0,0.0,256
23,-9.3,47,2.1,2000,-18.5,0.0,0.0,0.0,173
1,-10.2,52,1.6,1997,-18.2,0.0,0.0,0.0,183
2,-10.4,53,1.8,1949,-18.1,0.0,0.0,0.0,120
4,-11.4,58,1.3,1907,-18.0,0.0,0.0,0.0,41
5,-11.5,58,1.1,1923,-18.1,0.0,0.0,0.0,68
6,-11.9,57,1.1,1974,-18.7,0.0,0.0,0.0,109
7,-11.7,53,1.6,1998,-19.3,0.0,0.0,0.0,310
8,-11.4,47,3.3,2000,-20.4,0.0,0.0,0.0,591
10,-9.5,39,2.1,1875,-20.9,0.6,0.0,0.0,202
11,-8.1,35,1.8,1806,-20.9,0.96,0.0,0.0,251
12,-6.5,30,2.9,1945,-21.2,1.17,0.0,0.0,267
13,-5.8,28,2.9,1887,-21.4,1.23,0.0,0.0,251
14,-4.7,27,2.9,1883,-20.8,1.12,0.0,0.0,240
15,-4.9,26,3.1,1887,-21.5,0.89,0.0,0.0,240
17,-5.6,29,1.7,2000,-20.8,0.18,0.0,0.0,392
18,-6.6,33,1.1,2000,-20.2,0.0,0.0,0.0,537
20,-7.6,35,0.8,2000,-20.4,0.0,0.0,0.0,263
21,-8.3,39,1.0,2000,-19.8,0.0,0.0,0.0,271
22,-8.9,39,0.1,2000,-20.3,0.0,0.0,0.0,271
23,-9.2,44,0.4,1978,-19.2,0.0,0.0,0.0,174
0,-9.5,50,0.6,1953,-18.0,0.0,0.0,0.0,171
1,-9.8,48,0.8,2000,-18.7,0.0,0.0,0.0,170
2,-10.6,44,0.8,1903,-20.5,0.0,0.0,0.0,107
4,-11.0,50,0.8,1718,-19.4,0.0,0.0,0.0,52
6,-11.0,55,0.8,1541,-18.2,0.0,0.0,0.0,108
7,-10.9,57,1.1,1387,-17.7,0.0,0.0,0.0,279
8,-10.4,54,1.1,1432,-17.9,0.01,0.0,0.0,621
9,-9.4,44,0.5,1680,-19.4,0.13,0.0,0.0,305
10,-7.7,43,0.9,1555,-18.1,0.35,0.0,0.0,189
11,-6.1,38,1.0,1587,-18.1,0.52,0.0,0.0,247
12,-4.9,34,1.3,1768,-18.3,0.6,0.0,0.0,278
13,-3.8,32,0.9,1827,-18.1,0.52,0.0,0.0,282
14,-2.7,28,0.7,1857,-18.7,0.65,0.0,0.0,294
16,-2.4,28,0.9,1878,-18.4,0.35,0.0,0.0,335
17,-2.9,31,0.6,1723,-17.7,0.09,0.0,0.0,382
18,-3.5,35,1.1,1414,-16.7,0.0,0.0,0.0,612
19,-4.2,40,0.9,1216,-15.8,0.0,0.0,0.0,410
20,-4.8,43,1.1,1397,-15.4,0.0,0.0,0.0,277
21,-4.8,45,0.8,1351,-14.9,0.0,0.0,0.0,316
22,-4.9,44,1.1,1369,-15.3,0.0,0.0,0.0,309
23,-5.6,53,1.2,1290,-13.6,0.0,0.0,0.0,211
1,-6.3,57,0.4,1148,-13.4,0.0,0.0,0.0,241
3,-6.9,56,0.5,1111,-14.2,0.0,0.0,0.0,110
4,-7.1,59,0.8,1058,-13.7,0.0,0.0,0.0,69
5,-7.5,64,0.9,989,-13.1,0.0,0.0,0.0,68
6,-7.4,64,0.7,906,-13.0,0.0,0.0,0.0,129
7,-7.0,63,0.6,865,-12.8,0.0,0.0,0.0,285
8,-6.6,64,1.1,791,-12.2,0.0,0.0,0.0,658
9,-5.9,60,0.6,691,-12.4,0.09,0.0,0.0,330
10,-4.6,52,0.8,648,-12.9,0.34,0.0,0.0,221
11,-2.9,46,1.0,809,-12.9,0.42,0.0,0.0,279
12,-2.5,43,0.7,895,-13.3,0.34,0.0,0.0,309
13,-1.6,40,0.3,868,-13.4,0.32,0.0,0.0,325
14,-0.7,39,0.8,826,-12.9,0.35,0.0,0.0,329
15,0.1,35,1.5,946,-13.5,0.42,0.0,0.0,342
16,0.0,37,0.6,994,-12.9,0.13,0.0,0.0,354
17,-0.2,39,0.8,1016,-12.5,0.0,0.0,0.0,464
18,0.1,43,0.9,1485,-11.0,0.0,0.0,0.0,682
19,0.6,41,1.2,1550,-11.1,0.0,0.0,0.0,451
20,0.9,42,1.2,1113,-10.5,0.0,0.0,0.0,320
22,-0.1,49,2.0,870,-9.5,0.0,0.0,0.0,296
0,-2.6,73,3.4,787,-6.7,0.0,0.0,0.0,217
1,-3.4,76,2.9,582,-7.0,0.0,0.0,0.0,302
2,-4.1,73,2.1,567,-8.2,0.0,0.0,0.0,228
4,-5.0,70,2.7,702,-9.6,0.0,0.0,0.0,80
5,-5.6,72,2.0,662,-9.8,0.0,0.0,0.0,45
6,-6.1,69,2.9,765,-10.8,0.0,0.0,0.0,66
10,-6.2,42,2.3,1893,-17.0,0.52,0.0,0.0,201
11,-5.2,30,4.0,1991,-20.1,0.86,0.0,0.0,239
12,-4.1,28,3.8,1998,-19.9,1.08,0.0,0.0,252
13,-3.7,23,4.0,1980,-21.8,1.12,0.0,0.0,296
14,-3.4,22,4.3,1966,-22.1,1.07,0.0,0.0,292
16,-3.3,24,3.5,2000,-21.0,0.54,0.0,0.0,258
18,-5.3,28,3.5,2000,-21.0,0.0,0.0,0.0,212
21,-7.1,39,3.2,2000,-18.7,0.0,0.0,0.0,159
22,-7.6,41,1.6,2000,-18.6,0.0,0.0,0.0,155
23,-8.0,41,2.2,2000,-18.9,0.0,0.0,0.0,142
0,-8.1,41,2.0,2000,-19.0,0.0,0.0,0.0,175
2,-8.7,40,2.8,2000,-19.8,0.0,0.0,0.0,132
3,-9.0,40,3.1,2000,-20.1,0.0,0.0,0.0,100
4,-9.5,40,1.9,2000,-20.6,0.0,0.0,0.0,41
5,-9.7,41,3.1,2000,-20.5,0.0,0.0,0.0,31
6,-9.9,42,2.3,2000,-20.4,0.0,0.0,0.0,39
9,-10.5,38,1.1,1950,-22.1,0.19,0.0,0.0,122
10,-8.5,31,1.5,1997,-22.6,0.58,0.0,0.0,142
11,-7.2,29,1.8,1926,-22.2,0.88,0.0,0.0,189
13,-4.5,25,3.2,1989,-21.6,1.14,0.0,0.0,223
14,-3.2,26,3.1,1933,-20.0,1.07,0.0,0.0,268
15,-2.5,28,2.0,2000,-18.5,0.85,0.0,0.0,278
16,-2.7,31,2.3,2000,-17.5,0.54,0.0,0.0,256
17,-3.8,35,2.4,2000,-17.0,0.17,0.0,0.0,266
18,-4.7,37,1.8,2000,-17.2,0.01,0.0,0.0,204
20,-6.0,42,0.8,2000,-16.8,0.0,0.0,0.0,166
21,-6.5,45,0.7,2000,-16.4,0.0,0.0,0.0,168
22,-6.6,50,0.6,1990,-15.3,0.0,0.0,0.0,172
23,-6.9,53,0.7,2000,-14.8,0.0,0.0,0.0,138
0,-5.9,50,0.6,2000,-14.6,0.0,0.0,0.0,151
1,-5.3,48,0.4,1664,-14.6,0.0,0.0,0.0,97
2,-5.0,65,0.4,990,-10.5,0.0,0.0,0.2,38
3,-5.3,76,1.0,767,-8.8,0.0,0.3,0.5,32
4,-5.4,81,0.7,270,-8.1,0.0,0.0,0.7,29
5,-5.3,81,0.9,923,-8.0,0.0,0.0,0.8,27
6,-5.2,85,0.9,271,-7.3,0.0,0.4,1.3,45
7,-5.0,85,0.7,186,-7.1,0.0,0.0,1.8,96
8,-4.6,86,1.2,508,-6.5,0.0,0.0,2.0,146
9,-4.3,89,1.0,59,-5.8,0.0,1.6,4.0,52
11,-2.9,85,1.2,243,-5.0,0.06,0.0,4.8,44
12,-1.8,83,1.2,351,-4.3,0.09,1.1,5.1,62
13,-0.9,84,1.2,333,-3.2,0.09,0.0,5.0,76
14,0.5,76,0.9,364,-3.2,0.17,0.0,4.2,116
17,0.4,84,0.8,317,-1.9,0.15,0.0,2.7,175
19,1.3,65,1.1,1122,-4.5,0.0,0.0,2.7,198
20,3.3,65,3.2,1172,-2.6,0.0,0.0,2.7,165
21,2.8,73,2.4,831,-1.5,0.0,0.0,2.6,148
22,1.5,82,2.4,537,-1.2,0.0,0.0,2.6,160
23,0.1,81,2.9,551,-2.7,0.0,0.0,2.6,128
0,-1.0,73,2.3,881,-5.2,0.0,0.0,2.6,122
1,-2.0,72,0.8,979,-6.3,0.0,0.0,2.6,122
2,-2.7,72,0.9,990,-7.0,0.0,0.0,2.6,93
3,-2.8,58,1.6,1315,-9.9,0.0,0.0,2.6,55
4,-2.9,59,1.8,1286,-9.8,0.0,0.0,2.6,39
5,-3.9,66,0.7,1209,-9.3,0.0,0.0,2.6,55
6,-4.3,70,1.6,1169,-8.9,0.0,0.0,2.6,78
7,-4.4,64,2.8,1367,-10.1,0.0,0.0,2.6,165
8,-5.2,58,2.2,1594,-12.1,0.0,0.0,2.5,390
9,-5.3,48,2.6,1810,-14.6,0.18,0.0,2.5,199
10,-4.6,41,2.8,1815,-15.8,0.57,0.0,2.5,151
11,-3.5,35,2.2,1742,-16.7,0.87,0.0,2.5,174
12,-2.5,31,2.6,1778,-17.3,1.08,0.0,2.3,191
13,-2.2,25,3.2,1970,-19.6,1.17,0.0,2.2,189
14,-2.2,23,3.7,1971,-20.5,1.09,0.0,2.2,178
15,-1.3,26,3.0,2000,-18.3,0.91,0.0,2.1,195
16,-1.8,31,3.1,1993,-16.7,0.56,0.0,2.0,211
17,-2.7,35,1.8,2000,-16.0,0.18,0.0,2.0,256
18,-3.8,42,3.3,2000,-14.8,0.0,0.0,2.0,384
19,-4.5,51,2.0,2000,-13.1,0.0,0.0,2.0,276
20,-4.9,55,2.0,2000,-12.5,0.0,0.0,2.0,225
21,-5.0,57,1.9,2000,-12.2,0.0,0.0,2.0,224
22,-5.5,56,1.5,2000,-12.9,0.0,0.0,2.0,213
23,-5.8,57,1.7,2000,-12.9,0.0,0.0,2.0,149
0,-6.5,63,1.5,1666,-12.3,0.0,0.0,2.0,142
1,-7.3,67,1.1,1593,-12.3,0.0,0.0,2.0,172
2,-7.8,68,0.9,1642,-12.6,0.0,0.0,2.0,108
3,-8.1,70,1.3,1557,-12.6,0.0,0.0,2.0,71
5,-8.3,67,0.9,1566,-13.3,0.0,0.0,2.0,56
6,-8.2,66,0.9,1718,-13.4,0.0,0.0,2.0,97
7,-8.1,67,0.9,1737,-13.1,0.0,0.0,2.0,213
8,-7.8,65,1.1,1738,-13.2,0.0,0.0,2.0,466
9,-6.7,62,1.1,1749,-12.7,0.09,0.0,2.0,239
10,-5.4,56,1.1,1751,-12.8,0.28,0.0,2.0,162
11,-4.2,51,1.1,1772,-12.8,0.4,0.0,1.9,204
12,-3.2,49,1.3,1723,-12.4,0.53,0.0,1.9,209
13,-1.3,43,1.0,1777,-12.3,0.8,0.0,1.7,228
14,-0.5,44,1.0,1793,-11.2,0.71,0.0,1.7,243
15,-0.2,45,1.0,1852,-10.7,0.41,0.0,1.6,240
17,-0.9,70,1.1,299,-5.6,0.02,0.0,2.2,237
18,-1.4,79,1.6,702,-4.5,0.0,0.1,2.2,329
19,-1.5,81,1.8,751,-4.3,0.0,0.0,2.2,190
20,-1.9,86,0.9,700,-3.9,0.0,0.0,2.4,165
21,-2.0,83,1.2,904,-4.5,0.0,0.1,2.4,197
22,-1.6,82,0.4,929,-4.2,0.0,0.0,2.3,184
23,-1.1,87,1.4,349,-2.9,0.0,0.0,2.2,153
0,-1.3,90,2.0,259,-2.7,0.0,0.0,2.2,166
1,-1.8,90,1.6,263,-3.2,0.0,0.0,2.2,189
3,-2.9,89,1.3,288,-4.4,0.0,0.0,2.2,79
4,-3.6,91,1.2,241,-4.8,0.0,0.0,2.2,58
5,-4.3,91,1.5,233,-5.5,0.0,0.0,2.2,49
6,-4.8,91,1.1,266,-6.0,0.0,0.0,2.2,84
7,-5.3,90,1.1,311,-6.6,0.0,0.0,2.2,178
8,-5.6,89,0.9,371,-7.1,0.0,0.0,2.2,423
10,-3.0,71,0.7,608,-7.5,0.67,0.0,2.1,169
11,-0.7,62,0.7,519,-7.0,0.77,0.0,2.0,243
12,1.9,40,2.0,1835,-10.3,1.04,0.0,1.9,290
13,3.2,42,1.8,1349,-8.5,1.08,0.0,1.8,285
14,4.3,47,2.3,953,-6.0,0.96,0.0,1.6,255
16,4.1,51,1.8,1112,-5.1,0.48,0.0,0.9,301
18,1.7,64,1.3,1140,-4.3,0.0,0.0,0.8,531
21,-0.4,74,0.6,1065,-4.4,0.0,0.0,0.8,248
22,-1.1,78,0.6,865,-4.4,0.0,0.0,0.8,252
0,-1.7,79,0.5,794,-4.8,0.0,0.0,0.8,196
1,-1.6,79,0.6,784,-4.7,0.0,0.0,0.8,250
2,-1.1,79,0.7,736,-4.2,0.0,0.0,0.8,161
3,-0.6,76,0.5,789,-4.3,0.0,0.0,0.7,99
4,-0.3,76,0.9,760,-4.0,0.0,0.0,0.7,64
5,-0.2,73,0.8,880,-4.4,0.0,0.0,0.7,76
6,-0.1,71,0.8,895,-4.7,0.0,0.0,0.7,114
7,-0.3,72,0.7,919,-4.7,0.0,0.0,0.7,283
8,-0.4,69,0.5,904,-5.4,0.0,0.0,0.7,544
9,0.3,67,0.7,897,-5.1,0.03,0.0,0.6,298
10,1.4,64,1.0,897,-4.6,0.25,0.0,0.5,248
11,3.1,57,0.8,804,-4.6,0.63,0.0,0.0,278
12,4.5,56,0.8,836,-3.5,0.71,0.0,0.0,301
13,5.4,55,1.2,820,-2.9,0.66,0.0,0.0,320
14,5.9,55,0.6,779,-2.4,0.48,0.0,0.0,326
15,6.5,55,0.9,801,-1.9,0.38,0.0,0.0,386
18,4.9,63,0.6,677,-1.5,0.0,0.0,0.0,671
19,5.2,64,0.7,691,-1.0,0.0,0.0,0.0,481
20,5.9,67,1.3,779,0.2,0.0,0.0,0.0,323
21,6.1,70,2.2,763,1.0,0.0,0.0,0.0,309
22,6.1,70,2.7,806,1.0,0.0,0.0,0.0,314
23,5.8,74,2.5,832,1.5,0.0,0.0,0.0,249
0,5.8,75,1.9,788,1.7,0.0,0.0,0.0,282
1,5.7,75,1.7,706,1.6,0.0,0.0,0.0,337
2,5.6,76,1.6,641,1.6,0.0,0.0,0.0,312
3,5.4,77,1.6,583,1.6,0.0,0.0,0.0,230
4,5.3,79,0.9,506,1.9,0.0,0.0,0.0,120
5,5.0,81,1.2,425,2.0,0.0,0.0,0.0,59
6,5.1,81,1.3,375,2.1,0.0,0.0,0.0,63
7,5.1,82,0.7,334,2.2,0.0,0.0,0.0,99
8,5.1,83,0.9,297,2.4,0.0,0.0,0.0,188
10,5.4,82,1.2,215,2.5,0.13,0.0,0.0,235
11,5.7,81,1.1,192,2.6,0.18,0.0,0.0,282
12,7.0,72,1.9,246,2.2,0.64,0.0,0.0,325
13,7.7,68,1.0,249,2.1,0.58,0.0,0.0,423
14,8.6,63,1.6,263,1.9,0.72,0.0,0.0,405
15,8.6,64,1.5,269,2.1,0.57,0.0,0.0,443
16,8.2,64,1.0,281,1.7,0.32,0.0,0.0,473
18,6.6,73,0.4,229,2.0,0.0,0.0,0.0,340
19,6.0,76,1.1,219,2.0,0.0,0.0,0.0,260
20,5.9,75,1.5,222,1.7,0.0,0.0,0.0,258
21,5.6,77,0.9,212,1.8,0.0,0.0,0.0,279
22,5.3,79,0.6,200,1.9,0.0,0.0,0.0,282
23,5.5,80,0.6,185,2.3,0.0,0.0,0.0,237
0,5.6,78,0.6,196,2.0,0.0,0.0,0.0,266
1,5.6,78,0.5,197,2.0,0.0,0.0,0.0,251
3,5.2,82,0.8,190,2.3,0.0,0.0,0.0,149
4,5.2,82,0.7,189,2.3,0.0,0.0,0.0,79
5,5.1,82,0.6,185,2.2,0.0,0.0,0.0,44
6,4.9,84,1.3,159,2.4,0.0,0.1,0.0,12
7,4.7,89,1.1,100,3.0,0.0,0.0,0.0,3
8,4.6,91,1.7,95,3.2,0.0,0.0,0.0,4
9,4.6,94,0.9,90,3.7,0.0,6.4,0.0,3
11,4.6,95,0.8,156,3.8,0.05,0.0,0.0,9
12,4.1,91,0.8,404,2.7,0.07,9.5,0.0,4
14,3.3,90,2.5,561,1.8,0.19,0.0,0.0,28
15,2.9,90,2.0,380,1.4,0.08,3.5,0.0,38
16,2.3,91,3.3,270,0.9,0.07,0.0,0.0,54
18,1.9,82,4.3,699,-0.8,0.01,0.5,0.0,128
19,1.1,68,4.4,695,-4.1,0.0,0.0,0.0,132
20,0.6,67,3.3,506,-4.8,0.0,0.0,0.0,116
22,0.2,69,2.7,565,-4.8,0.0,0.0,0.0,110
23,0.0,63,3.2,884,-6.2,0.0,0.0,0.0,128
0,-0.6,64,2.4,1010,-6.5,0.0,0.0,0.0,160
2,-1.8,53,4.1,1825,-10.1,0.0,0.0,0.0,115
3,-2.3,52,3.4,1947,-10.8,0.0,0.0,0.0,100
4,-3.0,51,3.2,2000,-11.7,0.0,0.0,0.0,72
5,-3.7,51,2.6,2000,-12.3,0.0,0.0,0.0,32
7,-4.6,46,2.8,2000,-14.4,0.0,0.0,0.0,61
11,-2.8,35,2.9,1984,-16.1,0.87,0.0,0.0,179
12,-1.6,33,2.5,1874,-15.8,1.18,0.0,0.0,221
13,-1.5,33,3.8,2000,-15.7,1.18,0.0,0.0,244
14,-0.4,31,2.0,2000,-15.5,1.1,0.0,0.0,274
15,0.4,28,2.5,2000,-16.0,0.9,0.0,0.0,319
16,0.4,27,2.0,2000,-16.4,0.58,0.0,0.0,272
17,-0.7,29,2.0,2000,-16.5,0.21,0.0,0.0,260
20,-2.1,49,1.7,2000,-11.4,0.0,0.0,0.0,181
21,-1.7,51,1.7,2000,-10.5,0.0,0.0,0.0,185
22,-1.3,53,1.7,2000,-9.6,0.0,0.0,0.0,176
23,-1.0,55,1.9,2000,-8.9,0.0,0.0,0.0,169
0,-1.4,58,1.0,1880,-8.6,0.0,0.0,0.0,178
1,-1.5,62,1.3,2000,-7.8,0.0,0.0,0.0,127
2,-2.1,69,1.0,1995,-7.0,0.0,0.0,0.0,85
3,-2.6,70,1.0,1992,-7.3,0.0,0.0,0.0,72
5,-2.9,77,0.8,1833,-6.3,0.0,0.0,0.0,65
7,-2.9,73,1.9,1911,-7.0,0.0,0.0,0.0,296
8,-2.7,68,2.2,1919,-7.7,0.0,0.0,0.0,578
9,-2.8,52,2.9,1895,-11.3,0.16,0.0,0.0,293
10,-2.2,36,4.1,1930,-15.2,0.53,0.0,0.0,180
11,-2.1,28,4.9,1887,-18.2,0.87,0.0,0.0,250
14,-1.6,20,4.3,2000,-21.6,1.11,0.0,0.0,271
15,-1.9,17,5.0,2000,-23.7,0.93,0.0,0.0,246
16,-1.9,17,3.3,2000,-23.7,0.61,0.0,0.0,282
18,-4.7,23,3.4,2000,-22.7,0.01,0.0,0.0,481
19,-5.4,27,3.0,2000,-21.5,0.0,0.0,0.0,317
20,-6.1,32,4.7,2000,-20.1,0.0,0.0,0.0,252
0,-7.9,37,2.2,2000,-20.0,0.0,0.0,0.0,133
3,-9.1,37,1.0,2000,-21.1,0.0,0.0,0.0,81
4,-9.1,33,2.3,2000,-22.4,0.0,0.0,0.0,55
5,-9.4,36,1.9,2000,-21.7,0.0,0.0,0.0,66
6,-9.8,37,1.7,2000,-21.7,0.0,0.0,0.0,105
7,-10.1,38,2.3,2000,-21.7,0.0,0.0,0.0,262
8,-10.2,35,1.8,2000,-22.7,0.0,0.0,0.0,502
9,-9.8,33,2.0,1997,-23.0,0.17,0.0,0.0,279
10,-8.5,29,2.4,1992,-23.4,0.56,0.0,0.0,146
11,-6.8,28,2.1,1986,-22.3,0.88,0.0,0.0,213
12,-5.5,21,2.1,1941,-24.4,1.08,0.0,0.0,230
13,-4.7,18,3.7,2000,-25.4,1.16,0.0,0.0,258
14,-4.0,18,2.4,2000,-24.8,1.09,0.0,0.0,231
15,-3.1,16,2.2,2000,-25.4,0.9,0.0,0.0,228
17,-4.2,26,2.2,2000,-20.8,0.2,0.0,0.0,314
19,-5.5,31,2.1,2000,-19.9,0.0,0.0,0.0,315
20,-5.9,34,0.9,2000,-19.2,0.0,0.0,0.0,262
21,-6.4,34,1.2,2000,-19.7,0.0,0.0,0.0,242
23,-6.3,39,0.9,2000,-18.0,0.0,0.0,0.0,216
3,-6.0,32,2.5,2000,-20.0,0.0,0.0,0.0,86
4,-5.8,32,1.6,2000,-19.8,0.0,0.0,0.0,50
5,-5.7,28,1.2,2000,-21.3,0.0,0.0,0.0,61
6,-5.5,24,0.5,2000,-22.9,0.0,0.0,0.0,103
7,-5.0,31,0.5,2000,-19.5,0.0,0.0,0.0,257
8,-4.7,30,0.6,2000,-19.6,0.0,0.0,0.0,554
9,-4.3,38,0.7,1877,-16.5,0.04,0.0,0.0,326
10,-3.4,33,1.3,1863,-17.4,0.33,0.0,0.0,225
12,-0.8,38,1.0,1686,-13.3,0.75,0.0,0.0,286
14,0.8,55,1.8,1132,-7.2,0.59,0.0,0.0,311
16,0.3,57,2.3,1204,-7.2,0.19,0.0,0.0,390
17,0.2,58,2.0,1159,-7.1,0.08,0.0,0.0,407
18,-0.6,62,1.6,1129,-6.9,0.0,0.0,0.0,552
19,-0.4,62,0.9,1103,-6.8,0.0,0.0,0.0,402
21,-0.2,62,0.6,986,-6.6,0.0,0.0,0.0,332
22,0.0,63,1.3,968,-6.2,0.0,0.0,0.0,285
0,0.2,63,0.7,925,-6.0,0.0,0.0,0.0,233
1,0.3,63,0.7,760,-5.9,0.0,0.0,0.0,269
2,0.5,63,1.0,691,-5.7,0.0,0.0,0.0,210
3,0.6,64,0.4,731,-5.4,0.0,0.0,0.0,135
4,0.6,65,0.4,712,-5.2,0.0,0.0,0.0,85
5,0.7,66,0.7,687,-4.9,0.0,0.0,0.0,67
6,0.8,68,0.6,673,-4.4,0.0,0.0,0.0,128
9,1.2,67,0.2,591,-4.2,0.06,0.0,0.0,353
10,1.9,65,0.3,562,-3.9,0.17,0.0,0.0,252
11,3.1,62,1.1,517,-3.4,0.29,0.0,0.0,317
12,4.3,62,1.6,472,-2.3,0.52,0.0,0.0,363
13,5.2,58,2.5,435,-2.4,0.81,0.0,0.0,370
15,5.7,53,2.7,408,-3.1,0.65,0.0,0.0,426
16,5.4,56,2.2,396,-2.6,0.39,0.0,0.0,504
18,3.6,62,1.4,389,-3.0,0.01,0.0,0.0,574
19,2.7,68,1.2,348,-2.6,0.0,0.0,0.0,395
20,1.7,73,0.5,332,-2.6,0.0,0.0,0.0,292
21,1.0,77,1.5,297,-2.5,0.0,0.0,0.0,282
23,0.3,80,0.8,264,-2.7,0.0,0.0,0.0,236
0,-0.4,83,1.2,247,-2.9,0.0,0.0,0.0,240
1,-0.5,83,0.7,244,-3.0,0.0,0.0,0.0,234
2,-0.9,84,0.6,230,-3.2,0.0,0.0,0.0,192
3,-1.1,83,0.8,237,-3.6,0.0,0.0,0.0,127
6,-1.1,81,1.0,253,-3.9,0.0,0.0,0.0,62
7,-0.7,79,0.7,259,-3.8,0.0,0.0,0.0,88
8,-0.4,78,0.5,249,-3.7,0.0,0.0,0.0,162
9,0.2,76,1.3,249,-3.5,0.03,0.0,0.0,224
10,0.8,73,0.5,248,-3.4,0.15,0.0,0.0,208
11,2.0,69,1.0,257,-3.1,0.32,0.0,0.0,237
12,3.2,64,0.8,258,-2.9,0.47,0.0,0.0,274
13,4.0,62,1.0,256,-2.6,0.51,0.0,0.0,333
14,4.3,60,1.2,272,-2.7,0.4,0.0,0.0,356
15,4.3,61,0.7,274,-2.5,0.23,0.0,0.0,337
18,3.0,84,1.7,137,0.5,0.0,0.3,0.0,45
19,2.3,89,0.6,96,0.6,0.0,0.0,0.0,40
20,1.9,90,0.9,88,0.4,0.0,0.0,0.0,66
21,1.8,92,1.1,109,0.6,0.0,0.2,0.0,64
22,1.8,92,1.2,94,0.6,0.0,0.0,0.0,30
0,0.9,95,1.8,63,0.1,0.0,0.2,0.2,43
2,0.4,95,1.7,110,-0.3,0.0,0.0,1.2,65
4,-0.2,87,3.5,246,-2.1,0.0,0.0,1.2,32
5,-0.8,85,2.8,329,-3.0,0.0,0.0,1.2,22
6,-1.3,84,2.4,425,-3.6,0.0,0.0,1.2,25
8,-2.1,86,1.4,354,-4.1,0.0,0.0,1.2,84
9,-1.9,82,1.6,410,-4.5,0.15,0.0,1.2,103
10,-0.5,73,1.7,609,-4.7,0.53,0.0,1.1,110
11,0.8,62,2.8,801,-5.6,0.88,0.0,1.1,142
12,1.4,47,4.5,1388,-8.7,1.1,0.0,1.0,209
14,3.0,28,3.8,1956,-13.7,1.1,0.0,0.0,262
15,3.1,25,3.9,2000,-15.0,0.9,0.0,0.0,300
16,2.7,26,2.7,2000,-14.9,0.59,0.0,0.0,272
17,1.7,30,2.9,2000,-14.0,0.22,0.0,0.0,240
18,0.7,31,2.3,2000,-14.5,0.01,0.0,0.0,215
23,-2.6,40,0.6,2000,-14.3,0.0,0.0,0.0,227
1,-3.3,41,0.7,2000,-14.7,0.0,0.0,0.0,230
2,-3.7,42,0.9,2000,-14.7,0.0,0.0,0.0,178
3,-4.0,44,1.0,2000,-14.4,0.0,0.0,0.0,119
4,-4.2,53,1.1,1994,-12.3,0.0,0.0,0.0,62
6,-4.5,51,1.1,2000,-13.1,0.0,0.0,0.0,65
7,-4.7,56,1.1,2000,-12.1,0.0,0.0,0.0,81
8,-5.0,55,1.0,2000,-12.6,0.0,0.0,0.0,89
9,-4.3,39,0.7,1973,-16.2,0.15,0.0,0.0,121
11,0.1,27,2.2,1874,-16.7,0.84,0.0,0.0,169
12,1.5,20,2.8,1992,-19.0,1.03,0.0,0.0,225
13,2.4,22,2.3,1921,-17.2,1.1,0.0,0.0,248
14,3.7,24,2.1,1906,-15.0,1.01,0.0,0.0,298
15,3.0,27,2.9,1715,-14.2,0.78,0.0,0.0,344
16,3.0,28,2.5,1864,-13.7,0.51,0.0,0.0,310
19,-0.1,39,1.3,1911,-12.4,0.0,0.0,0.0,125
20,-0.3,40,1.2,1936,-12.2,0.0,0.0,0.0,206
22,-1.3,48,0.8,1927,-10.9,0.0,0.0,0.0,168
23,-1.6,51,0.7,1882,-10.4,0.0,0.0,0.0,154
0,-1.8,54,1.1,1772,-9.8,0.0,0.0,0.0,148
1,-2.1,56,0.8,1732,-9.7,0.0,0.0,0.0,108
2,-2.3,62,0.9,1560,-8.6,0.0,0.0,0.0,69
3,-2.5,62,0.4,1626,-8.7,0.0,0.0,0.0,41
4,-2.7,67,0.5,1302,-7.9,0.0,0.0,0.0,31
5,-3.1,67,0.6,1384,-8.3,0.0,0.0,0.0,58
7,-3.2,69,0.5,1249,-8.0,0.0,0.0,0.0,344
8,-3.4,71,0.8,1179,-7.9,0.0,0.0,0.0,655
10,-1.4,50,1.9,1355,-10.5,0.38,0.0,0.0,208
11,-0.4,40,2.3,1633,-12.3,0.66,0.0,0.0,269
12,0.9,29,1.9,1761,-15.1,0.88,0.0,0.0,293
13,1.5,23,3.6,1970,-17.4,0.95,0.0,0.0,273
14,1.7,20,4.4,1995,-18.9,0.91,0.0,0.0,302
15,1.5,22,3.0,1998,-17.9,0.76,0.0,0.0,295
16,1.3,23,2.9,2000,-17.6,0.51,0.0,0.0,320
17,0.3,27,2.6,2000,-16.5,0.18,0.0,0.0,373
18,-0.8,24,2.3,2000,-18.9,0.01,0.0,0.0,675
19,-1.3,28,2.4,2000,-17.5,0.0,0.0,0.0,403
20,-1.9,26,2.2,2000,-18.9,0.0,0.0,0.0,364
21,-2.6,28,2.0,2000,-18.6,0.0,0.0,0.0,304
22,-3.4,33,2.4,2000,-17.4,0.0,0.0,0.0,273
0,-4.3,38,1.4,2000,-16.5,0.0,0.0,0.0,160
2,-5.5,43,2.0,2000,-16.1,0.0,0.0,0.0,110
3,-6.1,45,1.3,1999,-16.1,0.0,0.0,0.0,67
4,-6.1,45,2.3,2000,-16.1,0.0,0.0,0.0,43
5,-6.4,47,2.4,1981,-15.8,0.0,0.0,0.0,67
6,-6.7,48,2.4,1991,-15.9,0.0,0.0,0.0,137
8,-7.0,49,1.5,1971,-15.9,0.0,0.0,0.0,670
10,-5.6,38,2.9,1752,-17.6,0.55,0.0,0.0,213
11,-4.5,36,3.2,1736,-17.3,0.77,0.0,0.0,267
12,-3.4,32,3.1,1706,-17.7,1.02,0.0,0.0,297
13,-2.2,31,2.3,1910,-17.0,1.13,0.0,0.0,279
14,-1.5,30,2.8,1903,-16.8,1.1,0.0,0.0,270
15,-1.1,29,2.8,1976,-16.9,0.96,0.0,0.0,286
16,-0.4,30,2.0,2000,-15.9,0.62,0.0,0.0,299
17,-1.9,35,1.8,2000,-15.3,0.25,0.0,0.0,382
19,-3.7,41,2.0,2000,-15.0,0.0,0.0,0.0,431
20,-3.9,44,2.5,2000,-14.3,0.0,0.0,0.0,294
21,-4.3,47,2.8,1997,-13.9,0.0,0.0,0.0,335
23,-5.9,54,0.8,1968,-13.7,0.0,0.0,0.0,197
1,-6.9,56,2.3,1994,-14.2,0.0,0.0,0.0,150
2,-7.3,57,2.0,1978,-14.3,0.0,0.0,0.0,123
4,-7.5,55,1.3,1984,-15.0,0.0,0.0,0.0,38
7,-8.1,51,0.5,1987,-16.4,0.0,0.0,0.0,302
8,-8.6,55,0.6,1984,-16.0,0.0,0.0,0.0,646
10,-6.4,43,1.0,1872,-16.9,0.43,0.0,0.0,197
11,-4.4,40,0.8,1671,-16.0,0.69,0.0,0.0,264
14,-0.8,32,1.4,1846,-15.4,0.78,0.0,0.0,262
16,-1.4,34,1.8,1719,-15.2,0.3,0.0,0.0,309
17,-2.1,37,1.4,1591,-14.8,0.09,0.0,0.0,397
18,-2.6,38,1.4,1604,-14.9,0.0,0.0,0.0,603
19,-2.7,39,1.4,1616,-14.7,0.0,0.0,0.0,417
20,-2.8,39,1.7,1702,-14.8,0.0,0.0,0.0,311
23,-4.0,48,1.5,1536,-13.4,0.0,0.0,0.0,221
1,-5.1,51,1.5,1550,-13.6,0.0,0.0,0.0,170
3,-5.5,56,1.1,1453,-12.9,0.0,0.0,0.0,67
5,-5.1,55,1.5,1452,-12.7,0.0,0.0,0.0,75
6,-5.1,54,1.3,1346,-12.9,0.0,0.0,0.0,123
7,-5.3,53,1.1,1300,-13.4,0.0,0.0,0.0,327
8,-5.3,51,1.0,1319,-13.8,0.0,0.0,0.0,665
10,-3.3,50,1.3,1407,-12.2,0.4,0.0,0.0,232
11,-0.7,45,1.5,1429,-11.1,0.76,0.0,0.0,308
12,-0.3,45,2.2,1066,-10.8,1.01,0.0,0.0,362
13,0.9,43,2.0,1112,-10.2,0.98,0.0,0.0,312
14,1.4,41,2.0,1003,-10.4,0.99,0.0,0.0,343
15,1.5,34,2.8,1776,-12.6,0.84,0.0,0.0,333
16,1.0,34,2.9,2000,-13.1,0.61,0.0,0.0,329
18,-1.8,44,2.2,1709,-12.4,0.01,0.0,0.0,635
19,-2.5,49,0.6,1436,-11.7,0.0,0.0,0.0,443
22,-3.8,53,1.3,1300,-12.0,0.0,0.0,0.0,281
23,-3.6,50,1.9,1284,-12.5,0.0,0.0,0.0,189
0,-4.3,52,1.6,1247,-12.7,0.0,0.0,0.0,184
1,-4.8,54,1.2,1219,-12.7,0.0,0.0,0.0,222
3,-5.6,56,1.0,1367,-13.0,0.0,0.0,0.0,103
4,-5.9,61,1.1,1260,-12.2,0.0,0.0,0.0,61
5,-6.1,64,1.0,1231,-11.8,0.0,0.0,0.0,48
6,-6.5,67,0.7,1175,-11.6,0.0,0.0,0.0,69
7,-6.6,65,1.0,1320,-12.0,0.0,0.0,0.0,105
8,-6.5,62,1.1,1503,-12.5,0.0,0.0,0.0,186
9,-5.8,49,1.4,1728,-14.8,0.16,0.0,0.0,221
10,-3.5,39,2.0,1946,-15.4,0.54,0.0,0.0,204
14,1.8,29,2.0,1693,-14.3,1.14,0.0,0.0,370
15,2.3,27,2.2,1877,-14.8,0.92,0.0,0.0,373
16,2.7,27,2.2,1811,-14.4,0.64,0.0,0.0,352
17,1.1,31,1.7,1989,-14.1,0.26,0.0,0.0,354
18,-0.6,37,1.6,1797,-13.5,0.01,0.0,0.0,271
19,-1.2,37,1.2,1663,-14.0,0.0,0.0,0.0,207
20,-2.1,41,1.1,1578,-13.6,0.0,0.0,0.0,189
22,-2.6,47,1.6,1492,-12.3,0.0,0.0,0.0,218
23,-3.2,50,0.8,1429,-12.1,0.0,0.0,0.0,169
0,-3.8,48,0.7,1574,-13.2,0.0,0.0,0.0,192
2,-4.4,53,0.3,1594,-12.5,0.0,0.0,0.0,128
4,-5.1,60,0.7,1377,-11.6,0.0,0.0,0.0,62
5,-5.6,58,0.7,1350,-12.5,0.0,0.0,0.0,40
6,-5.5,52,0.7,1503,-13.8,0.0,0.0,0.0,38
7,-5.6,58,0.9,1368,-12.5,0.0,0.0,0.0,60
8,-5.3,53,1.1,1411,-13.4,0.0,0.0,0.0,122
9,-3.8,49,1.6,1371,-12.9,0.18,0.0,0.0,143
10,-1.8,40,1.8,1555,-13.6,0.48,0.0,0.0,179
11,0.5,35,1.4,1558,-13.2,0.75,0.0,0.0,214
13,1.4,34,0.8,1394,-12.7,0.5,0.0,0.0,265
14,1.9,32,0.7,1368,-13.0,0.41,0.0,0.0,331
15,2.7,31,0.9,1603,-12.7,0.43,0.0,0.0,368
16,2.6,32,1.0,1381,-12.4,0.27,0.0,0.0,333
17,2.3,33,0.2,1515,-12.3,0.13,0.0,0.0,349
18,1.8,34,1.2,1518,-12.4,0.0,0.0,0.0,270
19,1.6,35,1.0,1419,-12.2,0.0,0.0,0.0,246
20,1.3,38,0.4,1386,-11.4,0.0,0.0,0.0,233
22,1.1,40,0.5,1305,-11.0,0.0,0.0,0.0,214
23,1.1,39,0.6,1422,-11.3,0.0,0.0,0.0,149
0,0.9,42,1.1,1271,-10.5,0.0,0.0,0.0,149
1,0.9,42,0.2,1333,-10.5,0.0,0.0,0.0,109
2,0.8,42,0.5,1275,-10.6,0.0,0.0,0.0,77
3,0.9,43,0.4,1261,-10.2,0.0,0.0,0.0,53
5,0.8,42,1.0,1394,-10.6,0.0,0.0,0.0,67
6,0.8,45,0.7,1268,-9.8,0.0,0.0,0.0,159
7,0.7,44,0.8,1357,-10.1,0.0,0.0,0.0,374
8,0.7,45,0.7,1339,-9.9,0.0,0.0,0.0,701
9,0.8,47,0.9,1070,-9.2,0.05,0.0,0.0,387
10,1.3,43,0.8,971,-9.9,0.16,0.0,0.0,253
11,1.7,37,0.6,1062,-11.4,0.23,0.0,0.0,278
12,2.7,33,2.7,1281,-12.0,0.6,0.0,0.0,356
14,3.4,31,1.4,1267,-12.1,0.36,0.0,0.0,349
15,3.9,33,1.8,1293,-10.9,0.39,0.0,0.0,318
16,3.5,36,1.7,1702,-10.2,0.16,0.0,0.0,353
17,2.7,50,2.8,1957,-6.7,0.06,0.0,0.0,385
18,1.5,70,2.5,638,-3.3,0.0,0.0,0.0,316
19,0.9,88,1.6,290,-0.8,0.0,0.0,0.5,127
20,1.0,89,1.9,407,-0.6,0.0,0.0,1.0,144
21,0.7,77,6.7,692,-2.8,0.0,0.9,1.0,146
22,0.1,68,4.6,740,-5.1,0.0,0.0,1.0,149
23,-0.6,62,4.2,936,-6.9,0.0,0.0,1.0,112
0,-1.2,67,4.6,983,-6.5,0.0,0.0,1.0,100
1,-1.9,69,5.0,791,-6.8,0.0,0.0,1.0,107
2,-2.9,66,3.3,1515,-8.3,0.0,0.0,1.0,75
3,-3.4,67,3.2,1420,-8.6,0.0,0.0,0.9,52
4,-4.3,59,4.4,1451,-11.1,0.0,0.0,0.9,38
5,-5.1,48,3.2,1821,-14.4,0.0,0.0,0.9,52
7,-5.9,57,3.1,1686,-13.0,0.0,0.0,0.8,245
8,-6.0,64,3.2,1384,-11.7,0.0,0.0,0.7,554
9,-6.0,61,2.5,1547,-12.3,0.13,0.0,0.6,320
11,-3.9,51,4.5,1746,-12.5,0.73,0.0,0.5,247
13,-2.6,45,4.0,1663,-12.9,1.11,0.0,0.3,265
14,-1.8,45,3.7,1922,-12.1,1.06,0.0,0.2,265
15,-2.4,51,4.6,1458,-11.1,0.46,0.0,0.0,257
16,-2.4,56,3.3,1541,-9.9,0.35,0.0,0.0,262
17,-2.9,66,3.6,743,-8.3,0.23,0.0,0.0,332
18,-3.8,58,1.7,1996,-10.8,0.01,0.0,0.0,558
19,-4.5,57,0.6,2000,-11.7,0.0,0.0,0.0,364
20,-4.9,59,0.6,1992,-11.6,0.0,0.0,0.0,302
21,-4.8,59,0.9,2000,-11.6,0.0,0.0,0.0,281
0,-5.2,82,0.8,152,-7.7,0.0,0.5,0.5,61
1,-5.6,75,1.7,1982,-9.3,0.0,0.0,0.8,78
2,-5.7,72,1.2,1925,-9.9,0.0,0.0,0.8,63
3,-6.1,70,1.1,2000,-10.6,0.0,0.3,0.8,40
4,-6.6,72,2.2,2000,-10.8,0.0,0.0,0.8,31
5,-7.3,75,1.6,2000,-10.9,0.0,0.0,0.8,39
7,-8.0,70,1.8,2000,-12.5,0.0,0.0,0.7,158
8,-7.9,67,2.6,1896,-12.9,0.0,0.0,0.7,387
9,-7.7,62,3.6,1637,-13.7,0.13,0.0,0.7,225
10,-6.9,53,3.2,1576,-14.8,0.52,0.0,0.6,150
11,-6.4,49,4.5,1759,-15.3,0.86,0.0,0.5,168
13,-5.1,43,4.7,1901,-15.7,1.18,0.0,0.4,207
14,-5.3,37,5.3,2000,-17.7,1.05,0.0,0.3,177
16,-5.4,30,3.9,2000,-20.2,0.69,0.0,0.2,196
18,-7.8,32,4.5,2000,-21.6,0.02,0.0,0.0,437
19,-8.5,35,2.9,2000,-21.2,0.0,0.0,0.0,259
20,-8.9,41,2.3,2000,-19.7,0.0,0.0,0.0,207
21,-9.4,47,2.0,2000,-18.6,0.0,0.0,0.0,214
22,-9.7,51,2.8,2000,-17.9,0.0,0.0,0.0,165
23,-10.2,53,3.3,1997,-17.9,0.0,0.0,0.0,139
0,-10.3,54,2.4,1988,-17.8,0.0,0.0,0.0,98
1,-10.6,55,2.9,1987,-17.9,0.0,0.0,0.0,100
3,-11.2,59,2.9,1872,-17.6,0.0,0.0,0.0,38
4,-11.5,57,2.3,1899,-18.3,0.0,0.0,0.0,33
5,-11.9,61,1.8,1759,-17.9,0.0,0.0,0.0,42
6,-12.0,61,2.3,1709,-18.0,0.0,0.0,0.0,82
7,-12.3,59,2.3,1738,-18.6,0.0,0.0,0.0,203
8,-12.6,61,1.6,1610,-18.5,0.0,0.0,0.0,443
10,-11.1,46,3.7,1638,-20.4,0.48,0.0,0.0,152
11,-10.2,41,3.5,1629,-20.9,0.84,0.0,0.0,146
12,-8.6,40,2.6,1700,-19.8,1.11,0.0,0.0,187
13,-8.6,41,3.4,1593,-19.5,1.2,0.0,0.0,178
14,-7.4,38,3.3,1718,-19.3,1.15,0.0,0.0,187
15,-8.3,42,3.8,1745,-18.9,0.93,0.0,0.0,181
16,-8.2,39,2.8,1807,-19.7,0.63,0.0,0.0,179
17,-9.3,43,2.8,1900,-19.6,0.28,0.0,0.0,219
18,-10.4,43,2.3,1985,-20.6,0.02,0.0,0.0,352
19,-10.9,44,3.0,2000,-20.7,0.0,0.0,0.0,251
20,-11.6,49,1.8,1953,-20.1,0.0,0.0,0.0,177
21,-12.4,51,2.2,1992,-20.4,0.0,0.0,0.0,162
23,-13.2,51,1.5,1972,-21.2,0.0,0.0,0.0,119
0,-13.6,49,1.6,2000,-22.0,0.0,0.0,0.0,105
1,-13.7,47,3.0,2000,-22.6,0.0,0.0,0.0,99
3,-14.1,45,1.8,2000,-23.4,0.0,0.0,0.0,42
4,-14.3,45,2.0,2000,-23.6,0.0,0.0,0.0,30
5,-14.6,45,1.1,2000,-23.9,0.0,0.0,0.0,35
6,-14.9,45,2.3,2000,-24.2,0.0,0.0,0.0,92
7,-15.1,45,0.9,2000,-24.4,0.0,0.0,0.0,189
8,-15.1,44,1.2,2000,-24.6,0.0,0.0,0.0,419
9,-14.9,40,1.2,1999,-25.5,0.16,0.0,0.0,196
10,-13.0,37,2.2,1960,-24.6,0.59,0.0,0.0,119
11,-11.2,31,2.4,1944,-25.0,0.94,0.0,0.0,140
12,-9.6,27,2.0,1945,-25.1,1.17,0.0,0.0,178
13,-8.2,29,2.0,1920,-23.1,1.19,0.0,0.0,177
15,-6.5,26,2.4,1987,-22.8,0.96,0.0,0.0,177
16,-5.8,21,1.1,2000,-24.6,0.66,0.0,0.0,196
17,-6.5,22,1.5,2000,-24.7,0.28,0.0,0.0,259
18,-7.5,28,2.0,2000,-22.9,0.02,0.0,0.0,405
19,-8.2,32,1.1,2000,-22.0,0.0,0.0,0.0,273
20,-7.9,31,1.4,2000,-22.1,0.0,0.0,0.0,210
21,-7.4,33,1.4,2000,-20.9,0.0,0.0,0.0,184
0,-6.6,39,1.6,1930,-18.2,0.0,0.0,0.0,152
1,-6.5,45,0.5,1964,-16.4,0.0,0.0,0.0,168
3,-6.5,42,0.7,1996,-17.3,0.0,0.0,0.0,77
4,-6.4,46,0.8,1993,-16.1,0.0,0.0,0.0,47
5,-6.3,51,0.8,2000,-14.8,0.0,0.0,0.0,40
6,-6.4,59,0.6,887,-13.1,0.0,0.0,0.0,42
7,-6.5,68,0.6,571,-11.4,0.0,0.0,0.0,43
9,-6.3,76,0.6,330,-9.8,0.05,0.2,0.4,102
10,-5.5,72,0.7,1354,-9.7,0.29,0.0,0.6,106
11,-4.8,70,1.0,1244,-9.4,0.21,0.0,0.6,133
12,-3.7,66,1.1,1140,-9.1,0.45,0.2,0.4,174
13,-2.5,62,1.4,1087,-8.7,0.66,0.0,0.0,212
14,-1.8,62,0.7,936,-8.1,0.55,0.0,0.0,215
15,-1.5,62,0.9,957,-7.8,0.28,0.0,0.0,251
16,-1.2,63,0.9,876,-7.3,0.19,0.0,0.0,249
17,-1.4,68,1.0,761,-6.5,0.11,0.0,0.0,277
18,-2.6,73,1.0,684,-6.7,0.01,0.0,0.0,223
19,-3.3,76,0.8,633,-6.9,0.0,0.0,0.0,167
20,-3.9,78,1.1,596,-7.1,0.0,0.0,0.0,158
21,-4.1,79,0.7,522,-7.2,0.0,0.0,0.0,156
23,-4.4,81,0.7,420,-7.1,0.0,0.0,0.0,131
0,-4.4,81,0.7,414,-7.1,0.0,0.0,0.0,149
1,-3.7,79,0.9,438,-6.8,0.0,0.0,0.0,150
3,-3.6,78,1.6,471,-6.8,0.0,0.0,0.0,79
4,-4.0,79,1.2,453,-7.1,0.0,0.0,0.0,48
5,-4.2,79,1.2,442,-7.3,0.0,0.0,0.0,29
6,-4.3,79,1.1,433,-7.4,0.0,0.0,0.0,49
7,-4.4,80,1.4,411,-7.3,0.0,0.0,0.0,59
9,-3.4,77,1.6,432,-6.8,0.12,0.0,0.0,118
10,-2.1,72,1.7,489,-6.4,0.34,0.0,0.0,134
11,-0.5,64,0.7,537,-6.4,0.49,0.0,0.0,174
12,1.2,58,0.8,550,-6.1,0.74,0.0,0.0,226
13,3.0,52,1.4,568,-5.9,0.9,0.0,0.0,272
14,3.7,53,0.6,592,-5.0,0.74,0.0,0.0,304
15,4.6,50,0.9,824,-4.9,0.62,0.0,0.0,353
16,5.3,49,1.8,982,-4.5,0.43,0.0,0.0,366
17,4.5,51,1.1,1244,-4.7,0.17,0.0,0.0,302
18,4.1,53,1.3,1132,-4.6,0.0,0.0,0.0,250
19,3.9,54,1.1,1102,-4.5,0.0,0.0,0.0,208
20,3.5,55,1.0,1100,-4.7,0.0,0.0,0.0,210
21,3.1,58,0.4,936,-4.3,0.0,0.0,0.0,213
22,2.8,60,0.6,829,-4.2,0.0,0.0,0.0,196
23,2.7,60,0.6,794,-4.3,0.0,0.0,0.0,144
1,3.0,62,0.9,835,-3.5,0.0,0.0,0.0,122
2,3.6,65,0.9,959,-2.3,0.0,0.0,0.0,74
3,4.4,70,1.7,928,-0.6,0.0,0.0,0.0,58
4,4.9,73,1.8,881,0.4,0.0,0.0,0.0,38
5,5.0,76,1.9,808,1.1,0.0,0.0,0.0,55
6,4.9,83,3.0,582,2.2,0.0,0.0,0.0,82
7,4.4,87,1.0,357,2.4,0.0,0.0,0.0,209
9,3.9,86,1.7,399,1.7,0.11,0.2,0.0,303
10,4.2,82,2.2,560,1.3,0.22,0.0,0.0,212
12,6.2,64,1.9,549,-0.1,0.79,0.0,0.0,311
13,6.1,61,2.3,534,-0.8,0.91,0.0,0.0,309
14,7.1,52,2.1,646,-2.1,0.76,0.0,0.0,306
15,7.4,38,1.7,817,-6.0,0.63,0.0,0.0,349
16,7.5,37,0.9,813,-6.2,0.48,0.0,0.0,365
18,5.2,44,1.3,647,-6.0,0.0,0.0,0.0,555
19,4.4,53,1.2,538,-4.3,0.0,0.0,0.0,444
22,3.0,61,1.6,460,-3.8,0.0,0.0,0.0,333
23,2.4,63,0.6,443,-3.9,0.0,0.0,0.0,230
1,1.2,64,0.7,455,-4.8,0.0,0.0,0.0,207
2,0.5,72,0.7,385,-3.9,0.0,0.0,0.0,141
3,0.3,70,0.6,438,-4.5,0.0,0.0,0.0,81
4,0.8,65,0.7,502,-5.0,0.0,0.0,0.0,51
6,1.2,69,0.6,436,-3.8,0.0,0.0,0.0,140
7,1.1,69,0.6,418,-3.9,0.0,0.0,0.0,318
9,1.9,65,0.8,402,-3.9,0.06,0.0,0.0,376
10,2.7,60,0.5,392,-4.3,0.18,0.0,0.0,221
11,3.9,57,0.8,363,-3.8,0.28,0.0,0.0,256
13,5.8,47,0.8,382,-4.6,0.53,0.0,0.0,296
14,6.5,43,0.8,468,-5.2,0.52,0.0,0.0,276
15,6.3,40,0.3,498,-6.3,0.19,0.0,0.0,250
16,5.8,50,0.9,547,-3.8,0.11,0.0,0.0,277
17,5.2,58,0.8,462,-2.4,0.08,0.0,0.0,381
18,4.9,59,1.4,427,-2.4,0.0,0.0,0.0,592
19,4.6,57,1.0,432,-3.2,0.0,0.0,0.0,409
20,4.5,58,0.8,383,-3.0,0.0,0.0,0.0,332
21,4.3,56,0.7,434,-3.7,0.0,0.0,0.0,342
22,4.0,57,0.3,430,-3.7,0.0,0.0,0.0,321
23,3.9,60,0.9,379,-3.1,0.0,0.0,0.0,242
1,3.3,64,0.4,339,-2.8,0.0,0.0,0.0,183
2,3.1,65,0.8,310,-2.8,0.0,0.0,0.0,140
3,3.0,67,0.8,297,-2.5,0.0,0.0,0.0,75
4,3.0,68,0.5,322,-2.3,0.0,0.0,0.0,55
5,2.9,66,0.8,325,-2.8,0.0,0.0,0.0,72
6,2.7,71,1.1,270,-2.0,0.0,0.0,0.0,115
7,2.5,71,0.9,289,-2.2,0.0,0.0,0.0,272
8,2.6,70,0.6,296,-2.3,0.0,0.0,0.0,537
9,3.0,66,0.7,306,-2.7,0.12,0.0,0.0,337
10,4.3,58,0.5,401,-3.2,0.23,0.0,0.0,212
11,6.0,51,1.0,436,-3.3,0.55,0.0,0.0,270
12,8.1,51,1.4,367,-1.4,0.75,0.0,0.0,310
13,8.0,54,1.8,435,-0.7,0.57,0.0,0.0,273
15,8.5,49,1.3,400,-1.6,0.73,0.0,0.0,278
16,8.3,54,1.2,330,-0.4,0.44,0.0,0.0,314
20,3.5,72,1.7,361,-1.0,0.0,0.0,0.0,286
22,2.8,74,0.5,309,-1.3,0.0,0.0,0.0,313
23,2.7,74,0.8,291,-1.4,0.0,0.0,0.0,227
0,2.7,73,1.0,290,-1.6,0.0,0.0,0.0,215
1,3.2,72,1.9,306,-1.3,0.0,0.0,0.0,190
2,3.3,73,1.2,288,-1.0,0.0,0.0,0.0,137
3,3.6,74,1.7,273,-0.6,0.0,0.0,0.0,95
5,2.6,82,2.0,229,-0.1,0.0,0.0,0.0,68
6,2.2,82,2.0,211,-0.5,0.0,0.0,0.0,107
7,1.5,86,1.1,189,-0.5,0.0,0.0,0.0,279
9,1.2,84,2.1,210,-1.2,0.07,0.0,0.0,305
10,1.4,81,2.1,255,-1.5,0.21,0.0,0.0,188
11,1.8,75,1.8,301,-2.1,0.35,0.0,0.0,261
13,3.5,54,3.2,463,-4.9,0.68,0.0,0.0,307
14,4.4,42,2.3,719,-7.4,0.72,0.0,0.0,301
15,4.2,36,2.3,957,-9.5,0.57,0.0,0.0,269
17,2.8,46,2.1,858,-7.6,0.14,0.0,0.0,416
18,2.0,39,2.1,1259,-10.5,0.01,0.0,0.0,506
20,1.1,44,1.2,1171,-9.8,0.0,0.0,0.0,303
21,0.8,45,1.5,1184,-9.8,0.0,0.0,0.0,339
22,0.7,45,2.0,1084,-9.9,0.0,0.0,0.0,318
23,0.6,47,2.3,1046,-9.4,0.0,0.0,0.0,232
0,0.3,45,1.8,1154,-10.2,0.0,0.0,0.0,211
1,0.0,43,1.7,1250,-11.1,0.0,0.0,0.0,207
2,-0.3,44,1.7,1295,-11.1,0.0,0.0,0.0,140
3,-0.6,43,1.7,1316,-11.6,0.0,0.0,0.0,93
4,-0.7,45,1.4,1241,-11.1,0.0,0.0,0.0,58
5,-1.4,47,1.4,1301,-11.2,0.0,0.0,0.0,61
7,-2.0,49,1.9,1281,-11.3,0.0,0.0,0.0,334
8,-2.5,50,1.0,1281,-11.5,0.0,0.0,0.0,648
9,-2.1,42,1.3,1519,-13.3,0.17,0.0,0.0,387
10,0.0,29,1.3,1592,-15.9,0.52,0.0,0.0,255
11,2.2,20,0.6,1794,-18.5,0.83,0.0,0.0,283
12,4.3,28,1.5,1858,-12.6,0.98,0.0,0.0,341
15,5.4,25,2.4,1686,-13.1,0.9,0.0,0.0,381
16,4.9,27,2.8,1648,-12.5,0.65,0.0,0.0,390
17,4.1,34,3.1,1810,-10.3,0.28,0.0,0.0,468
18,2.9,45,1.6,1629,-7.8,0.04,0.0,0.0,702
21,0.5,52,0.8,1595,-8.2,0.0,0.0,0.0,331
22,0.0,56,0.8,1544,-7.7,0.0,0.0,0.0,292
0,-0.6,60,0.6,1433,-7.4,0.0,0.0,0.0,228
3,-0.9,65,0.2,1359,-6.6,0.0,0.0,0.0,118
4,-0.7,65,0.6,1226,-6.4,0.0,0.0,0.0,89
5,-0.3,62,0.6,862,-6.7,0.0,0.0,0.0,56
6,-0.1,60,0.4,1080,-6.9,0.0,0.0,0.0,50
7,0.2,60,0.3,1145,-6.6,0.0,0.0,0.0,101
8,0.3,63,0.4,1140,-5.9,0.0,0.0,0.0,191
9,0.9,63,0.9,1090,-5.3,0.07,0.0,0.0,234
10,2.1,60,1.2,1005,-4.8,0.3,0.0,0.0,259
12,5.3,55,2.6,904,-3.0,0.85,0.0,0.0,325
13,6.3,55,3.0,792,-2.0,0.85,0.0,0.0,356
14,5.9,61,3.2,623,-1.0,0.52,0.0,0.0,334
16,6.6,42,3.0,355,-5.4,0.48,0.0,0.0,352
17,5.7,53,1.8,276,-3.1,0.22,0.0,0.0,377
20,2.9,66,1.2,173,-2.8,0.0,0.0,0.0,219
22,1.5,48,2.4,422,-8.3,0.0,0.0,0.0,232
23,0.8,53,1.7,382,-7.7,0.0,0.0,0.0,164
0,-0.3,60,1.9,340,-7.1,0.0,0.0,0.0,196
1,-0.8,58,0.4,400,-8.0,0.0,0.0,0.0,177
3,-2.0,60,0.5,474,-8.7,0.0,0.0,0.0,107
5,-2.6,49,1.1,1065,-11.8,0.0,0.0,0.0,32
6,-3.1,54,1.4,1037,-11.1,0.0,0.0,0.0,36
8,-3.6,53,0.5,1227,-11.8,0.0,0.0,0.0,115
9,-3.2,46,0.8,1091,-13.2,0.15,0.0,0.0,152
10,-1.3,37,0.8,1070,-14.1,0.47,0.0,0.0,189
11,1.9,25,1.0,1493,-16.1,0.78,0.0,0.0,216
12,3.9,30,1.6,1085,-12.1,0.91,0.0,0.0,271
14,5.4,18,1.2,1923,-17.0,0.96,0.0,0.0,340
16,4.7,17,2.1,2000,-18.3,0.55,0.0,0.0,396
17,3.8,20,1.3,2000,-17.1,0.24,0.0,0.0,383
18,2.5,24,2.0,2000,-16.0,0.02,0.0,0.0,295
19,1.3,25,1.3,2000,-16.6,0.0,0.0,0.0,223
21,-0.1,29,0.5,2000,-16.0,0.0,0.0,0.0,237
22,-0.3,32,0.7,2000,-15.0,0.0,0.0,0.0,207
23,-0.4,32,0.6,2000,-15.1,0.0,0.0,0.0,170
0,-0.2,30,0.4,2000,-15.7,0.0,0.0,0.0,171
1,-0.2,32,0.7,2000,-14.9,0.0,0.0,0.0,97
2,-0.2,33,1.4,2000,-14.5,0.0,0.0,0.0,73
3,-0.3,31,0.3,2000,-15.4,0.0,0.0,0.0,53
5,0.0,32,0.7,2000,-14.7,0.0,0.0,0.0,60
7,-0.4,34,1.0,1989,-14.3,0.0,0.0,0.0,316
8,-0.7,32,0.5,1991,-15.3,0.0,0.0,0.0,683
9,0.1,33,0.8,1901,-14.3,0.06,0.0,0.0,365
10,1.1,31,0.7,1898,-14.1,0.25,0.0,0.0,221
12,3.9,28,0.9,1383,-12.9,0.6,0.0,0.0,323
13,3.9,33,0.6,1249,-10.9,0.19,0.0,0.0,281
14,3.3,73,0.4,744,-1.0,0.11,0.0,0.0,249
15,3.6,69,1.8,655,-1.5,0.17,0.0,0.0,63
16,2.0,87,1.9,140,0.0,0.03,0.0,0.0,18
17,1.3,93,1.2,81,0.2,0.03,0.0,0.2,43
18,1.1,96,3.0,187,0.5,0.0,3.3,1.0,170
19,-0.1,88,3.2,582,-1.8,0.0,0.0,1.0,167
20,-0.8,85,2.9,836,-3.0,0.0,0.0,1.0,181
21,-1.8,85,2.9,590,-3.9,0.0,0.0,1.0,187
22,-3.2,81,3.9,492,-6.0,0.0,0.0,1.0,170
23,-4.2,79,2.9,554,-7.3,0.0,0.0,1.0,139
1,-6.0,76,3.1,1178,-9.5,0.0,0.0,1.0,120
2,-7.5,65,3.9,2000,-12.9,0.0,0.0,1.0,75
3,-8.6,68,3.3,2000,-13.4,0.0,0.0,1.0,55
5,-10.5,46,3.0,2000,-19.9,0.0,0.0,1.0,44
6,-11.5,47,3.2,2000,-20.5,0.0,0.0,1.0,84
7,-12.5,41,4.5,2000,-23.0,0.0,0.0,1.0,211
8,-13.0,41,4.0,2000,-23.5,0.0,0.0,1.0,423
10,-12.1,34,3.5,1968,-24.8,0.62,0.0,1.0,132
11,-11.7,27,4.0,1935,-26.9,0.94,0.0,1.0,184
12,-11.3,27,3.7,1955,-26.6,1.18,0.0,1.0,180
13,-11.0,27,4.0,1959,-26.3,1.26,0.0,1.0,189
15,-9.7,32,3.6,2000,-23.3,1.04,0.0,1.0,181
16,-10.1,34,4.3,2000,-23.0,0.74,0.0,1.0,181
19,-12.0,47,3.2,2000,-21.0,0.0,0.0,0.9,248
20,-12.5,52,3.0,2000,-20.3,0.0,0.0,0.9,178
21,-13.2,49,4.1,2000,-21.6,0.0,0.0,0.9,145
22,-13.9,45,4.0,2000,-23.2,0.0,0.0,0.9,117
23,-14.3,38,4.0,2000,-25.5,0.0,0.0,0.9,106
0,-14.6,34,3.9,2000,-27.0,0.0,0.0,0.9,90
1,-15.0,31,2.5,2000,-28.3,0.0,0.0,0.9,89
2,-15.2,32,3.1,2000,-28.2,0.0,0.0,0.9,50
3,-15.2,30,3.4,2000,-28.9,0.0,0.0,0.9,32
6,-15.7,29,2.5,2000,-29.7,0.0,0.0,0.9,71
7,-15.9,30,3.0,2000,-29.5,0.0,0.0,0.9,164
8,-16.2,30,1.6,2000,-29.8,0.0,0.0,0.9,364
9,-15.8,27,3.4,2000,-30.5,0.2,0.0,0.9,192
10,-14.5,24,4.6,1902,-30.6,0.61,0.0,0.9,90
11,-13.1,25,3.8,1964,-29.0,0.96,0.0,0.9,124
12,-12.2,26,4.0,2000,-27.8,1.17,0.0,0.9,121
13,-12.0,25,6.0,1887,-28.0,1.27,0.0,0.9,140
14,-11.1,26,3.8,1980,-26.8,1.25,0.0,0.8,125
15,-10.8,29,3.8,2000,-25.4,1.06,0.0,0.7,149
16,-11.2,30,4.7,2000,-25.3,0.77,0.0,0.7,124
17,-11.8,26,3.5,2000,-27.4,0.39,0.0,0.7,203
20,-14.3,37,1.3,2000,-25.8,0.0,0.0,0.7,125
21,-14.7,40,3.2,1933,-25.3,0.0,0.0,0.7,132
22,-15.2,45,4.0,2000,-24.4,0.0,0.0,0.7,121
23,-15.7,43,3.6,2000,-25.4,0.0,0.0,0.7,82
0,-15.9,43,3.8,2000,-25.6,0.0,0.0,0.7,78
1,-16.1,42,2.2,2000,-26.0,0.0,0.0,0.7,68
2,-16.0,42,1.3,2000,-25.9,0.0,0.0,0.7,60
3,-16.0,40,1.9,2000,-26.5,0.0,0.0,0.7,32
4,-15.9,37,2.4,1985,-27.2,0.0,0.0,0.7,22
5,-15.8,37,2.7,2000,-27.1,0.0,0.0,0.7,34
6,-16.1,33,3.0,2000,-28.7,0.0,0.0,0.7,71
7,-16.2,33,2.2,2000,-28.7,0.0,0.0,0.7,165
8,-16.4,32,3.3,2000,-29.2,0.01,0.0,0.6,349
9,-16.2,33,2.9,2000,-28.7,0.19,0.0,0.6,187
10,-15.3,33,2.4,2000,-27.9,0.56,0.0,0.6,105
11,-13.8,25,3.5,1996,-29.6,0.91,0.0,0.6,122
12,-12.8,25,3.2,1981,-28.7,1.16,0.0,0.6,142
13,-11.4,27,3.9,2000,-26.7,1.26,0.0,0.6,130
14,-10.4,25,2.3,1981,-26.7,1.21,0.0,0.5,160
15,-9.7,28,3.7,2000,-24.8,1.0,0.0,0.5,130
17,-10.9,32,4.0,2000,-24.4,0.28,0.0,0.5,170
18,-11.8,33,4.0,2000,-24.8,0.04,0.0,0.5,288
19,-12.7,33,3.7,2000,-25.6,0.0,0.0,0.5,178
21,-14.1,35,2.2,2000,-26.2,0.0,0.0,0.5,137
22,-14.6,35,2.5,2000,-26.7,0.0,0.0,0.5,113
23,-14.9,35,2.8,2000,-26.9,0.0,0.0,0.5,79
3,-15.9,34,2.9,2000,-28.2,0.0,0.0,0.5,41
4,-16.4,36,1.5,2000,-28.0,0.0,0.0,0.5,24
5,-16.9,38,2.3,2000,-27.9,0.0,0.0,0.5,36
6,-17.4,40,1.6,2000,-27.7,0.0,0.0,0.5,64
7,-17.5,38,3.4,2000,-28.4,0.0,0.0,0.5,142
8,-17.8,40,2.5,2000,-28.1,0.0,0.0,0.5,322
9,-17.5,37,3.8,1941,-28.7,0.21,0.0,0.5,149
10,-16.5,33,3.4,1703,-29.0,0.62,0.0,0.5,96
11,-15.6,31,3.3,1808,-28.9,0.93,0.0,0.5,93
12,-14.4,30,2.7,1906,-28.2,1.17,0.0,0.5,111
14,-12.1,27,2.5,1879,-27.3,1.25,0.0,0.4,116
15,-11.4,27,3.3,1805,-26.7,0.0,0.0,0.4,140
16,-10.8,28,2.7,1778,-25.8,0.77,0.0,0.4,147
17,-11.5,31,3.3,1745,-25.2,0.41,0.0,0.3,196
18,-12.7,33,2.5,1835,-25.6,0.05,0.0,0.3,305
19,-13.2,33,2.4,1863,-26.1,0.0,0.0,0.3,171
20,-13.7,35,1.7,1878,-25.9,0.0,0.0,0.3,121
22,-14.6,40,1.8,1746,-25.2,0.0,0.0,0.3,108
0,-15.0,42,1.2,1766,-25.0,0.0,0.0,0.3,80
1,-15.1,43,0.8,1905,-24.9,0.0,0.0,0.3,94
2,-15.3,43,0.6,1867,-25.0,0.0,0.0,0.3,75
4,-15.3,47,0.8,1868,-24.0,0.0,0.0,0.3,36
5,-15.4,45,0.8,2000,-24.6,0.0,0.0,0.3,25
6,-15.3,47,0.7,1921,-24.0,0.0,0.0,0.3,33
7,-15.7,53,1.3,1629,-23.1,0.0,0.0,0.3,57
8,-15.9,58,0.9,1369,-22.2,0.0,0.0,0.3,84
9,-15.1,49,1.1,1401,-23.4,0.2,0.0,0.3,105
10,-12.3,35,0.6,1497,-24.6,0.6,0.0,0.3,96
11,-9.6,33,1.1,1748,-22.9,0.9,0.0,0.3,125
13,-6.6,27,2.1,1889,-22.5,1.24,0.0,0.3,189
16,-3.7,25,2.6,1839,-20.9,0.74,0.0,0.0,195
17,-4.6,26,1.9,2000,-21.2,0.39,0.0,0.0,207
18,-6.6,31,3.0,1988,-20.9,0.06,0.0,0.0,162
19,-7.1,33,2.0,1887,-20.6,0.0,0.0,0.0,122
20,-7.6,36,1.7,1858,-20.1,0.0,0.0,0.0,117
21,-7.9,35,2.6,1878,-20.7,0.0,0.0,0.0,103
22,-7.8,43,2.3,1804,-18.2,0.0,0.0,0.0,114
23,-7.6,42,1.2,1760,-18.3,0.0,0.0,0.0,103
0,-7.5,36,2.3,1972,-20.0,0.0,0.0,0.0,125
1,-7.5,45,2.4,1853,-17.4,0.0,0.0,0.0,103
5,-7.5,33,1.5,2000,-21.0,0.0,0.0,0.0,21
6,-7.8,35,1.9,2000,-20.6,0.0,0.0,0.0,30
7,-8.0,39,1.9,2000,-19.5,0.0,0.0,0.0,42
9,-7.8,41,1.8,1923,-18.7,0.17,0.0,0.0,104
11,-4.6,27,2.6,1887,-20.8,0.85,0.0,0.0,145
12,-3.5,26,2.5,1756,-20.2,1.07,0.0,0.0,189
13,-2.4,22,2.5,1866,-21.2,1.16,0.0,0.0,206
14,-1.5,20,3.0,1992,-21.6,1.09,0.0,0.0,225
15,-1.9,23,4.3,2000,-20.3,0.7,0.0,0.0,217
16,-2.1,27,4.0,2000,-18.6,0.52,0.0,0.0,187
18,-4.9,35,3.7,2000,-18.0,0.04,0.0,0.0,157
19,-6.0,31,3.6,2000,-20.4,0.0,0.0,0.0,134
20,-7.0,30,2.8,2000,-21.6,0.0,0.0,0.0,113
21,-7.3,34,3.5,2000,-20.5,0.0,0.0,0.0,106
22,-7.9,40,2.5,1997,-19.1,0.0,0.0,0.0,105
0,-9.3,45,0.7,1976,-19.0,0.0,0.0,0.0,80
1,-9.8,47,1.3,1934,-19.0,0.0,0.0,0.0,62
2,-10.2,47,0.9,1808,-19.3,0.0,0.0,0.0,49
3,-9.8,43,2.8,1963,-20.0,0.0,0.0,0.0,27
4,-9.9,45,2.5,1967,-19.6,0.0,0.0,0.0,26
5,-10.4,47,1.0,1921,-19.5,0.0,0.0,0.0,50
6,-10.9,43,1.0,1967,-21.0,0.0,0.0,0.0,94
7,-11.1,37,1.6,2000,-22.9,0.0,0.0,0.0,231
8,-11.5,38,1.0,1998,-23.0,0.01,0.0,0.0,450
9,-10.8,34,2.9,1975,-23.6,0.17,0.0,0.0,217
10,-9.5,28,3.7,1893,-24.6,0.59,0.0,0.0,135
11,-8.1,24,3.6,1761,-25.1,0.91,0.0,0.0,166
12,-7.3,23,3.8,1903,-24.9,1.17,0.0,0.0,186
13,-6.9,23,4.6,1963,-24.6,1.28,0.0,0.0,166
14,-5.7,23,4.5,1956,-23.5,1.25,0.0,0.0,168
15,-5.2,27,4.5,1927,-21.3,1.06,0.0,0.0,177
16,-5.5,28,4.3,1926,-21.1,0.78,0.0,0.0,195
17,-5.7,30,3.6,1978,-20.5,0.4,0.0,0.0,239
19,-7.1,40,3.2,2000,-18.4,0.0,0.0,0.0,282
20,-7.4,41,3.8,2000,-18.4,0.0,0.0,0.0,197
21,-7.7,42,2.9,1905,-18.4,0.0,0.0,0.0,182
22,-8.8,40,3.0,1985,-19.9,0.0,0.0,0.0,172
23,-9.4,41,1.6,2000,-20.2,0.0,0.0,0.0,99
1,-10.4,37,0.3,2000,-22.3,0.0,0.0,0.0,129
2,-10.6,40,1.0,2000,-21.6,0.0,0.0,0.0,84
3,-10.7,42,1.4,2000,-21.1,0.0,0.0,0.0,54
4,-11.1,50,1.2,1986,-19.4,0.0,0.0,0.0,33
6,-11.2,53,0.9,2000,-18.9,0.0,0.0,0.0,94
7,-11.3,57,0.9,1984,-18.1,0.0,0.0,0.0,214
8,-11.1,61,0.7,1963,-17.1,0.01,0.0,0.0,491
9,-9.9,49,0.8,1624,-18.6,0.2,0.0,0.0,254
10,-7.5,42,0.9,1705,-18.2,0.55,0.0,0.0,170
12,-3.2,32,2.7,1900,-17.5,1.01,0.0,0.0,253
14,-1.1,46,2.1,1437,-11.2,0.72,0.0,0.0,238
16,-2.2,76,1.7,233,-5.8,0.25,0.0,0.0,94
18,-2.3,91,0.4,202,-3.5,0.0,1.4,2.0,100
19,-1.7,91,1.1,167,-2.9,0.0,0.0,3.0,59
20,-1.5,91,1.7,270,-2.7,0.0,0.0,3.3,72
21,-1.6,91,1.3,508,-2.8,0.0,1.5,3.5,60
23,-1.7,83,1.0,1093,-4.2,0.0,0.0,3.5,62
0,-1.7,83,0.8,1113,-4.2,0.0,0.0,3.5,69
1,-1.6,81,1.1,1141,-4.4,0.0,0.0,3.5,96
2,-1.6,80,1.4,1097,-4.6,0.0,0.0,3.5,60
3,-2.2,83,1.0,977,-4.7,0.0,0.0,3.5,47
4,-2.4,82,1.5,877,-5.0,0.0,0.0,3.5,34
6,-3.1,80,0.7,1215,-6.0,0.0,0.0,3.5,63
7,-3.5,83,1.6,953,-5.9,0.0,0.0,3.5,124
8,-3.6,83,1.7,915,-6.0,0.0,0.0,3.5,273
9,-3.3,77,1.2,916,-6.7,0.1,0.0,3.4,137
10,-2.3,63,1.7,1286,-8.4,0.22,0.0,3.2,102
11,-1.5,46,2.5,1906,-11.6,0.56,0.0,3.0,144
12,-1.0,35,2.7,1921,-14.5,0.64,0.0,3.0,160
13,-0.8,39,2.6,1853,-13.0,0.54,0.0,2.8,171
14,-0.7,33,2.7,1984,-15.0,0.56,0.0,2.5,156
15,-0.5,30,2.3,1997,-15.9,0.45,0.0,2.2,214
16,-0.1,29,1.6,2000,-16.0,0.5,0.0,1.8,216
17,-0.9,34,2.8,2000,-14.8,0.28,0.0,1.8,279
19,-2.2,36,2.2,2000,-15.2,0.0,0.0,1.6,270
20,-2.6,36,3.1,2000,-15.6,0.0,0.0,1.6,229
21,-3.4,40,0.9,2000,-15.0,0.0,0.0,1.6,229
22,-4.2,48,1.0,2000,-13.5,0.0,0.0,1.6,188
23,-4.7,53,1.3,2000,-12.8,0.0,0.0,1.6,132
0,-5.2,56,1.4,1996,-12.6,0.0,0.0,1.6,122
1,-5.4,54,1.7,1996,-13.2,0.0,0.0,1.6,149
2,-5.5,53,2.1,1980,-13.5,0.0,0.0,1.6,103
3,-6.2,57,1.6,1874,-13.3,0.0,0.0,1.6,81
4,-7.1,56,1.8,1841,-14.4,0.0,0.0,1.6,37
7,-8.7,64,0.5,1972,-14.2,0.0,0.0,1.6,244
9,-7.9,50,0.6,1805,-16.5,0.23,0.0,1.6,259
10,-5.0,41,0.5,1799,-16.2,0.64,0.0,1.5,168
11,-2.6,33,1.5,1830,-16.6,0.95,0.0,1.4,194
14,0.8,23,3.2,2000,-18.0,1.29,0.0,0.5,256
15,0.7,25,3.0,1987,-17.1,1.12,0.0,0.0,293
16,1.1,26,2.1,1957,-16.3,0.82,0.0,0.0,268
17,0.3,26,2.4,1977,-17.0,0.45,0.0,0.0,341
18,-1.0,28,1.9,2000,-17.2,0.08,0.0,0.0,542
19,-1.8,32,1.5,2000,-16.3,0.0,0.0,0.0,344
20,-2.4,36,1.0,2000,-15.4,0.0,0.0,0.0,263
21,-3.2,47,1.8,1917,-12.9,0.0,0.0,0.0,257
22,-3.9,52,1.2,1871,-12.3,0.0,0.0,0.0,235
0,-4.9,56,1.1,1982,-12.3,0.0,0.0,0.0,138
1,-5.2,56,0.9,1973,-12.6,0.0,0.0,0.0,159
2,-5.7,59,0.3,1951,-12.4,0.0,0.0,0.0,102
3,-6.3,63,0.9,1425,-12.2,0.0,0.0,0.0,65
5,-6.8,61,0.2,1724,-13.0,0.0,0.0,0.0,48
6,-7.0,62,1.3,1830,-13.0,0.0,0.0,0.0,115
7,-7.4,62,1.5,1909,-13.4,0.0,0.0,0.0,267
8,-7.4,58,2.2,1882,-14.2,0.01,0.0,0.0,558
10,-4.1,43,1.2,1187,-14.8,0.59,0.0,0.0,187
11,-1.4,37,1.0,1317,-14.2,0.91,0.0,0.0,234
12,0.9,37,1.5,1283,-12.1,1.12,0.0,0.0,303
13,1.6,29,2.2,1662,-14.5,1.2,0.0,0.0,294
16,2.9,26,3.0,1968,-14.7,0.69,0.0,0.0,330
17,2.0,25,2.3,1998,-16.0,0.34,0.0,0.0,382
18,0.5,37,3.0,1733,-12.5,0.06,0.0,0.0,592
19,-0.5,43,2.5,1666,-11.5,0.0,0.0,0.0,379
20,-1.3,51,2.4,1481,-10.1,0.0,0.0,0.0,241
21,-2.0,61,1.7,1655,-8.5,0.0,0.0,0.0,225
22,-2.4,63,1.3,1523,-8.4,0.0,0.0,0.0,227
23,-2.6,69,2.0,1434,-7.5,0.0,0.0,0.0,178
0,-2.5,69,2.2,1366,-7.4,0.0,0.0,0.0,182
1,-2.3,71,3.2,1078,-6.8,0.0,0.0,0.0,184
2,-3.4,82,4.2,184,-6.0,0.0,0.0,0.0,123
3,-4.4,80,4.3,346,-7.3,0.0,0.1,0.1,60
4,-5.6,74,4.0,387,-9.5,0.0,0.0,0.2,35
5,-6.3,65,3.9,1521,-11.8,0.0,0.0,0.3,31
6,-7.8,57,4.8,1867,-14.8,0.0,0.4,0.3,33
7,-8.8,58,4.0,1942,-15.5,0.0,0.0,0.3,67
8,-9.5,56,3.5,1979,-16.6,0.01,0.0,0.3,116
9,-9.4,47,3.3,1995,-18.6,0.42,0.0,0.3,168
10,-8.5,43,4.0,1797,-18.8,1.09,0.0,0.2,144
11,-7.7,41,4.6,1984,-18.7,1.65,0.0,0.2,195
12,-6.0,38,3.4,1930,-18.0,2.04,0.0,0.0,192
15,-4.5,31,4.3,1979,-19.1,1.91,0.0,0.0,210
17,-5.6,32,4.6,2000,-19.7,0.53,0.0,0.0,211
18,-6.6,36,4.4,2000,-19.2,0.15,0.0,0.0,175
19,-7.6,32,4.8,2000,-21.4,0.0,0.0,0.0,135
21,-9.1,38,2.7,2000,-20.8,0.0,0.0,0.0,107
23,-10.0,48,2.6,2000,-18.9,0.0,0.0,0.0,91
2,-10.5,49,2.0,2000,-19.1,0.0,0.0,0.0,60
4,-11.2,47,2.3,2000,-20.3,0.0,0.0,0.0,35
6,-11.8,54,2.4,1917,-19.2,0.0,0.0,0.0,23
7,-12.4,54,2.5,1790,-19.8,0.0,0.0,0.0,34
9,-12.4,51,3.8,1415,-20.4,0.38,0.0,0.0,97
10,-11.2,43,3.5,1359,-21.3,1.04,0.0,0.0,103
11,-9.7,37,2.8,1436,-21.6,1.57,0.0,0.0,115
12,-8.3,32,1.8,1295,-22.1,1.99,0.0,0.0,165
13,-8.3,34,4.0,1561,-21.4,2.22,0.0,0.0,152
14,-7.4,33,4.0,1713,-20.9,2.17,0.0,0.0,177
18,-7.0,26,4.1,2000,-23.3,0.16,0.0,0.0,154
19,-7.7,31,3.3,2000,-21.9,0.0,0.0,0.0,124
20,-8.2,28,3.5,2000,-23.5,0.0,0.0,0.0,98
21,-8.9,35,3.2,2000,-21.6,0.0,0.0,0.0,107
22,-9.7,45,1.3,2000,-19.4,0.0,0.0,0.0,78
0,-10.5,52,2.4,2000,-18.4,0.0,0.0,0.0,82
1,-11.2,54,1.0,2000,-18.6,0.0,0.0,0.0,52
2,-11.2,55,1.5,2000,-18.4,0.0,0.0,0.0,39
3,-11.3,54,0.6,2000,-18.7,0.0,0.0,0.0,33
4,-11.7,51,1.2,2000,-19.8,0.0,0.0,0.0,20
6,-11.5,40,2.3,2000,-22.4,0.0,0.0,0.0,110
8,-11.5,40,2.8,2000,-22.4,0.02,0.0,0.0,433
9,-11.1,38,2.4,1945,-22.6,0.43,0.0,0.0,216
11,-8.5,27,4.7,1894,-24.2,1.73,0.0,0.0,156
12,-7.8,28,4.1,2000,-23.1,2.12,0.0,0.0,157
13,-7.0,25,4.2,1999,-23.7,2.29,0.0,0.0,169
14,-6.4,24,4.6,1970,-23.7,2.23,0.0,0.0,170
16,-5.4,25,3.4,1985,-22.3,1.44,0.0,0.0,199
17,-6.4,28,4.5,2000,-21.9,0.81,0.0,0.0,225
18,-7.6,29,3.5,2000,-22.6,0.16,0.0,0.0,388
19,-8.3,29,4.1,2000,-23.2,0.0,0.0,0.0,246
20,-9.1,35,3.8,2000,-21.7,0.0,0.0,0.0,206
21,-9.8,41,3.9,1949,-20.6,0.0,0.0,0.0,177
1,-10.9,36,3.3,2000,-23.0,0.0,0.0,0.0,87
3,-11.6,35,3.2,1992,-24.0,0.0,0.0,0.0,36
4,-12.0,36,2.7,1998,-24.0,0.0,0.0,0.0,32
6,-12.5,40,3.4,1991,-23.3,0.0,0.0,0.0,94
7,-12.7,41,3.7,1982,-23.2,0.0,0.0,0.0,213
8,-12.7,41,3.1,2000,-23.2,0.02,0.0,0.0,438
9,-12.3,39,3.7,1984,-23.4,0.45,0.0,0.0,217
10,-11.3,35,4.2,1848,-23.7,1.15,0.0,0.0,128
12,-8.2,31,2.7,1858,-22.3,2.09,0.0,0.0,172
13,-7.5,28,4.3,1904,-22.9,2.3,0.0,0.0,165
14,-7.0,26,4.4,1986,-23.3,2.24,0.0,0.0,147
16,-5.9,24,3.5,2000,-23.2,1.44,0.0,0.0,175
17,-6.6,29,2.5,2000,-21.7,0.68,0.0,0.0,227
18,-7.6,36,3.3,2000,-20.1,0.11,0.0,0.0,392
19,-8.4,37,4.0,2000,-20.5,0.0,0.0,0.0,251
20,-9.6,34,2.6,2000,-22.5,0.0,0.0,0.0,193
21,-10.6,39,3.1,2000,-21.9,0.0,0.0,0.0,175
23,-11.8,46,1.1,1860,-21.1,0.0,0.0,0.0,106
0,-12.3,47,0.4,1848,-21.3,0.0,0.0,0.0,116
1,-12.3,47,1.9,1837,-21.3,0.0,0.0,0.0,96
2,-12.5,50,1.0,1722,-20.8,0.0,0.0,0.0,83
3,-12.5,49,1.5,1885,-21.0,0.0,0.0,0.0,51
5,-13.0,53,0.7,1810,-20.5,0.0,0.0,0.0,45
6,-13.2,50,0.5,1873,-21.4,0.0,0.0,0.0,92
7,-13.2,56,0.9,1665,-20.1,0.0,0.0,0.0,214
8,-13.3,60,0.6,1598,-19.4,0.02,0.0,0.0,469
9,-12.0,50,1.3,1523,-20.3,0.43,0.0,0.0,237
10,-9.6,39,0.7,1580,-21.0,1.06,0.0,0.0,155
11,-7.0,28,3.3,1829,-22.4,1.56,0.0,0.0,176
12,-6.0,24,2.6,1964,-23.3,1.97,0.0,0.0,188
13,-4.5,23,2.6,1937,-22.5,2.12,0.0,0.0,228
14,-3.5,20,1.5,1976,-23.2,2.02,0.0,0.0,199
15,-2.1,20,2.3,1961,-22.1,1.87,0.0,0.0,221
16,-1.7,18,2.0,1919,-22.9,1.41,0.0,0.0,240
17,-2.3,20,2.2,1994,-22.2,0.77,0.0,0.0,320
19,-5.2,33,2.6,2000,-19.0,0.0,0.0,0.0,280
20,-5.8,44,2.1,1994,-16.1,0.0,0.0,0.0,218
21,-6.3,48,2.2,1965,-15.5,0.0,0.0,0.0,223
22,-6.8,50,1.7,1856,-15.5,0.0,0.0,0.0,200
23,-7.6,50,1.0,1839,-16.2,0.0,0.0,0.0,164
0,-8.2,50,1.1,1850,-16.8,0.0,0.0,0.0,136
2,-8.3,65,0.4,1750,-13.7,0.0,0.0,0.0,103
3,-8.6,64,0.9,1754,-14.1,0.0,0.0,0.0,57
5,-9.0,56,0.4,1678,-16.1,0.0,0.0,0.0,39
6,-9.3,61,0.7,1684,-15.4,0.0,0.0,0.0,99
7,-9.6,67,1.0,1503,-14.5,0.0,0.0,0.0,255
8,-9.7,65,0.8,1508,-15.0,0.02,0.0,0.0,507
9,-8.5,55,1.0,1482,-15.9,0.4,0.0,0.0,270
12,-1.5,35,1.2,1551,-15.0,1.9,0.0,0.0,253
13,0.3,30,1.4,1697,-15.2,2.11,0.0,0.0,270
15,1.4,25,2.2,1686,-16.5,1.81,0.0,0.0,286
17,1.5,24,1.9,1788,-16.9,0.72,0.0,0.0,337
18,-0.5,26,1.7,1999,-17.7,0.15,0.0,0.0,564
19,-1.8,35,1.4,1558,-15.2,0.0,0.0,0.0,378
20,-2.8,40,1.5,1593,-14.5,0.0,0.0,0.0,277
21,-3.3,42,1.1,1596,-14.4,0.0,0.0,0.0,268
23,-4.3,44,0.7,1247,-14.7,0.0,0.0,0.0,195
0,-4.6,38,0.1,1551,-16.7,0.0,0.0,0.0,178
1,-4.8,44,1.1,1432,-15.2,0.0,0.0,0.0,159
2,-5.1,47,0.9,1460,-14.6,0.0,0.0,0.0,107
3,-5.2,48,0.7,1309,-14.5,0.0,0.0,0.0,78
4,-4.4,47,0.9,1343,-14.0,0.0,0.0,0.0,46
6,-4.0,41,0.8,1242,-15.3,0.0,0.0,0.0,117
7,-3.6,42,0.9,1258,-14.6,0.0,0.0,0.0,273
8,-3.3,39,0.9,1279,-15.3,0.02,0.0,0.0,589
9,-2.4,36,1.2,1276,-15.4,0.2,0.0,0.0,308
10,-1.3,34,0.5,1192,-15.1,0.32,0.0,0.0,199
12,1.6,28,0.5,1193,-14.9,0.88,0.0,0.0,260
14,4.0,25,0.9,1009,-14.3,1.06,0.0,0.0,283
17,4.8,38,3.0,1582,-8.3,0.47,0.0,0.0,422
20,3.0,61,1.9,842,-3.8,0.0,0.0,0.0,308
21,2.9,63,1.0,786,-3.4,0.0,0.0,0.0,243
23,2.0,70,0.7,689,-2.9,0.0,0.0,0.0,193
0,1.5,71,1.1,590,-3.1,0.0,0.0,0.0,197
1,1.7,71,1.2,584,-3.0,0.0,0.0,0.0,237
2,1.9,71,1.5,584,-2.8,0.0,0.0,0.0,169
3,2.0,71,1.2,534,-2.7,0.0,0.0,0.0,145
4,1.9,74,1.2,514,-2.2,0.0,0.0,0.0,79
6,1.6,78,1.6,448,-1.8,0.0,0.0,0.0,48
8,1.6,82,1.3,349,-1.1,0.01,0.0,0.0,188
10,1.8,73,2.8,270,-2.5,0.69,0.0,0.0,223
11,2.6,62,2.9,294,-3.9,1.12,0.0,0.0,235
13,2.8,31,4.0,967,-12.6,1.42,0.0,0.0,296
14,2.2,24,4.5,1700,-16.3,1.66,0.0,0.0,286
15,2.0,20,4.1,1942,-18.6,1.49,0.0,0.0,277
16,0.3,17,4.9,2000,-21.9,0.87,0.0,0.0,291
17,-0.9,19,5.0,2000,-21.6,0.48,0.0,0.0,277
18,-2.0,15,5.6,2000,-25.2,0.13,0.0,0.0,216
19,-3.1,14,5.1,2000,-26.9,0.0,0.0,0.0,151
20,-4.4,19,5.8,2000,-24.6,0.0,0.0,0.0,132
21,-5.6,28,4.1,2000,-21.2,0.0,0.0,0.0,124
22,-6.2,32,3.5,2000,-20.2,0.0,0.0,0.0,128
23,-6.7,35,2.1,2000,-19.6,0.0,0.0,0.0,118
0,-6.9,36,2.1,2000,-19.5,0.0,0.0,0.0,112
1,-7.0,38,2.6,2000,-18.9,0.0,0.0,0.0,95
2,-7.0,42,1.6,2000,-17.7,0.0,0.0,0.0,93
3,-7.2,43,2.0,2000,-17.6,0.0,0.0,0.0,58
4,-7.5,42,2.4,1998,-18.2,0.0,0.0,0.0,34
5,-7.8,39,2.8,2000,-19.3,0.0,0.0,0.0,19
6,-8.4,33,1.4,1963,-21.8,0.0,0.0,0.0,39
7,-9.2,34,2.0,1945,-22.2,0.0,0.0,0.0,40
10,-6.9,21,3.4,1827,-25.6,1.16,0.0,0.0,130
11,-5.0,25,3.2,1853,-22.0,1.75,0.0,0.0,155
12,-3.9,28,2.9,1921,-19.7,2.12,0.0,0.0,174
15,-2.6,31,2.7,1987,-17.4,1.36,0.0,0.0,181
16,-3.6,36,4.4,2000,-16.5,0.67,0.0,0.0,175
17,-4.2,47,2.7,2000,-13.8,0.31,0.0,0.0,198
18,-4.6,56,3.6,2000,-12.0,0.09,0.0,0.0,150
19,-5.2,66,3.1,2000,-10.5,0.0,0.0,0.0,147
20,-5.7,67,2.6,2000,-10.8,0.0,0.0,0.0,127
21,-5.6,69,2.2,1984,-10.3,0.0,0.0,0.0,119
22,-5.8,57,3.2,1980,-12.9,0.0,0.0,0.0,103
1,-7.9,52,3.7,1961,-16.0,0.0,0.0,0.0,69
2,-8.3,49,2.7,2000,-17.1,0.0,0.0,0.0,45
4,-8.6,31,3.5,2000,-22.7,0.0,0.0,0.0,33
5,-9.2,37,1.1,2000,-21.2,0.0,0.0,0.0,30
6,-9.5,36,1.5,2000,-21.8,0.0,0.0,0.0,109
7,-9.5,35,1.1,2000,-22.1,0.0,0.0,0.0,236
8,-9.1,33,2.1,1998,-22.4,0.03,0.0,0.0,517
9,-8.4,28,2.2,1947,-23.7,0.49,0.0,0.0,262
10,-6.7,23,2.4,1938,-24.4,1.25,0.0,0.0,161
11,-6.1,25,2.8,1976,-22.9,1.28,0.0,0.0,190
13,-2.7,29,2.9,1961,-18.3,2.29,0.0,0.0,246
14,-2.4,30,3.4,1824,-17.6,2.08,0.0,0.0,182
15,-2.1,30,3.9,1933,-17.3,2.22,0.0,0.0,228
16,-2.4,33,4.5,1815,-16.5,1.55,0.0,0.0,239
17,-3.1,36,4.4,1988,-16.0,0.89,0.0,0.0,288
18,-4.4,46,3.5,2000,-14.3,0.23,0.0,0.0,475
19,-4.9,52,2.0,2000,-13.2,0.0,0.0,0.0,340
20,-4.7,55,1.7,2000,-12.3,0.0,0.0,0.0,244
21,-4.3,59,3.0,1239,-11.1,0.0,0.0,0.0,253
22,-4.2,57,1.7,2000,-11.4,0.0,0.0,0.0,200
23,-4.4,58,2.4,2000,-11.4,0.0,0.0,0.0,140
0,-5.0,60,1.8,1995,-11.5,0.0,0.0,0.0,158
1,-5.5,60,1.3,1994,-12.0,0.0,0.0,0.0,146
2,-6.0,58,2.0,2000,-12.9,0.0,0.0,0.0,106
3,-6.2,61,1.3,1992,-12.5,0.0,0.0,0.0,70
4,-6.4,62,1.8,1978,-12.4,0.0,0.0,0.0,46
5,-6.7,64,1.6,1981,-12.3,0.0,0.0,0.0,51
6,-7.1,70,1.0,1977,-11.6,0.0,0.0,0.0,96
8,-7.1,68,0.6,1931,-12.0,0.03,0.0,0.0,568
9,-5.9,52,1.4,1935,-14.1,0.53,0.0,0.0,285
10,-2.4,41,1.5,1905,-13.8,1.19,0.0,0.0,200
11,-0.3,40,3.4,1728,-12.2,1.73,0.0,0.0,252
12,1.0,41,3.3,1794,-10.8,2.11,0.0,0.0,281
13,2.6,40,3.5,1854,-9.6,2.28,0.0,0.0,256
14,3.7,39,3.8,1908,-9.0,2.19,0.0,0.0,300
15,3.7,40,5.3,1950,-8.6,1.96,0.0,0.0,295
16,3.9,41,4.0,1973,-8.1,1.24,0.0,0.0,328
17,3.5,46,3.1,1992,-7.0,0.39,0.0,0.0,410
19,2.4,57,3.2,1995,-5.2,0.0,0.0,0.0,406
22,2.6,57,3.1,2000,-5.0,0.0,0.0,0.0,291
23,2.4,59,3.2,2000,-4.8,0.0,0.0,0.0,211
2,1.2,64,0.9,1680,-4.8,0.0,0.0,0.0,129
3,1.1,65,1.0,1596,-4.7,0.0,0.0,0.0,101
5,1.0,68,0.6,1519,-4.2,0.0,0.0,0.0,56
8,2.1,65,1.1,1559,-3.8,0.01,0.0,0.0,606
9,3.9,64,2.9,1483,-2.3,0.18,0.0,0.0,326
10,5.2,65,3.9,1313,-0.8,0.56,0.0,0.0,241
11,6.3,67,3.5,1179,0.6,0.52,0.0,0.0,288
12,6.9,67,3.9,986,1.1,0.42,0.0,0.0,312
13,7.2,65,3.8,773,1.0,0.61,0.0,0.0,349
14,7.8,57,3.5,675,-0.2,1.34,0.0,0.0,398
15,8.7,48,4.1,767,-1.7,1.68,0.0,0.0,461
16,8.0,36,3.5,1013,-6.1,1.09,0.0,0.0,447
19,3.9,37,1.4,1417,-9.4,0.0,0.0,0.0,316
20,2.8,29,2.8,1473,-13.5,0.0,0.0,0.0,262
21,1.7,27,3.1,1734,-15.3,0.0,0.0,0.0,216
22,0.3,33,4.0,1436,-14.1,0.0,0.0,0.0,218
23,-0.3,35,2.1,1577,-13.9,0.0,0.0,0.0,160
0,-0.7,37,3.5,1716,-13.6,0.0,0.0,0.0,126
1,-1.1,38,2.8,1999,-13.6,0.0,0.0,0.0,123
2,-1.2,35,2.2,2000,-14.7,0.0,0.0,0.0,112
3,-1.4,34,2.1,2000,-15.2,0.0,0.0,0.0,74
4,-1.9,34,3.0,2000,-15.7,0.0,0.0,0.0,58
5,-2.4,33,3.1,2000,-16.5,0.0,0.0,0.0,32
6,-2.6,38,1.0,2000,-15.0,0.0,0.0,0.0,39
8,-3.0,38,1.0,2000,-15.4,0.0,0.0,0.0,112
9,-3.5,30,1.5,1980,-18.6,0.0,0.0,0.0,112
10,-1.6,26,1.9,1980,-18.6,1.29,0.0,0.0,127
11,0.1,22,2.0,2000,-19.1,1.84,0.0,0.0,170
15,3.8,17,3.2,2000,-19.0,1.97,0.0,0.0,276
16,3.2,16,3.0,2000,-20.2,1.45,0.0,0.0,273
17,2.4,17,3.1,1990,-20.2,0.78,0.0,0.0,236
18,1.1,18,2.5,2000,-20.6,0.2,0.0,0.0,190
19,0.1,21,2.9,2000,-19.7,0.0,0.0,0.0,166
20,-0.4,27,2.2,2000,-17.1,0.0,0.0,0.0,148
21,-1.1,32,2.4,2000,-15.7,0.0,0.0,0.0,134
22,-1.9,30,0.8,2000,-17.2,0.0,0.0,0.0,145
23,-2.5,31,1.4,1996,-17.3,0.0,0.0,0.0,92
0,-3.3,35,1.8,1977,-16.6,0.0,0.0,0.0,105
1,-3.6,35,2.0,1943,-16.8,0.0,0.0,0.0,77
2,-4.1,38,1.2,1996,-16.3,0.0,0.0,0.0,47
3,-4.4,37,1.7,1989,-16.9,0.0,0.0,0.0,36
4,-4.5,42,1.4,1944,-15.5,0.0,0.0,0.0,35
6,-5.2,42,0.7,1980,-16.1,0.0,0.0,0.0,30
7,-5.4,41,0.3,2000,-16.6,0.0,0.0,0.0,49
8,-5.4,38,0.7,2000,-17.5,0.04,0.0,0.0,68
10,-1.3,32,1.5,1933,-15.9,1.24,0.0,0.0,78
11,1.0,25,1.4,1782,-16.8,1.7,0.0,0.0,93
12,2.2,19,1.4,1946,-19.1,2.01,0.0,0.0,137
14,4.2,18,3.3,1976,-18.0,2.25,0.0,0.0,196
16,3.3,38,3.8,1921,-9.6,1.33,0.0,0.0,189
17,2.5,48,4.2,1979,-7.4,0.76,0.0,0.0,210
18,1.4,56,3.2,1932,-6.4,0.22,0.0,0.0,165
19,0.6,59,2.3,1939,-6.5,0.0,0.0,0.0,126
20,0.2,61,1.9,1956,-6.4,0.0,0.0,0.0,150
21,0.1,67,2.5,1451,-5.3,0.0,0.0,0.0,114
22,-0.6,70,3.4,1204,-5.4,0.0,0.0,0.0,116
0,-2.7,41,3.2,1695,-14.1,0.0,0.0,0.0,79
2,-3.8,30,3.9,2000,-18.8,0.0,0.0,0.0,56
3,-4.5,28,3.0,2000,-20.3,0.0,0.0,0.0,34
4,-5.2,28,2.5,2000,-20.9,0.0,0.0,0.0,20
6,-6.2,32,2.5,2000,-20.2,0.0,0.0,0.0,39
8,-7.1,30,1.7,1991,-21.7,0.04,0.0,0.0,80
9,-6.5,26,2.4,1874,-22.8,0.64,0.0,0.0,98
10,-4.3,21,1.4,1908,-23.4,1.34,0.0,0.0,103
11,-2.8,19,2.6,1957,-23.2,1.91,0.0,0.0,155
13,-0.4,15,2.4,1938,-23.9,2.46,0.0,0.0,193
14,-0.1,15,4.0,2000,-23.7,2.39,0.0,0.0,258
16,1.3,15,4.2,2000,-22.5,1.63,0.0,0.0,267
17,0.6,17,3.3,2000,-21.7,0.79,0.0,0.0,250
18,-0.3,17,1.9,2000,-22.4,0.2,0.0,0.0,223
19,-1.5,32,2.5,2000,-16.0,0.0,0.0,0.0,169
20,-2.1,38,2.0,2000,-14.5,0.0,0.0,0.0,145
21,-2.3,38,2.3,2000,-14.7,0.0,0.0,0.0,133
23,-2.9,31,3.8,2000,-17.7,0.0,0.0,0.0,117
0,-3.6,33,1.7,2000,-17.5,0.0,0.0,0.0,99
1,-4.4,33,1.4,2000,-18.2,0.0,0.0,0.0,103
2,-4.7,33,0.1,2000,-18.5,0.0,0.0,0.0,86
3,-4.5,26,0.0,2000,-21.1,0.0,0.0,0.0,56
4,-4.1,27,0.6,2000,-20.3,0.0,0.0,0.0,37
5,-4.0,28,0.5,2000,-19.8,0.0,0.0,0.0,22
6,-4.1,30,1.1,2000,-19.1,0.0,0.0,0.0,38
7,-4.6,31,1.2,2000,-19.2,0.0,0.0,0.0,52
8,-4.8,31,0.8,2000,-19.3,0.02,0.0,0.0,92
9,-4.1,30,0.5,2000,-19.1,0.28,0.0,0.0,137
11,0.0,20,0.8,1975,-20.3,1.05,0.0,0.0,183
12,2.2,17,1.0,1979,-20.4,1.75,0.0,0.0,263
13,3.7,17,1.4,2000,-19.1,1.98,0.0,0.0,337
16,5.1,16,1.8,1998,-18.7,1.17,0.0,0.0,404
17,4.2,17,2.5,1990,-18.7,0.66,0.0,0.0,354
18,2.8,25,3.0,2000,-15.3,0.22,0.0,0.0,310
20,0.6,33,1.9,2000,-13.8,0.0,0.0,0.0,213
21,0.2,32,1.1,1951,-14.5,0.0,0.0,0.0,226
22,-0.3,34,1.6,1981,-14.2,0.0,0.0,0.0,191
1,-1.4,42,1.1,1805,-12.6,0.0,0.0,0.0,101
2,-1.4,41,1.1,1582,-12.9,0.0,0.0,0.0,59
3,-1.4,41,1.6,1870,-12.9,0.0,0.0,0.0,42
4,-1.9,44,0.7,1907,-12.5,0.0,0.0,0.0,50
5,-1.8,44,0.5,1862,-12.4,0.0,0.0,0.0,59
6,-1.4,46,0.3,1651,-11.5,0.0,0.0,0.0,139
7,-0.9,45,0.9,1820,-11.3,0.0,0.0,0.0,349
8,-1.2,51,0.8,1800,-10.0,0.05,0.0,0.0,646
9,-0.6,43,0.5,1596,-11.6,0.52,0.0,0.0,347
10,2.6,45,1.2,1230,-8.1,1.17,0.0,0.0,235
11,4.3,44,2.3,1091,-6.9,1.77,0.0,0.0,314
12,4.7,43,2.1,1131,-6.8,1.38,0.0,0.0,361
13,5.1,41,1.8,1097,-7.0,1.03,0.0,0.0,332
17,5.7,36,3.0,1073,-8.2,0.57,0.0,0.0,522
18,4.7,43,2.4,938,-6.8,0.19,0.0,0.0,819
20,2.4,60,1.9,661,-4.5,0.0,0.0,0.0,417
21,1.8,63,1.2,604,-4.5,0.0,0.0,0.0,388
22,1.0,69,0.7,525,-4.0,0.0,0.0,0.0,357
23,0.5,73,1.5,465,-3.7,0.0,0.0,0.0,218
0,0.0,75,2.3,394,-3.9,0.0,0.0,0.0,177
1,-0.5,76,1.6,402,-4.2,0.0,0.0,0.0,172
2,-0.8,76,0.8,421,-4.5,0.0,0.0,0.0,115
4,-1.6,83,0.6,368,-4.1,0.0,0.0,0.0,64
5,-1.8,82,1.3,375,-4.4,0.0,0.0,0.0,79
7,-2.2,76,1.9,527,-5.8,0.0,0.0,0.0,404
8,-2.1,71,1.7,610,-6.6,0.06,0.0,0.0,727
9,-1.4,56,1.4,709,-9.0,0.54,0.0,0.0,384
10,1.1,38,3.1,1184,-11.6,1.13,0.0,0.0,265
11,2.8,35,3.9,1265,-11.1,1.71,0.0,0.0,322
12,4.0,23,3.5,1785,-15.3,2.03,0.0,0.0,356
14,5.0,20,3.7,1866,-16.1,2.12,0.0,0.0,335
16,5.1,17,3.4,2000,-18.0,1.2,0.0,0.0,393
17,3.9,19,3.6,2000,-17.6,0.58,0.0,0.0,514
18,3.2,20,2.9,2000,-17.6,0.16,0.0,0.0,764
20,1.8,19,3.1,2000,-19.4,0.0,0.0,0.0,358
21,1.1,21,1.6,2000,-18.8,0.0,0.0,0.0,415
22,0.5,22,2.9,2000,-18.8,0.0,0.0,0.0,319
23,-0.5,26,3.3,2000,-17.7,0.0,0.0,0.0,242
0,-1.4,28,3.4,1990,-17.6,0.0,0.0,0.0,171
2,-2.9,31,1.6,1931,-17.7,0.0,0.0,0.0,105
3,-3.4,32,0.9,1977,-17.7,0.0,0.0,0.0,59
4,-3.8,32,1.1,2000,-18.1,0.0,0.0,0.0,50
5,-4.0,35,1.8,2000,-17.2,0.0,0.0,0.0,63
6,-4.0,34,3.4,2000,-17.5,0.0,0.0,0.0,159
7,-4.1,35,3.5,1980,-17.3,0.0,0.0,0.0,385
8,-4.3,36,1.9,1955,-17.1,0.06,0.0,0.0,718
9,-3.8,28,1.7,1904,-19.6,0.63,0.0,0.0,373
11,0.2,22,2.2,1907,-19.0,1.57,0.0,0.0,276
12,2.2,17,2.0,1824,-20.4,1.99,0.0,0.0,351
13,2.9,14,3.3,2000,-22.0,2.14,0.0,0.0,299
15,4.2,15,2.7,1995,-20.2,2.21,0.0,0.0,366
16,3.7,14,3.9,2000,-21.4,1.71,0.0,0.0,409
17,3.1,14,3.7,2000,-21.9,1.0,0.0,0.0,469
18,1.8,16,3.4,2000,-21.4,0.31,0.0,0.0,784
21,-1.6,52,2.2,2000,-10.1,0.0,0.0,0.0,345
23,-2.7,58,1.1,2000,-9.8,0.0,0.0,0.0,223
0,-2.7,58,1.7,2000,-9.8,0.0,0.0,0.0,195
1,-2.2,58,1.0,2000,-9.3,0.0,0.0,0.0,190
2,-2.9,57,0.0,1985,-10.2,0.0,0.0,0.0,116
3,-2.8,57,0.5,1995,-10.1,0.0,0.0,0.0,71
4,-2.4,58,0.3,2000,-9.5,0.0,0.0,0.0,66
5,-2.4,59,1.1,1984,-9.3,0.0,0.0,0.0,75
6,-3.0,62,0.8,1996,-9.2,0.0,0.0,0.0,151
7,-3.7,64,0.7,1891,-9.5,0.0,0.0,0.0,373
9,-1.9,51,0.9,1654,-10.7,0.58,0.0,0.0,383
10,0.9,44,1.1,1826,-10.0,1.16,0.0,0.0,259
15,5.0,49,4.4,1138,-4.8,0.96,0.0,0.0,356
17,4.6,52,3.9,1059,-4.4,0.5,0.0,0.0,465
18,3.9,56,4.0,1004,-4.0,0.18,0.0,0.0,730
19,3.5,60,2.7,936,-3.5,0.0,0.0,0.0,499
20,3.0,62,2.4,975,-3.5,0.0,0.0,0.0,348
22,2.9,65,2.3,1150,-3.0,0.0,0.0,0.0,346
23,2.9,63,2.6,1253,-3.4,0.0,0.0,0.0,202
0,1.7,86,2.7,54,-0.3,0.0,0.4,0.4,42
1,0.6,96,2.1,118,0.0,0.0,0.0,4.0,55
2,0.7,97,1.4,197,0.2,0.0,0.0,4.1,62
4,1.1,96,2.5,241,0.5,0.0,0.0,3.9,36
5,1.0,91,0.7,257,-0.3,0.0,0.0,3.8,39
6,0.4,95,0.3,197,-0.3,0.0,0.0,3.8,63
7,-0.1,97,0.5,179,-0.5,0.0,0.0,3.8,174
8,-0.2,97,0.4,197,-0.6,0.05,0.0,3.7,391
9,0.5,94,0.6,199,-0.3,0.37,0.0,3.7,214
10,2.2,83,0.8,221,-0.3,0.92,0.0,3.7,184
12,5.3,70,0.9,226,0.2,1.73,0.0,1.7,283
13,6.7,64,2.0,241,0.3,1.94,0.0,0.6,304
15,8.2,62,0.6,291,1.3,1.22,0.0,0.0,312
17,7.9,68,4.2,352,2.3,0.27,0.0,0.0,470
18,7.5,70,5.0,374,2.3,0.08,0.0,0.0,669
19,6.9,73,3.7,369,2.3,0.0,0.0,0.0,421
21,6.0,79,2.7,306,2.6,0.0,0.0,0.0,321
23,5.5,80,2.7,258,2.3,0.0,0.0,0.0,243
0,4.6,82,3.0,240,1.7,0.0,0.0,0.0,226
1,4.0,83,1.7,235,1.3,0.0,0.0,0.0,263
2,3.7,82,1.6,229,0.9,0.0,0.0,0.0,197
3,3.5,82,2.9,217,0.7,0.0,0.0,0.0,133
4,2.7,82,2.8,222,0.0,0.0,0.0,0.0,63
5,1.8,84,2.7,214,-0.6,0.0,0.0,0.0,58
6,1.2,83,2.5,245,-1.3,0.0,0.0,0.0,72
7,0.6,86,1.6,211,-1.4,0.0,0.0,0.0,108
8,0.0,77,2.8,289,-3.5,0.06,0.0,0.0,203
9,0.6,64,3.8,430,-5.4,0.65,0.0,0.0,253
10,0.8,60,2.9,497,-6.0,0.71,0.0,0.0,259
13,5.3,29,2.1,1007,-11.3,2.08,0.0,0.0,412
14,6.9,19,1.9,1843,-15.1,2.36,0.0,0.0,454
15,6.7,24,2.7,1536,-12.4,1.95,0.0,0.0,467
17,4.9,28,3.1,1477,-12.1,0.77,0.0,0.0,462
19,2.1,27,2.8,1883,-15.0,0.01,0.0,0.0,306
20,1.1,32,1.4,1785,-13.8,0.0,0.0,0.0,233
21,0.7,31,1.3,1923,-14.5,0.0,0.0,0.0,232
1,-1.4,43,0.6,1791,-12.3,0.0,0.0,0.0,189
3,-1.3,42,0.8,1648,-12.5,0.0,0.0,0.0,103
4,-1.1,43,0.7,1558,-12.1,0.0,0.0,0.0,52
6,-0.8,44,0.6,1541,-11.5,0.0,0.0,0.0,54
7,-1.0,47,0.9,1552,-10.9,0.0,0.0,0.0,77
9,-0.3,48,1.1,1394,-10.0,0.43,0.0,0.0,173
11,4.3,29,2.6,1293,-12.2,1.87,0.0,0.0,244
12,5.5,25,3.1,1652,-13.0,2.28,0.0,0.0,396
13,6.1,22,2.4,1710,-14.0,2.5,0.0,0.0,482
14,7.0,23,2.4,1645,-12.7,2.52,0.0,0.0,572
15,7.5,21,2.7,1900,-13.4,2.22,0.0,0.0,612
17,6.9,25,2.9,1795,-11.8,1.07,0.0,0.0,589
18,5.2,30,2.8,1877,-11.0,0.36,0.0,0.0,402
19,3.1,40,2.6,1804,-9.2,0.01,0.0,0.0,297
20,1.3,49,2.8,1683,-8.2,0.0,0.0,0.0,232
21,0.2,55,2.5,1942,-7.7,0.0,0.0,0.0,239
22,0.0,54,2.5,1929,-8.2,0.0,0.0,0.0,230
23,-0.3,58,1.0,1945,-7.5,0.0,0.0,0.0,173
0,-0.9,60,0.7,1844,-7.7,0.0,0.0,0.0,135
1,-1.2,63,0.9,1846,-7.3,0.0,0.0,0.0,122
3,-1.9,67,1.0,1575,-7.2,0.0,0.0,0.0,46
4,-2.3,69,1.1,1411,-7.2,0.0,0.0,0.0,46
5,-2.5,73,0.8,1134,-6.6,0.0,0.0,0.0,65
6,-2.7,72,0.5,1253,-7.0,0.0,0.0,0.0,161
7,-3.1,68,0.8,1417,-8.1,0.0,0.0,0.0,402
8,-2.9,63,0.7,1386,-8.9,0.11,0.0,0.0,786
9,-1.1,53,0.9,1308,-9.4,0.72,0.0,0.0,416
10,1.9,46,1.1,1233,-8.5,1.39,0.0,0.0,289
11,4.6,37,1.6,1309,-8.8,1.95,0.0,0.0,356
12,6.9,28,1.1,1301,-10.3,2.35,0.0,0.0,428
14,9.9,25,1.5,1401,-9.2,2.43,0.0,0.0,455
15,10.3,23,2.1,1317,-9.9,2.09,0.0,0.0,521
16,9.5,31,3.1,973,-6.8,1.54,0.0,0.0,555
17,8.7,30,3.1,1117,-7.9,0.96,0.0,0.0,646
19,5.5,30,2.7,1150,-10.7,0.01,0.0,0.0,619
20,4.3,32,1.7,1101,-10.9,0.0,0.0,0.0,483
21,3.3,36,1.4,1110,-10.3,0.0,0.0,0.0,512
22,2.7,40,1.0,1089,-9.5,0.0,0.0,0.0,443
23,2.8,39,0.7,1065,-9.8,0.0,0.0,0.0,308
1,2.1,44,0.9,1107,-8.9,0.0,0.0,0.0,213
2,1.5,44,1.2,1079,-9.4,0.0,0.0,0.0,145
3,1.1,44,1.0,1128,-9.8,0.0,0.0,0.0,102
4,0.9,46,0.8,1140,-9.4,0.0,0.0,0.0,62
5,0.6,50,0.1,1026,-8.6,0.0,0.0,0.0,72
6,0.6,50,0.4,985,-8.6,0.0,0.0,0.0,183
7,1.3,47,0.7,1084,-8.7,0.0,0.0,0.0,443
8,2.0,51,0.7,990,-7.0,0.0,0.0,0.0,767
9,2.5,51,1.0,866,-6.6,0.07,0.0,0.0,455
10,3.3,47,0.7,818,-6.9,0.22,0.0,0.0,261
13,5.8,39,0.6,931,-7.1,0.35,0.0,0.0,335
15,6.7,48,0.8,817,-3.5,0.39,0.0,0.0,402
16,6.9,54,1.1,692,-1.7,0.32,0.0,0.0,411
20,5.9,44,1.3,733,-5.4,0.0,0.0,0.0,461
22,5.4,49,1.1,687,-4.4,0.0,0.0,0.0,461
23,5.3,53,1.5,582,-3.5,0.0,0.0,0.0,310
3,5.3,55,1.7,488,-3.0,0.0,0.0,0.0,116
4,5.4,56,1.7,472,-2.6,0.0,0.0,0.0,72
5,5.2,59,1.7,437,-2.1,0.0,0.0,0.0,62
7,5.5,59,2.8,448,-1.8,0.0,0.0,0.0,426
8,5.7,57,2.5,458,-2.1,0.04,0.0,0.0,816
9,6.2,55,2.4,478,-2.1,0.13,0.0,0.0,419
10,6.5,53,2.0,518,-2.4,0.21,0.0,0.0,285
11,7.1,50,2.2,534,-2.6,0.33,0.0,0.0,332
12,7.6,48,2.6,600,-2.7,0.39,0.0,0.0,305
13,7.6,57,2.3,554,-0.3,0.33,0.0,0.0,28
17,3.8,90,2.7,654,2.3,0.0,0.0,0.0,8
18,3.6,90,2.1,845,2.1,0.0,9.5,0.0,11
19,2.5,95,1.9,838,1.7,0.0,0.0,0.0,19
20,2.7,96,1.5,1479,2.1,0.0,0.0,0.0,8
21,2.4,95,2.5,1349,1.6,0.0,9.0,0.0,10
22,2.3,96,1.9,1207,1.7,0.0,0.0,0.0,13
23,1.8,96,1.2,745,1.2,0.0,0.0,0.0,23
0,2.0,96,1.3,1894,1.4,0.0,2.0,0.0,71
1,2.1,97,0.2,859,1.6,0.0,0.0,0.0,147
2,2.0,97,1.0,580,1.5,0.0,0.0,0.0,180
3,1.6,97,2.3,469,1.1,0.0,0.1,0.0,92
4,1.6,97,1.1,636,1.1,0.0,0.0,0.0,28
5,2.2,97,2.9,362,1.7,0.0,0.0,0.0,11
6,3.0,96,2.7,303,2.4,0.0,0.4,0.0,33
7,2.6,89,4.3,320,0.9,0.0,0.0,0.0,61
8,1.5,80,3.2,1246,-1.5,0.04,0.0,0.0,148
9,0.1,78,4.9,615,-3.2,0.09,0.0,0.0,160
10,0.1,53,5.3,1022,-8.3,1.12,0.0,0.0,191
11,0.8,52,4.6,1035,-7.9,2.2,0.0,0.0,239
12,0.5,46,4.7,1172,-9.8,2.49,0.0,0.0,311
13,1.4,37,4.0,1681,-11.7,2.95,0.0,0.0,358
14,1.2,36,6.0,1430,-12.2,2.86,0.0,0.0,375
15,1.6,35,4.5,1567,-12.2,2.54,0.0,0.0,458
17,0.4,37,5.2,1366,-12.6,1.23,0.0,0.0,423
18,-0.8,40,4.7,1429,-12.7,0.43,0.0,0.0,317
19,-1.7,45,3.3,1375,-12.1,0.01,0.0,0.0,231
20,-2.2,49,3.5,1325,-11.4,0.0,0.0,0.0,246
21,-3.0,50,3.7,1301,-11.9,0.0,0.0,0.0,212
22,-3.6,52,3.7,1277,-12.0,0.0,0.0,0.0,190
23,-4.0,52,3.4,1272,-12.4,0.0,0.0,0.0,190
2,-5.3,52,1.2,1434,-13.6,0.0,0.0,0.0,71
3,-5.7,50,1.7,1559,-14.4,0.0,0.0,0.0,49
4,-5.8,48,1.5,1552,-15.0,0.0,0.0,0.0,47
5,-6.1,49,1.0,1621,-15.1,0.0,0.0,0.0,65
6,-6.4,50,1.5,1593,-15.1,0.0,0.0,0.0,135
7,-6.6,52,0.5,1555,-14.8,0.0,0.0,0.0,401
8,-6.2,45,0.4,1600,-16.2,0.17,0.0,0.0,617
10,-1.8,30,2.1,1608,-17.1,1.59,0.0,0.0,274
12,1.8,26,2.2,1556,-15.7,2.61,0.0,0.0,388
13,2.3,22,3.1,1627,-17.2,2.83,0.0,0.0,375
14,3.4,23,2.4,1545,-15.8,2.74,0.0,0.0,450
15,4.3,22,1.3,1837,-15.6,2.48,0.0,0.0,463
17,4.3,21,2.5,1961,-16.1,1.13,0.0,0.0,631
18,3.5,22,0.9,1961,-16.2,0.43,0.0,0.0,854
19,2.0,26,2.3,1985,-15.5,0.02,0.0,0.0,568
21,1.0,34,1.4,1880,-13.1,0.0,0.0,0.0,396
22,0.5,38,0.9,1907,-12.2,0.0,0.0,0.0,414
0,0.5,34,0.4,1889,-13.5,0.0,0.0,0.0,218
4,0.6,43,0.9,1599,-10.5,0.0,0.0,0.0,93
5,0.8,39,1.0,1463,-11.6,0.0,0.0,0.0,55
6,0.5,42,0.9,1543,-10.9,0.0,0.0,0.0,71
7,0.1,43,1.4,1502,-11.0,0.0,0.0,0.0,159
8,0.4,38,1.8,1564,-12.3,0.16,0.0,0.0,306
9,2.2,30,1.5,1513,-13.6,0.81,0.0,0.0,329
10,5.1,27,1.2,1563,-12.4,1.54,0.0,0.0,354
11,8.1,21,2.1,1738,-12.9,2.15,0.0,0.0,431
12,10.7,16,1.7,1657,-14.1,2.56,0.0,0.0,605
13,12.2,14,1.6,1896,-14.5,2.75,0.0,0.0,771
14,14.4,14,1.4,1833,-12.8,2.66,0.0,0.0,1025
15,16.0,14,2.2,1828,-11.5,2.33,0.0,0.0,1238
16,15.8,15,2.6,1867,-10.8,1.7,0.0,0.0,1285
17,15.0,22,2.5,1946,-6.5,0.96,0.0,0.0,1197
18,13.9,26,1.9,1995,-5.3,0.41,0.0,0.0,920
19,12.7,32,2.3,2000,-3.6,0.01,0.0,0.0,630
20,11.1,51,3.7,1957,1.3,0.0,0.0,0.0,631
22,10.2,49,1.7,1972,0.0,0.0,0.0,0.0,516
23,9.4,74,1.6,559,4.9,0.0,0.0,0.0,215
0,8.5,87,0.9,303,6.4,0.0,0.0,0.0,161
1,8.3,91,0.1,282,6.9,0.0,0.0,0.0,118
3,8.5,96,0.4,238,7.8,0.0,0.1,0.0,90
4,8.8,95,0.2,218,8.0,0.0,0.0,0.0,34
5,8.8,96,1.2,196,8.1,0.0,0.0,0.0,15
6,8.6,96,0.7,224,7.9,0.0,0.2,0.0,20
7,8.4,97,2.6,122,7.9,0.0,0.0,0.0,23
9,8.8,97,1.3,196,8.3,0.2,0.2,0.0,157
10,9.8,90,0.8,335,8.2,0.64,0.0,0.0,239
11,10.1,88,0.7,453,8.1,0.34,0.0,0.0,273
12,10.7,85,0.9,393,8.2,0.52,0.0,0.0,358
13,10.8,84,1.2,400,8.1,0.44,0.0,0.0,429
14,11.2,83,1.1,518,8.4,0.45,0.0,0.0,475
16,11.7,82,1.1,753,8.7,0.32,0.0,0.0,396
18,11.5,81,1.5,1475,8.3,0.07,0.0,0.0,436
19,11.2,81,2.3,1614,8.0,0.0,0.0,0.0,289
20,11.3,80,1.2,1978,7.9,0.0,0.0,0.0,26
21,10.6,89,2.1,606,8.8,0.0,2.0,0.0,7
22,9.6,92,2.5,721,8.3,0.0,0.0,0.0,8
23,8.7,91,2.9,957,7.3,0.0,0.0,0.0,9
0,7.6,88,2.5,1974,5.7,0.0,9.0,0.0,22
1,7.0,88,2.5,2000,5.1,0.0,0.0,0.0,23
2,6.3,89,2.2,1456,4.6,0.0,0.0,0.0,9
3,5.7,92,2.0,458,4.4,0.0,1.5,0.0,2
4,5.1,90,2.6,1005,3.5,0.0,0.0,0.0,4
7,3.8,87,2.2,2000,1.8,0.0,0.0,0.0,85
8,3.6,88,2.3,2000,1.7,0.03,0.0,0.0,184
9,3.7,85,1.8,2000,1.4,0.17,0.0,0.0,211
11,6.1,66,1.9,2000,0.2,1.42,0.0,0.0,322
12,7.6,58,2.4,2000,-0.1,1.85,0.0,0.0,438
13,8.3,51,2.0,2000,-1.2,1.42,0.0,0.0,465
14,10.0,44,1.9,2000,-1.7,2.46,0.0,0.0,550
15,10.3,43,2.5,2000,-1.7,2.45,0.0,0.0,637
16,11.0,39,1.2,2000,-2.4,1.96,0.0,0.0,718
17,10.0,43,1.4,2000,-2.0,1.12,0.0,0.0,865
19,5.8,53,1.7,2000,-3.0,0.02,0.0,0.0,782
20,4.3,57,1.3,2000,-3.4,0.0,0.0,0.0,578
22,2.3,63,1.0,2000,-4.0,0.0,0.0,0.0,466
23,1.9,60,1.3,2000,-5.0,0.0,0.0,0.0,274
1,0.8,67,0.8,2000,-4.6,0.0,0.0,0.0,188
2,0.3,71,0.9,1999,-4.3,0.0,0.0,0.0,122
4,-0.5,75,0.6,1967,-4.3,0.0,0.0,0.0,79
5,-0.9,78,0.6,1687,-4.2,0.0,0.0,0.0,80
6,-1.0,77,0.4,1578,-4.5,0.0,0.0,0.0,214
7,-1.0,78,0.6,1484,-4.3,0.0,0.0,0.0,583
8,-0.7,76,1.0,1461,-4.4,0.2,0.0,0.0,997
10,3.7,51,1.3,1596,-5.5,1.56,0.0,0.0,380
11,6.3,41,1.3,1519,-6.0,2.12,0.0,0.0,475
12,8.5,34,1.9,1876,-6.4,2.55,0.0,0.0,504
13,9.3,27,2.2,1816,-8.7,2.65,0.0,0.0,528
14,9.2,27,2.9,1880,-8.8,2.32,0.0,0.0,567
15,10.1,24,1.8,1839,-9.6,2.12,0.0,0.0,616
17,10.2,27,2.8,1826,-8.0,1.22,0.0,0.0,883
18,8.7,28,3.2,2000,-8.8,0.49,0.0,0.0,1246
19,7.1,30,2.7,2000,-9.3,0.02,0.0,0.0,833
20,6.1,31,2.8,2000,-9.8,0.0,0.0,0.0,666
21,5.5,33,3.2,1995,-9.5,0.0,0.0,0.0,625
22,4.5,40,1.3,1871,-7.9,0.0,0.0,0.0,514
23,3.5,44,0.9,1905,-7.6,0.0,0.0,0.0,361
0,2.8,45,1.7,1493,-7.9,0.0,0.0,0.0,289
1,2.8,46,2.0,1709,-7.6,0.0,0.0,0.0,194
2,2.6,50,1.3,1962,-6.8,0.0,0.0,0.0,134
3,2.7,55,1.5,1989,-5.4,0.0,0.0,0.0,92
4,2.6,61,1.7,1998,-4.1,0.0,0.0,0.0,49
5,2.5,63,1.3,1987,-3.8,0.0,0.0,0.0,97
6,2.4,65,1.8,1989,-3.5,0.0,0.0,0.0,232
7,2.2,65,1.9,2000,-3.7,0.0,0.0,0.0,598
9,3.8,58,2.0,1785,-3.7,0.49,0.0,0.0,566
10,5.2,52,1.5,1808,-3.8,0.74,0.0,0.0,410
11,8.0,43,1.7,1909,-3.8,1.74,0.0,0.0,441
12,9.6,39,1.8,1982,-3.7,2.09,0.0,0.0,550
13,9.9,39,1.9,1911,-3.4,1.61,0.0,0.0,509
14,9.8,38,0.9,1908,-3.8,0.93,0.0,0.0,505
15,10.2,34,2.3,1919,-4.9,1.19,0.0,0.0,620
16,10.4,36,3.2,1963,-4.0,1.02,0.0,0.0,646
17,10.4,37,1.0,2000,-3.6,0.67,0.0,0.0,849
18,9.6,42,2.0,2000,-2.7,0.14,0.0,0.0,1365
20,8.5,46,1.0,1977,-2.4,0.0,0.0,0.0,587
21,7.9,56,1.4,1975,-0.3,0.0,0.0,0.0,411
22,7.2,60,1.4,1928,0.0,0.0,0.0,0.0,147
23,6.0,79,2.0,918,2.6,0.0,0.0,0.0,48
0,5.2,83,1.5,733,2.5,0.0,0.5,0.0,49
1,4.7,86,0.7,717,2.5,0.0,0.0,0.0,23
2,4.2,88,0.9,553,2.3,0.0,0.0,0.0,19
3,3.8,90,0.8,448,2.3,0.0,2.0,0.0,12
4,3.3,90,1.3,682,1.8,0.0,0.0,0.0,8
5,3.1,90,1.2,974,1.6,0.0,0.0,0.0,17
6,3.1,89,0.2,903,1.4,0.0,1.5,0.0,32
7,3.0,90,0.7,578,1.5,0.0,0.0,0.0,64
8,3.0,94,0.3,444,2.1,0.01,0.0,0.0,88
9,3.4,90,1.5,386,1.9,0.21,0.5,0.0,100
10,3.6,88,2.6,681,1.7,0.44,0.0,0.0,165
12,5.6,72,3.0,1700,0.9,0.89,0.0,0.0,375
13,6.7,65,3.2,1651,0.5,1.76,0.0,0.0,405
15,9.2,53,3.3,1896,0.1,2.23,0.0,0.0,555
17,7.5,64,4.3,538,1.1,0.88,0.0,0.0,757
18,5.9,68,3.4,543,0.4,0.38,0.0,0.0,1091
19,4.5,72,2.7,529,-0.1,0.03,0.0,0.0,683
22,2.8,74,2.1,469,-1.3,0.0,0.0,0.0,498
23,2.8,73,1.8,468,-1.5,0.0,0.0,0.0,315
0,3.0,72,2.3,473,-1.5,0.0,0.0,0.0,272
2,2.8,74,1.2,415,-1.3,0.0,0.0,0.0,155
3,2.7,75,0.7,417,-1.2,0.0,0.0,0.0,105
4,2.5,76,1.0,403,-1.3,0.0,0.0,0.0,66
5,2.5,76,0.7,544,-1.3,0.0,0.0,0.0,88
6,2.5,71,1.1,1055,-2.2,0.0,0.0,0.0,195
7,1.6,76,0.7,1024,-2.1,0.0,0.0,0.0,574
8,1.8,67,0.7,1917,-3.6,0.19,0.0,0.0,1041
11,5.9,51,0.7,1866,-3.4,0.91,0.0,0.0,444
12,6.8,51,1.0,1617,-2.6,1.13,0.0,0.0,510
13,7.5,44,2.0,1526,-3.9,1.24,0.0,0.0,509
14,8.0,42,1.5,1690,-4.1,1.24,0.0,0.0,542
15,7.7,51,2.9,670,-1.8,0.94,0.0,0.0,611
16,9.6,38,1.7,1052,-4.0,1.71,0.0,0.0,686
17,8.9,46,1.8,789,-2.1,1.0,0.0,0.0,834
19,5.4,60,3.9,990,-1.7,0.02,0.0,0.0,718
20,4.3,67,1.1,1125,-1.2,0.0,0.0,0.0,535
21,3.5,69,1.4,1177,-1.6,0.0,0.0,0.0,537
22,2.9,69,1.2,1179,-2.2,0.0,0.0,0.0,521
23,2.5,72,1.5,1071,-2.0,0.0,0.0,0.0,309
0,2.1,74,1.4,970,-2.0,0.0,0.0,0.0,328
2,1.6,79,0.9,685,-1.6,0.0,0.0,0.0,241
3,1.3,80,0.6,705,-1.7,0.0,0.0,0.0,139
4,0.9,81,0.6,620,-1.9,0.0,0.0,0.0,91
5,0.8,80,0.3,565,-2.2,0.0,0.0,0.0,79
7,0.9,78,1.1,535,-2.5,0.0,0.0,0.0,208
8,1.5,73,1.2,466,-2.8,0.11,0.0,0.0,340
9,2.7,71,1.3,418,-2.0,0.3,0.0,0.0,381
10,3.5,65,2.4,539,-2.4,0.87,0.0,0.0,416
12,7.1,50,2.2,909,-2.6,2.47,0.0,0.0,650
14,9.2,38,2.6,1377,-4.4,2.53,0.0,0.0,906
15,8.1,36,4.7,1964,-6.1,2.23,0.0,0.0,931
16,8.3,37,3.8,1867,-5.5,1.73,0.0,0.0,972
17,7.7,46,2.8,1635,-3.2,1.05,0.0,0.0,829
19,5.3,67,2.6,1314,-0.3,0.02,0.0,0.0,573
20,5.2,69,1.8,1196,0.0,0.0,0.0,0.0,447
21,5.0,73,2.2,1173,0.5,0.0,0.0,0.0,470
0,5.1,77,1.9,718,1.3,0.0,0.0,0.0,376
2,4.7,78,1.5,466,1.1,0.0,0.0,0.0,171
3,4.4,80,1.6,393,1.2,0.0,0.0,0.0,115
4,4.2,81,1.3,333,1.2,0.0,0.0,0.0,80
5,3.9,85,1.6,264,1.6,0.0,0.0,0.0,45
6,3.4,85,1.5,234,1.1,0.0,0.0,0.0,63
8,2.8,82,1.2,240,0.0,0.19,0.0,0.0,212
9,3.9,77,2.0,263,0.2,0.65,0.0,0.0,289
10,5.9,69,2.6,330,0.6,1.43,0.0,0.0,394
11,7.6,54,1.6,430,-1.1,2.06,0.0,0.0,425
12,9.2,40,2.6,592,-3.7,2.47,0.0,0.0,666
13,10.3,31,2.1,885,-6.1,2.67,0.0,0.0,843
14,11.6,20,2.7,1647,-10.6,2.69,0.0,0.0,1154
15,11.9,26,2.8,1338,-7.0,2.34,0.0,0.0,1294
18,9.4,22,2.9,1995,-11.2,0.55,0.0,0.0,776
19,7.8,28,1.9,1982,-9.6,0.04,0.0,0.0,596
20,6.7,32,1.9,1722,-8.8,0.0,0.0,0.0,530
21,5.7,34,1.0,1520,-8.9,0.0,0.0,0.0,533
22,5.3,31,2.3,1842,-10.5,0.0,0.0,0.0,419
23,4.2,34,1.7,1476,-10.3,0.0,0.0,0.0,288
0,3.5,46,1.1,1040,-7.0,0.0,0.0,0.0,222
1,2.9,51,0.8,1119,-6.2,0.0,0.0,0.0,163
2,2.7,46,0.4,1363,-7.7,0.0,0.0,0.0,95
3,2.3,48,0.8,1448,-7.6,0.0,0.0,0.0,60
4,2.8,52,0.6,1249,-6.1,0.0,0.0,0.0,47
5,3.3,53,0.4,1208,-5.3,0.0,0.0,0.0,106
7,3.0,53,0.5,1094,-5.6,0.0,0.0,0.0,662
8,3.8,47,0.8,1229,-6.5,0.06,0.0,0.0,1066
9,4.8,43,1.0,1200,-6.7,0.18,0.0,0.0,604
11,9.2,33,1.1,892,-6.2,1.54,0.0,0.0,463
12,11.7,32,1.6,690,-4.4,1.99,0.0,0.0,581
13,13.6,34,1.8,458,-1.9,2.23,0.0,0.0,588
14,14.9,34,2.8,403,-0.8,2.22,0.0,0.0,603
15,15.3,32,2.9,458,-1.3,2.02,0.0,0.0,694
17,13.7,38,2.6,436,-0.3,1.0,0.0,0.0,931
18,12.2,43,2.8,463,0.0,0.41,0.0,0.0,1425
19,10.6,47,2.0,425,-0.2,0.03,0.0,0.0,946
20,9.4,50,2.1,391,-0.5,0.0,0.0,0.0,801
21,8.7,49,1.7,464,-1.4,0.0,0.0,0.0,771
22,7.8,49,0.1,528,-2.2,0.0,0.0,0.0,695
23,6.8,56,0.9,497,-1.3,0.0,0.0,0.0,397
1,5.9,65,1.0,596,-0.1,0.0,0.0,0.0,231
3,5.5,62,0.6,722,-1.2,0.0,0.0,0.0,103
4,6.2,59,0.8,493,-1.2,0.0,0.0,0.0,88
6,7.0,58,0.7,537,-0.7,0.0,0.0,0.0,252
8,8.0,48,0.4,711,-2.3,0.12,0.0,0.0,1215
9,9.4,44,0.3,743,-2.2,0.33,0.0,0.0,616
10,10.9,40,0.5,714,-2.1,0.55,0.0,0.0,428
11,12.6,49,1.4,988,2.1,0.84,0.0,0.0,571
12,15.5,47,3.3,1303,4.2,2.44,0.0,0.0,626
13,17.1,42,3.2,1305,4.0,2.6,0.0,0.0,678
14,18.3,43,2.2,1509,5.4,2.43,0.0,0.0,705
17,16.9,62,3.1,1562,9.5,0.95,0.0,0.0,1085
20,13.9,77,1.5,1010,9.9,0.0,0.0,0.0,986
21,13.7,79,2.0,1035,10.1,0.0,0.0,0.0,982
22,13.5,81,2.8,933,10.2,0.0,0.0,0.0,912
23,13.4,81,2.6,958,10.1,0.0,0.0,0.0,572
0,13.6,79,2.2,862,10.0,0.0,0.0,0.0,412
1,13.7,73,2.2,1182,8.9,0.0,0.0,0.0,309
2,13.8,70,1.3,1363,8.4,0.0,0.0,0.0,226
7,14.1,69,1.1,1692,8.4,0.0,0.0,0.0,786
8,14.2,67,0.9,1812,8.1,0.06,0.0,0.0,1371
10,15.7,58,1.3,1980,7.4,0.69,0.0,0.0,552
11,17.5,55,2.1,1892,8.3,1.35,0.0,0.0,643
12,19.9,44,2.7,1874,7.2,2.22,0.0,0.0,813
13,20.9,44,4.7,1795,8.1,2.66,0.0,0.0,789
14,21.1,42,4.3,2000,7.6,2.49,0.0,0.0,878
15,21.7,39,3.3,1979,7.1,2.09,0.0,0.0,1025
16,21.7,41,3.2,2000,7.8,1.91,0.0,0.0,1049
17,20.5,49,3.5,2000,9.4,1.18,0.0,0.0,1325
20,17.2,60,2.5,1993,9.3,0.0,0.0,0.0,1275
21,16.8,67,2.0,1775,10.6,0.0,0.0,0.0,1181
22,16.2,71,2.0,1780,10.9,0.0,0.0,0.0,983
23,16.1,69,1.8,1666,10.4,0.0,0.0,0.0,587
0,16.0,69,2.4,1863,10.3,0.0,0.0,0.0,466
1,16.3,68,2.1,1859,10.3,0.0,0.0,0.0,355
2,16.5,68,1.3,1724,10.5,0.0,0.0,0.0,203
4,15.1,86,2.1,877,12.7,0.0,0.0,0.0,9
5,14.5,94,2.0,487,13.5,0.0,0.0,0.0,8
6,14.4,96,0.7,453,13.7,0.0,8.0,0.0,10
7,14.3,97,0.3,189,13.8,0.0,0.0,0.0,15
8,14.1,97,1.1,342,13.6,0.0,0.0,0.0,39
9,14.1,98,1.1,253,13.7,0.06,17.0,0.0,32
10,14.2,98,1.2,299,13.8,0.14,0.0,0.0,27
11,13.9,98,1.4,296,13.5,0.13,0.0,0.0,65
12,13.3,97,2.9,771,12.8,0.19,2.0,0.0,204
13,12.7,97,2.6,467,12.2,0.23,0.0,0.0,269
14,12.1,97,2.0,177,11.6,0.2,0.0,0.0,289
15,11.6,97,3.4,117,11.1,0.26,0.0,0.0,329
17,10.9,98,1.3,222,10.5,0.09,0.0,0.0,411
18,10.4,98,2.5,116,10.0,0.03,0.0,0.0,676
19,10.4,98,2.0,391,10.0,0.0,0.0,0.0,606
20,10.5,97,1.8,372,10.0,0.0,0.0,0.0,533
22,9.8,90,3.7,493,8.2,0.0,0.0,0.0,506
23,9.3,90,4.1,609,7.7,0.0,0.0,0.0,343
0,8.4,86,2.2,2000,6.1,0.0,0.0,0.0,287
2,6.7,72,2.1,2000,1.9,0.0,0.0,0.0,178
3,6.1,67,2.6,2000,0.4,0.0,0.0,0.0,102
4,5.7,62,2.4,2000,-1.0,0.0,0.0,0.0,85
5,5.2,60,2.0,2000,-1.9,0.0,0.0,0.0,85
6,4.4,61,1.7,2000,-2.4,0.0,0.0,0.0,222
7,3.7,59,2.9,2000,-3.5,0.0,0.0,0.0,652
8,3.8,56,2.4,2000,-4.1,0.32,0.0,0.0,1176
10,6.7,46,2.2,1936,-4.1,1.79,0.0,0.0,507
12,9.4,40,2.6,1913,-3.5,2.78,0.0,0.0,705
13,10.4,38,2.4,1959,-3.3,2.99,0.0,0.0,715
14,11.0,36,1.8,1973,-3.5,2.91,0.0,0.0,772
15,11.9,32,1.9,1976,-4.3,2.62,0.0,0.0,923
19,8.1,36,1.2,2000,-6.1,0.06,0.0,0.0,974
20,6.7,41,1.0,2000,-5.6,0.0,0.0,0.0,774
21,5.8,43,1.8,2000,-5.8,0.0,0.0,0.0,710
22,4.9,46,0.8,2000,-5.7,0.0,0.0,0.0,660
23,4.2,47,1.3,2000,-6.1,0.0,0.0,0.0,455
0,3.7,48,1.6,2000,-6.3,0.0,0.0,0.0,414
1,3.0,52,0.7,2000,-5.9,0.0,0.0,0.0,366
3,1.8,59,0.7,2000,-5.3,0.0,0.0,0.0,157
4,1.3,61,0.7,2000,-5.4,0.0,0.0,0.0,103
5,1.0,62,0.9,2000,-5.4,0.0,0.0,0.0,60
6,0.8,63,1.0,2000,-5.4,0.0,0.0,0.0,109
7,0.5,64,0.8,2000,-5.5,0.01,0.0,0.0,193
9,3.4,49,1.6,1950,-6.3,1.03,0.0,0.0,520
10,6.0,43,1.0,1829,-5.6,1.69,0.0,0.0,561
11,8.0,39,1.2,1783,-5.1,2.26,0.0,0.0,742
12,10.0,38,1.5,1677,-3.6,2.51,0.0,0.0,933
13,10.9,32,1.2,1772,-5.1,2.22,0.0,0.0,1111
14,12.1,29,2.3,1734,-5.4,2.26,0.0,0.0,1294
15,13.2,23,2.8,1696,-7.5,2.52,0.0,0.0,1514
16,13.7,28,2.1,1499,-4.5,1.88,0.0,0.0,1440
17,12.1,34,2.5,1240,-3.3,0.81,0.0,0.0,1272
18,10.6,42,2.8,1307,-1.8,0.31,0.0,0.0,934
19,8.8,49,3.2,1207,-1.3,0.05,0.0,0.0,718
20,7.9,54,2.3,1005,-0.8,0.0,0.0,0.0,688
21,7.4,54,2.0,1142,-1.3,0.0,0.0,0.0,624
22,7.0,55,2.7,1041,-1.4,0.0,0.0,0.0,562
23,6.4,59,1.1,961,-1.0,0.0,0.0,0.0,422
1,5.7,55,1.4,1043,-2.6,0.0,0.0,0.0,309
2,5.5,56,1.2,1067,-2.5,0.0,0.0,0.0,226
3,5.5,57,1.1,1079,-2.3,0.0,0.0,0.0,174
4,5.6,55,0.4,1115,-2.7,0.0,0.0,0.0,106
5,5.6,55,1.2,1008,-2.7,0.0,0.0,0.0,67
6,5.7,54,1.7,1208,-2.9,0.0,0.0,0.0,73
7,5.5,58,1.0,937,-2.1,0.0,0.0,0.0,152
8,5.9,58,1.8,861,-1.7,0.11,0.0,0.0,293
10,7.2,53,1.6,709,-1.7,0.45,0.0,0.0,460
11,8.5,49,0.7,718,-1.6,0.76,0.0,0.0,587
12,9.8,46,1.2,710,-1.2,1.13,0.0,0.0,751
13,10.6,43,1.3,705,-1.4,1.07,0.0,0.0,881
14,11.0,41,1.1,763,-1.7,0.81,0.0,0.0,993
16,12.3,30,1.6,1263,-4.8,0.94,0.0,0.0,1059
17,11.1,42,2.2,765,-1.3,0.34,0.0,0.0,603
18,10.4,47,0.4,824,-0.4,0.14,0.0,0.0,365
19,10.0,53,1.7,796,0.8,0.01,0.0,0.0,237
20,9.2,66,1.1,513,3.1,0.0,0.0,0.0,146
22,8.1,76,0.8,492,4.1,0.0,0.0,0.0,70
23,7.4,80,1.3,471,4.1,0.0,0.0,0.0,53
0,7.0,81,1.1,421,3.9,0.0,0.5,0.0,67
1,6.7,84,0.8,320,4.1,0.0,0.0,0.0,38
2,6.6,86,0.6,416,4.4,0.0,0.0,0.0,28
3,6.5,88,0.9,276,4.6,0.0,0.3,0.0,12
4,6.3,90,1.0,240,4.7,0.0,0.0,0.0,9
6,6.5,88,1.2,417,4.6,0.0,0.2,0.0,91
7,6.5,88,1.4,515,4.6,0.0,0.0,0.0,370
8,7.3,84,2.2,813,4.7,0.05,0.0,0.0,592
13,10.1,61,3.7,1504,2.9,0.38,0.0,0.0,387
14,10.1,59,3.3,2000,2.4,0.57,0.0,0.0,326
15,9.8,57,3.0,2000,1.6,0.43,0.0,0.0,263
16,8.9,63,3.0,1614,2.2,0.28,0.0,0.0,271
17,8.5,59,2.7,1927,0.9,0.16,0.0,0.0,605
21,8.0,47,3.3,2000,-2.6,0.0,0.0,0.0,731
22,7.6,48,3.1,2000,-2.7,0.0,0.0,0.0,565
23,6.9,44,3.3,2000,-4.5,0.0,0.0,0.0,382
0,6.3,42,3.3,2000,-5.6,0.0,0.0,0.0,297
1,5.5,42,3.1,2000,-6.4,0.0,0.0,0.0,243
2,5.1,44,3.4,2000,-6.1,0.0,0.0,0.0,165
4,4.4,44,3.1,2000,-6.8,0.0,0.0,0.0,69
7,3.8,44,4.1,2000,-7.3,0.02,0.0,0.0,677
9,5.7,38,3.9,1985,-7.5,0.98,0.0,0.0,661
10,7.4,35,3.5,1990,-7.0,1.81,0.0,0.0,418
11,8.4,34,3.6,1966,-6.5,2.36,0.0,0.0,488
13,8.0,37,3.4,2000,-5.8,1.96,0.0,0.0,516
14,7.3,38,3.4,1997,-6.1,1.6,0.0,0.0,478
15,6.5,39,3.3,2000,-6.4,1.21,0.0,0.0,492
16,5.6,42,4.2,2000,-6.3,0.81,0.0,0.0,518
17,4.9,43,4.3,2000,-6.6,0.42,0.0,0.0,719
20,2.7,45,3.3,2000,-8.0,0.0,0.0,0.0,543
21,2.3,40,3.3,2000,-9.9,0.0,0.0,0.0,494
22,2.0,37,2.7,2000,-11.1,0.0,0.0,0.0,460
0,1.6,39,2.3,2000,-10.8,0.0,0.0,0.0,240
2,1.4,40,2.9,2000,-10.7,0.0,0.0,0.0,147
4,1.3,39,2.3,2000,-11.1,0.0,0.0,0.0,70
5,1.3,40,2.3,2000,-10.8,0.0,0.0,0.0,80
7,1.4,43,1.5,2000,-9.8,0.0,0.0,0.0,605
8,1.6,42,1.8,2000,-9.9,0.13,0.0,0.0,1097
9,2.5,40,1.9,2000,-9.7,0.41,0.0,0.0,614
10,3.6,37,1.3,2000,-9.7,0.83,0.0,0.0,374
11,4.8,35,2.1,2000,-9.4,1.38,0.0,0.0,339
12,4.8,51,2.2,1715,-4.5,1.12,0.0,0.0,333
13,4.0,64,2.0,1834,-2.2,0.75,0.0,0.0,196
14,1.9,89,1.5,102,0.2,0.41,0.0,0.0,117
15,2.2,85,1.3,2000,0.0,0.41,0.5,0.0,184
16,2.4,79,1.9,1995,-0.8,0.37,0.0,0.0,241
17,2.5,78,2.0,2000,-0.9,0.25,0.0,0.0,319
19,2.0,81,0.7,2000,-0.9,0.0,0.0,0.0,402
20,1.7,85,1.3,396,-0.5,0.0,0.0,0.0,120
22,1.2,87,0.9,1802,-0.7,0.0,0.0,0.0,320
23,1.5,86,1.2,1495,-0.5,0.0,0.0,0.0,226
0,1.6,86,1.7,1141,-0.4,0.0,0.0,0.0,243
1,1.6,85,2.0,952,-0.6,0.0,0.0,0.0,247
2,1.5,86,2.5,782,-0.5,0.0,0.0,0.0,173
3,1.3,87,1.7,822,-0.6,0.0,0.0,0.0,107
4,1.3,87,2.2,937,-0.6,0.0,0.0,0.0,75
6,0.8,88,1.0,900,-0.9,0.0,0.0,0.0,212
7,0.6,85,1.5,1321,-1.6,0.01,0.0,0.0,600
8,1.1,79,1.7,1480,-2.1,0.36,0.0,0.0,1174
9,2.5,67,1.3,1472,-3.0,1.11,0.0,0.0,653
12,8.3,36,2.5,1665,-5.9,2.7,0.0,0.0,668
13,9.9,29,3.2,1641,-7.3,2.91,0.0,0.0,648
14,11.4,30,3.1,1672,-5.5,2.82,0.0,0.0,674
15,10.7,34,4.5,1850,-4.5,2.51,0.0,0.0,758
16,10.3,34,3.8,1850,-4.9,1.93,0.0,0.0,752
17,9.6,38,3.2,1606,-4.0,1.35,0.0,0.0,999
18,7.9,46,3.1,1057,-3.0,0.58,0.0,0.0,1495
19,6.2,54,1.8,883,-2.4,0.08,0.0,0.0,923
20,5.1,56,2.0,899,-2.9,0.0,0.0,0.0,739
21,4.5,62,2.0,826,-2.1,0.0,0.0,0.0,726
22,3.9,66,2.7,990,-1.8,0.0,0.0,0.0,621
23,3.4,69,1.1,895,-1.7,0.0,0.0,0.0,428
2,2.2,80,1.4,615,-0.8,0.0,0.0,0.0,216
3,1.9,81,1.1,525,-1.0,0.0,0.0,0.0,128
4,2.0,80,0.8,474,-1.0,0.0,0.0,0.0,92
5,2.2,79,0.8,553,-1.0,0.0,0.0,0.0,95
6,2.3,80,0.7,546,-0.8,0.0,0.0,0.0,243
7,2.5,79,1.4,536,-0.7,0.01,0.0,0.0,661
8,2.6,77,1.3,567,-1.0,0.21,0.0,0.0,1216
9,3.3,72,1.4,618,-1.2,0.61,0.0,0.0,664
10,5.4,64,1.6,637,-0.8,1.7,0.0,0.0,461
11,7.1,50,1.7,799,-2.6,2.24,0.0,0.0,584
12,9.3,37,2.3,940,-4.6,2.72,0.0,0.0,690
13,10.9,36,2.1,1073,-3.6,2.87,0.0,0.0,682
15,12.1,30,3.0,1120,-4.9,2.41,0.0,0.0,849
16,12.2,24,2.8,1655,-7.8,1.98,0.0,0.0,901
17,11.2,27,3.5,1585,-7.1,1.19,0.0,0.0,1108
18,9.7,36,3.6,948,-4.6,0.37,0.0,0.0,1611
19,8.3,48,3.0,779,-2.0,0.06,0.0,0.0,932
20,6.7,48,2.6,774,-3.5,0.0,0.0,0.0,724
23,5.0,42,1.7,717,-6.8,0.0,0.0,0.0,422
0,4.7,46,1.7,746,-5.9,0.0,0.0,0.0,403
2,5.0,50,1.7,669,-4.5,0.0,0.0,0.0,305
3,5.0,51,0.8,659,-4.3,0.0,0.0,0.0,197
4,5.1,54,1.2,550,-3.4,0.0,0.0,0.0,122
5,4.7,54,1.3,543,-3.8,0.0,0.0,0.0,82
6,4.2,50,0.6,633,-5.3,0.0,0.0,0.0,113
7,4.0,54,0.9,587,-4.4,0.01,0.0,0.0,198
8,4.5,49,0.4,580,-5.3,0.19,0.0,0.0,424
9,6.5,40,2.5,588,-6.1,0.69,0.0,0.0,456
10,7.2,43,1.5,559,-4.5,0.42,0.0,0.0,494
11,9.0,56,2.0,399,0.6,1.11,0.0,0.0,589
12,10.6,52,3.1,390,1.1,2.27,0.0,0.0,806
13,12.4,50,2.5,379,2.2,2.48,0.0,0.0,880
15,12.4,58,4.1,404,4.3,2.26,0.0,0.0,1025
16,12.3,61,3.4,359,4.9,1.82,0.0,0.0,947
17,11.1,66,4.2,367,4.9,1.18,0.0,0.0,916
19,7.7,80,2.8,234,4.4,0.05,0.0,0.0,521
20,7.1,83,3.3,203,4.4,0.0,0.0,0.0,513
21,6.7,84,2.8,193,4.1,0.0,0.0,0.0,487
22,6.5,85,2.3,167,4.1,0.0,0.0,0.0,460
23,6.4,85,2.3,155,4.0,0.0,0.0,0.0,354
0,6.4,84,1.4,171,3.8,0.0,0.0,0.0,372
1,6.4,82,1.2,186,3.5,0.0,0.0,0.0,267
2,6.0,82,1.3,198,3.1,0.0,0.0,0.0,195
4,5.3,82,1.0,200,2.4,0.0,0.0,0.0,90
5,5.0,83,0.7,200,2.3,0.0,0.0,0.0,60
6,4.6,84,0.7,193,2.1,0.0,0.0,0.0,71
7,4.7,82,1.3,198,1.8,0.02,0.0,0.0,137
8,5.0,79,1.1,203,1.6,0.23,0.0,0.0,225
9,6.3,73,1.3,218,1.8,0.79,0.0,0.0,331
10,8.4,65,1.8,229,2.1,1.67,0.0,0.0,359
11,10.7,56,2.0,261,2.2,2.27,0.0,0.0,466
13,14.6,38,1.9,315,0.4,2.75,0.0,0.0,784
14,16.1,37,2.4,315,1.3,2.62,0.0,0.0,882
15,16.7,38,3.1,265,2.2,2.27,0.0,0.0,960
16,16.5,39,3.1,366,2.4,1.91,0.0,0.0,1031
17,15.8,40,2.3,481,2.2,1.28,0.0,0.0,911
18,14.4,44,2.7,596,2.2,0.6,0.0,0.0,768
19,12.6,59,2.5,384,4.7,0.08,0.0,0.0,571
20,10.7,70,2.8,236,5.4,0.0,0.0,0.0,502
21,9.8,74,2.2,219,5.3,0.0,0.0,0.0,456
23,8.0,82,1.3,196,5.1,0.0,0.0,0.0,336
0,7.1,84,2.3,185,4.5,0.0,0.0,0.0,244
1,6.3,87,1.8,153,4.2,0.0,0.0,0.0,185
2,5.4,95,1.5,89,4.6,0.0,0.0,0.0,93
7,6.0,96,0.6,94,5.4,0.0,0.0,0.0,581
8,6.4,90,1.4,117,4.8,0.13,0.0,0.0,983
9,7.6,82,0.7,147,4.7,0.55,0.0,0.0,540
10,10.0,70,1.0,187,4.7,1.57,0.0,0.0,415
11,12.6,60,2.4,281,5.0,2.23,0.0,0.0,422
12,14.6,53,2.5,348,5.1,2.65,0.0,0.0,492
13,16.0,47,2.5,459,4.6,2.8,0.0,0.0,504
14,17.4,39,2.9,520,3.2,2.7,0.0,0.0,575
15,17.6,33,3.6,985,1.1,2.44,0.0,0.0,604
17,17.1,31,3.3,1075,-0.1,1.33,0.0,0.0,925
18,16.0,33,2.9,1138,-0.2,0.6,0.0,0.0,1477
19,14.3,37,3.1,1247,-0.2,0.1,0.0,0.0,1031
21,11.6,54,1.5,693,2.5,0.0,0.0,0.0,798
22,10.7,58,1.4,600,2.7,0.0,0.0,0.0,662
23,9.8,62,0.6,535,2.8,0.0,0.0,0.0,447
0,9.0,68,1.1,426,3.3,0.0,0.0,0.0,380
1,8.7,70,0.9,398,3.5,0.0,0.0,0.0,278
2,8.3,70,0.8,394,3.1,0.0,0.0,0.0,163
3,8.1,71,0.9,378,3.1,0.0,0.0,0.0,127
4,7.8,70,0.3,395,2.6,0.0,0.0,0.0,95
5,8.0,63,0.8,439,1.3,0.0,0.0,0.0,110
6,8.1,66,0.6,415,2.1,0.0,0.0,0.0,231
8,9.3,62,0.6,519,2.3,0.25,0.0,0.0,1201
10,13.9,40,0.8,586,0.5,1.6,0.0,0.0,462
11,15.8,40,1.9,647,2.2,1.95,0.0,0.0,560
13,18.6,46,2.1,642,6.7,2.54,0.0,0.0,563
14,19.4,45,2.0,624,7.1,2.05,0.0,0.0,618
15,19.9,45,2.7,676,7.6,1.79,0.0,0.0,636
16,19.5,50,3.4,613,8.7,1.6,0.0,0.0,774
17,18.4,54,3.2,605,8.9,1.05,0.0,0.0,960
19,15.0,67,2.6,452,8.9,0.07,0.0,0.0,1020
20,13.9,72,2.4,385,8.9,0.0,0.0,0.0,864
21,13.4,73,1.5,325,8.6,0.0,0.0,0.0,866
22,12.9,75,1.3,326,8.5,0.0,0.0,0.0,764
23,12.4,74,1.5,356,7.8,0.0,0.0,0.0,527
1,11.6,74,1.2,374,7.1,0.0,0.0,0.0,337
2,11.5,75,1.9,399,7.2,0.0,0.0,0.0,225
3,10.9,79,0.8,383,7.3,0.0,0.0,0.0,150
4,10.6,77,0.9,422,6.7,0.0,0.0,0.0,104
5,10.2,80,0.8,366,6.8,0.0,0.0,0.0,107
6,9.6,84,0.7,301,7.0,0.0,0.0,0.0,258
7,9.6,82,1.1,284,6.6,0.04,0.0,0.0,741
8,10.3,77,0.7,341,6.4,0.37,0.0,0.0,1353
9,12.4,66,1.0,546,6.2,0.91,0.0,0.0,723
11,15.6,60,3.7,817,7.8,1.44,0.0,0.0,588
12,16.5,57,3.8,881,7.9,1.55,0.0,0.0,629
13,17.5,54,3.1,1065,8.0,1.63,0.0,0.0,723
15,18.2,45,4.1,1908,6.0,1.86,0.0,0.0,785
17,17.6,45,4.2,1947,5.5,0.7,0.0,0.0,1221
18,17.0,53,3.1,1855,7.3,0.35,0.0,0.0,1839
19,16.0,60,2.8,1436,8.2,0.06,0.0,0.0,1288
20,15.2,65,2.2,988,8.6,0.0,0.0,0.0,1133
21,14.2,70,0.8,723,8.7,0.0,0.0,0.0,1035
22,13.6,73,2.0,644,8.8,0.0,0.0,0.0,907
23,13.5,74,1.2,603,8.9,0.0,0.0,0.0,614
0,13.4,77,1.5,537,9.4,0.0,0.0,0.0,466
1,13.0,81,1.9,484,9.8,0.0,0.0,0.0,390
2,12.9,83,1.6,369,10.0,0.0,0.0,0.0,254
3,12.7,80,0.4,384,9.3,0.0,0.0,0.0,170
4,12.8,81,0.2,418,9.6,0.0,0.0,0.0,109
5,12.7,83,0.8,392,9.8,0.0,0.0,0.0,106
6,12.6,83,0.5,332,9.7,0.0,0.0,0.0,274
7,12.8,82,0.6,370,9.7,0.01,0.0,0.0,781
8,13.3,80,1.2,369,9.9,0.14,0.0,0.0,1281
9,13.5,79,1.9,382,9.9,0.2,0.0,0.0,757
12,18.2,55,2.3,594,9.0,2.24,0.0,0.0,714
14,20.2,47,2.4,541,8.5,2.3,0.0,0.0,711
17,20.3,48,2.8,635,8.9,1.14,0.0,0.0,1194
18,19.1,47,2.4,942,7.5,0.57,0.0,0.0,1776
19,17.5,61,2.2,758,9.8,0.11,0.0,0.0,1260
23,12.7,75,1.6,475,8.3,0.0,0.0,0.0,614
0,11.8,78,0.6,438,8.0,0.0,0.0,0.0,490
1,11.4,77,0.7,466,7.5,0.0,0.0,0.0,401
4,9.9,67,1.1,820,4.0,0.0,0.0,0.0,115
5,10.4,62,1.8,911,3.4,0.0,0.0,0.0,117
7,10.5,70,1.1,483,5.2,0.04,0.0,0.0,747
8,11.5,60,1.6,550,3.9,0.42,0.0,0.0,1406
9,13.7,46,1.3,972,2.2,1.08,0.0,0.0,772
10,16.0,29,1.4,1708,-2.0,1.79,0.0,0.0,583
11,17.8,26,2.6,1822,-1.9,2.37,0.0,0.0,739
12,19.1,26,1.6,1704,-0.8,2.73,0.0,0.0,939
13,20.3,27,1.4,1464,0.6,2.87,0.0,0.0,860
14,21.0,28,2.8,1191,1.7,2.75,0.0,0.0,965
15,21.8,28,2.3,1162,2.4,2.4,0.0,0.0,1068
17,19.4,45,2.9,778,7.1,1.13,0.0,0.0,1460
18,17.4,57,3.1,657,8.7,0.52,0.0,0.0,1935
19,15.2,60,3.2,1081,7.4,0.09,0.0,0.0,1268
20,14.3,63,2.6,936,7.3,0.0,0.0,0.0,1045
21,13.7,73,1.8,658,8.9,0.0,0.0,0.0,948
23,12.1,77,1.4,540,8.1,0.0,0.0,0.0,678
0,11.7,77,1.3,588,7.7,0.0,0.0,0.0,537
1,11.5,77,2.0,593,7.6,0.0,0.0,0.0,502
2,11.0,73,1.5,816,6.3,0.0,0.0,0.0,397
3,10.7,74,1.7,712,6.2,0.0,0.0,0.0,264
4,10.4,73,1.7,801,5.7,0.0,0.0,0.0,163
5,9.8,73,0.8,1098,5.1,0.0,0.0,0.0,108
6,9.4,75,0.9,1117,5.1,0.0,0.0,0.0,142
7,9.5,72,0.2,1017,4.6,0.04,0.0,0.0,264
8,10.4,65,0.8,979,4.0,0.41,0.0,0.0,489
9,12.6,57,0.9,859,4.2,0.98,0.0,0.0,642
10,14.7,53,0.9,831,5.2,1.59,0.0,0.0,618
11,16.7,45,1.9,1054,4.6,2.07,0.0,0.0,824
12,18.2,38,4.2,1189,3.6,2.41,0.0,0.0,1072
13,19.3,37,3.0,1257,4.2,2.53,0.0,0.0,1218
14,20.1,30,3.0,1554,1.9,2.57,0.0,0.0,1381
15,18.9,28,3.7,1769,0.0,2.09,0.0,0.0,1542
17,17.3,36,3.4,1722,2.0,0.8,0.0,0.0,1531
19,15.3,41,2.0,1751,2.1,0.08,0.0,0.0,1025
20,14.0,45,1.6,1729,2.2,0.0,0.0,0.0,972
21,13.3,48,1.6,1582,2.5,0.0,0.0,0.0,1010
22,12.8,52,1.5,1616,3.1,0.0,0.0,0.0,922
23,12.4,63,1.3,1201,5.5,0.0,0.0,0.0,655
1,11.7,74,0.5,979,7.2,0.0,0.0,0.0,453
3,11.9,71,0.7,853,6.7,0.0,0.0,0.0,221
4,12.1,69,0.3,827,6.5,0.0,0.0,0.0,147
5,12.3,65,0.5,1085,5.8,0.0,0.0,0.0,96
6,12.4,61,0.4,1131,5.0,0.0,0.0,0.0,110
7,12.5,62,0.4,1003,5.4,0.0,0.0,0.0,169
8,12.9,64,1.5,778,6.2,0.06,0.0,0.0,342
9,13.5,66,1.8,934,7.2,0.16,0.0,0.0,485
10,14.7,61,2.0,945,7.2,0.64,0.0,0.0,566
13,17.9,60,2.2,1248,10.0,0.86,0.0,0.0,1156
15,18.2,63,2.2,687,11.0,0.72,0.0,0.0,1349
16,18.2,69,3.2,625,12.4,0.87,0.0,0.0,1409
17,18.0,72,1.8,559,12.8,0.47,0.0,0.0,1362
19,17.4,79,2.3,614,13.7,0.03,0.0,0.0,1066
22,16.7,83,2.4,416,13.7,0.0,0.0,0.0,841
23,16.3,82,1.3,480,13.2,0.0,0.0,0.0,588
0,16.1,80,1.9,605,12.6,0.0,0.0,0.0,468
1,16.0,79,1.0,716,12.3,0.0,0.0,0.0,295
2,15.7,81,1.4,694,12.4,0.0,0.0,0.0,155
4,15.7,79,1.2,628,12.0,0.0,0.0,0.0,86
5,15.3,82,1.4,508,12.2,0.0,0.0,0.0,125
6,14.9,81,0.4,580,11.6,0.0,0.0,0.0,359
10,17.5,66,1.3,1059,11.0,0.55,0.0,0.0,579
11,18.5,61,1.6,1301,10.8,0.95,0.0,0.0,662
13,21.9,48,2.5,1113,10.3,2.14,0.0,0.0,818
15,23.7,43,2.8,1347,10.3,2.28,0.0,0.0,993
16,23.0,47,4.1,1417,11.0,2.0,0.0,0.0,1218
17,22.0,49,3.7,1582,10.7,1.28,0.0,0.0,1569
18,20.7,54,4.1,1484,11.0,0.5,0.0,0.0,2401
19,19.1,60,3.4,1592,11.1,0.1,0.0,0.0,1779
21,17.9,64,2.1,1652,10.9,0.0,0.0,0.0,1503
22,17.4,66,2.3,1565,10.9,0.0,0.0,0.0,1213
23,16.8,70,0.9,1426,11.2,0.0,0.0,0.0,803
0,16.8,69,0.8,1395,11.0,0.0,0.0,0.0,532
1,17.1,72,1.7,1353,12.0,0.0,0.0,0.0,430
2,17.0,73,1.6,1184,12.1,0.0,0.0,0.0,275
3,17.0,74,1.7,1294,12.3,0.0,0.0,0.0,156
4,16.9,74,1.2,1199,12.2,0.0,0.0,0.0,124
6,16.8,74,1.2,1265,12.1,0.0,0.0,0.0,388
7,16.8,73,1.0,1366,11.9,0.01,0.0,0.0,1033
8,17.3,71,0.5,1481,11.9,0.17,0.0,0.0,1677
9,18.3,67,2.4,1375,12.0,0.55,0.0,0.0,867
10,18.9,66,2.0,1298,12.4,0.85,0.0,0.0,664
11,19.0,67,1.9,1062,12.7,0.52,0.0,0.0,696
13,20.1,61,2.6,1117,12.3,1.01,0.0,0.0,870
14,21.0,53,3.2,1306,11.0,1.12,0.0,0.0,931
15,19.9,58,2.5,1348,11.3,0.51,0.0,0.0,961
16,19.7,58,3.7,1302,11.1,0.78,0.0,0.0,1173
17,19.7,57,2.6,1302,10.9,0.54,0.0,0.0,1436
18,18.9,68,3.3,1326,12.8,0.12,0.0,0.0,2134
19,18.0,74,3.1,1258,13.2,0.02,0.0,0.0,1415
21,17.0,83,3.2,744,14.0,0.0,0.0,0.0,1223
22,16.0,85,2.0,409,13.4,0.0,0.0,0.0,1030
23,15.0,94,1.6,163,14.0,0.0,0.0,0.0,454
0,15.0,96,2.1,141,14.3,0.0,0.1,0.0,355
1,14.8,96,1.7,209,14.1,0.0,0.0,0.0,113
2,14.5,97,2.2,179,14.0,0.0,3.5,0.0,15
3,14.3,97,1.2,228,13.8,0.0,7.0,0.0,22
4,14.1,97,1.7,306,13.6,0.0,3.0,0.0,14
5,11.9,97,3.4,305,11.4,0.0,3.0,0.0,19
6,11.7,95,0.7,2000,10.9,0.0,2.0,0.0,172
7,10.3,90,1.2,2000,8.7,0.01,0.0,0.0,665
8,10.3,86,2.5,2000,8.0,0.15,0.0,0.0,1284
9,10.4,81,1.4,2000,7.2,0.36,0.0,0.0,378
11,12.8,65,2.0,2000,6.3,1.76,0.0,0.0,744
12,15.3,54,2.1,1989,6.0,2.83,0.0,0.0,928
13,16.7,47,1.4,2000,5.3,3.24,0.0,0.0,951
14,17.9,42,1.3,1981,4.7,3.04,0.0,0.0,1096
15,17.9,44,2.2,2000,5.4,2.79,0.0,0.0,1209
16,17.9,42,1.1,2000,4.7,2.25,0.0,0.0,1413
17,17.2,46,2.2,2000,5.4,1.6,0.0,0.0,1745
18,16.0,47,2.1,2000,4.6,0.79,0.0,0.0,2402
19,14.3,53,2.1,2000,4.8,0.17,0.0,0.0,1626
21,11.8,57,1.9,2000,3.5,0.0,0.0,0.0,1256
23,10.2,58,2.4,2000,2.2,0.0,0.0,0.0,668
0,9.5,61,1.7,2000,2.3,0.0,0.0,0.0,436
1,9.0,62,1.9,2000,2.0,0.0,0.0,0.0,373
4,8.8,65,2.5,2000,2.5,0.0,0.0,0.0,87
5,8.3,81,2.0,1060,5.2,0.0,0.1,0.0,18
6,7.5,94,2.4,511,6.5,0.0,0.4,0.0,21
7,7.1,94,2.2,572,6.1,0.0,1.5,0.0,38
8,6.7,94,2.7,1127,5.7,0.05,2.0,0.0,207
9,6.8,89,2.9,2000,5.1,0.07,0.0,0.0,129
10,7.1,87,2.9,2000,5.0,0.15,0.0,0.0,95
12,7.3,95,2.2,676,6.5,0.3,0.5,0.0,70
13,7.7,95,1.9,442,6.9,0.4,0.0,0.0,84
15,8.1,96,1.9,410,7.4,0.26,0.5,0.0,37
18,7.6,96,2.0,660,6.9,0.04,0.0,0.0,75
19,7.6,96,1.5,1309,6.9,0.0,1.5,0.0,75
20,7.3,96,1.9,2000,6.6,0.0,0.0,0.0,56
21,7.3,96,1.5,749,6.6,0.0,1.0,0.0,99
22,7.2,96,1.0,700,6.5,0.0,0.0,0.0,77
23,7.1,96,1.3,1497,6.5,0.0,0.5,0.0,79
0,7.2,95,0.9,861,6.4,0.0,0.5,0.0,56
1,7.2,95,0.2,683,6.4,0.0,0.5,0.0,50
3,7.2,96,0.8,349,6.5,0.0,2.0,0.0,18
4,6.8,97,2.2,453,6.3,0.0,2.0,0.0,9
5,6.3,97,1.7,787,5.8,0.0,0.5,0.0,54
6,6.1,96,2.1,798,5.5,0.0,0.0,0.0,178
7,5.7,95,3.4,1136,4.9,0.02,0.0,0.0,591
8,5.9,90,2.8,1820,4.3,0.32,0.0,0.0,1235
9,6.9,83,2.2,1666,4.2,0.83,0.0,0.0,719
10,8.0,73,2.8,1641,3.4,1.44,0.0,0.0,529
11,8.3,69,4.1,1217,2.9,1.81,0.0,0.0,598
12,6.7,71,4.6,543,1.8,1.05,0.0,0.0,756
13,7.9,58,4.3,488,0.1,1.88,0.0,0.0,683
14,7.4,56,3.5,461,-0.8,1.04,0.0,0.0,572
18,5.9,43,5.3,859,-5.7,0.62,0.0,0.0,1114
21,4.0,67,3.0,794,-1.5,0.0,0.0,0.0,447
22,3.9,68,3.0,737,-1.4,0.0,0.0,0.0,499
23,3.8,75,4.1,604,-0.2,0.0,0.0,0.0,312
0,3.0,67,3.3,945,-2.5,0.0,0.0,0.0,282
1,2.6,67,2.7,1053,-2.9,0.0,0.0,0.0,225
2,1.8,81,2.9,325,-1.1,0.0,0.0,0.0,123
3,1.5,82,3.5,372,-1.2,0.0,0.1,0.0,122
4,1.6,70,3.6,1392,-3.2,0.0,0.1,0.0,80
5,1.6,62,4.9,1372,-4.9,0.0,0.0,0.0,57
6,1.7,58,3.8,1189,-5.6,0.0,0.0,0.0,108
7,1.9,51,4.9,1297,-7.1,0.07,0.0,0.0,206
10,4.3,31,4.9,1661,-11.3,1.77,0.0,0.0,453
11,4.7,26,4.8,1927,-13.2,1.55,0.0,0.0,553
12,6.0,23,4.2,1990,-13.6,2.0,0.0,0.0,697
13,7.4,22,4.5,1964,-12.9,2.98,0.0,0.0,852
14,8.1,24,4.7,1914,-11.3,2.99,0.0,0.0,919
15,7.6,36,5.0,1928,-6.5,1.39,0.0,0.0,925
16,7.9,34,4.7,1979,-7.0,1.09,0.0,0.0,897
17,7.6,36,5.3,2000,-6.5,1.8,0.0,0.0,908
19,4.9,47,3.5,2000,-5.4,0.2,0.0,0.0,518
20,4.2,44,4.1,2000,-6.9,0.0,0.0,0.0,458
21,3.8,39,3.2,2000,-8.9,0.0,0.0,0.0,443
22,3.5,41,2.8,2000,-8.5,0.0,0.0,0.0,426
23,3.1,39,3.1,2000,-9.5,0.0,0.0,0.0,368
1,2.4,46,1.7,2000,-8.0,0.0,0.0,0.0,224
2,2.2,49,1.9,2000,-7.4,0.0,0.0,0.0,191
3,2.0,50,2.0,2000,-7.3,0.0,0.0,0.0,141
4,1.7,51,1.3,2000,-7.3,0.0,0.0,0.0,90
5,1.3,51,1.6,2000,-7.7,0.0,0.0,0.0,59
6,0.9,52,1.1,2000,-7.8,0.0,0.0,0.0,101
8,2.9,53,1.5,1892,-5.7,0.68,0.0,0.0,332
9,5.1,46,2.7,1888,-5.5,1.34,0.0,0.0,405
10,6.3,39,2.8,2000,-6.6,1.55,0.0,0.0,494
11,6.4,29,2.7,2000,-10.3,0.9,0.0,0.0,586
12,6.9,30,1.8,1994,-9.5,0.85,0.0,0.0,709
13,7.4,27,1.8,2000,-10.4,0.86,0.0,0.0,847
14,7.9,27,1.0,1985,-9.9,0.75,0.0,0.0,777
15,7.3,38,0.8,2000,-6.1,0.38,0.0,0.0,343
16,6.1,65,1.5,1465,0.0,0.21,0.0,0.0,137
17,4.3,80,2.6,1357,1.1,0.23,0.1,0.0,58
18,3.0,89,1.5,283,1.3,0.07,1.9,0.0,22
20,2.7,90,1.5,639,1.2,0.0,0.0,0.0,93
21,2.8,88,2.1,592,1.0,0.0,0.0,0.0,170
22,2.7,88,2.0,621,0.9,0.0,0.0,0.0,177
23,2.9,85,0.9,829,0.6,0.0,0.0,0.0,182
0,3.2,84,0.6,785,0.7,0.0,0.0,0.0,197
2,2.2,88,0.5,508,0.4,0.0,0.0,0.0,97
3,1.6,94,0.3,426,0.7,0.0,0.0,0.0,52
4,1.1,95,0.5,345,0.3,0.0,0.0,0.0,43
5,0.7,96,1.0,206,0.1,0.0,0.0,0.0,91
6,0.1,97,0.6,77,-0.3,0.0,0.0,0.0,239
7,0.6,97,1.3,66,0.1,0.05,0.0,0.0,651
9,2.6,96,1.1,316,2.0,0.87,0.0,0.0,682
10,5.2,73,1.0,668,0.7,2.08,0.0,0.0,506
13,12.4,32,1.7,1441,-3.8,3.06,0.0,0.0,869
14,13.9,26,2.5,1537,-5.3,2.99,0.0,0.0,921
15,14.2,24,1.8,1743,-6.1,2.6,0.0,0.0,1038
17,15.3,26,0.9,1257,-4.1,1.39,0.0,0.0,1479
19,13.4,33,1.2,1356,-2.5,0.15,0.0,0.0,1599
20,11.7,34,0.9,1393,-3.6,0.0,0.0,0.0,1362
21,10.3,38,0.5,1433,-3.4,0.0,0.0,0.0,1232
22,9.6,41,0.5,1428,-3.0,0.0,0.0,0.0,1069
23,9.6,43,1.2,1333,-2.3,0.0,0.0,0.0,623
0,9.0,46,1.2,1259,-2.0,0.0,0.0,0.0,485
1,9.0,44,1.0,1314,-2.6,0.0,0.0,0.0,376
2,8.8,43,1.0,1490,-3.1,0.0,0.0,0.0,250
3,8.1,48,0.8,1455,-2.2,0.0,0.0,0.0,149
5,7.1,53,0.8,1392,-1.8,0.0,0.0,0.0,123
7,7.2,50,1.1,1454,-2.5,0.1,0.0,0.0,981
9,11.9,35,1.1,1664,-3.1,0.95,0.0,0.0,982
10,15.2,31,1.6,1757,-1.8,1.84,0.0,0.0,703
12,20.5,37,4.6,1761,5.2,2.94,0.0,0.0,1023
15,21.4,33,4.8,1998,4.4,1.63,0.0,0.0,933
16,20.9,34,5.8,2000,4.4,1.37,0.0,0.0,1080
17,20.6,39,5.6,2000,6.1,0.74,0.0,0.0,1004
18,19.7,52,7.2,2000,9.5,0.2,0.0,0.0,1805
19,19.2,55,5.8,2000,9.9,0.01,0.0,0.0,1153
20,19.1,58,6.1,2000,10.6,0.0,0.0,0.0,336
21,17.5,70,7.3,1634,11.9,0.0,0.5,0.0,133
22,15.8,83,5.4,691,12.9,0.0,1.5,0.0,75
23,15.1,83,4.1,1147,12.2,0.0,3.0,0.0,212
2,12.7,80,3.9,885,9.3,0.0,0.0,0.0,0
3,11.6,81,3.1,687,8.4,0.0,0.0,0.0,0
4,10.2,83,3.5,554,7.4,0.0,0.0,0.0,0
5,9.7,84,1.7,447,7.1,0.0,0.0,0.0,0
7,8.8,85,1.1,438,6.4,0.11,0.0,0.0,0
8,9.7,77,1.6,519,5.8,0.68,0.0,0.0,0
9,11.8,59,2.1,975,4.0,1.44,0.0,0.0,0
10,13.3,51,4.1,1487,3.3,2.17,0.0,0.0,0
11,14.9,44,4.0,1468,2.7,2.75,0.0,0.0,0
12,15.7,46,3.9,1132,4.0,3.05,0.0,0.0,0
13,15.6,38,4.7,1558,1.3,3.32,0.0,0.0,0
17,16.2,22,4.1,2000,-5.5,1.73,0.0,0.0,0
18,15.2,21,2.9,2000,-7.0,0.94,0.0,0.0,0
19,13.2,28,2.9,2000,-4.9,0.22,0.0,0.0,0
21,11.0,34,2.1,2000,-4.2,0.0,0.0,0.0,0
22,10.3,42,1.0,1923,-2.0,0.0,0.0,0.0,0
23,9.7,45,2.0,1969,-1.6,0.0,0.0,0.0,0
0,9.5,40,2.4,1987,-3.4,0.0,0.0,0.0,504
1,8.9,40,2.1,2000,-3.9,0.0,0.0,0.0,374
2,8.1,45,1.0,2000,-3.1,0.0,0.0,0.0,269
3,7.8,49,1.4,1972,-2.2,0.0,0.0,0.0,182
4,7.5,53,1.0,1701,-1.4,0.0,0.0,0.0,98
5,7.1,57,0.8,1746,-0.8,0.0,0.0,0.0,144
7,7.6,54,1.7,1690,-1.1,0.13,0.0,0.0,1054
8,8.9,48,1.1,1444,-1.5,0.69,0.0,0.0,1789
10,13.8,39,2.3,1659,0.0,2.09,0.0,0.0,686
11,16.2,30,2.4,1700,-1.4,2.68,0.0,0.0,829
12,17.5,20,4.6,2000,-5.7,3.07,0.0,0.0,969
13,18.1,18,5.1,1939,-6.6,3.2,0.0,0.0,1029
14,18.8,27,4.9,1888,-0.6,3.13,0.0,0.0,990
15,19.4,24,3.9,2000,-1.7,2.86,0.0,0.0,1074
16,18.8,23,4.2,1956,-2.7,2.39,0.0,0.0,1273
17,18.6,22,3.7,1978,-3.5,1.72,0.0,0.0,1664
18,17.9,16,3.7,2000,-8.3,0.92,0.0,0.0,2359
20,14.2,15,2.6,2000,-12.1,0.0,0.0,0.0,1319
23,12.6,16,1.7,2000,-12.6,0.0,0.0,0.0,772
0,11.4,22,1.5,2000,-9.6,0.0,0.0,0.0,525
1,10.0,23,0.7,2000,-10.2,0.0,0.0,0.0,432
3,9.9,27,1.3,2000,-8.2,0.0,0.0,0.0,167
4,9.7,29,1.8,2000,-7.5,0.0,0.0,0.0,112
5,9.1,34,0.9,2000,-5.9,0.0,0.0,0.0,156
7,8.8,33,1.2,2000,-6.6,0.11,0.0,0.0,999
9,13.2,22,1.1,2000,-8.0,0.93,0.0,0.0,982
12,18.2,15,1.6,2000,-8.9,2.27,0.0,0.0,1095
13,19.0,15,1.4,2000,-8.2,2.02,0.0,0.0,973
14,18.7,14,1.6,2000,-9.3,1.25,0.0,0.0,1063
15,18.6,15,0.9,1991,-8.5,0.81,0.0,0.0,1108
16,18.3,16,1.0,2000,-7.9,0.7,0.0,0.0,1270
17,18.1,16,1.4,2000,-8.1,0.45,0.0,0.0,1662
18,17.5,18,1.3,2000,-7.1,0.23,0.0,0.0,2404
19,16.9,19,0.5,2000,-6.9,0.06,0.0,0.0,1641
20,16.2,22,0.9,2000,-5.5,0.0,0.0,0.0,1359
21,16.4,24,2.9,1983,-4.2,0.0,0.0,0.0,1311
22,16.3,25,2.0,2000,-3.7,0.0,0.0,0.0,1178
23,15.5,27,3.5,2000,-3.4,0.0,0.0,0.0,849
0,14.8,27,2.1,2000,-4.0,0.0,0.0,0.0,664
1,14.1,25,1.8,2000,-5.6,0.0,0.0,0.0,513
2,13.5,27,1.6,2000,-5.1,0.0,0.0,0.0,253
3,12.1,41,1.0,2000,-0.7,0.0,0.2,0.0,62
5,9.5,76,0.8,1962,5.4,0.0,0.0,0.0,20
6,8.7,80,1.1,1518,5.4,0.0,1.0,0.0,12
10,7.7,94,1.0,685,6.7,0.28,1.5,0.0,43
11,8.1,94,1.2,802,7.1,0.39,0.5,0.0,52
12,8.6,94,1.1,389,7.6,0.49,0.0,0.0,75
13,8.8,93,1.7,597,7.7,0.38,0.0,0.0,70
14,8.9,94,1.3,1129,7.9,0.29,0.5,0.0,122
15,8.6,88,3.2,1211,6.7,0.17,0.0,0.0,203
16,8.9,87,1.8,2000,6.8,0.32,0.0,0.0,445
17,9.3,81,2.4,2000,6.1,0.52,0.0,0.0,675
18,9.6,79,1.8,2000,6.1,0.39,0.0,0.0,706
19,9.5,76,2.3,2000,5.4,0.02,0.0,0.0,612
21,9.1,76,3.5,1113,5.0,0.0,0.0,0.0,633
22,8.8,77,3.2,1258,4.9,0.0,0.0,0.0,586
23,8.4,77,3.8,1662,4.5,0.0,0.0,0.0,503
0,7.8,78,1.8,1741,4.1,0.0,0.0,0.0,475
1,7.1,78,3.6,1662,3.5,0.0,0.0,0.0,349
2,6.7,80,2.8,1342,3.4,0.0,0.0,0.0,254
3,6.4,83,2.3,1158,3.7,0.0,0.0,0.0,183
5,5.8,85,1.3,829,3.4,0.0,0.0,0.0,65
7,5.8,83,1.1,733,3.1,0.15,0.0,0.0,223
8,7.0,78,0.9,656,3.4,0.56,0.0,0.0,401
10,10.3,62,2.1,914,3.3,1.76,0.0,0.0,582
11,11.8,57,2.6,1041,3.5,2.18,0.0,0.0,797
12,12.5,53,3.4,1324,3.1,2.52,0.0,0.0,1105
13,13.5,46,3.4,1325,2.0,2.71,0.0,0.0,1229
14,13.7,50,3.7,1218,3.4,2.3,0.0,0.0,1083
15,13.1,54,4.1,1264,3.9,1.98,0.0,0.0,62
16,12.0,61,3.6,1374,4.6,0.57,0.0,0.0,124
17,11.8,60,2.9,1457,4.2,0.6,0.0,0.0,42
18,11.9,58,2.2,1645,3.8,0.61,0.0,0.0,343
19,11.0,62,2.1,1661,3.9,0.19,0.0,0.0,317
20,10.3,62,2.0,1749,3.3,0.0,0.0,0.0,297
21,9.6,66,1.7,1850,3.5,0.0,0.0,0.0,464
23,8.6,69,2.2,1730,3.2,0.0,0.0,0.0,467
0,8.3,59,2.1,1912,0.7,0.0,0.0,0.0,401
2,7.1,64,0.9,1756,0.7,0.0,0.0,0.0,126
3,6.4,67,1.4,1668,0.7,0.0,0.0,0.0,107
4,5.9,68,0.7,1590,0.4,0.0,0.0,0.0,75
5,5.3,73,0.8,1474,0.8,0.0,0.0,0.0,132
6,5.0,70,0.7,1739,0.0,0.0,0.0,0.0,405
9,10.1,42,0.8,1911,-2.2,1.57,0.0,0.0,922
10,12.4,34,1.2,1943,-3.0,2.24,0.0,0.0,700
11,14.1,32,1.3,2000,-2.3,2.67,0.0,0.0,855
12,15.5,33,2.5,1893,-0.7,3.1,0.0,0.0,1052
13,16.6,30,2.3,1876,-1.0,3.21,0.0,0.0,973
14,18.0,28,1.6,1820,-0.8,3.11,0.0,0.0,1016
16,18.5,24,3.0,1773,-2.4,2.27,0.0,0.0,1452
18,17.0,28,3.1,2000,-1.6,0.88,0.0,0.0,2692
19,13.8,32,3.4,1992,-2.6,0.26,0.0,0.0,1719
20,12.1,35,2.4,1954,-2.9,0.0,0.0,0.0,1498
21,11.1,39,1.5,1734,-2.3,0.0,0.0,0.0,1355
22,10.8,33,0.9,2000,-4.8,0.0,0.0,0.0,1099
23,9.7,33,0.4,2000,-5.8,0.0,0.0,0.0,733
0,9.6,31,0.8,2000,-6.7,0.0,0.0,0.0,503
4,7.6,52,0.4,1935,-1.6,0.0,0.0,0.0,110
5,7.4,56,0.6,1746,-0.8,0.0,0.0,0.0,143
6,6.9,57,0.5,1775,-1.0,0.0,0.0,0.0,406
7,6.9,57,1.1,1633,-1.0,0.18,0.0,0.0,1100
8,8.7,49,0.8,1520,-1.4,0.68,0.0,0.0,1920
9,12.0,39,0.6,1386,-1.5,1.44,0.0,0.0,1013
10,14.7,31,1.1,1240,-2.2,2.04,0.0,0.0,731
14,19.8,23,2.6,1472,-1.9,3.01,0.0,0.0,1037
17,18.3,29,4.3,1626,0.0,1.61,0.0,0.0,1632
18,17.1,31,3.3,1501,-0.1,0.93,0.0,0.0,1727
22,11.0,34,1.2,1529,-4.2,0.0,0.0,0.0,1071
23,10.1,41,1.1,1509,-2.5,0.0,0.0,0.0,680
0,9.6,44,2.2,1417,-2.0,0.0,0.0,0.0,515
1,8.9,45,2.1,1456,-2.4,0.0,0.0,0.0,375
2,8.7,44,1.6,1684,-2.8,0.0,0.0,0.0,260
4,7.2,49,0.8,1546,-2.8,0.0,0.0,0.0,105
5,6.7,50,1.6,1774,-3.0,0.0,0.0,0.0,154
6,6.2,52,0.8,1609,-2.9,0.0,0.0,0.0,395
7,6.4,51,1.0,1398,-3.0,0.19,0.0,0.0,1083
10,13.7,26,2.3,1476,-5.4,2.25,0.0,0.0,761
11,15.5,22,1.4,1762,-6.1,2.82,0.0,0.0,845
13,17.7,16,2.8,1824,-8.4,3.27,0.0,0.0,975
14,18.9,15,1.8,1822,-8.3,3.17,0.0,0.0,967
15,19.0,21,3.3,1716,-3.8,2.88,0.0,0.0,1149
16,18.5,22,2.7,1515,-3.6,2.27,0.0,0.0,1346
17,17.8,26,3.3,1439,-1.9,1.63,0.0,0.0,1738
18,16.6,33,3.4,1182,0.2,0.86,0.0,0.0,1918
19,14.7,40,2.4,1207,1.2,0.21,0.0,0.0,842
20,13.0,41,2.3,1164,0.0,0.0,0.0,0.0,1346
22,11.3,42,1.6,1189,-1.1,0.0,0.0,0.0,1003
0,9.8,44,1.4,1268,-1.8,0.0,0.0,0.0,520
1,9.3,45,0.8,1263,-2.0,0.0,0.0,0.0,42
3,8.6,53,1.5,1185,-0.4,0.0,0.0,0.0,206
4,8.3,53,1.1,1007,-0.7,0.0,0.0,0.0,125
6,7.6,55,1.2,1021,-0.8,0.0,0.0,0.0,367
7,7.7,48,0.4,1110,-2.6,0.19,0.0,0.0,254
8,9.6,39,0.8,1003,-3.7,0.79,0.0,0.0,20
9,12.4,29,1.5,1380,-5.1,1.49,0.0,0.0,316
10,14.7,29,1.7,1070,-3.1,2.07,0.0,0.0,139
11,16.1,23,2.5,1361,-5.0,2.52,0.0,0.0,795
12,17.8,21,2.7,1335,-4.8,2.79,0.0,0.0,919
13,19.2,17,2.2,1448,-6.4,2.89,0.0,0.0,930
14,20.5,17,3.1,1512,-5.4,2.83,0.0,0.0,996
15,20.2,21,4.8,1161,-2.8,2.53,0.0,0.0,1039
16,19.8,25,4.4,1132,-0.8,2.02,0.0,0.0,1198
17,20.1,27,1.9,1088,0.4,1.38,0.0,0.0,1534
18,19.1,31,3.0,958,1.5,0.7,0.0,0.0,2198
19,17.4,34,2.2,779,1.3,0.16,0.0,0.0,1489
20,15.5,38,1.7,745,1.2,0.0,0.0,0.0,1313
21,14.2,44,2.4,1290,2.1,0.0,0.0,0.0,1165
22,13.4,49,1.1,1326,2.8,0.0,0.0,0.0,1054
23,12.9,51,1.7,1200,2.9,0.0,0.0,0.0,677
0,12.4,56,0.5,1028,3.8,0.0,0.0,0.0,553
1,11.8,60,0.2,918,4.2,0.0,0.0,0.0,436
2,11.7,63,0.5,904,4.8,0.0,0.0,0.0,305
5,11.4,60,0.4,851,3.8,0.0,0.0,0.0,168
6,11.2,63,0.7,821,4.4,0.0,0.0,0.0,414
7,11.3,62,0.7,774,4.2,0.17,0.0,0.0,979
8,13.0,54,1.2,738,3.8,0.68,0.0,0.0,1659
9,15.8,42,0.9,683,2.8,1.37,0.0,0.0,962
11,20.6,34,2.2,705,4.1,2.51,0.0,0.0,805
12,22.5,33,1.8,894,5.4,2.88,0.0,0.0,1019
14,25.9,28,2.2,808,5.9,2.92,0.0,0.0,970
15,26.1,27,1.8,581,5.6,2.59,0.0,0.0,1080
16,25.7,30,3.4,600,6.8,2.07,0.0,0.0,1206
17,25.6,30,2.3,671,6.7,1.47,0.0,0.0,1543
18,24.7,33,2.3,687,7.3,0.78,0.0,0.0,2268
20,21.1,43,1.8,788,8.0,0.0,0.0,0.0,1358
21,19.2,50,1.5,842,8.5,0.0,0.0,0.0,1213
22,18.2,52,1.3,818,8.1,0.0,0.0,0.0,1183
23,17.3,57,0.6,807,8.6,0.0,0.0,0.0,891
0,16.3,59,0.2,756,8.2,0.0,0.0,0.0,707
1,15.5,60,1.1,658,7.7,0.0,0.0,0.0,628
2,14.7,63,1.8,611,7.7,0.0,0.0,0.0,436
3,14.2,62,1.4,583,7.0,0.0,0.0,0.0,307
4,13.6,67,1.6,521,7.5,0.0,0.0,0.0,166
5,13.0,70,0.5,385,7.6,0.0,0.0,0.0,122
6,12.3,67,0.5,483,6.3,0.0,0.0,0.0,184
7,12.5,68,1.1,457,6.7,0.22,0.0,0.0,324
9,18.1,33,1.1,512,1.5,1.61,0.0,0.0,647
11,23.1,19,2.0,1172,-1.8,2.85,0.0,0.0,872
12,24.3,14,3.3,1701,-4.9,3.19,0.0,0.0,1130
13,24.6,10,2.7,2000,-9.0,3.31,0.0,0.0,1315
14,25.0,14,3.8,1858,-4.3,3.29,0.0,0.0,1511
15,25.0,13,4.1,2000,-5.3,2.98,0.0,0.0,1730
16,24.8,13,3.3,1955,-5.5,2.5,0.0,0.0,1942
17,23.2,12,3.6,2000,-7.8,1.69,0.0,0.0,2032
18,22.2,11,3.0,2000,-9.7,0.98,0.0,0.0,1986
19,20.7,15,2.0,2000,-6.9,0.34,0.0,0.0,1711
21,17.8,21,1.2,2000,-4.8,0.0,0.0,0.0,1491
22,16.7,28,1.0,1996,-1.9,0.0,0.0,0.0,1292
23,16.0,33,0.5,1996,-0.2,0.0,0.0,0.0,988
2,15.4,41,0.5,1319,2.1,0.0,0.0,0.0,410
3,15.2,31,0.3,2000,-1.8,0.0,0.0,0.0,289
5,14.8,38,0.6,2000,0.5,0.0,0.0,0.0,136
8,16.3,40,0.8,1982,2.6,0.25,0.0,0.0,429
9,16.9,45,0.9,1958,4.8,0.27,0.0,0.0,247
10,16.3,62,0.8,1639,8.9,0.27,0.3,0.0,486
11,17.4,54,0.9,1840,7.9,0.51,0.0,0.0,424
12,18.9,44,0.9,1910,6.3,0.75,0.0,0.0,631
13,20.5,35,1.1,2000,4.4,1.13,0.0,0.0,842
14,20.7,32,1.5,1996,3.3,0.69,0.0,0.0,384
16,19.1,52,0.9,1583,9.0,0.37,0.0,0.0,103
17,17.9,65,1.2,965,11.2,0.13,1.0,0.0,46
18,16.1,73,1.3,1298,11.2,0.11,0.5,0.0,63
19,15.2,64,1.7,1185,8.4,0.02,0.5,0.0,32
20,13.3,80,1.8,821,9.9,0.0,1.5,0.0,12
21,12.0,86,2.3,681,9.7,0.0,2.5,0.0,24
22,11.6,89,2.0,469,9.8,0.0,4.0,0.0,13
0,10.7,94,2.6,477,9.7,0.0,2.0,0.0,81
1,10.6,87,2.3,1523,8.5,0.0,0.1,0.0,41
2,10.2,90,2.2,490,8.6,0.0,0.9,0.0,21
3,9.9,93,2.3,990,8.8,0.0,0.5,0.0,8
4,9.5,95,2.4,410,8.7,0.0,3.5,0.0,2
5,9.2,95,2.3,404,8.4,0.0,2.5,0.0,6
6,9.1,95,2.7,373,8.3,0.0,7.0,0.0,5
7,9.0,95,2.3,294,8.2,0.0,6.0,0.0,17
9,8.5,95,2.6,447,7.7,0.1,8.0,0.0,9
11,8.9,91,2.2,437,7.5,0.29,1.5,0.0,10
12,9.0,96,1.9,481,8.3,0.43,5.5,0.0,10
13,9.3,95,2.3,419,8.5,0.4,2.5,0.0,11
14,9.4,96,2.6,304,8.7,0.39,4.0,0.0,17
15,9.5,96,2.2,350,8.8,0.31,1.5,0.0,14
16,9.6,96,1.7,1409,8.9,0.23,1.0,0.0,41
18,9.4,96,1.9,600,8.7,0.07,1.0,0.0,39
20,9.4,95,1.6,740,8.6,0.0,1.0,0.0,37
21,9.4,94,2.1,869,8.4,0.0,1.5,0.0,82
22,9.6,90,1.9,2000,8.0,0.0,0.0,0.0,164
1,10.1,83,1.6,2000,7.3,0.0,0.0,0.0,157
2,10.1,83,1.4,2000,7.3,0.0,0.1,0.0,68
3,9.6,94,1.3,523,8.6,0.0,2.4,0.0,35
4,9.5,94,1.2,2000,8.5,0.0,0.5,0.0,34
5,9.4,93,1.3,2000,8.3,0.0,0.0,0.0,77
6,9.6,87,2.0,2000,7.5,0.0,0.0,0.0,262
7,9.8,84,1.3,2000,7.2,0.04,0.0,0.0,751
8,10.5,79,1.3,2000,7.0,0.29,0.0,0.0,1502
9,12.0,71,1.4,2000,6.8,0.92,0.0,0.0,814
10,12.9,68,1.3,2000,7.1,0.97,0.0,0.0,638
11,14.1,62,1.6,2000,6.9,1.08,0.0,0.0,710
12,15.2,57,1.9,2000,6.7,1.33,0.0,0.0,925
13,15.9,53,2.1,2000,6.3,1.54,0.0,0.0,923
14,16.0,52,1.7,2000,6.1,1.22,0.0,0.0,942
15,16.1,52,1.5,2000,6.2,0.93,0.0,0.0,971
16,15.5,52,1.7,2000,5.6,0.7,0.0,0.0,1118
17,15.1,52,1.9,2000,5.3,0.64,0.0,0.0,1462
18,14.1,43,1.6,2000,1.6,0.36,0.0,0.0,2318
19,13.3,37,1.2,2000,-1.1,0.12,0.0,0.0,1580
20,12.6,49,0.8,2000,2.1,0.0,0.0,0.0,1332
21,11.5,47,1.1,2000,0.5,0.0,0.0,0.0,1372
0,8.9,55,0.7,2000,0.3,0.0,0.0,0.0,536
1,8.4,58,1.1,2000,0.6,0.0,0.0,0.0,444
2,7.7,60,0.3,1993,0.4,0.0,0.0,0.0,306
3,7.1,60,0.3,2000,-0.1,0.0,0.0,0.0,206
4,6.4,66,0.5,2000,0.4,0.0,0.0,0.0,117
5,6.0,63,0.5,1984,-0.5,0.0,0.0,0.0,148
6,5.8,55,0.3,2000,-2.5,0.0,0.0,0.0,449
7,6.4,51,0.3,1963,-3.0,0.27,0.0,0.0,1123
8,8.8,37,0.9,1939,-5.1,0.89,0.0,0.0,1900
9,11.7,32,0.8,1862,-4.4,1.6,0.0,0.0,1066
10,14.8,29,0.6,1749,-3.0,2.2,0.0,0.0,756
11,17.5,25,1.3,1843,-2.7,2.74,0.0,0.0,938
12,19.4,20,1.1,1663,-4.1,3.08,0.0,0.0,1192
13,20.8,23,1.7,1467,-1.1,3.18,0.0,0.0,1141
14,22.1,22,2.1,1470,-0.6,3.12,0.0,0.0,1161
15,22.8,21,2.1,1542,-0.6,2.75,0.0,0.0,1180
16,23.1,19,3.1,1871,-1.8,2.26,0.0,0.0,1447
17,22.9,23,2.8,1985,0.6,1.64,0.0,0.0,1878
18,21.2,32,3.8,1927,3.8,0.94,0.0,0.0,2807
19,18.2,36,3.5,2000,2.8,0.29,0.0,0.0,1958
20,16.8,29,4.3,1971,-1.3,0.01,0.0,0.0,1651
21,15.9,35,1.4,1999,0.4,0.0,0.0,0.0,1593
22,15.2,35,1.2,1999,-0.1,0.0,0.0,0.0,1382
0,13.1,47,0.3,1877,2.0,0.0,0.0,0.0,692
1,12.4,55,1.0,1836,3.5,0.0,0.0,0.0,546
2,11.9,57,1.0,1793,3.6,0.0,0.0,0.0,409
3,11.3,66,1.0,1506,5.1,0.0,0.0,0.0,239
4,10.7,70,0.7,1404,5.4,0.0,0.0,0.0,140
6,10.0,72,0.8,1217,5.1,0.01,0.0,0.0,452
7,10.7,68,0.8,1093,5.0,0.27,0.0,0.0,1124
8,11.7,62,0.6,956,4.6,0.62,0.0,0.0,1933
11,18.1,42,2.7,1112,4.9,2.17,0.0,0.0,930
13,20.6,30,2.4,1048,2.3,2.67,0.0,0.0,1084
14,21.6,28,3.1,1414,2.2,2.84,0.0,0.0,1123
16,21.7,23,2.5,1404,-0.3,1.97,0.0,0.0,1386
17,20.7,30,3.3,1482,2.4,1.48,0.0,0.0,1796
18,17.4,45,3.1,1092,5.3,0.75,0.0,0.0,2574
20,14.4,50,2.7,1216,4.0,0.01,0.0,0.0,1531
21,13.4,60,2.2,1517,5.7,0.0,0.0,0.0,1447
22,12.7,61,2.2,1949,5.3,0.0,0.0,0.0,1146
23,12.1,58,1.9,1719,4.0,0.0,0.0,0.0,851
0,11.8,59,2.4,1535,4.0,0.0,0.0,0.0,663
1,11.5,57,1.8,1471,3.2,0.0,0.0,0.0,562
3,10.7,63,1.1,989,3.9,0.0,0.0,0.0,258
4,10.2,65,1.5,970,3.9,0.0,0.0,0.0,140
5,9.9,69,1.1,808,4.4,0.0,0.0,0.0,170
6,9.9,66,1.5,931,3.8,0.0,0.0,0.0,427
8,11.6,58,1.4,1150,3.6,0.79,0.0,0.0,1922
9,13.2,57,0.8,1003,4.8,1.39,0.0,0.0,985
10,15.3,50,1.0,944,4.9,1.97,0.0,0.0,789
11,17.7,44,1.5,945,5.2,2.51,0.0,0.0,986
13,21.0,36,1.0,1164,5.3,2.99,0.0,0.0,1133
14,22.2,32,2.8,1124,4.7,2.91,0.0,0.0,1115
15,22.7,29,1.6,1223,3.7,2.66,0.0,0.0,1253
16,23.2,33,2.4,869,6.0,2.12,0.0,0.0,1446
17,21.8,41,3.0,662,7.9,1.44,0.0,0.0,1877
18,20.3,47,2.5,705,8.6,0.77,0.0,0.0,2577
19,18.7,53,2.7,753,8.9,0.24,0.0,0.0,1812
21,15.7,51,1.9,806,5.5,0.0,0.0,0.0,1362
22,14.7,63,1.4,554,7.7,0.0,0.0,0.0,1278
23,14.0,66,1.2,519,7.7,0.0,0.0,0.0,975
0,13.3,70,1.6,473,7.9,0.0,0.0,0.0,777
2,12.0,76,1.0,363,7.8,0.0,0.0,0.0,522
3,11.6,76,1.0,364,7.5,0.0,0.0,0.0,325
4,11.4,78,1.8,362,7.6,0.0,0.0,0.0,166
5,10.9,81,1.7,348,7.7,0.0,0.0,0.0,152
7,10.8,78,0.5,335,7.1,0.26,0.0,0.0,376
8,12.7,67,0.6,378,6.7,0.86,0.0,0.0,647
9,15.1,56,1.7,493,6.3,1.57,0.0,0.0,795
10,17.4,46,1.8,734,5.6,2.27,0.0,0.0,808
11,19.0,30,3.0,1719,1.0,2.84,0.0,0.0,1000
12,20.5,31,2.5,1485,2.7,3.18,0.0,0.0,1278
13,21.2,31,2.8,1295,3.3,3.25,0.0,0.0,1404
14,21.3,25,3.8,1884,0.4,3.22,0.0,0.0,1597
15,21.1,25,4.1,1885,0.2,2.96,0.0,0.0,1875
16,20.4,25,4.7,1990,-0.3,2.45,0.0,0.0,1945
17,20.1,29,3.3,1840,1.4,1.78,0.0,0.0,2043
18,18.9,30,2.6,1995,0.9,1.05,0.0,0.0,1882
19,16.9,33,1.3,1965,0.5,0.34,0.0,0.0,1590
20,15.1,34,2.2,1981,-0.6,0.01,0.0,0.0,1435
21,13.9,37,1.1,1751,-0.5,0.0,0.0,0.0,1351
22,13.0,45,1.6,1713,1.3,0.0,0.0,0.0,1165
23,12.3,51,1.0,1648,2.4,0.0,0.0,0.0,905
0,11.7,53,1.4,1620,2.4,0.0,0.0,0.0,790
1,11.2,57,1.6,1533,2.9,0.0,0.0,0.0,554
2,10.9,56,1.2,1460,2.4,0.0,0.0,0.0,425
5,9.7,63,1.1,1304,2.9,0.0,0.0,0.0,138
6,9.5,65,1.0,1325,3.2,0.01,0.0,0.0,183
9,14.9,39,0.9,1354,1.0,1.56,0.0,0.0,716
10,17.5,35,1.8,1570,1.8,2.26,0.0,0.0,787
11,19.6,28,2.0,1695,0.5,2.79,0.0,0.0,1060
12,20.5,31,2.6,1299,2.7,2.79,0.0,0.0,1375
13,21.9,27,2.2,1055,2.0,3.35,0.0,0.0,1635
14,21.6,28,3.3,1172,2.2,2.93,0.0,0.0,1814
15,22.8,24,3.3,1138,1.1,2.79,0.0,0.0,2019
16,22.2,23,3.7,1183,0.0,2.28,0.0,0.0,2044
17,21.9,28,3.1,1023,2.5,1.6,0.0,0.0,2094
18,20.1,28,3.2,1114,1.0,0.89,0.0,0.0,1950
20,16.9,42,2.7,942,3.8,0.0,0.0,0.0,1485
21,16.1,44,1.2,913,3.8,0.0,0.0,0.0,1382
22,15.6,43,2.3,1016,3.0,0.0,0.0,0.0,1128
23,15.2,51,1.0,858,5.1,0.0,0.0,0.0,820
0,14.7,54,1.3,718,5.4,0.0,0.0,0.0,569
1,14.4,60,1.7,580,6.7,0.0,0.0,0.0,362
2,14.1,62,1.2,502,6.9,0.0,0.0,0.0,246
3,14.3,61,1.0,475,6.8,0.0,0.0,0.0,157
4,14.6,57,1.2,495,6.1,0.0,0.0,0.0,132
5,14.8,63,0.7,492,7.8,0.0,0.0,0.0,185
6,14.9,64,0.5,424,8.1,0.0,0.0,0.0,397
7,15.1,78,1.5,354,11.2,0.06,0.0,0.0,1075
8,15.8,73,0.5,357,10.9,0.39,0.0,0.0,1791
11,20.3,52,0.9,468,10.1,1.96,0.0,0.0,901
12,22.2,50,2.0,564,11.2,2.65,0.0,0.0,1094
13,23.3,45,1.8,684,10.6,2.96,0.0,0.0,1019
16,24.8,45,1.8,549,12.0,2.05,0.0,0.0,1344
17,24.0,53,3.5,536,13.8,1.39,0.0,0.0,1706
18,23.0,54,2.9,679,13.1,0.81,0.0,0.0,2558
19,21.2,65,2.9,559,14.3,0.25,0.0,0.0,2064
20,20.0,69,2.4,533,14.1,0.0,0.0,0.0,1703
21,19.1,73,1.2,413,14.1,0.0,0.0,0.0,1711
22,18.4,78,1.6,377,14.4,0.0,0.0,0.0,1456
23,17.9,79,0.4,323,14.1,0.0,0.0,0.0,1044
0,18.3,78,0.8,349,14.3,0.0,0.0,0.0,782
1,18.3,83,1.1,451,15.3,0.0,0.0,0.0,705
2,18.2,85,0.8,355,15.6,0.0,0.0,0.0,534
3,18.1,85,1.0,284,15.5,0.0,0.0,0.0,343
4,18.0,85,0.3,275,15.4,0.0,0.0,0.0,187
6,17.8,85,0.6,265,15.2,0.0,0.0,0.0,306
7,18.0,82,0.7,264,14.8,0.11,0.0,0.0,614
8,18.8,76,0.6,301,14.4,0.36,0.0,0.0,1067
9,20.7,67,1.1,464,14.3,1.3,0.0,0.0,1024
10,22.2,61,1.2,531,14.3,1.72,0.0,0.0,1002
12,22.1,67,2.7,462,15.6,0.81,0.0,0.0,1315
13,23.0,63,3.1,494,15.5,1.92,0.0,0.0,1493
14,23.0,64,2.8,520,15.8,1.59,0.0,0.0,1536
15,23.1,61,2.5,556,15.1,1.5,0.0,0.0,1639
16,22.6,63,3.1,551,15.1,0.88,0.0,0.0,1759
17,22.0,65,2.4,589,15.1,0.47,0.0,0.0,1898
18,21.6,67,2.0,584,15.2,0.24,0.0,0.0,2082
19,21.2,68,1.5,610,15.0,0.16,0.0,0.0,1696
20,20.6,72,1.3,587,15.3,0.0,0.0,0.0,1656
21,20.2,74,1.3,554,15.4,0.0,0.0,0.0,1644
22,19.9,75,0.8,516,15.3,0.0,0.0,0.0,1400
23,19.8,73,0.9,442,14.8,0.0,0.0,0.0,855
0,19.7,76,0.5,386,15.3,0.0,0.0,0.0,612
1,19.6,75,2.1,392,15.0,0.0,0.0,0.0,413
3,18.5,82,0.8,342,15.3,0.0,0.0,0.0,170
4,18.4,81,0.4,300,15.0,0.0,0.0,0.0,93
5,18.4,87,0.8,209,16.1,0.0,0.4,0.0,76
6,17.9,93,0.9,202,16.7,0.0,0.1,0.0,67
8,17.5,94,0.9,203,16.5,0.06,0.0,0.0,555
9,17.4,94,0.7,230,16.4,0.16,0.0,0.0,609
10,17.7,88,1.1,322,15.6,0.36,0.0,0.0,486
11,18.0,85,1.1,411,15.4,0.45,0.0,0.0,206
12,17.3,95,0.7,155,16.4,0.16,3.5,0.0,63
13,17.2,96,0.9,275,16.5,0.26,4.0,0.0,327
14,17.5,94,0.3,436,16.5,0.35,0.0,0.0,376
15,17.0,90,3.7,216,15.3,0.26,0.0,0.0,143
16,15.4,95,4.7,378,14.5,0.11,0.5,0.0,400
17,13.9,94,2.6,303,12.9,0.21,0.0,0.0,813
18,13.6,89,2.3,638,11.8,0.09,0.0,0.0,518
19,12.6,93,3.9,831,11.4,0.0,0.0,0.0,131
20,11.1,91,4.0,716,9.6,0.0,0.5,0.0,123
21,10.5,94,2.8,1627,9.5,0.0,1.0,0.0,327
22,10.4,85,3.7,1671,7.9,0.0,0.0,0.0,299
23,9.5,90,3.6,1017,7.9,0.0,1.0,0.0,294
1,7.9,86,2.1,2000,5.6,0.0,0.0,0.0,323
2,7.3,86,1.7,2000,5.1,0.0,0.0,0.0,251
3,7.0,86,1.2,2000,4.8,0.0,0.0,0.0,156
4,7.0,87,1.3,2000,4.9,0.0,0.0,0.0,109
5,7.0,85,0.8,2000,4.6,0.0,0.0,0.0,163
6,7.9,86,2.0,1070,5.6,0.01,0.0,0.0,469
7,8.4,83,1.4,1400,5.6,0.31,0.0,0.0,1160
8,10.5,67,2.3,1221,4.6,0.98,0.0,0.0,1946
9,12.8,52,3.9,1614,3.1,1.65,0.0,0.0,1061
10,13.8,47,4.8,1561,2.6,1.64,0.0,0.0,762
11,14.7,45,3.0,1799,2.8,1.68,0.0,0.0,794
12,14.1,59,3.9,1870,6.1,1.12,0.0,0.0,871
14,12.7,75,3.8,1510,8.3,0.88,0.4,0.0,367
15,12.2,56,4.8,2000,3.6,0.57,0.5,0.0,590
16,12.8,53,3.3,2000,3.4,0.76,0.0,0.0,911
17,13.2,49,4.2,1999,2.7,0.69,0.0,0.0,1421
18,13.4,49,2.4,1982,2.8,0.6,0.0,0.0,2310
20,12.6,47,3.2,1935,1.5,0.02,0.0,0.0,1401
21,11.9,48,1.9,1918,1.2,0.0,0.0,0.0,1388
22,11.2,60,2.3,1684,3.7,0.0,0.0,0.0,1202
23,10.6,62,2.1,1694,3.6,0.0,0.0,0.0,832
0,10.0,63,2.1,1653,3.2,0.0,0.0,0.0,624
1,9.7,63,2.1,1610,2.9,0.0,0.0,0.0,480
2,9.6,65,1.5,1654,3.3,0.0,0.0,0.0,352
3,9.6,66,0.9,1685,3.5,0.0,0.0,0.0,224
4,9.5,66,1.1,1737,3.4,0.0,0.0,0.0,138
5,9.2,63,0.8,1896,2.5,0.0,0.0,0.0,186
6,9.0,57,1.7,1903,0.9,0.0,0.0,0.0,521
7,9.5,55,2.1,1912,0.8,0.32,0.0,0.0,1260
8,11.3,46,1.2,1788,0.0,1.04,0.0,0.0,2041
9,14.1,42,1.9,1893,1.3,1.78,0.0,0.0,1155
10,16.1,37,2.9,1629,1.3,2.4,0.0,0.0,864
11,17.2,35,3.6,1731,1.5,2.93,0.0,0.0,1021
12,17.9,32,4.6,1874,0.9,3.28,0.0,0.0,1206
13,18.9,30,3.8,1854,0.9,3.39,0.0,0.0,1222
14,18.8,31,4.9,1940,1.2,3.31,0.0,0.0,1266
15,19.9,26,3.8,1898,-0.1,3.0,0.0,0.0,1323
16,18.6,30,5.1,1891,0.6,2.49,0.0,0.0,1501
17,18.1,30,4.6,1925,0.2,1.86,0.0,0.0,1857
18,17.1,35,3.4,1961,1.4,1.11,0.0,0.0,2661
19,15.5,46,2.6,1782,3.9,0.34,0.0,0.0,1890
20,14.1,46,3.4,1940,2.6,0.01,0.0,0.0,1389
21,13.3,47,1.9,1805,2.2,0.0,0.0,0.0,1298
22,12.7,55,2.0,1775,3.8,0.0,0.0,0.0,1256
23,12.4,58,2.5,1843,4.3,0.0,0.0,0.0,935
0,12.2,59,1.2,1718,4.4,0.0,0.0,0.0,796
1,12.1,54,1.3,1820,3.0,0.0,0.0,0.0,716
2,12.1,53,1.1,1948,2.7,0.0,0.0,0.0,508
3,11.6,53,1.1,1904,2.3,0.0,0.0,0.0,392
5,12.2,52,2.3,1961,2.6,0.0,0.0,0.0,190
6,12.3,55,2.1,1972,3.5,0.02,0.0,0.0,247
7,12.9,55,2.3,1952,4.0,0.29,0.0,0.0,352
8,14.4,51,2.3,1907,4.3,0.92,0.0,0.0,579
9,16.1,50,2.6,1628,5.6,1.52,0.0,0.0,759
11,20.2,41,3.1,1789,6.5,2.56,0.0,0.0,1024
12,21.9,35,3.4,1586,5.7,2.74,0.0,0.0,1258
14,23.6,34,3.3,1829,6.8,2.57,0.0,0.0,1669
16,23.2,30,4.5,1787,4.6,1.49,0.0,0.0,1223
18,22.5,31,3.4,1953,4.5,0.79,0.0,0.0,1929
19,20.7,47,3.5,1952,8.9,0.28,0.0,0.0,1753
20,19.7,53,2.0,1841,9.8,0.0,0.0,0.0,1562
21,19.3,57,3.1,1924,10.5,0.0,0.0,0.0,1551
22,19.1,61,2.7,1830,11.3,0.0,0.0,0.0,1360
23,19.1,62,3.6,1757,11.6,0.0,0.0,0.0,1097
0,18.7,64,3.3,1654,11.7,0.0,0.0,0.0,733
1,18.2,71,1.6,1328,12.8,0.0,0.0,0.0,181
3,16.2,94,1.7,400,15.2,0.0,1.5,0.0,43
4,15.8,93,0.4,268,14.6,0.0,1.5,0.0,16
5,15.4,96,0.3,208,14.7,0.0,2.0,0.0,11
7,15.1,97,0.5,311,14.6,0.03,2.5,0.0,16
8,15.2,97,1.0,414,14.7,0.08,2.0,0.0,16
9,15.4,97,0.8,413,14.9,0.18,1.0,0.0,12
10,15.4,97,0.6,374,14.9,0.38,1.5,0.0,13
11,15.5,97,0.8,459,15.0,0.4,3.5,0.0,10
12,15.7,96,1.1,568,15.0,0.5,3.0,0.0,71
13,16.4,94,0.9,1947,15.4,0.78,0.0,0.0,211
14,17.2,85,1.3,2000,14.6,0.94,0.0,0.0,384
15,17.8,77,1.6,2000,13.7,1.13,0.0,0.0,770
16,19.5,66,1.7,2000,12.9,1.71,0.0,0.0,1482
17,20.2,62,1.1,2000,12.6,1.74,0.0,0.0,1737
18,20.2,66,1.0,2000,13.6,1.1,0.0,0.0,1848
19,19.0,70,0.7,2000,13.3,0.33,0.0,0.0,1639
20,17.6,77,1.2,2000,13.5,0.01,0.0,0.0,1526
21,16.8,79,0.6,2000,13.1,0.0,0.0,0.0,1450
23,15.9,83,0.6,2000,13.0,0.0,0.0,0.0,1016
0,15.5,85,0.9,2000,12.9,0.0,0.0,0.0,778
1,15.1,84,0.3,1858,12.4,0.0,0.0,0.0,609
2,14.8,85,0.4,1831,12.2,0.0,0.0,0.0,404
3,14.7,82,0.8,1822,11.6,0.0,0.0,0.0,249
4,14.4,85,0.8,1437,11.9,0.0,0.0,0.0,185
6,14.0,87,0.8,1334,11.8,0.01,0.0,0.0,221
7,14.2,81,0.3,1991,10.9,0.13,0.0,0.0,389
8,14.8,80,0.3,1921,11.3,0.31,0.0,0.0,600
9,15.9,72,0.5,1835,10.8,0.67,0.0,0.0,737
10,17.5,63,0.6,1916,10.3,0.96,0.0,0.0,895
11,20.2,45,1.1,1894,7.8,2.33,0.0,0.0,1167
12,22.9,35,0.8,1948,6.6,3.05,0.0,0.0,1414
13,23.7,44,1.7,1897,10.7,2.35,0.0,0.0,1665
17,25.5,31,2.3,1974,7.1,1.5,0.0,0.0,2392
19,23.5,48,1.5,1929,11.8,0.4,0.0,0.0,1664
20,20.9,61,2.7,1523,13.0,0.01,0.0,0.0,1912
22,18.6,69,1.7,1047,12.7,0.0,0.0,0.0,1336
23,17.5,69,1.5,978,11.7,0.0,0.0,0.0,994
0,16.4,72,0.8,1046,11.3,0.0,0.0,0.0,712
3,15.6,63,1.7,2000,8.5,0.0,0.0,0.0,194
4,15.4,63,1.6,2000,8.3,0.0,0.0,0.0,155
5,15.0,64,1.6,2000,8.2,0.0,0.0,0.0,200
6,14.8,64,1.5,2000,8.0,0.02,0.0,0.0,555
7,15.3,60,2.0,2000,7.5,0.35,0.0,0.0,1280
8,16.9,54,1.7,2000,7.5,1.08,0.0,0.0,1976
9,18.5,51,1.4,1955,8.1,1.74,0.0,0.0,1128
10,20.0,48,1.9,2000,8.6,2.46,0.0,0.0,792
11,21.0,45,1.6,2000,8.6,2.89,0.0,0.0,956
13,21.7,44,2.1,2000,8.9,2.46,0.0,0.0,1117
14,22.2,42,1.7,2000,8.6,2.29,0.0,0.0,1096
15,22.4,39,1.9,2000,7.7,2.16,0.0,0.0,1267
16,22.0,41,1.7,2000,8.1,2.04,0.0,0.0,1457
17,21.7,38,2.0,2000,6.7,1.17,0.0,0.0,2020
18,20.7,40,1.4,2000,6.6,1.06,0.0,0.0,2142
19,17.9,42,2.1,2000,4.7,0.37,0.0,0.0,2241
20,15.8,47,1.8,2000,4.4,0.01,0.0,0.0,1726
21,14.5,49,1.9,2000,3.8,0.0,0.0,0.0,1513
22,13.2,54,2.2,2000,4.0,0.0,0.0,0.0,1283
23,12.2,57,1.9,2000,3.9,0.0,0.0,0.0,767
0,11.6,57,1.9,2000,3.3,0.0,0.0,0.0,552
1,11.3,58,1.3,2000,3.3,0.0,0.0,0.0,34
2,10.9,59,1.1,2000,3.1,0.0,0.0,0.0,245
3,10.5,59,1.0,2000,2.8,0.0,0.0,0.0,187
4,10.0,64,1.5,2000,3.4,0.0,0.0,0.0,114
6,9.2,64,1.0,2000,2.7,0.02,0.0,0.0,556
7,10.0,59,1.1,2000,2.3,0.36,0.0,0.0,1333
8,12.3,53,1.6,2000,2.9,1.09,0.0,0.0,2068
9,14.4,46,1.2,1899,2.9,1.77,0.0,0.0,928
10,16.1,43,1.4,1985,3.5,2.41,0.0,0.0,954
11,17.6,40,1.4,1955,3.8,2.88,0.0,0.0,1015
12,18.7,39,1.9,1925,4.4,3.21,0.0,0.0,1242
13,20.1,36,1.1,1933,4.5,3.34,0.0,0.0,1188
14,20.7,36,2.2,1788,5.0,3.1,0.0,0.0,1186
15,21.2,35,2.9,1733,5.1,2.88,0.0,0.0,1324
17,21.3,34,2.7,1967,4.7,1.82,0.0,0.0,2034
18,20.6,41,2.3,2000,6.8,1.1,0.0,0.0,3130
19,18.8,47,2.8,1988,7.2,0.4,0.0,0.0,2405
20,17.3,53,1.9,2000,7.6,0.01,0.0,0.0,1979
21,16.4,56,0.8,2000,7.5,0.0,0.0,0.0,1940
22,15.9,60,2.6,2000,8.1,0.0,0.0,0.0,1602
23,15.2,62,1.4,2000,7.9,0.0,0.0,0.0,1073
0,14.5,63,0.9,2000,7.5,0.0,0.0,0.0,0
1,13.9,66,1.0,1960,7.6,0.0,0.0,0.0,0
3,12.9,74,1.7,1698,8.3,0.0,0.0,0.0,0
4,12.0,79,0.6,1351,8.4,0.0,0.0,0.0,0
5,11.5,80,0.9,974,8.1,0.0,0.0,0.0,0
6,11.4,80,1.0,885,8.0,0.02,0.0,0.0,0
7,12.1,71,1.6,876,6.9,0.34,0.0,0.0,0
8,13.5,63,2.2,1211,6.5,1.01,0.0,0.0,0
9,15.5,55,1.7,1318,6.4,1.76,0.0,0.0,0
10,17.3,52,2.3,1235,7.3,2.38,0.0,0.0,0
11,18.3,51,3.1,1015,7.9,2.84,0.0,0.0,0
12,19.8,49,2.3,1320,8.7,3.17,0.0,0.0,0
13,20.7,46,2.9,1078,8.6,3.26,0.0,0.0,0
14,21.2,47,3.7,1142,9.4,3.22,0.0,0.0,0
15,20.4,51,4.0,946,9.9,2.87,0.0,0.0,0
16,19.6,54,3.9,1154,10.0,2.41,0.0,0.0,0
17,19.2,54,3.4,1075,9.6,1.83,0.0,0.0,0
18,18.0,61,3.5,790,10.3,1.05,0.0,0.0,0
19,15.5,74,3.6,675,10.8,0.35,0.0,0.0,0
21,12.6,85,2.4,460,10.1,0.0,0.0,0.0,0
23,12.4,85,1.1,369,9.9,0.0,0.0,0.0,0
0,12.5,84,1.5,334,9.8,0.0,0.0,0.0,724
1,12.4,84,1.8,287,9.7,0.0,0.0,0.0,565
2,12.1,85,1.4,321,9.6,0.0,0.0,0.0,378
3,12.0,86,0.9,297,9.7,0.0,0.0,0.0,252
4,11.9,85,0.7,315,9.4,0.0,0.0,0.0,154
5,11.9,84,1.5,358,9.2,0.0,0.0,0.0,223
6,12.0,83,0.4,321,9.1,0.01,0.0,0.0,486
7,12.4,82,1.0,314,9.4,0.1,0.0,0.0,1156
8,13.1,78,1.2,330,9.3,0.41,0.0,0.0,1881
9,14.3,72,0.7,342,9.3,0.84,0.0,0.0,850
10,16.4,64,2.4,423,9.5,2.05,0.0,0.0,816
12,20.0,47,1.4,685,8.3,3.08,0.0,0.0,1161
15,19.9,47,3.3,484,8.2,1.83,0.0,0.0,1295
16,19.1,54,3.2,542,9.5,0.94,0.0,0.0,1496
17,18.9,45,2.6,1084,6.6,0.8,0.0,0.0,1863
18,17.9,37,3.1,1819,2.9,0.36,0.0,0.0,2701
20,16.7,52,0.9,1328,6.7,0.0,0.0,0.0,941
21,16.4,52,1.5,1273,6.5,0.0,0.0,0.0,1644
22,16.2,54,1.1,1327,6.8,0.0,0.0,0.0,1556
23,16.2,50,1.6,1327,5.7,0.0,0.0,0.0,1185
0,16.1,54,1.3,1052,6.7,0.0,0.0,0.0,862
1,15.9,51,1.8,866,5.7,0.0,0.0,0.0,669
2,15.5,62,1.0,730,8.2,0.0,0.0,0.0,416
3,15.2,63,0.5,700,8.1,0.0,0.0,0.0,358
4,15.0,61,0.8,867,7.5,0.0,0.0,0.0,207
5,15.0,61,1.2,903,7.5,0.0,0.0,0.0,70
6,14.4,71,1.3,560,9.2,0.0,0.4,0.0,37
7,13.3,81,1.5,525,10.1,0.04,0.1,0.0,43
10,11.8,96,1.3,221,11.1,0.12,2.5,0.0,6
12,12.3,97,0.8,238,11.8,0.14,2.0,0.0,11
14,13.0,97,0.8,211,12.5,0.15,2.0,0.0,22
15,13.3,97,0.8,194,12.8,0.12,3.0,0.0,17
18,15.4,97,1.9,340,14.9,0.03,2.0,0.0,22
21,15.8,97,0.6,193,15.3,0.0,0.5,0.0,25
22,15.8,98,0.4,179,15.4,0.0,1.5,0.0,30
23,15.8,98,1.6,235,15.4,0.0,1.0,0.0,50
1,15.1,97,1.7,173,14.6,0.0,0.2,0.0,178
2,14.5,97,2.9,359,14.0,0.0,0.1,0.0,189
3,14.2,98,1.5,135,13.8,0.0,0.2,0.0,141
4,13.8,98,2.9,27,13.4,0.0,0.0,0.0,83
5,13.5,98,0.8,105,13.1,0.0,0.0,0.0,72
6,13.5,98,0.4,251,13.1,0.01,0.0,0.0,139
8,14.1,98,1.3,834,13.7,0.26,0.0,0.0,397
9,14.8,95,1.0,986,14.0,0.53,0.0,0.0,579
10,15.2,88,2.2,1090,13.2,0.55,0.0,0.0,716
11,16.4,78,1.6,1209,12.5,1.37,0.0,0.0,993
12,18.3,65,1.2,1489,11.5,2.4,0.0,0.0,1434
13,19.1,65,1.9,1145,12.3,2.26,0.0,0.0,1839
16,19.5,65,2.9,857,12.7,1.97,0.0,0.0,2379
20,15.6,81,2.3,827,12.3,0.02,0.0,0.0,1714
21,14.1,86,0.9,535,11.7,0.0,0.0,0.0,1571
22,13.5,87,2.2,433,11.3,0.0,0.0,0.0,1155
23,13.0,89,1.3,326,11.2,0.0,0.0,0.0,814
0,12.7,89,1.2,340,10.9,0.0,0.0,0.0,581
3,11.9,95,1.5,180,11.1,0.0,0.0,0.0,167
4,11.9,94,1.3,210,10.9,0.0,0.0,0.0,121
6,12.1,89,0.3,252,10.3,0.02,0.0,0.0,552
7,12.6,85,0.4,292,10.1,0.23,0.0,0.0,1251
10,16.6,67,0.9,479,10.4,1.23,0.0,0.0,779
12,20.0,62,1.8,428,12.4,2.38,0.0,0.0,1095
13,21.8,59,1.9,404,13.4,2.74,0.0,0.0,1051
14,23.1,56,1.6,391,13.8,2.67,0.0,0.0,1124
16,24.3,54,2.6,346,14.3,1.81,0.0,0.0,1433
17,24.4,51,1.9,466,13.5,1.42,0.0,0.0,1891
20,21.4,64,2.1,411,14.3,0.02,0.0,0.0,1965
21,20.5,67,1.4,357,14.1,0.0,0.0,0.0,1885
22,19.6,71,0.6,325,14.1,0.0,0.0,0.0,1648
23,18.8,73,0.8,291,13.8,0.0,0.0,0.0,1071
0,18.1,77,0.5,287,13.9,0.0,0.0,0.0,764
1,17.5,78,0.6,277,13.6,0.0,0.0,0.0,563
2,17.1,74,0.4,350,12.4,0.0,0.0,0.0,372
3,16.6,74,0.4,402,11.9,0.0,0.0,0.0,241
5,15.7,76,0.6,330,11.4,0.0,0.0,0.0,182
6,15.4,84,0.8,235,12.7,0.03,0.0,0.0,562
7,16.2,79,1.2,239,12.5,0.36,0.0,0.0,1239
8,18.4,68,1.1,254,12.3,0.88,0.0,0.0,2059
9,20.8,53,0.8,381,10.8,1.58,0.0,0.0,1148
10,22.7,37,0.9,879,7.2,2.18,0.0,0.0,832
11,24.8,36,1.8,973,8.7,2.7,0.0,0.0,944
12,26.3,36,1.1,1133,10.0,2.88,0.0,0.0,1058
13,27.8,34,1.5,1306,10.4,3.14,0.0,0.0,1080
14,28.5,33,0.9,1348,10.6,2.51,0.0,0.0,1092
15,29.1,38,1.7,1602,13.3,1.89,0.0,0.0,1210
16,28.8,37,2.4,1629,12.6,1.44,0.0,0.0,1458
17,28.5,43,1.7,1404,14.6,1.06,0.0,0.0,1951
18,27.5,47,2.5,1113,15.1,0.43,0.0,0.0,2915
19,26.9,49,0.9,1063,15.2,0.1,0.0,0.0,2248
21,25.6,56,0.7,884,16.1,0.0,0.0,0.0,1944
22,25.0,59,0.6,742,16.4,0.0,0.0,0.0,1640
23,24.8,60,1.0,795,16.5,0.0,0.0,0.0,848
0,24.4,63,0.8,745,16.8,0.0,0.0,0.0,662
1,24.1,67,0.5,686,17.5,0.0,0.0,0.0,502
2,23.9,69,0.3,531,17.8,0.0,0.2,0.0,145
3,22.6,89,0.7,327,20.6,0.0,0.8,0.0,166
4,22.3,86,0.5,387,19.8,0.0,0.0,0.0,124
5,22.3,87,0.6,399,20.0,0.0,0.0,0.0,52
6,22.1,94,0.9,269,21.0,0.0,2.0,0.0,135
7,22.0,95,0.7,342,21.1,0.0,0.0,0.0,367
9,22.8,93,3.1,569,21.6,0.06,4.0,0.0,97
10,22.8,95,1.7,176,21.9,0.05,1.0,0.0,81
11,22.7,93,4.8,832,21.5,0.17,0.0,0.0,243
12,22.9,87,4.0,1497,20.6,0.22,0.0,0.0,59
13,21.8,97,2.4,682,21.2,0.06,35.0,0.0,151
16,21.8,97,1.8,206,21.2,0.18,0.0,0.0,223
17,21.9,97,3.2,207,21.3,0.14,0.5,0.0,304
18,21.9,97,2.1,191,21.3,0.08,0.0,0.0,562
19,21.9,97,2.2,196,21.3,0.01,0.0,0.0,404
20,21.8,97,2.2,156,21.2,0.0,0.5,0.0,338
22,21.9,97,1.5,164,21.3,0.0,0.0,0.0,399
23,22.0,97,0.9,158,21.4,0.0,0.0,0.0,225
0,22.0,97,1.6,152,21.4,0.0,0.5,0.0,118
1,22.0,97,2.1,192,21.4,0.0,0.5,0.0,144
2,21.8,97,1.3,175,21.2,0.0,1.0,0.0,78
3,21.8,98,0.6,113,21.4,0.0,2.5,0.0,38
4,19.2,98,2.4,1965,18.8,0.0,19.0,0.0,51
6,18.9,98,0.3,338,18.5,0.0,0.0,0.0,69
7,19.1,98,0.3,125,18.7,0.0,0.0,0.0,80
8,19.7,98,0.5,1958,19.3,0.12,13.5,0.0,152
9,19.7,98,0.5,659,19.3,0.05,10.0,0.0,28
11,20.4,98,0.9,300,20.0,0.25,2.5,0.0,182
12,21.7,96,0.8,1773,21.0,0.81,1.5,0.0,467
13,23.4,83,1.7,1944,20.3,1.5,0.0,0.0,592
14,23.4,81,0.6,1921,19.9,0.5,0.0,0.0,352
15,22.8,95,1.6,294,21.9,0.11,0.5,0.0,186
18,22.6,97,1.1,304,22.0,0.07,1.5,0.0,431
19,22.3,96,2.6,191,21.6,0.0,0.0,0.0,29
20,21.3,97,2.8,388,20.7,0.0,12.5,0.0,17
22,20.2,98,0.5,468,19.8,0.0,6.0,0.0,26
23,20.0,98,1.8,589,19.6,0.0,2.5,0.0,35
0,19.3,97,1.8,523,18.8,0.0,1.0,0.0,129
2,18.8,98,1.5,237,18.4,0.0,0.5,0.0,48
4,18.1,98,1.7,223,17.7,0.0,1.0,0.0,22
5,17.8,98,1.0,457,17.4,0.0,0.5,0.0,29
7,16.6,98,0.6,219,16.2,0.01,0.5,0.0,210
8,16.4,98,0.3,514,16.0,0.11,0.0,0.0,400
9,16.6,98,0.6,301,16.2,0.18,0.5,0.0,427
10,16.3,97,1.0,693,15.8,0.37,0.0,0.0,454
11,16.6,96,0.7,539,15.9,0.41,0.0,0.0,352
12,16.6,96,0.8,430,15.9,0.34,0.0,0.0,185
13,16.7,93,1.0,1373,15.5,0.72,0.5,0.0,509
15,16.7,85,1.2,2000,14.1,0.49,0.0,0.0,906
16,17.0,82,1.9,2000,13.8,0.84,0.0,0.0,1182
17,17.2,81,1.2,2000,13.9,0.57,0.0,0.0,1551
19,17.0,76,1.5,2000,12.7,0.29,0.0,0.0,1751
20,16.2,76,2.1,2000,11.9,0.02,0.0,0.0,1386
21,15.3,73,2.3,2000,10.4,0.0,0.0,0.0,1263
22,14.2,73,1.9,2000,9.4,0.0,0.0,0.0,1221
23,13.2,68,1.8,2000,7.4,0.0,0.0,0.0,864
0,12.2,67,1.2,2000,6.2,0.0,0.0,0.0,689
2,11.1,74,1.9,2000,6.6,0.0,0.0,0.0,526
3,10.7,73,1.3,2000,6.0,0.0,0.0,0.0,320
4,10.5,73,1.2,2000,5.8,0.0,0.0,0.0,213
5,10.4,71,1.1,2000,5.3,0.0,0.0,0.0,198
7,11.4,0,1.4,2000,4.5,0.46,0.0,0.0,436
8,13.7,57,1.4,2000,5.3,1.28,0.0,0.0,766
9,15.7,49,1.6,2000,5.0,2.0,0.0,0.0,932
11,19.0,44,1.4,2000,6.4,3.12,0.0,0.0,1290
12,20.5,42,2.1,2000,7.1,3.42,0.0,0.0,1573
13,21.9,39,2.0,2000,7.3,3.52,0.0,0.0,1865
14,22.8,39,2.6,1983,8.1,3.39,0.0,0.0,2128
17,24.5,35,1.8,1927,8.0,1.93,0.0,0.0,2355
18,24.0,34,1.7,2000,7.1,1.22,0.0,0.0,2439
19,22.6,34,1.5,2000,5.9,0.51,0.0,0.0,2140
20,20.9,34,1.4,2000,4.4,0.03,0.0,0.0,1872
21,19.5,34,1.3,2000,3.2,0.0,0.0,0.0,1780
22,18.4,34,1.2,2000,2.2,0.0,0.0,0.0,1595
23,17.1,37,1.3,2000,2.2,0.0,0.0,0.0,1169
0,15.8,41,1.2,2000,2.5,0.0,0.0,0.0,986
1,14.7,43,1.2,2000,2.2,0.0,0.0,0.0,713
3,13.5,41,1.0,2000,0.4,0.0,0.0,0.0,347
4,12.8,44,0.8,2000,0.8,0.0,0.0,0.0,205
5,12.1,47,1.6,2000,1.1,0.0,0.0,0.0,160
6,11.6,46,0.8,2000,0.3,0.05,0.0,0.0,190
7,12.3,43,0.6,2000,0.0,0.3,0.0,0.0,341
8,14.1,38,1.0,2000,0.0,0.72,0.0,0.0,524
9,16.0,34,1.3,2000,0.1,1.0,0.0,0.0,676
12,18.8,31,1.2,2000,1.2,0.92,0.0,0.0,1313
13,19.9,33,1.4,2000,3.1,1.28,0.0,0.0,1559
14,20.3,30,1.8,2000,2.1,1.01,0.0,0.0,1680
16,22.2,23,2.2,2000,0.0,1.66,0.0,0.0,2143
17,22.4,23,2.4,2000,0.2,1.89,0.0,0.0,2310
18,22.2,22,1.8,2000,-0.5,1.25,0.0,0.0,2403
20,19.0,26,1.5,2000,-0.9,0.02,0.0,0.0,1846
21,17.8,26,1.3,2000,-1.9,0.0,0.0,0.0,1636
22,16.8,29,1.2,2000,-1.3,0.0,0.0,0.0,1325
23,15.8,30,1.1,2000,-1.7,0.0,0.0,0.0,943
0,15.3,29,1.3,2000,-2.6,0.0,0.0,0.0,666
1,14.5,31,1.1,2000,-2.4,0.0,0.0,0.0,420
2,13.9,0,0.9,2000,-2.1,0.0,0.0,0.0,262
3,13.0,0,0.8,2000,-2.5,0.0,0.0,0.0,165
4,12.4,0,0.8,2000,-3.4,0.0,0.0,0.0,113
5,11.9,0,1.3,2000,-2.7,0.0,0.0,0.0,200
7,12.3,0,0.9,1989,-2.7,0.48,0.0,0.0,1135
9,17.7,27,1.3,2000,-1.5,2.02,0.0,0.0,1118
11,20.9,27,1.7,2000,1.1,3.11,0.0,0.0,1129
13,22.8,31,1.9,1923,4.7,3.49,0.0,0.0,1456
14,23.4,36,2.8,1947,7.4,3.11,0.0,0.0,1483
15,23.3,38,1.5,1963,8.1,2.13,0.0,0.0,1612
16,22.7,42,1.9,2000,9.1,1.13,0.0,0.0,1820
17,22.2,45,2.4,2000,9.6,0.83,0.0,0.0,2214
18,21.6,48,2.5,1884,10.1,0.61,0.0,0.0,3069
19,19.5,56,1.6,1600,10.4,0.29,0.0,0.0,2450
20,18.4,59,2.6,1476,10.2,0.04,0.0,0.0,2167
21,17.7,63,0.5,1324,10.5,0.0,0.0,0.0,2065
23,16.3,70,0.7,1293,10.8,0.0,0.0,0.0,1273
0,16.0,71,0.5,1299,10.7,0.0,0.0,0.0,957
1,15.9,71,1.1,1312,10.6,0.0,0.0,0.0,810
2,15.7,74,1.0,1313,11.0,0.0,0.0,0.0,590
3,15.5,0,0.7,1420,10.4,0.0,0.0,0.0,406
4,15.6,0,0.5,1502,10.5,0.0,0.0,0.0,248
5,15.7,0,0.6,1610,10.6,0.0,0.0,0.0,182
7,16.3,69,0.7,1750,10.5,0.34,0.0,0.0,443
8,18.2,63,0.8,1731,11.0,1.0,0.0,0.0,694
9,19.3,62,0.8,1894,11.8,1.14,0.0,0.0,912
10,20.7,55,1.8,1698,11.3,1.43,0.0,0.0,1119
11,21.9,55,1.4,1820,12.4,1.87,0.0,0.0,1438
12,22.9,51,1.1,1591,12.2,1.8,0.0,0.0,1798
14,22.8,53,1.4,1630,12.7,0.98,0.0,0.0,1407
15,21.1,72,2.7,663,15.8,0.31,0.1,0.0,163
16,19.5,80,1.2,553,15.9,0.53,0.4,0.0,86
18,17.9,93,1.2,258,16.7,0.13,2.0,0.0,30
19,17.6,93,0.3,331,16.4,0.06,1.5,0.0,45
20,17.2,85,1.4,467,14.6,0.0,0.5,0.0,30
21,17.0,85,1.1,597,14.4,0.0,0.5,0.0,58
22,16.8,87,0.6,447,14.6,0.0,0.5,0.0,29
0,15.8,97,2.4,181,15.3,0.0,3.5,0.0,32
1,15.3,97,3.2,178,14.8,0.0,3.0,0.0,25
2,15.0,97,2.5,236,14.5,0.0,3.0,0.0,34
3,14.9,96,2.2,636,14.2,0.0,0.5,0.0,43
4,15.0,97,1.4,1827,14.5,0.0,0.0,0.0,59
5,14.6,87,2.2,2000,12.4,0.0,0.0,0.0,152
6,13.9,83,3.2,2000,11.0,0.04,0.0,0.0,436
7,13.6,75,1.6,1987,9.2,0.47,0.0,0.0,1241
8,14.6,70,3.1,2000,9.1,1.28,0.0,0.0,2035
11,18.9,42,3.8,2000,5.6,3.13,0.0,0.0,1012
13,20.9,33,3.9,1853,4.0,3.52,0.0,0.0,1167
14,22.0,33,3.4,1966,4.9,3.41,0.0,0.0,1183
15,23.0,29,2.9,1876,3.9,3.11,0.0,0.0,1332
17,22.4,39,3.2,1943,7.7,1.9,0.0,0.0,2069
18,21.7,40,3.5,1987,7.4,1.18,0.0,0.0,3123
19,18.8,52,3.4,2000,8.7,0.49,0.0,0.0,2454
20,16.7,61,1.9,2000,9.1,0.05,0.0,0.0,2001
0,13.7,51,1.3,1651,3.7,0.0,0.0,0.0,778
1,12.9,62,0.6,1557,5.7,0.0,0.0,0.0,578
3,12.1,64,0.8,1538,5.4,0.0,0.0,0.0,265
4,11.7,64,1.6,1578,5.1,0.0,0.0,0.0,161
5,11.3,64,1.2,1634,4.7,0.0,0.0,0.0,205
6,11.4,67,1.0,1600,5.4,0.04,0.0,0.0,530
7,12.5,61,1.3,1818,5.1,0.42,0.0,0.0,1390
8,15.2,50,1.6,1530,4.8,1.1,0.0,0.0,2081
9,17.6,30,1.1,1531,0.0,1.79,0.0,0.0,1226
10,19.9,27,2.7,1775,0.3,2.44,0.0,0.0,880
12,22.1,36,5.3,1696,6.3,3.2,0.0,0.0,1087
13,23.3,35,3.7,1874,6.9,3.28,0.0,0.0,1078
14,23.2,36,4.9,1597,7.2,3.18,0.0,0.0,1059
16,23.5,36,4.0,1763,7.5,2.42,0.0,0.0,1455
17,23.4,38,2.7,1885,8.2,1.76,0.0,0.0,1863
19,21.1,44,2.6,1512,8.3,0.41,0.0,0.0,2334
21,19.3,50,1.7,1381,8.6,0.0,0.0,0.0,1838
22,18.6,54,2.3,1328,9.0,0.0,0.0,0.0,1678
0,17.6,57,1.8,943,8.9,0.0,0.0,0.0,831
1,16.9,61,1.0,844,9.3,0.0,0.0,0.0,610
2,16.1,70,0.6,787,10.6,0.0,0.0,0.0,437
3,15.4,71,0.5,780,10.1,0.0,0.0,0.0,286
4,14.8,71,0.4,700,9.5,0.0,0.0,0.0,188
6,13.8,74,0.7,644,9.2,0.05,0.0,0.0,531
7,14.4,66,1.1,704,8.1,0.42,0.0,0.0,1250
9,19.5,44,1.3,995,6.9,1.88,0.0,0.0,1121
10,21.4,30,2.5,1730,3.0,2.53,0.0,0.0,819
11,23.1,30,2.5,1896,4.5,3.01,0.0,0.0,959
12,24.4,24,2.9,1811,2.5,3.28,0.0,0.0,1082
13,25.6,26,2.7,1747,4.6,3.36,0.0,0.0,1106
15,25.1,25,2.7,1959,3.6,2.2,0.0,0.0,1306
16,24.3,27,4.1,1892,4.0,1.78,0.0,0.0,1533
17,23.6,28,3.1,1844,4.0,1.26,0.0,0.0,2013
19,22.0,40,1.6,1658,7.7,0.47,0.0,0.0,2227
20,20.4,45,2.0,1457,8.0,0.06,0.0,0.0,1905
21,19.1,50,1.4,1378,8.4,0.0,0.0,0.0,1740
22,18.3,54,1.7,1394,8.8,0.0,0.0,0.0,1630
23,17.6,55,0.5,1362,8.4,0.0,0.0,0.0,1209
0,17.0,59,1.1,1299,8.9,0.0,0.0,0.0,987
1,16.2,63,0.7,1328,9.1,0.0,0.0,0.0,837
2,15.8,66,0.6,1204,9.4,0.0,0.0,0.0,572
4,14.8,73,0.5,994,9.9,0.0,0.0,0.0,232
5,14.4,73,0.4,978,9.6,0.0,0.0,0.0,198
6,14.2,72,0.6,947,9.2,0.04,0.0,0.0,299
7,15.0,64,0.6,902,8.2,0.46,0.0,0.0,503
8,17.8,52,0.6,1094,7.8,1.18,0.0,0.0,763
10,23.2,41,1.1,1440,9.2,2.45,0.0,0.0,1010
11,24.8,34,0.9,1439,7.8,2.92,0.0,0.0,1164
12,26.2,31,1.2,1161,7.7,3.18,0.0,0.0,1285
13,27.8,31,2.0,1326,9.1,3.29,0.0,0.0,1441
14,28.3,30,2.3,1025,9.0,3.14,0.0,0.0,1448
15,29.4,30,2.0,882,10.0,2.82,0.0,0.0,1575
16,29.0,31,2.9,889,10.1,2.26,0.0,0.0,1690
17,27.9,34,3.8,1259,10.5,1.73,0.0,0.0,1886
18,27.0,33,2.2,822,9.3,1.07,0.0,0.0,2020
19,24.9,46,3.1,1341,12.4,0.43,0.0,0.0,1985
20,22.3,50,2.7,1512,11.3,0.05,0.0,0.0,1909
21,21.7,58,1.3,1173,13.0,0.0,0.0,0.0,1851
22,21.2,60,1.0,1192,13.1,0.0,0.0,0.0,1683
23,20.7,63,0.8,1130,13.3,0.0,0.0,0.0,1330
0,20.1,65,1.6,1097,13.3,0.0,0.0,0.0,1089
1,19.8,61,1.4,943,12.0,0.0,0.0,0.0,799
2,19.0,62,1.8,974,11.5,0.0,0.0,0.0,555
3,18.5,62,0.8,1073,11.0,0.0,0.0,0.0,423
4,17.9,59,1.3,1261,9.7,0.0,0.0,0.0,208
5,17.6,0,0.8,1304,9.7,0.0,0.0,0.0,174
6,17.3,62,1.4,1293,9.9,0.03,0.0,0.0,234
7,17.6,0,1.4,1219,8.7,0.34,0.0,0.0,341
11,22.3,33,1.8,1853,0.0,1.54,0.0,0.0,1004
13,24.3,37,2.3,1583,8.6,2.22,0.0,0.0,1579
14,24.2,36,4.0,1907,8.1,2.16,0.0,0.0,1730
15,23.9,37,2.6,1889,8.3,1.82,0.0,0.0,2019
16,24.0,36,1.6,1811,7.9,1.34,0.0,0.0,2242
18,23.0,36,2.8,1904,7.1,0.85,0.0,0.0,2267
20,20.6,41,2.3,1788,6.8,0.09,0.0,0.0,2044
21,19.5,46,1.8,1734,7.5,0.0,0.0,0.0,1729
22,18.6,50,1.0,1830,7.9,0.0,0.0,0.0,1374
0,17.3,55,0.7,1741,8.1,0.0,0.0,0.0,770
1,16.7,60,0.8,1806,8.8,0.0,0.0,0.0,440
3,17.1,56,0.4,1583,8.2,0.0,0.0,0.0,185
4,17.2,0,0.4,1619,8.8,0.0,0.0,0.0,134
6,16.2,0,0.5,1588,9.3,0.05,0.0,0.0,641
7,16.8,0,0.8,1387,8.9,0.36,0.0,0.0,1502
8,19.5,50,0.7,1329,8.7,1.19,0.0,0.0,2194
9,21.7,48,1.1,1806,10.2,1.92,0.0,0.0,1131
10,23.3,49,1.1,1881,11.9,2.46,0.0,0.0,828
11,25.1,45,0.9,1982,12.3,2.9,0.0,0.0,986
12,26.3,44,1.8,2000,13.0,3.24,0.0,0.0,1139
13,27.7,39,1.9,1882,12.4,3.33,0.0,0.0,1124
14,28.7,36,2.6,1853,12.1,3.21,0.0,0.0,1128
15,28.4,43,3.1,900,14.6,2.28,0.0,0.0,1258
16,28.1,43,3.4,845,14.3,2.32,0.0,0.0,1497
18,26.0,39,2.7,1950,10.9,1.07,0.0,0.0,3245
19,24.4,44,2.8,1979,11.3,0.45,0.0,0.0,2656
20,23.0,49,2.4,1905,11.7,0.07,0.0,0.0,2252
21,21.8,50,2.1,1950,10.9,0.0,0.0,0.0,2140
22,21.1,54,0.6,2000,11.4,0.0,0.0,0.0,1881
23,20.9,53,1.6,1712,10.9,0.0,0.0,0.0,1247
1,20.3,55,1.1,1756,0.0,0.0,0.0,0.0,721
2,20.2,56,2.3,1498,0.0,0.0,0.0,0.0,466
3,20.0,58,1.8,1279,11.4,0.0,0.0,0.0,285
4,19.8,60,1.9,1364,11.8,0.0,0.0,0.0,204
5,19.6,64,0.3,1483,12.5,0.0,0.0,0.0,252
6,19.5,64,0.4,1268,12.5,0.02,0.0,0.0,625
8,20.5,66,1.7,1062,13.9,0.34,0.0,0.0,2234
9,21.0,67,1.1,1012,14.6,0.54,0.0,0.0,1192
11,23.1,63,2.6,949,15.6,1.68,0.0,0.0,949
13,24.2,58,1.5,1030,15.4,1.66,0.0,0.0,1103
14,25.5,53,2.0,981,15.2,2.5,0.0,0.0,1174
16,23.6,66,4.2,1208,16.8,0.89,0.0,0.0,1592
17,23.9,65,1.9,1425,16.9,1.02,0.0,0.0,2022
19,22.3,71,2.5,1268,16.7,0.14,0.0,0.0,477
20,20.1,88,2.2,572,18.0,0.0,1.0,0.0,422
21,19.9,93,1.4,416,18.7,0.0,0.0,0.0,1041
22,19.9,85,1.7,559,17.2,0.0,0.0,0.0,1121
0,19.1,84,1.6,540,16.3,0.0,0.0,0.0,507
2,18.7,83,0.6,469,15.7,0.0,0.0,0.0,422
3,18.4,86,0.6,360,16.0,0.0,0.0,0.0,238
5,18.4,84,0.6,352,15.6,0.0,0.0,0.0,239
6,18.6,84,0.7,316,15.8,0.01,0.0,0.0,505
8,19.3,83,0.6,394,16.3,0.23,0.0,0.0,1937
9,19.8,79,1.3,405,16.0,0.45,0.0,0.0,1200
10,21.4,71,1.7,476,15.9,1.43,0.0,0.0,916
12,23.2,64,3.0,1305,16.0,2.08,0.0,0.0,1187
13,24.0,56,2.6,1282,14.6,2.94,0.0,0.0,1134
14,24.3,58,2.9,1211,15.5,2.92,0.0,0.0,1119
15,24.3,52,3.0,1447,13.8,2.55,0.0,0.0,1280
16,24.7,47,3.0,1594,12.6,2.44,0.0,0.0,1571
17,24.1,41,2.2,1980,10.0,1.9,0.0,0.0,2166
19,21.2,52,3.6,1856,10.9,0.55,0.0,0.0,2650
20,19.1,64,2.6,1530,12.1,0.06,0.0,0.0,2224
21,18.2,69,2.0,1286,12.4,0.0,0.0,0.0,2074
22,17.3,76,1.7,801,13.0,0.0,0.0,0.0,1732
23,16.4,80,1.5,642,12.9,0.0,0.0,0.0,1158
0,15.8,82,1.6,546,12.7,0.0,0.0,0.0,844
1,15.5,82,1.5,513,12.4,0.0,0.0,0.0,610
2,15.2,84,0.7,485,12.5,0.0,0.0,0.0,470
3,15.0,84,1.3,473,12.3,0.0,0.0,0.0,328
4,14.8,85,0.7,478,12.2,0.0,0.0,0.0,188
5,14.4,82,1.2,708,11.3,0.0,0.0,0.0,265
6,14.3,82,0.7,653,11.2,0.05,0.0,0.0,646
7,14.9,71,0.9,651,9.6,0.47,0.0,0.0,1401
8,16.9,65,1.6,896,10.2,1.21,0.0,0.0,2281
9,18.8,59,1.6,1233,10.6,1.9,0.0,0.0,1277
12,23.7,44,1.3,1624,10.7,3.2,0.0,0.0,1134
13,25.0,47,2.5,1120,12.8,3.34,0.0,0.0,1151
14,25.9,43,2.7,1493,12.3,2.97,0.0,0.0,1164
15,26.9,37,2.7,1850,10.9,2.9,0.0,0.0,1280
16,27.3,38,2.9,1784,11.7,2.41,0.0,0.0,1550
17,27.2,42,2.9,1828,13.1,1.79,0.0,0.0,2047
21,21.9,60,2.5,1551,13.7,0.0,0.0,0.0,2070
22,21.1,59,2.1,1874,12.7,0.0,0.0,0.0,1900
23,20.5,62,2.2,1903,12.9,0.0,0.0,0.0,1343
0,20.1,63,1.1,1698,12.8,0.0,0.0,0.0,963
2,19.0,72,1.4,1258,13.8,0.0,0.0,0.0,554
4,18.1,76,1.8,561,13.7,0.0,0.0,0.0,265
7,18.1,64,0.6,923,11.1,0.47,0.0,0.0,1421
8,20.6,55,0.7,1200,11.2,1.21,0.0,0.0,2149
9,23.1,52,1.7,1012,12.6,1.88,0.0,0.0,1219
13,29.4,33,2.2,1535,11.4,3.3,0.0,0.0,1093
14,29.6,31,3.7,1988,10.6,3.25,0.0,0.0,1071
15,29.9,36,3.3,1866,13.2,2.94,0.0,0.0,1235
16,29.9,34,3.2,1912,12.3,2.46,0.0,0.0,1488
17,29.2,35,4.3,1967,12.1,1.87,0.0,0.0,2123
18,28.5,36,3.0,1981,11.9,1.21,0.0,0.0,3088
19,26.8,35,1.9,2000,10.0,0.54,0.0,0.0,2505
20,25.0,39,2.8,2000,10.0,0.06,0.0,0.0,2163
21,23.5,44,1.6,2000,10.5,0.0,0.0,0.0,2066
22,22.7,44,1.5,2000,9.8,0.0,0.0,0.0,1991
23,21.8,49,1.6,1965,10.6,0.0,0.0,0.0,1440
1,20.2,57,0.4,1428,11.4,0.0,0.0,0.0,989
2,19.6,60,1.9,1200,11.6,0.0,0.0,0.0,677
4,18.3,66,1.3,929,11.8,0.0,0.0,0.0,312
5,17.8,69,1.1,951,12.0,0.0,0.0,0.0,264
6,17.7,68,1.3,842,11.7,0.05,0.0,0.0,342
7,18.1,59,0.6,789,9.9,0.47,0.0,0.0,560
8,20.4,54,1.0,828,10.7,1.23,0.0,0.0,898
11,27.3,35,2.3,1537,10.4,2.98,0.0,0.0,1094
13,29.6,24,2.4,1873,6.8,3.42,0.0,0.0,1334
14,29.8,23,3.6,1945,6.4,3.32,0.0,0.0,1396
16,29.6,26,3.7,2000,8.0,2.58,0.0,0.0,1707
19,25.4,33,2.7,2000,7.9,0.54,0.0,0.0,2337
20,23.4,38,2.3,2000,8.2,0.06,0.0,0.0,2338
21,22.1,44,2.5,2000,9.2,0.0,0.0,0.0,2238
22,21.4,48,1.6,2000,9.9,0.0,0.0,0.0,1969
23,20.6,52,0.5,2000,10.3,0.0,0.0,0.0,1490
0,19.7,55,2.0,1986,10.3,0.0,0.0,0.0,1248
1,19.2,57,0.8,1985,10.4,0.0,0.0,0.0,902
2,18.6,60,1.8,1841,10.6,0.0,0.0,0.0,673
3,18.0,64,1.3,1560,11.0,0.0,0.0,0.0,437
4,17.4,65,0.8,1093,10.7,0.0,0.0,0.0,294
5,17.1,66,0.3,1370,10.6,0.0,0.0,0.0,193
6,16.9,62,0.4,1768,9.5,0.06,0.0,0.0,228
7,18.0,54,0.7,1997,8.5,0.51,0.0,0.0,423
8,20.3,47,1.5,1785,8.6,1.05,0.0,0.0,659
9,22.7,39,0.7,1880,8.0,1.91,0.0,0.0,831
10,24.8,34,1.3,1869,7.8,2.09,0.0,0.0,938
11,26.7,30,1.1,1782,7.6,2.83,0.0,0.0,977
13,29.4,24,2.7,1905,6.7,3.18,0.0,0.0,1393
14,29.8,26,2.2,1818,8.2,3.2,0.0,0.0,1399
15,30.7,21,2.5,1876,5.8,2.95,0.0,0.0,1556
16,30.4,28,3.6,1790,9.8,2.48,0.0,0.0,1834
17,29.5,29,4.1,1944,9.5,1.84,0.0,0.0,2131
18,29.3,25,2.4,1973,7.2,1.23,0.0,0.0,2349
19,27.4,29,2.4,2000,7.7,0.5,0.0,0.0,2514
20,25.3,32,2.2,1997,7.4,0.06,0.0,0.0,2460
22,23.0,38,1.2,1996,7.9,0.0,0.0,0.0,1741
23,22.0,44,0.8,1978,9.1,0.0,0.0,0.0,1274
0,21.4,45,1.4,1964,8.9,0.0,0.0,0.0,938
1,20.7,47,0.9,1987,8.9,0.0,0.0,0.0,596
2,20.1,49,0.8,1978,9.0,0.0,0.0,0.0,351
3,19.6,51,1.0,1923,9.1,0.0,0.0,0.0,244
4,19.4,56,1.2,1752,10.3,0.0,0.0,0.0,172
5,19.2,56,0.9,1772,10.2,0.0,0.0,0.0,299
6,18.9,53,0.3,1871,9.1,0.04,0.0,0.0,742
7,19.5,52,0.8,1818,9.3,0.46,0.0,0.0,1505
8,22.1,44,1.4,1435,9.2,1.16,0.0,0.0,2287
9,23.3,37,0.4,1336,7.7,1.28,0.0,0.0,1243
10,25.1,40,2.7,1076,10.5,2.37,0.0,0.0,970
11,26.1,37,2.4,1079,10.2,2.79,0.0,0.0,1008
12,26.3,36,3.1,1377,10.0,2.61,0.0,0.0,1152
13,27.4,30,2.0,1768,8.2,3.03,0.0,0.0,1085
14,26.5,43,3.9,1671,12.8,2.36,0.0,0.0,1148
15,25.5,43,2.9,1996,11.9,1.71,0.0,0.0,1249
16,25.5,43,3.2,1892,11.9,1.72,0.0,0.0,1671
17,24.9,46,2.0,1855,12.4,0.91,0.0,0.0,2190
18,24.4,48,1.9,1998,12.6,0.56,0.0,0.0,3380
19,23.9,51,2.3,2000,13.1,0.12,0.0,0.0,2788
20,23.4,43,1.1,2000,10.0,0.01,0.0,0.0,2508
21,22.6,62,1.1,1363,14.9,0.0,0.0,0.0,2377
22,22.0,64,1.8,1211,14.8,0.0,0.0,0.0,2000
23,21.4,68,2.7,972,15.2,0.0,0.0,0.0,1354
0,20.5,71,2.8,1204,15.0,0.0,0.0,0.0,927
1,20.0,67,0.7,1426,13.6,0.0,0.0,0.0,742
3,19.1,72,0.6,1370,13.9,0.0,0.0,0.0,314
4,18.5,72,0.6,1168,13.3,0.0,0.0,0.0,214
5,18.1,73,0.5,1182,13.1,0.0,0.0,0.0,282
6,17.8,73,0.4,1188,12.8,0.04,0.0,0.0,733
7,18.8,64,0.7,1099,11.8,0.48,0.0,0.0,1602
8,21.5,58,1.1,1021,12.8,1.21,0.0,0.0,2322
10,25.5,43,1.0,1568,11.9,2.49,0.0,0.0,959
11,26.8,37,1.6,1639,10.8,2.91,0.0,0.0,974
12,28.2,35,1.2,1411,11.2,3.23,0.0,0.0,1111
13,28.6,34,2.0,1274,11.1,2.82,0.0,0.0,1058
14,28.9,34,2.7,1328,11.4,2.06,0.0,0.0,1120
15,29.0,38,3.4,749,13.2,2.12,0.0,0.0,1250
17,28.1,37,3.6,1346,12.0,1.56,0.0,0.0,2115
18,27.1,40,2.8,1811,12.3,1.0,0.0,0.0,3227
20,24.0,46,2.8,1896,11.6,0.06,0.0,0.0,2346
21,23.3,51,1.7,1654,12.5,0.0,0.0,0.0,2404
22,22.4,54,2.5,1778,12.6,0.0,0.0,0.0,2237
23,21.9,56,0.7,1898,12.7,0.0,0.0,0.0,1646
0,21.2,60,0.9,1789,13.1,0.0,0.0,0.0,1268
1,20.6,63,0.6,1670,13.3,0.0,0.0,0.0,1031
2,20.1,65,1.0,1435,13.3,0.0,0.0,0.0,792
4,19.2,68,0.8,1181,13.1,0.0,0.0,0.0,332
5,18.7,73,1.4,1065,13.7,0.0,0.0,0.0,218
6,18.5,73,1.1,1028,13.5,0.06,0.0,0.0,351
7,19.3,63,0.7,916,12.0,0.46,0.0,0.0,536
8,21.2,59,1.2,794,12.8,1.13,0.0,0.0,799
9,22.9,56,2.3,763,13.6,1.74,0.0,0.0,925
10,24.3,53,2.9,949,14.1,2.37,0.0,0.0,1087
11,25.8,52,2.1,905,15.1,2.84,0.0,0.0,1152
12,27.3,51,2.8,703,16.2,3.16,0.0,0.0,1400
13,27.3,52,3.1,613,16.5,3.21,0.0,0.0,1444
15,27.6,49,3.7,656,15.9,2.79,0.0,0.0,1674
16,27.9,47,2.8,824,15.5,2.36,0.0,0.0,1940
17,27.4,48,2.7,1084,15.4,1.8,0.0,0.0,2104
18,26.6,52,2.5,1368,15.9,1.09,0.0,0.0,2162
19,24.9,56,3.1,1469,15.5,0.51,0.0,0.0,2163
20,23.4,64,1.8,1144,16.1,0.07,0.0,0.0,2145
21,22.1,72,2.5,923,16.8,0.0,0.0,0.0,1935
22,20.8,78,1.8,763,16.8,0.0,0.0,0.0,1624
23,20.1,77,3.1,797,15.9,0.0,0.0,0.0,1251
0,19.6,82,1.7,628,16.4,0.0,0.0,0.0,978
1,19.1,86,1.8,522,16.6,0.0,0.0,0.0,606
3,18.4,88,1.6,465,16.3,0.0,0.0,0.0,275
5,17.8,91,2.2,393,16.3,0.0,0.0,0.0,288
6,18.1,88,1.1,272,16.0,0.03,0.0,0.0,716
8,18.9,82,2.3,326,15.7,0.44,0.0,0.0,2317
9,20.5,73,1.6,364,15.4,1.23,0.0,0.0,1342
10,22.0,69,2.0,488,16.0,2.04,0.0,0.0,914
11,23.4,62,1.8,603,15.6,2.87,0.0,0.0,967
13,26.7,47,2.4,806,14.4,3.26,0.0,0.0,1071
14,28.2,44,1.7,644,14.7,3.11,0.0,0.0,1116
17,28.2,51,3.3,879,17.0,1.73,0.0,0.0,2002
18,25.6,57,2.7,1217,16.4,0.96,0.0,0.0,3221
19,24.0,60,2.8,1379,15.7,0.38,0.0,0.0,2649
20,22.8,67,1.6,1219,16.3,0.06,0.0,0.0,2278
21,21.5,69,2.6,942,15.5,0.0,0.0,0.0,2161
22,20.9,71,1.0,763,15.4,0.0,0.0,0.0,1939
23,20.3,77,1.3,770,16.1,0.0,0.0,0.0,1290
0,19.1,82,2.2,874,15.9,0.0,0.0,0.0,926
1,18.8,84,1.7,658,16.0,0.0,0.0,0.0,769
4,18.5,82,2.0,1072,15.3,0.0,0.0,0.0,255
5,18.6,81,0.8,1205,15.2,0.0,0.0,0.0,299
6,18.8,78,2.0,1259,14.8,0.01,0.0,0.0,744
7,19.1,73,2.0,1300,14.1,0.3,0.0,0.0,1544
8,19.7,69,2.0,1448,13.8,0.54,0.0,0.0,2348
9,21.2,62,1.7,1384,13.6,1.45,0.0,0.0,1283
11,21.9,64,2.4,1359,14.7,1.03,0.0,0.0,1095
12,23.1,56,1.6,1222,13.8,1.71,0.0,0.0,1256
13,24.2,58,1.9,1015,15.4,1.87,0.0,0.0,1314
14,25.0,54,2.2,1146,15.0,1.86,0.0,0.0,1249
15,26.2,51,3.3,1104,15.2,2.87,0.0,0.0,1416
16,26.6,49,3.2,1200,15.0,2.35,0.0,0.0,1668
18,26.2,54,2.2,1183,16.1,0.88,0.0,0.0,3309
21,21.2,77,1.7,638,16.9,0.0,0.0,0.0,2337
22,20.5,78,0.9,550,16.5,0.0,0.0,0.0,2140
23,20.0,79,1.4,510,16.2,0.0,0.0,0.0,1672
1,19.7,81,0.6,419,16.3,0.0,0.0,0.0,1029
2,19.4,84,0.7,382,16.6,0.0,0.0,0.0,732
3,19.1,84,0.6,421,16.3,0.0,0.0,0.0,535
4,19.0,83,0.4,473,16.0,0.0,0.0,0.0,352
5,19.0,85,0.4,467,16.4,0.0,0.0,0.0,262
6,19.0,84,0.5,440,16.2,0.05,0.0,0.0,381
7,20.2,73,1.1,708,15.1,0.41,0.0,0.0,616
8,21.9,62,0.9,1071,14.2,1.03,0.0,0.0,963
9,24.0,55,1.8,1411,14.3,1.81,0.0,0.0,1102
10,25.8,49,1.3,1442,14.2,2.42,0.0,0.0,1156
11,27.2,46,1.7,1301,14.5,2.88,0.0,0.0,1200
12,28.2,42,1.4,1563,14.0,2.84,0.0,0.0,1462
14,30.1,35,1.4,1583,12.9,2.53,0.0,0.0,1744
15,29.6,40,2.5,1546,14.5,1.96,0.0,0.0,1890
16,28.7,40,2.5,1474,13.7,1.0,0.0,0.0,2297
18,27.3,42,1.2,2000,13.2,0.19,0.0,0.0,1934
19,25.7,47,1.8,2000,13.5,0.04,0.0,0.0,1058
20,23.7,62,1.6,1402,15.9,0.0,0.4,0.0,246
21,22.4,72,1.5,1816,17.0,0.0,0.1,0.0,225
23,20.7,66,1.6,2000,14.1,0.0,0.0,0.0,766
1,19.7,71,1.2,1986,14.2,0.0,0.5,0.0,375
3,18.6,78,0.8,1997,14.6,0.0,0.0,0.0,150
5,18.4,70,1.4,2000,12.8,0.0,0.0,0.0,138
6,18.3,71,0.9,2000,12.9,0.0,0.0,0.0,216
7,18.4,68,0.6,2000,12.3,0.04,0.0,0.0,313
8,19.0,65,2.0,2000,12.2,0.28,0.0,0.0,619
9,19.2,65,1.4,2000,12.4,0.34,0.0,0.0,786
10,20.2,62,1.8,2000,12.6,0.82,0.0,0.0,942
11,21.3,56,1.5,1989,12.1,1.18,0.0,0.0,1074
12,23.2,50,2.2,1988,12.1,2.45,0.0,0.0,1442
13,24.2,48,1.2,1968,12.4,2.19,0.0,0.0,1752
14,24.1,51,1.1,2000,13.3,1.58,0.0,0.0,1985
15,24.8,49,1.2,2000,13.3,1.34,0.0,0.0,2182
16,24.8,51,1.6,2000,13.9,1.17,0.0,0.0,2333
17,24.6,52,1.3,2000,14.0,0.82,0.0,0.0,2431
18,24.1,53,1.3,2000,13.9,0.48,0.0,0.0,2367
19,23.4,55,1.0,2000,13.8,0.12,0.0,0.0,2267
20,22.8,55,1.3,2000,13.2,0.01,0.0,0.0,2300
21,22.1,55,1.5,2000,12.6,0.0,0.0,0.0,2026
22,21.5,55,1.8,2000,12.0,0.0,0.0,0.0,1634
23,20.9,56,1.5,2000,11.7,0.0,0.0,0.0,1191
0,20.3,58,1.4,2000,11.7,0.0,0.0,0.0,918
1,19.8,59,1.3,2000,11.5,0.0,0.0,0.0,555
2,19.2,60,1.5,2000,11.2,0.0,0.0,0.0,353
3,18.8,61,1.3,2000,11.1,0.0,0.0,0.0,232
4,18.8,60,1.0,2000,10.8,0.0,0.0,0.0,194
5,18.8,61,1.2,2000,11.1,0.0,0.0,0.0,324
6,18.6,61,0.8,2000,10.9,0.03,0.0,0.0,807
7,19.1,59,1.1,2000,10.8,0.38,0.0,0.0,1629
8,20.7,55,1.5,2000,11.3,1.23,0.0,0.0,2375
10,23.7,47,1.3,2000,11.7,2.67,0.0,0.0,992
14,23.9,47,1.0,2000,11.8,0.97,0.0,0.0,1075
15,22.2,60,1.3,1907,14.0,0.34,0.0,0.0,1240
16,22.0,60,1.8,2000,13.8,0.14,0.0,0.0,1220
17,20.7,72,3.4,2000,15.4,0.11,0.0,0.0,1475
18,19.8,80,3.9,2000,16.2,0.12,0.0,0.0,1491
19,19.4,85,1.2,1651,16.8,0.08,0.5,0.0,873
20,19.1,84,1.7,2000,16.3,0.04,0.0,0.0,1280
21,19.0,82,1.0,2000,15.8,0.0,0.0,0.0,1647
22,19.0,76,0.1,2000,14.6,0.0,0.0,0.0,1117
23,18.2,93,0.8,460,17.0,0.0,3.5,0.0,384
3,17.5,87,0.5,1995,15.3,0.0,0.0,0.0,206
4,17.5,84,0.8,2000,14.7,0.0,0.0,0.0,144
5,17.2,87,0.6,2000,15.0,0.0,0.0,0.0,296
6,16.7,85,1.0,2000,14.1,0.03,0.0,0.0,740
7,17.1,77,1.5,1748,13.0,0.49,0.0,0.0,1573
9,21.1,60,0.9,1998,13.0,2.18,0.0,0.0,1317
10,22.1,53,1.1,1999,12.0,2.28,0.0,0.0,971
12,24.0,51,1.8,2000,13.2,2.29,0.0,0.0,1202
14,25.6,45,2.2,1961,12.7,1.39,0.0,0.0,1246
16,26.2,47,3.8,1996,13.9,2.45,0.0,0.0,1714
17,26.4,47,3.0,1976,14.1,1.76,0.0,0.0,2270
19,23.1,58,2.4,1997,14.3,0.59,0.0,0.0,2873
20,21.6,62,3.3,2000,13.9,0.09,0.0,0.0,2579
21,20.6,70,1.8,1986,14.9,0.0,0.0,0.0,2505
22,20.0,70,1.0,2000,14.3,0.0,0.0,0.0,2309
23,19.5,72,0.6,1989,14.3,0.0,0.0,0.0,1657
0,19.3,76,1.2,1968,14.9,0.0,0.0,0.0,1274
1,18.9,77,0.7,1987,14.7,0.0,0.0,0.0,1088
2,18.4,75,0.6,1986,13.8,0.0,0.0,0.0,847
3,18.5,73,1.0,1951,13.5,0.0,0.0,0.0,591
4,18.7,74,0.9,1933,13.9,0.0,0.0,0.0,421
5,18.6,76,0.4,1957,14.2,0.0,0.0,0.0,290
6,18.7,75,0.9,1923,14.1,0.06,0.0,0.0,416
7,19.4,69,0.3,1277,13.5,0.42,0.0,0.0,657
8,20.7,65,1.5,1004,13.8,0.97,0.0,0.0,959
9,22.6,59,1.6,1030,14.1,1.8,0.0,0.0,1111
10,23.0,57,2.2,1145,14.0,1.1,0.0,0.0,1269
11,24.5,51,1.5,1333,13.6,1.97,0.0,0.0,1478
12,24.5,56,2.3,1094,15.1,1.74,0.0,0.0,1747
13,24.9,52,1.8,1554,14.3,1.7,0.0,0.0,1834
15,25.5,50,2.2,1025,14.3,0.47,0.0,0.0,2288
17,25.6,57,3.3,919,16.4,0.87,0.0,0.0,2664
18,23.4,63,3.6,1245,15.9,0.5,0.0,0.0,2479
19,22.8,64,2.3,1444,15.6,0.45,0.0,0.0,2404
20,22.1,65,1.3,1611,15.2,0.09,0.0,0.0,2276
21,21.8,67,0.0,1485,15.3,0.0,0.0,0.0,2166
0,21.1,69,0.5,1086,15.1,0.0,0.0,0.0,1047
1,20.8,72,1.0,912,15.5,0.0,0.0,0.0,715
2,20.8,73,0.8,829,15.7,0.0,0.0,0.0,453
3,20.8,73,0.7,756,15.7,0.0,0.0,0.0,289
4,21.0,72,0.8,677,15.7,0.0,0.0,0.0,193
6,19.5,95,1.4,179,18.6,0.0,1.5,0.0,100
7,19.4,97,0.9,272,18.9,0.0,13.5,0.0,94
8,18.9,97,1.2,492,18.4,0.06,11.5,0.0,187
9,19.1,96,0.6,273,18.4,0.17,1.5,0.0,175
10,19.7,94,1.1,497,18.7,0.61,1.0,0.0,532
13,22.8,67,1.2,930,16.3,1.55,0.0,0.0,1056
14,23.8,62,1.2,1282,16.0,1.91,0.0,0.0,1153
15,24.6,57,1.8,1664,15.5,1.54,0.0,0.0,1292
16,25.0,56,0.7,1723,15.6,1.27,0.0,0.0,1550
17,24.6,57,1.0,1866,15.5,0.45,0.0,0.0,1934
18,24.0,61,1.5,1935,16.0,0.26,0.0,0.0,2962
19,23.6,63,0.6,1956,16.1,0.19,0.0,0.0,1856
20,22.6,74,1.2,1594,17.7,0.01,0.0,0.0,1557
21,22.2,72,1.0,1786,16.9,0.0,0.0,0.0,1807
22,21.8,72,1.0,1952,16.5,0.0,0.0,0.0,1737
23,21.6,68,0.8,2000,15.4,0.0,0.0,0.0,1295
0,21.0,70,0.9,2000,15.3,0.0,0.0,0.0,986
1,20.6,65,1.2,2000,13.7,0.0,0.0,0.0,717
4,18.0,93,1.6,627,16.8,0.0,10.5,0.0,72
5,17.4,86,1.1,1820,15.0,0.0,0.5,0.0,161
6,17.2,83,1.3,2000,14.2,0.07,0.0,0.0,609
7,18.2,75,1.4,2000,13.6,0.56,0.0,0.0,1467
8,18.7,71,1.1,1992,13.3,0.61,0.0,0.0,2328
11,22.9,57,1.4,1918,13.9,2.24,0.0,0.0,1118
12,24.4,50,1.6,2000,13.2,3.07,0.0,0.0,1193
13,25.3,48,1.8,1935,13.4,3.42,0.0,0.0,1035
16,26.5,45,1.6,2000,13.5,1.91,0.0,0.0,1726
17,26.1,45,1.4,2000,13.2,1.26,0.0,0.0,2460
18,25.9,44,1.5,2000,12.7,1.36,0.0,0.0,2891
19,24.3,48,1.5,2000,12.5,0.59,0.0,0.0,2984
20,22.6,51,1.3,2000,11.9,0.06,0.0,0.0,2441
22,20.4,54,1.4,2000,10.7,0.0,0.0,0.0,2155
23,19.6,55,1.4,2000,10.3,0.0,0.0,0.0,1593
0,19.0,57,1.6,2000,10.2,0.0,0.0,0.0,1217
1,18.4,59,1.3,2000,10.2,0.0,0.0,0.0,1056
2,17.9,60,0.8,2000,10.0,0.0,0.0,0.0,764
3,17.4,61,1.2,2000,9.7,0.0,0.0,0.0,518
4,16.9,63,1.0,2000,9.8,0.0,0.0,0.0,317
5,16.6,65,1.2,2000,9.9,0.0,0.0,0.0,277
6,16.3,66,0.7,2000,9.9,0.05,0.0,0.0,381
7,17.0,60,1.1,1993,9.1,0.47,0.0,0.0,583
8,18.7,57,1.0,1956,9.9,1.05,0.0,0.0,892
9,20.4,54,1.5,2000,10.7,1.88,0.0,0.0,1144
10,21.8,46,0.9,1927,9.6,2.46,0.0,0.0,1166
12,24.8,43,1.2,1943,11.3,3.27,0.0,0.0,1525
13,26.2,37,1.2,1936,10.3,3.36,0.0,0.0,1704
14,27.1,40,1.8,1779,12.3,3.26,0.0,0.0,1783
15,27.8,41,1.6,1851,13.3,2.89,0.0,0.0,1861
16,28.3,41,2.6,1852,13.7,2.58,0.0,0.0,1991
17,28.4,43,2.0,1806,14.6,1.93,0.0,0.0,2383
18,28.0,46,2.3,1833,15.2,1.23,0.0,0.0,2451
21,23.7,64,1.7,1707,16.4,0.0,0.0,0.0,2435
0,21.5,76,1.4,1015,17.0,0.0,0.0,0.0,1394
1,20.9,79,2.0,932,17.1,0.0,0.0,0.0,929
2,20.5,76,1.1,994,16.1,0.0,0.0,0.0,755
3,19.9,80,1.6,741,16.3,0.0,0.0,0.0,491
5,19.0,85,0.8,567,16.4,0.0,0.0,0.0,238
6,18.9,83,0.3,576,15.9,0.05,0.0,0.0,324
9,22.5,66,1.2,605,15.8,0.97,0.0,0.0,944
10,23.0,66,1.1,516,16.2,0.83,0.0,0.0,953
11,23.6,63,0.7,523,16.1,0.93,0.0,0.0,1146
12,24.8,56,0.9,530,15.4,1.57,0.0,0.0,1422
13,25.7,52,1.1,639,15.0,1.81,0.0,0.0,1563
14,26.8,44,1.6,760,13.5,2.01,0.0,0.0,1709
15,27.3,51,2.6,598,16.2,2.4,0.0,0.0,1979
16,26.6,51,2.2,809,15.6,1.27,0.0,0.0,2235
17,25.6,58,3.3,865,16.7,0.66,0.0,0.0,2330
18,25.0,59,3.4,1324,16.4,0.54,0.0,0.0,2474
19,24.2,62,1.9,1225,16.4,0.39,0.0,0.0,2481
20,23.1,67,2.1,1060,16.6,0.03,0.0,0.0,2429
21,22.7,66,0.9,1069,16.0,0.0,0.0,0.0,2055
22,22.2,70,0.5,1056,16.4,0.0,0.0,0.0,1819
23,21.7,74,1.4,920,16.8,0.0,0.0,0.0,1323
0,21.3,74,1.4,963,16.4,0.0,0.0,0.0,917
1,21.0,74,0.5,990,16.1,0.0,0.0,0.0,547
3,20.5,77,0.5,865,16.3,0.0,0.0,0.0,202
4,20.2,78,0.7,884,16.2,0.0,0.0,0.0,164
5,20.0,80,0.3,824,16.4,0.0,0.0,0.0,383
6,20.0,78,0.4,752,16.0,0.05,0.0,0.0,779
7,20.6,76,0.5,786,16.2,0.3,0.0,0.0,1590
8,22.7,65,0.7,759,15.7,1.05,0.0,0.0,2357
9,24.7,59,1.1,616,16.1,1.8,0.0,0.0,1263
11,27.3,45,2.4,846,14.3,2.84,0.0,0.0,915
12,28.4,45,2.2,649,15.3,2.92,0.0,0.0,988
13,29.4,42,1.7,689,15.1,3.1,0.0,0.0,938
14,29.8,36,2.0,1382,13.1,2.63,0.0,0.0,997
15,30.5,34,2.8,1590,12.8,2.87,0.0,0.0,1177
16,30.5,34,2.9,1830,12.8,2.51,0.0,0.0,1401
17,29.5,36,3.7,1786,12.8,1.94,0.0,0.0,2040
18,29.2,35,2.7,1900,12.1,1.27,0.0,0.0,746
19,28.1,38,2.6,2000,12.4,0.63,0.0,0.0,1557
21,23.8,48,2.0,2000,12.1,0.0,0.0,0.0,1702
22,22.9,56,1.3,1927,13.6,0.0,0.0,0.0,1373
23,22.3,59,1.1,1892,13.8,0.0,0.0,0.0,1732
1,20.9,66,0.8,1528,14.3,0.0,0.0,0.0,766
2,20.2,71,1.2,1414,14.7,0.0,0.0,0.0,527
3,19.9,69,1.4,1179,14.0,0.0,0.0,0.0,369
4,19.7,73,1.6,848,14.7,0.0,0.0,0.0,268
5,19.4,77,0.8,831,15.2,0.0,0.0,0.0,317
7,19.9,72,0.6,840,14.6,0.32,0.0,0.0,1616
8,21.1,66,1.0,797,14.4,0.62,0.0,0.0,2430
9,22.4,62,0.9,761,14.7,0.93,0.0,0.0,1381
11,24.6,53,1.4,1472,14.3,1.67,0.0,0.0,1014
12,25.8,48,1.5,1487,13.9,2.31,0.0,0.0,1224
13,26.6,46,2.9,1482,14.0,2.31,0.0,0.0,1230
14,27.2,44,2.9,1377,13.8,2.59,0.0,0.0,1258
15,26.7,42,2.6,1634,12.7,1.89,0.0,0.0,1363
16,26.1,46,3.0,1728,13.5,1.55,0.0,0.0,1700
18,24.1,57,2.9,1301,15.0,0.56,0.0,0.0,3556
19,23.3,59,2.6,1214,14.8,0.28,0.0,0.0,2809
20,22.4,62,2.2,1041,14.7,0.05,0.0,0.0,2525
21,21.6,66,2.4,962,14.9,0.0,0.0,0.0,2378
22,20.8,71,2.1,800,15.3,0.0,0.0,0.0,2096
23,20.1,73,1.9,771,15.1,0.0,0.0,0.0,1456
0,19.7,71,2.0,1330,14.2,0.0,0.0,0.0,1030
1,19.6,73,1.4,958,14.6,0.0,0.0,0.0,803
2,19.6,78,0.8,662,15.6,0.0,0.0,0.0,576
3,19.4,79,0.8,563,15.6,0.0,0.0,0.0,340
5,19.1,83,2.0,457,16.1,0.0,0.0,0.0,336
6,19.4,83,1.6,448,16.4,0.03,0.0,0.0,714
7,20.0,77,1.7,595,15.8,0.29,0.0,0.0,1629
8,20.6,77,1.2,566,16.4,0.53,0.0,0.0,2440
9,21.1,73,2.0,623,16.0,0.43,0.0,0.0,1401
12,25.2,53,3.3,976,14.9,3.38,0.0,0.0,1252
13,26.2,51,3.2,1078,15.2,3.36,0.0,0.0,1184
15,27.9,45,3.6,1558,14.8,3.04,0.0,0.0,1266
16,28.2,48,3.9,1103,16.1,2.55,0.0,0.0,1600
17,28.0,50,3.2,1137,16.6,1.93,0.0,0.0,2289
18,27.0,55,3.1,1246,17.1,1.26,0.0,0.0,3384
19,25.6,61,2.7,1236,17.5,0.6,0.0,0.0,2741
20,23.3,68,3.6,895,17.0,0.11,0.0,0.0,2519
21,21.6,74,3.3,758,16.7,0.0,0.0,0.0,2246
22,20.6,78,3.0,684,16.6,0.0,0.0,0.0,1979
23,20.1,82,3.6,494,16.9,0.0,0.0,0.0,1401
0,20.0,83,2.6,547,17.0,0.0,0.0,0.0,1083
1,20.1,82,1.2,582,16.9,0.0,0.0,0.0,794
2,20.2,82,0.9,575,17.0,0.0,0.0,0.0,539
3,20.0,83,1.7,607,17.0,0.0,0.0,0.0,394
5,19.4,82,2.1,677,16.2,0.0,0.0,0.0,308
6,19.5,80,1.6,709,15.9,0.04,0.0,0.0,709
7,19.9,74,1.7,683,15.1,0.21,0.0,0.0,1543
8,21.4,65,1.9,821,14.5,1.15,0.0,0.0,2370
9,22.7,59,2.0,940,14.2,1.77,0.0,0.0,1360
10,23.9,57,2.1,977,14.8,2.54,0.0,0.0,922
11,25.5,57,1.8,943,16.3,3.01,0.0,0.0,1066
12,26.4,46,1.4,1103,13.8,3.26,0.0,0.0,1197
13,27.3,33,3.4,1921,9.6,3.42,0.0,0.0,1147
14,28.0,39,2.6,1833,12.7,3.14,0.0,0.0,1152
15,28.3,40,3.2,1619,13.4,2.96,0.0,0.0,1276
18,27.8,43,3.0,1933,14.0,1.35,0.0,0.0,3418
19,26.9,42,2.4,2000,12.8,0.62,0.0,0.0,2811
20,25.1,55,2.3,1779,15.4,0.08,0.0,0.0,2556
21,23.8,63,1.5,1455,16.3,0.0,0.0,0.0,2436
23,21.9,59,2.6,1188,13.5,0.0,0.0,0.0,1497
0,20.7,67,1.9,885,14.3,0.0,0.0,0.0,1137
1,20.2,75,1.4,525,15.6,0.0,0.0,0.0,912
2,19.8,80,1.5,370,16.2,0.0,0.0,0.0,602
3,19.3,85,1.6,345,16.7,0.0,0.0,0.0,413
4,19.1,86,1.4,322,16.6,0.0,0.0,0.0,268
5,18.6,85,1.0,384,16.0,0.0,0.0,0.0,336
6,18.2,83,0.6,448,15.2,0.06,0.0,0.0,710
7,18.8,66,1.1,814,12.3,0.46,0.0,0.0,1529
8,21.9,58,1.2,771,13.2,1.29,0.0,0.0,2283
9,24.2,47,1.2,822,12.1,1.94,0.0,0.0,1284
10,26.3,34,0.9,1792,9.1,2.57,0.0,0.0,902
11,28.1,35,1.3,1608,11.1,3.02,0.0,0.0,1020
13,30.6,26,1.2,1792,8.9,3.17,0.0,0.0,1073
14,31.6,25,2.3,1780,9.1,3.21,0.0,0.0,1087
15,31.9,23,1.8,1977,8.1,2.57,0.0,0.0,1203
16,30.8,31,3.8,1246,11.7,2.17,0.0,0.0,1466
17,30.4,28,2.9,1834,9.8,1.9,0.0,0.0,2146
18,29.3,27,3.4,1977,8.3,1.24,0.0,0.0,3365
19,27.1,32,3.5,2000,8.9,0.52,0.0,0.0,2732
20,25.4,31,2.5,2000,7.0,0.07,0.0,0.0,2493
21,24.2,32,1.5,2000,6.4,0.0,0.0,0.0,2251
22,23.3,32,1.1,2000,5.6,0.0,0.0,0.0,2103
23,22.9,34,1.1,1810,6.1,0.0,0.0,0.0,1648
0,22.7,36,1.5,2000,6.8,0.0,0.0,0.0,1322
1,22.5,39,1.1,2000,7.8,0.0,0.0,0.0,1073
3,22.0,42,0.2,1891,8.4,0.0,0.0,0.0,540
4,21.6,47,0.4,1985,9.7,0.0,0.0,0.0,375
5,21.1,48,0.3,2000,9.6,0.0,0.0,0.0,339
6,21.0,48,0.6,2000,9.5,0.01,0.0,0.0,417
7,21.3,44,0.5,1911,8.5,0.2,0.0,0.0,622
8,22.6,42,0.7,1887,9.0,0.62,0.0,0.0,934
9,24.3,37,1.1,1939,8.6,1.31,0.0,0.0,1072
10,25.8,35,1.5,1900,9.1,1.66,0.0,0.0,1064
12,28.4,31,2.7,1849,9.6,2.93,0.0,0.0,1374
13,27.9,41,3.9,1649,13.4,2.08,0.0,0.0,1483
14,28.0,46,3.6,1401,15.2,2.88,0.0,0.0,1445
15,28.4,43,3.1,1337,14.6,2.65,0.0,0.0,1589
17,28.1,49,3.2,1117,16.3,1.62,0.0,0.0,2101
18,26.3,55,3.2,1119,16.5,0.64,0.0,0.0,2256
19,25.7,59,2.8,1083,17.0,0.38,0.0,0.0,2288
21,23.8,68,2.2,694,17.5,0.0,0.0,0.0,2175
22,23.0,74,2.4,473,18.1,0.0,0.0,0.0,1932
23,22.5,77,2.7,396,18.2,0.0,0.0,0.0,1402
0,22.0,81,1.6,374,18.5,0.0,0.0,0.0,849
1,21.5,83,1.3,345,18.4,0.0,0.0,0.0,545
2,20.9,87,1.8,222,18.6,0.0,0.0,0.0,1254
3,20.6,91,0.8,194,19.0,0.0,0.0,0.0,644
5,20.3,87,1.0,251,18.0,0.0,0.0,0.0,235
6,20.2,87,2.0,255,17.9,0.01,0.0,0.0,258
7,20.5,82,0.8,338,17.3,0.16,0.0,0.0,369
8,21.3,78,0.7,351,17.3,0.51,0.0,0.0,561
9,23.1,68,1.9,482,16.8,1.64,0.0,0.0,734
11,27.1,52,2.1,557,16.3,2.82,0.0,0.0,870
12,28.9,40,2.3,809,13.9,3.15,0.0,0.0,1042
13,30.6,31,2.7,1240,11.5,3.24,0.0,0.0,1062
14,31.6,34,2.9,1050,13.8,3.12,0.0,0.0,1064
15,31.8,31,3.4,1400,12.5,2.85,0.0,0.0,1213
16,31.3,32,3.2,1427,12.6,2.38,0.0,0.0,1471
18,29.8,35,3.3,1805,12.6,1.15,0.0,0.0,2094
19,27.8,41,2.7,1990,13.3,0.45,0.0,0.0,2290
20,26.1,49,1.9,1960,14.5,0.1,0.0,0.0,2387
23,23.3,75,2.0,890,18.6,0.0,0.0,0.0,1329
1,22.5,80,1.1,619,18.8,0.0,0.0,0.0,585
2,22.3,80,0.8,709,18.6,0.0,0.0,0.0,424
3,22.0,83,0.5,684,18.9,0.0,0.0,0.0,264
4,21.8,82,0.7,702,18.5,0.0,0.0,0.0,199
5,21.5,84,0.3,569,18.6,0.0,0.0,0.0,338
6,21.3,81,0.7,604,17.8,0.05,0.0,0.0,785
7,22.1,74,0.3,830,17.2,0.37,0.0,0.0,1620
8,23.8,66,0.9,960,17.0,0.74,0.0,0.0,2331
9,25.4,61,1.0,1079,17.3,1.28,0.0,0.0,1293
10,26.4,55,0.9,901,16.6,1.16,0.0,0.0,878
11,27.8,46,1.3,912,15.1,1.77,0.0,0.0,968
12,29.8,42,2.1,1220,15.5,2.9,0.0,0.0,1039
13,31.2,36,2.0,1022,14.3,2.91,0.0,0.0,1073
15,32.7,31,1.7,1243,13.3,2.3,0.0,0.0,1184
16,32.2,39,2.8,928,16.4,1.74,0.0,0.0,1407
17,31.5,42,2.3,990,17.0,1.36,0.0,0.0,2008
19,29.8,45,1.5,956,16.5,0.32,0.0,0.0,2779
20,28.8,54,1.1,964,18.5,0.09,0.0,0.0,2456
21,27.9,55,0.5,1083,18.0,0.0,0.0,0.0,2372
23,27.2,55,0.7,920,17.3,0.0,0.0,0.0,1437
0,26.9,61,1.5,805,18.7,0.0,0.0,0.0,1052
1,26.7,50,1.8,884,15.4,0.0,0.0,0.0,783
2,26.1,51,1.7,760,15.1,0.0,0.0,0.0,524
4,24.7,49,1.0,1293,13.2,0.0,0.0,0.0,143
5,23.7,64,0.9,876,16.4,0.0,0.1,0.0,45
7,21.2,87,0.8,376,18.9,0.03,1.5,0.0,49
8,20.8,94,1.0,159,19.7,0.05,3.5,0.0,53
9,20.3,96,1.1,143,19.6,0.06,6.5,0.0,19
11,20.4,97,1.4,129,19.9,0.09,16.0,0.0,11
12,20.5,97,1.8,257,20.0,0.15,5.0,0.0,10
13,20.5,97,1.2,338,20.0,0.11,14.5,0.0,24
14,21.0,97,0.7,381,20.4,0.26,2.5,0.0,26
15,21.5,97,0.6,311,20.9,0.21,4.5,0.0,65
16,23.3,96,3.4,441,22.6,0.08,1.0,0.0,56
17,24.0,95,5.0,362,23.1,0.07,2.0,0.0,113
18,24.1,95,4.4,261,23.2,0.03,1.0,0.0,156
19,24.2,94,4.7,242,23.1,0.03,1.5,0.0,203
20,24.1,94,4.5,214,23.0,0.0,0.5,0.0,199
21,23.5,94,4.6,227,22.4,0.0,1.5,0.0,275
0,20.5,94,3.7,896,19.4,0.0,0.0,0.0,513
1,20.0,96,3.0,182,19.3,0.0,0.1,0.0,254
2,19.6,97,2.6,201,19.1,0.0,0.4,0.0,164
3,19.4,97,2.9,282,18.9,0.0,0.0,0.0,152
4,19.2,97,1.0,217,18.7,0.0,0.5,0.0,110
5,19.1,97,1.2,402,18.6,0.0,0.0,0.0,162
6,19.2,97,1.5,157,18.7,0.0,0.0,0.0,417
7,19.3,98,1.0,188,18.9,0.06,0.0,0.0,1084
8,19.7,97,1.5,200,19.2,0.25,0.0,0.0,1995
9,20.0,96,1.6,287,19.3,0.39,0.0,0.0,1238
10,21.4,85,1.1,596,18.7,1.34,0.0,0.0,862
12,24.1,73,2.2,992,18.9,2.15,0.0,0.0,1145
14,24.7,72,2.9,720,19.3,1.45,0.0,0.0,1243
17,25.1,70,2.2,796,19.2,0.48,0.0,0.0,2115
18,25.0,69,1.5,1125,18.9,0.52,0.0,0.0,3172
19,24.9,70,1.8,1131,19.0,0.24,0.0,0.0,2487
20,24.2,72,1.4,833,18.8,0.03,0.0,0.0,2274
21,23.3,71,1.3,1145,17.7,0.0,0.0,0.0,2200
22,22.7,77,2.0,1099,18.4,0.0,0.0,0.0,1959
0,22.2,84,1.1,482,19.3,0.0,0.0,0.0,561
1,22.2,84,0.3,610,19.3,0.0,0.0,0.0,1068
2,22.4,84,0.6,667,19.5,0.0,0.0,0.0,652
3,22.4,86,0.6,618,19.9,0.0,0.0,0.0,344
4,22.3,88,0.9,298,20.2,0.0,0.0,0.0,233
5,22.1,93,0.4,333,20.9,0.0,0.0,0.0,266
6,22.0,90,0.4,373,20.2,0.04,0.1,0.0,594
8,24.2,73,1.0,1581,19.0,0.96,0.0,0.0,2288
9,24.8,75,1.1,1418,20.0,0.63,0.0,0.0,1246
10,25.3,70,0.6,1386,19.4,0.7,0.0,0.0,826
11,26.5,64,1.8,1806,19.1,1.3,0.0,0.0,938
12,27.0,68,2.0,1863,20.5,1.3,0.0,0.0,1158
13,27.2,68,1.8,1575,20.7,1.1,0.0,0.0,1040
14,27.1,72,3.0,1126,21.6,0.91,0.0,0.0,1030
16,25.2,81,3.6,961,21.6,0.5,0.0,0.0,766
17,22.2,92,1.2,254,20.8,0.11,4.9,0.0,65
18,20.6,97,0.7,222,20.1,0.14,21.5,0.0,596
20,21.0,96,0.1,1431,20.3,0.02,0.0,0.0,1039
21,21.3,94,0.3,1314,20.2,0.0,0.0,0.0,1223
22,21.6,94,1.1,766,20.5,0.0,0.0,0.0,1239
1,22.0,96,0.1,387,21.3,0.0,0.1,0.0,460
2,22.2,96,0.8,269,21.5,0.0,0.2,0.0,345
3,22.3,96,1.2,290,21.6,0.0,0.1,0.0,227
5,22.1,97,0.5,152,21.5,0.0,1.5,0.0,133
6,21.9,97,0.2,190,21.3,0.0,4.5,0.0,308
7,22.0,97,0.9,269,21.4,0.03,0.0,0.0,883
8,22.2,95,1.6,389,21.3,0.26,0.0,0.0,2028
9,22.9,86,1.7,538,20.4,0.76,0.0,0.0,1195
11,24.8,74,1.8,644,19.8,1.41,0.0,0.0,956
12,26.1,67,2.2,758,19.4,2.15,0.0,0.0,1168
13,26.8,65,2.0,732,19.6,2.37,0.0,0.0,1117
15,28.4,63,2.8,742,20.6,2.47,0.0,0.0,1209
16,29.0,57,2.3,987,19.6,2.36,0.0,0.0,1554
18,28.1,60,1.9,959,19.5,1.05,0.0,0.0,3113
19,27.1,64,1.1,829,19.6,0.28,0.0,0.0,2602
20,26.2,70,1.5,792,20.2,0.12,0.0,0.0,2339
23,23.5,83,1.4,436,20.4,0.0,0.0,0.0,1552
0,23.0,84,1.9,375,20.1,0.0,0.0,0.0,1275
2,22.2,88,1.0,295,20.1,0.0,0.0,0.0,859
3,21.9,88,0.9,274,19.8,0.0,0.0,0.0,625
4,21.7,93,0.1,244,20.5,0.0,0.0,0.0,382
5,21.7,88,0.6,289,19.6,0.0,0.0,0.0,247
6,22.1,85,0.5,303,19.4,0.01,0.1,0.0,310
7,22.5,86,0.6,299,20.0,0.07,0.0,0.0,468
8,23.4,81,0.5,313,19.9,0.37,0.0,0.0,825
9,24.2,81,0.9,295,20.7,0.53,0.0,0.0,862
10,25.1,73,0.9,358,19.9,0.66,0.0,0.0,933
11,26.4,71,1.0,430,20.7,1.36,0.0,0.0,871
12,25.2,94,2.8,166,24.1,0.39,6.4,0.0,858
13,25.6,87,1.7,390,23.2,0.71,3.5,0.0,1144
15,27.8,71,0.9,733,22.0,0.93,0.0,0.0,1311
16,27.9,69,0.5,880,21.6,0.61,0.0,0.0,1317
17,27.4,75,2.3,616,22.5,0.46,0.0,0.0,1291
18,27.5,79,0.5,1237,23.5,0.65,0.5,0.0,306
20,24.2,88,0.8,1276,22.0,0.06,0.0,0.0,778
23,22.9,92,0.6,989,21.5,0.0,0.0,0.0,919
0,22.6,88,0.2,1259,20.5,0.0,0.0,0.0,865
2,22.7,87,0.5,1187,20.4,0.0,0.0,0.0,586
5,22.6,86,0.5,1076,20.1,0.0,0.1,0.0,54
6,22.3,93,0.6,1262,21.1,0.01,0.4,0.0,60
7,22.1,89,0.5,1617,20.1,0.08,0.5,0.0,25
8,22.1,93,0.5,805,20.9,0.14,1.0,0.0,20
9,22.1,94,0.9,624,21.0,0.22,1.5,0.0,9
10,21.6,97,0.5,266,21.0,0.13,12.0,0.0,13
14,21.5,97,0.7,1522,20.9,0.29,1.0,0.0,14
15,21.8,97,0.7,324,21.2,0.14,5.5,0.0,51
16,22.2,97,1.1,1745,21.6,0.25,1.0,0.0,41
17,22.4,96,0.4,1661,21.7,0.21,1.5,0.0,25
18,22.2,96,1.2,673,21.5,0.09,3.5,0.0,17
21,21.8,97,0.6,692,21.2,0.0,3.5,0.0,17
22,21.7,97,0.7,540,21.1,0.0,3.5,0.0,16
23,21.5,97,1.5,523,20.9,0.0,5.0,0.0,15
0,21.4,97,0.6,680,20.8,0.0,2.5,0.0,26
1,21.3,97,1.0,1451,20.7,0.0,3.0,0.0,28
2,21.2,97,0.8,1018,20.6,0.0,2.0,0.0,17
3,21.1,96,2.4,866,20.4,0.0,4.5,0.0,23
4,20.8,97,1.0,2000,20.3,0.0,4.0,0.0,58
5,20.7,97,0.3,2000,20.2,0.0,0.5,0.0,28
6,20.7,97,0.3,1262,20.2,0.0,1.0,0.0,40
7,20.7,97,0.4,1801,20.2,0.0,0.5,0.0,126
8,20.8,96,0.4,1627,20.1,0.11,1.5,0.0,104
9,21.0,97,1.3,825,20.4,0.14,3.0,0.0,128
10,21.4,97,0.6,563,20.8,0.27,1.0,0.0,27
11,21.7,97,0.5,591,21.1,0.25,8.0,0.0,153
12,22.4,97,1.0,945,21.8,0.46,0.0,0.0,218
13,22.6,97,0.6,367,22.0,0.3,0.5,0.0,304
14,23.3,96,0.3,434,22.6,0.53,0.0,0.0,381
16,25.2,87,0.9,601,22.8,0.88,0.0,0.0,839
17,25.3,87,0.6,751,22.9,0.49,0.0,0.0,861
18,24.9,87,1.9,1742,22.5,0.25,0.0,0.0,832
19,24.1,93,2.1,1118,22.8,0.23,1.5,0.0,44
20,23.5,97,0.1,1814,22.9,0.04,24.0,0.0,61
21,23.4,98,0.4,1038,23.0,0.0,1.0,0.0,72
22,23.4,98,0.3,585,23.0,0.0,2.5,0.0,83
23,23.4,98,0.3,662,23.0,0.0,0.5,0.0,168
0,23.2,98,0.2,927,22.8,0.0,0.5,0.0,349
2,23.0,98,0.1,1026,22.6,0.0,0.0,0.0,354
3,22.8,98,0.0,1734,22.4,0.0,0.0,0.0,233
4,22.7,97,0.2,1808,22.1,0.0,0.0,0.0,149
6,22.6,95,0.1,1937,21.7,0.05,0.0,0.0,600
8,24.3,83,0.5,1986,21.2,0.53,0.0,0.0,2135
9,25.7,76,0.8,1920,21.1,1.11,0.0,0.0,1156
11,29.2,66,1.4,1953,22.1,2.72,0.0,0.0,906
12,30.1,64,1.2,2000,22.5,2.54,0.0,0.0,944
13,31.2,54,1.3,1961,20.7,3.11,0.0,0.0,994
14,31.0,56,1.5,2000,21.1,1.47,0.0,0.0,1001
16,31.3,52,1.2,2000,20.2,1.63,0.0,0.0,1325
17,32.4,50,2.2,2000,20.6,1.92,0.0,0.0,1783
21,27.8,72,0.6,2000,22.2,0.0,0.0,0.0,2264
1,25.4,79,1.0,2000,21.4,0.0,0.0,0.0,796
2,25.1,82,0.2,2000,21.8,0.0,0.0,0.0,555
4,24.7,82,0.3,2000,21.4,0.0,0.0,0.0,234
6,24.0,84,0.1,1969,21.1,0.05,0.0,0.0,747
7,24.6,78,0.5,2000,20.5,0.33,0.0,0.0,1450
8,26.4,64,0.5,1909,19.0,1.33,0.0,0.0,2215
10,28.5,65,1.5,1519,21.2,1.74,0.0,0.0,831
11,30.0,60,2.3,1861,21.3,2.61,0.0,0.0,941
13,31.0,60,2.6,1657,22.3,2.75,0.0,0.0,1007
14,31.3,58,3.0,1479,22.0,2.46,0.0,0.0,1005
15,31.1,57,3.7,1912,21.5,2.03,0.0,0.0,1038
16,31.6,57,2.7,1882,22.0,2.19,0.0,0.0,1306
19,28.2,64,2.8,1978,20.7,0.5,0.0,0.0,2637
20,27.1,67,2.9,1949,20.4,0.06,0.0,0.0,2415
21,26.2,70,2.2,1908,20.2,0.0,0.0,0.0,2274
22,25.1,73,2.5,1808,19.9,0.0,0.0,0.0,2091
23,24.7,74,1.4,1596,19.7,0.0,0.0,0.0,1432
0,24.2,77,1.8,1365,19.9,0.0,0.0,0.0,1078
1,23.9,79,1.7,1121,20.0,0.0,0.0,0.0,846
2,23.6,80,1.5,879,19.9,0.0,0.0,0.0,568
3,23.5,81,0.9,878,20.0,0.0,0.0,0.0,376
4,23.5,80,0.4,924,19.8,0.0,0.0,0.0,267
5,23.5,80,0.3,838,19.8,0.0,0.0,0.0,326
6,23.5,80,0.3,768,19.8,0.0,0.0,0.0,438
8,23.6,93,0.9,308,22.3,0.21,0.0,0.0,1836
9,24.2,84,0.9,632,21.3,0.49,0.0,0.0,1112
10,25.6,75,1.1,1028,20.8,1.22,0.0,0.0,827
11,26.3,71,1.1,1340,20.6,0.86,0.0,0.0,890
12,27.0,68,1.1,1744,20.5,1.2,0.0,0.0,996
14,28.3,67,3.0,1242,21.5,1.73,0.0,0.0,933
16,28.2,71,1.7,2000,22.4,0.96,0.0,0.0,1105
17,27.3,76,0.9,1971,22.6,0.52,0.0,0.0,1381
18,26.8,71,1.2,2000,21.0,0.21,0.0,0.0,2594
19,26.7,69,1.4,2000,20.5,0.36,0.0,0.0,2309
20,25.8,68,1.4,2000,19.4,0.09,0.0,0.0,2122
21,25.2,67,1.5,2000,18.6,0.0,0.0,0.0,2063
22,24.4,67,1.6,2000,17.8,0.0,0.0,0.0,1941
0,23.5,65,1.9,2000,16.5,0.0,0.0,0.0,1075
1,23.1,66,1.6,2000,16.3,0.0,0.0,0.0,839
2,22.8,65,1.8,2000,15.8,0.0,0.0,0.0,558
3,22.6,66,1.5,2000,15.9,0.0,0.0,0.0,403
5,22.5,66,1.5,2000,15.8,0.0,0.0,0.0,311
6,22.4,65,1.6,2000,15.4,0.01,0.0,0.0,723
7,22.6,63,1.3,2000,15.1,0.21,0.0,0.0,1449
8,23.2,60,1.7,2000,14.9,0.58,0.0,0.0,2273
10,23.7,59,1.7,2000,15.2,0.89,0.0,0.0,998
11,23.9,59,2.1,2000,15.3,1.08,0.0,0.0,1024
12,25.7,57,1.9,2000,16.5,2.32,0.0,0.0,1216
13,26.2,53,2.1,2000,15.8,2.23,0.0,0.0,1210
14,27.0,52,2.1,2000,16.2,2.51,0.0,0.0,1209
15,26.9,51,2.0,2000,15.9,1.95,0.0,0.0,1346
16,26.6,54,2.3,2000,16.5,1.24,0.0,0.0,1635
17,26.6,52,2.2,2000,15.9,1.02,0.0,0.0,2282
18,25.9,52,2.1,2000,15.2,0.57,0.0,0.0,3196
20,23.8,55,2.3,2000,14.2,0.05,0.0,0.0,2223
23,22.0,55,1.7,2000,12.5,0.0,0.0,0.0,1458
0,21.5,56,1.8,2000,12.3,0.0,0.0,0.0,1191
1,21.1,57,2.0,2000,12.2,0.0,0.0,0.0,1079
2,20.7,58,1.5,2000,12.1,0.0,0.0,0.0,760
3,20.4,59,1.0,2000,12.1,0.0,0.0,0.0,545
4,20.0,63,1.8,2000,12.7,0.0,0.0,0.0,331
5,19.8,63,1.4,2000,12.5,0.0,0.0,0.0,273
7,19.6,57,1.6,2000,10.8,0.42,0.0,0.0,567
8,21.2,52,1.6,1998,10.9,1.2,0.0,0.0,832
9,22.6,51,1.7,2000,11.9,1.87,0.0,0.0,1009
10,24.0,49,1.7,2000,12.6,2.48,0.0,0.0,1050
11,25.0,48,1.5,1986,13.2,2.95,0.0,0.0,1129
12,26.4,47,1.7,2000,14.1,3.26,0.0,0.0,1328
13,27.5,43,2.0,2000,13.7,3.41,0.0,0.0,1399
14,28.3,43,1.6,1941,14.5,3.33,0.0,0.0,1430
15,28.7,42,1.3,2000,14.5,2.98,0.0,0.0,1579
16,28.9,44,1.6,1998,15.4,2.2,0.0,0.0,1764
17,28.9,45,1.4,2000,15.7,1.89,0.0,0.0,2020
18,27.8,48,1.2,2000,15.7,0.91,0.0,0.0,2238
19,26.1,51,1.4,2000,15.1,0.32,0.0,0.0,2352
20,24.6,51,1.7,2000,13.7,0.07,0.0,0.0,2232
21,23.4,52,1.4,2000,12.9,0.0,0.0,0.0,2235
22,22.6,51,1.7,2000,11.9,0.0,0.0,0.0,1921
23,21.7,51,1.7,2000,11.1,0.0,0.0,0.0,1416
0,20.7,51,1.7,2000,10.1,0.0,0.0,0.0,1208
1,19.9,52,1.6,2000,9.7,0.0,0.0,0.0,946
3,18.8,56,1.2,2000,9.8,0.0,0.0,0.0,460
4,18.4,57,1.1,2000,9.7,0.0,0.0,0.0,277
5,18.1,57,1.4,2000,9.4,0.0,0.0,0.0,253
7,18.2,54,1.2,2000,8.7,0.42,0.0,0.0,410
8,19.1,53,1.7,1952,9.2,0.8,0.0,0.0,684
9,20.8,51,1.5,1973,10.2,1.65,0.0,0.0,787
10,22.5,48,1.6,1940,10.9,2.33,0.0,0.0,867
11,23.8,47,2.1,2000,11.8,2.59,0.0,0.0,1053
17,27.4,44,1.7,2000,14.0,1.17,0.0,0.0,2266
19,26.3,51,1.7,2000,15.3,0.18,0.0,0.0,2272
20,25.7,53,1.3,2000,15.3,0.03,0.0,0.0,2348
22,25.0,57,1.0,2000,15.8,0.0,0.0,0.0,1717
23,24.6,60,2.6,2000,16.3,0.0,0.0,0.0,1252
0,24.2,61,1.7,2000,16.1,0.0,0.0,0.0,900
1,23.7,64,0.8,2000,16.4,0.0,0.0,0.0,554
2,22.7,63,0.9,2000,15.2,0.0,0.0,0.0,387
3,21.9,63,1.3,2000,14.5,0.0,0.0,0.0,285
4,21.4,63,1.5,2000,14.0,0.0,0.0,0.0,206
5,21.1,64,1.5,2000,14.0,0.0,0.0,0.0,301
6,21.0,64,1.0,2000,13.9,0.03,0.0,0.0,486
7,20.9,66,1.4,2000,14.3,0.1,0.0,0.0,451
8,20.7,73,0.8,2000,15.6,0.3,0.2,0.0,670
9,21.1,72,1.0,1982,15.8,0.52,0.0,0.0,575
10,21.1,73,1.2,1957,16.0,0.4,0.0,0.0,217
11,20.6,82,1.0,2000,17.4,0.29,0.3,0.0,186
12,20.7,83,0.6,1244,17.7,0.32,0.0,0.0,71
13,20.3,87,1.0,771,18.0,0.31,0.5,0.0,99
14,20.2,89,1.0,1854,18.3,0.27,0.5,0.0,110
15,20.3,90,0.9,1356,18.5,0.34,0.0,0.0,59
16,20.2,91,1.2,1637,18.6,0.42,1.0,0.0,68
17,20.3,93,1.4,1684,19.1,0.32,1.0,0.0,104
19,20.4,94,1.1,1769,19.3,0.14,0.5,0.0,68
20,20.3,95,0.8,1372,19.4,0.02,1.0,0.0,48
21,20.3,96,1.0,1007,19.6,0.0,1.5,0.0,95
22,20.4,96,1.1,1641,19.7,0.0,0.5,0.0,71
23,20.4,96,0.6,1137,19.7,0.0,1.0,0.0,40
0,20.4,97,0.3,183,19.9,0.0,5.5,0.0,29
2,20.5,98,0.5,596,20.1,0.0,6.5,0.0,84
3,20.6,98,0.8,1986,20.2,0.0,0.5,0.0,136
4,20.6,97,0.5,1989,20.1,0.0,0.0,0.0,133
5,20.6,97,0.6,2000,20.1,0.0,0.0,0.0,174
6,20.7,97,0.9,2000,20.2,0.02,0.0,0.0,534
7,21.1,95,0.4,2000,20.2,0.14,0.0,0.0,1209
9,22.3,86,1.0,2000,19.8,0.42,0.0,0.0,1061
10,22.6,85,0.9,1996,19.9,0.38,0.0,0.0,768
11,23.2,82,1.1,1991,19.9,0.47,0.0,0.0,909
12,24.1,80,0.8,2000,20.4,0.72,0.0,0.0,1035
13,25.2,77,1.2,1951,20.8,1.06,0.0,0.0,1074
14,25.5,77,0.8,1957,21.1,0.75,0.0,0.0,1142
15,25.7,77,0.5,1875,21.3,0.48,0.0,0.0,1169
16,26.3,74,0.7,1580,21.2,0.52,0.0,0.0,1462
17,26.5,76,1.0,1400,21.9,0.36,0.0,0.0,1603
18,26.2,82,0.4,1408,22.8,0.21,0.0,0.0,1665
19,25.7,83,1.1,1011,22.5,0.08,0.5,0.0,794
21,25.1,86,0.3,870,22.5,0.0,0.0,0.0,1352
22,25.0,86,0.5,796,22.4,0.0,0.0,0.0,971
23,24.9,87,0.5,658,22.5,0.0,0.0,0.0,373
0,24.6,96,0.7,308,23.9,0.0,0.5,0.0,240
1,24.6,96,0.5,443,23.9,0.0,0.5,0.0,240
2,24.5,96,0.5,476,23.8,0.0,0.0,0.0,236
3,24.5,97,0.8,263,23.9,0.0,0.5,0.0,157
5,24.5,97,0.5,229,23.9,0.0,0.5,0.0,76
6,24.5,97,0.1,290,23.9,0.0,0.5,0.0,187
8,25.1,97,0.8,490,24.5,0.26,0.0,0.0,827
9,25.6,96,0.6,450,24.9,0.41,0.0,0.0,634
10,26.3,91,0.6,749,24.7,0.63,0.5,0.0,581
11,27.2,82,0.9,1093,23.8,0.93,0.0,0.0,792
12,28.1,73,2.1,1326,22.7,0.87,0.0,0.0,964
13,28.7,69,2.6,1546,22.4,1.02,0.0,0.0,991
14,29.2,67,2.8,1725,22.4,1.13,0.0,0.0,1052
15,29.4,68,2.3,1525,22.8,1.29,0.0,0.0,1106
16,28.7,70,3.2,1586,22.6,0.73,0.0,0.0,1344
17,28.7,71,2.9,1666,22.9,0.71,0.0,0.0,1923
18,28.4,75,2.4,1564,23.5,0.52,0.0,0.0,2931
19,28.2,72,1.6,1745,22.6,0.13,0.0,0.0,2328
20,27.7,76,1.8,1727,23.0,0.04,0.0,0.0,2048
21,27.3,78,1.2,1606,23.1,0.0,0.0,0.0,1936
23,26.9,79,0.1,1541,22.9,0.0,0.0,0.0,1298
0,26.7,79,0.9,1590,22.7,0.0,0.0,0.0,938
1,26.6,80,0.0,1485,22.8,0.0,0.0,0.0,787
2,26.3,84,0.3,1361,23.3,0.0,0.0,0.0,517
3,26.2,83,0.3,1294,23.0,0.0,0.0,0.0,322
4,26.1,85,0.6,1081,23.3,0.0,0.0,0.0,159
5,25.9,91,0.4,872,24.3,0.0,0.5,0.0,231
6,25.6,93,1.1,852,24.3,0.01,0.0,0.0,593
7,25.9,87,1.7,834,23.5,0.26,0.0,0.0,1279
8,26.3,84,2.1,973,23.3,0.48,0.0,0.0,1811
9,26.5,82,2.7,815,23.1,0.57,0.0,0.0,982
11,27.4,78,2.3,1164,23.2,1.11,0.0,0.0,805
12,27.4,80,2.7,1083,23.6,0.97,0.0,0.0,991
13,27.7,76,2.6,1258,23.0,1.0,0.0,0.0,959
14,27.8,76,3.1,1517,23.1,1.0,0.0,0.0,976
15,28.0,76,2.3,1437,23.3,1.0,0.0,0.0,1163
16,28.1,74,2.8,1559,23.0,1.06,0.0,0.0,1296
17,27.9,75,2.5,1643,23.0,0.75,0.0,0.0,1915
18,27.5,77,2.1,1897,23.0,0.46,0.0,0.0,3016
19,27.4,78,1.1,1899,23.2,0.27,0.0,0.0,2313
20,26.9,80,1.5,1806,23.1,0.09,0.0,0.0,2214
21,26.3,81,0.8,1910,22.7,0.0,0.0,0.0,2115
22,25.9,83,0.6,1827,22.7,0.0,0.0,0.0,1945
23,25.5,84,0.8,1906,22.5,0.0,0.0,0.0,1355
0,25.1,87,0.4,1800,22.7,0.0,0.0,0.0,1006
2,24.9,86,1.3,1469,22.3,0.0,0.0,0.0,600
3,24.9,86,2.0,1079,22.3,0.0,0.0,0.0,377
4,24.8,86,2.1,1103,22.2,0.0,0.0,0.0,241
5,24.8,84,1.4,1303,21.9,0.0,0.0,0.0,301
6,24.8,84,1.1,1426,21.9,0.0,0.0,0.0,665
7,25.0,83,1.0,1350,21.9,0.13,0.0,0.0,1321
8,25.5,80,1.8,1402,21.7,0.37,0.0,0.0,2114
9,26.6,73,2.2,1147,21.3,1.01,0.0,0.0,1240
10,27.4,70,2.4,1335,21.4,1.28,0.0,0.0,836
11,27.5,70,2.4,1719,21.5,1.07,0.0,0.0,887
14,29.5,62,2.7,1941,21.4,1.79,0.0,0.0,999
15,30.2,62,2.4,1806,22.1,1.91,0.0,0.0,1094
16,30.0,67,2.0,1698,23.1,1.46,0.0,0.0,1291
17,30.1,65,1.8,1923,22.7,1.36,0.0,0.0,1782
18,30.8,60,2.5,1793,22.1,1.43,0.0,0.0,2884
19,29.8,68,2.6,1749,23.2,0.81,0.0,0.0,2320
20,28.2,76,2.2,1888,23.5,0.08,0.0,0.0,2069
21,27.2,80,2.3,1870,23.4,0.0,0.0,0.0,1924
23,26.2,84,1.0,1646,23.2,0.0,0.0,0.0,1439
1,25.4,85,1.4,1663,22.6,0.0,0.0,0.0,1062
2,25.3,85,1.7,1594,22.5,0.0,0.0,0.0,783
3,25.2,83,1.1,1835,22.0,0.0,0.0,0.0,545
4,25.1,82,1.5,1336,21.8,0.0,0.0,0.0,307
5,24.8,86,1.6,1170,22.2,0.0,0.0,0.0,266
6,24.6,86,0.4,1119,22.0,0.02,0.0,0.0,356
8,26.1,74,0.7,1254,21.0,0.87,0.0,0.0,787
9,27.0,70,1.1,1393,21.0,1.15,0.0,0.0,909
10,27.8,68,2.1,1490,21.3,1.29,0.0,0.0,910
11,29.0,65,2.0,1642,21.7,2.22,0.0,0.0,945
12,30.2,58,2.3,1359,21.0,2.64,0.0,0.0,1039
14,30.7,59,2.9,1612,21.7,2.05,0.0,0.0,1038
15,31.1,59,2.3,1929,22.1,2.34,0.0,0.0,1058
16,31.7,55,2.3,1895,21.5,2.16,0.0,0.0,1177
17,31.5,53,3.7,1974,20.7,2.02,0.0,0.0,1433
19,30.4,59,2.4,1972,21.4,0.69,0.0,0.0,1797
20,29.2,63,1.7,1988,21.4,0.1,0.0,0.0,2023
21,28.2,64,2.8,2000,20.7,0.0,0.0,0.0,2011
22,27.6,70,2.7,1994,21.6,0.0,0.0,0.0,1682
0,26.0,82,1.9,1674,22.6,0.0,0.0,0.0,1143
1,25.5,83,2.3,1576,22.3,0.0,0.0,0.0,868
3,24.8,86,0.2,1354,22.2,0.0,0.0,0.0,443
4,24.6,86,0.1,1358,22.0,0.0,0.0,0.0,278
5,24.5,85,0.7,1345,21.8,0.0,0.0,0.0,223
6,24.8,83,0.2,1534,21.7,0.02,0.0,0.0,292
7,25.2,80,0.2,1551,21.4,0.18,0.0,0.0,402
8,26.2,75,0.9,1560,21.4,0.77,0.0,0.0,613
9,27.0,71,1.0,1518,21.2,0.97,0.0,0.0,715
10,28.5,66,1.7,1319,21.5,1.83,0.0,0.0,701
11,28.7,64,1.3,1332,21.2,1.53,0.0,0.0,712
12,30.1,58,1.6,1491,20.9,2.15,0.0,0.0,803
13,31.4,53,3.2,1695,20.6,3.28,0.0,0.0,810
14,32.4,50,2.0,1735,20.6,3.13,0.0,0.0,822
15,32.9,49,2.6,1631,20.7,2.81,0.0,0.0,946
16,32.8,52,3.0,1803,21.6,2.28,0.0,0.0,1125
17,32.7,52,3.0,1872,21.5,1.96,0.0,0.0,1247
18,32.2,55,2.4,1769,22.0,1.28,0.0,0.0,1466
20,29.2,72,2.1,1932,23.6,0.09,0.0,0.0,2058
21,28.1,74,3.1,1840,23.0,0.0,0.0,0.0,1924
22,27.5,77,0.9,1778,23.0,0.0,0.0,0.0,1607
1,25.9,83,1.3,1520,22.7,0.0,0.0,0.0,498
4,24.6,84,0.7,1373,21.7,0.0,0.0,0.0,211
5,24.3,85,1.0,1496,21.6,0.0,0.0,0.0,324
6,24.0,85,0.9,1569,21.3,0.02,0.0,0.0,703
7,24.5,73,0.9,1901,19.3,0.36,0.0,0.0,1344
8,26.4,69,0.5,1559,20.2,1.09,0.0,0.0,1935
9,28.0,64,1.0,1682,20.5,1.35,0.0,0.0,1014
10,29.8,54,1.8,1737,19.4,2.34,0.0,0.0,678
11,31.5,51,2.1,1498,20.1,2.83,0.0,0.0,688
13,33.0,51,2.5,1100,21.5,3.09,0.0,0.0,727
14,33.7,45,2.5,1843,20.1,3.23,0.0,0.0,691
16,33.3,46,3.1,1914,20.1,2.51,0.0,0.0,818
18,32.3,47,3.0,1961,19.5,1.26,0.0,0.0,2636
19,31.2,52,2.4,1990,20.1,0.57,0.0,0.0,2368
20,29.3,58,2.4,2000,20.1,0.09,0.0,0.0,2362
21,28.0,64,1.5,2000,20.5,0.0,0.0,0.0,2241
22,27.2,69,1.7,2000,21.0,0.0,0.0,0.0,1934
23,26.6,75,1.5,1996,21.7,0.0,0.0,0.0,1285
0,26.4,76,1.2,2000,21.8,0.0,0.0,0.0,1003
1,25.8,78,0.4,2000,21.6,0.0,0.0,0.0,692
4,24.4,80,1.0,1112,20.7,0.0,0.0,0.0,222
5,24.1,81,0.9,1646,20.6,0.0,0.0,0.0,372
7,24.4,75,1.0,841,19.6,0.35,0.0,0.0,1356
8,25.8,69,0.8,969,19.6,1.06,0.0,0.0,1955
9,27.5,60,2.2,1252,19.0,1.59,0.0,0.0,1031
11,30.4,53,1.8,1359,19.7,2.74,0.0,0.0,797
13,31.1,53,3.2,1162,20.3,2.63,0.0,0.0,763
15,31.9,51,3.3,1465,20.4,3.01,0.0,0.0,878
16,32.0,51,2.4,1402,20.5,2.55,0.0,0.0,1062
17,31.8,52,2.4,1438,20.7,1.93,0.0,0.0,1591
18,31.3,55,2.5,1550,21.1,1.2,0.0,0.0,2770
19,30.6,57,1.4,1529,21.1,0.58,0.0,0.0,2326
20,28.9,64,1.7,1567,21.3,0.1,0.0,0.0,2174
21,27.9,69,1.9,1194,21.6,0.0,0.0,0.0,2273
0,26.2,79,0.7,850,22.2,0.0,0.0,0.0,1002
1,25.7,80,0.2,805,21.9,0.0,0.0,0.0,741
2,25.2,82,0.4,791,21.9,0.0,0.0,0.0,526
3,24.7,84,0.7,694,21.8,0.0,0.0,0.0,381
4,24.3,83,0.7,621,21.2,0.0,0.0,0.0,266
5,23.9,83,0.4,780,20.8,0.0,0.0,0.0,327
6,23.7,83,0.1,713,20.6,0.03,0.0,0.0,695
7,24.2,74,0.7,656,19.2,0.35,0.0,0.0,1308
8,25.8,71,0.4,760,20.1,0.93,0.0,0.0,1944
9,27.2,59,0.4,948,18.4,1.18,0.0,0.0,982
10,28.9,61,1.5,941,20.6,2.04,0.0,0.0,722
11,30.2,53,2.2,1143,19.5,2.77,0.0,0.0,701
12,31.2,51,2.0,1101,19.8,2.96,0.0,0.0,780
13,32.1,51,2.3,776,20.6,2.96,0.0,0.0,778
14,32.7,49,1.5,765,20.5,2.62,0.0,0.0,762
15,32.9,46,2.5,1248,19.7,2.9,0.0,0.0,776
16,33.1,42,2.9,1712,18.4,2.52,0.0,0.0,912
17,32.6,46,2.8,1560,19.4,1.95,0.0,0.0,1596
18,32.0,50,2.6,1374,20.2,1.25,0.0,0.0,2692
19,30.6,54,2.8,1531,20.2,0.59,0.0,0.0,2281
20,28.8,66,1.9,1209,21.8,0.09,0.0,0.0,2202
21,28.0,69,1.8,1140,21.7,0.0,0.0,0.0,2188
23,26.4,76,0.6,959,21.8,0.0,0.0,0.0,1354
0,25.9,76,1.3,984,21.3,0.0,0.0,0.0,1068
2,24.8,80,1.5,888,21.1,0.0,0.0,0.0,591
4,24.0,87,0.9,582,21.6,0.0,0.0,0.0,231
5,23.6,88,0.2,604,21.4,0.0,0.0,0.0,329
6,23.3,83,0.2,875,20.2,0.02,0.0,0.0,672
8,25.5,65,0.9,833,18.4,1.1,0.0,0.0,1993
9,27.6,62,1.5,1043,19.6,1.76,0.0,0.0,985
10,29.4,56,2.2,1153,19.7,2.38,0.0,0.0,695
13,32.6,47,2.7,1641,19.8,3.36,0.0,0.0,798
14,33.1,47,2.5,1785,20.2,3.26,0.0,0.0,722
15,33.7,41,2.5,1924,18.6,3.04,0.0,0.0,827
16,33.7,43,2.7,1890,19.3,2.55,0.0,0.0,1017
17,34.0,44,2.3,1891,20.0,1.95,0.0,0.0,1536
18,33.0,51,2.4,1566,21.5,1.23,0.0,0.0,2640
19,31.6,58,2.3,1556,22.3,0.56,0.0,0.0,2245
20,29.8,62,2.9,1931,21.7,0.08,0.0,0.0,2114
21,28.8,69,2.4,1619,22.5,0.0,0.0,0.0,2122
22,28.0,76,1.5,1542,23.3,0.0,0.0,0.0,1870
23,27.2,78,1.9,1601,23.0,0.0,0.0,0.0,1318
0,26.7,80,1.4,1465,22.9,0.0,0.0,0.0,1041
1,26.1,81,1.6,1409,22.5,0.0,0.0,0.0,773
2,25.7,84,0.1,1293,22.7,0.0,0.0,0.0,557
3,25.4,84,0.9,1174,22.4,0.0,0.0,0.0,428
4,25.1,83,0.0,1253,22.0,0.0,0.0,0.0,267
5,24.9,83,0.3,1207,21.8,0.0,0.0,0.0,327
7,25.2,75,0.6,1056,20.4,0.34,0.0,0.0,1251
8,26.6,70,1.3,1062,20.6,1.01,0.0,0.0,1896
10,29.8,59,1.2,973,20.9,2.32,0.0,0.0,641
11,31.6,54,1.3,990,21.1,2.84,0.0,0.0,791
12,32.6,51,2.1,800,21.1,3.21,0.0,0.0,822
13,32.4,54,2.4,708,21.8,2.5,0.0,0.0,805
14,33.4,52,2.7,685,22.1,2.67,0.0,0.0,741
15,34.1,45,2.4,1110,20.4,2.88,0.0,0.0,794
16,34.3,45,2.3,1466,20.6,2.47,0.0,0.0,928
17,34.3,44,2.1,1704,20.2,1.87,0.0,0.0,1468
18,33.9,42,2.0,1969,19.1,1.25,0.0,0.0,2419
19,32.9,44,2.0,1985,19.0,0.59,0.0,0.0,2084
21,29.8,59,1.4,2000,20.9,0.0,0.0,0.0,1869
23,28.2,70,1.3,1811,22.2,0.0,0.0,0.0,1426
0,27.5,73,1.1,1834,22.2,0.0,0.0,0.0,1132
1,27.0,74,1.1,1833,21.9,0.0,0.0,0.0,945
2,26.4,72,0.2,1766,20.9,0.0,0.0,0.0,684
3,26.1,74,0.1,1683,21.0,0.0,0.0,0.0,477
5,25.0,78,0.3,1474,20.8,0.0,0.0,0.0,292
6,24.9,76,0.0,1473,20.3,0.02,0.0,0.0,381
8,27.4,63,0.9,1043,19.7,1.03,0.0,0.0,720
9,29.6,57,0.9,977,20.1,1.71,0.0,0.0,729
11,32.9,45,2.1,1020,19.3,2.72,0.0,0.0,676
12,34.2,35,1.8,1528,16.5,3.14,0.0,0.0,735
13,35.2,34,1.8,1636,16.9,3.21,0.0,0.0,727
14,36.3,34,1.3,1493,17.9,3.17,0.0,0.0,682
15,36.5,35,3.0,1355,18.5,2.71,0.0,0.0,785
17,36.3,36,3.1,1972,18.8,1.91,0.0,0.0,1011
18,35.0,42,2.9,1953,20.1,1.26,0.0,0.0,1202
19,33.4,51,2.6,2000,21.8,0.59,0.0,0.0,1423
21,30.2,54,1.8,2000,19.8,0.0,0.0,0.0,1731
22,29.4,55,1.4,2000,19.4,0.0,0.0,0.0,1588
23,28.8,56,1.6,2000,19.1,0.0,0.0,0.0,1288
0,28.1,56,0.2,2000,18.4,0.0,0.0,0.0,1088
1,27.3,60,0.8,2000,18.8,0.0,0.0,0.0,772
2,26.8,63,0.6,2000,19.1,0.0,0.0,0.0,587
3,26.3,63,0.2,2000,18.6,0.0,0.0,0.0,438
4,25.9,71,0.3,2000,20.2,0.0,0.0,0.0,270
5,25.5,72,0.4,2000,20.0,0.0,0.0,0.0,256
6,25.3,73,0.6,1979,20.1,0.02,0.0,0.0,286
7,25.8,67,0.9,1773,19.1,0.34,0.0,0.0,360
8,27.9,60,0.6,1835,19.4,1.06,0.0,0.0,477
9,30.5,54,0.9,1907,20.1,1.71,0.0,0.0,526
10,32.2,50,0.8,1881,20.4,2.29,0.0,0.0,522
11,33.8,45,1.9,1928,20.2,2.74,0.0,0.0,499
12,35.5,39,1.9,1803,19.4,3.05,0.0,0.0,560
14,37.4,34,2.3,1860,18.8,3.05,0.0,0.0,565
15,37.5,33,2.0,1816,18.4,2.32,0.0,0.0,632
16,37.8,31,2.5,1929,17.7,2.46,0.0,0.0,771
17,37.6,33,2.1,1837,18.5,1.82,0.0,0.0,965
18,36.3,35,3.0,1860,18.3,0.89,0.0,0.0,1212
19,34.5,47,2.8,1762,21.5,0.42,0.0,0.0,1478
22,31.7,51,1.4,1742,20.3,0.0,0.0,0.0,1346
23,31.2,52,1.5,1670,20.1,0.0,0.0,0.0,1030
0,30.6,50,2.3,1631,18.9,0.0,0.0,0.0,792
1,30.0,52,1.5,1774,19.0,0.0,0.0,0.0,542
2,29.7,53,1.4,1682,19.0,0.0,0.0,0.0,382
3,29.6,50,2.1,1970,18.0,0.0,0.0,0.0,238
5,29.3,55,1.6,2000,19.3,0.0,0.0,0.0,310
6,29.2,58,1.7,2000,20.0,0.01,0.0,0.0,652
7,29.3,58,0.8,2000,20.1,0.23,0.0,0.0,1241
8,30.0,56,0.9,2000,20.2,0.54,0.0,0.0,1889
11,32.7,48,2.2,1908,20.2,2.53,0.0,0.0,611
12,34.1,47,2.3,1862,21.1,2.94,0.0,0.0,655
13,33.8,47,1.7,1887,20.9,1.57,0.0,0.0,688
14,34.3,45,2.2,1967,20.6,1.64,0.0,0.0,670
15,35.4,46,2.2,1861,22.0,2.48,0.0,0.0,739
16,34.8,47,2.2,1839,21.8,1.32,0.0,0.0,960
17,34.8,49,3.0,1866,22.5,1.37,0.0,0.0,1310
19,32.6,58,3.2,1962,23.2,0.45,0.0,0.0,2112
20,31.5,61,1.8,2000,23.0,0.07,0.0,0.0,2051
22,30.3,60,1.8,2000,21.6,0.0,0.0,0.0,1697
0,29.6,61,1.0,2000,21.2,0.0,0.0,0.0,874
1,29.1,64,1.2,2000,21.5,0.0,0.0,0.0,715
3,28.2,65,0.3,1999,20.9,0.0,0.0,0.0,332
4,27.8,67,0.2,1982,21.1,0.0,0.0,0.0,218
5,27.5,70,0.1,1976,21.5,0.0,0.0,0.0,306
6,27.2,71,0.8,1920,21.4,0.02,0.0,0.0,673
7,27.8,63,1.2,1781,20.1,0.32,0.0,0.0,1213
8,29.9,59,0.8,1727,21.0,1.03,0.0,0.0,1820
9,31.7,59,1.0,1706,22.6,1.69,0.0,0.0,926
10,32.4,54,0.9,1631,21.8,1.45,0.0,0.0,610
11,33.9,46,1.6,1387,20.6,2.15,0.0,0.0,620
12,34.5,50,1.4,1901,22.5,1.89,0.0,0.0,671
13,36.4,41,1.3,1655,21.0,2.86,0.0,0.0,688
14,35.8,49,2.8,1264,23.4,2.4,0.0,0.0,649
17,34.9,51,2.2,1235,23.2,0.98,0.0,0.0,1297
18,34.9,53,2.2,1296,23.8,0.86,0.0,0.0,2300
19,33.1,57,2.2,1670,23.4,0.44,0.0,0.0,1968
20,31.1,63,2.0,1542,23.2,0.06,0.0,0.0,1834
21,30.2,65,2.3,1642,22.8,0.0,0.0,0.0,1899
22,29.8,66,3.2,1511,22.7,0.0,0.0,0.0,1773
0,28.9,66,2.2,2000,21.9,0.0,0.0,0.0,939
2,28.8,68,1.8,2000,22.2,0.0,0.0,0.0,499
3,28.9,69,2.8,1871,22.6,0.0,0.0,0.0,327
4,28.5,74,2.6,1549,23.4,0.0,0.0,0.0,212
5,28.3,74,2.4,1378,23.2,0.0,0.0,0.0,299
6,28.1,75,1.8,1092,23.2,0.01,0.0,0.0,657
7,28.3,72,2.0,1200,22.7,0.1,0.0,0.0,1171
8,28.7,70,3.5,1470,22.6,0.52,0.0,0.0,1893
10,30.7,61,2.8,1521,22.3,1.5,0.0,0.0,696
11,30.7,63,3.4,1323,22.8,1.13,0.0,0.0,749
13,32.3,56,3.0,1504,22.3,1.74,0.0,0.0,783
14,33.0,53,1.7,1357,22.1,1.73,0.0,0.0,754
15,34.0,50,3.0,1705,22.1,1.72,0.0,0.0,781
16,34.1,52,2.5,1304,22.8,2.23,0.0,0.0,977
17,33.2,56,2.2,1428,23.2,1.03,0.0,0.0,1412
18,32.2,58,2.5,1553,22.8,0.44,0.0,0.0,2416
19,31.7,60,2.3,1492,22.9,0.23,0.0,0.0,2039
20,30.9,67,1.7,1470,24.0,0.05,0.0,0.0,1935
21,29.7,74,2.2,1342,24.5,0.0,0.0,0.0,1811
23,28.0,77,1.9,1346,23.5,0.0,0.0,0.0,1289
0,27.7,78,1.2,1341,23.5,0.0,0.0,0.0,939
2,27.6,78,0.1,1289,23.4,0.0,0.0,0.0,498
3,27.7,76,0.2,1376,23.0,0.0,0.0,0.0,355
5,27.4,78,0.8,1301,23.2,0.0,0.0,0.0,306
6,27.4,77,0.7,1113,23.0,0.0,0.0,0.0,602
7,27.7,75,1.2,1103,22.8,0.1,0.0,0.0,1175
8,28.3,72,0.8,1165,22.7,0.34,0.0,0.0,1823
9,29.1,69,1.0,853,22.8,0.67,0.0,0.0,966
11,30.2,67,1.5,1003,23.3,0.87,0.0,0.0,614
13,32.4,54,0.7,896,21.8,1.41,0.0,0.0,628
14,33.0,56,2.5,879,23.0,1.33,0.0,0.0,706
15,33.1,58,1.9,882,23.7,0.87,0.0,0.0,774
16,33.5,57,2.8,989,23.8,1.55,0.0,0.0,920
17,33.1,59,2.9,1038,24.0,1.14,0.0,0.0,1394
19,32.3,63,2.1,1037,24.3,0.41,0.0,0.0,1994
20,31.0,68,1.4,1162,24.3,0.05,0.0,0.0,1790
21,30.0,74,2.7,1056,24.8,0.0,0.0,0.0,1868
23,29.0,79,1.2,971,24.9,0.0,0.0,0.0,1273
0,28.6,80,0.6,990,24.8,0.0,0.0,0.0,909
2,27.8,79,1.4,1049,23.8,0.0,0.0,0.0,537
3,27.6,80,1.6,929,23.8,0.0,0.0,0.0,371
4,27.3,85,1.6,671,24.5,0.0,0.0,0.0,218
5,27.2,86,0.8,657,24.6,0.0,0.0,0.0,295
6,27.2,85,0.1,702,24.4,0.02,0.0,0.0,647
8,28.5,76,0.9,725,23.8,0.59,0.0,0.0,1763
9,29.9,69,1.5,769,23.5,1.12,0.0,0.0,934
10,31.2,61,2.3,901,22.7,1.71,0.0,0.0,639
11,32.7,56,1.9,1034,22.7,2.57,0.0,0.0,619
13,35.3,48,2.5,880,22.6,2.89,0.0,0.0,653
14,34.1,57,1.8,667,24.3,1.13,0.0,0.0,507
16,35.0,55,2.8,835,24.6,1.56,0.0,0.0,905
19,32.0,68,3.0,1286,25.3,0.38,0.0,0.0,1657
20,30.7,73,2.8,1310,25.2,0.04,0.0,0.0,1565
22,29.9,74,2.0,1201,24.7,0.0,0.0,0.0,1507
23,29.7,76,1.2,1159,25.0,0.0,0.0,0.0,1182
0,29.4,78,2.1,1072,25.1,0.0,0.0,0.0,992
1,29.1,79,1.3,975,25.0,0.0,0.0,0.0,875
2,28.8,80,1.9,925,24.9,0.0,0.0,0.0,656
3,28.5,81,1.2,911,24.9,0.0,0.0,0.0,461
4,28.3,83,1.7,814,25.1,0.0,0.0,0.0,340
5,28.1,84,0.5,754,25.1,0.0,0.0,0.0,248
6,28.0,85,0.8,647,25.2,0.01,0.0,0.0,313
7,28.4,82,0.7,748,25.0,0.16,0.0,0.0,428
8,29.6,75,0.4,749,24.6,0.66,0.0,0.0,606
9,30.6,74,1.4,716,25.4,0.95,0.0,0.0,671
10,32.0,65,0.9,966,24.5,1.19,0.0,0.0,654
11,32.8,62,0.6,881,24.5,1.3,0.0,0.0,592
12,33.6,62,1.9,820,25.3,1.35,0.0,0.0,632
13,34.2,58,1.8,933,24.7,1.33,0.0,0.0,741
15,28.9,86,2.2,1592,26.3,0.26,7.3,0.0,468
16,28.6,82,3.4,1022,25.2,0.14,0.0,0.0,706
18,29.0,81,0.8,989,25.4,0.22,0.0,0.0,843
19,29.3,78,0.0,988,25.0,0.15,0.0,0.0,974
20,29.2,82,0.4,1000,25.8,0.01,0.0,0.0,1095
21,29.1,78,1.1,1362,24.8,0.0,0.0,0.0,1211
22,29.0,74,0.9,1652,23.8,0.0,0.0,0.0,1158
23,28.6,74,0.7,1807,23.5,0.0,0.0,0.0,1039
0,28.4,70,0.9,1945,22.3,0.0,0.0,0.0,921
1,28.0,71,0.6,1799,22.2,0.0,0.0,0.0,636
2,27.7,73,0.4,1832,22.4,0.0,0.0,0.0,511
3,27.4,73,0.6,1893,22.1,0.0,0.0,0.0,403
4,27.0,74,0.8,1816,21.9,0.0,0.0,0.0,245
6,26.4,76,0.4,1813,21.8,0.01,0.0,0.0,266
7,26.9,69,0.8,1960,20.7,0.29,0.0,0.0,345
9,30.6,54,1.7,1831,20.2,1.68,0.0,0.0,519
10,32.4,48,1.9,1952,19.9,2.33,0.0,0.0,473
11,33.6,46,1.7,1965,20.3,2.6,0.0,0.0,476
12,33.8,47,1.7,1962,20.9,1.92,0.0,0.0,644
13,34.4,41,2.9,1970,19.2,2.33,0.0,0.0,622
14,35.4,43,1.4,2000,20.9,2.48,0.0,0.0,630
16,36.0,33,1.4,2000,17.1,1.97,0.0,0.0,760
19,34.4,39,1.2,2000,18.4,0.58,0.0,0.0,1486
20,32.3,48,1.4,2000,19.8,0.08,0.0,0.0,1697
21,31.1,47,1.3,2000,18.4,0.0,0.0,0.0,1638
23,29.9,45,1.4,2000,16.6,0.0,0.0,0.0,1108
1,28.5,54,1.1,2000,18.2,0.0,0.0,0.0,575
2,28.0,57,1.2,2000,18.6,0.0,0.0,0.0,363
4,26.7,62,1.0,2000,18.8,0.0,0.0,0.0,209
7,26.8,59,1.1,2000,18.1,0.28,0.0,0.0,1130
8,28.8,56,1.4,2000,19.1,1.08,0.0,0.0,1646
10,32.0,50,2.1,1992,20.2,2.34,0.0,0.0,609
11,33.2,46,1.4,1968,20.0,2.16,0.0,0.0,623
12,33.6,48,1.6,2000,21.0,1.89,0.0,0.0,663
13,34.7,43,1.3,2000,20.2,2.05,0.0,0.0,688
14,35.3,41,1.3,2000,20.0,2.01,0.0,0.0,645
15,35.5,43,1.3,2000,20.9,1.61,0.0,0.0,666
16,36.4,40,1.1,2000,20.6,1.79,0.0,0.0,845
17,35.4,44,0.8,2000,21.2,1.1,0.0,0.0,1224
19,35.2,43,0.9,2000,20.7,0.42,0.0,0.0,2016
20,33.9,46,1.4,2000,20.6,0.03,0.0,0.0,1947
23,31.7,52,1.2,2000,20.6,0.0,0.0,0.0,1202
0,31.0,54,0.8,2000,20.5,0.0,0.0,0.0,901
2,29.8,57,0.8,2000,20.3,0.0,0.0,0.0,476
3,29.3,57,1.6,2000,19.8,0.0,0.0,0.0,334
5,28.3,60,1.6,2000,19.7,0.0,0.0,0.0,284
6,27.9,63,0.5,2000,20.1,0.01,0.0,0.0,584
8,29.3,51,0.9,2000,18.1,1.02,0.0,0.0,1665
9,30.9,47,1.0,2000,18.2,1.62,0.0,0.0,860
10,32.7,43,1.2,2000,18.4,2.31,0.0,0.0,582
12,35.2,39,1.2,2000,19.1,2.86,0.0,0.0,626
13,36.1,38,1.0,2000,19.5,3.12,0.0,0.0,623
14,36.4,35,1.3,1967,18.4,2.46,0.0,0.0,579
15,37.8,34,1.8,1965,19.2,2.81,0.0,0.0,665
16,37.0,38,1.2,2000,20.3,2.07,0.0,0.0,763
17,38.0,36,1.3,1989,20.3,2.03,0.0,0.0,1184
18,36.2,45,2.0,2000,22.3,0.65,0.0,0.0,2092
19,34.9,47,2.4,2000,21.9,0.42,0.0,0.0,1865
20,33.5,50,2.1,2000,21.6,0.04,0.0,0.0,1772
21,32.7,51,2.8,2000,21.2,0.0,0.0,0.0,1719
22,31.6,66,3.0,2000,24.4,0.0,0.0,0.0,1613
23,31.0,65,0.5,2000,23.6,0.0,0.0,0.0,1097
0,30.5,68,1.9,2000,23.9,0.0,0.0,0.0,875
1,29.9,70,1.0,2000,23.8,0.0,0.0,0.0,724
2,29.5,69,0.8,2000,23.2,0.0,0.0,0.0,501
3,29.1,64,0.5,1997,21.5,0.0,0.0,0.0,362
4,28.5,69,0.3,2000,22.2,0.0,0.0,0.0,250
5,28.3,68,0.3,2000,21.8,0.0,0.0,0.0,315
6,27.8,73,0.9,1971,22.5,0.01,0.0,0.0,622
7,28.2,68,0.5,1748,21.7,0.27,0.0,0.0,1061
8,30.3,59,0.8,1920,21.3,1.02,0.0,0.0,1550
10,34.3,45,1.0,1919,20.6,2.31,0.0,0.0,540
11,35.8,41,1.6,1795,20.4,2.77,0.0,0.0,521
12,36.8,39,1.3,1944,20.5,2.8,0.0,0.0,569
13,37.9,38,2.3,1868,21.1,3.05,0.0,0.0,533
15,39.3,37,2.3,1892,21.9,2.82,0.0,0.0,531
16,39.4,39,2.5,1897,22.8,2.42,0.0,0.0,561
17,39.0,41,2.6,1881,23.3,1.83,0.0,0.0,1033
20,34.5,62,2.8,1701,26.1,0.02,0.0,0.0,1441
21,33.3,64,3.0,1680,25.5,0.0,0.0,0.0,1500
22,32.6,64,2.4,1703,24.8,0.0,0.0,0.0,1367
23,32.3,67,1.0,1592,25.3,0.0,0.0,0.0,1046
0,31.9,67,1.5,1550,25.0,0.0,0.0,0.0,850
1,31.5,69,1.5,1512,25.1,0.0,0.0,0.0,647
2,31.5,68,0.0,1504,24.8,0.0,0.0,0.0,459
3,31.1,70,0.4,1449,24.9,0.0,0.0,0.0,295
4,31.1,54,1.9,2000,20.6,0.0,0.0,0.0,215
5,30.7,57,0.9,2000,21.1,0.0,0.0,0.0,265
6,30.4,54,1.3,2000,20.0,0.01,0.0,0.0,578
7,30.5,53,1.1,2000,19.8,0.22,0.0,0.0,1006
8,31.6,50,1.1,1943,19.9,0.76,0.0,0.0,1579
11,35.3,45,1.7,1829,21.5,2.27,0.0,0.0,547
12,36.6,41,2.0,1866,21.2,2.58,0.0,0.0,562
14,37.3,40,1.8,1666,21.4,1.52,0.0,0.0,535
16,37.9,39,1.6,1757,21.5,1.76,0.0,0.0,676
17,37.4,44,2.3,1829,23.0,1.49,0.0,0.0,1066
18,36.7,47,2.5,1803,23.5,0.99,0.0,0.0,1881
19,35.2,52,2.3,1754,23.8,0.44,0.0,0.0,1605
20,33.9,58,2.4,1519,24.4,0.04,0.0,0.0,1480
21,33.3,63,1.2,1304,25.2,0.0,0.0,0.0,1535
22,32.9,64,1.0,1088,25.1,0.0,0.0,0.0,1375
23,32.4,64,1.7,1153,24.7,0.0,0.0,0.0,1020
0,32.1,67,1.1,1077,25.1,0.0,0.0,0.0,763
2,31.5,68,0.3,1001,24.8,0.0,0.0,0.0,443
3,31.2,68,1.4,968,24.5,0.0,0.0,0.0,327
4,31.0,73,0.5,990,25.5,0.0,0.0,0.0,236
5,30.5,72,0.5,1084,24.8,0.0,0.0,0.0,266
6,30.5,62,1.3,1583,22.3,0.01,0.0,0.0,544
7,30.8,58,1.6,1777,21.5,0.22,0.0,0.0,937
8,31.8,55,1.3,1537,21.6,0.78,0.0,0.0,1471
10,34.3,48,2.5,1822,21.7,2.12,0.0,0.0,530
11,35.7,42,1.6,1727,20.7,2.56,0.0,0.0,575
12,36.8,41,2.1,1759,21.3,2.53,0.0,0.0,585
13,36.8,44,1.8,1625,22.5,1.79,0.0,0.0,585
14,37.4,40,2.8,1519,21.5,2.03,0.0,0.0,575
15,37.4,44,3.2,1499,23.0,2.71,0.0,0.0,600
16,36.7,44,3.5,1666,22.4,2.16,0.0,0.0,763
18,34.4,53,3.3,1650,23.4,0.8,0.0,0.0,1920
19,33.5,54,2.7,1871,22.9,0.35,0.0,0.0,1558
20,32.2,58,1.9,1673,22.8,0.02,0.0,0.0,1517
21,31.2,63,1.7,1537,23.3,0.0,0.0,0.0,1511
23,30.2,62,0.8,1708,22.1,0.0,0.0,0.0,1103
0,30.0,61,1.7,1794,21.6,0.0,0.0,0.0,953
1,29.9,61,1.1,1745,21.5,0.0,0.0,0.0,872
3,29.7,57,1.5,1964,20.2,0.0,0.0,0.0,435
5,29.2,62,2.1,1835,21.1,0.0,0.0,0.0,234
6,29.1,63,1.6,1818,21.3,0.0,0.0,0.0,289
7,29.4,62,1.9,1758,21.3,0.24,0.0,0.0,405
8,30.2,61,1.8,1562,21.8,0.65,0.0,0.0,568
9,31.3,58,1.9,1598,22.0,1.24,0.0,0.0,598
12,33.2,52,2.5,1514,22.0,1.59,0.0,0.0,640
13,33.6,54,3.7,1754,23.0,2.56,0.0,0.0,703
15,34.7,48,3.6,1973,22.0,2.47,0.0,0.0,690
16,34.5,49,4.0,1925,22.2,2.35,0.0,0.0,700
17,34.3,48,3.4,2000,21.7,1.82,0.0,0.0,901
18,33.2,52,3.7,1986,22.0,1.14,0.0,0.0,1044
19,32.0,57,2.9,2000,22.4,0.48,0.0,0.0,1277
22,28.6,74,2.5,1804,23.5,0.0,0.0,0.0,1337
0,28.0,82,1.4,1221,24.6,0.0,0.0,0.0,983
1,27.7,83,2.7,1128,24.5,0.0,0.0,0.0,758
2,27.5,83,2.7,1118,24.3,0.0,0.0,0.0,509
3,27.3,84,1.7,1089,24.3,0.0,0.0,0.0,401
4,27.3,83,2.2,1054,24.1,0.0,0.0,0.0,253
5,27.3,84,0.8,1067,24.3,0.0,0.0,0.0,188
6,27.3,83,1.4,1080,24.1,0.0,0.0,0.0,222
7,27.5,86,1.8,485,24.9,0.03,0.4,0.0,223
8,27.5,95,0.7,404,26.6,0.14,1.6,0.0,309
9,29.1,76,2.2,1041,24.4,1.38,0.0,0.0,422
10,29.5,78,2.0,1091,25.2,1.28,0.0,0.0,461
11,31.2,63,2.6,1695,23.3,1.99,0.0,0.0,499
12,32.5,59,3.4,1780,23.4,2.33,0.0,0.0,565
13,33.0,56,3.5,1857,23.0,2.68,0.0,0.0,600
14,33.3,55,4.7,1921,23.0,3.05,0.0,0.0,639
15,33.7,55,3.7,1843,23.3,2.67,0.0,0.0,712
17,32.8,61,4.0,1878,24.2,1.46,0.0,0.0,978
18,31.8,63,4.0,1849,23.8,0.81,0.0,0.0,1247
20,30.0,72,3.5,1765,24.3,0.09,0.0,0.0,1524
21,29.3,75,3.6,1674,24.4,0.0,0.0,0.0,1465
22,29.1,77,3.0,1559,24.6,0.0,0.0,0.0,1286
23,28.8,79,1.3,1484,24.7,0.0,0.0,0.0,942
0,28.7,79,2.2,1473,24.6,0.0,0.0,0.0,707
2,28.6,80,1.2,1163,24.8,0.0,0.0,0.0,309
3,28.6,81,1.1,1105,25.0,0.0,0.0,0.0,219
4,28.4,82,0.5,1144,25.0,0.0,0.0,0.0,162
5,28.3,83,1.7,969,25.1,0.0,0.0,0.0,258
6,28.3,83,1.1,900,25.1,0.0,0.0,0.0,546
7,28.5,82,0.8,914,25.1,0.09,0.0,0.0,699
8,28.7,86,1.4,532,26.1,0.32,0.5,0.0,797
11,31.3,70,1.0,1227,25.1,1.89,0.0,0.0,569
12,33.2,59,2.6,1289,24.0,2.37,0.0,0.0,613
13,34.3,54,2.2,1540,23.6,2.93,0.0,0.0,666
15,33.6,58,3.6,1448,24.1,1.98,0.0,0.0,646
16,34.6,55,2.5,1650,24.2,2.01,0.0,0.0,752
17,35.0,53,1.5,1618,23.9,1.78,0.0,0.0,1063
18,32.8,63,1.3,1799,24.8,0.31,0.0,0.0,1956
19,32.2,65,0.8,1894,24.7,0.1,0.0,0.0,1548
20,31.3,65,2.0,1586,23.9,0.02,0.0,0.0,1537
21,30.6,70,1.6,1542,24.4,0.0,0.0,0.0,1611
23,29.4,79,1.2,777,25.3,0.0,2.0,0.0,969
0,28.8,72,0.8,2000,23.2,0.0,0.0,0.0,842
1,28.2,68,0.9,2000,21.7,0.0,0.0,0.0,619
2,27.9,68,0.9,2000,21.4,0.0,0.0,0.0,443
5,27.1,69,0.9,2000,20.9,0.0,0.0,0.0,273
6,26.8,70,0.7,2000,20.8,0.0,0.0,0.0,634
7,27.0,69,0.8,2000,20.8,0.23,0.0,0.0,1059
8,28.5,64,2.0,2000,21.0,0.89,0.0,0.0,1695
9,29.3,66,1.1,2000,22.2,1.07,0.0,0.0,961
10,30.1,65,1.2,2000,22.7,1.11,0.0,0.0,635
11,31.4,59,0.8,2000,22.4,1.3,0.0,0.0,657
12,31.9,57,0.9,1981,22.3,1.28,0.0,0.0,770
13,33.0,55,1.0,1967,22.7,1.49,0.0,0.0,662
15,34.3,49,1.0,1633,22.0,1.62,0.0,0.0,698
16,35.4,45,2.6,1529,21.6,1.84,0.0,0.0,855
17,35.6,44,2.4,1860,21.4,1.69,0.0,0.0,1232
18,34.6,50,3.1,1821,22.6,1.0,0.0,0.0,2274
19,32.9,56,2.6,1944,22.9,0.4,0.0,0.0,1898
20,31.1,64,2.7,1770,23.4,0.02,0.0,0.0,1836
21,30.3,69,2.2,1834,23.9,0.0,0.0,0.0,1826
22,29.8,75,1.4,1609,24.8,0.0,0.0,0.0,1664
0,29.1,77,2.1,1465,24.6,0.0,0.0,0.0,853
1,28.5,80,1.5,1306,24.7,0.0,0.0,0.0,700
2,28.3,84,2.1,1099,25.3,0.0,0.0,0.0,489
3,28.3,84,0.5,1006,25.3,0.0,0.0,0.0,322
5,27.9,84,0.0,1172,24.9,0.0,0.0,0.0,260
6,27.6,84,1.2,1123,24.6,0.01,0.0,0.0,614
7,28.2,82,1.5,985,24.8,0.19,0.0,0.0,1079
8,28.6,80,1.6,708,24.8,0.49,0.0,0.0,1693
9,30.2,66,1.4,1131,23.1,1.48,0.0,0.0,920
10,31.6,58,2.3,1528,22.3,2.02,0.0,0.0,657
11,32.7,55,2.7,1836,22.4,2.44,0.0,0.0,624
12,34.1,46,1.6,1885,20.8,2.72,0.0,0.0,629
13,34.4,48,2.1,1921,21.7,2.37,0.0,0.0,673
15,34.5,47,3.2,1958,21.5,2.32,0.0,0.0,687
16,35.1,40,2.6,1989,19.4,2.29,0.0,0.0,839
17,35.0,37,2.6,2000,18.1,1.72,0.0,0.0,1266
18,34.5,45,2.0,2000,20.8,1.0,0.0,0.0,2326
20,31.0,66,2.9,1857,23.8,0.02,0.0,0.0,1822
22,29.5,73,0.9,1936,24.1,0.0,0.0,0.0,1628
23,29.1,77,0.4,1552,24.6,0.0,0.0,0.0,1180
0,28.9,75,1.6,1946,24.0,0.0,0.0,0.0,929
1,28.8,75,2.1,1975,23.9,0.0,0.0,0.0,733
4,28.1,81,1.5,1729,24.5,0.0,0.0,0.0,189
6,27.7,84,1.4,1436,24.7,0.0,0.0,0.0,619
7,27.9,81,1.8,1497,24.3,0.12,0.0,0.0,1088
8,28.6,75,1.2,1588,23.7,0.56,0.0,0.0,1731
9,29.4,64,2.3,1926,21.8,0.9,0.0,0.0,977
10,30.4,63,1.8,1883,22.5,1.32,0.0,0.0,649
11,30.8,63,2.4,1919,22.9,0.94,0.0,0.0,659
13,29.7,80,1.7,1312,25.8,0.73,0.4,0.0,628
14,30.8,69,1.8,1218,24.4,1.58,0.0,0.0,561
15,31.2,67,2.7,1368,24.3,1.39,0.0,0.0,644
17,28.8,83,4.0,969,25.6,0.39,1.1,0.0,740
18,28.1,86,2.3,1244,25.5,0.28,0.5,0.0,1850
19,28.2,82,0.4,1832,24.8,0.16,0.0,0.0,1698
21,27.8,82,0.3,1397,24.4,0.0,0.0,0.0,1654
22,27.5,82,0.4,1228,24.1,0.0,0.0,0.0,1494
23,27.3,81,0.0,1287,23.7,0.0,0.0,0.0,1075
1,26.9,84,0.2,1061,23.9,0.0,0.0,0.0,708
2,26.9,84,0.8,1007,23.9,0.0,0.0,0.0,484
3,26.7,84,0.4,994,23.7,0.0,0.0,0.0,346
4,26.3,85,0.4,1216,23.5,0.0,0.0,0.0,214
5,26.1,83,0.3,1617,22.9,0.0,0.0,0.0,283
6,25.7,83,0.6,1483,22.5,0.0,0.0,0.0,645
8,27.2,69,1.8,1999,21.0,0.7,0.0,0.0,1728
9,29.0,64,0.8,1987,21.4,1.45,0.0,0.0,892
10,30.5,58,0.6,1875,21.2,1.84,0.0,0.0,683
11,31.9,53,1.2,2000,21.1,2.33,0.0,0.0,697
12,33.4,47,1.3,2000,20.5,2.51,0.0,0.0,721
13,34.2,41,1.7,2000,19.0,2.31,0.0,0.0,696
14,35.1,44,1.6,2000,21.0,2.25,0.0,0.0,658
16,36.4,40,3.2,2000,20.6,2.59,0.0,0.0,853
18,35.2,44,2.6,2000,21.1,1.23,0.0,0.0,2289
19,33.4,49,2.6,2000,21.2,0.32,0.0,0.0,1903
21,31.3,55,0.9,2000,21.1,0.0,0.0,0.0,1641
22,30.9,54,0.8,2000,20.5,0.0,0.0,0.0,1544
23,30.4,58,1.4,2000,21.2,0.0,0.0,0.0,1198
0,29.8,63,2.0,2000,21.9,0.0,0.0,0.0,1022
1,29.0,67,1.1,2000,22.2,0.0,0.0,0.0,881
2,28.5,68,1.1,1839,22.0,0.0,0.0,0.0,691
3,27.9,69,0.8,2000,21.6,0.0,0.0,0.0,441
4,27.4,69,1.0,2000,21.2,0.0,0.0,0.0,266
5,26.9,69,0.7,2000,20.7,0.0,0.0,0.0,263
6,26.5,69,0.8,2000,20.3,0.0,0.0,0.0,355
7,26.7,67,0.8,2000,20.0,0.13,0.0,0.0,425
8,28.0,60,1.0,2000,19.5,0.91,0.0,0.0,647
9,29.7,58,1.3,1955,20.5,1.68,0.0,0.0,672
10,31.3,53,1.8,2000,20.5,2.34,0.0,0.0,643
11,31.5,54,2.5,1918,21.0,1.78,0.0,0.0,766
12,33.2,50,2.3,2000,21.3,2.84,0.0,0.0,759
13,34.1,45,1.5,1993,20.4,2.57,0.0,0.0,830
14,34.5,43,2.6,2000,20.0,2.37,0.0,0.0,733
16,35.6,39,2.7,2000,19.5,1.81,0.0,0.0,826
18,34.4,40,1.8,2000,18.8,0.65,0.0,0.0,1274
21,31.6,63,1.2,1980,23.6,0.0,0.0,0.0,1437
22,31.3,53,2.3,2000,20.5,0.0,0.0,0.0,1351
23,30.7,55,1.5,2000,20.6,0.0,0.0,0.0,1076
0,29.9,56,2.0,2000,20.1,0.0,0.0,0.0,997
1,29.4,58,1.5,2000,20.2,0.0,0.0,0.0,703
2,29.0,60,1.4,2000,20.4,0.0,0.0,0.0,554
3,28.5,62,1.6,2000,20.5,0.0,0.0,0.0,387
5,27.7,65,1.4,2000,20.5,0.0,0.0,0.0,196
6,27.2,66,0.9,2000,20.2,0.0,0.0,0.0,261
7,27.4,61,0.6,2000,19.2,0.17,0.0,0.0,316
8,28.6,54,1.1,2000,18.3,0.82,0.0,0.0,520
9,29.7,55,1.6,2000,19.6,1.44,0.0,0.0,568
10,31.6,51,2.3,1969,20.2,2.3,0.0,0.0,483
11,32.8,49,2.8,2000,20.6,2.87,0.0,0.0,526
13,34.0,47,1.4,2000,21.0,2.24,0.0,0.0,704
15,34.9,46,2.0,2000,21.5,1.54,0.0,0.0,820
17,33.7,48,2.3,2000,21.1,0.41,0.0,0.0,1156
19,32.0,76,2.1,692,27.2,0.1,1.0,0.0,1117
20,29.4,86,1.1,1194,26.8,0.03,4.0,0.0,1208
21,28.9,83,0.3,1449,25.7,0.0,0.0,0.0,1337
22,28.8,79,0.2,1604,24.7,0.0,0.0,0.0,1127
23,28.7,81,0.4,1586,25.1,0.0,0.0,0.0,707
2,28.1,78,0.9,1191,23.8,0.0,0.0,0.0,212
3,27.7,88,0.5,833,25.5,0.0,0.0,0.0,196
4,27.1,91,0.9,585,25.4,0.0,0.0,0.0,151
5,26.8,90,0.6,591,25.0,0.0,0.0,0.0,230
6,26.7,89,0.6,615,24.7,0.0,0.0,0.0,594
7,27.0,86,0.9,718,24.4,0.22,0.0,0.0,1065
9,29.4,74,2.0,917,24.2,1.18,0.0,0.0,903
11,31.7,58,1.1,1584,22.4,1.27,0.0,0.0,677
12,33.4,54,2.6,1648,22.8,2.09,0.0,0.0,724
13,33.0,54,1.7,1458,22.4,1.23,0.0,0.0,698
14,33.6,55,1.1,1375,23.3,0.94,0.0,0.0,651
15,34.0,51,1.8,1508,22.4,0.98,0.0,0.0,709
16,33.5,52,2.2,1804,22.2,0.91,0.0,0.0,901
17,33.2,55,2.7,1600,22.9,0.55,0.0,0.0,1358
20,31.0,64,2.9,1992,23.3,0.01,0.0,0.0,1847
21,30.4,66,1.6,2000,23.3,0.0,0.0,0.0,1851
23,29.6,63,0.1,2000,21.8,0.0,0.0,0.0,1086
1,28.9,71,1.2,1982,23.1,0.0,0.0,0.0,681
2,28.6,70,1.5,2000,22.5,0.0,0.0,0.0,467
3,28.4,73,1.4,1990,23.0,0.0,0.0,0.0,345
5,27.9,71,0.3,2000,22.1,0.0,0.0,0.0,254
7,27.9,71,0.4,2000,22.1,0.13,0.0,0.0,1097
8,29.3,63,0.9,1810,21.5,0.76,0.0,0.0,1708
11,32.4,54,1.9,1962,21.8,0.96,0.0,0.0,636
12,33.9,49,1.5,1841,21.6,1.91,0.0,0.0,699
13,35.7,38,2.4,1863,19.1,2.5,0.0,0.0,695
15,37.2,38,2.5,1832,20.5,2.68,0.0,0.0,700
16,36.3,41,2.4,1957,20.9,1.85,0.0,0.0,920
17,34.7,51,3.0,2000,23.0,1.22,0.0,0.0,1306
18,33.7,53,2.4,2000,22.7,0.78,0.0,0.0,2305
19,32.7,56,2.2,2000,22.7,0.33,0.0,0.0,1972
20,31.8,59,0.9,2000,22.7,0.0,0.0,0.0,1705
21,31.3,59,0.3,2000,22.3,0.0,0.0,0.0,1684
22,30.9,63,0.7,2000,23.0,0.0,0.0,0.0,1587
23,30.3,65,0.4,2000,22.9,0.0,0.0,0.0,1165
1,29.6,69,0.4,1942,23.3,0.0,0.0,0.0,850
2,29.5,68,0.4,1949,22.9,0.0,0.0,0.0,676
3,29.1,70,0.3,1952,23.0,0.0,0.0,0.0,474
4,28.8,73,0.5,1835,23.4,0.0,0.0,0.0,310
6,28.4,74,1.0,1700,23.3,0.0,0.0,0.0,346
7,28.6,71,0.6,1797,22.8,0.17,0.0,0.0,429
8,29.9,60,0.8,1772,21.2,0.83,0.0,0.0,553
10,33.5,49,1.0,1937,21.3,2.09,0.0,0.0,547
11,35.4,44,1.2,1887,21.2,2.58,0.0,0.0,586
12,36.5,41,1.1,1807,21.1,2.73,0.0,0.0,563
13,36.9,39,1.5,2000,20.6,2.46,0.0,0.0,591
14,37.2,38,0.9,1976,20.5,1.96,0.0,0.0,627
15,37.4,38,1.4,2000,20.6,1.72,0.0,0.0,761
16,36.6,39,0.7,2000,20.3,0.44,0.0,0.0,877
17,33.6,55,3.9,1929,23.3,0.86,0.0,0.0,960
18,32.8,63,2.3,1546,24.8,0.89,0.1,0.0,925
19,28.7,76,0.7,2000,24.0,0.11,0.9,0.0,1301
20,28.4,69,1.5,2000,22.1,0.01,0.0,0.0,1500
21,28.6,69,1.3,2000,22.3,0.0,0.0,0.0,1507
22,28.6,67,1.0,2000,21.8,0.0,0.0,0.0,1350
23,28.5,69,1.1,2000,22.2,0.0,0.0,0.0,1008
0,28.4,68,0.9,2000,21.9,0.0,0.0,0.0,808
1,28.2,70,1.0,2000,22.2,0.0,0.0,0.0,535
2,28.1,68,0.8,2000,21.6,0.0,0.0,0.0,381
3,27.9,68,0.6,2000,21.4,0.0,0.0,0.0,252
5,28.0,66,0.5,2000,21.0,0.0,0.0,0.0,263
6,27.5,72,1.1,2000,21.9,0.0,0.0,0.0,631
7,27.6,71,1.2,2000,21.8,0.14,0.0,0.0,1105
9,30.6,55,1.1,2000,20.5,1.46,0.0,0.0,876
10,31.9,51,2.2,1939,20.4,2.04,0.0,0.0,612
11,33.5,48,2.4,1968,20.9,2.71,0.0,0.0,672
12,34.5,44,2.2,2000,20.4,3.19,0.0,0.0,668
13,35.1,39,2.0,2000,19.0,3.45,0.0,0.0,652
14,35.3,40,2.0,2000,19.6,3.17,0.0,0.0,638
16,34.5,37,1.9,2000,17.6,2.36,0.0,0.0,902
17,33.8,37,2.2,2000,17.0,1.74,0.0,0.0,1384
18,32.4,40,2.1,2000,17.0,1.04,0.0,0.0,2481
20,27.9,47,1.9,2000,15.5,0.01,0.0,0.0,2114
21,26.8,46,2.0,2000,14.2,0.0,0.0,0.0,2127
22,25.9,45,2.1,2000,13.0,0.0,0.0,0.0,1943
23,25.0,44,2.2,2000,11.8,0.0,0.0,0.0,1446
0,24.1,45,2.0,2000,11.4,0.0,0.0,0.0,1109
1,23.4,47,2.1,2000,11.4,0.0,0.0,0.0,842
2,22.8,50,1.4,2000,11.8,0.0,0.0,0.0,572
3,22.4,52,1.3,2000,12.0,0.0,0.0,0.0,375
4,22.1,54,1.6,2000,12.3,0.0,0.0,0.0,276
5,21.8,55,1.9,2000,12.3,0.0,0.0,0.0,304
7,22.0,49,1.7,2000,10.7,0.23,0.0,0.0,1271
9,25.5,40,2.6,1990,10.8,1.7,0.0,0.0,1069
11,28.8,33,2.2,1951,10.9,2.85,0.0,0.0,844
13,31.3,30,2.1,2000,11.6,3.3,0.0,0.0,820
14,32.7,27,2.0,1964,11.2,3.21,0.0,0.0,791
15,33.5,26,2.1,2000,11.3,2.9,0.0,0.0,970
17,33.1,27,1.9,1975,11.5,1.76,0.0,0.0,1666
18,32.5,28,1.4,2000,11.6,1.06,0.0,0.0,2797
19,31.0,31,1.5,2000,11.8,0.34,0.0,0.0,2353
20,28.4,40,1.7,1887,13.4,0.0,0.0,0.0,2130
22,26.0,45,1.7,2000,13.1,0.0,0.0,0.0,1787
0,24.5,48,1.2,2000,12.7,0.0,0.0,0.0,1191
1,23.9,51,0.9,2000,13.1,0.0,0.0,0.0,969
4,22.6,55,1.4,2000,13.0,0.0,0.0,0.0,316
5,22.0,58,1.0,2000,13.3,0.0,0.0,0.0,262
6,21.6,60,1.0,2000,13.4,0.0,0.0,0.0,397
7,21.7,57,1.3,2000,12.8,0.23,0.0,0.0,475
8,23.2,47,1.0,2000,11.2,0.93,0.0,0.0,754
9,25.3,42,1.4,1921,11.4,1.7,0.0,0.0,771
10,27.0,37,1.2,1962,11.0,2.32,0.0,0.0,769
11,28.4,35,1.6,2000,11.4,2.82,0.0,0.0,857
13,31.1,30,1.5,2000,11.4,3.24,0.0,0.0,1003
14,31.0,31,1.8,1999,11.8,2.8,0.0,0.0,1121
15,31.7,30,1.9,1943,11.9,2.23,0.0,0.0,1196
16,31.8,33,2.1,2000,13.5,1.88,0.0,0.0,1398
17,29.9,39,2.9,2000,14.4,0.86,0.0,0.0,1806
18,30.1,37,2.1,2000,13.8,0.88,0.0,0.0,1979
19,28.5,45,1.6,2000,15.4,0.23,0.0,0.0,2127
21,26.8,48,0.9,2000,14.8,0.0,0.0,0.0,1886
22,26.3,48,0.8,2000,14.4,0.0,0.0,0.0,1681
23,25.9,52,1.3,2000,15.2,0.0,0.0,0.0,1342
0,25.3,53,2.4,2000,15.0,0.0,0.0,0.0,1100
1,25.0,57,0.9,2000,15.8,0.0,0.0,0.0,844
2,24.5,59,0.3,2000,15.9,0.0,0.0,0.0,611
3,24.0,59,0.6,2000,15.4,0.0,0.0,0.0,425
4,23.6,61,0.3,2000,15.6,0.0,0.0,0.0,264
5,23.4,63,0.3,2000,15.9,0.0,0.0,0.0,223
6,23.1,64,0.6,2000,15.9,0.0,0.0,0.0,260
7,23.3,64,1.0,2000,16.0,0.1,0.0,0.0,392
8,24.4,58,0.8,2000,15.5,0.45,0.0,0.0,592
9,26.3,50,0.7,1980,15.0,1.28,0.0,0.0,645
10,27.3,49,0.9,1968,15.6,1.17,0.0,0.0,732
11,28.4,43,1.0,1914,14.6,1.52,0.0,0.0,795
12,30.9,37,1.8,1858,14.5,2.98,0.0,0.0,926
13,32.4,33,2.7,1893,14.0,3.1,0.0,0.0,943
14,33.4,31,1.2,1962,13.9,2.73,0.0,0.0,972
15,33.8,31,1.6,2000,14.3,2.45,0.0,0.0,1181
16,33.3,32,2.4,2000,14.3,1.98,0.0,0.0,1395
17,32.7,33,2.5,1994,14.3,1.18,0.0,0.0,1721
18,32.3,41,1.9,2000,17.3,0.62,0.0,0.0,1928
19,29.7,55,2.5,2000,19.6,0.23,0.0,0.0,2186
20,28.5,58,1.4,2000,19.4,0.0,0.0,0.0,2029
21,27.9,61,0.7,2000,19.6,0.0,0.0,0.0,1821
22,27.7,62,0.6,2000,19.7,0.0,0.0,0.0,1546
23,27.5,60,0.3,2000,19.0,0.0,0.0,0.0,1016
2,26.3,65,0.3,2000,19.1,0.0,0.0,0.0,352
3,26.1,65,0.6,2000,18.9,0.0,0.0,0.0,255
4,26.2,65,1.1,1542,19.0,0.0,0.0,0.0,193
5,25.7,68,0.8,1395,19.3,0.0,0.0,0.0,281
6,25.3,67,1.5,1450,18.7,0.0,0.0,0.0,675
7,25.4,60,1.4,1879,17.0,0.16,0.0,0.0,1285
8,26.6,54,1.1,1739,16.5,0.75,0.0,0.0,1912
9,27.5,54,1.0,1993,17.3,0.81,0.0,0.0,993
10,29.3,49,2.0,1875,17.4,1.65,0.0,0.0,719
11,31.2,45,1.9,1810,17.8,2.72,0.0,0.0,766
12,31.7,45,2.5,1814,18.3,1.96,0.0,0.0,808
13,31.6,46,2.7,1864,18.5,1.77,0.0,0.0,847
15,32.9,45,1.9,1877,19.3,1.84,0.0,0.0,992
16,32.3,45,2.8,1928,18.8,0.98,0.0,0.0,1253
17,32.1,44,2.6,1731,18.3,0.6,0.0,0.0,1704
18,31.6,47,2.1,1867,18.9,0.26,0.0,0.0,2628
19,30.8,55,1.9,1170,20.7,0.06,0.0,0.0,2162
20,29.8,61,3.4,1525,21.4,0.0,0.0,0.0,1999
21,29.3,63,3.1,1677,21.5,0.0,0.0,0.0,1971
23,28.5,62,4.9,1882,20.5,0.0,0.0,0.0,1241
0,28.3,59,3.7,1945,19.5,0.0,0.0,0.0,898
1,28.0,61,3.9,1890,19.7,0.0,0.0,0.0,690
2,27.6,60,4.3,1854,19.1,0.0,0.0,0.0,376
3,26.8,62,4.5,1742,18.9,0.0,0.1,0.0,173
6,23.8,89,3.3,882,21.8,0.0,1.5,0.0,73
7,23.4,94,2.4,1773,22.3,0.02,2.0,0.0,608
10,24.8,82,3.2,1732,21.5,0.34,0.0,0.0,402
12,25.7,74,3.4,1951,20.7,1.16,0.0,0.0,848
13,27.1,66,2.6,1895,20.1,1.54,0.0,0.0,827
14,28.5,58,2.6,1965,19.4,1.93,0.0,0.0,788
15,29.5,57,2.0,2000,20.0,2.1,0.0,0.0,957
17,30.8,52,2.3,1953,19.8,1.49,0.0,0.0,1663
18,30.3,56,1.7,2000,20.5,0.8,0.0,0.0,2830
19,29.2,62,1.7,2000,21.1,0.31,0.0,0.0,2364
20,27.7,69,1.6,1992,21.4,0.01,0.0,0.0,2169
21,26.8,72,0.4,1985,21.3,0.0,0.0,0.0,2057
23,25.6,75,0.1,1892,20.8,0.0,0.0,0.0,1277
0,25.1,79,0.5,1891,21.1,0.0,0.0,0.0,1025
1,24.6,79,0.6,1884,20.7,0.0,0.0,0.0,782
2,24.2,79,0.6,1882,20.3,0.0,0.0,0.0,512
3,24.1,80,0.8,1920,20.4,0.0,0.0,0.0,346
4,23.6,81,0.8,1943,20.1,0.0,0.0,0.0,214
5,23.4,82,0.4,2000,20.1,0.0,0.0,0.0,289
6,23.7,78,0.3,2000,19.6,0.0,0.0,0.0,655
7,24.3,74,0.6,1999,19.3,0.1,0.0,0.0,1330
8,25.7,66,0.9,1976,18.8,0.64,0.0,0.0,1990
9,28.0,56,1.5,1982,18.3,1.57,0.0,0.0,1015
10,30.2,52,1.4,1923,19.2,2.13,0.0,0.0,700
11,32.1,49,1.6,1874,20.0,2.63,0.0,0.0,710
12,33.9,45,1.4,1923,20.2,2.95,0.0,0.0,784
15,36.8,36,1.0,2000,19.2,2.46,0.0,0.0,842
16,37.4,35,1.3,2000,19.3,2.0,0.0,0.0,993
17,36.4,39,1.2,2000,20.2,1.15,0.0,0.0,1495
18,35.4,40,1.0,2000,19.7,0.34,0.0,0.0,2528
19,35.2,41,0.5,2000,19.9,0.31,0.0,0.0,2087
20,33.2,51,1.0,2000,21.6,0.02,0.0,0.0,1808
22,32.1,47,2.0,2000,19.3,0.0,0.0,0.0,1556
23,31.2,50,1.8,2000,19.5,0.0,0.0,0.0,1117
0,30.7,52,1.3,2000,19.7,0.0,0.0,0.0,908
1,30.1,54,0.8,2000,19.7,0.0,0.0,0.0,745
3,29.7,52,1.4,2000,18.7,0.0,0.0,0.0,304
4,29.3,54,1.0,2000,19.0,0.0,0.0,0.0,168
6,28.3,55,1.5,2000,18.3,0.0,0.0,0.0,492
7,28.3,55,1.1,2000,18.3,0.03,0.0,0.0,720
8,28.1,58,1.3,2000,19.0,0.14,0.0,0.0,1678
9,29.3,54,1.5,2000,19.0,0.82,0.0,0.0,924
10,30.2,52,1.8,2000,19.2,0.93,0.0,0.0,551
11,29.9,57,1.7,1992,20.4,0.88,0.1,0.0,711
12,31.9,49,1.9,2000,19.8,1.85,0.0,0.0,769
13,31.0,53,1.9,2000,20.2,0.79,0.0,0.0,584
14,30.5,59,2.0,2000,21.5,0.84,0.1,0.0,740
15,32.0,53,2.1,1992,21.2,1.57,0.0,0.0,837
16,31.7,56,1.9,2000,21.8,0.92,0.0,0.0,944
18,30.6,55,2.3,2000,20.5,0.11,0.0,0.0,1447
19,30.0,59,2.2,1970,21.1,0.01,0.0,0.0,582
20,29.2,62,2.1,1952,21.1,0.0,0.1,0.0,257
21,27.8,72,2.0,2000,22.2,0.0,0.1,0.0,189
1,25.7,80,2.0,2000,21.9,0.0,0.2,0.0,208
2,25.4,85,2.0,1453,22.6,0.0,0.8,0.0,83
4,24.5,88,2.0,1433,22.3,0.0,1.0,0.0,30
5,24.6,88,1.5,1967,22.4,0.0,0.5,0.0,45
7,24.2,88,2.3,2000,22.0,0.05,0.0,0.0,400
8,24.4,86,1.7,2000,21.8,0.13,0.0,0.0,578
9,24.8,85,1.7,2000,22.0,0.32,0.0,0.0,484
10,26.0,77,2.2,2000,21.6,0.61,0.0,0.0,286
12,25.8,81,3.2,1828,22.2,0.8,0.0,0.0,355
13,25.8,78,2.8,2000,21.6,0.95,0.0,0.0,274
14,24.4,93,2.9,250,23.1,0.26,1.5,0.0,152
15,24.0,94,3.1,1188,22.9,0.41,0.5,0.0,405
19,23.6,86,3.0,1275,21.1,0.04,0.0,0.0,948
20,23.5,81,3.5,2000,20.0,0.0,0.0,0.0,1162
21,23.5,79,3.6,2000,19.6,0.0,0.0,0.0,1300
22,23.5,79,2.9,1860,19.6,0.0,0.0,0.0,1202
0,23.2,81,2.4,1976,19.7,0.0,0.0,0.0,980
1,23.0,82,2.1,1922,19.7,0.0,0.0,0.0,886
2,22.9,82,2.1,1829,19.6,0.0,0.0,0.0,708
3,23.1,80,2.0,1849,19.4,0.0,0.0,0.0,456
5,23.3,79,1.7,1592,19.4,0.0,0.0,0.0,232
7,23.7,76,1.9,1281,19.2,0.08,0.0,0.0,490
9,25.3,72,2.4,1220,19.8,1.08,0.0,0.0,808
10,26.3,67,3.2,1673,19.6,1.48,0.0,0.0,858
11,28.0,57,3.3,1827,18.6,2.71,0.0,0.0,916
13,28.6,54,2.9,1925,18.3,1.85,0.0,0.0,1231
14,29.2,52,3.1,1735,18.3,2.68,0.0,0.0,1261
15,28.1,53,4.5,1953,17.6,1.6,0.0,0.0,1516
17,26.9,60,2.8,2000,18.4,0.77,0.0,0.0,1797
18,27.1,56,3.0,1987,17.5,0.87,0.0,0.0,2080
19,25.8,62,3.3,2000,17.9,0.27,0.0,0.0,2043
20,24.6,65,2.9,2000,17.5,0.0,0.0,0.0,2022
21,23.9,71,2.3,2000,18.3,0.0,0.0,0.0,1937
22,23.4,75,1.6,2000,18.7,0.0,0.0,0.0,1717
23,22.9,78,1.4,2000,18.8,0.0,0.0,0.0,1357
0,22.8,78,1.5,2000,18.7,0.0,0.0,0.0,1163
1,22.5,80,0.6,2000,18.8,0.0,0.0,0.0,769
2,22.1,84,0.6,2000,19.2,0.0,0.0,0.0,600
3,21.6,85,0.1,1982,18.9,0.0,0.0,0.0,426
4,21.2,86,0.5,1724,18.7,0.0,0.0,0.0,290
6,20.4,88,0.6,1064,18.3,0.0,0.0,0.0,243
7,20.7,85,0.5,1052,18.0,0.11,0.0,0.0,381
9,24.2,64,1.2,1985,16.9,1.48,0.0,0.0,725
10,26.3,53,1.6,2000,15.9,2.19,0.0,0.0,681
11,28.0,46,1.7,1990,15.2,2.73,0.0,0.0,791
12,28.9,42,2.0,1975,14.6,2.5,0.0,0.0,1070
13,27.8,54,3.5,2000,17.6,1.15,0.0,0.0,657
14,25.8,69,3.6,1309,19.6,0.56,0.1,0.0,417
15,24.3,64,1.8,1931,17.0,0.59,0.0,0.0,782
16,23.5,56,2.3,2000,14.2,0.5,0.1,0.0,1025
18,23.4,67,0.6,2000,16.9,0.36,0.0,0.0,1479
19,22.7,69,1.9,2000,16.7,0.08,0.0,0.0,1596
20,22.4,64,0.8,2000,15.2,0.0,0.0,0.0,1674
21,22.5,65,1.1,2000,15.5,0.0,0.0,0.0,1276
22,21.2,81,1.0,1808,17.8,0.0,1.3,0.0,764
23,20.8,84,0.9,1078,17.9,0.0,0.5,0.0,348
0,20.5,85,1.0,2000,17.8,0.0,0.0,0.0,325
1,20.5,89,0.5,235,18.6,0.0,1.5,0.0,61
2,20.3,97,0.7,315,19.8,0.0,1.0,0.0,44
4,20.5,97,0.1,257,20.0,0.0,3.5,0.0,27
7,20.8,98,0.5,299,20.4,0.02,2.0,0.0,103
8,21.3,97,1.3,1029,20.7,0.17,0.5,0.0,328
10,21.7,97,1.0,1249,21.1,0.29,2.5,0.0,104
11,22.0,96,1.6,602,21.3,0.36,0.5,0.0,148
13,22.9,92,1.2,459,21.5,1.09,0.5,0.0,149
14,23.3,89,1.5,1435,21.3,1.23,0.5,0.0,231
15,24.4,87,1.5,1153,22.0,1.44,0.0,0.0,580
16,24.7,85,1.2,1143,22.0,0.99,0.0,0.0,886
17,24.9,82,0.9,2000,21.6,0.67,0.0,0.0,1356
18,24.8,83,0.8,1947,21.7,0.26,0.0,0.0,2153
19,24.7,83,0.4,2000,21.6,0.1,0.0,0.0,1615
20,24.4,85,0.7,2000,21.7,0.01,0.0,0.0,1560
21,23.9,88,0.8,2000,21.7,0.0,0.0,0.0,1762
22,23.5,88,0.6,2000,21.3,0.0,0.0,0.0,1571
0,23.5,88,0.6,2000,21.3,0.0,0.0,0.0,870
1,23.1,94,0.6,2000,22.0,0.0,0.0,0.0,653
3,22.9,93,0.6,2000,21.7,0.0,0.0,0.0,281
4,22.6,95,0.4,1919,21.7,0.0,0.0,0.0,200
5,22.5,96,0.3,1605,21.8,0.0,0.0,0.0,218
6,22.5,90,0.6,1149,20.7,0.0,0.0,0.0,581
7,22.6,88,0.8,2000,20.5,0.06,0.0,0.0,1182
8,23.4,83,0.8,1998,20.3,0.32,0.0,0.0,1841
9,24.2,80,1.2,1708,20.5,0.57,0.0,0.0,865
10,25.4,75,0.7,1995,20.6,0.96,0.0,0.0,670
11,25.9,79,1.7,1900,21.9,0.9,0.0,0.0,411
12,25.2,89,1.4,340,23.2,0.32,2.0,0.0,25
13,24.6,97,0.5,765,24.0,0.1,9.5,0.0,31
15,25.2,96,0.6,1754,24.5,0.51,0.5,0.0,122
16,25.0,97,0.7,1181,24.4,0.17,2.5,0.0,60
17,24.8,96,1.8,564,24.1,0.14,2.5,0.0,39
20,23.3,97,3.3,183,22.7,0.0,15.5,0.0,10
21,22.9,98,2.1,1146,22.5,0.0,29.5,0.0,122
22,22.9,97,1.3,2000,22.3,0.0,0.5,0.0,64
23,22.8,97,1.0,600,22.2,0.0,3.5,0.0,59
0,22.7,96,0.3,2000,22.0,0.0,1.0,0.0,208
1,22.8,97,0.5,2000,22.2,0.0,0.5,0.0,334
2,24.2,91,3.6,1735,22.6,0.0,0.0,0.0,243
3,24.5,87,4.3,1985,22.1,0.0,0.0,0.0,171
4,24.6,86,4.0,1968,22.0,0.0,0.0,0.0,128
5,24.6,87,3.6,1966,22.2,0.0,0.0,0.0,109
6,24.7,85,3.8,2000,22.0,0.0,0.0,0.0,346
7,25.0,85,3.0,2000,22.2,0.02,0.0,0.0,862
8,25.3,83,3.4,1982,22.1,0.14,0.0,0.0,1595
9,25.8,79,2.7,1963,21.8,0.3,0.0,0.0,867
10,26.4,78,2.7,2000,22.2,0.44,0.0,0.0,642
11,26.9,74,3.2,2000,21.8,0.45,0.0,0.0,671
12,27.4,72,4.2,1989,21.8,0.54,0.0,0.0,648
13,27.1,75,3.7,1972,22.2,0.28,0.0,0.0,540
14,26.8,77,3.5,1965,22.4,0.11,0.0,0.0,490
15,26.9,77,2.5,1937,22.5,0.26,0.0,0.0,583
17,24.6,93,0.9,1451,23.3,0.0,1.5,0.0,160
18,23.9,96,0.2,991,23.2,0.0,1.5,0.0,57
20,23.4,98,0.6,70,23.0,0.0,21.0,0.0,19
21,23.7,98,0.6,410,23.3,0.0,5.5,0.0,22
22,24.3,97,2.1,1028,23.7,0.0,4.5,0.0,74
23,24.2,94,0.9,1808,23.1,0.0,1.0,0.0,198
0,24.7,94,2.8,1270,23.6,0.0,0.0,0.0,214
1,24.9,92,2.2,1125,23.5,0.0,0.5,0.0,99
2,24.7,96,1.0,337,24.0,0.0,6.5,0.0,80
3,24.1,97,2.5,1989,23.5,0.0,1.5,0.0,81
4,23.9,96,0.4,1797,23.2,0.0,0.0,0.0,42
5,24.0,97,0.9,1347,23.4,0.0,0.5,0.0,73
6,24.2,96,1.6,1206,23.5,0.0,0.0,0.0,285
7,24.3,96,1.4,1025,23.6,0.04,0.0,0.0,771
8,24.6,96,1.0,883,23.9,0.19,0.0,0.0,1330
9,25.0,92,1.1,782,23.6,0.39,0.0,0.0,846
10,26.1,81,1.5,860,22.5,1.05,0.0,0.0,589
11,26.2,82,2.6,834,22.8,0.59,0.0,0.0,716
13,28.2,66,2.2,1006,21.2,1.81,0.0,0.0,865
14,27.5,66,2.8,989,20.5,0.76,0.0,0.0,837
16,27.6,68,2.1,1038,21.1,1.46,0.0,0.0,1142
17,26.8,73,2.6,916,21.5,0.37,0.0,0.0,1473
18,26.1,72,2.4,1066,20.6,0.19,0.0,0.0,1887
19,25.1,74,2.1,1105,20.1,0.0,0.5,0.0,1707
20,24.9,70,1.2,1377,19.0,0.0,0.0,0.0,1685
21,24.8,72,1.4,1298,19.4,0.0,0.0,0.0,1732
22,24.6,71,1.5,1319,18.9,0.0,0.0,0.0,1582
23,24.3,71,0.8,1549,18.6,0.0,0.0,0.0,1173
1,23.7,77,1.1,1099,19.4,0.0,0.0,0.0,652
2,23.4,79,0.4,1045,19.5,0.0,0.0,0.0,381
4,23.2,83,1.6,1102,20.1,0.0,0.0,0.0,170
5,23.1,84,0.5,1022,20.2,0.0,0.0,0.0,217
6,22.9,83,0.0,1239,19.8,0.0,0.0,0.0,436
7,22.9,83,0.6,1127,19.8,0.01,0.0,0.0,828
8,23.1,80,0.2,1066,19.4,0.27,0.1,0.0,1686
10,25.5,53,2.3,1843,15.2,1.81,0.0,0.0,794
11,26.7,51,2.7,1925,15.7,2.65,0.0,0.0,868
12,27.8,47,2.9,1905,15.4,2.99,0.0,0.0,982
13,28.7,46,2.6,1815,15.9,3.1,0.0,0.0,965
14,29.3,41,1.9,1928,14.6,3.0,0.0,0.0,987
16,29.7,51,3.0,2000,18.4,2.27,0.0,0.0,1404
17,29.1,49,2.8,1969,17.2,1.57,0.0,0.0,1869
18,28.4,57,2.4,2000,19.0,0.84,0.0,0.0,2836
19,26.5,69,2.3,2000,20.3,0.18,0.0,0.0,2372
20,25.4,74,1.6,2000,20.4,0.0,0.0,0.0,1995
21,24.5,78,1.2,2000,20.4,0.0,0.0,0.0,1931
22,24.1,80,0.9,1852,20.4,0.0,0.0,0.0,1789
23,23.8,81,0.6,1893,20.3,0.0,0.0,0.0,1329
0,23.2,83,0.5,1887,20.1,0.0,0.0,0.0,1075
1,22.7,83,0.1,1940,19.6,0.0,0.0,0.0,975
2,22.0,86,0.4,1703,19.5,0.0,0.0,0.0,785
3,21.6,87,0.3,1579,19.3,0.0,0.0,0.0,514
4,21.2,88,0.9,1183,19.1,0.0,0.0,0.0,338
5,21.1,87,0.6,1116,18.8,0.0,0.0,0.0,260
7,21.1,81,1.0,1738,17.7,0.14,0.0,0.0,511
8,22.3,64,1.7,2000,15.1,0.75,0.0,0.0,812
9,24.1,56,2.1,1956,14.7,1.46,0.0,0.0,925
10,26.0,54,1.5,2000,15.9,2.13,0.0,0.0,861
11,27.6,47,1.2,2000,15.2,2.63,0.0,0.0,981
12,28.9,46,1.6,1966,16.1,2.96,0.0,0.0,1086
15,30.0,45,0.9,2000,16.7,2.1,0.0,0.0,1480
16,30.5,41,1.4,1930,15.7,1.95,0.0,0.0,1678
17,29.6,42,1.3,2000,15.3,0.98,0.0,0.0,1845
18,28.8,46,1.3,2000,16.0,0.58,0.0,0.0,1892
19,27.8,48,1.1,2000,15.7,0.08,0.0,0.0,1891
20,26.9,49,2.1,2000,15.2,0.0,0.0,0.0,1440
21,26.0,52,1.4,2000,15.3,0.0,0.0,0.0,1110
22,25.1,53,2.0,2000,14.8,0.0,0.0,0.0,992
23,24.4,54,1.6,2000,14.4,0.0,0.0,0.0,1523
0,23.5,56,1.5,2000,14.2,0.0,0.0,0.0,1336
1,22.8,59,1.5,2000,14.3,0.0,0.0,0.0,930
2,22.0,60,1.2,2000,13.8,0.0,0.0,0.0,610
3,21.5,61,1.3,2000,13.6,0.0,0.0,0.0,440
4,21.1,62,1.8,2000,13.5,0.0,0.0,0.0,255
5,20.6,65,1.1,2000,13.7,0.0,0.0,0.0,179
6,20.2,66,1.0,2000,13.6,0.0,0.0,0.0,249
7,20.2,65,1.4,2000,13.4,0.16,0.0,0.0,388
8,21.3,57,1.3,2000,12.4,0.81,0.0,0.0,576
9,23.4,52,1.3,1997,12.9,1.53,0.0,0.0,721
10,25.0,47,1.5,2000,12.8,2.17,0.0,0.0,802
11,26.5,44,1.4,1958,13.2,2.62,0.0,0.0,940
12,27.5,43,1.4,1959,13.7,2.75,0.0,0.0,1075
13,28.5,42,1.7,1990,14.3,2.94,0.0,0.0,1254
15,29.3,43,1.5,1958,15.4,2.4,0.0,0.0,1550
16,29.3,44,1.4,1997,15.7,1.32,0.0,0.0,1853
17,28.8,47,2.0,1998,16.3,1.0,0.0,0.0,2069
18,27.9,52,1.7,2000,17.1,0.2,0.0,0.0,2118
20,26.9,56,1.6,2000,17.3,0.0,0.0,0.0,1838
21,26.2,62,2.3,2000,18.3,0.0,0.0,0.0,1759
22,25.7,64,1.1,2000,18.3,0.0,0.0,0.0,1511
23,25.1,65,2.2,2000,18.0,0.0,0.0,0.0,1047
1,24.5,68,0.5,2000,18.1,0.0,0.0,0.0,524
2,24.3,68,1.0,2000,18.0,0.0,0.0,0.0,321
3,24.2,70,0.3,2000,18.3,0.0,0.0,0.0,211
4,24.0,70,1.2,2000,18.1,0.0,0.0,0.0,153
5,23.9,70,1.5,2000,18.0,0.0,0.0,0.0,264
6,23.8,71,1.2,2000,18.2,0.0,0.0,0.0,656
7,23.9,71,0.4,2000,18.3,0.02,0.0,0.0,1287
8,24.2,70,1.4,2000,18.3,0.16,0.0,0.0,1580
9,23.6,86,1.2,336,21.1,0.14,2.0,0.0,719
10,23.3,89,0.7,1716,21.3,0.2,0.5,0.0,434
11,23.7,86,0.6,1798,21.2,0.31,0.0,0.0,443
12,23.9,83,1.1,1901,20.8,0.27,0.0,0.0,673
13,24.9,78,1.5,1910,20.7,0.72,0.0,0.0,731
15,25.7,81,0.7,1825,22.1,0.43,0.0,0.0,137
16,25.5,91,1.3,403,23.9,0.23,3.5,0.0,39
17,22.7,96,4.9,452,22.0,0.07,13.0,0.0,23
18,21.9,97,1.8,757,21.3,0.02,13.0,0.0,113
20,21.5,97,0.3,2000,20.9,0.0,0.5,0.0,151
21,21.6,97,0.5,646,21.0,0.0,0.5,0.0,110
23,21.7,97,0.8,838,21.1,0.0,0.0,0.0,486
1,21.3,97,1.1,570,20.7,0.0,0.0,0.0,486
3,20.6,97,0.2,500,20.1,0.0,0.0,0.0,223
4,20.4,97,2.7,704,19.9,0.0,0.0,0.0,186
5,20.2,97,1.2,528,19.7,0.0,0.0,0.0,219
6,20.0,97,0.0,647,19.5,0.0,0.0,0.0,602
7,20.1,97,1.9,443,19.6,0.03,0.0,0.0,1289
8,20.5,90,1.9,490,18.7,0.53,0.0,0.0,2059
9,21.6,81,2.3,1669,18.1,1.2,0.0,0.0,1083
10,23.1,73,3.1,2000,17.9,2.24,0.0,0.0,822
12,25.8,57,2.8,2000,16.6,3.02,0.0,0.0,995
13,26.5,58,2.8,2000,17.5,2.87,0.0,0.0,997
15,26.7,51,3.4,2000,15.7,2.09,0.0,0.0,1178
17,27.6,47,3.3,2000,15.2,1.49,0.0,0.0,1993
18,26.8,53,2.6,2000,16.4,0.8,0.0,0.0,3166
19,25.1,49,3.1,2000,13.6,0.18,0.0,0.0,2491
20,23.7,49,3.3,2000,12.3,0.0,0.0,0.0,2259
21,22.9,55,3.0,2000,13.3,0.0,0.0,0.0,2212
22,22.2,58,1.5,2000,13.5,0.0,0.0,0.0,1856
23,21.7,60,0.5,2000,13.5,0.0,0.0,0.0,1233
1,20.9,66,1.1,2000,14.3,0.0,0.0,0.0,748
2,20.6,72,0.9,2000,15.3,0.0,0.0,0.0,493
3,20.2,77,0.4,2000,16.0,0.0,0.0,0.0,376
4,19.9,81,0.2,2000,16.5,0.0,0.0,0.0,220
5,19.7,82,0.5,2000,16.5,0.0,0.0,0.0,249
6,19.8,82,0.5,2000,16.6,0.0,0.0,0.0,676
7,19.8,79,0.9,2000,16.0,0.13,0.0,0.0,1487
8,21.2,69,1.9,2000,15.2,0.74,0.0,0.0,2312
9,23.4,59,3.0,1974,14.9,1.46,0.0,0.0,1195
10,25.4,49,3.9,1996,13.9,2.13,0.0,0.0,847
11,26.4,47,2.9,2000,14.1,2.38,0.0,0.0,937
13,27.3,46,4.8,1983,14.6,2.92,0.0,0.0,1039
14,27.9,42,5.0,1914,13.7,2.79,0.0,0.0,989
15,28.1,43,5.1,1929,14.3,2.65,0.0,0.0,1131
16,28.2,37,4.0,1987,12.1,2.03,0.0,0.0,1446
17,27.7,40,5.0,2000,12.8,1.51,0.0,0.0,2068
19,25.4,55,3.2,2000,15.6,0.15,0.0,0.0,2468
20,24.5,64,2.0,2000,17.2,0.0,0.0,0.0,2177
1,21.9,85,0.2,1410,19.2,0.0,0.0,0.0,743
2,21.6,86,0.2,1353,19.1,0.0,0.0,0.0,531
3,21.5,85,0.1,1282,18.8,0.0,0.0,0.0,320
4,21.6,87,0.4,951,19.3,0.0,0.0,0.0,215
5,21.7,87,0.6,846,19.4,0.0,0.0,0.0,247
7,20.9,83,0.4,1388,17.8,0.09,0.0,0.0,1438
8,21.8,77,0.9,1419,17.5,0.43,0.0,0.0,2270
9,23.5,72,0.5,1485,18.1,0.95,0.0,0.0,1186
11,25.9,63,2.5,1693,18.3,1.32,0.0,0.0,941
13,28.0,52,2.3,1642,17.2,1.85,0.0,0.0,1049
14,27.9,47,3.2,1869,15.5,1.65,0.0,0.0,1032
15,27.8,48,3.0,1880,15.7,0.93,0.0,0.0,1089
16,26.9,55,3.9,1909,17.0,0.54,0.0,0.0,1292
17,26.6,63,3.0,2000,18.9,0.43,0.0,0.0,1525
19,25.3,71,3.3,2000,19.6,0.05,0.0,0.0,1990
20,25.1,71,3.6,2000,19.4,0.0,0.0,0.0,1900
22,24.3,71,2.5,1992,18.6,0.0,0.0,0.0,1641
23,23.9,71,4.7,1982,18.3,0.0,0.0,0.0,562
2,21.3,76,2.2,1559,16.8,0.0,0.5,0.0,259
3,21.1,75,1.8,1551,16.4,0.0,0.0,0.0,259
4,20.8,66,1.5,1719,14.2,0.0,0.0,0.0,185
5,20.5,67,1.2,1649,14.1,0.0,0.0,0.0,247
6,20.2,70,1.6,1690,14.5,0.0,0.0,0.0,624
7,20.3,74,1.8,1372,15.5,0.07,0.0,0.0,1346
8,20.5,78,2.5,1250,16.5,0.32,0.0,0.0,2260
12,24.2,50,3.8,2000,13.1,2.85,0.0,0.0,1213
13,24.3,50,2.9,2000,13.2,2.37,0.0,0.0,1119
14,25.2,43,3.2,1981,11.7,2.59,0.0,0.0,1187
15,24.7,44,4.2,2000,11.6,1.92,0.0,0.0,1391
16,25.2,39,2.8,1987,10.2,1.65,0.0,0.0,1577
17,24.5,37,3.2,2000,8.8,1.04,0.0,0.0,2183
18,24.4,34,2.4,2000,7.5,0.84,0.0,0.0,3154
19,22.6,39,2.8,2000,7.9,0.14,0.0,0.0,2365
20,21.6,43,1.4,2000,8.4,0.0,0.0,0.0,1959
21,20.6,48,2.1,2000,9.1,0.0,0.0,0.0,1915
22,19.8,51,1.2,2000,9.3,0.0,0.0,0.0,1796
1,18.9,55,2.3,2000,9.6,0.0,0.0,0.0,1001
2,18.5,57,2.3,2000,9.8,0.0,0.0,0.0,692
3,17.8,60,0.2,2000,9.9,0.0,0.0,0.0,504
4,17.2,66,0.6,2000,10.7,0.0,0.0,0.0,285
5,16.7,70,0.8,2000,11.1,0.0,0.0,0.0,227
6,16.2,70,0.3,2000,10.7,0.0,0.0,0.0,322
7,16.0,70,1.1,2000,10.5,0.11,0.0,0.0,511
9,19.9,51,0.6,1906,9.4,1.46,0.0,0.0,956
10,22.2,43,0.9,1891,9.0,2.09,0.0,0.0,1096
11,24.2,41,1.5,1818,10.1,2.62,0.0,0.0,1179
12,25.2,36,2.4,1995,9.0,2.93,0.0,0.0,1273
13,26.1,32,3.0,1985,8.1,3.06,0.0,0.0,1505
14,26.8,31,2.8,2000,8.2,2.96,0.0,0.0,1554
15,26.9,33,2.9,1997,9.2,2.65,0.0,0.0,1792
16,27.7,32,1.4,2000,9.4,2.05,0.0,0.0,1943
17,27.2,35,1.7,2000,10.3,1.32,0.0,0.0,2167
18,25.7,38,1.5,2000,10.3,0.64,0.0,0.0,2255
19,24.0,41,1.9,2000,9.9,0.1,0.0,0.0,1978
20,22.8,45,2.0,2000,10.2,0.0,0.0,0.0,1944
21,22.1,49,1.7,2000,10.8,0.0,0.0,0.0,1878
22,21.5,51,2.0,2000,10.9,0.0,0.0,0.0,1675
0,19.6,53,1.5,2000,9.7,0.0,0.0,0.0,1185
1,18.8,54,0.1,2000,9.2,0.0,0.0,0.0,835
2,18.1,57,0.3,2000,9.4,0.0,0.0,0.0,589
4,17.0,59,0.0,2000,8.9,0.0,0.0,0.0,264
5,16.3,66,0.5,2000,9.9,0.0,0.0,0.0,165
8,17.4,56,0.8,2000,8.5,0.49,0.0,0.0,644
9,20.4,51,1.8,2000,9.9,1.43,0.0,0.0,803
10,22.9,45,1.5,2000,10.3,2.1,0.0,0.0,928
11,24.4,41,1.3,1982,10.2,2.61,0.0,0.0,1051
12,25.9,39,1.2,1950,10.8,2.89,0.0,0.0,1220
13,27.2,32,1.7,2000,9.0,3.12,0.0,0.0,1432
14,28.2,29,2.0,2000,8.4,3.09,0.0,0.0,1662
15,28.9,27,1.8,2000,8.0,2.9,0.0,0.0,1877
16,27.1,35,0.9,2000,10.3,1.27,0.0,0.0,2099
17,27.7,33,1.1,2000,9.9,1.21,0.0,0.0,2201
18,26.0,35,0.3,2000,9.3,0.2,0.0,0.0,2368
20,22.9,58,2.6,2000,14.1,0.0,0.0,0.0,1930
21,22.2,57,1.2,2000,13.2,0.0,0.0,0.0,1820
22,21.8,54,1.6,2000,12.0,0.0,0.0,0.0,1291
23,21.2,56,2.5,2000,12.0,0.0,0.0,0.0,941
0,20.7,57,1.8,2000,11.8,0.0,0.0,0.0,792
1,20.5,58,1.7,2000,11.9,0.0,0.0,0.0,487
2,20.0,59,1.5,2000,11.7,0.0,0.0,0.0,332
3,19.7,60,1.9,2000,11.7,0.0,0.0,0.0,176
4,19.4,61,1.6,2000,11.6,0.0,0.0,0.0,188
7,18.9,63,1.8,2000,11.6,0.09,0.0,0.0,1463
8,20.1,57,1.6,2000,11.3,0.73,0.0,0.0,2278
9,22.3,52,1.9,2000,11.9,1.43,0.0,0.0,1125
10,24.0,47,1.6,1996,11.9,2.08,0.0,0.0,862
11,25.3,44,1.2,1948,12.1,2.59,0.0,0.0,934
12,26.7,40,1.4,2000,11.9,2.92,0.0,0.0,1095
14,27.8,37,1.4,1983,11.7,2.67,0.0,0.0,1064
15,27.6,38,1.4,2000,11.9,2.09,0.0,0.0,1249
16,27.5,39,1.5,2000,12.3,1.46,0.0,0.0,1467
17,26.6,40,1.4,2000,11.8,0.69,0.0,0.0,2147
19,24.4,47,2.0,2000,12.3,0.05,0.0,0.0,2518
20,23.4,48,1.8,2000,11.7,0.0,0.0,0.0,2240
22,21.7,50,1.6,2000,10.8,0.0,0.0,0.0,1779
23,20.8,51,1.7,2000,10.2,0.0,0.0,0.0,1223
2,18.9,52,1.1,2000,8.8,0.0,0.0,0.0,435
3,18.2,52,1.5,2000,8.1,0.0,0.0,0.0,261
4,17.7,52,1.5,2000,7.7,0.0,0.0,0.0,193
6,17.0,55,1.2,2000,7.8,0.0,0.0,0.0,678
8,17.8,53,1.4,2000,8.0,0.51,0.0,0.0,2369
12,24.5,40,1.3,1973,10.0,2.64,0.0,0.0,1192
13,25.7,40,2.2,1997,11.0,2.98,0.0,0.0,1102
14,25.8,37,1.5,1995,9.9,2.22,0.0,0.0,1115
17,25.4,44,1.2,2000,12.2,0.84,0.0,0.0,2171
18,24.7,45,0.7,2000,11.9,0.3,0.0,0.0,3222
19,23.7,49,1.8,2000,12.3,0.03,0.0,0.0,2455
20,22.9,48,1.2,2000,11.2,0.0,0.0,0.0,2072
21,22.2,50,1.3,2000,11.2,0.0,0.0,0.0,2018
22,21.6,52,1.9,2000,11.3,0.0,0.0,0.0,1868
23,20.9,53,1.8,2000,10.9,0.0,0.0,0.0,1240
0,20.2,54,1.2,2000,10.5,0.0,0.0,0.0,949
1,19.6,56,1.2,2000,10.5,0.0,0.0,0.0,691
2,19.0,56,0.9,2000,10.0,0.0,0.0,0.0,462
3,18.4,57,1.3,2000,9.7,0.0,0.0,0.0,297
4,18.0,59,1.5,2000,9.8,0.0,0.0,0.0,215
5,17.5,60,1.6,2000,9.6,0.0,0.0,0.0,241
6,17.0,63,1.3,2000,9.8,0.0,0.0,0.0,656
9,20.8,48,1.1,2000,9.3,1.38,0.0,0.0,1234
10,22.7,45,1.5,2000,10.1,2.08,0.0,0.0,923
11,24.8,44,2.1,1955,11.7,2.55,0.0,0.0,1017
12,26.3,44,1.2,1966,13.0,2.91,0.0,0.0,1165
13,26.8,45,1.8,1984,13.8,2.6,0.0,0.0,1066
14,26.9,45,1.6,2000,13.9,2.27,0.0,0.0,1087
15,27.7,41,1.6,1969,13.2,1.98,0.0,0.0,1251
16,27.8,42,1.7,1974,13.7,1.98,0.0,0.0,1494
17,27.8,41,1.9,1999,13.3,1.27,0.0,0.0,2129
18,27.0,44,1.4,2000,13.6,0.62,0.0,0.0,3256
19,25.4,50,0.6,2000,14.2,0.07,0.0,0.0,2443
20,24.0,56,0.5,1890,14.6,0.0,0.0,0.0,2146
21,23.2,57,1.1,2000,14.2,0.0,0.0,0.0,2012
22,22.6,60,1.0,2000,14.4,0.0,0.0,0.0,1824
23,22.2,62,0.8,2000,14.5,0.0,0.0,0.0,1309
0,21.9,62,1.0,1822,14.2,0.0,0.0,0.0,968
1,21.5,65,1.0,2000,14.6,0.0,0.0,0.0,736
2,21.2,66,0.8,2000,14.5,0.0,0.0,0.0,437
4,20.7,69,1.3,2000,14.8,0.0,0.0,0.0,240
5,20.5,70,1.2,2000,14.8,0.0,0.0,0.0,248
6,20.3,71,1.6,2000,14.8,0.0,0.0,0.0,655
9,21.8,64,1.6,2000,14.6,0.52,0.0,0.0,1322
10,22.7,61,0.9,2000,14.7,0.82,0.0,0.0,915
11,23.5,61,1.2,2000,15.5,0.95,0.0,0.0,972
12,24.3,59,1.5,2000,15.7,1.12,0.0,0.0,1119
13,25.1,56,2.0,1964,15.6,1.41,0.0,0.0,1014
16,28.2,48,1.4,1995,16.1,1.7,0.0,0.0,1436
17,27.9,51,1.4,2000,16.8,1.19,0.0,0.0,2021
18,26.7,56,1.8,2000,17.1,0.47,0.0,0.0,3146
22,22.8,70,1.0,2000,17.0,0.0,0.0,0.0,1713
23,22.4,73,0.3,1980,17.3,0.0,0.0,0.0,1303
0,22.1,74,1.1,1962,17.2,0.0,0.0,0.0,971
1,21.6,75,1.1,1671,16.9,0.0,0.0,0.0,775
2,21.3,75,1.1,2000,16.6,0.0,0.0,0.0,482
3,21.0,76,0.7,1995,16.6,0.0,0.0,0.0,349
4,20.7,76,1.0,2000,16.3,0.0,0.0,0.0,223
5,20.7,77,0.9,2000,16.5,0.0,0.0,0.0,249
7,20.5,76,1.3,2000,16.1,0.06,0.0,0.0,1456
8,21.4,70,1.5,1986,15.6,0.38,0.0,0.0,2253
9,22.3,69,1.3,2000,16.3,0.61,0.0,0.0,1201
11,24.0,64,1.3,2000,16.7,0.95,0.0,0.0,982
14,26.3,58,1.5,1986,17.3,1.37,0.0,0.0,1199
15,26.6,55,1.8,2000,16.8,1.1,0.0,0.0,1347
17,25.9,56,1.7,2000,16.4,0.42,0.0,0.0,2059
18,25.7,57,1.5,2000,16.5,0.24,0.0,0.0,2826
19,25.3,60,1.2,2000,16.9,0.04,0.0,0.0,1996
21,24.7,61,1.6,2000,16.6,0.0,0.0,0.0,1259
22,24.0,73,2.1,1541,18.8,0.0,0.0,0.0,567
23,22.3,87,1.1,1810,20.0,0.0,0.5,0.0,810
0,21.8,83,1.5,2000,18.7,0.0,0.0,0.0,906
1,21.8,79,1.4,2000,17.9,0.0,0.0,0.0,881
2,21.7,78,1.0,2000,17.6,0.0,0.0,0.0,580
3,21.6,80,1.2,2000,17.9,0.0,0.0,0.0,302
4,21.2,83,0.6,2000,18.1,0.0,0.1,0.0,234
5,21.1,82,0.8,2000,17.8,0.0,0.0,0.0,169
6,21.0,84,0.9,2000,18.1,0.0,0.1,0.0,272
7,21.2,84,0.3,2000,18.3,0.05,0.0,0.0,453
9,22.7,72,1.2,2000,17.3,0.59,0.0,0.0,934
11,25.2,64,1.2,1938,17.8,1.31,0.0,0.0,1212
12,25.4,63,0.9,2000,17.8,1.01,0.0,0.0,1284
13,25.8,65,1.0,1996,18.7,1.12,0.0,0.0,1465
14,25.7,67,1.2,2000,19.1,0.9,0.0,0.0,1474
15,25.2,71,0.2,2000,19.5,0.41,0.0,0.0,1077
17,24.4,75,0.6,2000,19.6,0.17,0.0,0.0,1474
18,24.2,76,1.2,2000,19.6,0.12,0.0,0.0,1566
19,23.8,78,2.2,1991,19.7,0.0,0.0,0.0,1578
20,23.5,80,1.7,1621,19.8,0.0,0.0,0.0,1613
22,23.1,79,0.6,1891,19.2,0.0,0.0,0.0,1566
23,22.9,81,0.9,1550,19.4,0.0,0.0,0.0,1210
0,22.8,82,1.5,935,19.5,0.0,0.0,0.0,1014
2,22.8,85,0.8,708,20.1,0.0,0.0,0.0,432
3,22.6,89,0.6,578,20.6,0.0,0.2,0.0,258
4,22.5,89,0.7,444,20.5,0.0,0.3,0.0,188
5,22.2,90,1.4,514,20.4,0.0,0.0,0.0,123
6,22.0,90,1.3,471,20.2,0.0,0.0,0.0,137
8,21.9,88,1.6,601,19.8,0.17,0.0,0.0,464
11,23.4,61,2.1,1964,15.4,0.91,0.0,0.0,1014
12,23.7,64,1.9,1474,16.4,0.79,0.0,0.0,989
13,23.6,66,2.1,1689,16.8,0.87,0.0,0.0,754
14,23.4,72,2.2,682,18.0,0.73,0.0,0.0,409
15,23.2,83,1.5,349,20.1,0.77,0.5,0.0,222
16,22.5,86,2.5,342,20.0,0.47,0.0,0.0,142
17,22.0,89,2.2,285,20.0,0.21,1.0,0.0,322
18,21.5,89,3.0,350,19.6,0.18,0.0,0.0,520
19,21.2,87,2.7,479,18.9,0.01,0.0,0.0,852
21,21.2,88,1.7,373,19.1,0.0,0.0,0.0,1146
22,21.4,87,2.4,540,19.1,0.0,0.0,0.0,988
23,21.3,80,2.6,1203,17.7,0.0,0.0,0.0,571
0,21.0,82,1.8,958,17.8,0.0,0.0,0.0,531
1,20.5,73,1.9,1693,15.4,0.0,0.0,0.0,337
2,20.3,81,1.9,1234,16.9,0.0,0.1,0.0,227
3,20.2,82,1.4,1202,17.0,0.0,0.0,0.0,186
4,20.0,81,2.0,1313,16.6,0.0,0.0,0.0,160
5,19.4,84,1.6,1252,16.6,0.0,0.0,0.0,246
6,18.8,88,1.2,798,16.7,0.0,0.0,0.0,625
8,18.9,77,0.6,1109,14.7,0.56,0.0,0.0,2276
9,20.5,66,1.1,1711,13.9,1.12,0.0,0.0,1185
12,25.2,50,1.7,1710,14.0,2.83,0.0,0.0,1083
13,25.6,50,3.8,1876,14.3,2.82,0.0,0.0,1069
15,27.4,33,2.7,1955,9.6,2.5,0.0,0.0,1207
16,27.6,37,2.8,1935,11.5,1.9,0.0,0.0,1445
17,27.3,43,2.6,2000,13.6,1.25,0.0,0.0,2056
20,21.9,65,2.5,1986,15.0,0.0,0.0,0.0,2232
22,20.8,65,0.9,2000,13.9,0.0,0.0,0.0,1865
23,20.2,68,1.2,1963,14.0,0.0,0.0,0.0,1293
0,19.5,73,1.2,1916,14.5,0.0,0.0,0.0,0
1,19.3,71,0.4,1912,13.9,0.0,0.0,0.0,0
3,18.7,76,0.5,1916,14.3,0.0,0.0,0.0,0
4,18.3,78,0.4,1906,14.3,0.0,0.0,0.0,0
5,17.9,77,0.5,1658,13.8,0.0,0.0,0.0,0
6,17.7,77,0.2,1757,13.6,0.0,0.0,0.0,0
7,17.8,76,0.5,1729,13.5,0.08,0.0,0.0,0
8,18.7,73,0.9,1501,13.7,0.34,0.0,0.0,0
9,20.8,64,1.1,1205,13.7,1.13,0.0,0.0,0
10,22.7,54,1.0,1619,12.9,1.74,0.0,0.0,0
11,24.1,46,2.1,1678,11.7,2.03,0.0,0.0,0
12,24.7,43,1.8,1809,11.2,1.75,0.0,0.0,0
15,26.1,43,2.8,1785,12.5,1.62,0.0,0.0,0
16,26.4,34,2.5,1953,9.2,1.6,0.0,0.0,0
17,25.5,38,2.9,1997,10.1,0.92,0.0,0.0,0
19,23.2,57,2.2,2000,14.2,0.03,0.0,0.0,0
20,22.6,58,1.4,2000,13.9,0.0,0.0,0.0,0
21,22.1,61,1.5,2000,14.2,0.0,0.0,0.0,0
22,21.8,65,0.3,2000,14.9,0.0,0.0,0.0,0
1,20.5,64,0.4,2000,13.4,0.0,0.0,0.0,0
2,20.0,70,0.2,2000,14.3,0.0,0.0,0.0,0
4,19.5,70,0.5,2000,13.8,0.0,0.0,0.0,0
6,19.0,76,0.3,1488,14.6,0.0,0.0,0.0,0
7,19.0,74,0.8,1650,14.2,0.03,0.0,0.0,0
8,19.8,71,1.1,1534,14.3,0.26,0.0,0.0,0
10,22.9,59,1.1,1819,14.4,1.49,0.0,0.0,0
11,23.6,55,0.6,1723,14.0,1.01,0.0,0.0,0
12,24.9,51,1.2,1619,14.0,1.56,0.0,0.0,0
13,26.5,39,1.7,1560,11.4,2.15,0.0,0.0,0
14,26.1,40,1.2,1840,11.4,1.21,0.0,0.0,0
15,25.9,39,1.4,1836,10.8,0.9,0.0,0.0,0
16,25.6,41,1.2,1594,11.3,0.65,0.0,0.0,0
18,24.0,55,2.2,1691,14.3,0.12,0.0,0.0,0
19,23.5,58,0.4,1836,14.7,0.0,0.0,0.0,0
20,22.6,67,0.3,1737,16.1,0.0,0.0,0.0,0
23,20.4,57,0.9,2000,11.5,0.0,0.0,0.0,0
0,20.1,58,0.3,2000,11.5,0.0,0.0,0.0,886
3,19.6,72,1.7,1140,14.4,0.0,0.0,0.0,294
4,19.6,74,1.4,847,14.8,0.0,0.0,0.0,241
5,19.5,74,1.8,1421,14.7,0.0,0.0,0.0,137
6,18.8,85,1.4,412,16.2,0.0,0.5,0.0,47
7,18.0,95,1.6,375,17.1,0.0,1.5,0.0,130
8,18.0,91,1.3,896,16.5,0.11,0.5,0.0,299
9,18.2,93,1.4,572,17.0,0.18,1.0,0.0,89
10,18.4,91,1.2,394,16.8,0.25,0.5,0.0,87
11,18.8,95,1.5,597,17.9,0.46,0.0,0.0,111
12,19.0,91,1.7,965,17.4,0.67,0.5,0.0,180
13,18.9,89,2.6,586,17.0,0.58,0.0,0.0,301
14,19.3,83,2.3,2000,16.3,0.83,0.5,0.0,573
15,19.4,79,1.4,2000,15.6,0.33,0.0,0.0,696
16,19.5,75,2.1,2000,14.9,0.38,0.0,0.0,912
17,19.3,76,2.1,2000,14.9,0.21,0.0,0.0,1290
18,19.1,77,2.5,2000,14.9,0.08,0.0,0.0,1786
19,18.9,78,2.2,2000,14.9,0.0,0.0,0.0,1272
20,19.1,77,2.2,1834,14.9,0.0,0.0,0.0,898
22,18.4,85,2.1,1772,15.8,0.0,0.0,0.0,1049
23,18.7,80,1.7,2000,15.1,0.0,0.0,0.0,935
0,18.9,78,2.1,2000,14.9,0.0,0.0,0.0,809
1,19.0,78,1.6,2000,15.0,0.0,0.0,0.0,674
3,18.5,88,1.2,659,16.4,0.0,1.5,0.0,28
5,17.8,93,1.8,2000,16.6,0.0,0.5,0.0,24
6,17.6,95,1.7,974,16.7,0.0,1.5,0.0,23
7,17.6,96,1.7,310,16.9,0.0,5.0,0.0,45
8,17.8,97,2.0,1284,17.3,0.09,4.0,0.0,127
9,18.2,96,1.3,1251,17.5,0.21,1.0,0.0,47
10,18.4,96,2.0,1124,17.7,0.32,1.0,0.0,78
12,19.1,91,2.0,1971,17.5,0.63,0.0,0.0,143
13,19.8,88,0.9,1796,17.7,0.65,0.0,0.0,600
14,21.4,76,1.4,2000,16.9,1.5,0.5,0.0,972
15,21.8,76,1.4,2000,17.3,1.2,0.0,0.0,1288
16,21.5,78,1.2,2000,17.4,0.51,0.0,0.0,1550
17,21.2,77,1.2,2000,16.9,0.31,0.0,0.0,1904
18,20.9,77,0.6,2000,16.7,0.23,0.0,0.0,2235
19,20.3,81,1.0,2000,16.9,0.02,0.0,0.0,1720
20,20.0,82,0.4,2000,16.8,0.0,0.0,0.0,1551
21,19.9,82,0.6,2000,16.7,0.0,0.0,0.0,1540
22,19.7,82,0.5,2000,16.5,0.0,0.0,0.0,1493
0,19.5,81,1.1,2000,16.1,0.0,0.0,0.0,953
1,19.5,83,1.5,1459,16.5,0.0,0.0,0.0,875
2,19.4,85,0.0,1533,16.8,0.0,0.0,0.0,655
3,18.8,90,1.0,1191,17.1,0.0,0.0,0.0,458
4,18.9,88,0.8,1226,16.8,0.0,0.0,0.0,96
6,18.4,95,0.1,752,17.5,0.0,0.0,0.0,215
7,18.1,96,0.9,557,17.4,0.04,0.0,0.0,363
9,19.7,78,1.3,740,15.7,1.17,0.0,0.0,810
11,22.7,55,2.7,1297,13.1,1.86,0.0,0.0,1062
12,24.2,43,2.2,1798,10.8,2.31,0.0,0.0,1273
14,25.2,28,4.4,2000,5.3,2.76,0.0,0.0,1532
15,25.4,32,3.8,1980,7.4,2.42,0.0,0.0,1814
17,24.6,35,3.6,1990,8.1,1.2,0.0,0.0,2045
18,23.2,36,2.8,2000,7.2,0.47,0.0,0.0,1939
19,21.3,43,2.8,2000,8.2,0.02,0.0,0.0,1743
20,20.4,52,1.2,2000,10.2,0.0,0.0,0.0,1604
21,19.4,55,0.8,2000,10.1,0.0,0.0,0.0,1502
22,18.6,62,0.6,2000,11.1,0.0,0.0,0.0,1430
23,17.9,66,1.0,2000,11.4,0.0,0.0,0.0,1108
0,17.2,69,0.6,2000,11.4,0.0,0.0,0.0,880
2,16.0,72,1.3,2000,10.9,0.0,0.0,0.0,489
4,16.2,69,0.7,2000,10.4,0.0,0.0,0.0,202
5,16.3,67,0.8,2000,10.1,0.0,0.0,0.0,106
6,16.5,73,1.2,2000,11.6,0.0,0.0,0.0,144
7,16.5,74,0.4,2000,11.8,0.0,0.0,0.0,261
8,17.0,69,1.2,2000,11.2,0.3,0.0,0.0,439
9,18.4,59,1.0,1951,10.2,0.86,0.0,0.0,534
10,19.3,59,0.2,2000,11.0,0.94,0.0,0.0,620
11,20.1,57,3.0,1929,11.3,1.29,0.0,0.0,764
12,20.8,52,1.2,1984,10.5,1.25,0.0,0.0,915
13,22.7,44,1.4,1913,9.8,1.77,0.0,0.0,1031
14,24.2,40,1.2,1953,9.7,2.62,0.0,0.0,1136
16,24.6,29,4.0,1988,5.3,1.73,0.0,0.0,1502
17,24.1,41,2.4,2000,10.0,1.17,0.0,0.0,1591
20,20.2,48,3.3,2000,8.8,0.0,0.0,0.0,1287
22,18.5,40,2.5,2000,4.6,0.0,0.0,0.0,1074
23,17.7,45,1.1,2000,5.6,0.0,0.0,0.0,768
1,16.8,53,2.0,2000,7.1,0.0,0.0,0.0,426
2,16.1,57,0.7,2000,7.5,0.0,0.0,0.0,302
3,15.5,63,0.3,2000,8.4,0.0,0.0,0.0,216
4,14.9,68,0.9,2000,9.0,0.0,0.0,0.0,141
5,14.4,66,0.3,2000,8.1,0.0,0.0,0.0,105
6,14.3,66,0.5,2000,8.0,0.0,0.0,0.0,141
7,14.7,61,2.1,2000,7.2,0.02,0.0,0.0,205
10,18.5,38,3.3,2000,3.8,2.02,0.0,0.0,426
11,19.4,31,4.1,1966,1.8,2.55,0.0,0.0,588
12,20.3,34,2.6,2000,3.9,2.85,0.0,0.0,754
13,20.9,30,3.5,2000,2.6,2.93,0.0,0.0,885
14,21.3,30,4.3,2000,3.0,2.78,0.0,0.0,1099
15,21.8,32,3.3,2000,4.3,2.42,0.0,0.0,1273
17,21.6,32,3.1,2000,4.1,1.2,0.0,0.0,1442
18,20.3,35,2.4,2000,4.3,0.46,0.0,0.0,1237
21,16.8,58,1.2,2000,8.4,0.0,0.0,0.0,1145
22,16.6,47,3.9,2000,5.2,0.0,0.0,0.0,958
0,14.7,55,1.6,2000,5.7,0.0,0.0,0.0,558
1,13.8,60,0.8,2000,6.1,0.0,0.0,0.0,408
2,13.4,62,0.2,2000,6.2,0.0,0.0,0.0,292
3,12.7,67,0.5,2000,6.7,0.0,0.0,0.0,222
4,12.0,69,0.5,2000,6.4,0.0,0.0,0.0,157
5,11.5,70,0.5,2000,6.2,0.0,0.0,0.0,105
6,11.2,70,0.9,2000,5.9,0.0,0.0,0.0,132
7,10.8,72,0.9,2000,5.9,0.03,0.0,0.0,262
8,12.0,61,1.3,1988,4.6,0.6,0.0,0.0,440
9,15.3,49,1.0,2000,4.6,1.34,0.0,0.0,542
11,20.1,40,1.6,1985,6.0,2.47,0.0,0.0,853
14,23.7,28,1.4,2000,4.0,2.77,0.0,0.0,1522
15,24.1,26,1.6,2000,3.3,2.38,0.0,0.0,1747
17,22.9,33,1.4,2000,5.7,0.83,0.0,0.0,2033
19,20.3,39,0.6,2000,5.8,0.0,0.0,0.0,1608
20,19.3,45,0.4,2000,7.0,0.0,0.0,0.0,1583
21,18.5,48,1.0,2000,7.2,0.0,0.0,0.0,1565
22,17.7,52,1.0,2000,7.7,0.0,0.0,0.0,1418
23,17.4,49,1.2,2000,6.5,0.0,0.0,0.0,1042
0,17.0,51,1.5,2000,6.7,0.0,0.0,0.0,880
1,16.6,53,1.7,2000,6.9,0.0,0.0,0.0,594
2,16.6,54,1.5,2000,7.2,0.0,0.0,0.0,453
3,16.5,57,1.6,2000,7.9,0.0,0.0,0.0,355
4,16.4,59,1.7,2000,8.3,0.0,0.0,0.0,222
5,16.3,61,1.5,2000,8.7,0.0,0.0,0.0,150
7,16.3,62,2.0,2000,8.9,0.01,0.0,0.0,335
8,16.7,60,2.0,2000,8.8,0.2,0.0,0.0,598
9,17.7,54,1.8,2000,8.2,0.63,0.0,0.0,680
10,19.4,47,2.3,2000,7.7,1.45,0.0,0.0,923
11,20.5,42,2.1,1981,7.1,1.59,0.0,0.0,1152
13,23.4,34,2.1,2000,6.6,2.84,0.0,0.0,1686
14,24.1,33,1.3,2000,6.8,2.52,0.0,0.0,1972
15,24.7,35,1.2,2000,8.1,2.28,0.0,0.0,2170
16,24.4,35,1.8,2000,7.9,1.71,0.0,0.0,2270
17,23.6,38,1.4,2000,8.4,1.04,0.0,0.0,2349
18,22.1,45,1.5,2000,9.6,0.27,0.0,0.0,2339
19,20.7,46,1.0,2000,8.6,0.02,0.0,0.0,1937
20,20.0,46,2.0,2000,8.0,0.0,0.0,0.0,1653
21,18.9,43,2.0,2000,6.0,0.0,0.0,0.0,1529
22,18.1,43,1.7,2000,5.3,0.0,0.0,0.0,1249
23,17.4,46,2.1,2000,5.6,0.0,0.0,0.0,934
1,16.1,53,1.4,2000,6.5,0.0,0.0,0.0,488
5,13.9,60,0.6,2000,6.2,0.0,0.0,0.0,207
6,13.4,61,0.8,2000,6.0,0.0,0.0,0.0,589
7,13.2,60,0.5,2000,5.5,0.02,0.0,0.0,1364
9,17.7,48,1.5,2000,6.5,1.3,0.0,0.0,1120
10,19.9,47,1.8,1989,8.2,1.93,0.0,0.0,907
11,21.3,43,1.7,1998,8.2,2.42,0.0,0.0,1019
12,23.2,42,1.4,2000,9.5,2.73,0.0,0.0,1189
13,23.0,39,1.7,2000,8.2,2.28,0.0,0.0,1191
15,23.4,35,1.4,2000,7.0,1.39,0.0,0.0,1404
16,23.6,31,1.1,2000,5.4,1.37,0.0,0.0,1636
17,24.3,31,1.5,2000,6.0,1.17,0.0,0.0,2189
18,22.5,38,0.8,2000,7.4,0.31,0.0,0.0,3154
19,20.6,44,0.7,2000,7.9,0.01,0.0,0.0,2422
21,18.7,48,1.3,2000,7.4,0.0,0.0,0.0,1930
22,17.9,50,1.0,2000,7.3,0.0,0.0,0.0,1801
23,17.7,51,1.4,2000,7.4,0.0,0.0,0.0,1222
2,16.0,56,1.5,2000,7.2,0.0,0.0,0.0,0
3,15.3,59,1.6,2000,7.3,0.0,0.0,0.0,0
4,14.7,62,1.5,2000,7.4,0.0,0.0,0.0,0
5,14.5,60,1.4,2000,6.8,0.0,0.0,0.0,0
6,14.4,61,1.2,2000,6.9,0.0,0.0,0.0,0
7,14.5,62,1.5,2000,7.2,0.03,0.0,0.0,0
8,15.2,58,1.7,2000,6.9,0.29,0.0,0.0,0
9,16.5,50,1.2,2000,6.0,0.66,0.0,0.0,0
11,17.9,54,1.4,2000,8.4,0.73,0.0,0.0,0
12,19.0,52,1.2,2000,8.9,0.98,0.0,0.0,0
13,19.1,53,1.4,2000,9.2,0.76,0.0,0.0,0
14,19.4,53,1.4,2000,9.5,0.68,0.0,0.0,0
15,20.3,52,1.3,2000,10.1,1.15,0.0,0.0,0
16,21.9,46,1.2,1995,9.7,1.67,0.0,0.0,0
17,21.7,52,1.1,2000,11.4,0.79,0.0,0.0,0
18,20.4,56,1.7,2000,11.3,0.2,0.0,0.0,0
19,19.3,61,0.8,2000,11.5,0.01,0.0,0.0,0
20,18.0,67,0.7,2000,11.7,0.0,0.0,0.0,0
21,17.8,66,1.1,2000,11.3,0.0,0.0,0.0,0
22,17.1,70,1.0,2000,11.5,0.0,0.0,0.0,0
23,16.6,69,1.0,2000,10.8,0.0,0.0,0.0,0
0,16.6,69,1.0,2000,10.8,0.0,0.0,0.0,1037
1,16.2,71,0.9,2000,10.9,0.0,0.0,0.0,982
2,15.8,71,1.1,2000,10.5,0.0,0.0,0.0,690
3,15.5,73,1.0,2000,10.6,0.0,0.0,0.0,493
5,15.0,77,0.5,2000,10.9,0.0,0.0,0.0,208
6,14.6,81,1.0,2000,11.3,0.0,0.0,0.0,290
8,15.7,65,1.2,2000,9.1,0.54,0.0,0.0,848
10,20.8,52,1.5,2000,10.5,1.88,0.0,0.0,1071
11,22.3,50,1.3,2000,11.3,2.36,0.0,0.0,1284
12,23.8,44,1.7,2000,10.8,2.66,0.0,0.0,1495
13,24.9,40,1.4,2000,10.3,2.75,0.0,0.0,1752
15,26.5,33,1.4,2000,8.9,2.25,0.0,0.0,2065
17,26.3,31,1.0,2000,7.8,1.03,0.0,0.0,2432
18,24.8,41,0.5,2000,10.6,0.33,0.0,0.0,2397
20,21.3,46,0.1,2000,9.2,0.0,0.0,0.0,1835
21,20.1,54,1.2,2000,10.4,0.0,0.0,0.0,1781
23,18.6,59,0.7,2000,10.4,0.0,0.0,0.0,1229
0,18.1,60,0.2,2000,10.2,0.0,0.0,0.0,0
1,17.5,66,0.5,2000,11.0,0.0,0.0,0.0,0
3,17.0,70,0.9,2000,11.4,0.0,0.0,0.0,0
4,16.6,73,0.3,2000,11.7,0.0,0.0,0.0,0
5,16.1,78,0.4,2000,12.2,0.0,0.0,0.0,0
6,15.5,80,0.4,2000,12.0,0.0,0.0,0.0,0
9,18.5,62,0.5,1847,11.0,1.0,0.0,0.0,0
10,20.7,62,1.3,1679,13.1,1.41,0.0,0.0,0
12,20.8,47,3.1,1665,9.0,2.0,0.0,0.0,0
13,21.1,42,4.6,1954,7.6,2.74,0.0,0.0,0
14,21.1,32,4.4,1999,3.7,2.48,0.0,0.0,0
15,21.3,32,3.8,2000,3.9,2.31,0.0,0.0,0
16,21.2,28,3.2,2000,1.9,1.77,0.0,0.0,0
18,18.3,34,3.3,2000,2.1,0.36,0.0,0.0,0
19,17.1,35,2.9,2000,1.4,0.0,0.0,0.0,0
20,16.0,39,2.9,2000,2.0,0.0,0.0,0.0,0
22,14.6,46,2.2,2000,3.0,0.0,0.0,0.0,0
23,14.1,53,2.1,2000,4.6,0.0,0.0,0.0,0
0,14.1,55,2.6,2000,5.1,0.0,0.0,0.0,680
1,13.9,57,2.0,2000,5.5,0.0,0.0,0.0,402
4,13.7,56,1.9,2000,5.0,0.0,0.0,0.0,143
5,13.7,57,1.8,1999,5.3,0.0,0.0,0.0,246
6,13.3,56,2.3,2000,4.6,0.0,0.0,0.0,632
7,13.1,58,2.1,1997,5.0,0.03,0.0,0.0,1429
8,13.7,54,2.4,1960,4.5,0.39,0.0,0.0,2101
9,14.9,50,3.4,1989,4.5,1.08,0.0,0.0,1106
10,16.3,47,3.6,1815,4.9,1.93,0.0,0.0,856
12,18.4,40,3.5,1958,4.5,2.28,0.0,0.0,1138
13,17.6,49,4.7,2000,6.7,1.89,0.0,0.0,1087
14,19.3,36,3.5,1986,3.8,2.28,0.0,0.0,1137
15,19.0,40,3.8,1983,5.0,1.96,0.0,0.0,1258
16,17.7,47,3.4,2000,6.2,0.81,0.0,0.0,1357
17,17.2,53,2.9,2000,7.5,0.25,0.0,0.0,1799
18,16.6,61,2.9,2000,9.0,0.16,0.0,0.0,2857
19,16.2,62,2.2,2000,8.9,0.0,0.0,0.0,2122
21,14.6,66,4.0,2000,8.3,0.0,0.0,0.0,1777
22,13.9,69,0.5,2000,8.2,0.0,0.0,0.0,1501
23,13.4,69,3.7,2000,7.8,0.0,0.0,0.0,1057
0,13.0,72,1.8,1987,8.0,0.0,0.0,0.0,0
1,12.5,74,1.9,1992,7.9,0.0,0.0,0.0,0
2,12.3,75,1.6,1840,7.9,0.0,0.0,0.0,0
4,11.2,80,0.3,1236,7.8,0.0,0.0,0.0,0
6,10.6,81,0.0,1798,7.4,0.0,0.0,0.0,0
7,10.4,81,0.3,1956,7.2,0.02,0.0,0.0,0
8,11.2,69,0.9,1714,5.7,0.49,0.0,0.0,0
9,13.9,66,1.6,1427,7.6,1.11,0.0,0.0,0
11,18.3,44,3.0,1878,5.8,2.35,0.0,0.0,0
13,20.4,36,2.6,1776,4.8,2.71,0.0,0.0,0
14,21.5,39,2.5,1691,6.9,2.56,0.0,0.0,0
15,21.8,38,2.6,1913,6.8,2.22,0.0,0.0,0
16,21.7,36,3.2,1929,5.9,1.64,0.0,0.0,0
17,21.2,40,2.4,2000,7.0,0.98,0.0,0.0,0
18,19.2,48,2.2,2000,7.9,0.28,0.0,0.0,0
19,17.6,57,1.7,2000,8.9,0.0,0.0,0.0,0
22,15.5,69,0.8,1987,9.8,0.0,0.0,0.0,0
0,14.5,74,0.4,2000,9.9,0.0,0.0,0.0,1040
1,13.8,75,0.5,2000,9.4,0.0,0.0,0.0,882
2,13.2,77,1.2,1972,9.2,0.0,0.0,0.0,685
3,12.6,78,0.6,1907,8.8,0.0,0.0,0.0,497
5,11.8,82,1.1,1878,8.8,0.0,0.0,0.0,173
6,11.4,84,0.3,1742,8.7,0.0,0.0,0.0,278
9,14.4,61,0.7,1340,6.9,1.21,0.0,0.0,966
10,17.3,53,0.7,1406,7.6,1.83,0.0,0.0,1113
11,20.3,46,1.6,1409,8.2,2.29,0.0,0.0,1248
12,21.4,40,1.4,1973,7.2,2.53,0.0,0.0,1634
13,22.5,40,2.6,1854,8.2,2.64,0.0,0.0,1849
14,23.4,35,1.6,1972,7.0,2.51,0.0,0.0,1995
15,24.1,34,2.0,1996,7.2,2.14,0.0,0.0,2200
16,24.0,34,2.7,2000,7.1,1.62,0.0,0.0,2112
18,21.5,43,1.8,2000,8.3,0.26,0.0,0.0,2235
20,18.6,55,1.5,2000,9.3,0.0,0.0,0.0,1744
22,16.9,63,0.2,2000,9.8,0.0,0.0,0.0,1393
23,16.1,63,0.6,2000,9.0,0.0,0.0,0.0,1033
0,15.5,65,0.8,2000,8.9,0.0,0.0,0.0,0
1,14.7,69,0.6,2000,9.0,0.0,0.0,0.0,0
2,14.0,73,0.5,1992,9.2,0.0,0.0,0.0,0
4,13.3,75,0.4,1792,8.9,0.0,0.0,0.0,0
7,13.2,75,0.8,1780,8.8,0.01,0.0,0.0,0
8,13.9,68,0.9,1912,8.0,0.34,0.0,0.0,0
9,16.7,58,1.8,1821,8.3,1.22,0.0,0.0,0
10,19.0,49,1.7,1980,8.0,1.73,0.0,0.0,0
11,21.3,41,1.9,1963,7.5,2.36,0.0,0.0,0
14,24.3,39,1.7,2000,9.4,2.18,0.0,0.0,0
15,25.3,39,1.6,2000,10.3,1.88,0.0,0.0,0
16,25.1,41,1.0,2000,10.9,1.22,0.0,0.0,0
17,24.2,44,1.5,2000,11.1,0.58,0.0,0.0,0
18,23.1,48,1.3,2000,11.4,0.2,0.0,0.0,0
20,21.3,53,1.8,2000,11.3,0.0,0.0,0.0,0
21,20.5,57,2.0,2000,11.6,0.0,0.0,0.0,0
22,19.8,60,1.6,2000,11.8,0.0,0.0,0.0,0
23,19.4,62,1.7,2000,11.9,0.0,0.0,0.0,0
0,19.0,64,1.9,2000,12.0,0.0,0.0,0.0,973
1,18.6,66,1.7,2000,12.1,0.0,0.0,0.0,735
2,18.2,64,2.0,2000,11.2,0.0,0.0,0.0,515
3,18.0,61,1.8,2000,10.3,0.0,0.0,0.0,329
4,17.7,57,1.3,2000,9.0,0.0,0.0,0.0,221
5,17.6,57,1.1,2000,8.9,0.0,0.0,0.0,223
6,17.7,55,1.5,2000,8.5,0.0,0.0,0.0,531
7,17.7,56,1.3,2000,8.8,0.0,0.0,0.0,282
8,16.9,72,1.3,2000,11.8,0.04,0.3,0.0,208
9,16.3,85,1.8,942,13.7,0.13,1.2,0.0,47
10,15.8,89,1.8,742,13.9,0.18,1.5,0.0,33
11,16.1,89,2.4,1112,14.2,0.4,1.5,0.0,29
12,16.6,90,1.7,518,14.9,0.51,2.0,0.0,23
13,16.9,95,1.6,325,16.0,0.48,4.0,0.0,22
14,17.2,95,1.6,553,16.3,0.48,2.5,0.0,17
15,17.2,96,0.6,213,16.5,0.26,4.0,0.0,8
16,17.1,97,1.7,382,16.6,0.15,6.0,0.0,28
19,16.6,96,2.4,1072,15.9,0.0,1.5,0.0,55
20,16.5,96,2.7,1047,15.8,0.0,1.0,0.0,44
21,16.5,96,2.2,963,15.8,0.0,1.5,0.0,32
22,16.2,92,2.6,1771,14.8,0.0,1.5,0.0,23
23,16.3,91,1.8,1811,14.8,0.0,0.5,0.0,4
0,16.4,94,1.8,1744,15.4,0.0,1.0,0.0,0
1,16.7,89,2.4,1814,14.8,0.0,1.0,0.0,0
2,16.9,88,2.5,2000,14.8,0.0,1.5,0.0,0
3,16.8,90,3.3,1601,15.1,0.0,2.0,0.0,0
4,16.9,89,2.7,1577,15.0,0.0,2.5,0.0,0
5,16.7,93,2.8,360,15.5,0.0,4.5,0.0,0
6,16.5,96,2.3,417,15.8,0.0,8.5,0.0,0
8,16.6,97,2.0,457,16.1,0.01,9.0,0.0,6
9,16.7,97,2.9,550,16.2,0.05,6.0,0.0,5
10,17.0,97,1.5,676,16.5,0.15,6.0,0.0,2
11,17.5,95,2.0,1214,16.6,0.35,3.5,0.0,20
12,18.0,92,2.9,1999,16.6,0.45,1.0,0.0,130
13,17.7,89,5.0,2000,15.8,0.62,0.5,0.0,529
14,19.3,79,3.6,2000,15.5,1.36,0.0,0.0,941
15,21.0,67,4.1,2000,14.6,2.05,0.0,0.0,1236
16,21.5,62,3.4,2000,13.9,1.26,0.0,0.0,1601
18,20.5,66,1.2,2000,13.9,0.16,0.0,0.0,2012
19,19.7,72,0.6,2000,14.5,0.0,0.0,0.0,1761
20,19.4,67,0.8,2000,13.1,0.0,0.0,0.0,1567
21,18.5,78,0.1,2000,14.5,0.0,0.0,0.0,1731
22,17.7,78,0.3,2000,13.8,0.0,0.0,0.0,1459
23,16.9,84,0.9,2000,14.1,0.0,0.0,0.0,1162
0,16.3,86,0.3,2000,13.9,0.0,0.0,0.0,1049
1,16.0,88,1.2,2000,14.0,0.0,0.0,0.0,768
2,15.7,88,0.4,2000,13.7,0.0,0.0,0.0,538
3,15.5,88,1.7,1998,13.5,0.0,0.0,0.0,372
4,15.1,90,1.2,850,13.4,0.0,0.0,0.0,255
5,15.1,89,1.1,1615,13.2,0.0,0.0,0.0,146
7,14.3,89,0.6,1165,12.5,0.03,0.0,0.0,345
8,14.6,71,1.0,1896,9.3,0.43,0.0,0.0,589
9,16.2,60,1.9,1899,8.4,1.16,0.0,0.0,753
10,18.1,56,2.6,1720,9.1,1.79,0.0,0.0,932
11,19.1,56,2.4,1802,10.1,2.15,0.0,0.0,1188
12,19.8,46,2.5,1837,7.8,2.3,0.0,0.0,1516
13,20.1,41,3.0,1963,6.4,2.34,0.0,0.0,1714
14,20.2,42,2.8,1832,6.8,1.87,0.0,0.0,1987
15,20.4,36,2.8,2000,4.8,1.56,0.0,0.0,2167
16,20.7,34,2.0,2000,4.2,1.23,0.0,0.0,2270
18,17.9,29,2.8,2000,-0.4,0.16,0.0,0.0,2069
19,16.6,36,1.4,2000,1.4,0.0,0.0,0.0,1608
20,15.5,37,1.9,2000,0.8,0.0,0.0,0.0,1519
21,14.4,36,1.0,2000,-0.5,0.0,0.0,0.0,1385
22,13.6,38,1.5,2000,-0.4,0.0,0.0,0.0,1160
0,12.3,44,0.8,2000,0.3,0.0,0.0,0.0,711
1,11.7,52,1.1,2000,2.1,0.0,0.0,0.0,390
2,11.1,56,1.4,2000,2.6,0.0,0.0,0.0,265
3,10.8,59,0.5,2000,3.0,0.0,0.0,0.0,192
4,10.4,61,0.6,2000,3.1,0.0,0.0,0.0,123
5,9.8,63,0.5,2000,3.0,0.0,0.0,0.0,215
7,9.2,72,1.0,2000,4.4,0.01,0.0,0.0,1206
8,9.9,66,1.2,2000,3.8,0.35,0.0,0.0,2005
9,12.2,51,0.7,1918,2.3,1.02,0.0,0.0,1166
10,15.0,44,0.5,1839,2.8,1.48,0.0,0.0,943
11,17.9,39,1.3,1873,3.7,2.06,0.0,0.0,1117
14,20.2,24,1.5,2000,-1.0,1.8,0.0,0.0,1358
15,20.6,26,1.2,2000,0.4,1.76,0.0,0.0,1502
16,20.3,25,1.8,2000,-0.3,1.15,0.0,0.0,1603
17,20.0,28,0.7,2000,0.9,0.79,0.0,0.0,2127
18,18.1,39,1.0,2000,3.9,0.21,0.0,0.0,2787
19,16.4,42,1.8,2000,3.4,0.0,0.0,0.0,2150
20,15.5,45,2.2,2000,3.6,0.0,0.0,0.0,1838
23,13.5,55,0.5,2000,4.6,0.0,0.0,0.0,1196
0,12.6,54,0.2,2000,3.5,0.0,0.0,0.0,0
1,12.0,58,0.7,2000,3.9,0.0,0.0,0.0,0
2,11.4,65,1.1,2000,5.0,0.0,0.0,0.0,0
3,11.0,66,0.9,2000,4.8,0.0,0.0,0.0,0
4,11.0,63,0.8,2000,4.2,0.0,0.0,0.0,0
5,10.8,64,0.8,2000,4.2,0.0,0.0,0.0,0
7,10.9,70,0.7,2000,5.6,0.0,0.0,0.0,0
9,12.8,57,1.2,1838,4.4,0.55,0.0,0.0,0
11,16.4,45,0.7,2000,4.4,1.22,0.0,0.0,0
12,18.3,40,0.6,1995,4.4,1.82,0.0,0.0,0
13,19.2,39,1.0,2000,4.8,1.66,0.0,0.0,0
15,18.3,40,1.2,2000,4.4,0.33,0.0,0.0,0
17,18.4,39,2.1,2000,4.1,0.45,0.0,0.0,0
18,17.7,43,1.5,2000,4.9,0.05,0.0,0.0,0
19,17.3,47,2.2,2000,5.8,0.0,0.0,0.0,0
21,16.8,52,1.6,2000,6.8,0.0,0.0,0.0,0
22,16.7,55,1.9,2000,7.6,0.0,0.0,0.0,0
23,16.6,53,1.1,2000,6.9,0.0,0.0,0.0,0
0,16.6,53,0.9,2000,6.9,0.0,0.0,0.0,643
1,16.6,57,1.5,2000,8.0,0.0,0.0,0.0,144
2,14.4,91,0.4,402,12.9,0.0,4.5,0.0,55
3,14.3,95,1.0,967,13.5,0.0,2.5,0.0,90
4,14.3,92,2.0,714,13.0,0.0,0.0,0.0,82
5,13.6,89,2.7,990,11.8,0.0,0.0,0.0,152
6,12.6,86,1.9,1430,10.3,0.0,0.0,0.0,441
7,12.3,84,3.2,1220,9.6,0.0,0.0,0.0,1220
8,11.8,80,3.7,1518,8.4,0.16,0.0,0.0,2082
9,12.0,72,3.3,1650,7.0,0.68,0.0,0.0,1097
10,12.0,61,4.1,1981,4.6,0.86,0.0,0.0,792
11,12.7,50,3.3,1999,2.5,1.61,0.0,0.0,914
13,14.3,43,3.6,1995,1.8,1.86,0.0,0.0,1015
16,13.8,43,3.7,2000,1.4,0.74,0.0,0.0,1363
17,13.1,45,3.1,2000,1.4,0.62,0.0,0.0,1775
18,12.2,45,3.1,2000,0.5,0.16,0.0,0.0,2514
19,11.3,50,1.1,2000,1.2,0.0,0.0,0.0,1723
20,10.6,48,2.0,2000,0.0,0.0,0.0,0.0,1489
22,9.2,55,0.9,2000,0.6,0.0,0.0,0.0,1255
23,8.5,52,0.6,2000,-0.8,0.0,0.0,0.0,901
0,7.9,53,0.9,2000,-1.1,0.0,0.0,0.0,707
1,7.3,59,0.1,2000,-0.1,0.0,0.0,0.0,541
2,7.1,64,0.9,2000,0.7,0.0,0.0,0.0,341
3,6.7,71,1.0,2000,1.8,0.0,0.0,0.0,218
4,6.6,69,0.9,2000,1.3,0.0,0.0,0.0,145
5,6.6,73,1.1,2000,2.0,0.0,0.0,0.0,197
6,6.6,65,1.6,2000,0.4,0.0,0.0,0.0,518
7,6.3,65,1.0,2000,0.1,0.01,0.0,0.0,1233
8,7.0,56,3.1,1971,-1.1,0.44,0.0,0.0,2000
9,8.4,49,2.6,2000,-1.7,1.17,0.0,0.0,1070
11,11.7,36,4.3,2000,-2.9,2.28,0.0,0.0,926
12,13.2,31,3.8,2000,-3.5,2.58,0.0,0.0,967
15,13.0,39,3.7,2000,-0.6,1.09,0.0,0.0,1054
16,13.8,36,2.9,2000,-1.0,0.98,0.0,0.0,1284
17,13.2,36,3.6,2000,-1.5,0.55,0.0,0.0,1685
18,12.1,40,2.4,1854,-1.1,0.18,0.0,0.0,2378
19,11.1,43,2.0,2000,-1.0,0.0,0.0,0.0,1614
20,10.2,46,0.2,2000,-0.9,0.0,0.0,0.0,1389
22,8.8,55,1.6,2000,0.2,0.0,0.0,0.0,1221
23,8.4,60,1.5,2000,1.0,0.0,0.0,0.0,857
0,8.2,61,1.3,2000,1.1,0.0,0.0,0.0,706
1,7.6,63,1.2,2000,0.9,0.0,0.0,0.0,531
2,7.1,61,0.6,2000,0.0,0.0,0.0,0.0,409
3,6.5,69,0.3,1981,1.2,0.0,0.0,0.0,225
4,6.2,71,1.1,2000,1.3,0.0,0.0,0.0,168
5,6.0,72,1.3,2000,1.3,0.0,0.0,0.0,183
6,5.8,67,1.1,2000,0.1,0.0,0.0,0.0,412
7,5.3,73,0.7,2000,0.8,0.01,0.0,0.0,1142
8,6.0,64,1.1,1920,-0.3,0.42,0.0,0.0,1996
9,8.6,50,0.8,1785,-1.2,1.13,0.0,0.0,1106
10,11.6,40,1.7,1991,-1.5,1.77,0.0,0.0,877
12,14.7,38,1.0,1884,0.5,2.55,0.0,0.0,1073
13,15.8,36,1.5,1888,0.7,2.59,0.0,0.0,1110
14,16.5,32,1.4,1841,-0.2,2.43,0.0,0.0,1187
15,17.1,33,2.1,1929,0.6,2.04,0.0,0.0,1322
16,16.9,34,1.2,1942,0.9,1.47,0.0,0.0,1488
17,16.3,39,1.7,1969,2.3,0.8,0.0,0.0,1902
18,14.3,46,1.3,2000,2.8,0.16,0.0,0.0,2618
21,11.0,60,1.1,1995,3.5,0.0,0.0,0.0,1292
23,9.8,66,0.5,1979,3.7,0.0,0.0,0.0,940
0,9.1,69,0.9,1885,3.7,0.0,0.0,0.0,835
1,8.5,70,0.2,1856,3.3,0.0,0.0,0.0,739
2,8.0,74,0.5,1786,3.6,0.0,0.0,0.0,512
3,7.6,78,0.7,1614,4.0,0.0,0.0,0.0,374
4,7.1,79,1.2,1567,3.6,0.0,0.0,0.0,226
5,6.7,81,1.1,1467,3.6,0.0,0.0,0.0,148
6,6.6,80,1.0,1424,3.3,0.0,0.0,0.0,209
8,7.4,70,0.5,1373,2.2,0.36,0.0,0.0,728
9,10.0,56,1.0,1761,1.6,1.03,0.0,0.0,853
10,12.6,50,1.4,1712,2.4,1.68,0.0,0.0,1037
11,15.2,44,1.2,1301,3.0,2.16,0.0,0.0,1179
12,16.6,36,0.7,1442,1.4,2.45,0.0,0.0,1402
13,18.3,33,1.9,1324,1.7,2.53,0.0,0.0,1652
14,19.3,27,1.3,1384,-0.1,2.38,0.0,0.0,1712
15,19.8,29,2.0,1246,1.2,1.97,0.0,0.0,1846
16,19.4,29,1.2,1154,0.8,1.37,0.0,0.0,1916
17,18.7,33,1.1,1164,2.0,0.7,0.0,0.0,1995
18,16.5,38,1.6,1246,2.1,0.14,0.0,0.0,1695
19,14.8,47,1.3,1111,3.5,0.0,0.0,0.0,1381
21,12.6,56,1.1,1053,4.0,0.0,0.0,0.0,1312
22,11.7,60,0.5,1002,4.1,0.0,0.0,0.0,1147
23,11.0,62,0.3,946,3.9,0.0,0.0,0.0,971
0,10.4,59,0.0,971,2.7,0.0,0.0,0.0,811
2,9.1,68,0.3,921,3.4,0.0,0.0,0.0,429
3,8.4,73,0.4,820,3.8,0.0,0.0,0.0,308
4,7.9,76,1.3,771,3.9,0.0,0.0,0.0,185
5,7.6,79,0.3,765,4.1,0.0,0.0,0.0,110
6,7.2,80,0.7,729,3.9,0.0,0.0,0.0,150
7,6.9,81,0.8,665,3.8,0.01,0.0,0.0,304
8,7.5,72,1.1,697,2.7,0.34,0.0,0.0,556
10,13.3,47,0.5,818,2.2,1.67,0.0,0.0,847
11,16.2,41,1.0,878,2.9,2.11,0.0,0.0,1056
12,17.2,33,1.1,1258,0.7,2.28,0.0,0.0,1394
14,18.9,31,2.6,1936,1.3,2.37,0.0,0.0,1767
17,18.2,43,2.3,1925,5.4,0.68,0.0,0.0,1990
18,16.2,58,2.4,1991,7.9,0.12,0.0,0.0,1662
19,15.1,60,2.9,1979,7.3,0.0,0.0,0.0,1377
20,14.4,61,2.3,1945,6.9,0.0,0.0,0.0,1306
21,13.8,66,2.4,1897,7.5,0.0,0.0,0.0,1261
22,13.5,71,1.7,1711,8.3,0.0,0.0,0.0,1029
23,13.2,73,1.2,1639,8.4,0.0,0.0,0.0,810
0,12.6,78,1.3,1427,8.8,0.0,0.0,0.0,638
1,12.2,80,1.4,1283,8.8,0.0,0.0,0.0,393
2,11.8,82,0.7,1262,8.8,0.0,0.0,0.0,272
3,11.3,85,0.0,907,8.8,0.0,0.0,0.0,171
4,11.0,82,0.1,951,8.0,0.0,0.0,0.0,152
5,11.1,79,0.3,1140,7.5,0.0,0.0,0.0,209
7,11.5,81,0.8,960,8.3,0.0,0.0,0.0,1271
8,12.0,77,0.4,891,8.0,0.12,0.0,0.0,2070
9,12.8,74,0.5,831,8.2,0.31,0.0,0.0,1119
10,14.1,66,0.6,827,7.8,0.58,0.0,0.0,837
13,19.7,52,2.1,512,9.5,1.83,0.0,0.0,1058
14,20.0,48,2.1,586,8.6,1.72,0.0,0.0,1121
15,20.4,43,1.7,690,7.3,1.43,0.0,0.0,1183
16,20.3,44,2.2,793,7.6,1.09,0.0,0.0,1413
18,18.0,66,2.3,554,11.5,0.1,0.0,0.0,2635
19,16.9,74,1.8,366,12.2,0.0,0.0,0.0,1911
20,15.9,81,2.8,250,12.6,0.0,0.0,0.0,1659
21,15.5,86,1.3,178,13.1,0.0,0.0,0.0,1556
22,14.8,83,1.5,227,11.9,0.0,0.0,0.0,1377
0,13.3,64,1.7,860,6.6,0.0,0.0,0.0,726
1,12.4,65,1.1,1099,5.9,0.0,0.0,0.0,568
3,11.5,61,1.4,1399,4.2,0.0,0.0,0.0,253
4,11.0,69,0.6,1510,5.5,0.0,0.0,0.0,145
5,10.2,70,1.5,1519,4.9,0.0,0.0,0.0,202
8,10.4,63,0.6,1367,3.6,0.19,0.0,0.0,2134
9,11.8,55,0.7,1182,3.0,0.55,0.0,0.0,1177
10,14.4,45,0.6,1206,2.6,1.28,0.0,0.0,854
13,19.4,31,2.0,1862,1.8,2.02,0.0,0.0,1108
14,19.9,29,1.9,1833,1.3,2.09,0.0,0.0,1113
15,19.9,31,2.0,1613,2.2,1.57,0.0,0.0,1203
17,18.4,38,1.8,1565,3.8,0.5,0.0,0.0,1811
21,14.3,72,1.0,1374,9.3,0.0,0.0,0.0,1618
22,13.6,71,0.6,1457,8.4,0.0,0.0,0.0,1425
0,12.3,75,1.2,1332,7.9,0.0,0.0,0.0,739
1,11.5,74,1.2,1305,7.0,0.0,0.0,0.0,600
2,10.8,77,0.3,1268,6.9,0.0,0.0,0.0,381
3,10.2,80,0.3,1191,6.8,0.0,0.0,0.0,239
4,9.7,76,0.0,1308,5.6,0.0,0.0,0.0,157
5,9.2,77,0.0,1278,5.3,0.0,0.0,0.0,210
9,11.2,63,1.1,656,4.4,0.88,0.0,0.0,1200
10,14.0,58,1.6,841,5.8,1.53,0.0,0.0,842
12,16.2,29,2.5,1935,-1.8,2.45,0.0,0.0,1088
13,17.7,25,2.1,1917,-2.6,2.48,0.0,0.0,1115
14,18.3,24,1.7,1983,-2.6,2.4,0.0,0.0,1083
15,18.3,21,2.7,2000,-4.4,2.02,0.0,0.0,1175
17,16.9,34,2.5,2000,0.9,0.74,0.0,0.0,1896
18,14.6,39,2.3,2000,0.7,0.11,0.0,0.0,2445
20,12.2,47,1.1,2000,1.2,0.0,0.0,0.0,1558
21,10.8,53,0.9,2000,1.5,0.0,0.0,0.0,1493
22,9.9,50,0.1,2000,0.0,0.0,0.0,0.0,1278
0,9.2,64,0.7,2000,2.7,0.0,0.0,0.0,694
1,9.0,66,0.7,2000,2.9,0.0,0.0,0.0,579
3,8.6,74,0.6,1985,4.2,0.0,0.0,0.0,244
4,8.1,78,0.6,2000,4.4,0.0,0.0,0.0,165
7,7.7,81,0.4,1992,4.6,0.0,0.0,0.0,1191
8,8.5,77,0.5,1995,4.6,0.21,0.0,0.0,2154
9,10.9,60,0.9,1997,3.4,0.93,0.0,0.0,1165
11,15.0,52,1.4,2000,5.2,1.5,0.0,0.0,917
12,16.8,50,1.6,2000,6.3,1.94,0.0,0.0,1132
13,18.1,43,2.2,2000,5.3,2.3,0.0,0.0,1152
14,18.7,39,1.3,2000,4.4,1.66,0.0,0.0,1122
15,19.0,38,1.9,2000,4.3,1.72,0.0,0.0,1203
16,18.5,40,1.8,2000,4.6,1.28,0.0,0.0,1473
17,16.9,44,1.6,2000,4.5,0.44,0.0,0.0,1804
18,15.7,45,2.5,2000,3.7,0.06,0.0,0.0,2499
19,14.9,49,2.1,2000,4.2,0.0,0.0,0.0,1878
20,13.8,56,1.9,2000,5.1,0.0,0.0,0.0,1528
21,12.6,60,0.5,2000,5.0,0.0,0.0,0.0,1466
22,11.6,61,0.2,2000,4.3,0.0,0.0,0.0,1302
23,10.9,64,0.2,2000,4.3,0.0,0.0,0.0,944
0,10.3,67,1.5,2000,4.4,0.0,0.0,0.0,783
1,9.8,68,1.7,2000,4.1,0.0,0.0,0.0,653
2,9.2,72,1.5,2000,4.4,0.0,0.0,0.0,433
4,8.1,76,0.3,2000,4.1,0.0,0.0,0.0,184
6,7.2,77,0.5,2000,3.4,0.0,0.0,0.0,491
7,7.3,72,0.4,2000,2.5,0.0,0.0,0.0,1188
8,7.9,63,0.6,2000,1.2,0.3,0.0,0.0,2113
9,11.1,53,1.0,2000,1.8,1.05,0.0,0.0,1191
10,13.8,44,1.5,1953,1.7,1.66,0.0,0.0,850
11,16.4,35,1.1,2000,0.8,2.13,0.0,0.0,981
12,17.4,33,1.1,2000,0.9,2.39,0.0,0.0,1161
13,18.9,33,1.8,2000,2.2,2.43,0.0,0.0,1190
14,19.8,32,2.3,1978,2.6,2.25,0.0,0.0,1221
16,19.3,29,2.8,2000,0.7,1.34,0.0,0.0,1527
17,18.5,35,2.2,2000,2.7,0.68,0.0,0.0,1939
18,16.6,40,2.4,2000,2.9,0.11,0.0,0.0,2631
19,15.3,53,2.4,2000,5.7,0.0,0.0,0.0,1769
20,14.2,56,1.8,2000,5.5,0.0,0.0,0.0,1512
21,13.3,56,1.1,2000,4.6,0.0,0.0,0.0,1457
22,12.3,65,1.7,2000,5.8,0.0,0.0,0.0,1331
23,11.7,70,1.7,2000,6.4,0.0,0.0,0.0,1018
0,11.3,71,1.2,1997,6.2,0.0,0.0,0.0,891
1,10.9,72,0.0,1966,6.0,0.0,0.0,0.0,774
2,10.1,78,0.1,1887,6.4,0.0,0.0,0.0,522
4,8.9,75,0.4,1877,4.7,0.0,0.0,0.0,246
5,8.1,76,0.6,1309,4.1,0.0,0.0,0.0,154
6,7.5,79,0.6,1025,4.0,0.0,0.0,0.0,219
7,7.0,82,0.5,867,4.1,0.0,0.0,0.0,427
12,17.7,33,2.2,1556,1.2,2.37,0.0,0.0,1407
14,20.0,22,1.6,1950,-2.3,2.29,0.0,0.0,1649
17,19.2,23,1.5,2000,-2.4,0.62,0.0,0.0,1949
19,14.6,48,1.9,1998,3.6,0.0,0.0,0.0,1407
20,13.7,51,1.0,1954,3.7,0.0,0.0,0.0,1270
22,12.7,58,0.0,1480,4.6,0.0,0.0,0.0,1141
23,11.7,58,0.0,1567,3.6,0.0,0.0,0.0,922
1,10.6,60,0.5,1642,3.1,0.0,0.0,0.0,622
2,9.8,63,0.6,1591,3.0,0.0,0.0,0.0,428
4,8.8,71,0.9,1516,3.8,0.0,0.0,0.0,206
5,8.2,73,1.3,1305,3.6,0.0,0.0,0.0,146
6,7.6,75,0.6,1181,3.4,0.0,0.0,0.0,172
7,7.2,76,0.5,1113,3.2,0.0,0.0,0.0,315
8,7.9,67,1.1,1210,2.1,0.28,0.0,0.0,534
13,19.3,24,1.5,1745,-1.8,2.4,0.0,0.0,1519
15,20.9,23,1.5,1892,-1.0,1.87,0.0,0.0,1891
16,20.2,24,2.5,1881,-1.0,1.31,0.0,0.0,1976
17,18.8,24,2.1,2000,-2.2,0.63,0.0,0.0,1883
20,13.8,52,1.6,1341,4.0,0.0,0.0,0.0,1306
21,13.0,49,1.0,1702,2.5,0.0,0.0,0.0,1158
22,12.2,57,0.0,1544,3.9,0.0,0.0,0.0,1025
23,11.8,56,0.0,1655,3.2,0.0,0.0,0.0,724
0,11.4,56,0.2,1778,2.9,0.0,0.0,0.0,623
1,10.7,57,0.9,1828,2.5,0.0,0.0,0.0,372
2,10.5,57,0.2,1837,2.3,0.0,0.0,0.0,253
3,10.2,60,1.0,1796,2.7,0.0,0.0,0.0,175
4,10.0,62,0.6,1759,3.0,0.0,0.0,0.0,110
6,9.2,65,0.8,1689,2.9,0.0,0.0,0.0,513
7,8.9,67,0.8,1557,3.0,0.0,0.0,0.0,1244
8,9.7,58,0.6,1559,1.8,0.22,0.0,0.0,2111
9,11.9,50,1.1,1529,1.7,0.75,0.0,0.0,1104
10,14.6,43,0.7,1339,2.1,1.35,0.0,0.0,817
11,16.7,37,0.7,1074,1.9,1.74,0.0,0.0,941
13,19.4,35,1.2,678,3.5,1.73,0.0,0.0,1064
14,20.6,30,2.2,839,2.3,1.69,0.0,0.0,1122
15,20.2,31,1.6,855,2.5,1.25,0.0,0.0,1167
16,19.7,34,1.6,688,3.3,0.88,0.0,0.0,1464
17,18.9,35,1.7,720,3.0,0.41,0.0,0.0,1904
18,17.3,43,0.9,783,4.5,0.08,0.0,0.0,2613
19,15.6,44,1.5,828,3.3,0.0,0.0,0.0,1860
20,14.5,51,1.4,751,4.4,0.0,0.0,0.0,1593
21,13.4,56,0.7,758,4.7,0.0,0.0,0.0,1513
22,12.7,60,0.0,680,5.1,0.0,0.0,0.0,1360
23,12.0,59,0.4,685,4.2,0.0,0.0,0.0,916
0,11.6,61,0.7,673,4.3,0.0,0.0,0.0,726
1,11.1,62,0.2,666,4.0,0.0,0.0,0.0,547
2,10.6,68,0.9,603,4.9,0.0,0.0,0.0,356
3,10.1,70,1.1,606,4.8,0.0,0.0,0.0,243
4,10.0,73,0.9,622,5.3,0.0,0.0,0.0,170
5,10.0,73,0.5,593,5.3,0.0,0.0,0.0,193
6,9.9,75,1.0,560,5.6,0.0,0.0,0.0,456
7,10.4,71,0.6,557,5.3,0.0,0.0,0.0,839
8,11.0,78,0.8,412,7.3,0.03,0.0,0.0,1423
9,11.7,77,0.8,394,7.7,0.25,0.0,0.0,1026
10,13.8,65,1.1,475,7.3,1.06,0.0,0.0,735
11,13.0,70,5.0,989,7.6,0.5,0.0,0.0,81
12,11.5,90,1.2,973,9.9,0.06,5.0,0.0,363
13,13.5,82,0.8,962,10.4,1.33,0.0,0.0,652
14,15.1,71,0.9,973,9.8,1.62,0.0,0.0,837
15,16.6,68,1.5,955,10.6,1.55,0.0,0.0,1010
16,16.1,70,1.3,898,10.6,0.83,0.0,0.0,1294
17,15.7,63,3.2,1118,8.6,0.39,0.0,0.0,1604
18,14.5,71,2.1,1235,9.2,0.06,0.0,0.0,2415
19,14.0,70,1.6,1265,8.6,0.0,0.0,0.0,1685
22,12.3,73,0.9,1392,7.5,0.0,0.0,0.0,1257
23,11.2,78,0.5,802,7.4,0.0,0.0,0.0,876
0,10.8,80,1.0,1151,7.4,0.0,0.0,0.0,708
1,10.2,84,1.2,1036,7.6,0.0,0.0,0.0,573
4,9.0,87,0.6,972,6.9,0.0,0.0,0.0,162
6,8.1,88,0.9,831,6.2,0.0,0.0,0.0,453
7,7.8,90,0.6,763,6.2,0.0,0.0,0.0,1165
9,10.1,72,1.1,728,5.2,0.9,0.0,0.0,1151
10,13.0,63,0.9,854,6.1,1.5,0.0,0.0,811
11,15.7,53,1.0,1172,6.1,1.99,0.0,0.0,940
12,16.8,48,1.6,1673,5.7,2.1,0.0,0.0,1126
13,17.2,43,2.3,1835,4.4,1.68,0.0,0.0,1106
14,17.6,39,2.5,1964,3.4,1.63,0.0,0.0,1150
15,18.0,40,3.0,1808,4.1,1.71,0.0,0.0,1161
16,18.2,42,1.3,1976,5.0,1.22,0.0,0.0,1492
17,17.0,47,2.2,1989,5.5,0.59,0.0,0.0,1904
18,15.1,53,1.7,2000,5.5,0.06,0.0,0.0,2612
20,13.1,63,0.4,2000,6.2,0.0,0.0,0.0,1556
21,12.1,67,1.0,1977,6.1,0.0,0.0,0.0,1464
22,11.6,71,0.2,1858,6.5,0.0,0.0,0.0,1281
0,10.5,75,0.3,1800,6.2,0.0,0.0,0.0,729
1,10.0,78,0.4,1669,6.3,0.0,0.0,0.0,572
2,9.1,79,0.5,1625,5.6,0.0,0.0,0.0,421
3,9.1,79,0.2,1689,5.6,0.0,0.0,0.0,266
4,8.5,83,1.2,1577,5.7,0.0,0.0,0.0,161
5,7.8,85,0.9,1542,5.4,0.0,0.0,0.0,193
6,7.5,86,1.3,1301,5.3,0.0,0.0,0.0,450
7,7.3,85,1.4,1039,4.9,0.0,0.0,0.0,1251
8,7.9,76,1.2,1290,3.9,0.25,0.0,0.0,2070
9,10.3,64,1.0,1544,3.7,0.91,0.0,0.0,1168
10,13.4,53,1.1,1768,4.0,1.53,0.0,0.0,779
11,16.4,43,0.7,1713,3.7,1.96,0.0,0.0,956
12,18.2,37,1.4,1861,3.2,2.25,0.0,0.0,1188
13,19.4,32,1.1,1787,2.2,2.31,0.0,0.0,1154
14,20.6,31,1.4,1562,2.8,1.7,0.0,0.0,1192
15,20.6,32,1.4,1651,3.3,1.4,0.0,0.0,1275
16,20.4,32,0.9,1720,3.1,0.84,0.0,0.0,1528
18,17.3,39,1.3,1641,3.1,0.03,0.0,0.0,2632
19,16.4,47,1.0,1694,5.0,0.0,0.0,0.0,1968
20,15.3,50,0.5,1647,4.9,0.0,0.0,0.0,1596
21,14.5,50,0.7,1741,4.1,0.0,0.0,0.0,1513
22,13.6,56,1.0,1611,4.9,0.0,0.0,0.0,1316
0,12.5,57,0.9,1877,4.1,0.0,0.0,0.0,753
2,12.8,59,0.9,1804,4.9,0.0,0.0,0.0,434
3,12.8,57,0.5,1715,4.4,0.0,0.0,0.0,327
4,12.6,60,0.6,1648,5.0,0.0,0.0,0.0,185
6,12.6,64,1.3,1348,5.9,0.0,0.0,0.0,376
7,12.6,63,0.8,1265,5.7,0.0,0.0,0.0,556
8,12.1,81,0.8,706,8.9,0.0,0.5,0.0,556
10,12.9,84,1.0,534,10.2,0.27,0.0,0.0,191
12,12.4,90,1.1,297,10.7,0.19,1.0,0.0,29
13,12.6,87,2.3,539,10.4,0.13,1.5,0.0,18
14,12.7,95,1.9,255,11.9,0.09,5.5,0.0,147
15,14.0,87,1.2,1482,11.8,0.68,1.0,0.0,576
16,14.5,81,1.8,1588,11.2,0.78,0.0,0.0,900
17,14.3,77,2.9,1966,10.3,0.5,0.0,0.0,1386
18,13.1,74,1.6,1989,8.5,0.05,0.0,0.0,1882
19,12.9,66,2.5,1997,6.6,0.0,0.0,0.0,1228
20,12.2,67,5.4,1956,6.2,0.0,0.0,0.0,1003
22,10.5,72,2.4,2000,5.6,0.0,0.0,0.0,680
23,10.2,64,3.9,2000,3.6,0.0,0.0,0.0,603
0,9.9,65,3.2,2000,3.6,0.0,0.0,0.0,640
1,9.9,62,3.5,2000,2.9,0.0,0.0,0.0,585
2,9.5,58,3.0,2000,1.6,0.0,0.0,0.0,478
3,9.1,60,2.8,2000,1.7,0.0,0.0,0.0,346
4,8.8,61,2.8,2000,1.6,0.0,0.0,0.0,233
5,8.0,65,1.6,2000,1.8,0.0,0.0,0.0,146
6,7.4,66,2.3,2000,1.4,0.0,0.0,0.0,197
7,7.3,65,3.2,2000,1.1,0.0,0.0,0.0,388
10,9.5,46,3.7,1871,-1.5,1.49,0.0,0.0,898
11,10.4,42,4.1,1988,-1.9,2.01,0.0,0.0,996
13,10.6,38,4.6,2000,-3.1,1.63,0.0,0.0,1118
15,11.4,32,3.8,2000,-4.7,1.21,0.0,0.0,1254
16,10.6,35,3.3,2000,-4.2,1.02,0.0,0.0,1308
17,9.5,34,5.7,2000,-5.6,0.45,0.0,0.0,1176
18,8.9,39,3.5,2000,-4.3,0.05,0.0,0.0,1054
20,7.6,44,4.2,2000,-3.8,0.0,0.0,0.0,775
21,7.3,49,3.4,2000,-2.7,0.0,0.0,0.0,775
22,6.6,51,1.8,2000,-2.8,0.0,0.0,0.0,752
23,6.3,52,1.8,2000,-2.8,0.0,0.0,0.0,658
1,6.9,55,1.8,2000,-1.5,0.0,0.0,0.0,531
2,6.6,59,0.4,2000,-0.8,0.0,0.0,0.0,450
3,6.2,59,0.6,2000,-1.2,0.0,0.0,0.0,299
4,6.8,65,1.1,2000,0.6,0.0,0.0,0.0,148
5,7.2,68,2.5,1740,1.6,0.0,0.0,0.0,27
6,6.9,86,1.7,1988,4.7,0.0,1.5,0.0,55
7,6.9,88,0.9,1991,5.0,0.0,0.0,0.0,134
8,6.8,89,1.4,1856,5.1,0.05,0.0,0.0,74
9,7.3,90,1.1,1889,5.7,0.12,2.5,0.0,195
11,9.4,86,1.2,1220,7.1,0.75,0.0,0.0,544
12,11.9,74,1.6,1801,7.4,1.84,0.0,0.0,630
13,12.1,75,1.2,1775,7.7,0.99,0.0,0.0,916
15,12.2,67,3.3,2000,6.2,0.86,0.0,0.0,948
16,12.2,65,1.9,2000,5.8,0.52,0.0,0.0,385
17,9.4,85,1.2,2000,6.9,0.07,1.5,0.0,535
18,8.9,85,1.8,2000,6.5,0.01,0.0,0.0,651
21,7.6,75,1.1,2000,3.4,0.0,0.0,0.0,670
22,6.7,76,0.6,2000,2.7,0.0,0.0,0.0,625
23,6.0,74,1.1,2000,1.7,0.0,0.0,0.0,512
0,5.3,81,1.7,1993,2.2,0.0,0.0,0.0,434
1,5.1,83,1.1,1989,2.4,0.0,0.0,0.0,326
2,4.7,81,1.0,1918,1.7,0.0,0.0,0.0,184
3,5.0,67,0.8,2000,-0.6,0.0,0.0,0.0,123
4,5.6,66,0.7,2000,-0.2,0.0,0.0,0.0,117
5,5.1,76,0.7,2000,1.2,0.0,0.0,0.0,161
6,4.7,76,0.6,2000,0.8,0.0,0.0,0.0,436
8,5.1,67,0.3,1981,-0.5,0.24,0.0,0.0,1888
9,7.5,53,1.6,1981,-1.4,1.01,0.0,0.0,1021
10,9.6,43,1.8,1930,-2.3,1.49,0.0,0.0,771
12,10.8,49,2.7,2000,0.4,1.45,0.0,0.0,737
14,11.3,39,3.7,2000,-2.1,1.18,0.0,0.0,838
16,11.3,41,3.6,2000,-1.4,0.94,0.0,0.0,1069
17,10.0,43,4.9,2000,-2.0,0.43,0.0,0.0,1274
18,9.4,51,3.4,2000,-0.2,0.02,0.0,0.0,1987
19,8.1,53,3.7,2000,-0.9,0.0,0.0,0.0,1377
20,6.8,59,3.2,2000,-0.6,0.0,0.0,0.0,1026
21,5.7,61,2.3,2000,-1.2,0.0,0.0,0.0,979
22,5.1,58,2.2,2000,-2.4,0.0,0.0,0.0,906
23,4.3,58,1.4,2000,-3.2,0.0,0.0,0.0,658
2,2.1,56,0.5,2000,-5.7,0.0,0.0,0.0,283
3,1.7,59,0.5,2000,-5.4,0.0,0.0,0.0,182
5,1.1,68,0.6,2000,-4.1,0.0,0.0,0.0,162
8,1.4,58,0.9,1883,-5.9,0.15,0.0,0.0,1883
9,3.7,49,1.9,1961,-6.0,0.89,0.0,0.0,982
10,6.1,38,2.5,1914,-7.1,1.51,0.0,0.0,684
11,7.5,36,1.4,1993,-6.6,1.98,0.0,0.0,782
12,8.5,34,1.5,1892,-6.4,2.21,0.0,0.0,881
13,9.8,33,1.8,1937,-5.7,2.3,0.0,0.0,847
14,10.7,33,1.7,2000,-4.9,2.12,0.0,0.0,903
15,10.9,33,2.6,1963,-4.7,1.73,0.0,0.0,965
16,11.0,34,2.3,1999,-4.2,1.16,0.0,0.0,1110
17,9.9,40,2.6,2000,-3.0,0.47,0.0,0.0,1357
18,8.4,52,2.6,2000,-0.9,0.03,0.0,0.0,2074
19,8.0,52,2.1,2000,-1.2,0.0,0.0,0.0,1442
20,7.6,59,1.1,2000,0.0,0.0,0.0,0.0,1186
21,7.6,55,2.0,2000,-0.8,0.0,0.0,0.0,1147
22,7.6,50,1.8,2000,-2.1,0.0,0.0,0.0,948
23,7.7,50,1.0,1988,-2.0,0.0,0.0,0.0,527
0,7.1,59,1.7,2000,-0.3,0.0,0.0,0.0,294
1,6.6,66,1.0,2000,0.6,0.0,0.0,0.0,324
2,6.4,65,0.0,2000,0.2,0.0,0.0,0.0,287
3,5.6,69,0.1,2000,0.3,0.0,0.0,0.0,227
4,5.0,71,1.4,1994,0.1,0.0,0.0,0.0,146
5,4.1,74,0.9,2000,-0.1,0.0,0.0,0.0,141
7,3.2,74,0.9,2000,-0.9,0.0,0.0,0.0,1060
8,3.7,67,1.8,1987,-1.8,0.15,0.0,0.0,1907
9,5.1,56,1.8,1825,-2.9,0.89,0.0,0.0,996
10,7.2,49,2.2,1892,-2.8,1.51,0.0,0.0,717
11,8.7,41,2.6,1907,-3.8,1.96,0.0,0.0,818
12,10.0,39,2.0,2000,-3.3,2.2,0.0,0.0,907
13,11.2,34,2.6,1940,-4.1,2.26,0.0,0.0,983
14,11.9,34,2.4,1835,-3.4,2.12,0.0,0.0,963
15,12.0,35,3.0,1908,-3.0,1.72,0.0,0.0,994
16,11.8,34,2.3,1979,-3.5,1.16,0.0,0.0,1185
17,11.3,41,1.8,2000,-1.4,0.51,0.0,0.0,1462
18,9.4,48,2.0,2000,-1.0,0.03,0.0,0.0,2094
19,8.4,53,1.0,2000,-0.6,0.0,0.0,0.0,1507
20,7.6,59,0.7,2000,0.0,0.0,0.0,0.0,1176
21,7.6,59,3.0,1929,0.0,0.0,0.0,0.0,1069
22,6.8,58,2.2,1936,-0.9,0.0,0.0,0.0,1088
23,6.4,60,1.8,1930,-0.8,0.0,0.0,0.0,798
0,5.7,62,2.3,1909,-1.0,0.0,0.0,0.0,584
1,5.1,65,1.6,1932,-0.9,0.0,0.0,0.0,524
2,4.4,64,1.4,2000,-1.8,0.0,0.0,0.0,362
4,3.6,70,0.8,1934,-1.3,0.0,0.0,0.0,147
5,3.3,72,0.0,1946,-1.2,0.0,0.0,0.0,154
6,2.9,75,0.2,1761,-1.1,0.0,0.0,0.0,433
7,2.5,75,0.5,1763,-1.4,0.0,0.0,0.0,1055
8,2.8,74,0.9,1366,-1.3,0.13,0.0,0.0,1899
9,4.7,60,0.9,1219,-2.4,0.82,0.0,0.0,1011
10,8.1,51,0.7,1100,-1.4,1.38,0.0,0.0,696
11,11.1,46,1.6,1518,-0.1,1.84,0.0,0.0,852
12,12.6,36,2.6,1785,-2.1,2.14,0.0,0.0,926
13,13.6,32,1.8,1814,-2.8,2.22,0.0,0.0,968
14,14.9,31,2.5,1872,-2.1,2.06,0.0,0.0,1040
15,14.8,30,2.7,1990,-2.6,1.71,0.0,0.0,1094
16,14.7,32,2.0,1934,-1.8,1.13,0.0,0.0,1206
17,13.7,37,1.4,2000,-0.7,0.49,0.0,0.0,1569
18,11.8,43,1.3,1995,-0.3,0.03,0.0,0.0,2254
23,7.8,63,0.4,1547,1.1,0.0,0.0,0.0,806
0,7.2,64,1.0,1639,0.8,0.0,0.0,0.0,642
1,6.6,69,0.0,1512,1.3,0.0,0.0,0.0,560
3,5.7,72,0.8,1368,1.0,0.0,0.0,0.0,251
4,5.2,74,1.3,1386,0.9,0.0,0.0,0.0,166
5,4.8,75,0.7,1471,0.7,0.0,0.0,0.0,153
6,4.5,77,1.0,1410,0.8,0.0,0.0,0.0,403
7,4.1,75,0.8,1143,0.0,0.0,0.0,0.0,1024
9,7.0,57,0.7,1553,-0.9,0.79,0.0,0.0,1027
10,10.0,49,1.2,1411,-0.2,1.4,0.0,0.0,751
11,12.8,44,1.0,1269,0.8,1.84,0.0,0.0,880
12,14.9,40,1.1,1288,1.4,2.06,0.0,0.0,1023
15,18.6,31,1.4,1575,1.1,1.63,0.0,0.0,1251
17,17.0,36,1.5,1672,1.8,0.47,0.0,0.0,1730
18,14.6,42,1.4,1428,1.8,0.02,0.0,0.0,2314
19,12.8,40,1.4,1870,-0.4,0.0,0.0,0.0,1568
20,11.7,45,1.2,1748,0.1,0.0,0.0,0.0,1242
21,10.8,57,2.0,1219,2.6,0.0,0.0,0.0,1146
22,10.0,56,2.0,1290,1.6,0.0,0.0,0.0,1106
0,8.8,63,0.6,1314,2.1,0.0,0.0,0.0,0
1,8.5,61,0.2,1273,1.3,0.0,0.0,0.0,0
2,7.6,68,1.2,1170,2.0,0.0,0.0,0.0,0
3,7.1,67,0.6,1229,1.3,0.0,0.0,0.0,0
4,6.3,72,1.0,1104,1.6,0.0,0.0,0.0,0
5,6.1,75,1.0,1053,1.9,0.0,0.0,0.0,0
8,5.4,75,0.4,905,1.3,0.11,0.0,0.0,0
9,7.9,58,1.3,1033,0.1,0.8,0.0,0.0,0
10,11.0,49,0.7,957,0.6,1.4,0.0,0.0,0
11,14.5,42,1.6,890,1.7,1.85,0.0,0.0,0
12,16.5,37,1.8,1060,1.7,2.14,0.0,0.0,0
14,18.1,24,2.4,1594,-2.8,1.97,0.0,0.0,0
15,18.5,25,1.6,1724,-1.9,1.63,0.0,0.0,0
16,18.7,25,2.1,1605,-1.7,1.07,0.0,0.0,0
17,16.7,45,2.2,772,4.6,0.43,0.0,0.0,0
18,14.2,51,1.5,990,4.1,0.02,0.0,0.0,0
19,13.4,62,1.6,740,6.2,0.0,0.0,0.0,0
21,11.1,69,0.9,619,5.6,0.0,0.0,0.0,0
23,9.2,65,1.2,1064,2.9,0.0,0.0,0.0,0
1,8.6,60,1.1,1416,1.2,0.0,0.0,0.0,517
2,8.2,62,0.2,1415,1.3,0.0,0.0,0.0,378
3,7.6,66,0.9,1432,1.6,0.0,0.0,0.0,296
4,6.9,70,1.5,1314,1.7,0.0,0.0,0.0,188
5,6.6,73,0.3,1219,2.0,0.0,0.0,0.0,112
8,5.7,78,1.1,714,2.1,0.09,0.0,0.0,481
9,7.5,60,0.5,725,0.2,0.79,0.0,0.0,632
10,11.1,51,0.8,679,1.3,1.38,0.0,0.0,747
11,14.8,46,2.0,768,3.2,1.83,0.0,0.0,963
12,16.3,33,2.9,1530,0.0,2.13,0.0,0.0,1145
13,18.3,26,1.2,1503,-1.5,2.17,0.0,0.0,1355
14,19.3,28,1.7,1208,0.3,1.93,0.0,0.0,1511
16,18.4,25,3.2,1909,-2.0,1.05,0.0,0.0,1690
17,16.9,33,2.2,1972,0.5,0.43,0.0,0.0,1596
19,12.9,56,2.5,1345,4.3,0.0,0.0,0.0,1180
20,12.7,59,1.2,1177,4.8,0.0,0.0,0.0,1077
22,11.2,67,1.3,940,5.2,0.0,0.0,0.0,912
0,10.1,75,0.0,922,5.8,0.0,0.0,0.0,520
1,9.3,78,0.1,828,5.6,0.0,0.0,0.0,346
2,8.8,81,0.0,773,5.7,0.0,0.0,0.0,206
3,8.3,81,1.1,642,5.2,0.0,0.0,0.0,161
5,8.0,84,0.7,569,5.4,0.0,0.0,0.0,166
6,7.2,83,0.8,636,4.4,0.0,0.0,0.0,448
7,7.0,86,1.1,455,4.8,0.0,0.0,0.0,1115
8,7.2,80,0.8,515,3.9,0.13,0.0,0.0,1975
9,8.9,67,1.1,578,3.0,0.69,0.0,0.0,1005
10,11.8,59,0.9,616,4.0,1.23,0.0,0.0,790
11,13.8,47,1.2,994,2.6,1.71,0.0,0.0,829
12,16.4,48,2.1,653,5.3,1.68,0.0,0.0,971
13,16.8,46,1.1,760,5.0,1.71,0.0,0.0,986
14,17.5,38,1.2,1090,3.0,1.74,0.0,0.0,993
15,18.0,39,1.0,1208,3.8,1.21,0.0,0.0,1100
16,16.8,46,1.8,1041,5.0,0.72,0.0,0.0,1318
18,14.5,54,1.3,1343,5.2,0.01,0.0,0.0,2357
19,13.2,66,1.7,705,6.9,0.0,0.0,0.0,1618
20,12.7,75,2.0,433,8.3,0.0,0.0,0.0,1464
21,12.2,79,1.8,351,8.6,0.0,0.0,0.0,1289
0,10.0,73,0.5,700,5.3,0.0,0.0,0.0,0
1,9.8,75,0.5,668,5.5,0.0,0.0,0.0,0
2,9.7,78,0.0,619,6.0,0.0,0.0,0.0,0
3,9.4,81,0.3,500,6.2,0.0,0.0,0.0,0
4,9.1,81,0.0,493,6.0,0.0,0.0,0.0,0
5,8.8,84,0.6,420,6.2,0.0,0.0,0.0,0
6,8.5,83,0.7,409,5.7,0.0,0.0,0.0,0
7,8.3,84,0.9,422,5.7,0.0,0.0,0.0,0
8,8.7,77,0.7,529,4.8,0.11,0.0,0.0,0
9,10.1,68,0.2,578,4.4,0.33,0.0,0.0,0
10,11.7,62,0.5,521,4.6,0.77,0.0,0.0,0
11,13.0,55,1.0,488,4.1,0.84,0.0,0.0,0
12,14.5,57,0.8,373,6.0,1.08,0.0,0.0,0
13,16.1,56,1.7,328,7.3,1.54,0.0,0.0,0
14,17.4,50,2.4,336,6.8,1.52,0.0,0.0,0
15,16.3,54,1.6,374,6.9,0.76,0.0,0.0,0
17,15.3,63,1.2,260,8.2,0.23,0.0,0.0,0
18,14.0,71,1.5,201,8.8,0.01,0.0,0.0,0
20,13.2,73,1.1,246,8.4,0.0,0.0,0.0,0
21,13.0,76,0.9,231,8.8,0.0,0.0,0.0,0
22,12.3,73,1.2,277,7.5,0.0,0.0,0.0,0
23,12.2,74,1.1,291,7.6,0.0,0.0,0.0,0
0,11.9,74,1.6,287,7.4,0.0,0.0,0.0,639
3,10.8,88,1.0,145,8.8,0.0,0.5,0.0,40
4,10.6,95,0.7,94,9.8,0.0,0.0,0.0,47
5,11.1,95,0.2,117,10.3,0.0,0.0,0.0,71
6,11.0,91,1.0,124,9.5,0.0,1.0,0.0,194
8,11.3,89,1.1,279,9.5,0.01,0.0,0.0,1171
9,11.2,86,1.0,372,8.9,0.09,0.5,0.0,740
10,11.9,84,0.9,482,9.2,0.2,0.0,0.0,555
12,13.2,77,1.3,589,9.2,0.5,0.0,0.0,697
14,15.5,68,1.4,693,9.6,1.15,0.0,0.0,767
17,14.9,73,0.9,854,10.0,0.04,0.0,0.0,1115
18,14.4,77,1.0,912,10.4,0.0,0.0,0.0,1347
20,13.3,77,1.6,833,9.3,0.0,0.0,0.0,1062
21,13.5,75,0.8,1275,9.1,0.0,0.0,0.0,1062
22,13.2,74,1.4,1407,8.6,0.0,0.0,0.0,1003
23,12.9,72,1.4,2000,7.9,0.0,0.0,0.0,679
0,12.9,70,1.8,2000,7.5,0.0,0.0,0.0,395
1,11.9,77,1.1,1634,7.9,0.0,0.0,0.0,158
2,11.8,84,1.6,1874,9.1,0.0,0.0,0.0,122
3,11.8,86,1.6,1819,9.5,0.0,0.5,0.0,78
4,10.8,87,1.7,956,8.7,0.0,0.0,0.0,50
5,10.8,89,1.6,957,9.0,0.0,0.0,0.0,49
6,10.6,90,1.6,1065,9.0,0.0,1.5,0.0,136
7,10.9,88,1.8,1866,8.9,0.0,0.0,0.0,174
8,10.6,89,1.5,689,8.8,0.02,0.0,0.0,148
10,10.8,94,1.8,578,9.8,0.15,0.0,0.0,17
11,10.9,95,2.4,519,10.1,0.12,0.0,0.0,25
13,11.5,95,2.1,457,10.7,0.32,0.0,0.0,18
14,11.3,96,2.7,302,10.6,0.11,0.0,0.0,46
15,11.4,96,2.0,910,10.7,0.07,9.5,0.0,56
16,11.7,96,1.4,587,11.0,0.02,0.0,0.0,14
18,12.9,97,0.0,406,12.4,0.0,9.0,0.0,40
20,13.9,97,2.5,594,13.4,0.0,0.0,0.0,12
21,14.0,96,4.1,292,13.3,0.0,18.0,0.0,21
22,12.4,96,2.7,545,11.7,0.0,0.0,0.0,14
0,12.0,96,3.1,1185,11.3,0.0,18.0,0.0,0
2,11.3,88,3.7,1680,9.3,0.0,0.0,0.0,0
3,10.8,82,2.8,1712,7.8,0.0,0.5,0.0,0
4,10.6,75,3.2,913,6.3,0.0,0.0,0.0,0
5,10.9,68,3.1,1034,5.2,0.0,0.0,0.0,0
6,11.0,70,3.1,900,5.7,0.0,0.0,0.0,0
7,10.4,81,3.0,1741,7.2,0.0,0.0,0.0,0
11,13.3,59,4.1,1970,5.4,1.43,0.0,0.0,0
13,14.0,46,5.3,927,2.5,1.68,0.0,0.0,0
14,15.0,49,2.8,518,4.3,1.53,0.0,0.0,0
16,14.3,59,3.6,858,6.3,0.72,0.0,0.0,0
17,12.9,66,3.6,682,6.6,0.32,0.0,0.0,0
18,12.3,69,2.1,623,6.7,0.01,0.0,0.0,0
20,11.9,72,2.5,526,7.0,0.0,0.0,0.0,0
21,11.4,74,1.9,498,6.9,0.0,0.0,0.0,0
22,11.2,75,1.7,478,6.9,0.0,0.0,0.0,0
23,10.9,76,1.2,456,6.8,0.0,0.0,0.0,0
0,11.3,77,0.9,433,7.4,0.0,0.0,0.0,754
1,11.2,78,1.1,467,7.4,0.0,0.0,0.0,679
2,10.7,80,0.6,409,7.3,0.0,0.0,0.0,568
4,9.5,87,0.6,266,7.4,0.0,0.0,0.0,223
5,9.4,87,0.8,279,7.3,0.0,0.0,0.0,137
6,9.5,85,0.6,304,7.0,0.0,0.0,0.0,167
7,9.5,86,0.6,293,7.2,0.0,0.0,0.0,309
8,9.3,85,0.3,313,6.9,0.07,0.0,0.0,589
9,10.1,77,0.0,350,6.2,0.45,0.0,0.0,628
10,12.2,73,1.9,374,7.4,0.92,0.0,0.0,699
11,13.8,63,2.2,416,6.8,1.32,0.0,0.0,768
12,15.1,54,2.2,495,5.8,1.91,0.0,0.0,1034
14,17.1,39,2.0,781,3.0,1.85,0.0,0.0,1113
15,16.6,36,2.5,808,1.4,1.45,0.0,0.0,1229
16,16.0,37,1.9,984,1.2,0.94,0.0,0.0,1263
17,14.8,47,1.3,787,3.5,0.35,0.0,0.0,1379
18,13.2,57,2.2,618,4.8,0.01,0.0,0.0,1226
19,12.1,67,1.5,430,6.1,0.0,0.0,0.0,957
20,11.3,74,1.2,350,6.8,0.0,0.0,0.0,877
21,10.8,78,1.0,303,7.1,0.0,0.0,0.0,847
22,10.6,81,1.2,281,7.4,0.0,0.0,0.0,885
23,10.3,84,1.3,250,7.7,0.0,0.0,0.0,676
0,9.4,85,0.6,241,6.9,0.0,0.0,0.0,655
2,7.9,85,1.1,275,5.5,0.0,0.0,0.0,370
3,7.1,85,0.7,329,4.7,0.0,0.0,0.0,314
6,6.6,84,1.2,373,4.0,0.0,0.0,0.0,117
8,6.3,81,0.8,365,3.2,0.11,0.0,0.0,395
9,7.8,72,1.2,360,3.0,0.54,0.0,0.0,574
10,10.2,68,0.7,354,4.5,1.06,0.0,0.0,563
11,10.7,68,0.4,341,5.0,0.54,0.0,0.0,578
12,10.6,72,2.0,365,5.7,0.29,0.0,0.0,769
13,9.8,70,1.7,360,4.5,0.33,0.0,0.0,758
15,10.2,58,2.0,573,2.2,0.29,0.0,0.0,832
17,8.9,57,3.0,1149,0.8,0.03,0.0,0.0,660
19,8.7,52,0.8,1590,-0.6,0.0,0.0,0.0,685
20,8.2,53,0.6,1621,-0.8,0.0,0.0,0.0,711
21,8.0,51,0.5,1989,-1.5,0.0,0.0,0.0,689
22,7.0,60,0.0,1948,-0.2,0.0,0.0,0.0,690
23,6.3,62,0.0,1993,-0.4,0.0,0.0,0.0,554
0,5.4,64,0.8,2000,-0.8,0.0,0.0,0.0,456
2,4.8,66,1.6,2000,-1.0,0.0,0.0,0.0,187
3,4.6,65,0.1,2000,-1.4,0.0,0.0,0.0,122
5,4.0,71,0.0,2000,-0.7,0.0,0.0,0.0,158
7,3.4,72,1.0,1989,-1.1,0.0,0.0,0.0,1004
8,3.3,69,0.0,2000,-1.8,0.06,0.0,0.0,1699
9,5.2,55,1.4,1752,-3.1,0.67,0.0,0.0,931
12,12.3,37,0.8,1690,-1.9,1.93,0.0,0.0,888
13,13.3,36,2.1,1283,-1.4,1.99,0.0,0.0,889
14,14.2,33,1.5,1374,-1.8,1.84,0.0,0.0,886
16,12.9,38,2.6,1476,-1.1,0.94,0.0,0.0,1193
17,11.8,43,1.8,1685,-0.3,0.34,0.0,0.0,1472
18,10.6,45,1.8,1936,-0.8,0.01,0.0,0.0,2022
20,9.0,48,1.9,1879,-1.4,0.0,0.0,0.0,1292
21,8.5,50,0.5,1707,-1.3,0.0,0.0,0.0,1189
22,7.6,55,1.7,1694,-0.8,0.0,0.0,0.0,1023
23,6.9,60,0.8,1610,-0.3,0.0,0.0,0.0,702
0,6.2,63,0.8,1611,-0.3,0.0,0.0,0.0,587
2,5.6,64,0.1,1556,-0.6,0.0,0.0,0.0,330
3,5.3,62,0.0,1485,-1.4,0.0,0.0,0.0,205
4,4.9,63,0.0,1397,-1.5,0.0,0.0,0.0,133
5,4.7,72,0.0,1310,0.0,0.0,0.0,0.0,162
6,4.2,72,0.8,1326,-0.4,0.0,0.0,0.0,402
7,4.4,72,0.3,1189,-0.2,0.0,0.0,0.0,1066
8,4.7,68,0.5,1032,-0.7,0.06,0.0,0.0,1910
9,6.0,59,1.0,719,-1.4,0.6,0.0,0.0,990
10,9.0,51,0.9,706,-0.6,1.16,0.0,0.0,710
11,11.4,46,0.8,876,0.1,1.57,0.0,0.0,789
12,12.8,45,1.8,1170,1.1,1.82,0.0,0.0,890
13,13.5,43,2.2,1687,1.1,1.92,0.0,0.0,912
14,15.0,37,1.6,1703,0.4,1.82,0.0,0.0,928
16,14.2,37,2.0,1783,-0.3,0.91,0.0,0.0,1188
18,11.3,42,1.2,1846,-1.1,0.01,0.0,0.0,2159
19,9.8,45,1.3,1882,-1.5,0.0,0.0,0.0,1529
20,9.5,44,1.8,1991,-2.1,0.0,0.0,0.0,1208
21,8.5,42,1.1,2000,-3.7,0.0,0.0,0.0,1163
22,8.1,50,0.5,2000,-1.7,0.0,0.0,0.0,1126
23,7.6,49,0.6,1971,-2.4,0.0,0.0,0.0,718
0,7.0,54,0.9,1862,-1.6,0.0,0.0,0.0,612
1,6.5,60,0.5,1788,-0.7,0.0,0.0,0.0,517
2,6.2,59,0.6,1584,-1.2,0.0,0.0,0.0,327
3,6.1,66,0.5,1347,0.2,0.0,0.0,0.0,210
4,5.6,70,0.6,1311,0.5,0.0,0.0,0.0,164
5,5.3,72,0.2,1278,0.6,0.0,0.0,0.0,135
6,5.1,76,1.1,1195,1.2,0.0,0.0,0.0,362
8,5.0,77,1.5,1115,1.2,0.07,0.0,0.0,1916
9,7.1,61,0.5,1493,0.0,0.57,0.0,0.0,1019
11,12.1,49,0.8,1827,1.6,1.61,0.0,0.0,892
12,14.2,45,0.9,1531,2.4,1.86,0.0,0.0,963
13,15.7,41,2.3,1322,2.4,2.01,0.0,0.0,1028
14,16.1,32,1.4,1703,-0.6,1.8,0.0,0.0,1001
15,15.9,30,0.7,1823,-1.6,1.34,0.0,0.0,1063
16,15.2,40,2.7,1371,1.6,0.87,0.0,0.0,1137
17,13.6,46,1.8,1374,2.1,0.31,0.0,0.0,1532
18,12.2,47,2.6,1427,1.2,0.01,0.0,0.0,2200
19,11.5,52,2.4,1319,1.9,0.0,0.0,0.0,1464
20,10.5,52,1.4,1153,1.0,0.0,0.0,0.0,1269
21,9.8,52,0.5,1255,0.3,0.0,0.0,0.0,1239
22,8.8,58,0.5,1358,0.9,0.0,0.0,0.0,1074
0,7.7,67,0.4,1102,1.9,0.0,0.0,0.0,610
1,7.3,64,0.3,1150,0.9,0.0,0.0,0.0,489
3,6.5,75,1.1,970,2.3,0.0,0.0,0.0,219
5,5.3,78,1.4,952,1.7,0.0,0.0,0.0,172
6,4.9,76,1.1,800,1.0,0.0,0.0,0.0,357
7,4.8,76,0.7,762,0.9,0.0,0.0,0.0,883
9,6.8,64,1.0,949,0.4,0.5,0.0,0.0,1300
10,8.6,57,0.6,1102,0.5,0.77,0.0,0.0,782
12,13.8,43,0.9,987,1.4,1.61,0.0,0.0,942
13,15.1,37,1.9,990,0.4,1.74,0.0,0.0,883
14,15.1,33,1.5,1045,-1.0,1.31,0.0,0.0,899
15,16.1,30,1.0,1125,-1.5,1.06,0.0,0.0,971
16,15.4,34,1.4,1016,-0.4,0.68,0.0,0.0,1123
17,13.7,38,1.4,884,-0.3,0.29,0.0,0.0,1416
18,12.1,46,1.4,799,0.8,0.01,0.0,0.0,2034
19,11.2,46,1.4,869,0.0,0.0,0.0,0.0,1448
21,9.6,52,1.3,906,0.2,0.0,0.0,0.0,1123
22,8.7,53,0.4,764,-0.3,0.0,0.0,0.0,1061
23,8.1,57,0.7,752,0.0,0.0,0.0,0.0,721
0,7.8,57,0.3,792,-0.2,0.0,0.0,0.0,683
1,7.8,59,0.6,768,0.2,0.0,0.0,0.0,520
4,7.1,64,0.6,663,0.7,0.0,0.0,0.0,171
5,6.9,66,0.5,698,0.9,0.0,0.0,0.0,151
6,7.1,65,0.5,713,0.9,0.0,0.0,0.0,412
7,6.6,64,0.5,701,0.2,0.0,0.0,0.0,939
8,7.0,64,0.8,683,0.6,0.03,0.0,0.0,1692
9,8.2,61,0.6,586,1.1,0.26,0.0,0.0,991
11,11.9,44,2.1,791,0.0,1.22,0.0,0.0,834
12,13.4,48,2.3,962,2.5,1.64,0.0,0.0,886
13,14.4,49,3.5,890,3.8,1.71,0.0,0.0,920
14,13.3,53,2.6,761,3.9,1.34,0.0,0.0,915
16,11.8,66,3.0,687,5.6,0.44,0.0,0.0,1126
17,11.0,70,2.9,617,5.7,0.12,0.0,0.0,1346
18,9.9,74,2.6,492,5.4,0.0,0.0,0.0,1956
19,8.7,78,2.5,460,5.0,0.0,0.0,0.0,1303
20,7.6,76,3.9,603,3.6,0.0,0.0,0.0,995
21,6.8,73,2.3,730,2.2,0.0,0.0,0.0,907
22,6.2,72,1.4,848,1.5,0.0,0.0,0.0,894
23,5.0,75,1.1,835,0.9,0.0,0.0,0.0,687
1,3.4,76,0.5,909,-0.4,0.0,0.0,0.0,597
2,2.9,77,1.8,853,-0.7,0.0,0.0,0.0,456
3,2.5,77,2.3,992,-1.1,0.0,0.0,0.0,288
4,1.7,74,1.7,1226,-2.4,0.0,0.0,0.0,195
6,1.0,77,0.6,1259,-2.5,0.0,0.0,0.0,151
8,0.7,72,1.0,1397,-3.7,0.05,0.0,0.0,530
9,2.2,53,0.5,1595,-6.4,0.62,0.0,0.0,644
11,7.8,38,0.8,1369,-5.6,1.65,0.0,0.0,830
12,9.1,34,1.0,1802,-5.9,1.95,0.0,0.0,994
13,10.9,32,2.1,1581,-5.1,1.85,0.0,0.0,1037
14,9.7,34,1.9,1786,-5.4,0.8,0.0,0.0,969
15,8.9,34,2.9,1787,-6.1,0.52,0.0,0.0,1018
16,8.3,35,2.1,1987,-6.2,0.37,0.0,0.0,974
18,7.1,40,0.6,1995,-5.6,0.01,0.0,0.0,877
19,6.0,44,0.8,1758,-5.3,0.0,0.0,0.0,735
20,5.4,43,2.7,1913,-6.2,0.0,0.0,0.0,644
21,5.0,42,1.5,1927,-6.8,0.0,0.0,0.0,685
22,4.4,43,1.1,2000,-7.1,0.0,0.0,0.0,655
0,3.6,49,0.8,1990,-6.1,0.0,0.0,0.0,592
1,3.2,54,1.2,1968,-5.2,0.0,0.0,0.0,443
3,2.5,49,0.2,2000,-7.1,0.0,0.0,0.0,258
4,2.5,49,0.4,1988,-7.1,0.0,0.0,0.0,165
7,2.1,56,0.7,1477,-5.7,0.0,0.0,0.0,191
8,2.6,53,0.7,1548,-6.0,0.03,0.0,0.0,371
9,3.5,53,1.0,1338,-5.2,0.22,0.0,0.0,457
10,4.8,40,1.1,1676,-7.6,0.59,0.0,0.0,583
11,7.6,35,0.8,1695,-6.9,1.25,0.0,0.0,645
12,9.2,47,2.5,1910,-1.5,1.37,0.0,0.0,776
16,9.4,39,1.8,1704,-3.8,0.56,0.0,0.0,1026
17,8.7,42,1.7,1576,-3.5,0.18,0.0,0.0,1039
18,8.4,46,2.4,1823,-2.5,0.0,0.0,0.0,902
19,7.9,45,1.0,1602,-3.3,0.0,0.0,0.0,759
20,7.4,50,0.7,1499,-2.3,0.0,0.0,0.0,719
21,7.1,52,0.8,1516,-2.1,0.0,0.0,0.0,682
22,6.8,53,0.4,1498,-2.1,0.0,0.0,0.0,632
23,7.0,55,0.2,1501,-1.4,0.0,0.0,0.0,532
1,5.9,60,0.5,1332,-1.2,0.0,0.0,0.0,277
4,4.5,67,0.9,1175,-1.1,0.0,0.0,0.0,88
5,4.1,70,1.0,1100,-0.8,0.0,0.0,0.0,167
6,3.8,71,0.7,1071,-0.9,0.0,0.0,0.0,418
8,3.5,71,0.8,958,-1.2,0.06,0.0,0.0,1751
10,7.5,53,0.8,909,-1.4,1.0,0.0,0.0,651
11,9.8,51,0.5,781,0.1,1.42,0.0,0.0,745
12,10.3,38,1.2,1130,-3.4,1.08,0.0,0.0,785
13,10.8,44,2.0,935,-0.9,1.01,0.0,0.0,785
14,10.6,34,2.8,920,-4.6,1.07,0.0,0.0,793
15,11.1,35,1.9,861,-3.8,1.11,0.0,0.0,839
16,9.7,43,2.7,1012,-2.2,0.37,0.0,0.0,968
17,8.7,48,1.7,965,-1.7,0.25,0.0,0.0,1233
18,7.5,48,2.4,1079,-2.8,0.0,0.0,0.0,1904
20,6.0,50,1.5,931,-3.6,0.0,0.0,0.0,1030
21,5.8,44,2.2,1205,-5.5,0.0,0.0,0.0,1019
22,5.3,39,2.3,1512,-7.5,0.0,0.0,0.0,910
23,4.2,42,2.2,1360,-7.6,0.0,0.0,0.0,629
1,2.9,43,1.0,1750,-8.4,0.0,0.0,0.0,422
3,1.6,43,1.1,1981,-9.6,0.0,0.0,0.0,202
4,1.3,48,0.5,2000,-8.5,0.0,0.0,0.0,119
6,0.7,50,1.0,2000,-8.5,0.0,0.0,0.0,369
7,0.5,53,1.1,2000,-7.9,0.0,0.0,0.0,934
8,0.3,53,0.9,1971,-8.1,0.05,0.0,0.0,1818
9,2.3,43,1.2,1892,-9.0,0.52,0.0,0.0,955
10,5.1,33,1.4,1842,-9.8,1.1,0.0,0.0,659
11,7.5,29,1.3,1926,-9.4,1.55,0.0,0.0,699
12,10.1,23,1.8,1745,-10.1,1.82,0.0,0.0,788
13,11.6,20,1.3,1821,-10.6,1.87,0.0,0.0,798
14,12.3,16,2.5,1797,-12.8,1.69,0.0,0.0,790
15,11.9,18,3.3,1848,-11.7,1.32,0.0,0.0,861
16,11.3,21,2.8,1925,-10.2,0.82,0.0,0.0,967
18,9.1,31,2.0,1932,-7.1,0.0,0.0,0.0,1857
20,8.5,32,2.6,1789,-7.2,0.0,0.0,0.0,1078
21,8.8,37,3.8,1750,-5.1,0.0,0.0,0.0,1020
22,8.9,40,3.4,1810,-3.9,0.0,0.0,0.0,922
23,9.3,43,3.5,1807,-2.6,0.0,0.0,0.0,378
1,6.9,86,0.7,533,4.7,0.0,0.0,0.0,159
2,6.9,87,0.7,822,4.8,0.0,0.0,0.0,129
4,6.7,87,1.2,580,4.6,0.0,0.0,0.0,97
5,6.8,86,0.5,692,4.6,0.0,0.0,0.0,118
8,6.4,86,0.9,450,4.2,0.03,0.0,0.0,1622
9,6.4,53,0.7,1486,-2.5,0.21,0.0,0.0,867
10,6.9,39,0.5,1977,-6.1,0.36,0.0,0.0,611
11,7.4,30,1.4,2000,-9.0,0.44,0.0,0.0,649
12,7.7,34,0.6,1969,-7.2,0.49,0.0,0.0,697
13,8.0,35,1.3,1895,-6.5,0.5,0.0,0.0,623
14,6.7,47,2.4,2000,-3.8,0.42,0.0,0.0,474
15,5.7,53,2.0,2000,-3.1,0.22,0.0,0.0,550
17,5.7,61,2.2,1987,-1.2,0.07,0.0,0.0,1101
18,5.4,58,0.2,2000,-2.2,0.0,0.0,0.0,1679
19,5.1,50,0.7,2000,-4.4,0.0,0.0,0.0,1113
20,5.1,43,0.7,1928,-6.4,0.0,0.0,0.0,936
21,4.6,44,1.1,1859,-6.6,0.0,0.0,0.0,838
22,4.6,48,2.2,1782,-5.4,0.0,0.0,0.0,825
1,2.1,39,3.2,1299,-10.4,0.0,0.0,0.0,382
2,1.3,44,1.9,2000,-9.6,0.0,0.0,0.0,271
3,0.6,42,1.1,2000,-10.8,0.0,0.0,0.0,164
4,0.5,39,1.6,2000,-11.8,0.0,0.0,0.0,121
5,-0.4,39,0.8,2000,-12.6,0.0,0.0,0.0,133
6,-1.0,41,0.7,2000,-12.6,0.0,0.0,0.0,332
7,-1.0,43,1.8,2000,-12.0,0.0,0.0,0.0,848
8,-1.2,33,0.5,2000,-15.4,0.04,0.0,0.0,1671
12,5.9,23,2.8,1985,-13.7,1.88,0.0,0.0,717
13,6.5,26,2.4,1974,-11.6,1.84,0.0,0.0,678
14,6.7,27,3.1,1976,-11.0,1.66,0.0,0.0,692
15,6.9,31,2.9,1982,-9.1,1.21,0.0,0.0,716
16,5.9,34,2.9,1985,-8.7,0.55,0.0,0.0,759
17,4.9,41,3.3,1985,-7.2,0.25,0.0,0.0,1101
19,3.6,48,2.6,2000,-6.4,0.0,0.0,0.0,1032
20,3.1,42,2.4,2000,-8.5,0.0,0.0,0.0,777
22,1.1,33,2.5,2000,-13.4,0.0,0.0,0.0,691
23,0.4,37,2.9,2000,-12.6,0.0,0.0,0.0,488
0,-0.3,41,3.1,2000,-11.9,0.0,0.0,0.0,470
1,-0.6,44,2.3,2000,-11.3,0.0,0.0,0.0,401
2,-1.0,43,3.1,2000,-12.0,0.0,0.0,0.0,279
3,-1.2,45,1.1,2000,-11.6,0.0,0.0,0.0,191
4,-2.0,42,0.7,2000,-13.2,0.0,0.0,0.0,109
5,-2.4,37,0.5,2000,-15.1,0.0,0.0,0.0,129
6,-2.6,40,1.4,2000,-14.3,0.0,0.0,0.0,339
7,-2.8,42,1.3,2000,-13.9,0.0,0.0,0.0,727
9,-1.5,33,0.9,1962,-15.7,0.57,0.0,0.0,800
10,1.3,27,0.9,1856,-15.6,1.13,0.0,0.0,582
11,4.3,25,2.0,1958,-14.0,1.56,0.0,0.0,635
12,5.5,20,1.4,1992,-15.7,1.85,0.0,0.0,664
14,6.3,16,2.9,2000,-17.7,1.67,0.0,0.0,719
15,6.4,16,2.0,2000,-17.6,1.01,0.0,0.0,752
18,3.9,23,1.0,2000,-15.4,0.0,0.0,0.0,1548
19,2.9,26,1.1,2000,-14.7,0.0,0.0,0.0,1007
20,2.7,27,1.2,2000,-14.4,0.0,0.0,0.0,767
23,2.1,32,1.5,1998,-12.9,0.0,0.0,0.0,548
0,2.4,32,1.7,2000,-12.6,0.0,0.0,0.0,499
1,2.4,30,1.3,2000,-13.4,0.0,0.0,0.0,507
2,2.5,29,1.8,2000,-13.7,0.0,0.0,0.0,335
3,2.8,28,1.6,2000,-13.9,0.0,0.0,0.0,272
4,3.0,26,1.6,2000,-14.6,0.0,0.0,0.0,151
5,3.2,27,1.6,2000,-14.0,0.0,0.0,0.0,95
6,3.7,25,2.3,2000,-14.5,0.0,0.0,0.0,79
7,1.2,87,1.9,77,-0.7,0.0,0.0,1.3,30
8,0.4,96,3.1,33,-0.1,0.0,0.0,4.0,33
9,0.3,97,3.0,34,-0.1,0.0,9.1,7.1,24
11,1.2,97,2.3,975,0.7,0.07,0.0,8.8,114
13,2.6,83,1.9,1774,0.0,0.84,0.0,6.0,241
14,3.0,82,1.7,1589,0.2,0.55,0.0,5.0,298
16,3.5,82,1.6,1092,0.7,0.51,0.0,3.6,436
17,2.9,85,1.6,1000,0.6,0.2,0.0,3.5,435
18,2.6,86,1.1,834,0.4,0.0,0.0,3.5,426
19,2.6,85,1.2,797,0.3,0.0,0.0,3.3,420
20,2.6,86,1.7,676,0.4,0.0,0.0,3.3,349
21,2.6,85,1.1,674,0.3,0.0,0.0,3.2,392
22,2.7,85,1.1,580,0.4,0.0,0.0,3.2,396
23,2.8,86,1.2,476,0.6,0.0,0.0,3.0,386
0,2.7,86,1.2,422,0.5,0.0,0.0,3.0,420
1,2.7,86,1.0,460,0.5,0.0,0.0,2.9,370
2,2.8,86,0.8,402,0.6,0.0,0.0,2.9,285
3,2.6,88,0.9,319,0.8,0.0,0.0,2.8,184
4,2.4,89,0.7,321,0.7,0.0,0.0,2.6,138
5,2.1,94,0.4,248,1.2,0.0,0.0,2.5,88
6,1.7,95,0.7,220,0.9,0.0,0.0,2.5,75
7,1.3,96,0.9,198,0.7,0.0,0.0,2.5,142
8,1.4,96,1.0,212,0.8,0.04,0.0,2.5,250
9,2.3,88,1.1,286,0.5,0.41,0.0,2.5,355
10,4.0,76,1.3,404,0.1,0.93,0.0,2.4,430
11,6.0,66,0.9,573,0.1,1.37,0.0,2.3,522
12,6.9,59,0.9,669,-0.5,1.31,0.0,2.2,700
13,8.8,53,1.5,778,-0.2,1.43,0.0,1.8,675
14,9.2,52,1.3,765,-0.1,1.01,0.0,1.3,777
15,9.5,54,1.3,675,0.6,0.76,0.0,1.1,846
16,9.5,56,1.1,678,1.1,0.54,0.0,0.8,872
17,9.0,59,0.7,677,1.4,0.1,0.0,0.4,813
19,6.3,73,1.1,524,1.8,0.0,0.0,0.4,616
22,4.2,82,0.9,405,1.3,0.0,0.0,0.4,496
23,3.8,83,1.1,390,1.1,0.0,0.0,0.4,379
1,3.1,84,1.0,365,0.6,0.0,0.0,0.3,214
2,2.8,87,1.1,321,0.8,0.0,0.0,0.3,175
3,2.4,90,1.0,269,0.9,0.0,0.0,0.3,119
5,2.1,88,1.4,323,0.3,0.0,0.0,0.3,115
6,1.8,88,1.1,313,0.0,0.0,0.0,0.3,339
7,1.7,89,1.3,295,0.0,0.0,0.0,0.3,819
8,2.0,84,1.1,396,-0.4,0.03,0.0,0.3,1524
9,3.1,77,0.9,457,-0.5,0.4,0.0,0.2,795
10,5.1,70,1.2,498,0.0,0.93,0.0,0.0,586
11,7.2,66,1.5,542,1.2,1.41,0.0,0.0,643
12,9.1,57,1.1,562,1.0,1.69,0.0,0.0,752
13,11.7,50,1.4,609,1.6,1.74,0.0,0.0,718
14,12.8,47,1.2,648,1.7,1.59,0.0,0.0,796
15,13.2,43,1.1,714,0.8,1.26,0.0,0.0,794
16,13.2,44,1.6,710,1.1,0.76,0.0,0.0,935
17,11.4,48,0.4,706,0.7,0.24,0.0,0.0,1156
21,6.7,71,0.9,461,1.8,0.0,0.0,0.0,955
23,5.4,78,1.5,404,1.8,0.0,0.0,0.0,563
0,4.9,79,0.5,391,1.5,0.0,0.0,0.0,496
1,4.5,82,0.4,350,1.6,0.0,0.0,0.0,408
2,3.9,85,0.8,299,1.6,0.0,0.0,0.0,299
3,3.5,86,1.4,281,1.3,0.0,0.0,0.0,183
6,3.8,83,0.7,337,1.1,0.0,0.0,0.0,317
8,4.2,78,1.2,362,0.6,0.02,0.0,0.0,1577
10,6.4,71,1.0,385,1.5,0.37,0.0,0.0,616
11,7.9,64,1.2,383,1.4,0.87,0.0,0.0,623
12,9.3,61,1.5,390,2.1,0.85,0.0,0.0,672
14,11.6,70,1.5,388,6.3,0.45,0.0,0.0,600
15,12.5,70,2.1,360,7.1,0.68,0.0,0.0,666
18,10.2,74,1.2,289,5.7,0.0,0.0,0.0,1538
19,9.3,52,2.7,482,0.0,0.0,0.0,0.0,1023
22,6.6,33,2.1,722,-8.5,0.0,0.0,0.0,740
23,5.8,34,2.6,763,-8.8,0.0,0.0,0.0,593
0,5.1,36,2.2,774,-8.7,0.0,0.0,0.0,450
1,4.9,26,2.6,992,-13.0,0.0,0.0,0.0,434
2,4.1,34,1.3,928,-10.3,0.0,0.0,0.0,275
4,3.9,26,2.4,1071,-13.9,0.0,0.0,0.0,128
5,3.0,34,1.1,1032,-11.3,0.0,0.0,0.0,140
6,2.6,33,1.5,1185,-12.0,0.0,0.0,0.0,287
7,2.5,24,0.2,1306,-16.0,0.0,0.0,0.0,796
8,2.1,29,1.1,1337,-14.1,0.02,0.0,0.0,1540
10,4.4,23,1.6,1201,-14.9,0.7,0.0,0.0,583
11,5.7,15,1.1,1419,-19.0,0.98,0.0,0.0,608
12,7.9,14,1.7,1688,-18.0,1.81,0.0,0.0,635
13,9.2,13,1.6,1776,-17.8,1.86,0.0,0.0,681
16,9.6,17,3.0,1706,-14.3,0.77,0.0,0.0,808
17,7.6,23,2.9,1678,-12.2,0.25,0.0,0.0,1099
19,6.0,24,3.0,1861,-13.0,0.0,0.0,0.0,1039
20,4.8,29,0.6,1756,-11.7,0.0,0.0,0.0,842
21,4.2,31,1.1,1741,-11.4,0.0,0.0,0.0,846
22,3.2,34,1.3,1787,-11.1,0.0,0.0,0.0,804
23,2.9,31,1.7,1869,-12.6,0.0,0.0,0.0,555
0,2.2,30,0.7,1879,-13.6,0.0,0.0,0.0,517
1,1.9,32,1.4,1999,-13.0,0.0,0.0,0.0,485
3,1.9,33,0.9,1994,-12.7,0.0,0.0,0.0,195
5,1.8,34,0.9,1990,-12.4,0.0,0.0,0.0,126
6,1.1,39,1.3,1857,-11.3,0.0,0.0,0.0,328
8,0.8,44,1.7,1439,-10.0,0.02,0.0,0.0,1635
9,1.8,37,0.9,1310,-11.3,0.31,0.0,0.0,825
10,3.9,28,0.6,1627,-12.9,0.49,0.0,0.0,595
11,5.2,26,0.5,1471,-12.7,0.64,0.0,0.0,623
12,5.6,27,0.3,1522,-11.9,0.34,0.0,0.0,661
13,5.3,26,2.1,1604,-12.7,0.21,0.0,0.0,645
14,6.0,27,0.6,1452,-11.6,0.34,0.0,0.0,668
16,5.8,39,2.6,1489,-7.1,0.1,0.0,0.0,748
17,5.8,38,1.3,1674,-7.4,0.01,0.0,0.0,996
21,3.8,55,2.1,1231,-4.4,0.0,0.0,0.0,792
22,3.0,59,1.1,1218,-4.2,0.0,0.0,0.0,726
23,2.6,56,1.9,1394,-5.3,0.0,0.0,0.0,559
0,1.8,62,1.6,1411,-4.7,0.0,0.0,0.0,474
2,0.6,66,0.5,1368,-5.0,0.0,0.0,0.0,300
3,-0.1,69,0.9,1338,-5.1,0.0,0.0,0.0,213
4,-0.5,71,0.4,1345,-5.1,0.0,0.0,0.0,116
5,-0.7,66,0.5,1336,-6.2,0.0,0.0,0.0,149
7,-1.2,70,0.8,1351,-5.9,0.0,0.0,0.0,750
8,-1.5,68,1.1,1286,-6.6,0.02,0.0,0.0,1527
9,-0.4,57,0.6,1270,-7.8,0.45,0.0,0.0,809
12,6.6,35,1.3,1409,-7.8,1.7,0.0,0.0,720
13,7.1,24,2.8,1838,-12.1,1.83,0.0,0.0,740
15,7.0,20,3.3,1994,-14.4,1.21,0.0,0.0,768
16,7.2,23,1.5,1945,-12.6,0.72,0.0,0.0,837
17,6.0,29,2.1,1877,-10.7,0.23,0.0,0.0,1047
19,4.2,34,2.6,1894,-10.3,0.0,0.0,0.0,1003
20,3.4,37,2.3,2000,-9.9,0.0,0.0,0.0,764
21,2.6,39,0.3,1968,-9.9,0.0,0.0,0.0,694
22,2.1,41,1.0,1859,-9.8,0.0,0.0,0.0,712
