dataset,outer,method,depth,n_thresholds,cv_folds,cost_complexity,ridge_penalty,lasso_penalty,val_r2,val_mse,train_time_s,train_mse,train_r2,test_mse,test_r2,n_leaves
temperature_min,outer_0,streed,4,20,3,0.1,0.1,0.1,0.8079600830671619,1.1665306582265702,599.7812707424164,1.1636706838453026,0.8085451687296362,1.2665031370147524,0.8082008591096003,1.0
temperature_min,outer_0,streed,4,20,3,0.1,0.1,0.001,0.8178886032711598,1.106363663852535,241.18022871017456,1.099604564237788,0.8190857523241906,1.1674983010784168,0.8231941441016476,1.0
temperature_min,outer_0,streed,4,20,3,0.1,0.01,0.1,0.8062235607491884,1.1769788274489066,218.1715099811554,1.1725266420916218,0.8070881276480617,1.255360481908015,0.8098883019703796,1.0
temperature_min,outer_0,streed,4,20,3,0.1,0.01,0.001,0.8100823229323767,1.1537630673907862,1.3705146312713623,1.144786984711087,0.8116520403572299,1.1901782136564545,0.8197594998273426,1.0
temperature_min,outer_0,streed,4,20,3,0.1,0.001,0.1,0.8057669233366663,1.1797388714192016,222.11240911483765,1.1750508159655104,0.8066728337940261,1.2558339502955336,0.8098165999529817,1.0
temperature_min,outer_0,streed,4,20,3,0.1,0.001,0.001,0.8088213313618414,1.161419101565755,1.4272830486297607,1.1521858471667294,0.8104347303547499,1.1942508303774697,0.8191427430539582,1.0
temperature_min,outer_0,streed,4,20,3,0.1,0.0001,0.1,0.8057166079946679,1.1800431034160703,227.8137834072113,1.175318402601475,0.8066288086630763,1.255896573273534,0.80980711633385,1.0
temperature_min,outer_0,streed,4,20,3,0.1,0.0001,0.001,0.8086775944831222,1.1622919977405848,1.423464059829712,1.153027656835918,0.8102962302357613,1.194832253778594,0.8190546923373274,1.0
temperature_min,outer_0,streed,4,20,3,0.1,1e-05,0.1,0.8057115285741988,1.180073817131574,226.2879843711853,1.1753454383969637,0.8066243605544013,1.255903098668861,0.809806128128467,1.0
temperature_min,outer_0,streed,4,20,3,0.1,1e-05,0.001,0.8086631438760709,1.1623797545945094,1.4344980716705322,1.1531122947954084,0.8102823050364086,1.194890826029683,0.8190458221599779,1.0
temperature_min,outer_0,streed,4,20,3,0.08,0.1,0.1,0.8079600830671619,1.1665306582265702,599.7244760990143,1.1636706838453026,0.8085451687296362,1.2665031370147524,0.8082008591096003,1.0
temperature_min,outer_0,streed,4,20,3,0.08,0.1,0.001,0.8178886032711598,1.106363663852535,250.97322058677676,1.099604564237788,0.8190857523241906,1.1674983010784168,0.8231941441016476,1.0
temperature_min,outer_0,streed,4,20,3,0.08,0.01,0.1,0.8062235607491884,1.1769788274489066,599.7193865776062,1.1725266420916218,0.8070881276480617,1.255360481908015,0.8098883019703796,1.0
temperature_min,outer_0,streed,4,20,3,0.08,0.01,0.001,0.8100823229323767,1.1537630673907862,253.53892612457275,1.144786984711087,0.8116520403572299,1.1901782136564545,0.8197594998273426,1.0
temperature_min,outer_0,streed,4,20,3,0.08,0.001,0.1,0.8057669233366663,1.1797388714192016,599.7244002819061,1.1750508159655104,0.8066728337940261,1.2558339502955336,0.8098165999529817,1.0
temperature_min,outer_0,streed,4,20,3,0.08,0.001,0.001,0.8088213313618414,1.161419101565755,252.46036529541016,1.1521858471667294,0.8104347303547499,1.1942508303774697,0.8191427430539582,1.0
temperature_min,outer_0,streed,4,20,3,0.08,0.0001,0.1,0.8057166079946679,1.1800431034160703,599.7234811782837,1.175318402601475,0.8066288086630763,1.255896573273534,0.80980711633385,1.0
temperature_min,outer_0,streed,4,20,3,0.08,0.0001,0.001,0.8086775944831222,1.1622919977405848,252.4536330699921,1.153027656835918,0.8102962302357613,1.194832253778594,0.8190546923373274,1.0
temperature_min,outer_0,streed,4,20,3,0.08,1e-05,0.1,0.8057115285741988,1.180073817131574,599.7193269729614,1.1753454383969637,0.8066243605544013,1.255903098668861,0.809806128128467,1.0
temperature_min,outer_0,streed,4,20,3,0.08,1e-05,0.001,0.8086631438760709,1.1623797545945094,247.5392498970032,1.1531122947954084,0.8102823050364086,1.194890826029683,0.8190458221599779,1.0
temperature_min,outer_0,streed,4,20,3,0.05,0.1,0.1,0.8079600830671619,1.1665306582265702,599.7244002819061,1.1636706838453026,0.8085451687296362,1.2665031370147524,0.8082008591096003,1.0
temperature_min,outer_0,streed,4,20,3,0.05,0.1,0.001,0.8178886032711598,1.106363663852535,599.722247838974,1.099604564237788,0.8190857523241906,1.1674983010784168,0.8231941441016476,1.0
temperature_min,outer_0,streed,4,20,3,0.05,0.01,0.1,0.8062235607491884,1.1769788274489066,599.7211797237396,1.1725266420916218,0.8070881276480617,1.255360481908015,0.8098883019703796,1.0
temperature_min,outer_0,streed,4,20,3,0.05,0.01,0.001,0.8100823229323767,1.1537630673907862,599.7151265144348,1.144786984711087,0.8116520403572299,1.1901782136564545,0.8197594998273426,1.0
temperature_min,outer_0,streed,4,20,3,0.05,0.001,0.1,0.8057669233366663,1.1797388714192016,599.7189047336578,1.1750508159655104,0.8066728337940261,1.2558339502955336,0.8098165999529817,1.0
temperature_min,outer_0,streed,4,20,3,0.05,0.001,0.001,0.8088213313618414,1.161419101565755,599.7223505973816,1.1521858471667294,0.8104347303547499,1.1942508303774697,0.8191427430539582,1.0
temperature_min,outer_0,streed,4,20,3,0.05,0.0001,0.1,0.8057166079946679,1.1800431034160703,599.7230956554413,1.175318402601475,0.8066288086630763,1.255896573273534,0.80980711633385,1.0
temperature_min,outer_0,streed,4,20,3,0.05,0.0001,0.001,0.8086775944831222,1.1622919977405848,599.7181439399719,1.153027656835918,0.8102962302357613,1.194832253778594,0.8190546923373274,1.0
temperature_min,outer_0,streed,4,20,3,0.05,1e-05,0.1,0.8057115285741988,1.180073817131574,599.7138466835022,1.1753454383969637,0.8066243605544013,1.255903098668861,0.809806128128467,1.0
temperature_min,outer_0,streed,4,20,3,0.05,1e-05,0.001,0.8086631438760709,1.1623797545945094,599.715913772583,1.1531122947954084,0.8102823050364086,1.194890826029683,0.8190458221599779,1.0
temperature_min,outer_0,streed,4,20,3,0.03,0.1,0.1,0.8079600830671619,1.1665306582265702,599.710075378418,1.1636706838453026,0.8085451687296362,1.2665031370147524,0.8082008591096003,1.0
temperature_min,outer_0,streed,4,20,3,0.03,0.1,0.001,0.8178886032711598,1.106363663852535,599.7202861309052,1.099604564237788,0.8190857523241906,1.1674983010784168,0.8231941441016476,1.0
temperature_min,outer_0,streed,4,20,3,0.03,0.01,0.1,0.8062235607491884,1.1769788274489066,599.7265331745148,1.1725266420916218,0.8070881276480617,1.255360481908015,0.8098883019703796,1.0
temperature_min,outer_0,streed,4,20,3,0.03,0.01,0.001,0.8100823229323767,1.1537630673907862,599.7219562530518,1.144786984711087,0.8116520403572299,1.1901782136564545,0.8197594998273426,1.0
temperature_min,outer_0,streed,4,20,3,0.03,0.001,0.1,0.8057669233366663,1.1797388714192016,599.7229337692261,1.1750508159655104,0.8066728337940261,1.2558339502955336,0.8098165999529817,1.0
temperature_min,outer_0,streed,4,20,3,0.03,0.001,0.001,0.8088213313618414,1.161419101565755,599.7183663845062,1.1521858471667294,0.8104347303547499,1.1942508303774697,0.8191427430539582,1.0
temperature_min,outer_0,streed,4,20,3,0.03,0.0001,0.1,0.8057166079946679,1.1800431034160703,599.7176373004913,1.175318402601475,0.8066288086630763,1.255896573273534,0.80980711633385,1.0
temperature_min,outer_0,streed,4,20,3,0.03,0.0001,0.001,0.8086775944831222,1.1622919977405848,599.725260257721,1.153027656835918,0.8102962302357613,1.194832253778594,0.8190546923373274,1.0
temperature_min,outer_0,streed,4,20,3,0.03,1e-05,0.1,0.8057115285741988,1.180073817131574,599.729033946991,1.1753454383969637,0.8066243605544013,1.255903098668861,0.809806128128467,1.0
temperature_min,outer_0,streed,4,20,3,0.03,1e-05,0.001,0.8086631438760709,1.1623797545945094,599.7235255241394,1.1531122947954084,0.8102823050364086,1.194890826029683,0.8190458221599779,1.0
temperature_min,outer_0,streed,4,20,3,0.01,0.1,0.1,0.8048829181519107,1.1856736970627793,599.723874092102,1.166603945285305,0.8080625690716197,1.2662839839496618,0.8082340476334811,5.0
temperature_min,outer_0,streed,4,20,3,0.01,0.1,0.001,0.8421199124263996,0.9589281996552564,599.7222859859467,0.9238167264321292,0.8480075351736575,1.00579276561645,0.8476828183673364,3.0
temperature_min,outer_0,streed,4,20,3,0.01,0.01,0.1,0.8123796945637141,1.1400986174387382,599.7243075370789,1.1267842172128346,0.8146139752599706,1.273760773319338,0.8071017632073227,4.0
temperature_min,outer_0,streed,4,20,3,0.01,0.01,0.001,0.841400441084177,0.9630658334365222,599.7283203601837,0.9256991921534804,0.8476978194077995,1.0090299312066993,0.8471925822510696,3.0
temperature_min,outer_0,streed,4,20,3,0.01,0.001,0.1,0.8108929098574714,1.1488125932068871,599.7289710044861,1.124296129580633,0.8150233319657999,1.2702892753443562,0.8076274866025082,4.0
temperature_min,outer_0,streed,4,20,3,0.01,0.001,0.001,0.8404154789509285,0.9690293188401232,599.7259647846222,0.9282443350158026,0.8472790755964881,1.0053108964544724,0.8477557925973938,3.0
temperature_min,outer_0,streed,4,20,3,0.01,0.0001,0.1,0.8109388700054793,1.1485349437085288,599.7222142219543,1.1240591868346552,0.8150623153603991,1.2699541146311462,0.8076782433159936,4.0
temperature_min,outer_0,streed,4,20,3,0.01,0.0001,0.001,0.8403416761339558,0.969474638469649,599.7217025756836,0.9270952900473608,0.8474681241079003,1.014417508650239,0.8463766879236485,3.0
temperature_min,outer_0,streed,4,20,3,0.01,1e-05,0.1,0.8109434490764977,1.1485072826086695,599.7262589931488,1.1240356200214212,0.8150661927290688,1.2699207285616445,0.8076832992998764,4.0
temperature_min,outer_0,streed,4,20,3,0.01,1e-05,0.001,0.8403338335768384,0.969522011430464,599.7305858135223,0.9271154428932208,0.8474648084278223,1.0143987389588067,0.8463795304043232,3.0
temperature_min,outer_0,streed,4,20,3,0.008,0.1,0.1,0.8048829181519107,1.1856736970627793,599.7199852466583,1.166603945285305,0.8080625690716197,1.2662839839496618,0.8082340476334811,5.0
temperature_min,outer_0,streed,4,20,3,0.008,0.1,0.001,0.8363460849063501,0.994374297908835,599.725741147995,0.9238167264321292,0.8480075351736575,1.00579276561645,0.8476828183673364,3.0
temperature_min,outer_0,streed,4,20,3,0.008,0.01,0.1,0.8110206976108998,1.1483490642578835,599.7163579463959,1.1376534528921058,0.8128256964007523,1.233660096797906,0.8131746066777807,5.0
temperature_min,outer_0,streed,4,20,3,0.008,0.01,0.001,0.8430762101004681,0.9528442274380132,599.7160606384277,0.8742818386454142,0.8561573439768349,0.9468407083695052,0.8566105135330484,4.0
temperature_min,outer_0,streed,4,20,3,0.008,0.001,0.1,0.8115017368720671,1.1454369477418744,599.7245931625366,1.1351030436183631,0.8132453066770559,1.230634172308588,0.8136328524574306,5.0
temperature_min,outer_0,streed,4,20,3,0.008,0.001,0.001,0.8424342165295927,0.9567157243393982,599.7254004478455,0.8753215134671422,0.8559862897685152,0.9453956263737112,0.856829356643033,4.0
temperature_min,outer_0,streed,4,20,3,0.008,0.0001,0.1,0.811549407333732,1.1451485832190549,599.7195460796356,1.134856385236146,0.813285888552671,1.2303409738070297,0.8136772544167039,5.0
temperature_min,outer_0,streed,4,20,3,0.008,0.0001,0.001,0.8423679186863987,0.9571152662488148,599.7142488956451,0.8753939339615083,0.8559743746676866,0.9455543066850598,0.856805326108482,4.0
temperature_min,outer_0,streed,4,20,3,0.008,1e-05,0.1,0.8115541632172794,1.1451198156537126,599.7163536548615,1.1348318115048108,0.8132899315861957,1.2303117577313014,0.8136816788970397,5.0
temperature_min,outer_0,streed,4,20,3,0.008,1e-05,0.001,0.8423756078150122,0.95706790134869,599.7195310592651,0.8754177331517103,0.8559704590668145,0.9455504322377526,0.856805912854494,4.0
temperature_min,outer_0,streed,4,20,3,0.005,0.1,0.1,0.8025561068049761,1.2001892124492335,599.7213025093079,1.1721542703023191,0.8071493927285356,1.2848942691176344,0.8054157074315326,6.0
temperature_min,outer_0,streed,4,20,3,0.005,0.1,0.001,0.8470494913072105,0.929541671316497,599.7219891548157,0.9291721082638792,0.8471264321784372,1.0382845367985174,0.842762266955662,4.0
temperature_min,outer_0,streed,4,20,3,0.005,0.01,0.1,0.8085602824792547,1.1635539468575549,599.7156269550323,1.1365259767378062,0.8130111962675785,1.2301405551077609,0.8137076058096178,6.0
temperature_min,outer_0,streed,4,20,3,0.005,0.01,0.001,0.8646648891078813,0.8227861704106548,599.7190041542053,0.8742818386454142,0.8561573439768349,0.9468407083695052,0.8566105135330484,4.0
temperature_min,outer_0,streed,4,20,3,0.005,0.001,0.1,0.8092268927973182,1.1595399604738146,599.7072727680206,1.1341338224870126,0.8134047693762048,1.227270407989872,0.8141422606757223,6.0
temperature_min,outer_0,streed,4,20,3,0.005,0.001,0.001,0.8642982248177847,0.8249695341523179,599.7130992412567,0.8753215134671422,0.8559862897685152,0.9453956263737112,0.856829356643033,4.0
temperature_min,outer_0,streed,4,20,3,0.005,0.0001,0.1,0.8092768548438078,1.159237279111658,599.7160851955414,1.133900832989147,0.8134431023561629,1.2269910372001156,0.8141845685673486,6.0
temperature_min,outer_0,streed,4,20,3,0.005,0.0001,0.001,0.8650304451860734,0.8206969069203082,599.7130706310272,0.8753939339615083,0.8559743746676866,0.9455543066850598,0.856805326108482,4.0
temperature_min,outer_0,streed,4,20,3,0.005,1e-05,0.1,0.8092818471189082,1.1592070353326132,599.7118761539459,1.1338776071777863,0.813446923620939,1.226963182707514,0.8141887868496368,6.0
temperature_min,outer_0,streed,4,20,3,0.005,1e-05,0.001,0.8650153848811941,0.8207891649726724,599.704892873764,0.8754177331517103,0.8559704590668145,0.9455504322377526,0.856805912854494,4.0
temperature_min,outer_0,streed,4,20,3,0.003,0.1,0.1,0.8056688681976985,1.1810466498368155,599.7073519229889,1.1432735309682982,0.8119010438209966,1.2895901236432872,0.8047045675713587,8.0
temperature_min,outer_0,streed,4,20,3,0.003,0.1,0.001,0.8519825803023869,0.8993918234677484,599.7121133804321,0.9291721082638792,0.8471264321784372,1.0382845367985174,0.842762266955662,4.0
temperature_min,outer_0,streed,4,20,3,0.003,0.01,0.1,0.8099741050161069,1.1549142842919222,599.7056646347046,1.1083728024328925,0.8176431435281738,1.2338205668123876,0.8131503051107204,8.0
temperature_min,outer_0,streed,4,20,3,0.003,0.01,0.001,0.8678658968307258,0.8032288852444358,599.7065658569336,0.8742818386454142,0.8561573439768349,0.9468407083695052,0.8566105135330484,4.0
temperature_min,outer_0,streed,4,20,3,0.003,0.001,0.1,0.8104490146157083,1.1520290603727303,599.7041816711426,1.1056676491533282,0.8180882133162929,1.23046160281316,0.8136589863689857,8.0
temperature_min,outer_0,streed,4,20,3,0.003,0.001,0.001,0.8672428629091167,0.8070273681067887,599.7051413059235,0.8753215134671422,0.8559862897685152,0.9453956263737112,0.856829356643033,4.0
temperature_min,outer_0,streed,4,20,3,0.003,0.0001,0.1,0.8104968121420223,1.15173863722365,599.7026448249817,1.1053970872140233,0.8181327279639135,1.230125608794814,0.813709869278139,8.0
temperature_min,outer_0,streed,4,20,3,0.003,0.0001,0.001,0.8665493916395173,0.8113101473599649,599.7060689926147,0.8753939339615083,0.8559743746676866,0.9455543066850598,0.856805326108482,4.0
temperature_min,outer_0,streed,4,20,3,0.003,1e-05,0.1,0.8105015931941836,1.1517095868416538,599.7105536460876,1.1053700361376642,0.8181371785866988,1.2300920078330624,0.813714957805288,8.0
temperature_min,outer_0,streed,4,20,3,0.003,1e-05,0.001,0.8672963389657165,0.8067637275712479,599.7059378623962,0.8754177331517103,0.8559704590668145,0.9455504322377526,0.856805912854494,4.0
temperature_min,outer_0,streed,4,20,3,0.001,0.1,0.1,0.8056688681976985,1.1810466498368155,599.7069926261902,1.1432735309682982,0.8119010438209966,1.2895901236432872,0.8047045675713587,8.0
temperature_min,outer_0,streed,4,20,3,0.001,0.1,0.001,0.8519825803023869,0.8993918234677484,599.7095324993134,0.9291721082638792,0.8471264321784372,1.0382845367985174,0.842762266955662,4.0
temperature_min,outer_0,streed,4,20,3,0.001,0.01,0.1,0.8099741050161069,1.1549142842919222,599.7139551639557,1.1083728024328925,0.8176431435281738,1.2338205668123876,0.8131503051107204,8.0
temperature_min,outer_0,streed,4,20,3,0.001,0.01,0.001,0.8678658968307258,0.8032288852444358,599.7093458175659,0.8742818386454142,0.8561573439768349,0.9468407083695052,0.8566105135330484,4.0
temperature_min,outer_0,streed,4,20,3,0.001,0.001,0.1,0.8104490146157083,1.1520290603727303,599.7113869190216,1.1056676491533282,0.8180882133162929,1.23046160281316,0.8136589863689857,8.0
temperature_min,outer_0,streed,4,20,3,0.001,0.001,0.001,0.8672428629091167,0.8070273681067887,599.7106273174286,0.8753215134671422,0.8559862897685152,0.9453956263737112,0.856829356643033,4.0
temperature_min,outer_0,streed,4,20,3,0.001,0.0001,0.1,0.8104968121420223,1.15173863722365,599.70525598526,1.1053970872140233,0.8181327279639135,1.230125608794814,0.813709869278139,8.0
temperature_min,outer_0,streed,4,20,3,0.001,0.0001,0.001,0.8665493916395173,0.8113101473599649,599.7103106975555,0.8753939339615083,0.8559743746676866,0.9455543066850598,0.856805326108482,4.0
temperature_min,outer_0,streed,4,20,3,0.001,1e-05,0.1,0.8105015931941836,1.1517095868416538,599.7111911773682,1.1053700361376642,0.8181371785866988,1.2300920078330624,0.813714957805288,8.0
temperature_min,outer_0,streed,4,20,3,0.001,1e-05,0.001,0.8672963389657165,0.8067637275712479,599.7086577415466,0.8754177331517103,0.8559704590668145,0.9455504322377526,0.856805912854494,4.0
temperature_min,outer_0,streed,4,20,3,0.0005,0.1,0.1,0.8056688681976985,1.1810466498368155,599.711531162262,1.1432735309682982,0.8119010438209966,1.2895901236432872,0.8047045675713587,8.0
temperature_min,outer_0,streed,4,20,3,0.0005,0.1,0.001,0.8519825803023869,0.8993918234677484,599.7060959339142,0.9291721082638792,0.8471264321784372,1.0382845367985174,0.842762266955662,4.0
temperature_min,outer_0,streed,4,20,3,0.0005,0.01,0.1,0.8099741050161069,1.1549142842919222,599.704437494278,1.1083728024328925,0.8176431435281738,1.2338205668123876,0.8131503051107204,8.0
temperature_min,outer_0,streed,4,20,3,0.0005,0.01,0.001,0.8678658968307258,0.8032288852444358,599.7221441268921,0.8742818386454142,0.8561573439768349,0.9468407083695052,0.8566105135330484,4.0
temperature_min,outer_0,streed,4,20,3,0.0005,0.001,0.1,0.8104490146157083,1.1520290603727303,599.7234425544739,1.1056676491533282,0.8180882133162929,1.23046160281316,0.8136589863689857,8.0
temperature_min,outer_0,streed,4,20,3,0.0005,0.001,0.001,0.8672428629091167,0.8070273681067887,599.7182815074921,0.8753215134671422,0.8559862897685152,0.9453956263737112,0.856829356643033,4.0
temperature_min,outer_0,streed,4,20,3,0.0005,0.0001,0.1,0.8104968121420223,1.15173863722365,599.7007350921631,1.1053970872140233,0.8181327279639135,1.230125608794814,0.813709869278139,8.0
temperature_min,outer_0,streed,4,20,3,0.0005,0.0001,0.001,0.8665493916395173,0.8113101473599649,599.6984038352966,0.8753939339615083,0.8559743746676866,0.9455543066850598,0.856805326108482,4.0
temperature_min,outer_0,streed,4,20,3,0.0005,1e-05,0.1,0.8105015931941836,1.1517095868416538,599.6962172985077,1.1053700361376642,0.8181371785866988,1.2300920078330624,0.813714957805288,8.0
temperature_min,outer_0,streed,4,20,3,0.0005,1e-05,0.001,0.8672963389657165,0.8067637275712479,599.7002365589142,0.8754177331517103,0.8559704590668145,0.9455504322377526,0.856805912854494,4.0
temperature_min,outer_0,streed,4,20,3,0.0001,0.1,0.1,0.8056688681976985,1.1810466498368155,599.7079617977142,1.1432735309682982,0.8119010438209966,1.2895901236432872,0.8047045675713587,8.0
temperature_min,outer_0,streed,4,20,3,0.0001,0.1,0.001,0.8519825803023869,0.8993918234677484,599.69846367836,0.9291721082638792,0.8471264321784372,1.0382845367985174,0.842762266955662,4.0
temperature_min,outer_0,streed,4,20,3,0.0001,0.01,0.1,0.8099741050161069,1.1549142842919222,599.7048194408417,1.1083728024328925,0.8176431435281738,1.2338205668123876,0.8131503051107204,8.0
temperature_min,outer_0,streed,4,20,3,0.0001,0.01,0.001,0.8678658968307258,0.8032288852444358,599.6967520713806,0.8742818386454142,0.8561573439768349,0.9468407083695052,0.8566105135330484,4.0
temperature_min,outer_0,streed,4,20,3,0.0001,0.001,0.1,0.8104490146157083,1.1520290603727303,599.7058660984039,1.1056676491533282,0.8180882133162929,1.23046160281316,0.8136589863689857,8.0
temperature_min,outer_0,streed,4,20,3,0.0001,0.001,0.001,0.8672428629091167,0.8070273681067887,599.7083728313446,0.8753215134671422,0.8559862897685152,0.9453956263737112,0.856829356643033,4.0
temperature_min,outer_0,streed,4,20,3,0.0001,0.0001,0.1,0.8104968121420223,1.15173863722365,599.7158200740814,1.1053970872140233,0.8181327279639135,1.230125608794814,0.813709869278139,8.0
temperature_min,outer_0,streed,4,20,3,0.0001,0.0001,0.001,0.8665493916395173,0.8113101473599649,599.7172229290009,0.8753939339615083,0.8559743746676866,0.9455543066850598,0.856805326108482,4.0
temperature_min,outer_0,streed,4,20,3,0.0001,1e-05,0.1,0.8105015931941836,1.1517095868416538,599.7130787372589,1.1053700361376642,0.8181371785866988,1.2300920078330624,0.813714957805288,8.0
temperature_min,outer_0,streed,4,20,3,0.0001,1e-05,0.001,0.8672963389657165,0.8067637275712479,599.7118022441864,0.8754177331517103,0.8559704590668145,0.9455504322377526,0.856805912854494,4.0
temperature_min,outer_1,streed,4,20,3,0.1,0.1,0.1,0.8079277973539162,1.189502113374895,599.7738301753998,1.1875428138831974,0.8082639467966672,1.1268645169791722,0.8164911344751906,1.0
temperature_min,outer_1,streed,4,20,3,0.1,0.1,0.001,0.8180577366583589,1.1270076230527797,259.8732497692108,1.120764355019566,0.8190457375597691,1.080530755312487,0.8240365455790417,1.0
temperature_min,outer_1,streed,4,20,3,0.1,0.01,0.1,0.8060430679993406,1.200944708646717,232.72278690338132,1.1990675949976843,0.8064032003721251,1.1367332400872836,0.8148840218592013,1.0
temperature_min,outer_1,streed,4,20,3,0.1,0.01,0.001,0.8103313826813284,1.174701677191211,1.483478546142578,1.165540313514256,0.8118163851020711,1.130001393663229,0.8159802969495531,1.0
temperature_min,outer_1,streed,4,20,3,0.1,0.001,0.1,0.8056405860196528,1.2034031770589888,227.43090963363647,1.2013718537923217,0.8060311636912764,1.1391284579720593,0.8144939627970008,1.0
temperature_min,outer_1,streed,4,20,3,0.1,0.001,0.001,0.8089986284153204,1.182933071310804,1.4371867179870603,1.1736050992022466,0.810514276108889,1.1385016543118849,0.8145960372051061,1.0
temperature_min,outer_1,streed,4,20,3,0.1,0.0001,0.1,0.8055950640184723,1.203682222242216,231.67900562286377,1.2016292825919646,0.805989600236513,1.1393943674473714,0.8144506596798899,1.0
temperature_min,outer_1,streed,4,20,3,0.1,0.0001,0.001,0.808853898815331,1.1838262453399582,1.4430549144744873,1.1744571438183558,0.8103767082924398,1.1393964830645535,0.8144503151535488,1.0
temperature_min,outer_1,streed,4,20,3,0.1,1e-05,0.1,0.8055904669863958,1.2037104037329176,232.34387755393985,1.2016553009088995,0.8059853994200524,1.1394212273624087,0.8144462855670642,1.0
temperature_min,outer_1,streed,4,20,3,0.1,1e-05,0.001,0.8088393474124551,1.1839160464917609,1.4444987773895264,1.1745428167525476,0.8103628758730304,1.1394864260767728,0.8144356680155074,1.0
temperature_min,outer_1,streed,4,20,3,0.08,0.1,0.1,0.8079277973539162,1.189502113374895,599.7248756885529,1.1875428138831974,0.8082639467966672,1.1268645169791722,0.8164911344751906,1.0
temperature_min,outer_1,streed,4,20,3,0.08,0.1,0.001,0.8180577366583589,1.1270076230527797,259.9329378604889,1.120764355019566,0.8190457375597691,1.080530755312487,0.8240365455790417,1.0
temperature_min,outer_1,streed,4,20,3,0.08,0.01,0.1,0.8060430679993406,1.200944708646717,599.7296447753906,1.1990675949976843,0.8064032003721251,1.1367332400872836,0.8148840218592013,1.0
temperature_min,outer_1,streed,4,20,3,0.08,0.01,0.001,0.8103313826813284,1.174701677191211,251.60005259513852,1.165540313514256,0.8118163851020711,1.130001393663229,0.8159802969495531,1.0
temperature_min,outer_1,streed,4,20,3,0.08,0.001,0.1,0.8056405860196528,1.2034031770589888,599.7272090911865,1.2013718537923217,0.8060311636912764,1.1391284579720593,0.8144939627970008,1.0
temperature_min,outer_1,streed,4,20,3,0.08,0.001,0.001,0.8089986284153204,1.182933071310804,250.438422203064,1.1736050992022466,0.810514276108889,1.1385016543118849,0.8145960372051061,1.0
temperature_min,outer_1,streed,4,20,3,0.08,0.0001,0.1,0.8055950640184723,1.203682222242216,599.7279946804047,1.2016292825919646,0.805989600236513,1.1393943674473714,0.8144506596798899,1.0
temperature_min,outer_1,streed,4,20,3,0.08,0.0001,0.001,0.808853898815331,1.1838262453399582,250.74447798728943,1.1744571438183558,0.8103767082924398,1.1393964830645535,0.8144503151535488,1.0
temperature_min,outer_1,streed,4,20,3,0.08,1e-05,0.1,0.8055904669863958,1.2037104037329176,599.7294538021088,1.2016553009088995,0.8059853994200524,1.1394212273624087,0.8144462855670642,1.0
temperature_min,outer_1,streed,4,20,3,0.08,1e-05,0.001,0.8088393474124551,1.1839160464917609,247.06832480430603,1.1745428167525476,0.8103628758730304,1.1394864260767728,0.8144356680155074,1.0
temperature_min,outer_1,streed,4,20,3,0.05,0.1,0.1,0.8079277973539162,1.189502113374895,599.7214982509613,1.1875428138831974,0.8082639467966672,1.1268645169791722,0.8164911344751906,1.0
temperature_min,outer_1,streed,4,20,3,0.05,0.1,0.001,0.8180577366583589,1.1270076230527797,599.7135751247406,1.120764355019566,0.8190457375597691,1.080530755312487,0.8240365455790417,1.0
temperature_min,outer_1,streed,4,20,3,0.05,0.01,0.1,0.8060430679993406,1.200944708646717,599.7200989723206,1.1990675949976843,0.8064032003721251,1.1367332400872836,0.8148840218592013,1.0
temperature_min,outer_1,streed,4,20,3,0.05,0.01,0.001,0.8103313826813284,1.174701677191211,599.7204813957214,1.165540313514256,0.8118163851020711,1.130001393663229,0.8159802969495531,1.0
temperature_min,outer_1,streed,4,20,3,0.05,0.001,0.1,0.8056405860196528,1.2034031770589888,599.7214987277985,1.2013718537923217,0.8060311636912764,1.1391284579720593,0.8144939627970008,1.0
temperature_min,outer_1,streed,4,20,3,0.05,0.001,0.001,0.8089986284153204,1.182933071310804,599.7247459888458,1.1736050992022466,0.810514276108889,1.1385016543118849,0.8145960372051061,1.0
temperature_min,outer_1,streed,4,20,3,0.05,0.0001,0.1,0.8055950640184723,1.203682222242216,599.717613697052,1.2016292825919646,0.805989600236513,1.1393943674473714,0.8144506596798899,1.0
temperature_min,outer_1,streed,4,20,3,0.05,0.0001,0.001,0.808853898815331,1.1838262453399582,599.7076349258423,1.1744571438183558,0.8103767082924398,1.1393964830645535,0.8144503151535488,1.0
temperature_min,outer_1,streed,4,20,3,0.05,1e-05,0.1,0.8055904669863958,1.2037104037329176,599.7128400802612,1.2016553009088995,0.8059853994200524,1.1394212273624087,0.8144462855670642,1.0
temperature_min,outer_1,streed,4,20,3,0.05,1e-05,0.001,0.8088393474124551,1.1839160464917609,599.7184009552002,1.1745428167525476,0.8103628758730304,1.1394864260767728,0.8144356680155074,1.0
temperature_min,outer_1,streed,4,20,3,0.03,0.1,0.1,0.8047514843598976,1.2103791615976378,599.7303829193115,1.1875428138831974,0.8082639467966672,1.1268645169791722,0.8164911344751906,1.0
temperature_min,outer_1,streed,4,20,3,0.03,0.1,0.001,0.8180577366583589,1.1270076230527797,599.7287445068359,1.120764355019566,0.8190457375597691,1.080530755312487,0.8240365455790417,1.0
temperature_min,outer_1,streed,4,20,3,0.03,0.01,0.1,0.8060430679993406,1.200944708646717,599.7221279144287,1.1990675949976843,0.8064032003721251,1.1367332400872836,0.8148840218592013,1.0
temperature_min,outer_1,streed,4,20,3,0.03,0.01,0.001,0.8103313826813284,1.174701677191211,599.7163646221161,1.165540313514256,0.8118163851020711,1.130001393663229,0.8159802969495531,1.0
temperature_min,outer_1,streed,4,20,3,0.03,0.001,0.1,0.8098746470888689,1.1779065356534757,599.7180740833282,1.2013718537923217,0.8060311636912764,1.1391284579720593,0.8144939627970008,1.0
temperature_min,outer_1,streed,4,20,3,0.03,0.001,0.001,0.8089986284153204,1.182933071310804,599.721889257431,1.1736050992022466,0.810514276108889,1.1385016543118849,0.8145960372051061,1.0
temperature_min,outer_1,streed,4,20,3,0.03,0.0001,0.1,0.809864022918909,1.1779754333036574,599.730535030365,1.2016292825919646,0.805989600236513,1.1393943674473714,0.8144506596798899,1.0
temperature_min,outer_1,streed,4,20,3,0.03,0.0001,0.001,0.808853898815331,1.1838262453399582,599.7303140163422,1.1744571438183558,0.8103767082924398,1.1393964830645535,0.8144503151535488,1.0
temperature_min,outer_1,streed,4,20,3,0.03,1e-05,0.1,0.8098629206380714,1.1779825701240798,599.7229924201965,1.2016553009088995,0.8059853994200524,1.1394212273624087,0.8144462855670642,1.0
temperature_min,outer_1,streed,4,20,3,0.03,1e-05,0.001,0.8088393474124551,1.1839160464917609,599.7199766635895,1.1745428167525476,0.8103628758730304,1.1394864260767728,0.8144356680155074,1.0
temperature_min,outer_1,streed,4,20,3,0.01,0.1,0.1,0.8019105031582331,1.2271780562821857,599.7228434085846,1.1868825776625815,0.8083705459740972,1.1604337597751404,0.8110244137033547,5.0
temperature_min,outer_1,streed,4,20,3,0.01,0.1,0.001,0.8410806834499075,0.9856148626212744,599.7288112640381,0.936962159017731,0.8487217266858028,0.9334153346918852,0.8479941585240864,3.0
temperature_min,outer_1,streed,4,20,3,0.01,0.01,0.1,0.8054047531166613,1.2060904462975823,599.7325551509857,1.1564431904928016,0.8132851712740283,1.1297458875856032,0.8160219058827773,5.0
temperature_min,outer_1,streed,4,20,3,0.01,0.01,0.001,0.8400007108041527,0.9910171217280616,599.7284367084503,0.940917622478178,0.848083092908873,0.932843249123726,0.8480873221404877,3.0
temperature_min,outer_1,streed,4,20,3,0.01,0.001,0.1,0.8076697378831875,1.192344881204316,599.7287430763245,1.1537253558830944,0.8137239823006562,1.126941135654279,0.8164786571933746,5.0
temperature_min,outer_1,streed,4,20,3,0.01,0.001,0.001,0.8416958385133019,0.980892093560625,599.7237184047699,0.9452059085753536,0.8473907228808901,0.9364537359325574,0.8474993576351741,3.0
temperature_min,outer_1,streed,4,20,3,0.01,0.0001,0.1,0.8077249422738609,1.1919963897938988,599.7251856327057,1.1534622668729828,0.8137664596310314,1.1266709492966602,0.8165226567968938,5.0
temperature_min,outer_1,streed,4,20,3,0.01,0.0001,0.001,0.8416301053859022,0.9812897750300796,599.7267458438873,0.9457565725033832,0.847301814820509,0.9369591874578762,0.8474170453122716,3.0
temperature_min,outer_1,streed,4,20,3,0.01,1e-05,0.1,0.8077304556089843,1.191961580547692,599.7324831485748,1.1534360548230265,0.8137706917268736,1.126644051283104,0.8165270371140289,5.0
temperature_min,outer_1,streed,4,20,3,0.01,1e-05,0.001,0.8416232096041173,0.9813314982740756,599.7228116989136,0.9458059661308412,0.8472938399171444,0.937001209001346,0.8474102021419937,3.0
temperature_min,outer_1,streed,4,20,3,0.008,0.1,0.1,0.8000263479413197,1.2390070463165577,599.7296435832977,1.1822378336098536,0.8091204683199684,1.188114903642881,0.8065165645067045,6.0
temperature_min,outer_1,streed,4,20,3,0.008,0.1,0.001,0.8391813076311799,0.9969831925813248,599.7189204692841,0.936962159017731,0.8487217266858028,0.9334153346918852,0.8479941585240864,3.0
temperature_min,outer_1,streed,4,20,3,0.008,0.01,0.1,0.8077050537747946,1.1909711907780258,599.7197351455688,1.1564431904928016,0.8132851712740283,1.1297458875856032,0.8160219058827773,5.0
temperature_min,outer_1,streed,4,20,3,0.008,0.01,0.001,0.8421546707941339,0.9781250296810766,599.7285556793213,0.940917622478178,0.848083092908873,0.932843249123726,0.8480873221404877,3.0
temperature_min,outer_1,streed,4,20,3,0.008,0.001,0.1,0.8076943161233334,1.190914877563732,599.7279560565948,1.1537253558830944,0.8137239823006562,1.126941135654279,0.8164786571933746,5.0
temperature_min,outer_1,streed,4,20,3,0.008,0.001,0.001,0.8427476215134334,0.973979007710786,599.7238924503326,0.891056239577615,0.8561335182517309,0.8680895859384491,0.858632397516151,4.0
temperature_min,outer_1,streed,4,20,3,0.008,0.0001,0.1,0.8077410995028412,1.1906243536758156,599.7241997718811,1.1534622668729828,0.8137664596310314,1.1266709492966602,0.8165226567968938,5.0
temperature_min,outer_1,streed,4,20,3,0.008,0.0001,0.001,0.8426700828781336,0.9744542835981064,599.7176065444946,0.8912697849412914,0.8560990400462022,0.8683969812282561,0.8585823384717404,4.0
temperature_min,outer_1,streed,4,20,3,0.008,1e-05,0.1,0.8077457663913566,1.1905953720676488,599.7257394790649,1.1534360548230265,0.8137706917268736,1.126644051283104,0.8165270371140289,5.0
temperature_min,outer_1,streed,4,20,3,0.008,1e-05,0.001,0.8426635625892865,0.9744935388283424,599.723726272583,0.891296093877889,0.856094792307419,0.8684309558414606,0.8585768057367648,4.0
temperature_min,outer_1,streed,4,20,3,0.005,0.1,0.1,0.8051784530488769,1.2068584505747546,599.7168567180634,1.1822378336098536,0.8091204683199684,1.188114903642881,0.8065165645067045,6.0
temperature_min,outer_1,streed,4,20,3,0.005,0.1,0.001,0.8520564247257855,0.9163384125415877,599.716867685318,0.9450226115144548,0.8474203173128632,0.9491562452926996,0.8454307654957688,4.0
temperature_min,outer_1,streed,4,20,3,0.005,0.01,0.1,0.810380819907928,1.1750755278069194,599.7143805027008,1.1560398406396544,0.8133502945756883,1.1576026860399755,0.8114854514958569,6.0
temperature_min,outer_1,streed,4,20,3,0.005,0.01,0.001,0.8650200756518673,0.8370105548433594,599.7129952907562,0.8907004414737327,0.8561909640325298,0.878989534688281,0.8568573507388131,4.0
temperature_min,outer_1,streed,4,20,3,0.005,0.001,0.1,0.8110677686521749,1.1708654242519774,599.7179756164551,1.15367151453098,0.8137326753163798,1.1548937621772508,0.8119265972923138,6.0
temperature_min,outer_1,streed,4,20,3,0.005,0.001,0.001,0.8586059031043498,0.8762588616165106,599.7186982631683,0.891056239577615,0.8561335182517309,0.8680895859384491,0.858632397516151,4.0
temperature_min,outer_1,streed,4,20,3,0.005,0.0001,0.1,0.8111108034484683,1.170598414378892,599.709466457367,1.1534403292918836,0.8137700015877235,1.1546288621478156,0.8119697360220782,6.0
temperature_min,outer_1,streed,4,20,3,0.005,0.0001,0.001,0.857733045611976,0.8815230257569412,599.7088482379913,0.8912697849412914,0.8560990400462022,0.8683969812282561,0.8585823384717404,4.0
temperature_min,outer_1,streed,4,20,3,0.005,1e-05,0.1,0.8111150976980843,1.1705717704214378,599.7100174427032,1.153417273738986,0.8137737240478027,1.154602439799389,0.8119740388775779,6.0
temperature_min,outer_1,streed,4,20,3,0.005,1e-05,0.001,0.8576195397620922,0.8822064994675488,599.7156229019165,0.891296093877889,0.856094792307419,0.8684309558414606,0.8585768057367648,4.0
temperature_min,outer_1,streed,4,20,3,0.003,0.1,0.1,0.8065951268693586,1.19832754372809,599.7166199684143,1.158563144948742,0.8129428916563162,1.1602120034175931,0.8110605265252452,8.0
temperature_min,outer_1,streed,4,20,3,0.003,0.1,0.001,0.857003247119977,0.8847274496790901,599.7127647399902,0.9450226115144548,0.8474203173128632,0.9491562452926996,0.8454307654957688,4.0
temperature_min,outer_1,streed,4,20,3,0.003,0.01,0.1,0.8178007007744149,1.1301426986558685,599.7082805633545,1.0619802669800291,0.8285367882402935,1.0772562302396789,0.8245697990200627,8.0
temperature_min,outer_1,streed,4,20,3,0.003,0.01,0.001,0.8687769596253343,0.8123175702322659,599.7073488235474,0.8907004414737327,0.8561909640325298,0.878989534688281,0.8568573507388131,4.0
temperature_min,outer_1,streed,4,20,3,0.003,0.001,0.1,0.8184278823493939,1.1262838978392882,599.709388256073,1.059279048845538,0.828972916435331,1.0742516842228929,0.8250590866164416,8.0
temperature_min,outer_1,streed,4,20,3,0.003,0.001,0.001,0.8641801076229494,0.8407383522061075,599.7153177261353,0.891056239577615,0.8561335182517309,0.8680895859384491,0.858632397516151,4.0
temperature_min,outer_1,streed,4,20,3,0.003,0.0001,0.1,0.8184765498189718,1.1259824749699756,599.7121889591217,1.059018288115539,0.8290150178506366,1.0739627806434866,0.825106134302569,8.0
temperature_min,outer_1,streed,4,20,3,0.003,0.0001,0.001,0.8634534544216491,0.8450438581281841,599.7123553752899,0.8912697849412914,0.8560990400462022,0.8683969812282561,0.8585823384717404,4.0
temperature_min,outer_1,streed,4,20,3,0.003,1e-05,0.1,0.8184814058089588,1.1259523982295787,599.70831990242,1.058992298113726,0.8290192140954473,1.0739339771365044,0.8251108249275818,8.0
temperature_min,outer_1,streed,4,20,3,0.003,1e-05,0.001,0.8633291829558063,0.8457983556275114,599.7072629928589,0.891296093877889,0.856094792307419,0.8684309558414606,0.8585768057367648,4.0
temperature_min,outer_1,streed,4,20,3,0.001,0.1,0.1,0.8065951268693586,1.19832754372809,599.714408159256,1.158563144948742,0.8129428916563162,1.1602120034175931,0.8110605265252452,8.0
temperature_min,outer_1,streed,4,20,3,0.001,0.1,0.001,0.857003247119977,0.8847274496790901,599.7157967090607,0.9450226115144548,0.8474203173128632,0.9491562452926996,0.8454307654957688,4.0
temperature_min,outer_1,streed,4,20,3,0.001,0.01,0.1,0.8178007007744149,1.1301426986558685,599.711535692215,1.0619802669800291,0.8285367882402935,1.0772562302396789,0.8245697990200627,8.0
temperature_min,outer_1,streed,4,20,3,0.001,0.01,0.001,0.8687769596253343,0.8123175702322659,599.7113211154938,0.8907004414737327,0.8561909640325298,0.878989534688281,0.8568573507388131,4.0
temperature_min,outer_1,streed,4,20,3,0.001,0.001,0.1,0.8184278823493939,1.1262838978392882,599.7097721099854,1.059279048845538,0.828972916435331,1.0742516842228929,0.8250590866164416,8.0
temperature_min,outer_1,streed,4,20,3,0.001,0.001,0.001,0.8641801076229494,0.8407383522061075,599.7075312137604,0.891056239577615,0.8561335182517309,0.8680895859384491,0.858632397516151,4.0
temperature_min,outer_1,streed,4,20,3,0.001,0.0001,0.1,0.8184765498189718,1.1259824749699756,599.7168159484863,1.059018288115539,0.8290150178506366,1.0739627806434866,0.825106134302569,8.0
temperature_min,outer_1,streed,4,20,3,0.001,0.0001,0.001,0.8634534544216491,0.8450438581281841,599.7151129245758,0.8912697849412914,0.8560990400462022,0.8683969812282561,0.8585823384717404,4.0
temperature_min,outer_1,streed,4,20,3,0.001,1e-05,0.1,0.8184814058089588,1.1259523982295787,599.7158350944519,1.058992298113726,0.8290192140954473,1.0739339771365044,0.8251108249275818,8.0
temperature_min,outer_1,streed,4,20,3,0.001,1e-05,0.001,0.8633291829558063,0.8457983556275114,599.7100558280945,0.891296093877889,0.856094792307419,0.8684309558414606,0.8585768057367648,4.0
temperature_min,outer_1,streed,4,20,3,0.0005,0.1,0.1,0.8065951268693586,1.19832754372809,599.7062711715698,1.158563144948742,0.8129428916563162,1.1602120034175931,0.8110605265252452,8.0
temperature_min,outer_1,streed,4,20,3,0.0005,0.1,0.001,0.857003247119977,0.8847274496790901,599.7155394554138,0.9450226115144548,0.8474203173128632,0.9491562452926996,0.8454307654957688,4.0
temperature_min,outer_1,streed,4,20,3,0.0005,0.01,0.1,0.8178007007744149,1.1301426986558685,599.7260630130768,1.0619802669800291,0.8285367882402935,1.0772562302396789,0.8245697990200627,8.0
temperature_min,outer_1,streed,4,20,3,0.0005,0.01,0.001,0.8687769596253343,0.8123175702322659,599.7119107246399,0.8907004414737327,0.8561909640325298,0.878989534688281,0.8568573507388131,4.0
temperature_min,outer_1,streed,4,20,3,0.0005,0.001,0.1,0.8184278823493939,1.1262838978392882,599.7075417041779,1.059279048845538,0.828972916435331,1.0742516842228929,0.8250590866164416,8.0
temperature_min,outer_1,streed,4,20,3,0.0005,0.001,0.001,0.8641801076229494,0.8407383522061075,599.7116413116455,0.891056239577615,0.8561335182517309,0.8680895859384491,0.858632397516151,4.0
temperature_min,outer_1,streed,4,20,3,0.0005,0.0001,0.1,0.8184765498189718,1.1259824749699756,599.7025666236877,1.059018288115539,0.8290150178506366,1.0739627806434866,0.825106134302569,8.0
temperature_min,outer_1,streed,4,20,3,0.0005,0.0001,0.001,0.8634534544216491,0.8450438581281841,599.6946444511414,0.8912697849412914,0.8560990400462022,0.8683969812282561,0.8585823384717404,4.0
temperature_min,outer_1,streed,4,20,3,0.0005,1e-05,0.1,0.8184814058089588,1.1259523982295787,599.7138500213623,1.058992298113726,0.8290192140954473,1.0739339771365044,0.8251108249275818,8.0
temperature_min,outer_1,streed,4,20,3,0.0005,1e-05,0.001,0.8633291829558063,0.8457983556275114,599.7031383514404,0.891296093877889,0.856094792307419,0.8684309558414606,0.8585768057367648,4.0
temperature_min,outer_1,streed,4,20,3,0.0001,0.1,0.1,0.8065951268693586,1.19832754372809,599.6998908519745,1.158563144948742,0.8129428916563162,1.1602120034175931,0.8110605265252452,8.0
temperature_min,outer_1,streed,4,20,3,0.0001,0.1,0.001,0.857003247119977,0.8847274496790901,599.6991341114044,0.9450226115144548,0.8474203173128632,0.9491562452926996,0.8454307654957688,4.0
temperature_min,outer_1,streed,4,20,3,0.0001,0.01,0.1,0.8178452597914404,1.1298498242606336,599.6968433856964,1.0619802669800291,0.8285367882402935,1.0772562302396789,0.8245697990200627,8.0
temperature_min,outer_1,streed,4,20,3,0.0001,0.01,0.001,0.8687769596253343,0.8123175702322659,599.6982412338257,0.8907004414737327,0.8561909640325298,0.878989534688281,0.8568573507388131,4.0
temperature_min,outer_1,streed,4,20,3,0.0001,0.001,0.1,0.8184278823493939,1.1262838978392882,599.7095844745636,1.059279048845538,0.828972916435331,1.0742516842228929,0.8250590866164416,8.0
temperature_min,outer_1,streed,4,20,3,0.0001,0.001,0.001,0.8641801076229494,0.8407383522061075,599.7094132900238,0.891056239577615,0.8561335182517309,0.8680895859384491,0.858632397516151,4.0
temperature_min,outer_1,streed,4,20,3,0.0001,0.0001,0.1,0.8184765498189718,1.1259824749699756,599.707845211029,1.059018288115539,0.8290150178506366,1.0739627806434866,0.825106134302569,8.0
temperature_min,outer_1,streed,4,20,3,0.0001,0.0001,0.001,0.8634534544216491,0.8450438581281841,599.703649520874,0.8912697849412914,0.8560990400462022,0.8683969812282561,0.8585823384717404,4.0
temperature_min,outer_1,streed,4,20,3,0.0001,1e-05,0.1,0.8184814058089588,1.1259523982295787,599.7072494029999,1.058992298113726,0.8290192140954473,1.0739339771365044,0.8251108249275818,8.0
temperature_min,outer_1,streed,4,20,3,0.0001,1e-05,0.001,0.8633291829558063,0.8457983556275114,599.7083022594452,0.891296093877889,0.856094792307419,0.8684309558414606,0.8585768057367648,4.0
temperature_min,outer_2,streed,4,20,3,0.1,0.1,0.1,0.812945501791284,1.16062036757061,599.7770290374756,1.1575561392714515,0.8135198741621408,1.247390905196852,0.7948792449879702,1.0
temperature_min,outer_2,streed,4,20,3,0.1,0.1,0.001,0.8223933057477529,1.1020505558867724,257.3187394142151,1.0950015695196866,0.8235972981792464,1.18207796700694,0.8056192937872315,1.0
temperature_min,outer_2,streed,4,20,3,0.1,0.01,0.1,0.8107988726578537,1.1738454816815382,230.67365622520447,1.1707793607473944,0.8113896379505583,1.266209355081434,0.7917847421882467,1.0
temperature_min,outer_2,streed,4,20,3,0.1,0.01,0.001,0.8149637279673753,1.14803409548697,1.448109149932861,1.1403159699998522,0.8162972331395267,1.2347856619206456,0.7969520491162942,1.0
temperature_min,outer_2,streed,4,20,3,0.1,0.001,0.1,0.8102565109394352,1.177202139270505,234.28278493881223,1.1735361397377575,0.8109455260188867,1.2697110136293133,0.7912089300333376,1.0
temperature_min,outer_2,streed,4,20,3,0.1,0.001,0.001,0.8136425813710267,1.1562010249564718,1.5552780628204346,1.1484888582169528,0.8149805961562502,1.2439789819497935,0.7954403010847912,1.0
temperature_min,outer_2,streed,4,20,3,0.1,0.0001,0.1,0.8102003749595127,1.1775495499091395,240.5995056629181,1.1738401740212685,0.8108965466652946,1.270091050387312,0.7911464368514423,1.0
temperature_min,outer_2,streed,4,20,3,0.1,0.0001,0.001,0.8135012519145578,1.1570760329027594,1.4861607551574707,1.149352411893066,0.814841479276536,1.2449486920560815,0.7952808421146194,1.0
temperature_min,outer_2,streed,4,20,3,0.1,1e-05,0.1,0.8101947582840774,1.1775843095939218,237.2388608455658,1.1738708770551491,0.8108916004640457,1.2701293628952568,0.7911401367489457,1.0
temperature_min,outer_2,streed,4,20,3,0.1,1e-05,0.001,0.8134870411567348,1.157164015790296,1.4865176677703855,1.1494392429041096,0.8148274909632987,1.2450461812377325,0.7952648110096446,1.0
temperature_min,outer_2,streed,4,20,3,0.08,0.1,0.1,0.812945501791284,1.16062036757061,599.7201616764069,1.1575561392714515,0.8135198741621408,1.247390905196852,0.7948792449879702,1.0
temperature_min,outer_2,streed,4,20,3,0.08,0.1,0.001,0.8223933057477529,1.1020505558867724,250.3919322490692,1.0950015695196866,0.8235972981792464,1.18207796700694,0.8056192937872315,1.0
temperature_min,outer_2,streed,4,20,3,0.08,0.01,0.1,0.8107988726578537,1.1738454816815382,599.7242150306702,1.1707793607473944,0.8113896379505583,1.266209355081434,0.7917847421882467,1.0
temperature_min,outer_2,streed,4,20,3,0.08,0.01,0.001,0.8149637279673753,1.14803409548697,253.7804946899414,1.1403159699998522,0.8162972331395267,1.2347856619206456,0.7969520491162942,1.0
temperature_min,outer_2,streed,4,20,3,0.08,0.001,0.1,0.8102565109394352,1.177202139270505,599.7160038948059,1.1735361397377575,0.8109455260188867,1.2697110136293133,0.7912089300333376,1.0
temperature_min,outer_2,streed,4,20,3,0.08,0.001,0.001,0.8136425813710267,1.1562010249564718,245.9154577255249,1.1484888582169528,0.8149805961562502,1.2439789819497935,0.7954403010847912,1.0
temperature_min,outer_2,streed,4,20,3,0.08,0.0001,0.1,0.8102003749595127,1.1775495499091395,599.7123761177063,1.1738401740212685,0.8108965466652946,1.270091050387312,0.7911464368514423,1.0
temperature_min,outer_2,streed,4,20,3,0.08,0.0001,0.001,0.8135012519145578,1.1570760329027594,244.8268382549286,1.149352411893066,0.814841479276536,1.2449486920560815,0.7952808421146194,1.0
temperature_min,outer_2,streed,4,20,3,0.08,1e-05,0.1,0.8101947582840774,1.1775843095939218,599.7189848423004,1.1738708770551491,0.8108916004640457,1.2701293628952568,0.7911401367489457,1.0
temperature_min,outer_2,streed,4,20,3,0.08,1e-05,0.001,0.8134870411567348,1.157164015790296,244.9789137840271,1.1494392429041096,0.8148274909632987,1.2450461812377325,0.7952648110096446,1.0
temperature_min,outer_2,streed,4,20,3,0.05,0.1,0.1,0.812945501791284,1.16062036757061,599.717208147049,1.1575561392714515,0.8135198741621408,1.247390905196852,0.7948792449879702,1.0
temperature_min,outer_2,streed,4,20,3,0.05,0.1,0.001,0.8223933057477529,1.1020505558867724,599.7113564014435,1.0950015695196866,0.8235972981792464,1.18207796700694,0.8056192937872315,1.0
temperature_min,outer_2,streed,4,20,3,0.05,0.01,0.1,0.8107988726578537,1.1738454816815382,599.7036998271942,1.1707793607473944,0.8113896379505583,1.266209355081434,0.7917847421882467,1.0
temperature_min,outer_2,streed,4,20,3,0.05,0.01,0.001,0.8149637279673753,1.14803409548697,599.6963806152344,1.1403159699998522,0.8162972331395267,1.2347856619206456,0.7969520491162942,1.0
temperature_min,outer_2,streed,4,20,3,0.05,0.001,0.1,0.8102565109394352,1.177202139270505,599.6976759433746,1.1735361397377575,0.8109455260188867,1.2697110136293133,0.7912089300333376,1.0
temperature_min,outer_2,streed,4,20,3,0.05,0.001,0.001,0.8136425813710267,1.1562010249564718,599.7035937309265,1.1484888582169528,0.8149805961562502,1.2439789819497935,0.7954403010847912,1.0
temperature_min,outer_2,streed,4,20,3,0.05,0.0001,0.1,0.8102003749595127,1.1775495499091395,599.7158014774323,1.1738401740212685,0.8108965466652946,1.270091050387312,0.7911464368514423,1.0
temperature_min,outer_2,streed,4,20,3,0.05,0.0001,0.001,0.8135012519145578,1.1570760329027594,599.7169954776764,1.149352411893066,0.814841479276536,1.2449486920560815,0.7952808421146194,1.0
temperature_min,outer_2,streed,4,20,3,0.05,1e-05,0.1,0.8101947582840774,1.1775843095939218,599.7187972068787,1.1738708770551491,0.8108916004640457,1.2701293628952568,0.7911401367489457,1.0
temperature_min,outer_2,streed,4,20,3,0.05,1e-05,0.001,0.8134870411567348,1.157164015790296,599.7179009914398,1.1494392429041096,0.8148274909632987,1.2450461812377325,0.7952648110096446,1.0
temperature_min,outer_2,streed,4,20,3,0.03,0.1,0.1,0.812945501791284,1.16062036757061,599.7165699005127,1.1575561392714515,0.8135198741621408,1.247390905196852,0.7948792449879702,1.0
temperature_min,outer_2,streed,4,20,3,0.03,0.1,0.001,0.8223933057477529,1.1020505558867724,599.7115731239319,1.0950015695196866,0.8235972981792464,1.18207796700694,0.8056192937872315,1.0
temperature_min,outer_2,streed,4,20,3,0.03,0.01,0.1,0.8107988726578537,1.1738454816815382,599.714670419693,1.1707793607473944,0.8113896379505583,1.266209355081434,0.7917847421882467,1.0
temperature_min,outer_2,streed,4,20,3,0.03,0.01,0.001,0.8149637279673753,1.14803409548697,599.712427854538,1.1403159699998522,0.8162972331395267,1.2347856619206456,0.7969520491162942,1.0
temperature_min,outer_2,streed,4,20,3,0.03,0.001,0.1,0.8102565109394352,1.177202139270505,599.7206144332886,1.1735361397377575,0.8109455260188867,1.2697110136293133,0.7912089300333376,1.0
temperature_min,outer_2,streed,4,20,3,0.03,0.001,0.001,0.8136425813710267,1.1562010249564718,599.7126338481903,1.1484888582169528,0.8149805961562502,1.2439789819497935,0.7954403010847912,1.0
temperature_min,outer_2,streed,4,20,3,0.03,0.0001,0.1,0.8102003749595127,1.1775495499091395,599.7169740200043,1.1738401740212685,0.8108965466652946,1.270091050387312,0.7911464368514423,1.0
temperature_min,outer_2,streed,4,20,3,0.03,0.0001,0.001,0.8135012519145578,1.1570760329027594,599.7158694267273,1.149352411893066,0.814841479276536,1.2449486920560815,0.7952808421146194,1.0
temperature_min,outer_2,streed,4,20,3,0.03,1e-05,0.1,0.8101947582840774,1.1775843095939218,599.7189154624939,1.1738708770551491,0.8108916004640457,1.2701293628952568,0.7911401367489457,1.0
temperature_min,outer_2,streed,4,20,3,0.03,1e-05,0.001,0.8134870411567348,1.157164015790296,599.7146854400635,1.1494392429041096,0.8148274909632987,1.2450461812377325,0.7952648110096446,1.0
temperature_min,outer_2,streed,4,20,3,0.01,0.1,0.1,0.8058164060497605,1.204845863904416,599.7170948982239,1.1617844245601123,0.8128387053220669,1.2646500492299153,0.7920411541856611,5.0
temperature_min,outer_2,streed,4,20,3,0.01,0.1,0.001,0.8399606029640134,0.9938529438567896,599.7194592952728,0.923123635010289,0.8512865114870665,1.0056414542534733,0.8346324848862714,3.0
temperature_min,outer_2,streed,4,20,3,0.01,0.01,0.1,0.808366508558104,1.1893004005224717,599.7239527702332,1.1292204218267594,0.8180847051673289,1.2290442012435412,0.7978961739644498,5.0
temperature_min,outer_2,streed,4,20,3,0.01,0.01,0.001,0.8438161102906574,0.9690106806300888,599.7139644622803,0.9280990088651389,0.8504849880783385,1.0152835388956922,0.8330469420757042,3.0
temperature_min,outer_2,streed,4,20,3,0.01,0.001,0.1,0.8090453831028519,1.1850820182354564,599.7198686599731,1.1261886811292094,0.8185731129150021,1.2256378016651654,0.7984563217501023,5.0
temperature_min,outer_2,streed,4,20,3,0.01,0.001,0.001,0.843045663567333,0.9736483214721552,599.7190253734589,0.9267081609272256,0.8507090510759626,1.0162861127236351,0.8328820790005558,3.0
temperature_min,outer_2,streed,4,20,3,0.01,0.0001,0.1,0.8091165204610059,1.184639915713407,599.7211954593658,1.125889826198392,0.8186212578845767,1.225298959371196,0.798512040921117,5.0
temperature_min,outer_2,streed,4,20,3,0.01,0.0001,0.001,0.842966853730824,0.9741360395780372,599.7074956893921,0.927273507492929,0.8506179748031689,1.0162536618012812,0.8328874152248831,3.0
temperature_min,outer_2,streed,4,20,3,0.01,1e-05,0.1,0.8091236404777389,1.1845956658789225,599.7124845981598,1.1258600137293782,0.8186260606174937,1.225265129084786,0.7985176039678427,5.0
temperature_min,outer_2,streed,4,20,3,0.01,1e-05,0.001,0.8431729154387559,0.9728569477337192,599.7119834423065,0.9272980077665792,0.8506140278549749,1.0162796972670396,0.8328831339571817,3.0
temperature_min,outer_2,streed,4,20,3,0.008,0.1,0.1,0.8058164060497605,1.204845863904416,599.7136602401733,1.1617844245601123,0.8128387053220669,1.2646500492299153,0.7920411541856611,5.0
temperature_min,outer_2,streed,4,20,3,0.008,0.1,0.001,0.8416691491660004,0.9830024314303776,599.7136902809143,0.923123635010289,0.8512865114870665,1.0056414542534733,0.8346324848862714,3.0
temperature_min,outer_2,streed,4,20,3,0.008,0.01,0.1,0.8133722756428293,1.1582390144073444,599.7110767364502,1.1292204218267594,0.8180847051673289,1.2290442012435412,0.7978961739644498,5.0
temperature_min,outer_2,streed,4,20,3,0.008,0.01,0.001,0.8492994719721336,0.9346277618597624,599.7134759426117,0.876561650277709,0.8587875600130213,0.961251207978692,0.8419320096728629,4.0
temperature_min,outer_2,streed,4,20,3,0.008,0.001,0.1,0.813817374962262,1.155477602621952,599.7145702838898,1.1261886811292094,0.8185731129150021,1.2256378016651654,0.7984563217501023,5.0
temperature_min,outer_2,streed,4,20,3,0.008,0.001,0.001,0.8471532171552756,0.9478690105108416,599.7205579280853,0.8759491281900598,0.8588862361740368,0.9489650126843988,0.8439523496035864,4.0
temperature_min,outer_2,streed,4,20,3,0.008,0.0001,0.1,0.8138636970629992,1.155190117706734,599.7127614021301,1.125889826198392,0.8186212578845767,1.225298959371196,0.798512040921117,5.0
temperature_min,outer_2,streed,4,20,3,0.008,0.0001,0.001,0.8470669152585447,0.9484033344158528,599.7148089408875,0.8762488483580039,0.8588379518163818,0.962046886724513,0.841801168390944,4.0
temperature_min,outer_2,streed,4,20,3,0.008,1e-05,0.1,0.8138683188277378,1.1551614336224718,599.7145051956177,1.1258600137293782,0.8186260606174937,1.225265129084786,0.7985176039678427,5.0
temperature_min,outer_2,streed,4,20,3,0.008,1e-05,0.001,0.8470579266987377,0.948459015852937,599.7182202339172,0.8762784749710419,0.8588331790245144,0.9620892780241668,0.8417941975726105,4.0
temperature_min,outer_2,streed,4,20,3,0.005,0.1,0.1,0.8071808378044872,1.1968805434183571,599.7093288898468,1.1594528627277751,0.8132143155660476,1.2725706736474605,0.790738688010924,6.0
temperature_min,outer_2,streed,4,20,3,0.005,0.1,0.001,0.8515278284545337,0.921685614006406,599.7140529155731,0.8971559679333951,0.8554698540135572,0.9822412076668146,0.8384804175810875,4.0
temperature_min,outer_2,streed,4,20,3,0.005,0.01,0.1,0.811610522301152,1.1691886645204248,599.7129108905792,1.1319683530115974,0.8176420186005549,1.240147544082418,0.7960703420966855,6.0
temperature_min,outer_2,streed,4,20,3,0.005,0.01,0.001,0.8649900745687735,0.8384961734645286,599.713522195816,0.876561650277709,0.8587875600130213,0.961251207978692,0.8419320096728629,4.0
temperature_min,outer_2,streed,4,20,3,0.005,0.001,0.1,0.8120954601437361,1.1661771615097472,599.7022907733917,1.129257119572416,0.8180787932292416,1.2383537563009115,0.7963653122640492,6.0
temperature_min,outer_2,streed,4,20,3,0.005,0.001,0.001,0.8630963659827152,0.850091724710281,599.7102046012878,0.8759491281900598,0.8588862361740368,0.9489650126843988,0.8439523496035864,4.0
temperature_min,outer_2,streed,4,20,3,0.005,0.0001,0.1,0.8121454387954002,1.1658666805121296,599.7099282741547,1.1289944024348193,0.8181211164680173,1.238033891153757,0.7964179108361672,6.0
temperature_min,outer_2,streed,4,20,3,0.005,0.0001,0.001,0.8630605955061267,0.8503138859152127,599.7181344032288,0.8762488483580039,0.8588379518163818,0.962046886724513,0.841801168390944,4.0
temperature_min,outer_2,streed,4,20,3,0.005,1e-05,0.1,0.8121504314826665,1.165835664011713,599.7110574245453,1.128968183195461,0.8181253403383673,1.238001930464449,0.7964231664466532,6.0
temperature_min,outer_2,streed,4,20,3,0.005,1e-05,0.001,0.8629650661650016,0.8508947391544749,599.7169160842896,0.8762784749710419,0.8588331790245144,0.9620892780241668,0.8417941975726105,4.0
temperature_min,outer_2,streed,4,20,3,0.003,0.1,0.1,0.807992476709201,1.191619235150697,599.7144365310669,1.1427638581260915,0.8159028829474874,1.2773213441704074,0.7899574885325404,8.0
temperature_min,outer_2,streed,4,20,3,0.003,0.1,0.001,0.8574858793324598,0.8842858700698221,599.7115132808685,0.8971559679333951,0.8554698540135572,0.9822412076668146,0.8384804175810875,4.0
temperature_min,outer_2,streed,4,20,3,0.003,0.01,0.1,0.8137197267051354,1.1561886418365612,599.716292142868,1.093806234933399,0.8237898643421364,1.218417273859313,0.7996436641533147,8.0
temperature_min,outer_2,streed,4,20,3,0.003,0.01,0.001,0.8680885587820155,0.8188185426110435,599.7131662368774,0.876561650277709,0.8587875600130213,0.961251207978692,0.8419320096728629,4.0
temperature_min,outer_2,streed,4,20,3,0.003,0.001,0.1,0.8156920308028118,1.1439458509516307,599.7177579402924,1.0906907706233462,0.8242917598069626,1.2160862387271956,0.8000269791865312,8.0
temperature_min,outer_2,streed,4,20,3,0.003,0.001,0.001,0.8657770813118989,0.8330672304606352,599.7088761329651,0.8759491281900598,0.8588862361740368,0.9489650126843988,0.8439523496035864,4.0
temperature_min,outer_2,streed,4,20,3,0.003,0.0001,0.1,0.8157365207175467,1.1436695220224482,599.7136013507843,1.0903837682019542,0.8243412173220078,1.2157113477033747,0.8000886262047457,8.0
temperature_min,outer_2,streed,4,20,3,0.003,0.0001,0.001,0.8658126093574241,0.8328365941355503,599.7129833698273,0.8762488483580039,0.8588379518163818,0.962046886724513,0.841801168390944,4.0
temperature_min,outer_2,streed,4,20,3,0.003,1e-05,0.1,0.8157409692315284,1.1436418920118463,599.715006351471,1.090353052405586,0.8243461655792695,1.215673838383409,0.8000947942311434,8.0
temperature_min,outer_2,streed,4,20,3,0.003,1e-05,0.001,0.8658786788710516,0.8323911769821545,599.7131690979004,0.8762784749710419,0.8588331790245144,0.9620892780241668,0.8417941975726105,4.0
temperature_min,outer_2,streed,4,20,3,0.001,0.1,0.1,0.807992476709201,1.191619235150697,599.7164261341095,1.1427638581260915,0.8159028829474874,1.2773213441704074,0.7899574885325404,8.0
temperature_min,outer_2,streed,4,20,3,0.001,0.1,0.001,0.8574858793324598,0.8842858700698221,599.7119431495667,0.8971559679333951,0.8554698540135572,0.9822412076668146,0.8384804175810875,4.0
temperature_min,outer_2,streed,4,20,3,0.001,0.01,0.1,0.8137197267051354,1.1561886418365612,599.716197013855,1.093806234933399,0.8237898643421364,1.218417273859313,0.7996436641533147,8.0
temperature_min,outer_2,streed,4,20,3,0.001,0.01,0.001,0.8680885587820155,0.8188185426110435,599.7105984687805,0.876561650277709,0.8587875600130213,0.961251207978692,0.8419320096728629,4.0
temperature_min,outer_2,streed,4,20,3,0.001,0.001,0.1,0.8156920308028118,1.1439458509516307,599.7112994194031,1.0906907706233462,0.8242917598069626,1.2160862387271956,0.8000269791865312,8.0
temperature_min,outer_2,streed,4,20,3,0.001,0.001,0.001,0.8657770813118989,0.8330672304606352,599.7162563800812,0.8759491281900598,0.8588862361740368,0.9489650126843988,0.8439523496035864,4.0
temperature_min,outer_2,streed,4,20,3,0.001,0.0001,0.1,0.8157365207175467,1.1436695220224482,599.7158570289612,1.0903837682019542,0.8243412173220078,1.2157113477033747,0.8000886262047457,8.0
temperature_min,outer_2,streed,4,20,3,0.001,0.0001,0.001,0.8658126093574241,0.8328365941355503,599.7171885967255,0.8762488483580039,0.8588379518163818,0.962046886724513,0.841801168390944,4.0
temperature_min,outer_2,streed,4,20,3,0.001,1e-05,0.1,0.8157409692315284,1.1436418920118463,599.7145674228668,1.090353052405586,0.8243461655792695,1.215673838383409,0.8000947942311434,8.0
temperature_min,outer_2,streed,4,20,3,0.001,1e-05,0.001,0.8658786788710516,0.8323911769821545,599.7203862667084,0.8762784749710419,0.8588331790245144,0.9620892780241668,0.8417941975726105,4.0
temperature_min,outer_2,streed,4,20,3,0.0005,0.1,0.1,0.807992476709201,1.191619235150697,599.6966242790222,1.1427638581260915,0.8159028829474874,1.2773213441704074,0.7899574885325404,8.0
temperature_min,outer_2,streed,4,20,3,0.0005,0.1,0.001,0.8574858793324598,0.8842858700698221,599.7109177112579,0.8971559679333951,0.8554698540135572,0.9822412076668146,0.8384804175810875,4.0
temperature_min,outer_2,streed,4,20,3,0.0005,0.01,0.1,0.8137197267051354,1.1561886418365612,599.7105820178986,1.093806234933399,0.8237898643421364,1.218417273859313,0.7996436641533147,8.0
temperature_min,outer_2,streed,4,20,3,0.0005,0.01,0.001,0.8680885587820155,0.8188185426110435,599.718959569931,0.876561650277709,0.8587875600130213,0.961251207978692,0.8419320096728629,4.0
temperature_min,outer_2,streed,4,20,3,0.0005,0.001,0.1,0.8156920308028118,1.1439458509516307,599.7060806751251,1.0906907706233462,0.8242917598069626,1.2160862387271956,0.8000269791865312,8.0
temperature_min,outer_2,streed,4,20,3,0.0005,0.001,0.001,0.8657770813118989,0.8330672304606352,599.7139101028442,0.8759491281900598,0.8588862361740368,0.9489650126843988,0.8439523496035864,4.0
temperature_min,outer_2,streed,4,20,3,0.0005,0.0001,0.1,0.8157365207175467,1.1436695220224482,599.7033090591431,1.0903837682019542,0.8243412173220078,1.2157113477033747,0.8000886262047457,8.0
temperature_min,outer_2,streed,4,20,3,0.0005,0.0001,0.001,0.8658126093574241,0.8328365941355503,599.7174637317657,0.8762488483580039,0.8588379518163818,0.962046886724513,0.841801168390944,4.0
temperature_min,outer_2,streed,4,20,3,0.0005,1e-05,0.1,0.8157409692315284,1.1436418920118463,599.7158205509186,1.090353052405586,0.8243461655792695,1.215673838383409,0.8000947942311434,8.0
temperature_min,outer_2,streed,4,20,3,0.0005,1e-05,0.001,0.8658786788710516,0.8323911769821545,599.7163481712341,0.8762784749710419,0.8588331790245144,0.9620892780241668,0.8417941975726105,4.0
temperature_min,outer_2,streed,4,20,3,0.0001,0.1,0.1,0.807992476709201,1.191619235150697,599.7200894355774,1.1427638581260915,0.8159028829474874,1.2773213441704074,0.7899574885325404,8.0
temperature_min,outer_2,streed,4,20,3,0.0001,0.1,0.001,0.8574858793324598,0.8842858700698221,599.7131690979004,0.8971559679333951,0.8554698540135572,0.9822412076668146,0.8384804175810875,4.0
temperature_min,outer_2,streed,4,20,3,0.0001,0.01,0.1,0.8137197267051354,1.1561886418365612,599.7134659290314,1.093806234933399,0.8237898643421364,1.218417273859313,0.7996436641533147,8.0
temperature_min,outer_2,streed,4,20,3,0.0001,0.01,0.001,0.8680885587820155,0.8188185426110435,599.7146847248077,0.876561650277709,0.8587875600130213,0.961251207978692,0.8419320096728629,4.0
temperature_min,outer_2,streed,4,20,3,0.0001,0.001,0.1,0.8156920308028118,1.1439458509516307,599.7219777107239,1.0906907706233462,0.8242917598069626,1.2160862387271956,0.8000269791865312,8.0
temperature_min,outer_2,streed,4,20,3,0.0001,0.001,0.001,0.8657770813118989,0.8330672304606352,599.7125196456909,0.8759491281900598,0.8588862361740368,0.9489650126843988,0.8439523496035864,4.0
temperature_min,outer_2,streed,4,20,3,0.0001,0.0001,0.1,0.8157365207175467,1.1436695220224482,599.716979265213,1.0903837682019542,0.8243412173220078,1.2157113477033747,0.8000886262047457,8.0
temperature_min,outer_2,streed,4,20,3,0.0001,0.0001,0.001,0.8658126093574241,0.8328365941355503,599.7157061100006,0.8762488483580039,0.8588379518163818,0.962046886724513,0.841801168390944,4.0
temperature_min,outer_2,streed,4,20,3,0.0001,1e-05,0.1,0.8157409692315284,1.1436418920118463,599.715208530426,1.090353052405586,0.8243461655792695,1.215673838383409,0.8000947942311434,8.0
temperature_min,outer_2,streed,4,20,3,0.0001,1e-05,0.001,0.8658786788710516,0.8323911769821545,599.7117755413055,0.8762784749710419,0.8588331790245144,0.9620892780241668,0.8417941975726105,4.0
temperature_min,outer_3,streed,4,20,3,0.1,0.1,0.1,0.8075802941991096,1.19669010326087,599.7769396305084,1.1932394325082625,0.8081976285561935,1.1374702858049166,0.8113972463675625,1.0
temperature_min,outer_3,streed,4,20,3,0.1,0.1,0.001,0.8169558210016937,1.137904815926084,250.5015754699707,1.1290455080988064,0.8185162172640242,1.080613192876429,0.8208246612404353,1.0
temperature_min,outer_3,streed,4,20,3,0.1,0.01,0.1,0.8058358612502174,1.2071616000893386,222.97429370880127,1.2027380299467874,0.8066708155256607,1.1557075722678145,0.8083733410501133,1.0
temperature_min,outer_3,streed,4,20,3,0.1,0.01,0.001,0.8090951927535244,1.1864508974336256,1.3899555206298828,1.1764167179490277,0.8109017267100744,1.1386268769906596,0.8112054731975902,1.0
temperature_min,outer_3,streed,4,20,3,0.1,0.001,0.1,0.8053562673922262,1.2100893376647492,224.42381119728088,1.2053958445644093,0.8062435960317103,1.1591083293251747,0.8078094650935652,1.0
temperature_min,outer_3,streed,4,20,3,0.1,0.001,0.001,0.8080833413693465,1.192525592840436,1.4062235355377195,1.1847932963553764,0.809555268020266,1.148526491694688,0.8095640284790948,1.0
temperature_min,outer_3,streed,4,20,3,0.1,0.0001,0.1,0.8053035711148421,1.2104114354002002,232.28146648406985,1.2056902214311012,0.8061962776314031,1.1594807960386444,0.8077477067789319,1.0
temperature_min,outer_3,streed,4,20,3,0.1,0.0001,0.001,0.807937550691805,1.1934274776945932,1.4528474807739258,1.185681173622292,0.80941254983588,1.1495734727325226,0.8093904296526456,1.0
temperature_min,outer_3,streed,4,20,3,0.1,1e-05,0.1,0.8052982531389472,1.2104439444785535,226.07231211662287,1.2057199510053749,0.8061914988730983,1.159518373608546,0.8077414760815267,1.0
temperature_min,outer_3,streed,4,20,3,0.1,1e-05,0.001,0.8079228928747794,1.1935181545484952,1.411202907562256,1.1857704420553508,0.8093982007482708,1.149678713662587,0.809372979764545,1.0
temperature_min,outer_3,streed,4,20,3,0.08,0.1,0.1,0.8075802941991096,1.19669010326087,599.7330689430237,1.1932394325082625,0.8081976285561935,1.1374702858049166,0.8113972463675625,1.0
temperature_min,outer_3,streed,4,20,3,0.08,0.1,0.001,0.8169558210016937,1.137904815926084,248.4383406639099,1.1290455080988064,0.8185162172640242,1.080613192876429,0.8208246612404353,1.0
temperature_min,outer_3,streed,4,20,3,0.08,0.01,0.1,0.8058358612502174,1.2071616000893386,599.7209167480469,1.2027380299467874,0.8066708155256607,1.1557075722678145,0.8083733410501133,1.0
temperature_min,outer_3,streed,4,20,3,0.08,0.01,0.001,0.8090951927535244,1.1864508974336256,249.7268249988556,1.1764167179490277,0.8109017267100744,1.1386268769906596,0.8112054731975902,1.0
temperature_min,outer_3,streed,4,20,3,0.08,0.001,0.1,0.8053562673922262,1.2100893376647492,599.7280714511871,1.2053958445644093,0.8062435960317103,1.1591083293251747,0.8078094650935652,1.0
temperature_min,outer_3,streed,4,20,3,0.08,0.001,0.001,0.8080833413693465,1.192525592840436,249.2364377975464,1.1847932963553764,0.809555268020266,1.148526491694688,0.8095640284790948,1.0
temperature_min,outer_3,streed,4,20,3,0.08,0.0001,0.1,0.8053035711148421,1.2104114354002002,599.7299163341522,1.2056902214311012,0.8061962776314031,1.1594807960386444,0.8077477067789319,1.0
temperature_min,outer_3,streed,4,20,3,0.08,0.0001,0.001,0.807937550691805,1.1934274776945932,256.1223576068878,1.185681173622292,0.80941254983588,1.1495734727325226,0.8093904296526456,1.0
temperature_min,outer_3,streed,4,20,3,0.08,1e-05,0.1,0.8052982531389472,1.2104439444785535,599.720648765564,1.2057199510053749,0.8061914988730983,1.159518373608546,0.8077414760815267,1.0
temperature_min,outer_3,streed,4,20,3,0.08,1e-05,0.001,0.8079228928747794,1.1935181545484952,253.80029606819156,1.1857704420553508,0.8093982007482708,1.149678713662587,0.809372979764545,1.0
temperature_min,outer_3,streed,4,20,3,0.05,0.1,0.1,0.8075802941991096,1.19669010326087,599.7182941436768,1.1932394325082625,0.8081976285561935,1.1374702858049166,0.8113972463675625,1.0
temperature_min,outer_3,streed,4,20,3,0.05,0.1,0.001,0.8169558210016937,1.137904815926084,599.7137179374695,1.1290455080988064,0.8185162172640242,1.080613192876429,0.8208246612404353,1.0
temperature_min,outer_3,streed,4,20,3,0.05,0.01,0.1,0.8058358612502174,1.2071616000893386,599.7117855548859,1.2027380299467874,0.8066708155256607,1.1557075722678145,0.8083733410501133,1.0
temperature_min,outer_3,streed,4,20,3,0.05,0.01,0.001,0.8090951927535244,1.1864508974336256,599.7057931423187,1.1764167179490277,0.8109017267100744,1.1386268769906596,0.8112054731975902,1.0
temperature_min,outer_3,streed,4,20,3,0.05,0.001,0.1,0.8053562673922262,1.2100893376647492,599.7121388912201,1.2053958445644093,0.8062435960317103,1.1591083293251747,0.8078094650935652,1.0
temperature_min,outer_3,streed,4,20,3,0.05,0.001,0.001,0.8080833413693465,1.192525592840436,599.715253829956,1.1847932963553764,0.809555268020266,1.148526491694688,0.8095640284790948,1.0
temperature_min,outer_3,streed,4,20,3,0.05,0.0001,0.1,0.8053035711148421,1.2104114354002002,599.7134897708893,1.2056902214311012,0.8061962776314031,1.1594807960386444,0.8077477067789319,1.0
temperature_min,outer_3,streed,4,20,3,0.05,0.0001,0.001,0.807937550691805,1.1934274776945932,599.7186794281006,1.185681173622292,0.80941254983588,1.1495734727325226,0.8093904296526456,1.0
temperature_min,outer_3,streed,4,20,3,0.05,1e-05,0.1,0.8052982531389472,1.2104439444785535,599.7133667469025,1.2057199510053749,0.8061914988730983,1.159518373608546,0.8077414760815267,1.0
temperature_min,outer_3,streed,4,20,3,0.05,1e-05,0.001,0.8079228928747794,1.1935181545484952,599.7077894210815,1.1857704420553508,0.8093982007482708,1.149678713662587,0.809372979764545,1.0
temperature_min,outer_3,streed,4,20,3,0.03,0.1,0.1,0.8075802941991096,1.19669010326087,599.7147369384766,1.1932394325082625,0.8081976285561935,1.1374702858049166,0.8113972463675625,1.0
temperature_min,outer_3,streed,4,20,3,0.03,0.1,0.001,0.8169558210016937,1.137904815926084,599.717976808548,1.1290455080988064,0.8185162172640242,1.080613192876429,0.8208246612404353,1.0
temperature_min,outer_3,streed,4,20,3,0.03,0.01,0.1,0.8058358612502174,1.2071616000893386,599.7206237316132,1.2027380299467874,0.8066708155256607,1.1557075722678145,0.8083733410501133,1.0
temperature_min,outer_3,streed,4,20,3,0.03,0.01,0.001,0.8090951927535244,1.1864508974336256,599.7185759544373,1.1764167179490277,0.8109017267100744,1.1386268769906596,0.8112054731975902,1.0
temperature_min,outer_3,streed,4,20,3,0.03,0.001,0.1,0.8053562673922262,1.2100893376647492,599.719690322876,1.2053958445644093,0.8062435960317103,1.1591083293251747,0.8078094650935652,1.0
temperature_min,outer_3,streed,4,20,3,0.03,0.001,0.001,0.8080833413693465,1.192525592840436,599.7191219329834,1.1847932963553764,0.809555268020266,1.148526491694688,0.8095640284790948,1.0
temperature_min,outer_3,streed,4,20,3,0.03,0.0001,0.1,0.8053035711148421,1.2104114354002002,599.7172145843506,1.2056902214311012,0.8061962776314031,1.1594807960386444,0.8077477067789319,1.0
temperature_min,outer_3,streed,4,20,3,0.03,0.0001,0.001,0.807937550691805,1.1934274776945932,599.7183802127838,1.185681173622292,0.80941254983588,1.1495734727325226,0.8093904296526456,1.0
temperature_min,outer_3,streed,4,20,3,0.03,1e-05,0.1,0.8052982531389472,1.2104439444785535,599.7229857444763,1.2057199510053749,0.8061914988730983,1.159518373608546,0.8077414760815267,1.0
temperature_min,outer_3,streed,4,20,3,0.03,1e-05,0.001,0.8079228928747794,1.1935181545484952,599.7186892032623,1.1857704420553508,0.8093982007482708,1.149678713662587,0.809372979764545,1.0
temperature_min,outer_3,streed,4,20,3,0.01,0.1,0.1,0.803589122957238,1.22077177937446,599.7219345569611,1.1967402356031482,0.8076349063419724,1.0979369933332197,0.8179522200784075,5.0
temperature_min,outer_3,streed,4,20,3,0.01,0.1,0.001,0.840940903614146,0.9894566311382408,599.7179841995239,0.9501644965669316,0.8472697107233873,0.8956650605572185,0.851490716846359,3.0
temperature_min,outer_3,streed,4,20,3,0.01,0.01,0.1,0.8089363989168638,1.18724875713913,599.7213077545166,1.1642412509655788,0.8128588221405801,1.07541768992968,0.8216861221282412,5.0
temperature_min,outer_3,streed,4,20,3,0.01,0.01,0.001,0.8412639985451572,0.9861551333507004,599.7192566394806,0.9548820212264416,0.8465114115988465,0.9386278477181476,0.8443671022224029,3.0
temperature_min,outer_3,streed,4,20,3,0.01,0.001,0.1,0.8089797906672059,1.186636882964671,599.7223200798035,1.1826198722147558,0.8099046261565858,1.120742541165947,0.8141708561403553,4.0
temperature_min,outer_3,streed,4,20,3,0.01,0.001,0.001,0.8405324863697382,0.9907215526031108,599.7182629108429,0.9551125311354116,0.84647435923033,0.9323370769851032,0.8454101683117143,3.0
temperature_min,outer_3,streed,4,20,3,0.01,0.0001,0.1,0.8090436151225017,1.186245751781218,599.7202839851379,1.1821419602400134,0.8099814461539808,1.120320299167721,0.8142408676426851,4.0
temperature_min,outer_3,streed,4,20,3,0.01,0.0001,0.001,0.8404336936530332,0.9913281404244084,599.7136189937592,0.9549706877190134,0.8464971592676884,0.93230512860639,0.8454154656388397,3.0
temperature_min,outer_3,streed,4,20,3,0.01,1e-05,0.1,0.8090499875854488,1.1862067030534906,599.7202746868134,1.1820941569045622,0.8099891301047896,1.1202780290355678,0.8142478764089095,4.0
temperature_min,outer_3,streed,4,20,3,0.01,1e-05,0.001,0.8404236552556313,0.9913897736575736,599.7161855697632,0.954993112209142,0.8464935547351295,0.932344896877916,0.8454088717034987,3.0
temperature_min,outer_3,streed,4,20,3,0.008,0.1,0.1,0.8010095378829516,1.2361423940938354,599.7184133529663,1.1967402356031482,0.8076349063419724,1.0979369933332197,0.8179522200784075,5.0
temperature_min,outer_3,streed,4,20,3,0.008,0.1,0.001,0.842166678424994,0.9812646477786856,599.7111251354218,0.9501644965669316,0.8472697107233873,0.8956650605572185,0.851490716846359,3.0
temperature_min,outer_3,streed,4,20,3,0.008,0.01,0.1,0.809443784276367,1.1841978750884568,599.7111246585846,1.1642412509655788,0.8128588221405801,1.07541768992968,0.8216861221282412,5.0
temperature_min,outer_3,streed,4,20,3,0.008,0.01,0.001,0.849664352675681,0.9341843483972988,599.7112762928009,0.8979749801149371,0.8556587001812335,0.8899091809352552,0.8524450932022309,4.0
temperature_min,outer_3,streed,4,20,3,0.008,0.001,0.1,0.8113863612635163,1.172548184446633,599.7159028053284,1.1613706714897671,0.8133202416477459,1.0736316223725355,0.8219822681143428,5.0
temperature_min,outer_3,streed,4,20,3,0.008,0.001,0.001,0.850546254795257,0.9283683303529116,599.7140986919403,0.8977897409788634,0.8556884756853068,0.8861339008091512,0.8530710684355208,4.0
temperature_min,outer_3,streed,4,20,3,0.008,0.0001,0.1,0.8114367346452117,1.1722366206757424,599.7168562412262,1.161082810775864,0.8133665126358375,1.073464558136988,0.8220099688598049,5.0
temperature_min,outer_3,streed,4,20,3,0.008,0.0001,0.001,0.850086819670106,0.9311121438056866,599.7151341438293,0.8980647376563672,0.8556442724739082,0.8867456517049012,0.8529696346618958,4.0
temperature_min,outer_3,streed,4,20,3,0.008,1e-05,0.1,0.8114417619003672,1.1722055278118526,599.7165966033936,1.161054112346802,0.8133711256469407,1.073447946998384,0.8220127231352535,5.0
temperature_min,outer_3,streed,4,20,3,0.008,1e-05,0.001,0.8500770918564874,0.9311708015014803,599.7132771015167,0.8980937630968129,0.8556396068987033,0.8868058769029219,0.8529596487850544,4.0
temperature_min,outer_3,streed,4,20,3,0.005,0.1,0.1,0.8028321426836946,1.2252289057833028,599.7114832401276,1.1941076708753509,0.8080580671460948,1.1025332854250138,0.8171901137132307,6.0
temperature_min,outer_3,streed,4,20,3,0.005,0.1,0.001,0.8534500337206828,0.9106639062350164,599.7126977443695,0.9237887926631232,0.8515093649113284,0.9025626461150208,0.8503470354281704,4.0
temperature_min,outer_3,streed,4,20,3,0.005,0.01,0.1,0.8065730198050008,1.2016978575562045,599.7129349708557,1.1662912052124,0.8125293106651966,1.0811283440898356,0.8207392445587003,6.0
temperature_min,outer_3,streed,4,20,3,0.005,0.01,0.001,0.867109676123743,0.8253590793429298,599.715324640274,0.8979749801149371,0.8556587001812335,0.8899091809352552,0.8524450932022309,4.0
temperature_min,outer_3,streed,4,20,3,0.005,0.001,0.1,0.8105425409167196,1.1779188811393044,599.709831237793,1.1613706714897671,0.8133202416477459,1.0736316223725355,0.8219822681143428,5.0
temperature_min,outer_3,streed,4,20,3,0.005,0.001,0.001,0.8670469414127296,0.8261096567700011,599.7103474140167,0.8977897409788634,0.8556884756853068,0.8861339008091512,0.8530710684355208,4.0
temperature_min,outer_3,streed,4,20,3,0.005,0.0001,0.1,0.8137978559699753,1.1583344571030936,599.7101118564606,1.161082810775864,0.8133665126358375,1.073464558136988,0.8220099688598049,5.0
temperature_min,outer_3,streed,4,20,3,0.005,0.0001,0.001,0.8667695165997951,0.8278910050163533,599.7110984325409,0.8980647376563672,0.8556442724739082,0.8867456517049012,0.8529696346618958,4.0
temperature_min,outer_3,streed,4,20,3,0.005,1e-05,0.1,0.8138034423073702,1.1582998287999184,599.7097918987274,1.161054112346802,0.8133711256469407,1.073447946998384,0.8220127231352535,5.0
temperature_min,outer_3,streed,4,20,3,0.005,1e-05,0.001,0.8667377017447562,0.8280970107043917,599.7051475048065,0.8980937630968129,0.8556396068987033,0.8868058769029219,0.8529596487850544,4.0
temperature_min,outer_3,streed,4,20,3,0.003,0.1,0.1,0.8041981332755409,1.2173384740388953,599.7083261013031,1.1761356739949047,0.8109469019661144,1.1036192181828657,0.8170100563429886,8.0
temperature_min,outer_3,streed,4,20,3,0.003,0.1,0.001,0.8552563042722646,0.8992657110873931,599.7046616077423,0.9237887926631232,0.8515093649113284,0.9025626461150208,0.8503470354281704,4.0
temperature_min,outer_3,streed,4,20,3,0.003,0.01,0.1,0.8101200372625982,1.1808354828524248,599.7050058841705,1.1455428055093229,0.8158644269530894,1.0750676679010385,0.8217441589132524,8.0
temperature_min,outer_3,streed,4,20,3,0.003,0.01,0.001,0.8674269162806869,0.823451530608137,599.7065932750702,0.8979749801149371,0.8556587001812335,0.8899091809352552,0.8524450932022309,4.0
temperature_min,outer_3,streed,4,20,3,0.003,0.001,0.1,0.8149922015887879,1.151552984898211,599.7059640884399,1.1430340266475278,0.8162676903066217,1.0732744851202412,0.8220414846671161,8.0
temperature_min,outer_3,streed,4,20,3,0.003,0.001,0.001,0.8670469414127296,0.8261096567700011,599.7081332206726,0.8977897409788634,0.8556884756853068,0.8861339008091512,0.8530710684355208,4.0
temperature_min,outer_3,streed,4,20,3,0.003,0.0001,0.1,0.8150531354347214,1.1511769874781608,599.7059066295624,1.1427629954865983,0.8163112560973467,1.0731039001677862,0.8220697691789516,8.0
temperature_min,outer_3,streed,4,20,3,0.003,0.0001,0.001,0.8667695165997951,0.8278910050163533,599.7089591026306,0.8980647376563672,0.8556442724739082,0.8867456517049012,0.8529696346618958,4.0
temperature_min,outer_3,streed,4,20,3,0.003,1e-05,0.1,0.8150587248135842,1.151142391209597,599.7094779014587,1.1427358625174824,0.8163156174750208,1.0730868798909197,0.8220725912931858,8.0
temperature_min,outer_3,streed,4,20,3,0.003,1e-05,0.001,0.8667377017447562,0.8280970107043917,599.7076923847198,0.8980937630968129,0.8556396068987033,0.8868058769029219,0.8529596487850544,4.0
temperature_min,outer_3,streed,4,20,3,0.001,0.1,0.1,0.8041981332755409,1.2173384740388953,599.710376739502,1.1761356739949047,0.8109469019661144,1.1036192181828657,0.8170100563429886,8.0
temperature_min,outer_3,streed,4,20,3,0.001,0.1,0.001,0.8552563042722646,0.8992657110873931,599.707896232605,0.9237887926631232,0.8515093649113284,0.9025626461150208,0.8503470354281704,4.0
temperature_min,outer_3,streed,4,20,3,0.001,0.01,0.1,0.8101200372625982,1.1808354828524248,599.7129859924316,1.1455428055093229,0.8158644269530894,1.0750676679010385,0.8217441589132524,8.0
temperature_min,outer_3,streed,4,20,3,0.001,0.01,0.001,0.8674269162806869,0.823451530608137,599.7069034576416,0.8979749801149371,0.8556587001812335,0.8899091809352552,0.8524450932022309,4.0
temperature_min,outer_3,streed,4,20,3,0.001,0.001,0.1,0.8149922015887879,1.151552984898211,599.7147235870361,1.1430340266475278,0.8162676903066217,1.0732744851202412,0.8220414846671161,8.0
temperature_min,outer_3,streed,4,20,3,0.001,0.001,0.001,0.8670469414127296,0.8261096567700011,599.7077851295471,0.8977897409788634,0.8556884756853068,0.8861339008091512,0.8530710684355208,4.0
temperature_min,outer_3,streed,4,20,3,0.001,0.0001,0.1,0.8150531354347214,1.1511769874781608,599.7126924991608,1.1427629954865983,0.8163112560973467,1.0731039001677862,0.8220697691789516,8.0
temperature_min,outer_3,streed,4,20,3,0.001,0.0001,0.001,0.8667695165997951,0.8278910050163533,599.7079741954803,0.8980647376563672,0.8556442724739082,0.8867456517049012,0.8529696346618958,4.0
temperature_min,outer_3,streed,4,20,3,0.001,1e-05,0.1,0.8150587248135842,1.151142391209597,599.7133305072784,1.1427358625174824,0.8163156174750208,1.0730868798909197,0.8220725912931858,8.0
temperature_min,outer_3,streed,4,20,3,0.001,1e-05,0.001,0.8667377017447562,0.8280970107043917,599.7067995071411,0.8980937630968129,0.8556396068987033,0.8868058769029219,0.8529596487850544,4.0
temperature_min,outer_3,streed,4,20,3,0.0005,0.1,0.1,0.8041981332755409,1.2173384740388953,599.7082147598267,1.1761356739949047,0.8109469019661144,1.1036192181828657,0.8170100563429886,8.0
temperature_min,outer_3,streed,4,20,3,0.0005,0.1,0.001,0.8552563042722646,0.8992657110873931,599.7069294452667,0.9237887926631232,0.8515093649113284,0.9025626461150208,0.8503470354281704,4.0
temperature_min,outer_3,streed,4,20,3,0.0005,0.01,0.1,0.8101200372625982,1.1808354828524248,599.7075021266937,1.1455428055093229,0.8158644269530894,1.0750676679010385,0.8217441589132524,8.0
temperature_min,outer_3,streed,4,20,3,0.0005,0.01,0.001,0.8674269162806869,0.823451530608137,599.7066748142242,0.8979749801149371,0.8556587001812335,0.8899091809352552,0.8524450932022309,4.0
temperature_min,outer_3,streed,4,20,3,0.0005,0.001,0.1,0.8149922015887879,1.151552984898211,599.7084493637085,1.1430340266475278,0.8162676903066217,1.0732744851202412,0.8220414846671161,8.0
temperature_min,outer_3,streed,4,20,3,0.0005,0.001,0.001,0.8670469414127296,0.8261096567700011,599.7016434669495,0.8977897409788634,0.8556884756853068,0.8861339008091512,0.8530710684355208,4.0
temperature_min,outer_3,streed,4,20,3,0.0005,0.0001,0.1,0.8150531354347214,1.1511769874781608,599.7079846858978,1.1427629954865983,0.8163112560973467,1.0731039001677862,0.8220697691789516,8.0
temperature_min,outer_3,streed,4,20,3,0.0005,0.0001,0.001,0.8667695165997951,0.8278910050163533,599.7019238471985,0.8980647376563672,0.8556442724739082,0.8867456517049012,0.8529696346618958,4.0
temperature_min,outer_3,streed,4,20,3,0.0005,1e-05,0.1,0.8150587248135842,1.151142391209597,599.7041172981262,1.1427358625174824,0.8163156174750208,1.0730868798909197,0.8220725912931858,8.0
temperature_min,outer_3,streed,4,20,3,0.0005,1e-05,0.001,0.8667377017447562,0.8280970107043917,599.7015678882599,0.8980937630968129,0.8556396068987033,0.8868058769029219,0.8529596487850544,4.0
temperature_min,outer_3,streed,4,20,3,0.0001,0.1,0.1,0.8041981332755409,1.2173384740388953,599.7066252231598,1.1761356739949047,0.8109469019661144,1.1036192181828657,0.8170100563429886,8.0
temperature_min,outer_3,streed,4,20,3,0.0001,0.1,0.001,0.8552563042722646,0.8992657110873931,599.7039601802826,0.9237887926631232,0.8515093649113284,0.9025626461150208,0.8503470354281704,4.0
temperature_min,outer_3,streed,4,20,3,0.0001,0.01,0.1,0.8101200372625982,1.1808354828524248,599.7063879966736,1.1455428055093229,0.8158644269530894,1.0750676679010385,0.8217441589132524,8.0
temperature_min,outer_3,streed,4,20,3,0.0001,0.01,0.001,0.8674269162806869,0.823451530608137,599.7026953697205,0.8979749801149371,0.8556587001812335,0.8899091809352552,0.8524450932022309,4.0
temperature_min,outer_3,streed,4,20,3,0.0001,0.001,0.1,0.8149922015887879,1.151552984898211,599.7060503959656,1.1430340266475278,0.8162676903066217,1.0732744851202412,0.8220414846671161,8.0
temperature_min,outer_3,streed,4,20,3,0.0001,0.001,0.001,0.8670469414127296,0.8261096567700011,599.7033812999725,0.8977897409788634,0.8556884756853068,0.8861339008091512,0.8530710684355208,4.0
temperature_min,outer_3,streed,4,20,3,0.0001,0.0001,0.1,0.8150531354347214,1.1511769874781608,599.7065918445587,1.1427629954865983,0.8163112560973467,1.0731039001677862,0.8220697691789516,8.0
temperature_min,outer_3,streed,4,20,3,0.0001,0.0001,0.001,0.8667695165997951,0.8278910050163533,599.7079613208771,0.8980647376563672,0.8556442724739082,0.8867456517049012,0.8529696346618958,4.0
temperature_min,outer_3,streed,4,20,3,0.0001,1e-05,0.1,0.8150587248135842,1.151142391209597,599.7065668106079,1.1427358625174824,0.8163156174750208,1.0730868798909197,0.8220725912931858,8.0
temperature_min,outer_3,streed,4,20,3,0.0001,1e-05,0.001,0.8667377017447562,0.8280970107043917,599.7018928527832,0.8980937630968129,0.8556396068987033,0.8868058769029219,0.8529596487850544,4.0
temperature_min,outer_4,streed,4,20,3,0.1,0.1,0.1,0.8094682361343318,1.184139863681314,599.7813696861267,1.181916016658525,0.8098320191984701,1.1271671658747129,0.8137536760271348,1.0
temperature_min,outer_4,streed,4,20,3,0.1,0.1,0.001,0.8190472169239073,1.1246784763974138,240.57274293899536,1.1162194335205573,0.8204024712312872,1.0839595520795509,0.8208930422902952,1.0
temperature_min,outer_4,streed,4,20,3,0.1,0.01,0.1,0.8075387850069151,1.195933015637397,214.9009475708008,1.191190198002274,0.8083398215170189,1.1448673480477929,0.8108290043695568,1.0
temperature_min,outer_4,streed,4,20,3,0.1,0.01,0.001,0.8111659787983063,1.1733000430341765,1.3246774673461914,1.1628211932545156,0.8129043390243478,1.1412203686081732,0.8114316093200893,1.0
temperature_min,outer_4,streed,4,20,3,0.1,0.001,0.1,0.8070639851277522,1.198854372544619,215.7819986343384,1.193759999765052,0.8079263454278554,1.148149828261832,0.8102866270790472,1.0
temperature_min,outer_4,streed,4,20,3,0.1,0.001,0.001,0.8097453417875903,1.182092212515115,1.3539657592773438,1.1705103841705164,0.811667163209921,1.1472748488634994,0.810431203412909,1.0
temperature_min,outer_4,streed,4,20,3,0.1,0.0001,0.1,0.8070117080205654,1.1991763311662302,216.03584122657776,1.194045830306245,0.8078803558515201,1.1485048535340296,0.8102279648381072,1.0
temperature_min,outer_4,streed,4,20,3,0.1,0.0001,0.001,0.8095988753157276,1.1829985311986255,1.3510792255401611,1.1713867856573563,0.8115261519208153,1.148210771912184,0.8102765571167638,1.0
temperature_min,outer_4,streed,4,20,3,0.1,1e-05,0.1,0.8070064313511548,1.1992088314186986,216.60549569129944,1.1940747077819909,0.8078757095220213,1.148540628909482,0.810222053530212,1.0
temperature_min,outer_4,streed,4,20,3,0.1,1e-05,0.001,0.809584149733474,1.1830896537571158,1.3622221946716309,1.1714749073249096,0.8115119733164583,1.1483048161694605,0.8102610178092513,1.0
temperature_min,outer_4,streed,4,20,3,0.08,0.1,0.1,0.8094682361343318,1.184139863681314,599.7376236915588,1.181916016658525,0.8098320191984701,1.1271671658747129,0.8137536760271348,1.0
temperature_min,outer_4,streed,4,20,3,0.08,0.1,0.001,0.8190472169239073,1.1246784763974138,238.75005984306333,1.1162194335205573,0.8204024712312872,1.0839595520795509,0.8208930422902952,1.0
temperature_min,outer_4,streed,4,20,3,0.08,0.01,0.1,0.8075387850069151,1.195933015637397,599.7362372875214,1.191190198002274,0.8083398215170189,1.1448673480477929,0.8108290043695568,1.0
temperature_min,outer_4,streed,4,20,3,0.08,0.01,0.001,0.8111659787983063,1.1733000430341765,238.62824654579163,1.1628211932545156,0.8129043390243478,1.1412203686081732,0.8114316093200893,1.0
temperature_min,outer_4,streed,4,20,3,0.08,0.001,0.1,0.8070639851277522,1.198854372544619,599.7333521842957,1.193759999765052,0.8079263454278554,1.148149828261832,0.8102866270790472,1.0
temperature_min,outer_4,streed,4,20,3,0.08,0.001,0.001,0.8097453417875903,1.182092212515115,240.94108772277832,1.1705103841705164,0.811667163209921,1.1472748488634994,0.810431203412909,1.0
temperature_min,outer_4,streed,4,20,3,0.08,0.0001,0.1,0.8070117080205654,1.1991763311662302,599.6150929927826,1.194045830306245,0.8078803558515201,1.1485048535340296,0.8102279648381072,1.0
temperature_min,outer_4,streed,4,20,3,0.08,0.0001,0.001,0.8095988753157276,1.1829985311986255,252.7996506690979,1.1713867856573563,0.8115261519208153,1.148210771912184,0.8102765571167638,1.0
temperature_min,outer_4,streed,4,20,3,0.08,1e-05,0.1,0.8070064313511548,1.1992088314186986,599.7144119739532,1.1940747077819909,0.8078757095220213,1.148540628909482,0.810222053530212,1.0
temperature_min,outer_4,streed,4,20,3,0.08,1e-05,0.001,0.809584149733474,1.1830896537571158,249.1202156543732,1.1714749073249096,0.8115119733164583,1.1483048161694605,0.8102610178092513,1.0
temperature_min,outer_4,streed,4,20,3,0.05,0.1,0.1,0.8094682361343318,1.184139863681314,599.7165169715881,1.181916016658525,0.8098320191984701,1.1271671658747129,0.8137536760271348,1.0
temperature_min,outer_4,streed,4,20,3,0.05,0.1,0.001,0.8190472169239073,1.1246784763974138,599.7169153690338,1.1162194335205573,0.8204024712312872,1.0839595520795509,0.8208930422902952,1.0
temperature_min,outer_4,streed,4,20,3,0.05,0.01,0.1,0.8075387850069151,1.195933015637397,599.7022125720978,1.191190198002274,0.8083398215170189,1.1448673480477929,0.8108290043695568,1.0
temperature_min,outer_4,streed,4,20,3,0.05,0.01,0.001,0.8111659787983063,1.1733000430341765,599.7017335891724,1.1628211932545156,0.8129043390243478,1.1412203686081732,0.8114316093200893,1.0
temperature_min,outer_4,streed,4,20,3,0.05,0.001,0.1,0.8070639851277522,1.198854372544619,599.7172763347626,1.193759999765052,0.8079263454278554,1.148149828261832,0.8102866270790472,1.0
temperature_min,outer_4,streed,4,20,3,0.05,0.001,0.001,0.8097453417875903,1.182092212515115,599.7122957706451,1.1705103841705164,0.811667163209921,1.1472748488634994,0.810431203412909,1.0
temperature_min,outer_4,streed,4,20,3,0.05,0.0001,0.1,0.8070117080205654,1.1991763311662302,599.7170088291168,1.194045830306245,0.8078803558515201,1.1485048535340296,0.8102279648381072,1.0
temperature_min,outer_4,streed,4,20,3,0.05,0.0001,0.001,0.8095988753157276,1.1829985311986255,599.7157816886902,1.1713867856573563,0.8115261519208153,1.148210771912184,0.8102765571167638,1.0
temperature_min,outer_4,streed,4,20,3,0.05,1e-05,0.1,0.8070064313511548,1.1992088314186986,599.7189221382141,1.1940747077819909,0.8078757095220213,1.148540628909482,0.810222053530212,1.0
temperature_min,outer_4,streed,4,20,3,0.05,1e-05,0.001,0.809584149733474,1.1830896537571158,599.7183601856232,1.1714749073249096,0.8115119733164583,1.1483048161694605,0.8102610178092513,1.0
temperature_min,outer_4,streed,4,20,3,0.03,0.1,0.1,0.8094682361343318,1.184139863681314,599.7164347171783,1.181916016658525,0.8098320191984701,1.1271671658747129,0.8137536760271348,1.0
temperature_min,outer_4,streed,4,20,3,0.03,0.1,0.001,0.8190472169239073,1.1246784763974138,599.7128486633301,1.1162194335205573,0.8204024712312872,1.0839595520795509,0.8208930422902952,1.0
temperature_min,outer_4,streed,4,20,3,0.03,0.01,0.1,0.8101987747890828,1.178647593588894,599.7187724113464,1.191190198002274,0.8083398215170189,1.1448673480477929,0.8108290043695568,1.0
temperature_min,outer_4,streed,4,20,3,0.03,0.01,0.001,0.8111659787983063,1.1733000430341765,599.717413187027,1.1628211932545156,0.8129043390243478,1.1412203686081732,0.8114316093200893,1.0
temperature_min,outer_4,streed,4,20,3,0.03,0.001,0.1,0.8100468177964388,1.179471019298692,599.7161774635315,1.193759999765052,0.8079263454278554,1.148149828261832,0.8102866270790472,1.0
temperature_min,outer_4,streed,4,20,3,0.03,0.001,0.001,0.8097453417875903,1.182092212515115,599.7168579101562,1.1705103841705164,0.811667163209921,1.1472748488634994,0.810431203412909,1.0
temperature_min,outer_4,streed,4,20,3,0.03,0.0001,0.1,0.8123952560598949,1.1656742291661504,599.7140617370605,1.194045830306245,0.8078803558515201,1.1485048535340296,0.8102279648381072,1.0
temperature_min,outer_4,streed,4,20,3,0.03,0.0001,0.001,0.8095988753157276,1.1829985311986255,599.7173628807068,1.1713867856573563,0.8115261519208153,1.148210771912184,0.8102765571167638,1.0
temperature_min,outer_4,streed,4,20,3,0.03,1e-05,0.1,0.8123958271135111,1.1656716724991203,599.713826417923,1.1940747077819909,0.8078757095220213,1.148540628909482,0.810222053530212,1.0
temperature_min,outer_4,streed,4,20,3,0.03,1e-05,0.001,0.809584149733474,1.1830896537571158,599.7139613628387,1.1714749073249096,0.8115119733164583,1.1483048161694605,0.8102610178092513,1.0
temperature_min,outer_4,streed,4,20,3,0.01,0.1,0.1,0.800607771838822,1.2399085687583522,599.7176957130432,1.187730293831641,0.8088965133467448,1.1558399645510964,0.8090159552052668,5.0
temperature_min,outer_4,streed,4,20,3,0.01,0.1,0.001,0.8382104956337674,1.0064319742222347,599.7109017372131,0.938742049299505,0.8489582360399182,0.9198625061545134,0.8480074513181943,3.0
temperature_min,outer_4,streed,4,20,3,0.01,0.01,0.1,0.8027467982193811,1.2272112276135834,599.7170968055725,1.1550413427687722,0.8141561017866414,1.1239679294953482,0.8142822986070114,5.0
temperature_min,outer_4,streed,4,20,3,0.01,0.01,0.001,0.8426689202302908,0.9756751392358464,599.7147333621979,0.9449739552716953,0.847955534529343,0.9584603538016914,0.8416297750912852,3.0
temperature_min,outer_4,streed,4,20,3,0.01,0.001,0.1,0.8033626703438491,1.223366572181808,599.7180442810059,1.1518319014427107,0.8146724946334053,1.1209276508650752,0.8147846559643623,5.0
temperature_min,outer_4,streed,4,20,3,0.01,0.001,0.001,0.8417301568414274,0.9812902577506644,599.7171359062195,0.9440894524835138,0.8480978493020266,0.9320999671369185,0.8459854068586525,3.0
temperature_min,outer_4,streed,4,20,3,0.01,0.0001,0.1,0.8034243032707704,1.22298160597553,599.7172071933746,1.1515094232083305,0.8147243807520637,1.1206259782025445,0.814834502540931,5.0
temperature_min,outer_4,streed,4,20,3,0.01,0.0001,0.001,0.8416239100884669,0.9819259067196472,599.7177364826202,0.9442891744243044,0.8480657144314718,0.9326091704885776,0.8459012691590526,3.0
temperature_min,outer_4,streed,4,20,3,0.01,1e-05,0.1,0.8034304565641467,1.2229431702245093,599.7176818847656,1.1514771650844209,0.8147295710212552,1.1205958410130827,0.8148394822288797,5.0
temperature_min,outer_4,streed,4,20,3,0.01,1e-05,0.001,0.8416123993383824,0.9819951608358404,599.7117991447449,0.944310892163092,0.8480622200896788,0.9326622016537208,0.8458925066082413,3.0
temperature_min,outer_4,streed,4,20,3,0.008,0.1,0.1,0.8014258706011855,1.2345923143578224,599.7152724266052,1.187730293831641,0.8088965133467448,1.1558399645510964,0.8090159552052668,5.0
temperature_min,outer_4,streed,4,20,3,0.008,0.1,0.001,0.842133421861,0.9809396073126136,599.7093603610992,0.938742049299505,0.8489582360399182,0.9198625061545134,0.8480074513181943,3.0
temperature_min,outer_4,streed,4,20,3,0.008,0.01,0.1,0.8079147301431062,1.1942224458342867,599.7127742767334,1.1550413427687722,0.8141561017866414,1.1239679294953482,0.8142822986070114,5.0
temperature_min,outer_4,streed,4,20,3,0.008,0.01,0.001,0.847330886699702,0.94829836442387,599.7170865535736,0.8842935957496854,0.8577188859705356,0.892320433325155,0.8525583378010171,4.0
temperature_min,outer_4,streed,4,20,3,0.008,0.001,0.1,0.8084570277465506,1.1908422217555392,599.7111783027649,1.1518319014427107,0.8146724946334053,1.1209276508650752,0.8147846559643623,5.0
temperature_min,outer_4,streed,4,20,3,0.008,0.001,0.001,0.8520768900197443,0.918715100389505,599.7184615135193,0.8854462014581086,0.8575334339611358,0.8972590660605582,0.8517423078275862,4.0
temperature_min,outer_4,streed,4,20,3,0.008,0.0001,0.1,0.8085103074003284,1.190509978818394,599.7136583328247,1.1515094232083305,0.8147243807520637,1.1206259782025445,0.814834502540931,5.0
temperature_min,outer_4,streed,4,20,3,0.008,0.0001,0.001,0.8516370752972681,0.9213100627985078,599.7160081863403,0.8857045275673238,0.8574918697942361,0.8978917706535704,0.8516377635255724,4.0
temperature_min,outer_4,streed,4,20,3,0.008,1e-05,0.1,0.8085156240448398,1.1904768235605083,599.7095890045166,1.1514771650844209,0.8147295710212552,1.1205958410130827,0.8148394822288797,5.0
temperature_min,outer_4,streed,4,20,3,0.008,1e-05,0.001,0.8516318908638078,0.921342238187582,599.7155032157898,0.885732400299602,0.8574873851260008,0.8979575988333783,0.851626886473016,4.0
temperature_min,outer_4,streed,4,20,3,0.005,0.1,0.1,0.8047373607174187,1.2132429310777912,599.7091813087463,1.1744470272185312,0.8110337650250875,1.201996969056692,0.8013892493580511,7.0
temperature_min,outer_4,streed,4,20,3,0.005,0.1,0.001,0.8499400816741444,0.9314356300805324,599.7082118988037,0.9332673174501182,0.849839109711612,0.929506654474272,0.8464139102474604,4.0
temperature_min,outer_4,streed,4,20,3,0.005,0.01,0.1,0.8093584589881369,1.184828571534884,599.7077331542969,1.136763687401885,0.8170969408698903,1.15946075518698,0.8084176775351704,6.0
temperature_min,outer_4,streed,4,20,3,0.005,0.01,0.001,0.8664807900235054,0.8286475328055153,599.7066988945007,0.8842935957496854,0.8577188859705356,0.892320433325155,0.8525583378010171,4.0
temperature_min,outer_4,streed,4,20,3,0.005,0.001,0.1,0.8111727285585557,1.1734207933976792,599.7064006328583,1.1335607163145356,0.8176122926678707,1.156321644219148,0.8089363653536253,6.0
temperature_min,outer_4,streed,4,20,3,0.005,0.001,0.001,0.8663597268320866,0.8289772130698855,599.7058329582214,0.8854462014581086,0.8575334339611358,0.8972590660605582,0.8517423078275862,4.0
temperature_min,outer_4,streed,4,20,3,0.005,0.0001,0.1,0.811220109515082,1.17312566816119,599.7007720470428,1.13323550588766,0.8176646183909703,1.1560068061018547,0.8089883873107651,6.0
temperature_min,outer_4,streed,4,20,3,0.005,0.0001,0.001,0.8662268351796295,0.8298450241671745,599.7037718296051,0.8857045275673238,0.8574918697942361,0.8978917706535704,0.8516377635255724,4.0
temperature_min,outer_4,streed,4,20,3,0.005,1e-05,0.1,0.8112248370543199,1.1730962192530208,599.700263261795,1.133202936202135,0.8176698587898178,1.1559753162642492,0.8089935905021586,6.0
temperature_min,outer_4,streed,4,20,3,0.005,1e-05,0.001,0.8662025181385813,0.8299973690015984,599.7025599479675,0.885732400299602,0.8574873851260008,0.8979575988333783,0.851626886473016,4.0
temperature_min,outer_4,streed,4,20,3,0.003,0.1,0.1,0.8092607337704049,1.1851874762517691,599.69921708107,1.1639301644644924,0.8127259077206037,1.1917385013786082,0.8030842968651837,8.0
temperature_min,outer_4,streed,4,20,3,0.003,0.1,0.001,0.8533969442872381,0.9108106234772748,599.7031636238098,0.9332673174501182,0.849839109711612,0.929506654474272,0.8464139102474604,4.0
temperature_min,outer_4,streed,4,20,3,0.003,0.01,0.1,0.8179271075112339,1.1330599415506706,599.7030811309814,1.1350855462427172,0.8173669505078348,1.1724737275509594,0.806267492238679,8.0
temperature_min,outer_4,streed,4,20,3,0.003,0.01,0.001,0.8680758400980121,0.8192808144925218,599.7029824256897,0.8842935957496854,0.8577188859705356,0.892320433325155,0.8525583378010171,4.0
temperature_min,outer_4,streed,4,20,3,0.003,0.001,0.1,0.8182913334553895,1.130801093651846,599.7042214870453,1.1198425654421704,0.8198195163749357,1.1435923924134854,0.8110396703712887,8.0
temperature_min,outer_4,streed,4,20,3,0.003,0.001,0.001,0.8678696556334984,0.8201103580528892,599.7039656639099,0.8854462014581086,0.8575334339611358,0.8972590660605582,0.8517423078275862,4.0
temperature_min,outer_4,streed,4,20,3,0.003,0.0001,0.1,0.817234330144076,1.136996308936384,599.7030668258667,1.1195537014512906,0.8198659940274065,1.1433308424191124,0.8110828873194591,8.0
temperature_min,outer_4,streed,4,20,3,0.003,0.0001,0.001,0.8677221683183238,0.8210638802281248,599.7039184570312,0.8857045275673238,0.8574918697942361,0.8978917706535704,0.8516377635255724,4.0
temperature_min,outer_4,streed,4,20,3,0.003,1e-05,0.1,0.8172381406906374,1.1369727438296329,599.708074092865,1.1195248249760483,0.819870640195926,1.1433047039664812,0.8110872062801815,8.0
temperature_min,outer_4,streed,4,20,3,0.003,1e-05,0.001,0.8676963336699585,0.8212251370086231,599.7032334804535,0.885732400299602,0.8574873851260008,0.8979575988333783,0.851626886473016,4.0
temperature_min,outer_4,streed,4,20,3,0.001,0.1,0.1,0.8092607337704049,1.1851874762517691,599.7086780071259,1.1639301644644924,0.8127259077206037,1.1917385013786082,0.8030842968651837,8.0
temperature_min,outer_4,streed,4,20,3,0.001,0.1,0.001,0.8533969442872381,0.9108106234772748,599.7039868831635,0.9332673174501182,0.849839109711612,0.929506654474272,0.8464139102474604,4.0
temperature_min,outer_4,streed,4,20,3,0.001,0.01,0.1,0.8179271075112339,1.1330599415506706,599.7037968635559,1.1350855462427172,0.8173669505078348,1.1724737275509594,0.806267492238679,8.0
temperature_min,outer_4,streed,4,20,3,0.001,0.01,0.001,0.8680758400980121,0.8192808144925218,599.7045216560364,0.8842935957496854,0.8577188859705356,0.892320433325155,0.8525583378010171,4.0
temperature_min,outer_4,streed,4,20,3,0.001,0.001,0.1,0.8171961106394682,1.1372326432129922,599.7039334774017,1.1198425654421704,0.8198195163749357,1.1435923924134854,0.8110396703712887,8.0
temperature_min,outer_4,streed,4,20,3,0.001,0.001,0.001,0.8678696556334984,0.8201103580528892,599.7024629116058,0.8854462014581086,0.8575334339611358,0.8972590660605582,0.8517423078275862,4.0
temperature_min,outer_4,streed,4,20,3,0.001,0.0001,0.1,0.817234330144076,1.136996308936384,599.70432305336,1.1195537014512906,0.8198659940274065,1.1433308424191124,0.8110828873194591,8.0
temperature_min,outer_4,streed,4,20,3,0.001,0.0001,0.001,0.8677221683183238,0.8210638802281248,599.7056503295898,0.8857045275673238,0.8574918697942361,0.8978917706535704,0.8516377635255724,4.0
temperature_min,outer_4,streed,4,20,3,0.001,1e-05,0.1,0.8172381406906374,1.1369727438296329,599.7037036418915,1.1195248249760483,0.819870640195926,1.1433047039664812,0.8110872062801815,8.0
temperature_min,outer_4,streed,4,20,3,0.001,1e-05,0.001,0.8676963336699585,0.8212251370086231,599.7039141654968,0.885732400299602,0.8574873851260008,0.8979575988333783,0.851626886473016,4.0
temperature_min,outer_4,streed,4,20,3,0.0005,0.1,0.1,0.8092607337704049,1.1851874762517691,599.7045829296112,1.1639301644644924,0.8127259077206037,1.1917385013786082,0.8030842968651837,8.0
temperature_min,outer_4,streed,4,20,3,0.0005,0.1,0.001,0.8533969442872381,0.9108106234772748,599.6984655857086,0.9332673174501182,0.849839109711612,0.929506654474272,0.8464139102474604,4.0
temperature_min,outer_4,streed,4,20,3,0.0005,0.01,0.1,0.8179271075112339,1.1330599415506706,599.7039904594421,1.1350855462427172,0.8173669505078348,1.1724737275509594,0.806267492238679,8.0
temperature_min,outer_4,streed,4,20,3,0.0005,0.01,0.001,0.8680758400980121,0.8192808144925218,599.7021594047546,0.8842935957496854,0.8577188859705356,0.892320433325155,0.8525583378010171,4.0
temperature_min,outer_4,streed,4,20,3,0.0005,0.001,0.1,0.8171961106394682,1.1372326432129922,599.703578710556,1.1198425654421704,0.8198195163749357,1.1435923924134854,0.8110396703712887,8.0
temperature_min,outer_4,streed,4,20,3,0.0005,0.001,0.001,0.8678696556334984,0.8201103580528892,599.7023692131042,0.8854462014581086,0.8575334339611358,0.8972590660605582,0.8517423078275862,4.0
temperature_min,outer_4,streed,4,20,3,0.0005,0.0001,0.1,0.817234330144076,1.136996308936384,599.7016742229462,1.1195537014512906,0.8198659940274065,1.1433308424191124,0.8110828873194591,8.0
temperature_min,outer_4,streed,4,20,3,0.0005,0.0001,0.001,0.8677221683183238,0.8210638802281248,599.7040257453918,0.8857045275673238,0.8574918697942361,0.8978917706535704,0.8516377635255724,4.0
temperature_min,outer_4,streed,4,20,3,0.0005,1e-05,0.1,0.8172381406906374,1.1369727438296329,599.7036318778992,1.1195248249760483,0.819870640195926,1.1433047039664812,0.8110872062801815,8.0
temperature_min,outer_4,streed,4,20,3,0.0005,1e-05,0.001,0.8676963336699585,0.8212251370086231,599.7059268951416,0.885732400299602,0.8574873851260008,0.8979575988333783,0.851626886473016,4.0
temperature_min,outer_4,streed,4,20,3,0.0001,0.1,0.1,0.8092607337704049,1.1851874762517691,599.7047719955444,1.1639301644644924,0.8127259077206037,1.1917385013786082,0.8030842968651837,8.0
temperature_min,outer_4,streed,4,20,3,0.0001,0.1,0.001,0.8533969442872381,0.9108106234772748,599.7079172134399,0.9332673174501182,0.849839109711612,0.929506654474272,0.8464139102474604,4.0
temperature_min,outer_4,streed,4,20,3,0.0001,0.01,0.1,0.8179271075112339,1.1330599415506706,599.7013945579529,1.1350855462427172,0.8173669505078348,1.1724737275509594,0.806267492238679,8.0
temperature_min,outer_4,streed,4,20,3,0.0001,0.01,0.001,0.8680758400980121,0.8192808144925218,599.708203792572,0.8842935957496854,0.8577188859705356,0.892320433325155,0.8525583378010171,4.0
temperature_min,outer_4,streed,4,20,3,0.0001,0.001,0.1,0.8171961106394682,1.1372326432129922,599.7041561603546,1.1198425654421704,0.8198195163749357,1.1435923924134854,0.8110396703712887,8.0
temperature_min,outer_4,streed,4,20,3,0.0001,0.001,0.001,0.8678696556334984,0.8201103580528892,599.7048463821411,0.8854462014581086,0.8575334339611358,0.8972590660605582,0.8517423078275862,4.0
temperature_min,outer_4,streed,4,20,3,0.0001,0.0001,0.1,0.817234330144076,1.136996308936384,599.7048447132111,1.1195537014512906,0.8198659940274065,1.1433308424191124,0.8110828873194591,8.0
temperature_min,outer_4,streed,4,20,3,0.0001,0.0001,0.001,0.8677221683183238,0.8210638802281248,599.7030899524689,0.8857045275673238,0.8574918697942361,0.8978917706535704,0.8516377635255724,4.0
temperature_min,outer_4,streed,4,20,3,0.0001,1e-05,0.1,0.8172381406906374,1.1369727438296329,599.7016797065735,1.1195248249760483,0.819870640195926,1.1433047039664812,0.8110872062801815,8.0
temperature_min,outer_4,streed,4,20,3,0.0001,1e-05,0.001,0.8676963336699585,0.8212251370086231,599.7038929462433,0.885732400299602,0.8574873851260008,0.8979575988333783,0.851626886473016,4.0
temperature_min,mean,streed,4,20,3,0.0001,1e-05,0.001,0.8661876472414578,0.8268550815787858,599.7075331687927,0.8853636930794112,0.8568050844846905,0.9121668283679361,0.852352690284388,4.0
temperature_min,mean,streed,4,20,3,0.0001,1e-05,0.1,0.8154041667477785,1.1418838024244617,599.7087566375733,1.1033952148301014,0.8215377631864724,1.1472182814420753,0.814416074907476,8.0
temperature_min,mean,streed,4,20,3,0.0001,0.0001,0.001,0.866061428067342,0.8276290969736355,599.7095259666443,0.8853363664968988,0.8568095017596831,0.9121271193992602,0.852359246231727,4.0
temperature_min,mean,streed,4,20,3,0.0001,0.0001,0.1,0.8153994696514676,1.1419127861261238,599.7104162216186,1.103423168093881,0.8215332426522621,1.1472468959457147,0.8144114572567729,8.0
temperature_min,mean,streed,4,20,3,0.0001,0.001,0.001,0.8664233297780386,0.8254105931192843,599.7077066898346,0.8851125647343577,0.856845590768145,0.9091686383732537,0.8528454960051756,4.0
temperature_min,mean,streed,4,20,3,0.0001,0.001,0.1,0.8153514479992341,1.1422088874549705,599.7095269680024,1.1037028121423822,0.8214880192480287,1.147533280659395,0.8143652414420727,8.0
temperature_min,mean,streed,4,20,3,0.0001,0.01,0.001,0.8680468343233549,0.8154194686376808,599.7041154384613,0.8847625012522957,0.856902690834831,0.9138622130593778,0.8520806609895946,4.0
temperature_min,mean,streed,4,20,3,0.0001,0.01,0.1,0.813917247257303,1.1509696349584426,599.7045822620391,1.1089575312196722,0.8206402347143056,1.1554070932726757,0.8130750838872058,8.0
temperature_min,mean,streed,4,20,3,0.0001,0.1,0.001,0.8550249910628652,0.8956962955562657,599.7045288562774,0.9256813595649941,0.8502730156255597,0.9603502580694648,0.8446868791416298,4.0
temperature_min,mean,streed,4,20,3,0.0001,0.1,0.1,0.8067430677644408,1.1947038758012534,599.7078678607941,1.1569332745005059,0.8128839256223037,1.2044962381585524,0.8051633871674634,8.0
temperature_min,mean,streed,4,20,3,0.0005,1e-05,0.001,0.8661876472414578,0.8268550815787858,599.7054435729981,0.8853636930794112,0.8568050844846905,0.9121668283679361,0.852352690284388,4.0
temperature_min,mean,streed,4,20,3,0.0005,1e-05,0.1,0.8154041667477785,1.1418838024244617,599.7067274093628,1.1033952148301014,0.8215377631864724,1.1472182814420753,0.814416074907476,8.0
temperature_min,mean,streed,4,20,3,0.0005,0.0001,0.001,0.866061428067342,0.8276290969736355,599.7032923221589,0.8853363664968988,0.8568095017596831,0.9121271193992602,0.852359246231727,4.0
temperature_min,mean,streed,4,20,3,0.0005,0.0001,0.1,0.8153994696514676,1.1419127861261238,599.7032539367676,1.103423168093881,0.8215332426522621,1.1472468959457147,0.8144114572567729,8.0
temperature_min,mean,streed,4,20,3,0.0005,0.001,0.001,0.8664233297780386,0.8254105931192843,599.7095691204071,0.8851125647343577,0.856845590768145,0.9091686383732537,0.8528454960051756,4.0
temperature_min,mean,streed,4,20,3,0.0005,0.001,0.1,0.8153514479992341,1.1422088874549705,599.7098186016083,1.1037028121423822,0.8214880192480287,1.147533280659395,0.8143652414420727,8.0
temperature_min,mean,streed,4,20,3,0.0005,0.01,0.001,0.8680468343233549,0.8154194686376808,599.7123697280883,0.8847625012522957,0.856902690834831,0.9138622130593778,0.8520806609895946,4.0
temperature_min,mean,streed,4,20,3,0.0005,0.01,0.1,0.8139083354538978,1.1510282098374893,599.7105150222778,1.1089575312196722,0.8206402347143056,1.1554070932726757,0.8130750838872058,8.0
temperature_min,mean,streed,4,20,3,0.0005,0.1,0.001,0.8550249910628652,0.8956962955562657,599.7075896263123,0.9256813595649941,0.8502730156255597,0.9603502580694648,0.8446868791416298,4.0
temperature_min,mean,streed,4,20,3,0.0005,0.1,0.1,0.8067430677644408,1.1947038758012534,599.7054448604583,1.1569332745005059,0.8128839256223037,1.2044962381585524,0.8051633871674634,8.0
temperature_min,mean,streed,4,20,3,0.001,1e-05,0.001,0.8661876472414578,0.8268550815787858,599.7099627017975,0.8853636930794112,0.8568050844846905,0.9121668283679361,0.852352690284388,4.0
temperature_min,mean,streed,4,20,3,0.001,1e-05,0.1,0.8154041667477785,1.1418838024244617,599.7117255687714,1.1033952148301014,0.8215377631864724,1.1472182814420753,0.814416074907476,8.0
temperature_min,mean,streed,4,20,3,0.001,0.0001,0.001,0.866061428067342,0.8276290969736355,599.7112473487854,0.8853363664968988,0.8568095017596831,0.9121271193992602,0.852359246231727,4.0
temperature_min,mean,streed,4,20,3,0.001,0.0001,0.1,0.8153994696514676,1.1419127861261238,599.7109889030456,1.103423168093881,0.8215332426522621,1.1472468959457147,0.8144114572567729,8.0
temperature_min,mean,streed,4,20,3,0.001,0.001,0.001,0.8664233297780386,0.8254105931192843,599.7089325904847,0.8851125647343577,0.856845590768145,0.9091686383732537,0.8528454960051756,4.0
temperature_min,mean,streed,4,20,3,0.001,0.001,0.1,0.8153514479992341,1.1422088874549705,599.7102231025696,1.1037028121423822,0.8214880192480287,1.147533280659395,0.8143652414420727,8.0
temperature_min,mean,streed,4,20,3,0.001,0.01,0.001,0.8680468343233549,0.8154194686376808,599.7085381031036,0.8847625012522957,0.856902690834831,0.9138622130593778,0.8520806609895946,4.0
temperature_min,mean,streed,4,20,3,0.001,0.01,0.1,0.8139083354538978,1.1510282098374893,599.7116941452026,1.1089575312196722,0.8206402347143056,1.1554070932726757,0.8130750838872058,8.0
temperature_min,mean,streed,4,20,3,0.001,0.1,0.001,0.8550249910628652,0.8956962955562657,599.7098310947418,0.9256813595649941,0.8502730156255597,0.9603502580694648,0.8446868791416298,4.0
temperature_min,mean,streed,4,20,3,0.001,0.1,0.1,0.8067430677644408,1.1947038758012534,599.7113763332367,1.1569332745005059,0.8128839256223037,1.2044962381585524,0.8051633871674634,8.0
temperature_min,mean,streed,4,20,3,0.003,1e-05,0.001,0.8661876472414578,0.8268550815787858,599.7074591636658,0.8853636930794112,0.8568050844846905,0.9121668283679361,0.852352690284388,4.0
temperature_min,mean,streed,4,20,3,0.003,1e-05,0.1,0.8154041667477785,1.1418838024244617,599.7102863788605,1.1033952148301014,0.8215377631864724,1.1472182814420753,0.814416074907476,8.0
temperature_min,mean,streed,4,20,3,0.003,0.0001,0.001,0.866061428067342,0.8276290969736355,599.7088570594788,0.8853363664968988,0.8568095017596831,0.9121271193992602,0.852359246231727,4.0
temperature_min,mean,streed,4,20,3,0.003,0.0001,0.1,0.8153994696514676,1.1419127861261238,599.7074817180634,1.103423168093881,0.8215332426522621,1.1472468959457147,0.8144114572567729,8.0
temperature_min,mean,streed,4,20,3,0.003,0.001,0.001,0.8664233297780386,0.8254105931192843,599.7082868099212,0.8851125647343577,0.856845590768145,0.9091686383732537,0.8528454960051756,4.0
temperature_min,mean,streed,4,20,3,0.003,0.001,0.1,0.8155704925624183,1.1409225775427412,599.7083026885987,1.1037028121423822,0.8214880192480287,1.147533280659395,0.8143652414420727,8.0
temperature_min,mean,streed,4,20,3,0.003,0.01,0.001,0.8680468343233549,0.8154194686376808,599.7073313236236,0.8847625012522957,0.856902690834831,0.9138622130593778,0.8520806609895946,4.0
temperature_min,mean,streed,4,20,3,0.003,0.01,0.1,0.8139083354538978,1.1510282098374893,599.7076648712158,1.1089575312196722,0.8206402347143056,1.1554070932726757,0.8130750838872058,8.0
temperature_min,mean,streed,4,20,3,0.003,0.1,0.001,0.8550249910628652,0.8956962955562657,599.7088433265686,0.9256813595649941,0.8502730156255597,0.9603502580694648,0.8446868791416298,4.0
temperature_min,mean,streed,4,20,3,0.003,0.1,0.1,0.8067430677644408,1.1947038758012534,599.7091903209687,1.1569332745005059,0.8128839256223037,1.2044962381585524,0.8051633871674634,8.0
temperature_min,mean,streed,4,20,3,0.005,1e-05,0.001,0.8637080421383251,0.8423969566601371,599.7090278625489,0.8853636930794112,0.8568050844846905,0.9121668283679361,0.852352690284388,4.0
temperature_min,mean,streed,4,20,3,0.005,1e-05,0.1,0.8115151311322698,1.1654021035637405,599.7086012363434,1.142104022532234,0.8152773944887735,1.169798163246797,0.8107184611622561,5.8
temperature_min,mean,streed,4,20,3,0.005,0.0001,0.001,0.8637640876167202,0.8420539695551981,599.7109847068787,0.8853363664968988,0.8568095017596831,0.9121271193992602,0.852359246231727,4.0
temperature_min,mean,streed,4,20,3,0.005,0.0001,0.1,0.8115102125145468,1.1654324998533927,599.7092727661133,1.1421307762758748,0.8152730702877424,1.1698250309481062,0.8107141143192328,5.8
temperature_min,mean,streed,4,20,3,0.005,0.001,0.001,0.8638814324299332,0.8412813980637992,599.7116364955903,0.8851125647343577,0.856845590768145,0.9091686383732537,0.8528454960051756,4.0
temperature_min,mean,streed,4,20,3,0.005,0.001,0.1,0.8108210782137009,1.1695844441545045,599.7087542057037,1.1423987688789423,0.8152297544474886,1.1700942386119437,0.8106705607400106,5.8
temperature_min,mean,streed,4,20,3,0.005,0.01,0.001,0.8656531010951541,0.8304599021733976,599.7135090351105,0.8847625012522957,0.856902690834831,0.9138622130593778,0.8520806609895946,4.0
temperature_min,mean,streed,4,20,3,0.005,0.01,0.1,0.8092966206962945,1.1788689136551975,599.712717294693,1.1455178126006687,0.8147259521957817,1.173695976901394,0.8100840642992061,6.0
temperature_min,mean,streed,4,20,3,0.005,0.1,0.001,0.8508047719764713,0.9219330468360079,599.714763879776,0.9256813595649941,0.8502730156255597,0.9603502580694648,0.8446868791416298,4.0
temperature_min,mean,streed,4,20,3,0.005,0.1,0.1,0.8044969802118906,1.208480008660688,599.7136305332184,1.1764799329467661,0.8097152017571467,1.2100220201779364,0.8042500646040885,6.2
temperature_min,mean,streed,4,20,3,0.008,1e-05,0.001,0.8467612159646662,0.9465066991438065,599.7180515766144,0.8853636930794112,0.8568050844846905,0.9121668283679361,0.852352690284388,4.0
temperature_min,mean,streed,4,20,3,0.008,1e-05,0.1,0.8106251268763162,1.1707117945432388,599.7165567874908,1.1453318314976877,0.8147574761197518,1.1552529452221316,0.8131157050686089,5.0
temperature_min,mean,streed,4,20,3,0.008,0.0001,0.001,0.8467657623580902,0.9464790181733937,599.7155613422394,0.8853363664968988,0.8568095017596831,0.9121271193992602,0.852359246231727,4.0
temperature_min,mean,streed,4,20,3,0.008,0.0001,0.1,0.8106202491890226,1.1707419308191482,599.7174043655396,1.145360142458343,0.814752899891236,1.1552802837628837,0.8131112847070903,5.0
temperature_min,mean,streed,4,20,3,0.008,0.001,0.001,0.8469916400026605,0.9451294346606884,599.7204822063446,0.8851125647343577,0.856845590768145,0.9091686383732537,0.8528454960051756,4.0
temperature_min,mean,streed,4,20,3,0.008,0.001,0.1,0.8105713633935459,1.171043966825946,599.7188401222229,1.145643930712629,0.814707027634773,1.1555544765731285,0.8130669510959226,5.0
temperature_min,mean,streed,4,20,3,0.008,0.01,0.001,0.8463051184484238,0.9496159463600042,599.717291021347,0.8948059374531848,0.8552811166100996,0.9246329559464666,0.8503266552699295,3.8
temperature_min,mean,streed,4,20,3,0.008,0.01,0.1,0.8098913082895993,1.1751959180731995,599.7142137527466,1.1485199317892036,0.8142420993538663,1.1583671610104156,0.8126122214520521,5.0
temperature_min,mean,streed,4,20,3,0.008,0.1,0.001,0.8402993283979049,0.9873128354023674,599.7157674789429,0.9345618132653172,0.8488487440219664,0.9520754242547081,0.8459615259884495,3.0
temperature_min,mean,streed,4,20,3,0.008,0.1,0.1,0.8026322161254257,1.2200522631470823,599.7193949699401,1.179019346578012,0.8093106324804744,1.194565178941355,0.8067519883219042,5.2
temperature_min,mean,streed,4,20,3,0.01,1e-05,0.001,0.841433202642745,0.9794190783863346,599.7186731338501,0.9399046842325751,0.84798569020495,0.9665373487517659,0.8435948489630476,3.0
temperature_min,mean,streed,4,20,3,0.01,1e-05,0.1,0.8080555978625632,1.1868428804626567,599.7218366622925,1.1473806021125619,0.8144363292398962,1.1725407557956369,0.8103630598039075,4.6
temperature_min,mean,streed,4,20,3,0.01,0.0001,0.001,0.8413992477984366,0.9796309000443643,599.7174599170685,0.9398770464373982,0.8479901574861477,0.9665089314008728,0.843599576651739,3.0
temperature_min,mean,streed,4,20,3,0.01,0.0001,0.1,0.8080496502267236,1.1868797213945164,599.7212172985077,1.1474125326708748,0.8144311719564105,1.1725740601338537,0.8103576622435241,4.6
temperature_min,mean,streed,4,20,3,0.01,0.001,0.001,0.8414839248485458,0.9791163088453357,599.7208214759827,0.9398720776274615,0.8479902116171395,0.9644975578465372,0.8439065608806982,3.0
temperature_min,mean,streed,4,20,3,0.01,0.001,0.1,0.8079900983709132,1.1872485895586276,599.7235894203186,1.1477323880500807,0.8143795095942898,1.1729076809389647,0.8103035955301406,4.6
temperature_min,mean,streed,4,20,3,0.01,0.01,0.001,0.8418300361908869,0.9769847816762439,599.7209423065185,0.9389143599989869,0.84814656930464,0.9708489841491913,0.8428647447561899,3.0
temperature_min,mean,streed,4,20,3,0.01,0.01,0.1,0.807566830674945,1.1899898898023011,599.7238440036774,1.1463460846533493,0.8145997551257098,1.1663872963147022,0.8113976527579606,4.8
temperature_min,mean,streed,4,20,3,0.01,0.1,0.001,0.8404625196176468,0.9868569222987592,599.7198884963989,0.9345618132653172,0.8488487440219664,0.9520754242547081,0.8459615259884495,3.0
temperature_min,mean,streed,4,20,3,0.01,0.1,0.1,0.8033613444311929,1.2156755930764387,599.720688533783,1.1799482953885576,0.8091606480113003,1.1890289501678066,0.8076535581612342,5.0
temperature_min,mean,streed,4,20,3,0.03,1e-05,0.001,0.8096993150107028,1.1760135250364354,599.7181676387787,1.166867940766465,0.8112765691874934,1.1754813926352472,0.8096760597517851,1.0
temperature_min,mean,streed,4,20,3,0.03,1e-05,0.1,0.8086926575497613,1.1823512627654498,599.7215507984162,1.1901332550296755,0.8075137137667238,1.194702538288911,0.806671216011243,1.0
temperature_min,mean,streed,4,20,3,0.03,0.0001,0.001,0.8097138342441086,1.1759240569753042,599.7214373588562,1.1667810343653975,0.8112906239122865,1.1753923347087871,0.8096905672749809,1.0
temperature_min,mean,streed,4,20,3,0.03,0.0001,0.1,0.8086959666095653,1.1823307502390434,599.7192845344543,1.1901047821904107,0.8075183178095614,1.1946735281361782,0.8066759768964443,1.0
temperature_min,mean,streed,4,20,3,0.03,0.001,0.001,0.8098582448610252,1.1750342006377164,599.7177738666535,1.1659166970223644,0.8114304067700152,1.174506561439467,0.8098348626471719,1.0
temperature_min,mean,streed,4,20,3,0.03,0.001,0.1,0.8082602333107272,1.1848815806613247,599.7194980144501,1.1898229307650101,0.8075638929927509,1.1943863158967827,0.8067231169911866,1.0
temperature_min,mean,streed,4,20,3,0.03,0.01,0.001,0.8111277210265821,1.167249956107354,599.717347574234,1.1579762358857475,0.81271434486665,1.1669625029678323,0.8110657856821739,1.0
temperature_min,mean,streed,4,20,3,0.03,0.01,0.1,0.8078200274891365,1.1875156422910789,599.7205455303192,1.1872603651571523,0.8079783206026849,1.191775599478468,0.8071518822874996,1.0
temperature_min,mean,streed,4,20,3,0.03,0.1,0.001,0.8188685367205745,1.119601027023117,599.7182858467102,1.112127086079281,0.8201294953117035,1.1189359536707646,0.8189135373997303,1.0
temperature_min,mean,streed,4,20,3,0.03,0.1,0.1,0.8085411199103569,1.1836720308674002,599.7176399707794,1.1767850172333478,0.8096717274886215,1.1810792021740812,0.8089444321934917,1.0
temperature_min,mean,streed,4,20,3,0.05,1e-05,0.001,0.8096993150107028,1.1760135250364354,599.7156730651856,1.166867940766465,0.8112765691874934,1.1754813926352472,0.8096760597517851,1.0
temperature_min,mean,streed,4,20,3,0.05,1e-05,0.1,0.8067602876669548,1.1942042612711332,599.7155545711518,1.1901332550296755,0.8075137137667238,1.194702538288911,0.806671216011243,1.0
temperature_min,mean,streed,4,20,3,0.05,0.0001,0.001,0.8097138342441086,1.1759240569753042,599.7154470920563,1.1667810343653975,0.8112906239122865,1.1753923347087871,0.8096905672749809,1.0
temperature_min,mean,streed,4,20,3,0.05,0.0001,0.1,0.8067654652216121,1.1941725284267712,599.7174018859863,1.1901047821904107,0.8075183178095614,1.1946735281361782,0.8066759768964443,1.0
temperature_min,mean,streed,4,20,3,0.05,0.001,0.001,0.8098582448610252,1.1750342006377164,599.715647983551,1.1659166970223644,0.8114304067700152,1.174506561439467,0.8098348626471719,1.0
temperature_min,mean,streed,4,20,3,0.05,0.001,0.1,0.8068168545631466,1.1938575795916129,599.7134989261627,1.1898229307650101,0.8075638929927509,1.1943863158967827,0.8067231169911866,1.0
temperature_min,mean,streed,4,20,3,0.05,0.01,0.001,0.8111277210265821,1.167249956107354,599.7079030513763,1.1579762358857475,0.81271434486665,1.1669625029678323,0.8110657856821739,1.0
temperature_min,mean,streed,4,20,3,0.05,0.01,0.1,0.807288029532703,1.1909727267007795,599.7117953300476,1.1872603651571523,0.8079783206026849,1.191775599478468,0.8071518822874996,1.0
temperature_min,mean,streed,4,20,3,0.05,0.1,0.001,0.8188685367205745,1.119601027023117,599.7155625343323,1.112127086079281,0.8201294953117035,1.1189359536707646,0.8189135373997303,1.0
temperature_min,mean,streed,4,20,3,0.05,0.1,0.1,0.8091763825091608,1.179496621222852,599.7195835590362,1.1767850172333478,0.8096717274886215,1.1810792021740812,0.8089444321934917,1.0
temperature_min,mean,streed,4,20,3,0.08,1e-05,0.001,0.8096993150107028,1.1760135250364354,248.5014000415802,1.166867940766465,0.8112765691874934,1.1754813926352472,0.8096760597517851,1.0
temperature_min,mean,streed,4,20,3,0.08,1e-05,0.1,0.8067602876669548,1.1942042612711332,599.7205652713776,1.1901332550296755,0.8075137137667238,1.194702538288911,0.806671216011243,1.0
temperature_min,mean,streed,4,20,3,0.08,0.0001,0.001,0.8097138342441086,1.1759240569753042,251.38939151763915,1.1667810343653975,0.8112906239122865,1.1753923347087871,0.8096905672749809,1.0
temperature_min,mean,streed,4,20,3,0.08,0.0001,0.1,0.8067654652216121,1.1941725284267712,599.7017722606658,1.1901047821904107,0.8075183178095614,1.1946735281361782,0.8066759768964443,1.0
temperature_min,mean,streed,4,20,3,0.08,0.001,0.001,0.8098582448610252,1.1750342006377164,247.79835414886475,1.1659166970223644,0.8114304067700152,1.174506561439467,0.8098348626471719,1.0
temperature_min,mean,streed,4,20,3,0.08,0.001,0.1,0.8068168545631466,1.1938575795916129,599.7258073806763,1.1898229307650101,0.8075638929927509,1.1943863158967827,0.8067231169911866,1.0
temperature_min,mean,streed,4,20,3,0.08,0.01,0.001,0.8111277210265821,1.167249956107354,249.45490899086,1.1579762358857475,0.81271434486665,1.1669625029678323,0.8110657856821739,1.0
temperature_min,mean,streed,4,20,3,0.08,0.01,0.1,0.807288029532703,1.1909727267007795,599.726080083847,1.1872603651571523,0.8079783206026849,1.191775599478468,0.8071518822874996,1.0
temperature_min,mean,streed,4,20,3,0.08,0.1,0.001,0.8188685367205745,1.119601027023117,249.6972982406616,1.112127086079281,0.8201294953117035,1.1189359536707646,0.8189135373997303,1.0
temperature_min,mean,streed,4,20,3,0.08,0.1,0.1,0.8091763825091608,1.179496621222852,599.7280412197113,1.1767850172333478,0.8096717274886215,1.1810792021740812,0.8089444321934917,1.0
temperature_min,mean,streed,4,20,3,0.1,1e-05,0.001,0.8096993150107028,1.1760135250364354,1.4277879238128661,1.166867940766465,0.8112765691874934,1.1754813926352472,0.8096760597517851,1.0
temperature_min,mean,streed,4,20,3,0.1,1e-05,0.1,0.8067602876669548,1.1942042612711332,227.70970611572267,1.1901332550296755,0.8075137137667238,1.194702538288911,0.806671216011243,1.0
temperature_min,mean,streed,4,20,3,0.1,0.0001,0.001,0.8097138342441086,1.1759240569753042,1.4313212871551513,1.1667810343653975,0.8112906239122865,1.1753923347087871,0.8096905672749809,1.0
temperature_min,mean,streed,4,20,3,0.1,0.0001,0.1,0.8067654652216121,1.1941725284267712,229.68192048072814,1.1901047821904107,0.8075183178095614,1.1946735281361782,0.8066759768964443,1.0
temperature_min,mean,streed,4,20,3,0.1,0.001,0.001,0.8098582448610252,1.1750342006377164,1.4359874248504638,1.1659166970223644,0.8114304067700152,1.174506561439467,0.8098348626471719,1.0
temperature_min,mean,streed,4,20,3,0.1,0.001,0.1,0.8068168545631466,1.1938575795916129,224.80638270378114,1.1898229307650101,0.8075638929927509,1.1943863158967827,0.8067231169911866,1.0
temperature_min,mean,streed,4,20,3,0.1,0.01,0.001,0.8111277210265821,1.167249956107354,1.4033470630645752,1.1579762358857475,0.81271434486665,1.1669625029678323,0.8110657856821739,1.0
temperature_min,mean,streed,4,20,3,0.1,0.01,0.1,0.807288029532703,1.1909727267007795,223.88863887786866,1.1872603651571523,0.8079783206026849,1.191775599478468,0.8071518822874996,1.0
temperature_min,mean,streed,4,20,3,0.1,0.1,0.001,0.8188685367205745,1.119601027023117,249.8893072605133,1.112127086079281,0.8201294953117035,1.1189359536707646,0.8189135373997303,1.0
temperature_min,mean,streed,4,20,3,0.1,0.1,0.1,0.8091763825091608,1.179496621222852,599.7780878543854,1.1767850172333478,0.8096717274886215,1.1810792021740812,0.8089444321934917,1.0
temperature_min,std,streed,4,20,3,0.0001,1e-05,0.001,0.001737395432956875,0.014373562133937614,0.0045243401337320965,0.009732000229346784,0.0013358662167571647,0.03988929240988234,0.006537349664852909,0.0
temperature_min,std,streed,4,20,3,0.0001,1e-05,0.1,0.0030455235245400412,0.01076204581904875,0.005418890976243277,0.0314383039330546,0.005135010034574631,0.07489256946490756,0.009870054874420147,0.0
temperature_min,std,streed,4,20,3,0.0001,0.0001,0.001,0.0016094248418166792,0.01264783297637603,0.0066302415332457265,0.009731230395339983,0.0013360565259034655,0.03990159476867312,0.006535683252751745,0.0
temperature_min,std,streed,4,20,3,0.0001,0.0001,0.1,0.0030456828811588964,0.010763427183989854,0.005580161824377606,0.03143855832337375,0.0051350278374956435,0.07489883685976001,0.009870928926341322,0.0
temperature_min,std,streed,4,20,3,0.0001,0.001,0.001,0.001466464048408563,0.012846093157138312,0.003654145945099255,0.009695135840444485,0.001343663157404008,0.03624938504360414,0.005694632004708474,0.0
temperature_min,std,streed,4,20,3,0.0001,0.001,0.1,0.003047381510269855,0.010783474583449639,0.007234611175707307,0.0314407403914672,0.005135150034170711,0.07496116722420225,0.00987961307879995,0.0
temperature_min,std,streed,4,20,3,0.0001,0.01,0.001,0.0004880322678544633,0.007893190298756101,0.007402136571681051,0.009838023804684437,0.0013065714718793768,0.037373779950701645,0.006055832695594039,0.0
temperature_min,std,streed,4,20,3,0.0001,0.01,0.1,0.003921557425663766,0.020625049596644216,0.006170253944777709,0.03338383780455446,0.005356794965922158,0.07578292412799789,0.01041673336687503,0.0
temperature_min,std,streed,4,20,3,0.0001,0.1,0.001,0.0023414617999699583,0.011240039501055071,0.006171462293620484,0.017755955956384843,0.0034191679610144667,0.05236651452854327,0.0044101493655348805,0.0
temperature_min,std,streed,4,20,3,0.0001,0.1,0.1,0.001971810563876067,0.014248269158003438,0.0074856014115698725,0.014210084860283757,0.0018614958542582443,0.07881067799803666,0.01013499270302887,0.0
temperature_min,std,streed,4,20,3,0.0005,1e-05,0.001,0.001737395432956875,0.014373562133937614,0.0064535230160371595,0.009732000229346784,0.0013358662167571647,0.03988929240988234,0.006537349664852909,0.0
temperature_min,std,streed,4,20,3,0.0005,1e-05,0.1,0.0030455235245400412,0.01076204581904875,0.008066508708007616,0.0314383039330546,0.005135010034574631,0.07489256946490756,0.009870054874420147,0.0
temperature_min,std,streed,4,20,3,0.0005,0.0001,0.001,0.0016094248418166792,0.01264783297637603,0.008687958053252199,0.009731230395339983,0.0013360565259034655,0.03990159476867312,0.006535683252751745,0.0
temperature_min,std,streed,4,20,3,0.0005,0.0001,0.1,0.0030456828811588964,0.010763427183989854,0.002814937786983118,0.03143855832337375,0.0051350278374956435,0.07489883685976001,0.009870928926341322,0.0
temperature_min,std,streed,4,20,3,0.0005,0.001,0.001,0.001466464048408563,0.012846093157138312,0.007309214076526157,0.009695135840444485,0.001343663157404008,0.03624938504360414,0.005694632004708474,0.0
temperature_min,std,streed,4,20,3,0.0005,0.001,0.1,0.003047381510269855,0.010783474583449639,0.007835488190865787,0.0314407403914672,0.005135150034170711,0.07496116722420225,0.00987961307879995,0.0
temperature_min,std,streed,4,20,3,0.0005,0.01,0.001,0.0004880322678544633,0.007893190298756101,0.008304491527931912,0.009838023804684437,0.0013065714718793768,0.037373779950701645,0.006055832695594039,0.0
temperature_min,std,streed,4,20,3,0.0005,0.01,0.1,0.003910434190123353,0.020550355229375265,0.009087468196433053,0.03338383780455446,0.005356794965922158,0.07578292412799789,0.01041673336687503,0.0
temperature_min,std,streed,4,20,3,0.0005,0.1,0.001,0.0023414617999699583,0.011240039501055071,0.006328329263707291,0.017755955956384843,0.0034191679610144667,0.05236651452854327,0.0044101493655348805,0.0
temperature_min,std,streed,4,20,3,0.0005,0.1,0.1,0.001971810563876067,0.014248269158003438,0.005566502130253585,0.014210084860283757,0.0018614958542582443,0.07881067799803666,0.01013499270302887,0.0
temperature_min,std,streed,4,20,3,0.001,1e-05,0.001,0.001737395432956875,0.014373562133937614,0.006264042046263657,0.009732000229346784,0.0013358662167571647,0.03988929240988234,0.006537349664852909,0.0
temperature_min,std,streed,4,20,3,0.001,1e-05,0.1,0.0030455235245400412,0.01076204581904875,0.004800443955215136,0.0314383039330546,0.005135010034574631,0.07489256946490756,0.009870054874420147,0.0
temperature_min,std,streed,4,20,3,0.001,0.0001,0.001,0.0016094248418166792,0.01264783297637603,0.004825934501128397,0.009731230395339983,0.0013360565259034655,0.03990159476867312,0.006535683252751745,0.0
temperature_min,std,streed,4,20,3,0.001,0.0001,0.1,0.0030456828811588964,0.010763427183989854,0.005870588696822725,0.03143855832337375,0.0051350278374956435,0.07489883685976001,0.009870928926341322,0.0
temperature_min,std,streed,4,20,3,0.001,0.001,0.001,0.001466464048408563,0.012846093157138312,0.005041013330432388,0.009695135840444485,0.001343663157404008,0.03624938504360414,0.005694632004708474,0.0
temperature_min,std,streed,4,20,3,0.001,0.001,0.1,0.003047381510269855,0.010783474583449639,0.003953797736247312,0.0314407403914672,0.005135150034170711,0.07496116722420225,0.00987961307879995,0.0
temperature_min,std,streed,4,20,3,0.001,0.01,0.001,0.0004880322678544633,0.007893190298756101,0.0028038625220011383,0.009838023804684437,0.0013065714718793768,0.037373779950701645,0.006055832695594039,0.0
temperature_min,std,streed,4,20,3,0.001,0.01,0.1,0.003910434190123353,0.020550355229375265,0.004728875815718102,0.03338383780455446,0.005356794965922158,0.07578292412799789,0.01041673336687503,0.0
temperature_min,std,streed,4,20,3,0.001,0.1,0.001,0.0023414617999699583,0.011240039501055071,0.0044169273674091476,0.017755955956384843,0.0034191679610144667,0.05236651452854327,0.0044101493655348805,0.0
temperature_min,std,streed,4,20,3,0.001,0.1,0.1,0.001971810563876067,0.014248269158003438,0.003943015875280215,0.014210084860283757,0.0018614958542582443,0.07881067799803666,0.01013499270302887,0.0
temperature_min,std,streed,4,20,3,0.003,1e-05,0.001,0.001737395432956875,0.014373562133937614,0.0036354841552706913,0.009732000229346784,0.0013358662167571647,0.03988929240988234,0.006537349664852909,0.0
temperature_min,std,streed,4,20,3,0.003,1e-05,0.1,0.0030455235245400412,0.01076204581904875,0.002817997863726703,0.0314383039330546,0.005135010034574631,0.07489256946490756,0.009870054874420147,0.0
temperature_min,std,streed,4,20,3,0.003,0.0001,0.001,0.0016094248418166792,0.01264783297637603,0.003919125361111219,0.009731230395339983,0.0013360565259034655,0.03990159476867312,0.006535683252751745,0.0
temperature_min,std,streed,4,20,3,0.003,0.0001,0.1,0.0030456828811588964,0.010763427183989854,0.00512288333358963,0.03143855832337375,0.0051350278374956435,0.07489883685976001,0.009870928926341322,0.0
temperature_min,std,streed,4,20,3,0.003,0.001,0.001,0.001466464048408563,0.012846093157138312,0.004426374712078005,0.009695135840444485,0.001343663157404008,0.03624938504360414,0.005694632004708474,0.0
temperature_min,std,streed,4,20,3,0.003,0.001,0.1,0.003246012165422141,0.011855748427607888,0.005694038176623996,0.0314407403914672,0.005135150034170711,0.07496116722420225,0.00987961307879995,0.0
temperature_min,std,streed,4,20,3,0.003,0.01,0.001,0.0004880322678544633,0.007893190298756101,0.003677298161946856,0.009838023804684437,0.0013065714718793768,0.037373779950701645,0.006055832695594039,0.0
temperature_min,std,streed,4,20,3,0.003,0.01,0.1,0.003910434190123353,0.020550355229375265,0.005169398555804784,0.03338383780455446,0.005356794965922158,0.07578292412799789,0.01041673336687503,0.0
temperature_min,std,streed,4,20,3,0.003,0.1,0.001,0.0023414617999699583,0.011240039501055071,0.004553712420314131,0.017755955956384843,0.0034191679610144667,0.05236651452854327,0.0044101493655348805,0.0
temperature_min,std,streed,4,20,3,0.003,0.1,0.1,0.001971810563876067,0.014248269158003438,0.006824853082697191,0.014210084860283757,0.0018614958542582443,0.07881067799803666,0.01013499270302887,0.0
temperature_min,std,streed,4,20,3,0.005,1e-05,0.001,0.003699062968386639,0.024910574541267202,0.006702757156233583,0.009732000229346784,0.0013358662167571647,0.03988929240988234,0.006537349664852909,0.0
temperature_min,std,streed,4,20,3,0.005,1e-05,0.1,0.001648622868775544,0.006613131322051479,0.004735585568907932,0.01419990386735546,0.0024020923319250575,0.0663794746015905,0.009334219558838477,0.4472135954999579
temperature_min,std,streed,4,20,3,0.005,0.0001,0.001,0.0036595682544883303,0.0246566656917441,0.0052932095378924685,0.009731230395339983,0.0013360565259034655,0.03990159476867312,0.006535683252751745,0.0
temperature_min,std,streed,4,20,3,0.005,0.0001,0.1,0.0016483627365407422,0.006611032356318724,0.0054736345131044485,0.014199539786423255,0.0024017613121756543,0.06638450211805745,0.00933510225021205,0.4472135954999579
temperature_min,std,streed,4,20,3,0.005,0.001,0.001,0.0033460291821097304,0.02207202085625621,0.004727612632177068,0.009695135840444485,0.001343663157404008,0.03624938504360414,0.005694632004708474,0.0
temperature_min,std,streed,4,20,3,0.005,0.001,0.1,0.0010520900161925572,0.0070413520152780825,0.005824610166489442,0.01419622609796849,0.0023985186010903525,0.06643465073244063,0.009343883287798784,0.4472135954999579
temperature_min,std,streed,4,20,3,0.005,0.01,0.001,0.0010751241898434764,0.006994318088761783,0.004475904309941291,0.009838023804684437,0.0013065714718793768,0.037373779950701645,0.006055832695594039,0.0
temperature_min,std,streed,4,20,3,0.005,0.01,0.1,0.001903526223009286,0.014994360683239541,0.00300661362394923,0.014860371714654786,0.0024383952901815558,0.06448295003730257,0.009052459062758875,0.0
temperature_min,std,streed,4,20,3,0.005,0.1,0.001,0.0024462561800936027,0.008754212422922469,0.00510718702992249,0.017755955956384843,0.0034191679610144667,0.05236651452854327,0.0044101493655348805,0.0
temperature_min,std,streed,4,20,3,0.005,0.1,0.1,0.0018883824539327452,0.011281902888356723,0.005295707872616572,0.012812647538474933,0.0024323643585485886,0.07351248025216862,0.009548326781051976,0.44721359549995787
temperature_min,std,streed,4,20,3,0.008,1e-05,0.001,0.004208053771931702,0.02101816821101661,0.003990903528214873,0.009732000229346784,0.0013358662167571647,0.03988929240988234,0.006537349664852909,0.0
temperature_min,std,streed,4,20,3,0.008,1e-05,0.1,0.002489428363975174,0.02052442066507943,0.005854991492445255,0.01449168539845079,0.0022369690845065624,0.06936708989763019,0.008763424082846295,0.0
temperature_min,std,streed,4,20,3,0.008,0.0001,0.001,0.0042120489032572515,0.021030129482494334,0.0013089732860249597,0.009731230395339983,0.0013360565259034655,0.03990159476867312,0.006535683252751745,0.0
temperature_min,std,streed,4,20,3,0.008,0.0001,0.1,0.0024895428664901535,0.020525587023163767,0.004654427924045397,0.014492088391952113,0.0022367534051781525,0.06937209452655811,0.008764299169389006,0.0
temperature_min,std,streed,4,20,3,0.008,0.001,0.001,0.004396105176346872,0.022094665205296887,0.00449046358813088,0.009695135840444485,0.001343663157404008,0.03624938504360414,0.005694632004708474,0.0
temperature_min,std,streed,4,20,3,0.008,0.001,0.1,0.0024906938624117705,0.02053726967831894,0.007102122212082223,0.014496101433667353,0.0022346134779398,0.06942212821790175,0.0087730248529411,0.0
temperature_min,std,streed,4,20,3,0.008,0.01,0.001,0.0034983879492688735,0.017942307146662964,0.006692905828474875,0.027390382900480247,0.004211880629463493,0.032215404827570904,0.005577628268998155,0.447213595499958
temperature_min,std,streed,4,20,3,0.008,0.01,0.1,0.002360058350361173,0.020616700508165903,0.003759614683758842,0.014517387460435132,0.0022140674980448433,0.06990595355453083,0.008854788392467056,0.0
temperature_min,std,streed,4,20,3,0.008,0.1,0.001,0.0025300893477352305,0.007732371125920741,0.006639515918585581,0.011324404753558533,0.0015142498641304697,0.050800768941788664,0.006523024160070752,0.0
temperature_min,std,streed,4,20,3,0.008,0.1,0.1,0.00255360667887832,0.02367862745196913,0.006249571251042964,0.014589841456411335,0.00206280606239567,0.07234246776635023,0.00934386566962783,0.44721359549995787
temperature_min,std,streed,4,20,3,0.01,1e-05,0.001,0.001153539442715504,0.008582024657991898,0.00801921648310088,0.01229220729495258,0.0015724549701479154,0.04459273151473694,0.006033699489818861,0.0
temperature_min,std,streed,4,20,3,0.01,1e-05,0.1,0.002826962154770353,0.0264787875919299,0.0077470595647663835,0.02380443832146845,0.003092621105946708,0.07035426941543263,0.007426653256752186,0.5477225575051662
temperature_min,std,streed,4,20,3,0.01,0.0001,0.001,0.001073767824383678,0.008339476828386814,0.007388227165052356,0.012288980812200527,0.0015721411241750023,0.04461516350771084,0.006033884686448527,0.0
temperature_min,std,streed,4,20,3,0.01,0.0001,0.1,0.002827235352707126,0.02648238560136532,0.0029023278001380874,0.023812405332719014,0.003093664318893642,0.0703543608269291,0.0074267518365486,0.5477225575051662
temperature_min,std,streed,4,20,3,0.01,0.001,0.001,0.0010713749619622982,0.008279604476572673,0.003814494871209357,0.012114046882843062,0.0016253140863703342,0.042479816928612746,0.006241922980140815,0.0
temperature_min,std,streed,4,20,3,0.01,0.001,0.1,0.0028299802217088307,0.026518271479834342,0.005042952291770573,0.023891670848768067,0.003104068060804585,0.07035568417009011,0.007427759567981227,0.5477225575051662
temperature_min,std,streed,4,20,3,0.01,0.01,0.001,0.0014577035624560868,0.01161938561283564,0.0070831580060320785,0.012117244342647233,0.0014477433381048872,0.038949743463047456,0.00604518340126128,0.0
temperature_min,std,streed,4,20,3,0.01,0.01,0.1,0.0036601281718891565,0.03217834741607566,0.0056583571572895175,0.017130024973563196,0.002067660855404006,0.08196404104877376,0.009169270653423394,0.44721359549995787
temperature_min,std,streed,4,20,3,0.01,0.1,0.001,0.0014732159588202271,0.017467410528162156,0.006517977817766476,0.011324404753558533,0.0015142498641304697,0.050800768941788664,0.006523024160070752,0.0
temperature_min,std,streed,4,20,3,0.01,0.1,0.1,0.002126117330737514,0.020993520925143196,0.003090915458539218,0.014988419777823513,0.002106881518428943,0.07399971139776515,0.009531072290140667,0.0
temperature_min,std,streed,4,20,3,0.03,1e-05,0.001,0.002198238095253367,0.015492878950193696,0.003939225843694039,0.015251309144685076,0.002122270319157972,0.04448586316492609,0.008924186827459149,0.0
temperature_min,std,streed,4,20,3,0.03,1e-05,0.1,0.003071986263106894,0.01669134187113148,0.005629074203909239,0.014784976670844132,0.002025839675926565,0.06296742237176833,0.009017312617078607,0.0
temperature_min,std,streed,4,20,3,0.03,0.0001,0.001,0.00219807945760304,0.015491477929667282,0.0061310477559656466,0.01525010770436257,0.0021222199486154174,0.044489183028782166,0.00892210294626456,0.0
temperature_min,std,streed,4,20,3,0.03,0.0001,0.1,0.003069905023420546,0.01668102637400299,0.0064456927679857655,0.014785350742591625,0.0020260488591114217,0.06297206609254963,0.009016395674654872,0.0
temperature_min,std,streed,4,20,3,0.03,0.001,0.001,0.0021964950698903697,0.015477531454829633,0.0034045398952725304,0.015238153556609043,0.002121715728658908,0.044522850589583,0.0089013734455251,0.0
temperature_min,std,streed,4,20,3,0.03,0.001,0.1,0.0024714850305578204,0.014131327951470844,0.0025564341707309244,0.014789089874129956,0.0020281298875891186,0.06301865170227786,0.00900728086996259,0.0
temperature_min,std,streed,4,20,3,0.03,0.01,0.001,0.0022679614207024787,0.015905606821053193,0.003461321285328152,0.015054746749034384,0.0021268282339531545,0.044639217329194396,0.008647022406906478,0.0
temperature_min,std,streed,4,20,3,0.03,0.01,0.1,0.0024584122925169274,0.015352878613539508,0.00435955312178108,0.014858654647748718,0.002046386188051399,0.06347119270433159,0.008922389788928682,0.0
temperature_min,std,streed,4,20,3,0.03,0.1,0.001,0.002105473286309025,0.014990944482562574,0.006857547361835219,0.014384710604156222,0.002059536897508502,0.05126440616547612,0.007564333310288129,0.0
temperature_min,std,streed,4,20,3,0.03,0.1,0.1,0.0029950063318649593,0.020664980915704838,0.007593271331527054,0.01544782034613888,0.0022504374591307066,0.06971722874774867,0.008433270881010643,0.0
temperature_min,std,streed,4,20,3,0.05,1e-05,0.001,0.002198238095253367,0.015492878950193696,0.004523147133972316,0.015251309144685076,0.002122270319157972,0.04448586316492609,0.008924186827459149,0.0
temperature_min,std,streed,4,20,3,0.05,1e-05,0.1,0.002028675439390101,0.014620465304471834,0.003038384041757073,0.014784976670844132,0.002025839675926565,0.06296742237176833,0.009017312617078607,0.0
temperature_min,std,streed,4,20,3,0.05,0.0001,0.001,0.00219807945760304,0.015491477929667282,0.004507226943332076,0.01525010770436257,0.0021222199486154174,0.044489183028782166,0.00892210294626456,0.0
temperature_min,std,streed,4,20,3,0.05,0.0001,0.1,0.002028935389668306,0.014621375481989374,0.003552615948444224,0.014785350742591625,0.0020260488591114217,0.06297206609254963,0.009016395674654872,0.0
temperature_min,std,streed,4,20,3,0.05,0.001,0.001,0.0021964950698903697,0.015477531454829633,0.008432028629933377,0.015238153556609043,0.002121715728658908,0.044522850589583,0.0089013734455251,0.0
temperature_min,std,streed,4,20,3,0.05,0.001,0.1,0.0020317226467651433,0.014631284578916057,0.0094829435827172,0.014789089874129956,0.0020281298875891186,0.06301865170227786,0.00900728086996259,0.0
temperature_min,std,streed,4,20,3,0.05,0.01,0.001,0.0022679614207024787,0.015905606821053193,0.009819288158824558,0.015054746749034384,0.0021268282339531545,0.044639217329194396,0.008647022406906478,0.0
temperature_min,std,streed,4,20,3,0.05,0.01,0.1,0.002072481211528296,0.014792703015983299,0.008865436141170755,0.014858654647748718,0.002046386188051399,0.06347119270433159,0.008922389788928682,0.0
temperature_min,std,streed,4,20,3,0.05,0.1,0.001,0.002105473286309025,0.014990944482562574,0.004229874354873516,0.014384710604156222,0.002059536897508502,0.05126440616547612,0.007564333310288129,0.0
temperature_min,std,streed,4,20,3,0.05,0.1,0.1,0.0022291974911043937,0.015343683934188092,0.0033006058924397504,0.01544782034613888,0.0022504374591307066,0.06971722874774867,0.008433270881010643,0.0
temperature_min,std,streed,4,20,3,0.08,1e-05,0.001,0.002198238095253367,0.015492878950193696,3.310912972071395,0.015251309144685076,0.002122270319157972,0.04448586316492609,0.008924186827459149,0.0
temperature_min,std,streed,4,20,3,0.08,1e-05,0.1,0.002028675439390101,0.014620465304471834,0.005497889551146525,0.014784976670844132,0.002025839675926565,0.06296742237176833,0.009017312617078607,0.0
temperature_min,std,streed,4,20,3,0.08,0.0001,0.001,0.00219807945760304,0.015491477929667282,4.153475284191142,0.01525010770436257,0.0021222199486154174,0.044489183028782166,0.00892210294626456,0.0
temperature_min,std,streed,4,20,3,0.08,0.0001,0.1,0.002028935389668306,0.014621375481989374,0.048930354940491916,0.014785350742591625,0.0020260488591114217,0.06297206609254963,0.009016395674654872,0.0
temperature_min,std,streed,4,20,3,0.08,0.001,0.001,0.0021964950698903697,0.015477531454829633,4.509428833601888,0.015238153556609043,0.002121715728658908,0.044522850589583,0.0089013734455251,0.0
temperature_min,std,streed,4,20,3,0.08,0.001,0.1,0.0020317226467651433,0.014631284578916057,0.006365986401310527,0.014789089874129956,0.0020281298875891186,0.06301865170227786,0.00900728086996259,0.0
temperature_min,std,streed,4,20,3,0.08,0.01,0.001,0.0022679614207024787,0.015905606821053193,6.27060775934822,0.015054746749034384,0.0021268282339531545,0.044639217329194396,0.008647022406906478,0.0
temperature_min,std,streed,4,20,3,0.08,0.01,0.1,0.002072481211528296,0.014792703015983299,0.006906831726934072,0.014858654647748718,0.002046386188051399,0.06347119270433159,0.008922389788928682,0.0
temperature_min,std,streed,4,20,3,0.08,0.1,0.001,0.002105473286309025,0.014990944482562574,7.554896018143479,0.014384710604156222,0.002059536897508502,0.05126440616547612,0.007564333310288129,0.0
temperature_min,std,streed,4,20,3,0.08,0.1,0.1,0.0022291974911043937,0.015343683934188092,0.007104921607612891,0.01544782034613888,0.0022504374591307066,0.06971722874774867,0.008433270881010643,0.0
temperature_min,std,streed,4,20,3,0.1,1e-05,0.001,0.002198238095253367,0.015492878950193696,0.04568202364908686,0.015251309144685076,0.002122270319157972,0.04448586316492609,0.008924186827459149,0.0
temperature_min,std,streed,4,20,3,0.1,1e-05,0.1,0.002028675439390101,0.014620465304471834,7.7505834580554,0.014784976670844132,0.002025839675926565,0.06296742237176833,0.009017312617078607,0.0
temperature_min,std,streed,4,20,3,0.1,0.0001,0.001,0.00219807945760304,0.015491477929667282,0.05027162904170441,0.01525010770436257,0.0021222199486154174,0.044489183028782166,0.00892210294626456,0.0
temperature_min,std,streed,4,20,3,0.1,0.0001,0.1,0.002028935389668306,0.014621375481989374,8.939310233944276,0.014785350742591625,0.0020260488591114217,0.06297206609254963,0.009016395674654872,0.0
temperature_min,std,streed,4,20,3,0.1,0.001,0.001,0.0021964950698903697,0.015477531454829633,0.07402854771490475,0.015238153556609043,0.002121715728658908,0.044522850589583,0.0089013734455251,0.0
temperature_min,std,streed,4,20,3,0.1,0.001,0.1,0.0020317226467651433,0.014631284578916057,6.81053785346578,0.014789089874129956,0.0020281298875891186,0.06301865170227786,0.00900728086996259,0.0
temperature_min,std,streed,4,20,3,0.1,0.01,0.001,0.0022679614207024787,0.015905606821053193,0.06298989259757139,0.015054746749034384,0.0021268282339531545,0.044639217329194396,0.008647022406906478,0.0
temperature_min,std,streed,4,20,3,0.1,0.01,0.1,0.002072481211528296,0.014792703015983299,7.71976062908188,0.014858654647748718,0.002046386188051399,0.06347119270433159,0.008922389788928682,0.0
temperature_min,std,streed,4,20,3,0.1,0.1,0.001,0.002105473286309025,0.014990944482562574,8.914831216247153,0.014384710604156222,0.002059536897508502,0.05126440616547612,0.007564333310288129,0.0
temperature_min,std,streed,4,20,3,0.1,0.1,0.1,0.0022291974911043937,0.015343683934188092,0.0032198034668589263,0.01544782034613888,0.0022504374591307066,0.06971722874774867,0.008433270881010643,0.0
temperature_min,best_by_mean_val_r2,streed,4,20,3,0.0001,0.01,0.001,0.8680468343233549,0.8154194686376808,599.7041154384613,0.8847625012522957,0.856902690834831,0.9138622130593778,0.8520806609895946,4.0
