dataset,outer,method,depth,n_thresholds,cv_folds,cost_complexity,ridge_penalty,lasso_penalty,val_r2,val_mse,train_time_s,train_mse,train_r2,test_mse,test_r2,n_leaves,threshold_label
synch,outer_0,streed,4,445.0,3,0.1,0.1,0.1,0.55433714521465,0.0142487786556592,599.9055509567261,0.0150055015797369,0.5340610427491821,0.0146275267489634,0.5595617909575044,2.0,full
synch,outer_0,streed,4,445.0,3,0.1,0.1,0.001,0.9743147407332572,0.0008321390688108,0.0203993320465087,0.0008045166636595,0.975018785385846,0.0008146815187236,0.97546975129804,1.0,full
synch,outer_0,streed,4,445.0,3,0.1,0.01,0.1,0.5682772940861911,0.013783019390424,599.8973743915558,0.0144906581975408,0.5500475519220491,0.0141515740777615,0.5738928358218058,2.0,full
synch,outer_0,streed,4,445.0,3,0.1,0.01,0.001,0.986668465478836,0.0004303851839828,0.0221245288848876,0.0004084383599347,0.9873174953520903,0.0004027483166681,0.9878731551592768,1.0,full
synch,outer_0,streed,4,445.0,3,0.1,0.001,0.1,0.5698362645576508,0.0137309084027468,599.8952105045319,0.0144322598649367,0.5518608907200994,0.0140976351898812,0.5755169481945568,2.0,full
synch,outer_0,streed,4,445.0,3,0.1,0.001,0.001,0.9905043693579124,0.0003065639399785,0.0227265357971191,0.0002887955140273,0.9910325502983314,0.0002837364308434,0.9914566305305405,1.0,full
synch,outer_0,streed,4,445.0,3,0.1,0.0001,0.1,0.5699946740206902,0.01372561332744,599.895519733429,0.0144263415451137,0.5520446617025185,0.014092169335091,0.5756815263447808,2.0,full
synch,outer_0,streed,4,445.0,3,0.1,0.0001,0.001,0.9906497837182416,0.000301840648582,0.0228412151336669,0.0002842184091902,0.9911746749346644,0.0002790841134634,0.9915967128814336,1.0,full
synch,outer_0,streed,4,445.0,3,0.1,1e-05,0.1,0.5700105408766094,0.0137250829540562,599.8951144218445,0.014425748917664,0.5520630635009849,0.0140916220202809,0.5756980061201283,2.0,full
synch,outer_0,streed,4,445.0,3,0.1,1e-05,0.001,0.9906644148049608,0.0003013654346465,0.0230798721313476,0.0002837580770443,0.9911889688040773,0.0002786164413191,0.9916107945977202,1.0,full
synch,outer_0,streed,4,445.0,3,0.08,0.1,0.1,0.55433714521465,0.0142487786556592,599.8947236537933,0.0150055015797369,0.5340610427491821,0.0146275267489634,0.5595617909575044,2.0,full
synch,outer_0,streed,4,445.0,3,0.08,0.1,0.001,0.9743147407332572,0.0008321390688108,0.0231587886810302,0.0008045166636595,0.975018785385846,0.0008146815187236,0.97546975129804,1.0,full
synch,outer_0,streed,4,445.0,3,0.08,0.01,0.1,0.5682772940861911,0.013783019390424,599.8939430713654,0.0144906581975408,0.5500475519220491,0.0141515740777615,0.5738928358218058,2.0,full
synch,outer_0,streed,4,445.0,3,0.08,0.01,0.001,0.986668465478836,0.0004303851839828,0.0231745243072509,0.0004084383599347,0.9873174953520903,0.0004027483166681,0.9878731551592768,1.0,full
synch,outer_0,streed,4,445.0,3,0.08,0.001,0.1,0.5698362645576508,0.0137309084027468,599.8927359580994,0.0144322598649367,0.5518608907200994,0.0140976351898812,0.5755169481945568,2.0,full
synch,outer_0,streed,4,445.0,3,0.08,0.001,0.001,0.9905043693579124,0.0003065639399785,0.0235297679901123,0.0002887955140273,0.9910325502983314,0.0002837364308434,0.9914566305305405,1.0,full
synch,outer_0,streed,4,445.0,3,0.08,0.0001,0.1,0.5699946740206902,0.01372561332744,599.890593290329,0.0144263415451137,0.5520446617025185,0.014092169335091,0.5756815263447808,2.0,full
synch,outer_0,streed,4,445.0,3,0.08,0.0001,0.001,0.9906497837182416,0.000301840648582,0.023705244064331,0.0002842184091902,0.9911746749346644,0.0002790841134634,0.9915967128814336,1.0,full
synch,outer_0,streed,4,445.0,3,0.08,1e-05,0.1,0.5700105408766094,0.0137250829540562,599.890772819519,0.014425748917664,0.5520630635009849,0.0140916220202809,0.5756980061201283,2.0,full
synch,outer_0,streed,4,445.0,3,0.08,1e-05,0.001,0.9906644148049608,0.0003013654346465,0.0236926078796386,0.0002837580770443,0.9911889688040773,0.0002786164413191,0.9916107945977202,1.0,full
synch,outer_0,streed,4,445.0,3,0.05,0.1,0.1,0.5260162817856529,0.0151840868771071,599.8894081115723,0.0150055015797369,0.5340610427491821,0.0146275267489634,0.5595617909575044,2.0,full
synch,outer_0,streed,4,445.0,3,0.05,0.1,0.001,0.9743147407332572,0.0008321390688108,0.0290999412536621,0.0008045166636595,0.975018785385846,0.0008146815187236,0.97546975129804,1.0,full
synch,outer_0,streed,4,445.0,3,0.05,0.01,0.1,0.5365729008042118,0.0148300700838818,599.8878796100616,0.0144906581975408,0.5500475519220491,0.0141515740777615,0.5738928358218058,2.0,full
synch,outer_0,streed,4,445.0,3,0.05,0.01,0.001,0.986668465478836,0.0004303851839828,0.0240960121154785,0.0004084383599347,0.9873174953520903,0.0004027483166681,0.9878731551592768,1.0,full
synch,outer_0,streed,4,445.0,3,0.05,0.001,0.1,0.5380539660749007,0.0147805319476628,599.8891167640686,0.0144322598649367,0.5518608907200994,0.0140976351898812,0.5755169481945568,2.0,full
synch,outer_0,streed,4,445.0,3,0.05,0.001,0.001,0.9905043693579124,0.0003065639399785,0.0239748954772949,0.0002887955140273,0.9910325502983314,0.0002837364308434,0.9914566305305405,1.0,full
synch,outer_0,streed,4,445.0,3,0.05,0.0001,0.1,0.5382042638092178,0.0147755047655502,599.8882591724396,0.0144263415451137,0.5520446617025185,0.014092169335091,0.5756815263447808,2.0,full
synch,outer_0,streed,4,445.0,3,0.05,0.0001,0.001,0.9906497837182416,0.000301840648582,0.0242488384246826,0.0002842184091902,0.9911746749346644,0.0002790841134634,0.9915967128814336,1.0,full
synch,outer_0,streed,4,445.0,3,0.05,1e-05,0.1,0.5382193160218497,0.0147750012960976,599.8874917030334,0.014425748917664,0.5520630635009849,0.0140916220202809,0.5756980061201283,2.0,full
synch,outer_0,streed,4,445.0,3,0.05,1e-05,0.001,0.9906644148049608,0.0003013654346465,0.0242650508880615,0.0002837580770443,0.9911889688040773,0.0002786164413191,0.9916107945977202,1.0,full
synch,outer_0,streed,4,445.0,3,0.03,0.1,0.1,0.5306524014859444,0.0150519674685258,599.8880746364594,0.0150055015797369,0.5340610427491821,0.0146275267489634,0.5595617909575044,2.0,full
synch,outer_0,streed,4,445.0,3,0.03,0.1,0.001,0.9743147407332572,0.0008321390688108,0.8436212539672852,0.0008045166636595,0.975018785385846,0.0008146815187236,0.97546975129804,1.0,full
synch,outer_0,streed,4,445.0,3,0.03,0.01,0.1,0.5405614167231162,0.0147164059858021,599.887327671051,0.0144906581975408,0.5500475519220491,0.0141515740777615,0.5738928358218058,2.0,full
synch,outer_0,streed,4,445.0,3,0.03,0.01,0.001,0.986668465478836,0.0004303851839828,0.0295958518981933,0.0004084383599347,0.9873174953520903,0.0004027483166681,0.9878731551592768,1.0,full
synch,outer_0,streed,4,445.0,3,0.03,0.001,0.1,0.5419711044329262,0.0146689019560642,599.8882308006287,0.0144322598649367,0.5518608907200994,0.0140976351898812,0.5755169481945568,2.0,full
synch,outer_0,streed,4,445.0,3,0.03,0.001,0.001,0.9905043693579124,0.0003065639399785,0.0245416164398193,0.0002887955140273,0.9910325502983314,0.0002837364308434,0.9914566305305405,1.0,full
synch,outer_0,streed,4,445.0,3,0.03,0.0001,0.1,0.5421141899850727,0.0146640803055825,599.8865692615509,0.0144263415451137,0.5520446617025185,0.014092169335091,0.5756815263447808,2.0,full
synch,outer_0,streed,4,445.0,3,0.03,0.0001,0.001,0.9906497837182416,0.000301840648582,0.0248060226440429,0.0002842184091902,0.9911746749346644,0.0002790841134634,0.9915967128814336,1.0,full
synch,outer_0,streed,4,445.0,3,0.03,1e-05,0.1,0.5421285202257572,0.0146635974107727,599.8868052959442,0.014425748917664,0.5520630635009849,0.0140916220202809,0.5756980061201283,2.0,full
synch,outer_0,streed,4,445.0,3,0.03,1e-05,0.001,0.9906644148049608,0.0003013654346465,0.0249850749969482,0.0002837580770443,0.9911889688040773,0.0002786164413191,0.9916107945977202,1.0,full
synch,outer_0,streed,4,445.0,3,0.01,0.1,0.1,0.5191149288012388,0.0154545263370824,599.8890776634216,0.015846252528899,0.5079547097833282,0.0154890883900118,0.5336199709440873,3.0,full
synch,outer_0,streed,4,445.0,3,0.01,0.1,0.001,0.9778919255224692,0.0007076033549793,599.7428154945374,0.0006424909587391,0.980049879321444,0.0009379776838034,0.9717572752888326,3.0,full
synch,outer_0,streed,4,445.0,3,0.01,0.01,0.1,0.5250474139806092,0.0152577116565914,599.642918586731,0.0157091597075602,0.512211607553906,0.0155738479268769,0.5310678417115224,3.0,full
synch,outer_0,streed,4,445.0,3,0.01,0.01,0.001,0.9915007360683477,0.0002707974502979,29.66307759284973,0.0004084383599347,0.9873174953520903,0.0004027483166681,0.9878731551592768,1.0,full
synch,outer_0,streed,4,445.0,3,0.01,0.001,0.1,0.5260021156343088,0.0152260827389307,599.8721258640289,0.015692720426619,0.5127220670929638,0.0155581405131269,0.5315407955675966,3.0,full
synch,outer_0,streed,4,445.0,3,0.01,0.001,0.001,0.9944139650236457,0.0001774479270482,0.6440339088439941,0.0002887955140273,0.9910325502983314,0.0002837364308434,0.9914566305305405,1.0,full
synch,outer_0,streed,4,445.0,3,0.01,0.0001,0.1,0.5260990556501038,0.0152228711719924,599.8863186836243,0.0156910583946494,0.512773675194079,0.0155565502686862,0.5315886781950159,3.0,full
synch,outer_0,streed,4,445.0,3,0.01,0.0001,0.001,0.9945409867559046,0.0001733320597965,0.6203858852386475,0.0002842184091902,0.9911746749346644,0.0002790841134634,0.9915967128814336,1.0,full
synch,outer_0,streed,4,445.0,3,0.01,1e-05,0.1,0.5261087647860281,0.0152225495141151,599.8867642879486,0.0156908920064173,0.5127788417497565,0.0155563910447853,0.5315934724634489,3.0,full
synch,outer_0,streed,4,445.0,3,0.01,1e-05,0.001,0.9945535942622232,0.0001729236754401,0.6220741271972656,0.0002837580770443,0.9911889688040773,0.0002786164413191,0.9916107945977202,1.0,full
synch,outer_0,streed,4,445.0,3,0.008,0.1,0.1,0.5191149288012388,0.0154545263370824,599.8880231380463,0.015846252528899,0.5079547097833282,0.0154890883900118,0.5336199709440873,3.0,full
synch,outer_0,streed,4,445.0,3,0.008,0.1,0.001,0.9757852565220452,0.0007644605600406,599.7541024684906,0.0006215314240638,0.9807006982013844,0.0008083706856539,0.97565977193943,4.0,full
synch,outer_0,streed,4,445.0,3,0.008,0.01,0.1,0.5250474139806092,0.0152577116565914,599.6520612239838,0.0157091597075602,0.512211607553906,0.0155738479268769,0.5310678417115224,3.0,full
synch,outer_0,streed,4,445.0,3,0.008,0.01,0.001,0.99676553103553,0.0001024619277896,33.483649253845215,9.33705941004462e-05,0.9971007302207212,0.0001035577136585,0.9968818533222272,2.0,full
synch,outer_0,streed,4,445.0,3,0.008,0.001,0.1,0.5260021156343088,0.0152260827389307,599.878270149231,0.015692720426619,0.5127220670929638,0.0155581405131269,0.5315407955675966,3.0,full
synch,outer_0,streed,4,445.0,3,0.008,0.001,0.001,0.9967446396318534,9.612736760736108e-05,0.7354435920715332,3.3934601150981354e-05,0.998946289626442,3.597857410126684e-05,0.9989166768235656,2.0,full
synch,outer_0,streed,4,445.0,3,0.008,0.0001,0.1,0.5260990556501038,0.0152228711719924,599.8881084918976,0.0156910583946494,0.512773675194079,0.0155565502686862,0.5315886781950159,3.0,full
synch,outer_0,streed,4,445.0,3,0.008,0.0001,0.001,0.9968610057693128,9.23832892476855e-05,0.7016000747680664,2.778384849329495e-05,0.9991372779292588,3.0013695461759032e-05,0.9990962806971548,2.0,full
synch,outer_0,streed,4,445.0,3,0.008,1e-05,0.1,0.5261087647860281,0.0152225495141151,599.8893773555756,0.0156908920064173,0.5127788417497565,0.0155563910447853,0.5315934724634489,3.0,full
synch,outer_0,streed,4,445.0,3,0.008,1e-05,0.001,0.9968919425085956,9.133537182503584e-05,0.6845424175262451,2.7383484183412936e-05,0.9991497097248956,2.9584943299351187e-05,0.999109190523797,2.0,full
synch,outer_0,streed,4,445.0,3,0.005,0.1,0.1,0.5124295611885709,0.0156753133659527,599.8919768333435,0.0154109815537242,0.5214703995599624,0.0156122259607889,0.5299122702459664,4.0,full
synch,outer_0,streed,4,445.0,3,0.005,0.1,0.001,0.980491127471207,0.0006237861214939,599.6758964061737,0.000493230380708,0.9846846006412824,0.0006047081971708,0.9817920965091288,6.0,full
synch,outer_0,streed,4,445.0,3,0.005,0.01,0.1,0.5250474139806092,0.0152577116565914,599.6932687759399,0.0152319740753313,0.5270287980832808,0.0154606483084826,0.5344763083679529,4.0,full
synch,outer_0,streed,4,445.0,3,0.005,0.01,0.001,0.99676553103553,0.0001024619277896,599.9159646034241,9.33705941004462e-05,0.9971007302207212,0.0001035577136585,0.9968818533222272,2.0,full
synch,outer_0,streed,4,445.0,3,0.005,0.001,0.1,0.5260021156343088,0.0152260827389307,599.6885483264923,0.0152119174829448,0.5276515795140065,0.0154434920821123,0.5349928863066653,4.0,full
synch,outer_0,streed,4,445.0,3,0.005,0.001,0.001,0.9989529261715124,3.3195965819029485e-05,33.38638424873352,3.3934601150981354e-05,0.998946289626442,3.597857410126684e-05,0.9989166768235656,2.0,full
synch,outer_0,streed,4,445.0,3,0.005,0.0001,0.1,0.5260990556501038,0.0152228711719924,599.8802409172058,0.0152098859178913,0.527714662063936,0.015441753129093,0.535045246583737,4.0,full
synch,outer_0,streed,4,445.0,3,0.005,0.0001,0.001,0.9990456468423576,3.0125732240461964e-05,31.936031818389893,2.778384849329495e-05,0.9991372779292588,3.0013695461759032e-05,0.9990962806971548,2.0,full
synch,outer_0,streed,4,445.0,3,0.005,1e-05,0.1,0.5261087647860281,0.0152225495141151,599.8752653598785,0.0152096824969798,0.5277209785290596,0.0154415789965159,0.5350504897558542,4.0,full
synch,outer_0,streed,4,445.0,3,0.005,1e-05,0.001,0.9990784505365222,2.902461063182508e-05,31.826913118362427,2.7383484183412936e-05,0.9991497097248956,2.9584943299351187e-05,0.999109190523797,2.0,full
synch,outer_0,streed,4,445.0,3,0.003,0.1,0.1,0.5124295611885709,0.0156753133659527,599.8774671554565,0.0154109815537242,0.5214703995599624,0.0156122259607889,0.5299122702459664,4.0,full
synch,outer_0,streed,4,445.0,3,0.003,0.1,0.001,0.9833679434702556,0.0005310109248215,599.7418258190155,0.0003334928597916,0.9896446436984314,0.0004231313845866,0.9872594162762188,9.0,full
synch,outer_0,streed,4,445.0,3,0.003,0.01,0.1,0.5196995405311763,0.0154343273878546,599.7009787559509,0.0152319740753313,0.5270287980832808,0.0154606483084826,0.5344763083679529,4.0,full
synch,outer_0,streed,4,445.0,3,0.003,0.01,0.001,0.99676553103553,0.0001024619277896,599.607789516449,9.33705941004462e-05,0.9971007302207212,0.0001035577136585,0.9968818533222272,2.0,full
synch,outer_0,streed,4,445.0,3,0.003,0.001,0.1,0.5205241128827653,0.0154069960441863,599.5596959590912,0.0152119174829448,0.5276515795140065,0.0154434920821123,0.5349928863066653,4.0,full
synch,outer_0,streed,4,445.0,3,0.003,0.001,0.001,0.9989529261715124,3.3195965819029485e-05,599.2082808017731,3.3934601150981354e-05,0.998946289626442,3.597857410126684e-05,0.9989166768235656,2.0,full
synch,outer_0,streed,4,445.0,3,0.003,0.0001,0.1,0.5206082101511358,0.0154042086142904,599.6704494953156,0.0152098859178913,0.527714662063936,0.015441753129093,0.535045246583737,4.0,full
synch,outer_0,streed,4,445.0,3,0.003,0.0001,0.001,0.9990566798424072,2.9761362853234152e-05,599.2317974567413,2.803389867315348e-05,0.9991295135690044,2.9964936504326897e-05,0.9990977488406252,2.0,full
synch,outer_0,streed,4,445.0,3,0.003,1e-05,0.1,0.5206166369993342,0.0154039293044952,599.6696357727051,0.0152096824969798,0.5277209785290596,0.0154415789965159,0.5350504897558542,4.0,full
synch,outer_0,streed,4,445.0,3,0.003,1e-05,0.001,0.9990784505365222,2.902461063182508e-05,599.3550477027893,2.766861385328805e-05,0.9991408561040848,2.9588237525328696e-05,0.999109091333892,2.0,full
synch,outer_0,streed,4,445.0,3,0.001,0.1,0.1,0.5124295611885709,0.0156753133659527,599.6648626327515,0.0154109815537242,0.5214703995599624,0.0156122259607889,0.5299122702459664,4.0,full
synch,outer_0,streed,4,445.0,3,0.001,0.1,0.001,0.9909779955679706,0.0002871828655222,599.7755739688873,0.0001986995212922,0.9938301397480678,0.0002926454412901,0.9911883781682091,13.0,full
synch,outer_0,streed,4,445.0,3,0.001,0.01,0.1,0.5196995405311763,0.0154343273878546,599.7525188922882,0.0152319740753313,0.5270287980832808,0.0154606483084826,0.5344763083679529,4.0,full
synch,outer_0,streed,4,445.0,3,0.001,0.01,0.001,0.993759751924144,0.0001974271541292,599.6654093265533,0.0001531797935758,0.9952435823013748,0.0001874873600155,0.9943547122845492,9.0,full
synch,outer_0,streed,4,445.0,3,0.001,0.001,0.1,0.5205241128827653,0.0154069960441863,599.6601185798645,0.0152119174829448,0.5276515795140065,0.0154434920821123,0.5349928863066653,4.0,full
synch,outer_0,streed,4,445.0,3,0.001,0.001,0.001,0.9992618169300632,2.3853392616544284e-05,599.3702044487,1.3522279316817346e-05,0.9995801168863933,1.4902912282550717e-05,0.9995512698689332,3.0,full
synch,outer_0,streed,4,445.0,3,0.001,0.0001,0.1,0.5206082101511358,0.0154042086142904,599.4364230632782,0.0152098859178913,0.527714662063936,0.015441753129093,0.535045246583737,4.0,full
synch,outer_0,streed,4,445.0,3,0.001,0.0001,0.001,0.999426358648941,1.8699559834751367e-05,599.3587749004364,1.0269382373646488e-05,0.9996811232673988,1.2683562169622869e-05,0.9996180950134538,3.0,full
synch,outer_0,streed,4,445.0,3,0.001,1e-05,0.1,0.5206166369993342,0.0154039293044952,599.3829157352448,0.0152096824969798,0.5277209785290596,0.0154415789965159,0.5350504897558542,4.0,full
synch,outer_0,streed,4,445.0,3,0.001,1e-05,0.001,0.9994239712455216,1.8793282919676854e-05,599.3560419082642,9.855975741476628e-06,0.9996939600429036,1.2247857784023965e-05,0.999631214173142,3.0,full
synch,outer_0,streed,4,445.0,3,0.0005,0.1,0.1,0.5124295611885709,0.0156753133659527,599.4164538383484,0.0154109815537242,0.5214703995599624,0.0156122259607889,0.5299122702459664,4.0,full
synch,outer_0,streed,4,445.0,3,0.0005,0.1,0.001,0.992284079654488,0.0002458739941431,599.7798988819122,0.0001387040507924,0.9956930716078196,0.000215905039692,0.9934990493856428,16.0,full
synch,outer_0,streed,4,445.0,3,0.0005,0.01,0.1,0.5196995405311763,0.0154343273878546,599.7620823383331,0.0152319740753313,0.5270287980832808,0.0154606483084826,0.5344763083679529,4.0,full
synch,outer_0,streed,4,445.0,3,0.0005,0.01,0.001,0.994371823957238,0.0001790122940859,599.6913375854492,0.0001246812140633,0.9961284976339698,0.0001704287082134,0.9948683522304762,16.0,full
synch,outer_0,streed,4,445.0,3,0.0005,0.001,0.1,0.5205241128827653,0.0154069960441863,599.7263712882996,0.0152119174829448,0.5276515795140065,0.0154434920821123,0.5349928863066653,4.0,full
synch,outer_0,streed,4,445.0,3,0.0005,0.001,0.001,0.9956730965450864,0.000135909247265,599.5105717182159,8.333519886411818e-05,0.99741234136995,0.0001040116844175,0.996868184157818,12.0,full
synch,outer_0,streed,4,445.0,3,0.0005,0.0001,0.1,0.5206082101511358,0.0154042086142904,599.5883977413177,0.0152098859178913,0.527714662063936,0.015441753129093,0.535045246583737,4.0,full
synch,outer_0,streed,4,445.0,3,0.0005,0.0001,0.001,0.9959595495364916,0.0001266778508673,599.5255074501038,7.079467610855966e-05,0.9978017397559388,7.629131483965088e-05,0.9977028508885925,11.0,full
synch,outer_0,streed,4,445.0,3,0.0005,1e-05,0.1,0.5206166369993342,0.0154039293044952,599.5322723388672,0.0152096824969798,0.5277209785290596,0.0154415789965159,0.5350504897558542,4.0,full
synch,outer_0,streed,4,445.0,3,0.0005,1e-05,0.001,0.995968760391138,0.0001263969085648,599.4410171508789,7.058638893177038e-05,0.99780820732448,7.604055828754534e-05,0.9977104012262954,11.0,full
synch,outer_0,streed,4,445.0,3,0.0001,0.1,0.1,0.5124295611885709,0.0156753133659527,599.4614109992981,0.0154109815537242,0.5214703995599624,0.0156122259607889,0.5299122702459664,4.0,full
synch,outer_0,streed,4,445.0,3,0.0001,0.1,0.001,0.9925912544172112,0.0002371201761648,599.7571334838867,0.0001387040507924,0.9956930716078196,0.000215905039692,0.9934990493856428,16.0,full
synch,outer_0,streed,4,445.0,3,0.0001,0.01,0.1,0.5196995405311763,0.0154343273878546,599.773805141449,0.0152319740753313,0.5270287980832808,0.0154606483084826,0.5344763083679529,4.0,full
synch,outer_0,streed,4,445.0,3,0.0001,0.01,0.001,0.9943758127833476,0.0001788986211481,599.7184364795685,0.0001246812140633,0.9961284976339698,0.0001704287082134,0.9948683522304762,16.0,full
synch,outer_0,streed,4,445.0,3,0.0001,0.001,0.1,0.5205241128827653,0.0154069960441863,599.76158618927,0.0152119174829448,0.5276515795140065,0.0154434920821123,0.5349928863066653,4.0,full
synch,outer_0,streed,4,445.0,3,0.0001,0.001,0.001,0.9952800431827926,0.0001502606247182,599.6750357151031,9.209218868355984e-05,0.9971404262537876,0.0001200415173883,0.9963855221845348,16.0,full
synch,outer_0,streed,4,445.0,3,0.0001,0.0001,0.1,0.5206082101511358,0.0154042086142904,599.7297596931458,0.0152098859178913,0.527714662063936,0.015441753129093,0.535045246583737,4.0,full
synch,outer_0,streed,4,445.0,3,0.0001,0.0001,0.001,0.9954643552699912,0.0001445500493673,599.662504196167,9.082866312590823e-05,0.9971796602492436,0.000119041414431,0.996415635515578,16.0,full
synch,outer_0,streed,4,445.0,3,0.0001,1e-05,0.1,0.5206166369993342,0.0154039293044952,599.7294025421143,0.0152096824969798,0.5277209785290596,0.0154415789965159,0.5350504897558542,4.0,full
synch,outer_0,streed,4,445.0,3,0.0001,1e-05,0.001,0.9954778338928714,0.0001441244376801,599.6611099243164,7.144149079064796e-05,0.9977816553784254,0.0001027569441419,0.9969059646773324,16.0,full
synch,outer_1,streed,4,445.0,3,0.1,0.1,0.1,0.5281172400150016,0.0149314393192903,599.8946805000305,0.0159850580710571,0.4968345157745416,0.0167453798820291,0.509302906871036,2.0,full
synch,outer_1,streed,4,445.0,3,0.1,0.1,0.001,0.9747707993057148,0.0007940822693642,0.0207254886627197,0.0007877553553578,0.9752036368546252,0.000794648966051,0.9767140584181264,1.0,full
synch,outer_1,streed,4,445.0,3,0.1,0.01,0.1,0.5408352834006741,0.0145210514359819,599.8965005874634,0.015883553269649,0.5000296066102872,0.0166441264384385,0.5122699802243589,2.0,full
synch,outer_1,streed,4,445.0,3,0.1,0.01,0.001,0.9872212612219782,0.0003999449783592,0.0226683616638183,0.0003962637118679,0.9875267126602408,0.0004194033607863,0.9877100423259282,1.0,full
synch,outer_1,streed,4,445.0,3,0.1,0.001,0.1,0.5422798625944962,0.014474456489291,599.8876249790192,0.0158720893213647,0.5003904600437865,0.016632681150766,0.5126053664282226,2.0,full
synch,outer_1,streed,4,445.0,3,0.1,0.001,0.001,0.9909686699722418,0.0002822995303544,0.0231354236602783,0.0002794049461422,0.9912051038916654,0.000298458200181,0.9912541505608656,1.0,full
synch,outer_1,streed,4,445.0,3,0.1,0.0001,0.1,0.5424262850469233,0.014469733848039,599.8870875835419,0.0158709279211858,0.5004270177141315,0.0166315215313189,0.512639347257315,2.0,full
synch,outer_1,streed,4,445.0,3,0.1,0.0001,0.001,0.9911127916327812,0.0002777627574573,0.0233149528503417,0.0002748978451261,0.9913469749849784,0.0002940585961772,0.991383074055631,1.0,full
synch,outer_1,streed,4,445.0,3,0.1,1e-05,0.1,0.5424409472066767,0.0144692609438299,599.8942196369171,0.0158708116289574,0.5004306782723326,0.0166314054162854,0.5126427498262498,2.0,full
synch,outer_1,streed,4,445.0,3,0.1,1e-05,0.001,0.9911272863941776,0.0002773065343691,0.0235397815704345,0.0002744446151501,0.9913612414129952,0.0002936158121266,0.9913960491477504,1.0,full
synch,outer_1,streed,4,445.0,3,0.08,0.1,0.1,0.5281172400150016,0.0149314393192903,599.8940637111664,0.0159850580710571,0.4968345157745416,0.0167453798820291,0.509302906871036,2.0,full
synch,outer_1,streed,4,445.0,3,0.08,0.1,0.001,0.9747707993057148,0.0007940822693642,0.0234863758087158,0.0007877553553578,0.9752036368546252,0.000794648966051,0.9767140584181264,1.0,full
synch,outer_1,streed,4,445.0,3,0.08,0.01,0.1,0.5408352834006741,0.0145210514359819,599.8851962089539,0.015883553269649,0.5000296066102872,0.0166441264384385,0.5122699802243589,2.0,full
synch,outer_1,streed,4,445.0,3,0.08,0.01,0.001,0.9872212612219782,0.0003999449783592,0.0237629413604736,0.0003962637118679,0.9875267126602408,0.0004194033607863,0.9877100423259282,1.0,full
synch,outer_1,streed,4,445.0,3,0.08,0.001,0.1,0.5422798625944962,0.014474456489291,599.8886065483093,0.0158720893213647,0.5003904600437865,0.016632681150766,0.5126053664282226,2.0,full
synch,outer_1,streed,4,445.0,3,0.08,0.001,0.001,0.9909686699722418,0.0002822995303544,0.0237660408020019,0.0002794049461422,0.9912051038916654,0.000298458200181,0.9912541505608656,1.0,full
synch,outer_1,streed,4,445.0,3,0.08,0.0001,0.1,0.5424262850469233,0.014469733848039,599.8919613361359,0.0158709279211858,0.5004270177141315,0.0166315215313189,0.512639347257315,2.0,full
synch,outer_1,streed,4,445.0,3,0.08,0.0001,0.001,0.9911127916327812,0.0002777627574573,0.0238802433013916,0.0002748978451261,0.9913469749849784,0.0002940585961772,0.991383074055631,1.0,full
synch,outer_1,streed,4,445.0,3,0.08,1e-05,0.1,0.5424409472066767,0.0144692609438299,599.8838636875153,0.0158708116289574,0.5004306782723326,0.0166314054162854,0.5126427498262498,2.0,full
synch,outer_1,streed,4,445.0,3,0.08,1e-05,0.001,0.9911272863941776,0.0002773065343691,0.0241336822509765,0.0002744446151501,0.9913612414129952,0.0002936158121266,0.9913960491477504,1.0,full
synch,outer_1,streed,4,445.0,3,0.05,0.1,0.1,0.5281172400150016,0.0149314393192903,599.8824460506439,0.0159850580710571,0.4968345157745416,0.0167453798820291,0.509302906871036,2.0,full
synch,outer_1,streed,4,445.0,3,0.05,0.1,0.001,0.9747707993057148,0.0007940822693642,0.0293869972229003,0.0007877553553578,0.9752036368546252,0.000794648966051,0.9767140584181264,1.0,full
synch,outer_1,streed,4,445.0,3,0.05,0.01,0.1,0.5408352834006741,0.0145210514359819,599.8953564167023,0.015883553269649,0.5000296066102872,0.0166441264384385,0.5122699802243589,2.0,full
synch,outer_1,streed,4,445.0,3,0.05,0.01,0.001,0.9872212612219782,0.0003999449783592,0.0242173671722412,0.0003962637118679,0.9875267126602408,0.0004194033607863,0.9877100423259282,1.0,full
synch,outer_1,streed,4,445.0,3,0.05,0.001,0.1,0.5422798625944962,0.014474456489291,599.8898084163666,0.0158720893213647,0.5003904600437865,0.016632681150766,0.5126053664282226,2.0,full
synch,outer_1,streed,4,445.0,3,0.05,0.001,0.001,0.9909686699722418,0.0002822995303544,0.0244195461273193,0.0002794049461422,0.9912051038916654,0.000298458200181,0.9912541505608656,1.0,full
synch,outer_1,streed,4,445.0,3,0.05,0.0001,0.1,0.5424262850469233,0.014469733848039,599.8818225860596,0.0158709279211858,0.5004270177141315,0.0166315215313189,0.512639347257315,2.0,full
synch,outer_1,streed,4,445.0,3,0.05,0.0001,0.001,0.9911127916327812,0.0002777627574573,0.0244321823120117,0.0002748978451261,0.9913469749849784,0.0002940585961772,0.991383074055631,1.0,full
synch,outer_1,streed,4,445.0,3,0.05,1e-05,0.1,0.5424409472066767,0.0144692609438299,599.8845052719116,0.0158708116289574,0.5004306782723326,0.0166314054162854,0.5126427498262498,2.0,full
synch,outer_1,streed,4,445.0,3,0.05,1e-05,0.001,0.9911272863941776,0.0002773065343691,0.0246469974517822,0.0002744446151501,0.9913612414129952,0.0002936158121266,0.9913960491477504,1.0,full
synch,outer_1,streed,4,445.0,3,0.03,0.1,0.1,0.4956010876469641,0.0159307157069537,599.8884124755859,0.0159850580710571,0.4968345157745416,0.0167453798820291,0.509302906871036,2.0,full
synch,outer_1,streed,4,445.0,3,0.03,0.1,0.001,0.9747707993057148,0.0007940822693642,0.8484408855438232,0.0007877553553578,0.9752036368546252,0.000794648966051,0.9767140584181264,1.0,full
synch,outer_1,streed,4,445.0,3,0.03,0.01,0.1,0.5044655391748004,0.0156387552226696,599.8804383277893,0.015883553269649,0.5000296066102872,0.0166441264384385,0.5122699802243589,2.0,full
synch,outer_1,streed,4,445.0,3,0.03,0.01,0.001,0.9872212612219782,0.0003999449783592,0.0301785469055175,0.0003962637118679,0.9875267126602408,0.0004194033607863,0.9877100423259282,1.0,full
synch,outer_1,streed,4,445.0,3,0.03,0.001,0.1,0.5054732733311067,0.0156055852632318,599.878931760788,0.0158720893213647,0.5003904600437865,0.016632681150766,0.5126053664282226,2.0,full
synch,outer_1,streed,4,445.0,3,0.03,0.001,0.001,0.9909686699722418,0.0002822995303544,0.0251040458679199,0.0002794049461422,0.9912051038916654,0.000298458200181,0.9912541505608656,1.0,full
synch,outer_1,streed,4,445.0,3,0.03,0.0001,0.1,0.5055754403551036,0.0156022226661865,599.8873138427734,0.0158709279211858,0.5004270177141315,0.0166315215313189,0.512639347257315,2.0,full
synch,outer_1,streed,4,445.0,3,0.03,0.0001,0.001,0.9911127916327812,0.0002777627574573,0.0252566337585449,0.0002748978451261,0.9913469749849784,0.0002940585961772,0.991383074055631,1.0,full
synch,outer_1,streed,4,445.0,3,0.03,1e-05,0.1,0.505585671203469,0.0156018859436753,599.8874304294586,0.0158708116289574,0.5004306782723326,0.0166314054162854,0.5126427498262498,2.0,full
synch,outer_1,streed,4,445.0,3,0.03,1e-05,0.001,0.9911272863941776,0.0002773065343691,0.0253596305847167,0.0002744446151501,0.9913612414129952,0.0002936158121266,0.9913960491477504,1.0,full
synch,outer_1,streed,4,445.0,3,0.01,0.1,0.1,0.4982567631643703,0.0159002813374946,599.8812453746796,0.0158864499519592,0.4999384270505531,0.01640897579523,0.5191607010012368,3.0,full
synch,outer_1,streed,4,445.0,3,0.01,0.1,0.001,0.9773769748673709,0.0007129036343713,599.711688041687,0.0006412499396996,0.9798152227546352,0.0007557481695836,0.977853985244598,3.0,full
synch,outer_1,streed,4,445.0,3,0.01,0.01,0.1,0.5020873866207699,0.0157822133308682,599.6199421882629,0.0158180914185672,0.5020901649048819,0.0163439926558779,0.5210649299770556,3.0,full
synch,outer_1,streed,4,445.0,3,0.01,0.01,0.001,0.990916071884255,0.0002932482864151,29.43774127960205,0.0003962637118679,0.9875267126602408,0.0004194033607863,0.9877100423259282,1.0,full
synch,outer_1,streed,4,445.0,3,0.01,0.001,0.1,0.5025170598110055,0.0157689795186065,599.8715925216675,0.0158102585238396,0.5023367227998226,0.0163365185732069,0.5212839462469931,3.0,full
synch,outer_1,streed,4,445.0,3,0.01,0.001,0.001,0.9909686699722418,0.0002822995303544,0.658271312713623,0.0002794049461422,0.9912051038916654,0.000298458200181,0.9912541505608656,1.0,full
synch,outer_1,streed,4,445.0,3,0.01,0.0001,0.1,0.5025605709503841,0.0157676394620158,599.8876173496246,0.0158094636982268,0.5023617417151462,0.0163357598453919,0.5213061795755842,3.0,full
synch,outer_1,streed,4,445.0,3,0.01,0.0001,0.001,0.9911127916327812,0.0002777627574573,0.6155328750610352,0.0002748978451261,0.9913469749849784,0.0002940585961772,0.991383074055631,1.0,full
synch,outer_1,streed,4,445.0,3,0.01,1e-05,0.1,0.5025649275962188,0.0157675052866963,599.8869669437408,0.0158093840984815,0.5023642472953094,0.0163356838575939,0.5213084062788222,3.0,full
synch,outer_1,streed,4,445.0,3,0.01,1e-05,0.001,0.9911272863941776,0.0002773065343691,0.6047146320343018,0.0002744446151501,0.9913612414129952,0.0002936158121266,0.9913960491477504,1.0,full
synch,outer_1,streed,4,445.0,3,0.008,0.1,0.1,0.4982567631643703,0.0159002813374946,599.8786098957062,0.0158864499519592,0.4999384270505531,0.01640897579523,0.5191607010012368,3.0,full
synch,outer_1,streed,4,445.0,3,0.008,0.1,0.001,0.9776463498400924,0.0007043922904389,599.7037596702576,0.0006311252802833,0.9801339190731058,0.0007647023729816,0.9775915963582515,4.0,full
synch,outer_1,streed,4,445.0,3,0.008,0.01,0.1,0.5020873866207699,0.0157822133308682,599.6523461341858,0.0158180914185672,0.5020901649048819,0.0163439926558779,0.5210649299770556,3.0,full
synch,outer_1,streed,4,445.0,3,0.008,0.01,0.001,0.9968833582309822,9.84217037538586e-05,32.209900856018066,9.071372274285012e-05,0.9971445825203198,9.226017983795558e-05,0.9972964601354536,2.0,full
synch,outer_1,streed,4,445.0,3,0.008,0.001,0.1,0.5025170598110055,0.0157689795186065,599.8671853542328,0.0158102585238396,0.5023367227998226,0.0163365185732069,0.5212839462469931,3.0,full
synch,outer_1,streed,4,445.0,3,0.008,0.001,0.001,0.9969834964339268,0.0001032158881331,0.71974778175354,3.483738604732557e-05,0.9989034152930986,3.749383735954871e-05,0.9989013019034388,2.0,full
synch,outer_1,streed,4,445.0,3,0.008,0.0001,0.1,0.5025605709503841,0.0157676394620158,599.8855125904083,0.0158094636982268,0.5023617417151462,0.0163357598453919,0.5213061795755842,3.0,full
synch,outer_1,streed,4,445.0,3,0.008,0.0001,0.001,0.9972102839936992,9.613087167247108e-05,0.6890311241149902,2.909946923019536e-05,0.9990840290688447,3.215117691246522e-05,0.9990578601881376,2.0,full
synch,outer_1,streed,4,445.0,3,0.008,1e-05,0.1,0.5025649275962188,0.0157675052866963,599.8872165679932,0.0158093840984815,0.5023642472953094,0.0163356838575939,0.5213084062788222,3.0,full
synch,outer_1,streed,4,445.0,3,0.008,1e-05,0.001,0.9992011192589022,2.533331083174753e-05,0.6871559619903564,2.8703822464720332e-05,0.999096482936416,3.172362604085104e-05,0.9990703888958372,2.0,full
synch,outer_1,streed,4,445.0,3,0.005,0.1,0.1,0.5005757102592546,0.0158333160701418,599.8802740573883,0.0158864499519592,0.4999384270505531,0.01640897579523,0.5191607010012368,3.0,full
synch,outer_1,streed,4,445.0,3,0.005,0.1,0.001,0.9820123943483404,0.0005643252318368,599.7190613746643,0.0004762293669891,0.9850096146677524,0.0006500702564254,0.9809507107390316,6.0,full
synch,outer_1,streed,4,445.0,3,0.005,0.01,0.1,0.5044395348840105,0.0157142892985999,599.675954580307,0.0158180914185672,0.5020901649048819,0.0163439926558779,0.5210649299770556,3.0,full
synch,outer_1,streed,4,445.0,3,0.005,0.01,0.001,0.9968833582309822,9.84217037538586e-05,599.0342116355896,9.071372274285012e-05,0.9971445825203198,9.226017983795558e-05,0.9972964601354536,2.0,full
synch,outer_1,streed,4,445.0,3,0.005,0.001,0.1,0.5048728665506288,0.0157009498388874,599.6853024959564,0.0158102585238396,0.5023367227998226,0.0163365185732069,0.5212839462469931,3.0,full
synch,outer_1,streed,4,445.0,3,0.005,0.001,0.001,0.9989365656639654,3.393653746545615e-05,32.59260058403015,3.317439553579391e-05,0.9989557616419374,3.655503747513722e-05,0.9989288119615894,2.0,full
synch,outer_1,streed,4,445.0,3,0.005,0.0001,0.1,0.5049167472695076,0.015699599109785,599.8682491779327,0.0158094636982268,0.5023617417151462,0.0163357598453919,0.5213061795755842,3.0,full
synch,outer_1,streed,4,445.0,3,0.005,0.0001,0.001,0.9991762974422216,2.6106925935920813e-05,32.3238377571106,2.909946923019536e-05,0.9990840290688447,3.215117691246522e-05,0.9990578601881376,2.0,full
synch,outer_1,streed,4,445.0,3,0.005,1e-05,0.1,0.5049211409109954,0.0156994638661256,599.8653168678284,0.0158093840984815,0.5023642472953094,0.0163356838575939,0.5213084062788222,3.0,full
synch,outer_1,streed,4,445.0,3,0.005,1e-05,0.001,0.9992011192589022,2.533331083174753e-05,32.251078605651855,2.8703822464720332e-05,0.999096482936416,3.172362604085104e-05,0.9990703888958372,2.0,full
synch,outer_1,streed,4,445.0,3,0.003,0.1,0.1,0.5005757102592546,0.0158333160701418,599.8735585212708,0.0158864499519592,0.4999384270505531,0.01640897579523,0.5191607010012368,3.0,full
synch,outer_1,streed,4,445.0,3,0.003,0.1,0.001,0.9833122804428064,0.0005248105705308,599.7224063873291,0.0003992577370063,0.9874324690170928,0.0005034889541324,0.9852460458970844,8.0,full
synch,outer_1,streed,4,445.0,3,0.003,0.01,0.1,0.5044395348840105,0.0157142892985999,599.708410024643,0.0158180914185672,0.5020901649048819,0.0163439926558779,0.5210649299770556,3.0,full
synch,outer_1,streed,4,445.0,3,0.003,0.01,0.001,0.9968833582309822,9.84217037538586e-05,599.5977416038513,9.071372274285012e-05,0.9971445825203198,9.226017983795558e-05,0.9972964601354536,2.0,full
synch,outer_1,streed,4,445.0,3,0.003,0.001,0.1,0.5048728665506288,0.0157009498388874,599.5627794265747,0.0158102585238396,0.5023367227998226,0.0163365185732069,0.5212839462469931,3.0,full
synch,outer_1,streed,4,445.0,3,0.003,0.001,0.001,0.9989289109883372,3.417177860111895e-05,599.3895416259766,3.317439553579391e-05,0.9989557616419374,3.655503747513722e-05,0.9989288119615894,2.0,full
synch,outer_1,streed,4,445.0,3,0.003,0.0001,0.1,0.5049167472695076,0.015699599109785,599.6507594585419,0.0158094636982268,0.5023617417151462,0.0163357598453919,0.5213061795755842,3.0,full
synch,outer_1,streed,4,445.0,3,0.003,0.0001,0.001,0.9991762974422216,2.6106925935920813e-05,599.9302008152008,2.909946923019536e-05,0.9990840290688447,3.215117691246522e-05,0.9990578601881376,2.0,full
synch,outer_1,streed,4,445.0,3,0.003,1e-05,0.1,0.5049211409109954,0.0156994638661256,599.6401658058167,0.0158093840984815,0.5023642472953094,0.0163356838575939,0.5213084062788222,3.0,full
synch,outer_1,streed,4,445.0,3,0.003,1e-05,0.001,0.9992011192589022,2.533331083174753e-05,599.4425673484802,2.8703822464720332e-05,0.999096482936416,3.172362604085104e-05,0.9990703888958372,2.0,full
synch,outer_1,streed,4,445.0,3,0.001,0.1,0.1,0.5005757102592546,0.0158333160701418,599.654883146286,0.0158864499519592,0.4999384270505531,0.01640897579523,0.5191607010012368,3.0,full
synch,outer_1,streed,4,445.0,3,0.001,0.1,0.001,0.989193024847267,0.000339728390347,599.7574906349182,0.0002039160174588,0.9935812868986844,0.0002326077936886,0.9931837934399642,13.0,full
synch,outer_1,streed,4,445.0,3,0.001,0.01,0.1,0.5044395348840105,0.0157142892985999,599.7357001304626,0.0158180914185672,0.5020901649048819,0.0163439926558779,0.5210649299770556,3.0,full
synch,outer_1,streed,4,445.0,3,0.001,0.01,0.001,0.9929279177583896,0.00022053775647,599.6404228210449,0.000159153482098,0.9949902878969809,0.0001976259123004,0.994208882606666,10.0,full
synch,outer_1,streed,4,445.0,3,0.001,0.001,0.1,0.5048728665506288,0.0157009498388874,599.6497759819031,0.0158102585238396,0.5023367227998226,0.0163365185732069,0.5212839462469931,3.0,full
synch,outer_1,streed,4,445.0,3,0.001,0.001,0.001,0.9990024882662274,3.076396370978817e-05,599.3853375911713,1.4393920461707754e-05,0.9995469191336795,1.4355136853894085e-05,0.9995793452298306,3.0,full
synch,outer_1,streed,4,445.0,3,0.001,0.0001,0.1,0.5049167472695076,0.015699599109785,599.3966054916382,0.0158094636982268,0.5023617417151462,0.0163357598453919,0.5213061795755842,3.0,full
synch,outer_1,streed,4,445.0,3,0.001,0.0001,0.001,0.9993364747197454,2.0401855607951493e-05,599.4082825183868,1.0677813898232205e-05,0.9996638919060106,1.0903928768035982e-05,0.9996804774697348,3.0,full
synch,outer_1,streed,4,445.0,3,0.001,1e-05,0.1,0.5049211409109954,0.0156994638661256,599.4159903526306,0.0158093840984815,0.5023642472953094,0.0163356838575939,0.5213084062788222,3.0,full
synch,outer_1,streed,4,445.0,3,0.001,1e-05,0.001,0.999362586412909,1.958229868129865e-05,599.3744122982025,1.023602487990386e-05,0.9996777982042764,1.042388122872342e-05,0.999694544509943,3.0,full
synch,outer_1,streed,4,445.0,3,0.0005,0.1,0.1,0.5005757102592546,0.0158333160701418,599.4073429107666,0.0158864499519592,0.4999384270505531,0.01640897579523,0.5191607010012368,3.0,full
synch,outer_1,streed,4,445.0,3,0.0005,0.1,0.001,0.991378481035822,0.0002715149884255,599.780442237854,0.0001593050839079,0.9949855158906644,0.0001946079228228,0.9942973200547373,15.0,full
synch,outer_1,streed,4,445.0,3,0.0005,0.01,0.1,0.5044395348840105,0.0157142892985999,599.7485616207123,0.015420456125442,0.5146066258349002,0.01579997032852,0.5370066510077172,4.0,full
synch,outer_1,streed,4,445.0,3,0.0005,0.01,0.001,0.9941270825923316,0.0001839013219541,599.6738429069519,0.0001334529937247,0.9957992682972842,0.0001797952690036,0.9947313816419822,15.0,full
synch,outer_1,streed,4,445.0,3,0.0005,0.001,0.1,0.5048728665506288,0.0157009498388874,599.728209733963,0.0154096129109855,0.5149479402816997,0.0157881118314253,0.5373541456656028,4.0,full
synch,outer_1,streed,4,445.0,3,0.0005,0.001,0.001,0.9958586835028104,0.000129495222349,599.5091497898102,9.342084914048454e-05,0.9970593696572404,0.0001358207727576,0.9960199852826124,13.0,full
synch,outer_1,streed,4,445.0,3,0.0005,0.0001,0.1,0.5049167472695076,0.015699599109785,599.5823707580566,0.0154085149932954,0.5149824996986085,0.0157869114091949,0.5373893221562607,4.0,full
synch,outer_1,streed,4,445.0,3,0.0005,0.0001,0.001,0.9959631689546145,0.0001262598430717,599.4538698196411,8.790803395259361e-05,0.997232897855332,0.0001287200198445,0.9962280617095458,12.0,full
synch,outer_1,streed,4,445.0,3,0.0005,1e-05,0.1,0.5049211409109954,0.0156994638661256,599.525839805603,0.015408405063607,0.5149859599816204,0.0157867912191871,0.5373928441359275,4.0,full
synch,outer_1,streed,4,445.0,3,0.0005,1e-05,0.001,0.9959742679319016,0.0001259164213031,599.4446823596954,8.775594323401227e-05,0.997237685251144,0.0001283971808745,0.9962375219992056,12.0,full
synch,outer_1,streed,4,445.0,3,0.0001,0.1,0.1,0.5005757102592546,0.0158333160701418,599.5136475563049,0.0155169843926453,0.5115681825528763,0.0159057671659427,0.53390644062424,4.0,full
synch,outer_1,streed,4,445.0,3,0.0001,0.1,0.001,0.9921418641760528,0.000248925456981,599.7605390548706,0.0001433815956634,0.9954867433267786,0.0001745101511514,0.9948862537311928,16.0,full
synch,outer_1,streed,4,445.0,3,0.0001,0.01,0.1,0.5044395348840105,0.0157142892985999,599.7683689594269,0.015420456125442,0.5146066258349002,0.01579997032852,0.5370066510077172,4.0,full
synch,outer_1,streed,4,445.0,3,0.0001,0.01,0.001,0.9941155121018012,0.0001842569027083,599.711678981781,0.0001173778747321,0.9963052686506096,0.0001593606346166,0.9953301865519624,16.0,full
synch,outer_1,streed,4,445.0,3,0.0001,0.001,0.1,0.5048728665506288,0.0157009498388874,599.7501029968262,0.0154096129109855,0.5149479402816997,0.0157881118314253,0.5373541456656028,4.0,full
synch,outer_1,streed,4,445.0,3,0.0001,0.001,0.001,0.9957078330482344,0.0001347194392379,599.67356133461,9.228920829905328e-05,0.9970949905858236,0.0001227255706374,0.9964037196415588,16.0,full
synch,outer_1,streed,4,445.0,3,0.0001,0.0001,0.1,0.5049167472695076,0.015699599109785,599.7291603088379,0.0154085149932954,0.5149824996986085,0.0157869114091949,0.5373893221562607,4.0,full
synch,outer_1,streed,4,445.0,3,0.0001,0.0001,0.001,0.9959304882841012,0.000127844553342,599.6546156406403,8.001164188122701e-05,0.997481454471302,0.0001084275018924,0.996822702120304,16.0,full
synch,outer_1,streed,4,445.0,3,0.0001,1e-05,0.1,0.5049211409109954,0.0156994638661256,599.7229833602905,0.015408405063607,0.5149859599816204,0.0157867912191871,0.5373928441359275,4.0,full
synch,outer_1,streed,4,445.0,3,0.0001,1e-05,0.001,0.9959460272465422,0.0001273487837141,599.6604716777802,7.988557759806952e-05,0.9974854226268004,0.0001081590049581,0.9968305700018392,16.0,full
synch,outer_2,streed,4,446.0,3,0.1,0.1,0.1,0.5776017770860998,0.0136151913245751,599.906500339508,0.0163156573081593,0.5013096882278241,0.015179794552728,0.5144902703279628,2.0,full
synch,outer_2,streed,4,446.0,3,0.1,0.1,0.001,0.9737031972162118,0.0008321836530106,0.0208792686462402,0.0008167944243478,0.975034565973134,0.000853549107086,0.9727001314277562,1.0,full
synch,outer_2,streed,4,446.0,3,0.1,0.01,0.1,0.5894244592165765,0.0132800868942521,599.8884742259979,0.0162010546407476,0.504812534534413,0.0150723263154088,0.5179275286299727,2.0,full
synch,outer_2,streed,4,446.0,3,0.1,0.01,0.001,0.986074734101185,0.0004355891849309,0.022700548171997,0.000426123790935,0.9869754676663468,0.0004503385587965,0.9855963958416748,1.0,full
synch,outer_2,streed,4,446.0,3,0.1,0.001,0.1,0.5907723387231625,0.0132418703425,599.8958418369293,0.0161879450829443,0.5052132299734403,0.0150600270103978,0.5183209089376107,2.0,full
synch,outer_2,streed,4,446.0,3,0.1,0.001,0.001,0.9899841057977268,0.0003123511894435,0.0232808589935302,0.0003045977425032,0.9906899280669448,0.0003222249871755,0.9896939734016976,1.0,full
synch,outer_2,streed,4,446.0,3,0.1,0.0001,0.1,0.5909091284139679,0.0132379918671168,599.8945596218109,0.0161866150881349,0.5052538814478864,0.0150587791515405,0.5183608203879524,2.0,full
synch,outer_2,streed,4,446.0,3,0.1,0.0001,0.001,0.9901318674835676,0.0003076758046432,0.023522138595581,0.000299986356598,0.9908308757119796,0.0003173772597753,0.98984902285322,1.0,full
synch,outer_2,streed,4,446.0,3,0.1,1e-05,0.1,0.5909228278314849,0.0132376034392232,599.8944036960602,0.0161864818953062,0.505257952505034,0.0150586541835786,0.5183648173565031,2.0,full
synch,outer_2,streed,4,446.0,3,0.1,1e-05,0.001,0.9901467405613862,0.0003072053228303,0.0238003730773925,0.0002995223266097,0.9908450588524524,0.0003168892544145,0.9898646311903384,1.0,full
synch,outer_2,streed,4,446.0,3,0.08,0.1,0.1,0.5594254395268745,0.0141171584058098,599.8933525085449,0.0163156573081593,0.5013096882278241,0.015179794552728,0.5144902703279628,2.0,full
synch,outer_2,streed,4,446.0,3,0.08,0.1,0.001,0.9737031972162118,0.0008321836530106,0.0239105224609375,0.0008167944243478,0.975034565973134,0.000853549107086,0.9727001314277562,1.0,full
synch,outer_2,streed,4,446.0,3,0.08,0.01,0.1,0.564248532061546,0.0139753582397699,599.9026567935944,0.0162010546407476,0.504812534534413,0.0150723263154088,0.5179275286299727,2.0,full
synch,outer_2,streed,4,446.0,3,0.08,0.01,0.001,0.986074734101185,0.0004355891849309,0.0239307880401611,0.000426123790935,0.9869754676663468,0.0004503385587965,0.9855963958416748,1.0,full
synch,outer_2,streed,4,446.0,3,0.08,0.001,0.1,0.5907723387231625,0.0132418703425,599.9003896713257,0.0161879450829443,0.5052132299734403,0.0150600270103978,0.5183209089376107,2.0,full
synch,outer_2,streed,4,446.0,3,0.08,0.001,0.001,0.9899841057977268,0.0003123511894435,0.0240612030029296,0.0003045977425032,0.9906899280669448,0.0003222249871755,0.9896939734016976,1.0,full
synch,outer_2,streed,4,446.0,3,0.08,0.0001,0.1,0.5909091284139679,0.0132379918671168,599.8926849365234,0.0161866150881349,0.5052538814478864,0.0150587791515405,0.5183608203879524,2.0,full
synch,outer_2,streed,4,446.0,3,0.08,0.0001,0.001,0.9901318674835676,0.0003076758046432,0.0241096019744873,0.000299986356598,0.9908308757119796,0.0003173772597753,0.98984902285322,1.0,full
synch,outer_2,streed,4,446.0,3,0.08,1e-05,0.1,0.5909228278314849,0.0132376034392232,599.8917653560638,0.0161864818953062,0.505257952505034,0.0150586541835786,0.5183648173565031,2.0,full
synch,outer_2,streed,4,446.0,3,0.08,1e-05,0.001,0.9901467405613862,0.0003072053228303,0.0244555473327636,0.0002995223266097,0.9908450588524524,0.0003168892544145,0.9898646311903384,1.0,full
synch,outer_2,streed,4,446.0,3,0.05,0.1,0.1,0.5594254395268745,0.0141171584058098,599.8980705738068,0.0163156573081593,0.5013096882278241,0.015179794552728,0.5144902703279628,2.0,full
synch,outer_2,streed,4,446.0,3,0.05,0.1,0.001,0.9737031972162118,0.0008321836530106,0.0296354293823242,0.0008167944243478,0.975034565973134,0.000853549107086,0.9727001314277562,1.0,full
synch,outer_2,streed,4,446.0,3,0.05,0.01,0.1,0.564248532061546,0.0139753582397699,599.8974816799164,0.0162010546407476,0.504812534534413,0.0150723263154088,0.5179275286299727,2.0,full
synch,outer_2,streed,4,446.0,3,0.05,0.01,0.001,0.986074734101185,0.0004355891849309,0.0244009494781494,0.000426123790935,0.9869754676663468,0.0004503385587965,0.9855963958416748,1.0,full
synch,outer_2,streed,4,446.0,3,0.05,0.001,0.1,0.5695101697291832,0.0138290573308496,599.8831243515015,0.0161879450829443,0.5052132299734403,0.0150600270103978,0.5183209089376107,2.0,full
synch,outer_2,streed,4,446.0,3,0.05,0.001,0.001,0.9899841057977268,0.0003123511894435,0.024442434310913,0.0003045977425032,0.9906899280669448,0.0003222249871755,0.9896939734016976,1.0,full
synch,outer_2,streed,4,446.0,3,0.05,0.0001,0.1,0.569573069705473,0.013827219431804,599.8863959312439,0.0161866150881349,0.5052538814478864,0.0150587791515405,0.5183608203879524,2.0,full
synch,outer_2,streed,4,446.0,3,0.05,0.0001,0.001,0.9901318674835676,0.0003076758046432,0.0247478485107421,0.000299986356598,0.9908308757119796,0.0003173772597753,0.98984902285322,1.0,full
synch,outer_2,streed,4,446.0,3,0.05,1e-05,0.1,0.569579370947819,0.0138270353157188,599.8894426822662,0.0161864818953062,0.505257952505034,0.0150586541835786,0.5183648173565031,2.0,full
synch,outer_2,streed,4,446.0,3,0.05,1e-05,0.001,0.9901467405613862,0.0003072053228303,0.0247800350189209,0.0002995223266097,0.9908450588524524,0.0003168892544145,0.9898646311903384,1.0,full
synch,outer_2,streed,4,446.0,3,0.03,0.1,0.1,0.5594254395268745,0.0141171584058098,599.8808453083038,0.0163156573081593,0.5013096882278241,0.015179794552728,0.5144902703279628,2.0,full
synch,outer_2,streed,4,446.0,3,0.03,0.1,0.001,0.9737031972162118,0.0008321836530106,0.873640775680542,0.0008167944243478,0.975034565973134,0.000853549107086,0.9727001314277562,1.0,full
synch,outer_2,streed,4,446.0,3,0.03,0.01,0.1,0.564248532061546,0.0139753582397699,599.8804457187653,0.0162010546407476,0.504812534534413,0.0150723263154088,0.5179275286299727,2.0,full
synch,outer_2,streed,4,446.0,3,0.03,0.01,0.001,0.986074734101185,0.0004355891849309,0.0303938388824462,0.000426123790935,0.9869754676663468,0.0004503385587965,0.9855963958416748,1.0,full
synch,outer_2,streed,4,446.0,3,0.03,0.001,0.1,0.5695101697291832,0.0138290573308496,599.8887946605682,0.0161879450829443,0.5052132299734403,0.0150600270103978,0.5183209089376107,2.0,full
synch,outer_2,streed,4,446.0,3,0.03,0.001,0.001,0.9899841057977268,0.0003123511894435,0.0251486301422119,0.0003045977425032,0.9906899280669448,0.0003222249871755,0.9896939734016976,1.0,full
synch,outer_2,streed,4,446.0,3,0.03,0.0001,0.1,0.569573069705473,0.013827219431804,599.8889560699463,0.0161866150881349,0.5052538814478864,0.0150587791515405,0.5183608203879524,2.0,full
synch,outer_2,streed,4,446.0,3,0.03,0.0001,0.001,0.9901318674835676,0.0003076758046432,0.0253894329071044,0.000299986356598,0.9908308757119796,0.0003173772597753,0.98984902285322,1.0,full
synch,outer_2,streed,4,446.0,3,0.03,1e-05,0.1,0.569579370947819,0.0138270353157188,599.8809797763824,0.0161864818953062,0.505257952505034,0.0150586541835786,0.5183648173565031,2.0,full
synch,outer_2,streed,4,446.0,3,0.03,1e-05,0.001,0.9901467405613862,0.0003072053228303,0.0254044532775878,0.0002995223266097,0.9908450588524524,0.0003168892544145,0.9898646311903384,1.0,full
synch,outer_2,streed,4,446.0,3,0.01,0.1,0.1,0.5594254395268745,0.0141171584058098,599.8859667778015,0.0160462761015887,0.5095433618918976,0.014708596819876,0.5295610331834422,3.0,full
synch,outer_2,streed,4,446.0,3,0.01,0.1,0.001,0.9735764255250604,0.0008293550099519,599.7103223800659,0.0006325332326638,0.9806665346638757,0.000941693273619,0.9698809331627872,4.0,full
synch,outer_2,streed,4,446.0,3,0.01,0.01,0.1,0.564248532061546,0.0139753582397699,599.6165428161621,0.0159662474446716,0.5119894488079741,0.0146332087851731,0.5319722400164457,3.0,full
synch,outer_2,streed,4,446.0,3,0.01,0.01,0.001,0.9945437503877024,0.0001851757324935,31.143702507019043,9.66950646747835e-05,0.9970445020363732,0.0001135555613411,0.9963680450550242,2.0,full
synch,outer_2,streed,4,446.0,3,0.01,0.001,0.1,0.5695101697291832,0.0138290573308496,599.8796100616455,0.0159569386498407,0.5122739734035066,0.0146244365586975,0.5322528104345757,3.0,full
synch,outer_2,streed,4,446.0,3,0.01,0.001,0.001,0.9938373676542688,0.0002059375293176,0.6456067562103271,0.0003045977425032,0.9906899280669448,0.0003222249871755,0.9896939734016976,1.0,full
synch,outer_2,streed,4,446.0,3,0.01,0.0001,0.1,0.569573069705473,0.013827219431804,599.8809854984283,0.0159559925081918,0.5123028923532587,0.0146235449177653,0.5322813286300259,3.0,full
synch,outer_2,streed,4,446.0,3,0.01,0.0001,0.001,0.9940435243912144,0.0001996494767691,0.6039485931396484,0.000299986356598,0.9908308757119796,0.0003173772597753,0.98984902285322,1.0,full
synch,outer_2,streed,4,446.0,3,0.01,1e-05,0.1,0.569579370947819,0.0138270353157188,599.8884091377258,0.0159558977388252,0.5123057889919962,0.0146234556070479,0.5322841851391888,3.0,full
synch,outer_2,streed,4,446.0,3,0.01,1e-05,0.001,0.9940531505492884,0.000199323896589,0.6039233207702637,0.0002995223266097,0.9908450588524524,0.0003168892544145,0.9898646311903384,1.0,full
synch,outer_2,streed,4,446.0,3,0.008,0.1,0.1,0.5594254395268745,0.0141171584058098,599.8888206481934,0.0160462761015887,0.5095433618918976,0.014708596819876,0.5295610331834422,3.0,full
synch,outer_2,streed,4,446.0,3,0.008,0.1,0.001,0.9763587133880848,0.0007497524704012,599.7128779888153,0.0006325332326638,0.9806665346638757,0.000941693273619,0.9698809331627872,4.0,full
synch,outer_2,streed,4,446.0,3,0.008,0.01,0.1,0.5634901257694804,0.0139963027777758,599.6426069736481,0.0159662474446716,0.5119894488079741,0.0146332087851731,0.5319722400164457,3.0,full
synch,outer_2,streed,4,446.0,3,0.008,0.01,0.001,0.9967272856381104,0.0001025778015659,34.56853938102722,9.66950646747835e-05,0.9970445020363732,0.0001135555613411,0.9963680450550242,2.0,full
synch,outer_2,streed,4,446.0,3,0.008,0.001,0.1,0.5640981848936286,0.0139785174859957,599.8510422706604,0.0159569386498407,0.5122739734035066,0.0146244365586975,0.5322528104345757,3.0,full
synch,outer_2,streed,4,446.0,3,0.008,0.001,0.001,0.9969560065247066,0.000106479730007,0.7542564868927002,3.67998599597621e-05,0.9988752072141568,4.056023100210512e-05,0.998702723760795,2.0,full
synch,outer_2,streed,4,446.0,3,0.008,0.0001,0.1,0.564159734222857,0.0139767168871137,599.8708169460297,0.0159559925081918,0.5123028923532587,0.0146235449177653,0.5322813286300259,3.0,full
synch,outer_2,streed,4,446.0,3,0.008,0.0001,0.001,0.9972472316934016,9.747872499304205e-05,0.7194581031799316,3.020866927915317e-05,0.9990766678647076,3.407438759093271e-05,0.998910166626396,2.0,full
synch,outer_2,streed,4,446.0,3,0.008,1e-05,0.1,0.5641658967740237,0.0139765366011953,599.8807625770569,0.0159558977388252,0.5123057889919962,0.0146234556070479,0.5322841851391888,3.0,full
synch,outer_2,streed,4,446.0,3,0.008,1e-05,0.001,0.9972559408719008,9.718238858698416e-05,0.7163212299346924,3.010791252031866e-05,0.9990797475089124,3.41198233557221e-05,0.9989087134113472,2.0,full
synch,outer_2,streed,4,446.0,3,0.005,0.1,0.1,0.5578934559509036,0.0141594664517307,599.8742668628693,0.0160462761015887,0.5095433618918976,0.014708596819876,0.5295610331834422,3.0,full
synch,outer_2,streed,4,446.0,3,0.005,0.1,0.001,0.9798315386255612,0.0006424234981928,599.7123944759369,0.0005202718051092,0.9840978206519174,0.0007092742805089,0.9773146096940204,6.0,full
synch,outer_2,streed,4,446.0,3,0.005,0.01,0.1,0.5634901257694804,0.0139963027777758,599.6464064121246,0.0159662474446716,0.5119894488079741,0.0146332087851731,0.5319722400164457,3.0,full
synch,outer_2,streed,4,446.0,3,0.005,0.01,0.001,0.9967272856381104,0.0001025778015659,599.8716378211975,9.66950646747835e-05,0.9970445020363732,0.0001135555613411,0.9963680450550242,2.0,full
synch,outer_2,streed,4,446.0,3,0.005,0.001,0.1,0.5640981848936286,0.0139785174859957,599.6741600036621,0.0159569386498407,0.5122739734035066,0.0146244365586975,0.5322528104345757,3.0,full
synch,outer_2,streed,4,446.0,3,0.005,0.001,0.001,0.9986455369638532,4.264216096067742e-05,34.848976612091064,3.67998599597621e-05,0.9988752072141568,4.056023100210512e-05,0.998702723760795,2.0,full
synch,outer_2,streed,4,446.0,3,0.005,0.0001,0.1,0.564159734222857,0.0139767168871137,599.8738203048706,0.0159559925081918,0.5123028923532587,0.0146235449177653,0.5322813286300259,3.0,full
synch,outer_2,streed,4,446.0,3,0.005,0.0001,0.001,0.9990112112227522,3.075158637883488e-05,34.83042335510254,3.020866927915317e-05,0.9990766678647076,3.407438759093271e-05,0.998910166626396,2.0,full
synch,outer_2,streed,4,446.0,3,0.005,1e-05,0.1,0.5641658967740237,0.0139765366011953,599.8782031536102,0.0159558977388252,0.5123057889919962,0.0146234556070479,0.5322841851391888,3.0,full
synch,outer_2,streed,4,446.0,3,0.005,1e-05,0.001,0.9990244759666316,3.0339023070529013e-05,34.824862480163574,3.010791252031866e-05,0.9990797475089124,3.41198233557221e-05,0.9989087134113472,2.0,full
synch,outer_2,streed,4,446.0,3,0.003,0.1,0.1,0.5578934559509036,0.0141594664517307,599.8674614429474,0.0160462761015887,0.5095433618918976,0.014708596819876,0.5295610331834422,3.0,full
synch,outer_2,streed,4,446.0,3,0.003,0.1,0.001,0.9833637777889558,0.0005287834424354,599.7241468429565,0.0003972203858134,0.9878589042229696,0.0005699921421796,0.981769402088838,8.0,full
synch,outer_2,streed,4,446.0,3,0.003,0.01,0.1,0.5634901257694804,0.0139963027777758,599.7138795852661,0.0159662474446716,0.5119894488079741,0.0146332087851731,0.5319722400164457,3.0,full
synch,outer_2,streed,4,446.0,3,0.003,0.01,0.001,0.9967272856381104,0.0001025778015659,599.6082818508148,9.66950646747835e-05,0.9970445020363732,0.0001135555613411,0.9963680450550242,2.0,full
synch,outer_2,streed,4,446.0,3,0.003,0.001,0.1,0.5640981848936286,0.0139785174859957,599.5602226257324,0.0159569386498407,0.5122739734035066,0.0146244365586975,0.5322528104345757,3.0,full
synch,outer_2,streed,4,446.0,3,0.003,0.001,0.001,0.998633182593586,4.303615928164101e-05,599.7675669193268,3.67998599597621e-05,0.9988752072141568,4.056023100210512e-05,0.998702723760795,2.0,full
synch,outer_2,streed,4,446.0,3,0.003,0.0001,0.1,0.564159734222857,0.0139767168871137,599.6343581676483,0.0159559925081918,0.5123028923532587,0.0146235449177653,0.5322813286300259,3.0,full
synch,outer_2,streed,4,446.0,3,0.003,0.0001,0.001,0.9990112112227522,3.075158637883488e-05,599.9657628536224,3.020866927915317e-05,0.9990766678647076,3.407438759093271e-05,0.998910166626396,2.0,full
synch,outer_2,streed,4,446.0,3,0.003,1e-05,0.1,0.5641658967740237,0.0139765366011953,599.6498780250549,0.0159558977388252,0.5123057889919962,0.0146234556070479,0.5322841851391888,3.0,full
synch,outer_2,streed,4,446.0,3,0.003,1e-05,0.001,0.9990244759666316,3.0339023070529013e-05,599.8274431228638,3.010791252031866e-05,0.9990797475089124,3.41198233557221e-05,0.9989087134113472,2.0,full
synch,outer_2,streed,4,446.0,3,0.001,0.1,0.1,0.5594210904740234,0.0141172785114889,599.6810584068298,0.0160462761015887,0.5095433618918976,0.014708596819876,0.5295610331834422,3.0,full
synch,outer_2,streed,4,446.0,3,0.001,0.1,0.001,0.9909003333190544,0.0002889965375767,599.7485961914062,0.0002057903894659,0.9937099884151668,0.0002277173694423,0.9927166999463968,13.0,full
synch,outer_2,streed,4,446.0,3,0.001,0.01,0.1,0.5647324036820907,0.013961995392372,599.7464044094086,0.0159662474446716,0.5119894488079741,0.0146332087851731,0.5319722400164457,3.0,full
synch,outer_2,streed,4,446.0,3,0.001,0.01,0.001,0.9936772726410537,0.0001988601831968,599.6031761169434,0.0001655479766769,0.9949400033021648,0.0002221917285293,0.9928934317471216,10.0,full
synch,outer_2,streed,4,446.0,3,0.001,0.001,0.1,0.5653089928384635,0.0139450791913985,599.6398797035217,0.0159569386498407,0.5122739734035066,0.0146244365586975,0.5322528104345757,3.0,full
synch,outer_2,streed,4,446.0,3,0.001,0.001,0.001,0.9994026751144988,1.8487304325965365e-05,599.4013726711273,1.4520950926566692e-05,0.9995561651358552,1.175695660748511e-05,0.999623966134427,3.0,full
synch,outer_2,streed,4,446.0,3,0.001,0.0001,0.1,0.5653673573289602,0.0139433665466599,599.3665065765381,0.0159559925081918,0.5123028923532587,0.0146235449177653,0.5322813286300259,3.0,full
synch,outer_2,streed,4,446.0,3,0.001,0.0001,0.001,0.9995550200157708,1.3833502609857269e-05,599.335075378418,1.1317733583649305e-05,0.999654071914923,1.0617860320992017e-05,0.9996603989285736,3.0,full
synch,outer_2,streed,4,446.0,3,0.001,1e-05,0.1,0.5653732010068022,0.0139431950669113,599.4185280799866,0.0159558977388252,0.5123057889919962,0.0146234556070479,0.5322841851391888,3.0,full
synch,outer_2,streed,4,446.0,3,0.001,1e-05,0.001,0.99928801548268,2.1165792049885492e-05,599.3583195209503,1.0560361345797031e-05,0.999677221101639,1.1442751323573327e-05,0.999634015659269,3.0,full
synch,outer_2,streed,4,446.0,3,0.0005,0.1,0.1,0.5594210904740234,0.0141172785114889,599.4277460575104,0.0160462761015887,0.5095433618918976,0.014708596819876,0.5295610331834422,3.0,full
synch,outer_2,streed,4,446.0,3,0.0005,0.1,0.001,0.9924235753858458,0.000241847431461,599.7436699867249,0.0001433753677039,0.9956177121478916,0.0001694012129171,0.9945818807491884,16.0,full
synch,outer_2,streed,4,446.0,3,0.0005,0.01,0.1,0.5647324036820907,0.013961995392372,599.7741448879242,0.0159662474446716,0.5119894488079741,0.0146332087851731,0.5319722400164457,3.0,full
synch,outer_2,streed,4,446.0,3,0.0005,0.01,0.001,0.9942306187675036,0.0001817822005095,599.669243812561,0.0001209511049312,0.9963031128266474,0.0001580226757869,0.994945811266622,16.0,full
synch,outer_2,streed,4,446.0,3,0.0005,0.001,0.1,0.5653089928384635,0.0139450791913985,599.7262506484985,0.0159569386498407,0.5122739734035066,0.0146244365586975,0.5322528104345757,3.0,full
synch,outer_2,streed,4,446.0,3,0.0005,0.001,0.001,0.9954769538474147,0.0001418411417719,599.5233290195465,7.197687334169776e-05,0.9978000169573796,0.000109802634258,0.9964880784722916,13.0,full
synch,outer_2,streed,4,446.0,3,0.0005,0.0001,0.1,0.5653673573289602,0.0139433665466599,599.5639712810516,0.0159559925081918,0.5123028923532587,0.0146235449177653,0.5322813286300259,3.0,full
synch,outer_2,streed,4,446.0,3,0.0005,0.0001,0.001,0.995651039615392,0.0001359483573988,599.4618389606476,8.353921461990381e-05,0.9974466124044437,0.0001063513059405,0.9965984655709198,12.0,full
synch,outer_2,streed,4,446.0,3,0.0005,1e-05,0.1,0.5653732010068022,0.0139431950669113,599.5229244232178,0.0159558977388252,0.5123057889919962,0.0146234556070479,0.5322841851391888,3.0,full
synch,outer_2,streed,4,446.0,3,0.0005,1e-05,0.001,0.99566074627823,0.0001356522611125,599.4670267105103,7.13065550133086e-05,0.9978205053293684,0.0001137365664327,0.996362255797944,13.0,full
synch,outer_2,streed,4,446.0,3,0.0001,0.1,0.1,0.5594210904740234,0.0141172785114889,599.4906463623047,0.0160462761015887,0.5095433618918976,0.014708596819876,0.5295610331834422,3.0,full
synch,outer_2,streed,4,446.0,3,0.0001,0.1,0.001,0.9928524618664708,0.0002281696357017,599.7403798103333,0.0001423105677759,0.9956502579042772,0.000167324140044,0.9946483137358536,16.0,full
synch,outer_2,streed,4,446.0,3,0.0001,0.01,0.1,0.5647324036820907,0.013961995392372,599.7783856391907,0.0159662474446716,0.5119894488079741,0.0146332087851731,0.5319722400164457,3.0,full
synch,outer_2,streed,4,446.0,3,0.0001,0.01,0.001,0.9945747206542982,0.0001708083052235,599.7069923877716,0.0001199400189547,0.9963340168087136,0.0001562908005246,0.9950012034715364,16.0,full
synch,outer_2,streed,4,446.0,3,0.0001,0.001,0.1,0.5653089928384635,0.0139450791913985,599.7570469379425,0.0159569386498407,0.5122739734035066,0.0146244365586975,0.5322528104345757,3.0,full
synch,outer_2,streed,4,446.0,3,0.0001,0.001,0.001,0.995396681392679,0.0001442078404573,599.6677994728088,8.538325339503715e-05,0.997390249105416,0.0001300165132241,0.9958415588584496,16.0,full
synch,outer_2,streed,4,446.0,3,0.0001,0.0001,0.1,0.5653673573289602,0.0139433665466599,599.7416529655457,0.0159559925081918,0.5123028923532587,0.0146235449177653,0.5322813286300259,3.0,full
synch,outer_2,streed,4,446.0,3,0.0001,0.0001,0.001,0.9955426896512124,0.0001398456276554,599.6653113365173,8.346361005299251e-05,0.9974489232684396,0.0001255375462139,0.9959848138975572,16.0,full
synch,outer_2,streed,4,446.0,3,0.0001,1e-05,0.1,0.5653732010068022,0.0139431950669113,599.7286496162415,0.0159558977388252,0.5123057889919962,0.0146234556070479,0.5322841851391888,3.0,full
synch,outer_2,streed,4,446.0,3,0.0001,1e-05,0.001,0.9955548343342896,0.0001394693893762,599.6697256565094,7.888203948864436e-05,0.9975889596034758,0.0001126476981914,0.9963970821010028,16.0,full
synch,outer_3,streed,4,446.0,3,0.1,0.1,0.1,0.5624361456985979,0.0143375770601067,599.8865392208099,0.0155097426656554,0.5328947020175492,0.0179369257599341,0.3938878022569682,2.0,full
synch,outer_3,streed,4,446.0,3,0.1,0.1,0.001,0.973752623286782,0.0008601313025022,0.0202419757843017,0.0008354944790238,0.9748375001442592,0.0008960316155836,0.9697219189599516,1.0,full
synch,outer_3,streed,4,446.0,3,0.1,0.01,0.1,0.5786395147401461,0.0137737551868891,599.8843364715576,0.0151135688492388,0.544826227418026,0.0174533440449671,0.4102286613300239,2.0,full
synch,outer_3,streed,4,446.0,3,0.1,0.01,0.001,0.9858426013430904,0.000461606745696,0.0220234394073486,0.0004422588089689,0.9866805376980085,0.0004369182658384,0.9852359599473298,1.0,full
synch,outer_3,streed,4,446.0,3,0.1,0.001,0.1,0.5805304731066813,0.013707916166037,599.8797941207886,0.0150681829644523,0.5461931093640633,0.0173978961661158,0.4121023177280363,2.0,full
synch,outer_3,streed,4,446.0,3,0.1,0.001,0.001,0.9897515461072374,0.0003336237670524,0.022935152053833,0.0003177809481697,0.9904294244148434,0.0003092185025943,0.9895511020841216,1.0,full
synch,outer_3,streed,4,446.0,3,0.1,0.0001,0.1,0.5807225806283839,0.0137012271129747,599.8830673694611,0.0150635781521336,0.5463317920151343,0.0173922699384577,0.4122924353243559,2.0,full
synch,outer_3,streed,4,446.0,3,0.1,0.0001,0.001,0.9898995919722756,0.0003287640874249,0.0231349468231201,0.0003130300358468,0.9905725071444632,0.0003038816197524,0.9897314423403992,1.0,full
synch,outer_3,streed,4,446.0,3,0.1,1e-05,0.1,0.5807418222320985,0.0137005571302437,599.880791425705,0.0150631169988569,0.5463456805201439,0.0173917064891817,0.4123114750128492,2.0,full
synch,outer_3,streed,4,446.0,3,0.1,1e-05,0.001,0.989914500123415,0.0003282747668487,0.0234198570251464,0.0003125517907888,0.9905869104008626,0.0003033450773072,0.9897495728118626,1.0,full
synch,outer_3,streed,4,446.0,3,0.08,0.1,0.1,0.5596828305487399,0.0144362935719691,599.8835492134094,0.0155097426656554,0.5328947020175492,0.0179369257599341,0.3938878022569682,2.0,full
synch,outer_3,streed,4,446.0,3,0.08,0.1,0.001,0.973752623286782,0.0008601313025022,0.0233294963836669,0.0008354944790238,0.9748375001442592,0.0008960316155836,0.9697219189599516,1.0,full
synch,outer_3,streed,4,446.0,3,0.08,0.01,0.1,0.5729850860019498,0.0139764873302246,599.882913351059,0.0151135688492388,0.544826227418026,0.0174533440449671,0.4102286613300239,2.0,full
synch,outer_3,streed,4,446.0,3,0.08,0.01,0.001,0.9858426013430904,0.000461606745696,0.0235209465026855,0.0004422588089689,0.9866805376980085,0.0004369182658384,0.9852359599473298,1.0,full
synch,outer_3,streed,4,446.0,3,0.08,0.001,0.1,0.5744794089825381,0.0139248691521205,599.8824875354767,0.0150681829644523,0.5461931093640633,0.0173978961661158,0.4121023177280363,2.0,full
synch,outer_3,streed,4,446.0,3,0.08,0.001,0.001,0.9897515461072374,0.0003336237670524,0.023634910583496,0.0003177809481697,0.9904294244148434,0.0003092185025943,0.9895511020841216,1.0,full
synch,outer_3,streed,4,446.0,3,0.08,0.0001,0.1,0.574631456200333,0.0139196164088342,599.8811211585999,0.0150635781521336,0.5463317920151343,0.0173922699384577,0.4122924353243559,2.0,full
synch,outer_3,streed,4,446.0,3,0.08,0.0001,0.001,0.9898995919722756,0.0003287640874249,0.0236694812774658,0.0003130300358468,0.9905725071444632,0.0003038816197524,0.9897314423403992,1.0,full
synch,outer_3,streed,4,446.0,3,0.08,1e-05,0.1,0.5746466879828604,0.0139190901929948,599.880446434021,0.0150631169988569,0.5463456805201439,0.0173917064891817,0.4123114750128492,2.0,full
synch,outer_3,streed,4,446.0,3,0.08,1e-05,0.001,0.989914500123415,0.0003282747668487,0.0238873958587646,0.0003125517907888,0.9905869104008626,0.0003033450773072,0.9897495728118626,1.0,full
synch,outer_3,streed,4,446.0,3,0.05,0.1,0.1,0.5596828305487399,0.0144362935719691,599.8816611766815,0.0155097426656554,0.5328947020175492,0.0179369257599341,0.3938878022569682,2.0,full
synch,outer_3,streed,4,446.0,3,0.05,0.1,0.001,0.973752623286782,0.0008601313025022,0.0290448665618896,0.0008354944790238,0.9748375001442592,0.0008960316155836,0.9697219189599516,1.0,full
synch,outer_3,streed,4,446.0,3,0.05,0.01,0.1,0.5729850860019498,0.0139764873302246,599.8804337978363,0.0151135688492388,0.544826227418026,0.0174533440449671,0.4102286613300239,2.0,full
synch,outer_3,streed,4,446.0,3,0.05,0.01,0.001,0.9858426013430904,0.000461606745696,0.0240888595581054,0.0004422588089689,0.9866805376980085,0.0004369182658384,0.9852359599473298,1.0,full
synch,outer_3,streed,4,446.0,3,0.05,0.001,0.1,0.5744794089825381,0.0139248691521205,599.8808720111847,0.0150681829644523,0.5461931093640633,0.0173978961661158,0.4121023177280363,2.0,full
synch,outer_3,streed,4,446.0,3,0.05,0.001,0.001,0.9897515461072374,0.0003336237670524,0.023768663406372,0.0003177809481697,0.9904294244148434,0.0003092185025943,0.9895511020841216,1.0,full
synch,outer_3,streed,4,446.0,3,0.05,0.0001,0.1,0.574631456200333,0.0139196164088342,599.8804078102112,0.0150635781521336,0.5463317920151343,0.0173922699384577,0.4122924353243559,2.0,full
synch,outer_3,streed,4,446.0,3,0.05,0.0001,0.001,0.9898995919722756,0.0003287640874249,0.0242495536804199,0.0003130300358468,0.9905725071444632,0.0003038816197524,0.9897314423403992,1.0,full
synch,outer_3,streed,4,446.0,3,0.05,1e-05,0.1,0.5746466879828604,0.0139190901929948,599.8800873756409,0.0150631169988569,0.5463456805201439,0.0173917064891817,0.4123114750128492,2.0,full
synch,outer_3,streed,4,446.0,3,0.05,1e-05,0.001,0.989914500123415,0.0003282747668487,0.0246298313140869,0.0003125517907888,0.9905869104008626,0.0003033450773072,0.9897495728118626,1.0,full
synch,outer_3,streed,4,446.0,3,0.03,0.1,0.1,0.5596828305487399,0.0144362935719691,599.8784730434418,0.0155097426656554,0.5328947020175492,0.0179369257599341,0.3938878022569682,2.0,full
synch,outer_3,streed,4,446.0,3,0.03,0.1,0.001,0.973752623286782,0.0008601313025022,0.8191666603088379,0.0008354944790238,0.9748375001442592,0.0008960316155836,0.9697219189599516,1.0,full
synch,outer_3,streed,4,446.0,3,0.03,0.01,0.1,0.5729850860019498,0.0139764873302246,599.8749861717224,0.0151135688492388,0.544826227418026,0.0174533440449671,0.4102286613300239,2.0,full
synch,outer_3,streed,4,446.0,3,0.03,0.01,0.001,0.9858426013430904,0.000461606745696,0.0301544666290283,0.0004422588089689,0.9866805376980085,0.0004369182658384,0.9852359599473298,1.0,full
synch,outer_3,streed,4,446.0,3,0.03,0.001,0.1,0.5744794089825381,0.0139248691521205,599.8755326271057,0.0150681829644523,0.5461931093640633,0.0173978961661158,0.4121023177280363,2.0,full
synch,outer_3,streed,4,446.0,3,0.03,0.001,0.001,0.9897515461072374,0.0003336237670524,0.0260078907012939,0.0003177809481697,0.9904294244148434,0.0003092185025943,0.9895511020841216,1.0,full
synch,outer_3,streed,4,446.0,3,0.03,0.0001,0.1,0.574631456200333,0.0139196164088342,599.872644662857,0.0150635781521336,0.5463317920151343,0.0173922699384577,0.4122924353243559,2.0,full
synch,outer_3,streed,4,446.0,3,0.03,0.0001,0.001,0.9898995919722756,0.0003287640874249,0.0254814624786376,0.0003130300358468,0.9905725071444632,0.0003038816197524,0.9897314423403992,1.0,full
synch,outer_3,streed,4,446.0,3,0.03,1e-05,0.1,0.5746466879828604,0.0139190901929948,599.8755145072937,0.0150631169988569,0.5463456805201439,0.0173917064891817,0.4123114750128492,2.0,full
synch,outer_3,streed,4,446.0,3,0.03,1e-05,0.001,0.989914500123415,0.0003282747668487,0.0254948139190673,0.0003125517907888,0.9905869104008626,0.0003033450773072,0.9897495728118626,1.0,full
synch,outer_3,streed,4,446.0,3,0.01,0.1,0.1,0.5442429003919687,0.0149109447787152,599.8743433952332,0.0162788707267978,0.5097309526290978,0.0179981156205743,0.3918201167790555,3.0,full
synch,outer_3,streed,4,446.0,3,0.01,0.1,0.001,0.9762538668047164,0.0007858717917661,599.027606010437,0.0006863952682622,0.97932790548322,0.0007893170896799,0.9733279424609836,3.0,full
synch,outer_3,streed,4,446.0,3,0.01,0.01,0.1,0.5525522177122529,0.0146196445020349,599.6095542907715,0.016123629181044,0.5144063460287049,0.0177454960476859,0.4003564627820175,3.0,full
synch,outer_3,streed,4,446.0,3,0.01,0.01,0.001,0.9911396262455666,0.0002984440005079,27.00097393989563,9.680008830467403e-05,0.9970846818630712,0.0001025005187943,0.9965363733145955,2.0,full
synch,outer_3,streed,4,446.0,3,0.01,0.001,0.1,0.553389244838833,0.0145903854501474,599.8692381381989,0.0161060693906906,0.5149351923985228,0.0177170036864388,0.4013192569601023,3.0,full
synch,outer_3,streed,4,446.0,3,0.01,0.001,0.001,0.9941485469900384,0.0001981842046866,0.6055493354797363,0.0003177809481697,0.9904294244148434,0.0003092185025943,0.9895511020841216,1.0,full
synch,outer_3,streed,4,446.0,3,0.01,0.0001,0.1,0.5534739468120098,0.0145874247443779,599.8805022239685,0.0161042902849223,0.514988773540902,0.0177141179271687,0.4014167705427942,3.0,full
synch,outer_3,streed,4,446.0,3,0.01,0.0001,0.001,0.9942786373113434,0.0001938776045445,0.5702486038208008,0.0003130300358468,0.9905725071444632,0.0003038816197524,0.9897314423403992,1.0,full
synch,outer_3,streed,4,446.0,3,0.01,1e-05,0.1,0.5534824274555739,0.0145871283096823,599.8785395622253,0.0161041121399184,0.5149941387153538,0.0177138289812309,0.401426534404212,3.0,full
synch,outer_3,streed,4,446.0,3,0.01,1e-05,0.001,0.9942915551315226,0.0001934495915643,0.5663542747497559,0.0003125517907888,0.9905869104008626,0.0003033450773072,0.9897495728118626,1.0,full
synch,outer_3,streed,4,446.0,3,0.008,0.1,0.1,0.5419307568217323,0.0149938436608829,599.8797898292542,0.0162788707267978,0.5097309526290978,0.0179981156205743,0.3918201167790555,3.0,full
synch,outer_3,streed,4,446.0,3,0.008,0.1,0.001,0.9783238778830716,0.0007164369090049,599.7233593463898,0.0006346598300198,0.9808860162667046,0.0007741833785378,0.973839330367868,4.0,full
synch,outer_3,streed,4,446.0,3,0.008,0.01,0.1,0.5502402087335989,0.0147025385585976,599.6206889152527,0.016123629181044,0.5144063460287049,0.0177454960476859,0.4003564627820175,3.0,full
synch,outer_3,streed,4,446.0,3,0.008,0.01,0.001,0.9970506576806296,9.721378465616682e-05,31.90360188484192,9.680008830467403e-05,0.9970846818630712,0.0001025005187943,0.9965363733145955,2.0,full
synch,outer_3,streed,4,446.0,3,0.008,0.001,0.1,0.5510772384224043,0.0146732794148448,599.8616554737091,0.0161060693906906,0.5149351923985228,0.0177170036864388,0.4013192569601023,3.0,full
synch,outer_3,streed,4,446.0,3,0.008,0.001,0.001,0.9989414895451676,3.515098940526504e-05,0.6812093257904053,3.5605338135431325e-05,0.9989276777546836,3.885719467871461e-05,0.9986869645344996,2.0,full
synch,outer_3,streed,4,446.0,3,0.008,0.0001,0.1,0.5511619404222338,0.0146703187081197,599.8787305355072,0.0161042902849223,0.514988773540902,0.0177141179271687,0.4014167705427942,3.0,full
synch,outer_3,streed,4,446.0,3,0.008,0.0001,0.001,0.9991203625836662,2.9136959279078047e-05,0.6741397380828857,3.1008505325918566e-05,0.9990661200877092,3.2959490936201564e-05,0.9988862556630268,2.0,full
synch,outer_3,streed,4,446.0,3,0.008,1e-05,0.1,0.5511704210660654,0.0146700222734145,599.8780722618103,0.0161041121399184,0.5149941387153538,0.0177138289812309,0.401426534404212,3.0,full
synch,outer_3,streed,4,446.0,3,0.008,1e-05,0.001,0.999133213960554,2.871058282764051e-05,0.6691558361053467,3.059599326590645e-05,0.9990785436702836,3.2527616024746204e-05,0.998900849281534,2.0,full
synch,outer_3,streed,4,446.0,3,0.005,0.1,0.1,0.5462321898558784,0.0148396214080608,599.8791673183441,0.0162788707267978,0.5097309526290978,0.0179981156205743,0.3918201167790555,3.0,full
synch,outer_3,streed,4,446.0,3,0.005,0.1,0.001,0.9810268295764542,0.000622602229349,599.7175860404968,0.0005168554960159,0.9844339170749096,0.0006532242175553,0.977926698731962,6.0,full
synch,outer_3,streed,4,446.0,3,0.005,0.01,0.1,0.5502402087335989,0.0147025385585976,599.6681928634644,0.016123629181044,0.5144063460287049,0.0177454960476859,0.4003564627820175,3.0,full
synch,outer_3,streed,4,446.0,3,0.005,0.01,0.001,0.9970506576806296,9.721378465616682e-05,599.1643743515015,9.680008830467403e-05,0.9970846818630712,0.0001025005187943,0.9965363733145955,2.0,full
synch,outer_3,streed,4,446.0,3,0.005,0.001,0.1,0.5510772384224043,0.0146732794148448,599.6563272476196,0.0161060693906906,0.5149351923985228,0.0177170036864388,0.4013192569601023,3.0,full
synch,outer_3,streed,4,446.0,3,0.005,0.001,0.001,0.9989438878915609,3.5073706040018945e-05,30.74335980415344,3.5605338135431325e-05,0.9989276777546836,3.885719467871461e-05,0.9986869645344996,2.0,full
synch,outer_3,streed,4,446.0,3,0.005,0.0001,0.1,0.5511619404222338,0.0146703187081197,599.8666589260101,0.0161042902849223,0.514988773540902,0.0177141179271687,0.4014167705427942,3.0,full
synch,outer_3,streed,4,446.0,3,0.005,0.0001,0.001,0.9991203625836662,2.9136959279078047e-05,30.46915984153748,3.1008505325918566e-05,0.9990661200877092,3.2959490936201564e-05,0.9988862556630268,2.0,full
synch,outer_3,streed,4,446.0,3,0.005,1e-05,0.1,0.5511704210660654,0.0146700222734145,599.864807844162,0.0161041121399184,0.5149941387153538,0.0177138289812309,0.401426534404212,3.0,full
synch,outer_3,streed,4,446.0,3,0.005,1e-05,0.001,0.999133213960554,2.871058282764051e-05,29.691875219345093,3.059599326590645e-05,0.9990785436702836,3.2527616024746204e-05,0.998900849281534,2.0,full
synch,outer_3,streed,4,446.0,3,0.003,0.1,0.1,0.5469251229795214,0.0148147771976466,599.8652925491333,0.0162788707267978,0.5097309526290978,0.0179981156205743,0.3918201167790555,3.0,full
synch,outer_3,streed,4,446.0,3,0.003,0.1,0.001,0.9860131152622356,0.0004620562575808,599.7347874641418,0.0003419412634519,0.9897017907259738,0.0004781937553197,0.9838412071353247,9.0,full
synch,outer_3,streed,4,446.0,3,0.003,0.01,0.1,0.5517699918253722,0.0146476901876315,599.6994700431824,0.016123629181044,0.5144063460287049,0.0177454960476859,0.4003564627820175,3.0,full
synch,outer_3,streed,4,446.0,3,0.003,0.01,0.001,0.9970506576806296,9.721378465616682e-05,599.5938005447388,9.680008830467403e-05,0.9970846818630712,0.0001025005187943,0.9965363733145955,2.0,full
synch,outer_3,streed,4,446.0,3,0.003,0.001,0.1,0.5523819594218176,0.0146265003506965,599.5691213607788,0.0161060693906906,0.5149351923985228,0.0177170036864388,0.4013192569601023,3.0,full
synch,outer_3,streed,4,446.0,3,0.003,0.001,0.001,0.9989415255813896,3.515941927062646e-05,599.0955376625061,3.5605338135431325e-05,0.9989276777546836,3.885719467871461e-05,0.9986869645344996,2.0,full
synch,outer_3,streed,4,446.0,3,0.003,0.0001,0.1,0.5524432394390286,0.0146243794085095,599.6594474315643,0.0161042902849223,0.514988773540902,0.0177141179271687,0.4014167705427942,3.0,full
synch,outer_3,streed,4,446.0,3,0.003,0.0001,0.001,0.9990784898513564,3.0638251303705907e-05,599.0774011611938,3.1008505325918566e-05,0.9990661200877092,3.2959490936201564e-05,0.9988862556630268,2.0,full
synch,outer_3,streed,4,446.0,3,0.003,1e-05,0.1,0.5524493684177934,0.014624167289678,599.658043384552,0.0161041121399184,0.5149941387153538,0.0177138289812309,0.401426534404212,3.0,full
synch,outer_3,streed,4,446.0,3,0.003,1e-05,0.001,0.99909614215731,3.0039743822841823e-05,599.0430097579956,3.059599326590645e-05,0.9990785436702836,3.2527616024746204e-05,0.998900849281534,2.0,full
synch,outer_3,streed,4,446.0,3,0.001,0.1,0.1,0.5460400129072037,0.0148465116610835,599.6547441482544,0.0162788707267978,0.5097309526290978,0.0179981156205743,0.3918201167790555,3.0,full
synch,outer_3,streed,4,446.0,3,0.001,0.1,0.001,0.9914459216372274,0.0002808536254415,599.7404451370239,0.0002042233800787,0.9938494258181404,0.0002560230043487,0.9913486475934908,13.0,full
synch,outer_3,streed,4,446.0,3,0.001,0.01,0.1,0.5521122486218822,0.014635419018051,599.732587814331,0.016123629181044,0.5144063460287049,0.0177454960476859,0.4003564627820175,3.0,full
synch,outer_3,streed,4,446.0,3,0.001,0.01,0.001,0.9936912565537646,0.0002066130285285,599.6857726573944,0.0001595268429583,0.995195546752607,0.0002132084395456,0.9927954077750036,10.0,full
synch,outer_3,streed,4,446.0,3,0.001,0.001,0.1,0.5527240576767443,0.0146142348654169,599.6302900314331,0.0161060693906906,0.5149351923985228,0.0177170036864388,0.4013192569601023,3.0,full
synch,outer_3,streed,4,446.0,3,0.001,0.001,0.001,0.9989051704937753,3.662324806497549e-05,599.398521900177,1.410795844265348e-05,0.9995751120908748,1.3947849778037024e-05,0.9995286839006916,3.0,full
synch,outer_3,streed,4,446.0,3,0.001,0.0001,0.1,0.5527853360843816,0.0146121139809391,599.381344795227,0.0161042902849223,0.514988773540902,0.0177141179271687,0.4014167705427942,3.0,full
synch,outer_3,streed,4,446.0,3,0.001,0.0001,0.001,0.9993751240282316,2.1308867915166416e-05,599.4695274829865,1.0356720170997846e-05,0.9996880877416292,1.029428474198853e-05,0.9996521426451408,3.0,full
synch,outer_3,streed,4,446.0,3,0.001,1e-05,0.1,0.5527914650470264,0.0146119018626856,599.372612953186,0.0161041121399184,0.5149941387153538,0.0177138289812309,0.401426534404212,3.0,full
synch,outer_3,streed,4,446.0,3,0.001,1e-05,0.001,0.9993988069242992,2.053209892613702e-05,599.4196660518646,1.0016313415912769e-05,0.9996983397362752,9.954265001219592e-06,0.999663632357208,3.0,full
synch,outer_3,streed,4,446.0,3,0.0005,0.1,0.1,0.5460400129072037,0.0148465116610835,599.423996925354,0.0162788707267978,0.5097309526290978,0.0179981156205743,0.3918201167790555,3.0,full
synch,outer_3,streed,4,446.0,3,0.0005,0.1,0.001,0.9926078258221436,0.0002428190802714,599.7520673274994,0.000141719976823,0.9957318342779088,0.0001742204357513,0.9941128634517246,16.0,full
synch,outer_3,streed,4,446.0,3,0.0005,0.01,0.1,0.5521122486218822,0.014635419018051,599.7588393688202,0.016123629181044,0.5144063460287049,0.0177454960476859,0.4003564627820175,3.0,full
synch,outer_3,streed,4,446.0,3,0.0005,0.01,0.001,0.9942813334739212,0.0001872130846215,599.6928045749664,0.0001361529291136,0.995899496471619,0.0002158232328256,0.9927070504877636,15.0,full
synch,outer_3,streed,4,446.0,3,0.0005,0.001,0.1,0.5527240576767443,0.0146142348654169,599.7174158096313,0.0161060693906906,0.5149351923985228,0.0177170036864388,0.4013192569601023,3.0,full
synch,outer_3,streed,4,446.0,3,0.0005,0.001,0.001,0.9956871679939278,0.0001414172574798,599.5962235927582,0.000101864714707,0.996932151039326,0.0001298085743521,0.9956135983758048,12.0,full
synch,outer_3,streed,4,446.0,3,0.0005,0.0001,0.1,0.5527853360843816,0.0146121139809391,599.5337648391724,0.0161042902849223,0.514988773540902,0.0177141179271687,0.4014167705427942,3.0,full
synch,outer_3,streed,4,446.0,3,0.0005,0.0001,0.001,0.9963020064234408,0.000121214058174,599.5634059906006,9.49364658802937e-05,0.9971408083847444,0.0001264803615832,0.9957260630413172,11.0,full
synch,outer_3,streed,4,446.0,3,0.0005,1e-05,0.1,0.5527914650470264,0.0146119018626856,599.5101976394653,0.0161041121399184,0.5149941387153538,0.0177138289812309,0.401426534404212,3.0,full
synch,outer_3,streed,4,446.0,3,0.0005,1e-05,0.001,0.9963134239065212,0.0001208317866874,599.5570166110992,9.4730094845576e-05,0.9971470236396164,0.0001262903371256,0.9957324842164454,11.0,full
synch,outer_3,streed,4,446.0,3,0.0001,0.1,0.1,0.5460400129072037,0.0148465116610835,599.4277865886688,0.0162788707267978,0.5097309526290978,0.0179981156205743,0.3918201167790555,3.0,full
synch,outer_3,streed,4,446.0,3,0.0001,0.1,0.001,0.9927693671125438,0.0002376964025534,599.7446703910828,0.000141414603314,0.9957410311799472,0.0001752363754622,0.9940785335192044,16.0,full
synch,outer_3,streed,4,446.0,3,0.0001,0.01,0.1,0.551004562253247,0.0146695387648978,599.7596418857574,0.016123629181044,0.5144063460287049,0.0177454960476859,0.4003564627820175,3.0,full
synch,outer_3,streed,4,446.0,3,0.0001,0.01,0.001,0.994402579720402,0.0001834192681241,599.7023162841797,0.0001284277066437,0.9961321561889048,0.0001582733807926,0.9946517353106988,16.0,full
synch,outer_3,streed,4,446.0,3,0.0001,0.001,0.1,0.551633619956971,0.0146478233070593,599.7453532218933,0.0161060693906906,0.5149351923985228,0.0177170036864388,0.4013192569601023,3.0,full
synch,outer_3,streed,4,446.0,3,0.0001,0.001,0.001,0.9955025920365008,0.0001470497588754,599.671751499176,8.651095658827754e-05,0.9973945585670227,0.0001047039961425,0.996461914931029,16.0,full
synch,outer_3,streed,4,446.0,3,0.0001,0.0001,0.1,0.5516966414664922,0.0146456487303119,599.7080271244049,0.0161042902849223,0.514988773540902,0.0177141179271687,0.4014167705427942,3.0,full
synch,outer_3,streed,4,446.0,3,0.0001,0.0001,0.001,0.9956935639179736,0.0001409581750234,599.6508898735046,6.735083754470945e-05,0.997971601868653,7.12565371584997e-05,0.9975921483470056,16.0,full
synch,outer_3,streed,4,446.0,3,0.0001,1e-05,0.1,0.5517029449237748,0.0146454312371499,599.7032716274261,0.0161041121399184,0.5149941387153538,0.0177138289812309,0.401426534404212,3.0,full
synch,outer_3,streed,4,446.0,3,0.0001,1e-05,0.001,0.9957067565913204,0.0001405316791553,599.6630132198334,6.728256226359033e-05,0.9979736581081547,7.119579144073272e-05,0.9975942010243144,16.0,full
synch,outer_4,streed,4,446.0,3,0.1,0.1,0.1,0.5280214201684156,0.0152867954481441,599.8937537670135,0.0148335000422605,0.5457679833473202,0.0139219950310951,0.5611197268367072,2.0,full
synch,outer_4,streed,4,446.0,3,0.1,0.1,0.001,0.974378046622617,0.0008267887399962,0.0210616588592529,0.0008088344171722,0.9752318409408764,0.0007346595516007,0.97684041806017,1.0,full
synch,outer_4,streed,4,446.0,3,0.1,0.01,0.1,0.5435517767518999,0.0147814478908945,599.9031691551208,0.0142963680081711,0.5622160614379992,0.0134129548009377,0.5771668317784623,2.0,full
synch,outer_4,streed,4,446.0,3,0.1,0.01,0.001,0.9867387456746995,0.0004263259735805,0.0226476192474365,0.0004128240225654,0.9873584866849804,0.0003987706771497,0.9874290585992818,1.0,full
synch,outer_4,streed,4,446.0,3,0.1,0.001,0.1,0.5453099259052376,0.0147242683490255,599.8938419818878,0.0142355479634002,0.5640784952203483,0.0133552877335716,0.5789847420866928,2.0,full
synch,outer_4,streed,4,446.0,3,0.1,0.001,0.001,0.9905438181423036,0.000303630374934,0.0233030319213867,0.0002927746804867,0.9910346423188408,0.0002856175447057,0.990996124782354,1.0,full
synch,outer_4,streed,4,446.0,3,0.1,0.0001,0.1,0.5454880685606218,0.0147184750263889,599.8846256732941,0.0142293853800973,0.5642672060865306,0.0133494443209455,0.5791689512121672,2.0,full
synch,outer_4,streed,4,446.0,3,0.1,0.0001,0.001,0.9906889452548878,0.0002989497617414,0.02351975440979,0.0002881894577596,0.991175051187969,0.0002815863151187,0.9911232062199172,1.0,full
synch,outer_4,streed,4,446.0,3,0.1,1e-05,0.1,0.5455059064177302,0.0147178949303139,599.8918876647949,0.014228768305201,0.5642861021780642,0.013348859202337,0.5791873966299512,2.0,full
synch,outer_4,streed,4,446.0,3,0.1,1e-05,0.001,0.9907035472299368,0.0002984788614909,0.023869514465332,0.0002877282619832,0.9911891739430172,0.0002811804913365,0.9911359995050744,1.0,full
synch,outer_4,streed,4,446.0,3,0.08,0.1,0.1,0.5280214201684156,0.0152867954481441,599.8927700519562,0.0148335000422605,0.5457679833473202,0.0139219950310951,0.5611197268367072,2.0,full
synch,outer_4,streed,4,446.0,3,0.08,0.1,0.001,0.974378046622617,0.0008267887399962,0.0237655639648437,0.0008088344171722,0.9752318409408764,0.0007346595516007,0.97684041806017,1.0,full
synch,outer_4,streed,4,446.0,3,0.08,0.01,0.1,0.5435517767518999,0.0147814478908945,599.8874151706696,0.0142963680081711,0.5622160614379992,0.0134129548009377,0.5771668317784623,2.0,full
synch,outer_4,streed,4,446.0,3,0.08,0.01,0.001,0.9867387456746995,0.0004263259735805,0.0238051414489746,0.0004128240225654,0.9873584866849804,0.0003987706771497,0.9874290585992818,1.0,full
synch,outer_4,streed,4,446.0,3,0.08,0.001,0.1,0.5453099259052376,0.0147242683490255,599.8883140087128,0.0142355479634002,0.5640784952203483,0.0133552877335716,0.5789847420866928,2.0,full
synch,outer_4,streed,4,446.0,3,0.08,0.001,0.001,0.9905438181423036,0.000303630374934,0.0240607261657714,0.0002927746804867,0.9910346423188408,0.0002856175447057,0.990996124782354,1.0,full
synch,outer_4,streed,4,446.0,3,0.08,0.0001,0.1,0.5454880685606218,0.0147184750263889,599.8915777206421,0.0142293853800973,0.5642672060865306,0.0133494443209455,0.5791689512121672,2.0,full
synch,outer_4,streed,4,446.0,3,0.08,0.0001,0.001,0.9906889452548878,0.0002989497617414,0.0242178440093994,0.0002881894577596,0.991175051187969,0.0002815863151187,0.9911232062199172,1.0,full
synch,outer_4,streed,4,446.0,3,0.08,1e-05,0.1,0.5455059064177302,0.0147178949303139,599.883549451828,0.014228768305201,0.5642861021780642,0.013348859202337,0.5791873966299512,2.0,full
synch,outer_4,streed,4,446.0,3,0.08,1e-05,0.001,0.9907035472299368,0.0002984788614909,0.0241379737854003,0.0002877282619832,0.9911891739430172,0.0002811804913365,0.9911359995050744,1.0,full
synch,outer_4,streed,4,446.0,3,0.05,0.1,0.1,0.4876907494871593,0.0167233484434349,599.8821911811829,0.0148335000422605,0.5457679833473202,0.0139219950310951,0.5611197268367072,2.0,full
synch,outer_4,streed,4,446.0,3,0.05,0.1,0.001,0.974378046622617,0.0008267887399962,0.029587984085083,0.0008088344171722,0.9752318409408764,0.0007346595516007,0.97684041806017,1.0,full
synch,outer_4,streed,4,446.0,3,0.05,0.01,0.1,0.5435517767518999,0.0147814478908945,599.8948209285736,0.0142963680081711,0.5622160614379992,0.0134129548009377,0.5771668317784623,2.0,full
synch,outer_4,streed,4,446.0,3,0.05,0.01,0.001,0.9867387456746995,0.0004263259735805,0.0242450237274169,0.0004128240225654,0.9873584866849804,0.0003987706771497,0.9874290585992818,1.0,full
synch,outer_4,streed,4,446.0,3,0.05,0.001,0.1,0.5453099259052376,0.0147242683490255,599.8898837566376,0.0142355479634002,0.5640784952203483,0.0133552877335716,0.5789847420866928,2.0,full
synch,outer_4,streed,4,446.0,3,0.05,0.001,0.001,0.9905438181423036,0.000303630374934,0.0247371196746826,0.0002927746804867,0.9910346423188408,0.0002856175447057,0.990996124782354,1.0,full
synch,outer_4,streed,4,446.0,3,0.05,0.0001,0.1,0.5454880685606218,0.0147184750263889,599.8812477588654,0.0142293853800973,0.5642672060865306,0.0133494443209455,0.5791689512121672,2.0,full
synch,outer_4,streed,4,446.0,3,0.05,0.0001,0.001,0.9906889452548878,0.0002989497617414,0.024921178817749,0.0002881894577596,0.991175051187969,0.0002815863151187,0.9911232062199172,1.0,full
synch,outer_4,streed,4,446.0,3,0.05,1e-05,0.1,0.5455059064177302,0.0147178949303139,599.8846018314362,0.014228768305201,0.5642861021780642,0.013348859202337,0.5791873966299512,2.0,full
synch,outer_4,streed,4,446.0,3,0.05,1e-05,0.001,0.9907035472299368,0.0002984788614909,0.0248284339904785,0.0002877282619832,0.9911891739430172,0.0002811804913365,0.9911359995050744,1.0,full
synch,outer_4,streed,4,446.0,3,0.03,0.1,0.1,0.4598465690772715,0.0175509120209496,599.8886985778809,0.0156680362745785,0.5202127823026899,0.01612488127941,0.4916754182984023,3.0,full
synch,outer_4,streed,4,446.0,3,0.03,0.1,0.001,0.974378046622617,0.0008267887399962,0.8388655185699463,0.0008088344171722,0.9752318409408764,0.0007346595516007,0.97684041806017,1.0,full
synch,outer_4,streed,4,446.0,3,0.03,0.01,0.1,0.4672574784971233,0.0173135380234017,599.8795230388641,0.0154484604551251,0.5269366416072583,0.0158608443403338,0.4999989813860321,3.0,full
synch,outer_4,streed,4,446.0,3,0.03,0.01,0.001,0.9867387456746995,0.0004263259735805,0.0303142070770263,0.0004128240225654,0.9873584866849804,0.0003987706771497,0.9874290585992818,1.0,full
synch,outer_4,streed,4,446.0,3,0.03,0.001,0.1,0.4681004834906377,0.0172865451840959,599.8793528079987,0.0154236930633406,0.5276950696441627,0.0158310863555545,0.5009370791557513,3.0,full
synch,outer_4,streed,4,446.0,3,0.03,0.001,0.001,0.9905438181423036,0.000303630374934,0.0252864360809326,0.0002927746804867,0.9910346423188408,0.0002856175447057,0.990996124782354,1.0,full
synch,outer_4,streed,4,446.0,3,0.03,0.0001,0.1,0.4681859541311139,0.0172838085194873,599.8878703117371,0.0154211834014074,0.5277719206097355,0.0158280706557553,0.5010321467914384,3.0,full
synch,outer_4,streed,4,446.0,3,0.03,0.0001,0.001,0.9906889452548878,0.0002989497617414,0.025242805480957,0.0002881894577596,0.991175051187969,0.0002815863151187,0.9911232062199172,1.0,full
synch,outer_4,streed,4,446.0,3,0.03,1e-05,0.1,0.4681945130710034,0.0172835344736423,599.8881828784943,0.0154209321001598,0.527779615966335,0.015827768678922,0.5010416663807504,3.0,full
synch,outer_4,streed,4,446.0,3,0.03,1e-05,0.001,0.9907035472299368,0.0002984788614909,0.0258684158325195,0.0002877282619832,0.9911891739430172,0.0002811804913365,0.9911359995050744,1.0,full
synch,outer_4,streed,4,446.0,3,0.01,0.1,0.1,0.4838408806512578,0.0167685390542756,599.8809335231781,0.0156680362745785,0.5202127823026899,0.01612488127941,0.4916754182984023,3.0,full
synch,outer_4,streed,4,446.0,3,0.01,0.1,0.001,0.9753995657153648,0.0007988046198093,599.7275319099426,0.0006609008938832,0.9797618670589636,0.0005905107579752,0.9813845988173956,3.0,full
synch,outer_4,streed,4,446.0,3,0.01,0.01,0.1,0.4892395234155892,0.0165967782345913,599.6186063289642,0.0154484604551251,0.5269366416072583,0.0158608443403338,0.4999989813860321,3.0,full
synch,outer_4,streed,4,446.0,3,0.01,0.01,0.001,0.9950644002922464,0.0001671590382946,28.509498834609985,0.0004128240225654,0.9873584866849804,0.0003987706771497,0.9874290585992818,1.0,full
synch,outer_4,streed,4,446.0,3,0.01,0.001,0.1,0.4898452402547772,0.0165775225556822,599.880398273468,0.0154236930633406,0.5276950696441627,0.0158310863555545,0.5009370791557513,3.0,full
synch,outer_4,streed,4,446.0,3,0.01,0.001,0.001,0.9905438181423036,0.000303630374934,0.6330599784851074,0.0002927746804867,0.9910346423188408,0.0002856175447057,0.990996124782354,1.0,full
synch,outer_4,streed,4,446.0,3,0.01,0.0001,0.1,0.4899065587518594,0.0165755734103996,599.8797636032104,0.0154211834014074,0.5277719206097355,0.0158280706557553,0.5010321467914384,3.0,full
synch,outer_4,streed,4,446.0,3,0.01,0.0001,0.001,0.9906889452548878,0.0002989497617414,0.6115496158599854,0.0002881894577596,0.991175051187969,0.0002815863151187,0.9911232062199172,1.0,full
synch,outer_4,streed,4,446.0,3,0.01,1e-05,0.1,0.4899126981708128,0.0165753782569107,599.8745079040527,0.0154209321001598,0.527779615966335,0.015827768678922,0.5010416663807504,3.0,full
synch,outer_4,streed,4,446.0,3,0.01,1e-05,0.001,0.9907035472299368,0.0002984788614909,0.5998516082763672,0.0002877282619832,0.9911891739430172,0.0002811804913365,0.9911359995050744,1.0,full
synch,outer_4,streed,4,446.0,3,0.008,0.1,0.1,0.4838408806512578,0.0167685390542756,599.8740963935852,0.0156680362745785,0.5202127823026899,0.01612488127941,0.4916754182984023,3.0,full
synch,outer_4,streed,4,446.0,3,0.008,0.1,0.001,0.9770780234073992,0.0007406138197565,599.7308466434479,0.0005618237987069,0.9827958097304716,0.0007231910715099,0.977201953146469,5.0,full
synch,outer_4,streed,4,446.0,3,0.008,0.01,0.1,0.4892395234155892,0.0165967782345913,599.6616730690002,0.0154484604551251,0.5269366416072583,0.0158608443403338,0.4999989813860321,3.0,full
synch,outer_4,streed,4,446.0,3,0.008,0.01,0.001,0.9971177048051812,9.40216295068388e-05,32.153226137161255,9.11009723842116e-05,0.9972103024716212,7.168605871073265e-05,0.9977401516838142,2.0,full
synch,outer_4,streed,4,446.0,3,0.008,0.001,0.1,0.4898452402547772,0.0165775225556822,599.8759834766388,0.0154236930633406,0.5276950696441627,0.0158310863555545,0.5009370791557513,3.0,full
synch,outer_4,streed,4,446.0,3,0.008,0.001,0.001,0.997207633204666,9.610707498962152e-05,0.7315716743469238,3.5575734032116845e-05,0.9989105984853696,3.0261972504911735e-05,0.9990460144016896,2.0,full
synch,outer_4,streed,4,446.0,3,0.008,0.0001,0.1,0.4899065587518594,0.0165755734103996,599.878739118576,0.0154211834014074,0.5277719206097355,0.0158280706557553,0.5010321467914384,3.0,full
synch,outer_4,streed,4,446.0,3,0.008,0.0001,0.001,0.9973656625407,9.106610637016674e-05,0.6898009777069092,3.0355711385510883e-05,0.9990704462223828,2.5988696287065507e-05,0.9991807261746504,2.0,full
synch,outer_4,streed,4,446.0,3,0.008,1e-05,0.1,0.4899126981708128,0.0165753782569107,599.8830487728119,0.0154209321001598,0.527779615966335,0.015827768678922,0.5010416663807504,3.0,full
synch,outer_4,streed,4,446.0,3,0.008,1e-05,0.001,0.9973778455458248,9.06696019383578e-05,0.6900103092193604,2.797174796295092e-05,0.9991434480432592,2.339434590010312e-05,0.9992625110915369,2.0,full
synch,outer_4,streed,4,446.0,3,0.005,0.1,0.1,0.4838408806512578,0.0167685390542756,599.8881022930145,0.0156680362745785,0.5202127823026899,0.01612488127941,0.4916754182984023,3.0,full
synch,outer_4,streed,4,446.0,3,0.005,0.1,0.001,0.9824278661199554,0.0005719328721343,599.6599876880646,0.0005002967378185,0.9846798937879372,0.0006751099545102,0.9787176736819024,6.0,full
synch,outer_4,streed,4,446.0,3,0.005,0.01,0.1,0.4878957377130447,0.0166405945201068,599.6771726608276,0.0154484604551251,0.5269366416072583,0.0158608443403338,0.4999989813860321,3.0,full
synch,outer_4,streed,4,446.0,3,0.005,0.01,0.001,0.9971177048051812,9.40216295068388e-05,599.6952223777771,9.11009723842116e-05,0.9972103024716212,7.168605871073265e-05,0.9977401516838142,2.0,full
synch,outer_4,streed,4,446.0,3,0.005,0.001,0.1,0.4885077951498247,0.0166211320958559,599.6707179546356,0.0154236930633406,0.5276950696441627,0.0158310863555545,0.5009370791557513,3.0,full
synch,outer_4,streed,4,446.0,3,0.005,0.001,0.001,0.9989470520591138,3.4126553140251286e-05,31.8545663356781,3.5575734032116845e-05,0.9989105984853696,3.0261972504911735e-05,0.9990460144016896,2.0,full
synch,outer_4,streed,4,446.0,3,0.005,0.0001,0.1,0.488569748151646,0.0166191622615298,599.866651058197,0.0154211834014074,0.5277719206097355,0.0158280706557553,0.5010321467914384,3.0,full
synch,outer_4,streed,4,446.0,3,0.005,0.0001,0.001,0.9991164155236952,2.8705391825811424e-05,31.19458246231079,3.0355711385510883e-05,0.9990704462223828,2.5988696287065507e-05,0.9991807261746504,2.0,full
synch,outer_4,streed,4,446.0,3,0.005,1e-05,0.1,0.4885759510251163,0.0166189650390047,599.8755187988281,0.0154209321001598,0.527779615966335,0.015827768678922,0.5010416663807504,3.0,full
synch,outer_4,streed,4,446.0,3,0.005,1e-05,0.001,0.9991400153292912,2.7902228178168212e-05,31.72596263885498,2.797174796295092e-05,0.9991434480432592,2.339434590010312e-05,0.9992625110915369,2.0,full
synch,outer_4,streed,4,446.0,3,0.003,0.1,0.1,0.5006137616278217,0.0161668624654105,599.872796535492,0.0156680362745785,0.5202127823026899,0.01612488127941,0.4916754182984023,3.0,full
synch,outer_4,streed,4,446.0,3,0.003,0.1,0.001,0.9831006049373988,0.0005496302470449,599.7247581481934,0.0004044053993051,0.9876162820947002,0.0005581431834972,0.9824049619116816,8.0,full
synch,outer_4,streed,4,446.0,3,0.003,0.01,0.1,0.5071618393333323,0.015954348159144,599.7134447097778,0.0154484604551251,0.5269366416072583,0.0158608443403338,0.4999989813860321,3.0,full
synch,outer_4,streed,4,446.0,3,0.003,0.01,0.001,0.9971177048051812,9.40216295068388e-05,599.5871844291687,9.11009723842116e-05,0.9972103024716212,7.168605871073265e-05,0.9977401516838142,2.0,full
synch,outer_4,streed,4,446.0,3,0.003,0.001,0.1,0.507901555098121,0.0159303386259465,599.5710566043854,0.0154236930633406,0.5276950696441627,0.0158310863555545,0.5009370791557513,3.0,full
synch,outer_4,streed,4,446.0,3,0.003,0.001,0.001,0.9989470520591138,3.4126553140251286e-05,599.5447716712952,3.5575734032116845e-05,0.9989105984853696,3.0261972504911735e-05,0.9990460144016896,2.0,full
synch,outer_4,streed,4,446.0,3,0.003,0.0001,0.1,0.5079764952725747,0.0159279061967409,599.6434717178345,0.0154211834014074,0.5277719206097355,0.0158280706557553,0.5010321467914384,3.0,full
synch,outer_4,streed,4,446.0,3,0.003,0.0001,0.001,0.9991164155236952,2.8705391825811424e-05,599.2535552978516,3.1377817245237935e-05,0.9990391472568944,2.6787304591075e-05,0.9991555506570732,2.0,full
synch,outer_4,streed,4,446.0,3,0.003,1e-05,0.1,0.507983999113382,0.0159276626345817,599.6478004455566,0.0154209321001598,0.527779615966335,0.015827768678922,0.5010416663807504,3.0,full
synch,outer_4,streed,4,446.0,3,0.003,1e-05,0.001,0.9991288025512132,2.830162024533401e-05,599.8985238075256,2.8373900458372167e-05,0.9991311333138646,2.5450561215482115e-05,0.9991976904722734,2.0,full
synch,outer_4,streed,4,446.0,3,0.001,0.1,0.1,0.5014647369544099,0.0161415704232214,599.6245963573456,0.0157272900438416,0.5183983110700072,0.014721354491666,0.5359205296219808,6.0,full
synch,outer_4,streed,4,446.0,3,0.001,0.1,0.001,0.9901274153191504,0.0003199685730671,599.7516224384308,0.0002070955893383,0.9936583107886192,0.0002383775198038,0.992485330531016,13.0,full
synch,outer_4,streed,4,446.0,3,0.001,0.01,0.1,0.5079986407065017,0.0159294773844307,599.75031208992,0.0155401288265607,0.5241295691630035,0.0144732988384417,0.543740294864218,6.0,full
synch,outer_4,streed,4,446.0,3,0.001,0.01,0.001,0.9931933473293454,0.0002183241432362,599.6481840610504,0.0001512694613258,0.9953678206572808,0.0001652410934591,0.9947909005804708,9.0,full
synch,outer_4,streed,4,446.0,3,0.001,0.001,0.1,0.5087366025444269,0.0159055199801151,599.6463685035706,0.0155192139162613,0.5247700263616641,0.0144454635724497,0.5446177803908865,6.0,full
synch,outer_4,streed,4,446.0,3,0.001,0.001,0.001,0.9990817606307886,2.9873824429185862e-05,599.4198286533356,1.564681791678668e-05,0.9995208625316824,1.3420110406383814e-05,0.9995769412567752,3.0,full
synch,outer_4,streed,4,446.0,3,0.001,0.0001,0.1,0.5088113634449524,0.015903092879153,599.431184053421,0.0155170967348093,0.5248348587746385,0.0144426441139158,0.544706661670386,6.0,full
synch,outer_4,streed,4,446.0,3,0.001,0.0001,0.001,0.9991695824251348,2.637664709489525e-05,599.4206323623657,1.153576510235298e-05,0.999646751351256,1.034886434424391e-05,0.9996737599460288,3.0,full
synch,outer_4,streed,4,446.0,3,0.001,1e-05,0.1,0.5088188493189706,0.015902849850989,599.3844246864319,0.0155168847552519,0.524841350020909,0.0144423618017803,0.5447155613450994,6.0,full
synch,outer_4,streed,4,446.0,3,0.001,1e-05,0.001,0.9991811641699144,2.5998627835799135e-05,599.4395203590393,9.945201588977848e-06,0.9996954576491788,1.0385235516175475e-05,0.9996726133725788,3.0,full
synch,outer_4,streed,4,446.0,3,0.0005,0.1,0.1,0.5014264896370463,0.0161429327684885,599.4013316631317,0.0157272900438416,0.5183983110700072,0.014721354491666,0.5359205296219808,6.0,full
synch,outer_4,streed,4,446.0,3,0.0005,0.1,0.001,0.9920747070182452,0.0002582008354389,599.7787463665009,0.0001414611340763,0.995668171636739,0.0001885351430627,0.9940565734362472,16.0,full
synch,outer_4,streed,4,446.0,3,0.0005,0.01,0.1,0.5079402190235265,0.015931558327848,599.7641677856445,0.0155401288265607,0.5241295691630035,0.0144732988384417,0.543740294864218,6.0,full
synch,outer_4,streed,4,446.0,3,0.0005,0.01,0.001,0.994208890464226,0.0001874913285222,599.6914527416229,0.0001261347435609,0.9961374969646782,0.0001706946378264,0.9946189817544492,16.0,full
synch,outer_4,streed,4,446.0,3,0.0005,0.001,0.1,0.5086762463555207,0.0159076698294108,599.7253413200378,0.0155192139162613,0.5247700263616641,0.0144454635724497,0.5446177803908865,6.0,full
synch,outer_4,streed,4,446.0,3,0.0005,0.001,0.001,0.9956948334656316,0.0001384850236493,599.5140597820282,8.918583731086158e-05,0.9972689478125084,9.647269848307278e-05,0.99695877177312,12.0,full
synch,outer_4,streed,4,446.0,3,0.0005,0.0001,0.1,0.5087508149961689,0.0159052495766239,599.5611476898193,0.0155170967348093,0.5248348587746385,0.0144426441139158,0.544706661670386,6.0,full
synch,outer_4,streed,4,446.0,3,0.0005,0.0001,0.001,0.9960153952752252,0.000127727447996,599.5345749855042,8.90038039672816e-05,0.9972745220446532,9.876069104740038e-05,0.9968866445528914,12.0,full
synch,outer_4,streed,4,446.0,3,0.0005,1e-05,0.1,0.5087582816565309,0.0159050072328383,599.5414912700653,0.0155168847552519,0.524841350020909,0.0144423618017803,0.5447155613450994,6.0,full
synch,outer_4,streed,4,446.0,3,0.0005,1e-05,0.001,0.9960244706595248,0.0001274354858912,599.5176115036011,8.889943080928156e-05,0.9972777181635668,9.865863162852944e-05,0.9968898618982168,12.0,full
synch,outer_4,streed,4,446.0,3,0.0001,0.1,0.1,0.5014264896370463,0.0161429327684885,599.5373849868774,0.0157273535467367,0.5183963664818779,0.0145330460818607,0.5418568085927535,7.0,full
synch,outer_4,streed,4,446.0,3,0.0001,0.1,0.001,0.9927003185672452,0.0002371567980008,599.7600648403168,0.0001395087028725,0.9957279590611886,0.0001854656846819,0.9941533357702088,16.0,full
synch,outer_4,streed,4,446.0,3,0.0001,0.01,0.1,0.5079402190235265,0.015931558327848,599.7684864997864,0.0155440313664312,0.5240100654349291,0.0142874545052431,0.5495988956996507,7.0,full
synch,outer_4,streed,4,446.0,3,0.0001,0.01,0.001,0.994732274545243,0.000169816562588,599.7205827236176,0.0001244410489061,0.996189361348436,0.0001667709403131,0.9947426733254222,16.0,full
synch,outer_4,streed,4,446.0,3,0.0001,0.001,0.1,0.5086762463555207,0.0159076698294108,599.7665665149689,0.0155235607116537,0.5246369186236781,0.0142600683646004,0.5504622228922913,7.0,full
synch,outer_4,streed,4,446.0,3,0.0001,0.001,0.001,0.9959102013701076,0.0001312773308789,599.6659898757935,9.113375686872752e-05,0.997209298543858,0.0001344761640399,0.9957607415118328,16.0,full
synch,outer_4,streed,4,446.0,3,0.0001,0.0001,0.1,0.5087508149961689,0.0159052495766239,599.739161491394,0.0155214885484868,0.5247003724849694,0.0142572963803518,0.5505496075811614,7.0,full
synch,outer_4,streed,4,446.0,3,0.0001,0.0001,0.001,0.996056901468856,0.0001265947158475,599.6606347560883,9.07081340642798e-05,0.997222331981971,0.0001366683472848,0.9956916346073128,16.0,full
synch,outer_4,streed,4,446.0,3,0.0001,1e-05,0.1,0.5087582816565309,0.0159050072328383,599.7200195789337,0.0155212810766307,0.5247067256962337,0.0142570188418893,0.5505583567694758,7.0,full
synch,outer_4,streed,4,446.0,3,0.0001,1e-05,0.001,0.9960727014388318,0.0001260911641849,599.6493287086487,9.06112997273806e-05,0.9972252972468112,0.0001364894437036,0.9956972744062336,16.0,full
synch,mean,streed,4,,3,0.0001,1e-05,0.001,0.995751630700771,0.00013551309082212,599.6607298374176,7.762059397366655e-05,0.9976109985927335,0.00010624977648714656,0.9966850184421444,16.0,full
synch,mean,streed,4,,3,0.0001,1e-05,0.1,0.5302744410994875,0.01511940534150406,599.7208653450012,0.015639875703192217,0.5189427183828528,0.01556453472917422,0.5113424820409317,4.2,full
synch,mean,streed,4,,3,0.0001,0.0001,0.001,0.9957375997184268,0.00013595862424712002,599.6587911605835,8.24725773338234e-05,0.9974607943679219,0.00011218626939611994,0.9965013868975514,16.0,full
synch,mean,streed,4,,3,0.0001,0.0001,0.1,0.530267954242453,0.01511961451553422,599.7295523166656,0.015640034450557522,0.5189378400283349,0.01556472475271474,0.5113364550987958,4.2,full
synch,mean,streed,4,,3,0.0001,0.001,0.001,0.995559470206063,0.00014150299883354,599.6708275794983,8.948187276693107e-05,0.9972459046111816,0.00012239275228644,0.996170691425481,16.0,full
synch,mean,streed,4,,3,0.0001,0.001,0.1,0.5302031677168698,0.01512170364218846,599.7561311721802,0.015641619829223057,0.5188891208442827,0.015566622504654858,0.5112762644518475,4.2,full
synch,mean,streed,4,,3,0.0001,0.01,0.001,0.9944401799610183,0.00017743993195839999,599.7120013713836,0.00012297357265998,0.9962178601261268,0.00016222489289206,0.9949188301780192,16.0,full
synch,mean,streed,4,,3,0.0001,0.01,0.1,0.5295632520748101,0.01514234183431446,599.769737625122,0.01565726763858402,0.5184082568379578,0.01558535559502094,0.5106821115747568,4.2,full
synch,mean,streed,4,,3,0.0001,0.1,0.001,0.9926110532279047,0.00023781369388033998,599.752557516098,0.00014106390408364,0.9956598126160022,0.0001836882782063,0.9942530972284205,16.0,full
synch,mean,streed,4,,3,0.0001,0.1,0.1,0.5239785728932198,0.015323070475431081,599.4861752986908,0.01579609326429854,0.5141418526231425,0.01575155032980852,0.5054113338850915,4.2,full
synch,mean,streed,4,,3,0.0005,1e-05,0.001,0.9959883338334631,0.0001272465727118,599.485470867157,8.265568256678977e-05,0.9974582279416351,0.00010862465486977497,0.9965865050276215,11.8,full
synch,mean,streed,4,,3,0.0005,1e-05,0.1,0.5304921451241379,0.015112699466611201,599.5265450954437,0.01563899643891646,0.5189696432477878,0.015601603321152421,0.5101739229560563,4.0,full
synch,mean,streed,4,,3,0.0005,0.0001,0.001,0.9959782319610329,0.00012756551150156,599.5078394412994,8.523643890572647e-05,0.9973793160890224,0.00010732073865105025,0.9966284171526534,11.6,full
synch,mean,streed,4,,3,0.0005,0.0001,0.1,0.5304856931660308,0.015112907565659662,599.5659304618836,0.015639156087822022,0.5189647372862687,0.01560179429942754,0.5101678659166408,4.0,full
synch,mean,streed,4,,3,0.0005,0.001,0.001,0.9956781470709742,0.000137429578503,599.5306667804718,8.795669467283241e-05,0.9972945653672809,0.00011518327285365456,0.9963897236123292,12.4,full
synch,mean,streed,4,,3,0.0005,0.001,0.1,0.5304212552608245,0.01511498595385998,599.724717760086,0.015640750470144578,0.51891574239188,0.015603701546224721,0.5101073759515665,4.0,full
synch,mean,streed,4,,3,0.0005,0.01,0.001,0.994243949851044,0.00018388004593864,599.6837363243103,0.00012827459707874,0.9960535744388398,0.00017895290473118002,0.9943743154762587,15.6,full
synch,mean,streed,4,,3,0.0005,0.01,0.1,0.5297847893485372,0.0151355178849451,599.7615592002869,0.01565648713060992,0.5184321575835728,0.015622524461660658,0.5095103914076702,4.0,full
synch,mean,streed,4,,3,0.0005,0.1,0.001,0.9921537337833088,0.00025205126594798,599.7669649600982,0.0001449131226607,0.9955392611122047,0.00018853395084918,0.9941095374155081,15.8,full
synch,mean,streed,4,,3,0.0005,0.1,0.1,0.5239785728932198,0.015323070475431081,599.4153742790222,0.0158699736755823,0.5118162904403036,0.01588985373762704,0.5012749301663363,3.8,full
synch,mean,streed,4,,3,0.001,1e-05,0.001,0.9993309088470648,2.121442008255943e-05,599.3895920276642,1.0122775394413627e-05,0.9996885553468546,1.0890798170743157e-05,0.9996592040144282,3.0,full
synch,mean,streed,4,,3,0.001,1e-05,0.1,0.5305042586566258,0.01511226799024134,599.394894361496,0.015719192245891363,0.5164453007105256,0.01571138184883378,0.5069570353846353,3.8,full
synch,mean,streed,4,,3,0.001,0.0001,0.001,0.9993725119675647,2.012408661252436e-05,599.3984585285186,1.0831483025775765e-05,0.9996667852362435,1.0969700068976662e-05,0.9996569748005865,3.0,full
synch,mean,streed,4,,3,0.001,0.0001,0.1,0.5304978028557875,0.01511247622616548,599.4024127960205,0.015719345828808302,0.5164405856895763,0.01571156398666694,0.5069512374005054,3.8,full
synch,mean,streed,4,,3,0.001,0.001,0.001,0.9991307822870705,2.7920346629291836e-05,599.3950530529022,1.4438385412906391e-05,0.9995558351556971,1.3676593185670152e-05,0.9995720412781315,3.0,full
synch,mean,streed,4,,3,0.001,0.001,0.1,0.5304333264986058,0.015114555984000837,599.6452865600586,0.0157208795927154,0.5163934988955046,0.01571338289458104,0.5068933360678446,3.8,full
synch,mean,streed,4,,3,0.001,0.01,0.001,0.9934499092413395,0.00020835245311214,599.6485929965972,0.00015773551132696,0.9951474481820817,0.00019715090676998,0.9938086669987622,9.6,full
synch,mean,streed,4,,3,0.001,0.01,0.1,0.5297964736851323,0.01513510169626164,599.7435046672821,0.01573601418923496,0.5159288653975691,0.015731328927132242,0.506322047201538,3.8,full
synch,mean,streed,4,,3,0.001,0.1,0.001,0.990528938138134,0.0003033459983909,599.7547456741333,0.00020394497952678,0.9937258303337357,0.00024947422571470004,0.9921845699358155,13.0,full
synch,mean,streed,4,,3,0.001,0.1,0.1,0.5239862223566926,0.015322798006377657,599.6560289382935,0.0158699736755823,0.5118162904403036,0.01588985373762704,0.5012749301663363,3.8,full
synch,mean,streed,4,,3,0.003,1e-05,0.001,0.9991057980941159,2.860766172045549e-05,599.5133183479309,2.9090048512521136e-05,0.9991053527067123,3.068197283242603e-05,0.9990373466789768,2.0,full
synch,mean,streed,4,,3,0.003,1e-05,0.1,0.5300274084431058,0.01512635193921516,599.653104686737,0.01570000171487294,0.5170329538996108,0.01598846322426212,0.4982222563917656,3.2,full
synch,mean,streed,4,,3,0.003,0.0001,0.001,0.9990878187764866,2.9192703659501432e-05,599.491743516922,2.9945671950731702e-05,0.9990790955694321,3.118745930700028e-05,0.9990215163950518,2.0,full
synch,mean,streed,4,,3,0.003,0.0001,0.1,0.5300208852710208,0.0151265620432879,599.6516972541809,0.01570016316212792,0.5170279980565957,0.01598864929503484,0.49821633442471586,3.2,full
synch,mean,streed,4,,3,0.003,0.001,0.001,0.9988807194787878,3.5937975222533437e-05,599.4011397361755,3.5017985762817105e-05,0.9989231069445179,3.64426019524271e-05,0.9988562382964279,2.0,full
synch,mean,streed,4,,3,0.003,0.001,0.1,0.5299557357693923,0.01512866046914248,599.5645751953125,0.015701775422131258,0.5169785075520043,0.015990507451202,0.4981571958208176,3.2,full
synch,mean,streed,4,,3,0.003,0.01,0.001,0.9969089074780866,9.893936945447284e-05,599.5989595890045,9.37360884413931e-05,0.9971169598224213,9.671200646851763e-05,0.9969645767022228,2.0,full
synch,mean,streed,4,,3,0.003,0.01,0.1,0.5293122064686744,0.015149391562201159,599.7072366237641,0.01571768051494784,0.51649027988642,0.01600883802751066,0.49757378450590073,3.2,full
synch,mean,streed,4,,3,0.003,0.1,0.001,0.9838315443803305,0.00051925828848268,599.7295849323273,0.00037526352907366,0.9884508179518334,0.0005065898839430999,0.9841042066618295,8.4,full
synch,mean,streed,4,,3,0.003,0.1,0.1,0.5236875224012144,0.015329947110176458,599.87131524086,0.01585812292172968,0.5121791846868401,0.01617055909517584,0.4924259079016206,3.2,full
synch,mean,streed,4,,3,0.005,1e-05,0.001,0.9991154550103802,2.8261951107982068e-05,32.064138412475586,2.895259207946186e-05,0.9991095863767534,3.0270070924154733e-05,0.9990503306408105,2.0,full
synch,mean,streed,4,,3,0.005,1e-05,0.1,0.5269884349124457,0.015237507458771041,599.8718224048614,0.01570000171487294,0.5170329538996108,0.01598846322426212,0.4982222563917656,3.2,full
synch,mean,streed,4,,3,0.005,0.0001,0.001,0.9990939867229386,2.896531913202143e-05,32.15080704689026,2.9691240742814583e-05,0.9990869082345807,3.1037489437684806e-05,0.9990262578698731,2.0,full
synch,mean,streed,4,,3,0.005,0.0001,0.1,0.5269814451432697,0.01523773362770812,599.8711240768432,0.01570016316212792,0.5170279980565957,0.01598864929503484,0.49821633442471586,3.2,full
synch,mean,streed,4,,3,0.005,0.001,0.001,0.9988851937500012,3.579498468508665e-05,32.68517751693726,3.5017985762817105e-05,0.9989231069445179,3.64426019524271e-05,0.9988562382964279,2.0,full
synch,mean,streed,4,,3,0.005,0.001,0.1,0.526911640130159,0.0152399923149029,599.6750112056732,0.015701775422131258,0.5169785075520043,0.015990507451202,0.4981571958208176,3.2,full
synch,mean,streed,4,,3,0.005,0.01,0.001,0.9969089074780866,9.893936945447284e-05,599.536282157898,9.37360884413931e-05,0.9971169598224213,9.671200646851763e-05,0.9969645767022228,2.0,full
synch,mean,streed,4,,3,0.005,0.01,0.1,0.5262226042161487,0.0152622873623343,599.6721990585327,0.01571768051494784,0.51649027988642,0.01600883802751066,0.49757378450590073,3.2,full
synch,mean,streed,4,,3,0.005,0.1,0.001,0.9811579512283035,0.00060501399060136,599.6969851970673,0.0005013767573281401,0.9845811693647597,0.00065847738123412,0.9793403578712091,6.0,full
synch,mean,streed,4,,3,0.005,0.1,0.1,0.5201943595811731,0.01545525127003232,599.8827574729919,0.01585812292172968,0.5121791846868401,0.01617055909517584,0.4924259079016206,3.2,full
synch,mean,streed,4,,3,0.008,1e-05,0.001,0.9979720124291556,6.664625120195316e-05,0.6894371509552002,2.895259207946186e-05,0.9991095863767534,3.0270070924154733e-05,0.9990503306408105,2.0,full
synch,mean,streed,4,,3,0.008,1e-05,0.1,0.5267845416786298,0.01524239838646638,599.8836955070495,0.01579624361676044,0.5140445265437502,0.016011425633916,0.4975308529332844,3.0,full
synch,mean,streed,4,,3,0.008,0.0001,0.001,0.9975609093161559,8.123919031248868e-05,0.6948060035705567,2.9691240742814583e-05,0.9990869082345807,3.1037489437684806e-05,0.9990262578698731,2.0,full
synch,mean,streed,4,,3,0.008,0.0001,0.1,0.5267775719994876,0.01524262392792824,599.8803815364838,0.01579639765747954,0.5140398006826243,0.01601160872295348,0.4975250207469717,3.0,full
synch,mean,streed,4,,3,0.008,0.001,0.001,0.997366653068064,8.741621002846951e-05,0.7244457721710205,3.535058386512344e-05,0.9989126376747501,3.6630361929309405e-05,0.9988507362847978,2.0,full
synch,mean,streed,4,,3,0.008,0.001,0.1,0.5267079678032249,0.015244876342811981,599.8668273448944,0.0157979360108661,0.5139926050677956,0.01601343713740492,0.4974667776730038,3.0,full
synch,mean,streed,4,,3,0.008,0.01,0.001,0.9969089074780866,9.893936945447284e-05,32.863783502578734,9.37360884413931e-05,0.9971169598224213,9.671200646851763e-05,0.9969645767022228,2.0,full
synch,mean,streed,4,,3,0.008,0.01,0.1,0.5260209317040095,0.01526710891168486,599.6458752632141,0.01581311764139362,0.5135268417805451,0.01603147795118952,0.4968920911746147,3.0,full
synch,mean,streed,4,,3,0.008,0.1,0.001,0.9770384442081387,0.0007351312099284199,599.7249892234802,0.00061633471314752,0.9810365955871084,0.0008024281564604399,0.974834716994961,4.2,full
synch,mean,streed,4,,3,0.008,0.1,0.1,0.5205137537930947,0.01544686975910906,599.881867980957,0.015945177116764638,0.5094760467315134,0.01614593158102042,0.4931674480412448,3.0,full
synch,mean,streed,4,,3,0.01,1e-05,0.001,0.9929458267134297,0.00022829651189067997,0.5993835926055908,0.00029160101431521996,0.9910342706826809,0.00029472941530078,0.9907514094505492,1.0,full
synch,mean,streed,4,,3,0.01,1e-05,0.1,0.5283296377912905,0.015195919336624642,599.8830375671387,0.01579624361676044,0.5140445265437502,0.016011425633916,0.4975308529332844,3.0,full
synch,mean,streed,4,,3,0.01,0.0001,0.001,0.9929329770692263,0.00022871433206175999,0.6043331146240234,0.00029206442090413997,0.9910200167928108,0.0002951975808574,0.9907366916701201,1.0,full
synch,mean,streed,4,,3,0.01,0.0001,0.1,0.528322640373966,0.015196145644117939,599.8830374717712,0.01579639765747954,0.5140398006826243,0.01601160872295348,0.4975250207469717,3.0,full
synch,mean,streed,4,,3,0.01,0.001,0.001,0.9927824735564996,0.00023349991326816,0.6373042583465576,0.00029667076626581996,0.9908783297981252,0.00029985113309998,0.9905903962719158,1.0,full
synch,mean,streed,4,,3,0.01,0.001,0.1,0.5282527660536215,0.01519840551884328,599.8745929718018,0.0157979360108661,0.5139926050677956,0.01601343713740492,0.4974667776730038,3.0,full
synch,mean,streed,4,,3,0.01,0.01,0.001,0.9926329169756236,0.00024296490160180003,29.150998830795288,0.0002822042494694915,0.9912663757193512,0.0002873956869479,0.9911833348908212,1.4,full
synch,mean,streed,4,,3,0.01,0.01,0.1,0.5266350147581534,0.01524634119277114,599.6215128421784,0.01581311764139362,0.5135268417805451,0.01603147795118952,0.4968920911746147,3.0,full
synch,mean,streed,4,,3,0.01,0.1,0.001,0.9760997516869964,0.00076690768217558,599.5839927673339,0.00065271405864958,0.9799242818564278,0.0008030493949322201,0.9748409469949195,3.2,full
synch,mean,streed,4,,3,0.01,0.1,0.1,0.5209761825071421,0.01543028998267552,599.8823133468628,0.015945177116764638,0.5094760467315134,0.01614593158102042,0.4931674480412448,3.0,full
synch,mean,streed,4,,3,0.03,1e-05,0.001,0.9905112978227752,0.0003025261840371,0.0254224777221679,0.00029160101431521996,0.9910342706826809,0.00029472941530078,0.9907514094505492,1.0,full
synch,mean,streed,4,,3,0.03,1e-05,0.1,0.5320269526861818,0.01505902866736078,599.8837825775147,0.01539341830818886,0.5263753981529661,0.01580023135764972,0.5040117429392962,2.2,full
synch,mean,streed,4,,3,0.03,0.0001,0.001,0.9904965960123508,0.00030299861196976,0.02523527145385736,0.00029206442090413997,0.9910200167928108,0.0002951975808574,0.9907366916701201,1.0,full
synch,mean,streed,4,,3,0.03,0.0001,0.1,0.5320160220754192,0.0150593894663789,599.884670829773,0.015393729221595081,0.5263658546978812,0.01580056212243268,0.5040012552211686,2.2,full
synch,mean,streed,4,,3,0.03,0.001,0.001,0.9903505018754843,0.00030769376035256004,0.02521772384643552,0.00029667076626581996,0.9908783297981252,0.00029985113309998,0.9905903962719158,1.0,full
synch,mean,streed,4,,3,0.03,0.001,0.1,0.5319068879932785,0.0150629917772724,599.8821685314178,0.015396834059407722,0.5262705519491104,0.01580386517454306,0.5038965240888356,2.2,full
synch,mean,streed,4,,3,0.03,0.01,0.001,0.9865091615639578,0.00043077041330988,0.030127382278442322,0.00041718173885438,0.9871717400123334,0.0004216358358478,0.9867689223746983,1.0,full
synch,mean,streed,4,,3,0.03,0.01,0.1,0.5299036104917072,0.01512410896037358,599.8805441856384,0.01542745908246026,0.5253305124184067,0.01583644304338194,0.5028635974784387,2.2,full
synch,mean,streed,4,,3,0.03,0.1,0.001,0.9741838814329166,0.0008290650067368001,0.8447470188140869,0.00081067906791222,0.9750652658597481,0.00081871415180898,0.9742892556328089,1.0,full
synch,mean,streed,4,,3,0.03,0.1,0.1,0.5210416656571588,0.0154174094348416,599.8849008083344,0.01569679917983744,0.5170625462143573,0.01612290164461292,0.4937836377423747,2.2,full
synch,mean,streed,4,,3,0.05,1e-05,0.001,0.9905112978227752,0.0003025261840371,0.024630069732666,0.00029160101431521996,0.9910342706826809,0.00029472941530078,0.9907514094505492,1.0,full
synch,mean,streed,4,,3,0.05,1e-05,0.1,0.5540784457153872,0.014341656535791,599.8852257728577,0.0151549855491971,0.5336766953953119,0.01530444946233272,0.5196408889891363,2.0,full
synch,mean,streed,4,,3,0.05,0.0001,0.001,0.9904965960123508,0.00030299861196976,0.02451992034912106,0.00029206442090413997,0.9910200167928108,0.0002951975808574,0.9907366916701201,1.0,full
synch,mean,streed,4,,3,0.05,0.0001,0.1,0.5540646286645138,0.01434210989612326,599.883626651764,0.015155369617333058,0.5336649117932403,0.015304836855470719,0.5196286161053142,2.0,full
synch,mean,streed,4,,3,0.05,0.001,0.001,0.9903505018754843,0.00030769376035256004,0.024268531799316363,0.00029667076626581996,0.9908783297981252,0.00029985113309998,0.9905903962719158,1.0,full
synch,mean,streed,4,,3,0.05,0.001,0.1,0.5539266666572712,0.01434663665378988,599.8865610599518,0.01515920503941964,0.5335472370643475,0.015308705450146481,0.5195060566750238,2.0,full
synch,mean,streed,4,,3,0.05,0.01,0.001,0.9865091615639578,0.00043077041330988,0.02420964241027828,0.00041718173885438,0.9871717400123334,0.0004216358358478,0.9867689223746983,1.0,full
synch,mean,streed,4,,3,0.05,0.01,0.1,0.5516387158040563,0.01441688299615054,599.891194486618,0.01519704059306946,0.5323863963845549,0.015346865135502718,0.5182971675569247,2.0,full
synch,mean,streed,4,,3,0.05,0.1,0.001,0.9741838814329166,0.0008290650067368001,0.029351043701171843,0.00081067906791222,0.9750652658597481,0.00081871415180898,0.9742892556328089,1.0,full
synch,mean,streed,4,,3,0.05,0.1,0.1,0.5321865082726857,0.01507846532352224,599.8867554187775,0.01552989193337384,0.5221735864232835,0.01568232439494994,0.5076724994500357,2.0,full
synch,mean,streed,4,,3,0.08,1e-05,0.001,0.9905112978227752,0.0003025261840371,0.02406144142150872,0.00029160101431521996,0.9910342706826809,0.00029472941530078,0.9907514094505492,1.0,full
synch,mean,streed,4,,3,0.08,1e-05,0.1,0.5647053820630723,0.0140137864920836,599.8860795497894,0.0151549855491971,0.5336766953953119,0.01530444946233272,0.5196408889891363,2.0,full
synch,mean,streed,4,,3,0.08,0.0001,0.001,0.9904965960123508,0.00030299861196976,0.023916482925415018,0.00029206442090413997,0.9910200167928108,0.0002951975808574,0.9907366916701201,1.0,full
synch,mean,streed,4,,3,0.08,0.0001,0.1,0.5646899224485071,0.01401428609556378,599.889587688446,0.015155369617333058,0.5336649117932403,0.015304836855470719,0.5196286161053142,2.0,full
synch,mean,streed,4,,3,0.08,0.001,0.001,0.9903505018754843,0.00030769376035256004,0.02381052970886224,0.00029667076626581996,0.9908783297981252,0.00029985113309998,0.9905903962719158,1.0,full
synch,mean,streed,4,,3,0.08,0.001,0.1,0.5645355601526171,0.01401927454713676,599.8905067443848,0.01515920503941964,0.5335472370643475,0.015308705450146481,0.5195060566750238,2.0,full
synch,mean,streed,4,,3,0.08,0.01,0.001,0.9865091615639578,0.00043077041330988,0.02363886833190914,0.00041718173885438,0.9871717400123334,0.0004216358358478,0.9867689223746983,1.0,full
synch,mean,streed,4,,3,0.08,0.01,0.1,0.5579795944604522,0.014207472857458981,599.8904249191285,0.01519704059306946,0.5323863963845549,0.015346865135502718,0.5182971675569247,2.0,full
synch,mean,streed,4,,3,0.08,0.1,0.001,0.9741838814329166,0.0008290650067368001,0.02353014945983882,0.00081067906791222,0.9750652658597481,0.00081871415180898,0.9742892556328089,1.0,full
synch,mean,streed,4,,3,0.08,0.1,0.1,0.5459168150947363,0.014604093080174501,599.891691827774,0.01552989193337384,0.5221735864232835,0.01568232439494994,0.5076724994500357,2.0,full
synch,mean,streed,4,,3,0.1,1e-05,0.001,0.9905112978227752,0.0003025261840371,0.0235418796539306,0.00029160101431521996,0.9910342706826809,0.00029472941530078,0.9907514094505492,1.0,full
synch,mean,streed,4,,3,0.1,1e-05,0.1,0.56592440891292,0.013970079879533382,599.8912833690644,0.0151549855491971,0.5336766953953119,0.01530444946233272,0.5196408889891363,2.0,full
synch,mean,streed,4,,3,0.1,0.0001,0.001,0.9904965960123508,0.00030299861196976,0.02326660156249994,0.00029206442090413997,0.9910200167928108,0.0002951975808574,0.9907366916701201,1.0,full
synch,mean,streed,4,,3,0.1,0.0001,0.1,0.5659081473341174,0.013970608236391879,599.8889719963074,0.015155369617333058,0.5336649117932403,0.015304836855470719,0.5196286161053142,2.0,full
synch,mean,streed,4,,3,0.1,0.001,0.001,0.9903505018754843,0.00030769376035256004,0.02307620048522946,0.00029667076626581996,0.9908783297981252,0.00029985113309998,0.9905903962719158,1.0,full
synch,mean,streed,4,,3,0.1,0.001,0.1,0.5657457729774457,0.013975883949920059,599.8904626846313,0.01515920503941964,0.5335472370643475,0.015308705450146481,0.5195060566750238,2.0,full
synch,mean,streed,4,,3,0.1,0.01,0.001,0.9865091615639578,0.00043077041330988,0.0224328994750976,0.00041718173885438,0.9871717400123334,0.0004216358358478,0.9867689223746983,1.0,full
synch,mean,streed,4,,3,0.1,0.01,0.1,0.5641456656390975,0.01402787215968832,599.8939709663391,0.01519704059306946,0.5323863963845549,0.015346865135502718,0.5182971675569247,2.0,full
synch,mean,streed,4,,3,0.1,0.1,0.001,0.9741838814329166,0.0008290650067368001,0.020661544799804636,0.00081067906791222,0.9750652658597481,0.00081871415180898,0.9742892556328089,1.0,full
synch,mean,streed,4,,3,0.1,0.1,0.1,0.550102745636553,0.01448395636155508,599.8974049568176,0.01552989193337384,0.5221735864232835,0.01568232439494994,0.5076724994500357,2.0,full
synch,std,streed,4,,3,0.0001,1e-05,0.001,0.00025327042041162483,8.22226297813762e-06,0.007354173067787593,8.95176026503423e-06,0.0002853358683823726,2.3452066935965964e-05,0.0006991353731792635,0.0,full
synch,std,streed,4,,3,0.0001,1e-05,0.1,0.026879880258467867,0.0008128213473491786,0.010585589501841077,0.0003768603631653277,0.006811344978760035,0.0013490005143693227,0.06184384831846604,1.6431676725154982,full
synch,std,streed,4,,3,0.0001,0.0001,0.001,0.000251868627075211,8.176763054932421e-06,0.00590684933226873,9.661184293698537e-06,0.0003151954821519934,2.506986766046014e-05,0.0007454702789796455,0.0,full
synch,std,streed,4,,3,0.0001,0.0001,0.1,0.026880003559400976,0.0008128347356121729,0.013250401119229809,0.0003768438416869037,0.006809951528012252,0.0013490337634301762,0.06184568453684893,1.6431676725154982,full
synch,std,streed,4,,3,0.0001,0.001,0.001,0.00025141532751542814,8.144932354130038e-06,0.0038278014939711075,3.2805726160435283e-06,0.00013979812471576469,1.1430898236348136e-05,0.00033972515107380833,0.0,full
synch,std,streed,4,,3,0.0001,0.001,0.1,0.026881219483288688,0.0008129680849676083,0.008543935392784401,0.00037667911593671963,0.006796037288297474,0.0013493661407724224,0.06186402904274133,1.6431676725154982,full
synch,std,streed,4,,3,0.0001,0.01,0.001,0.0002315094894091673,6.827253456701694e-06,0.007649264499673484,4.339682781912964e-06,9.653448250699204e-05,6.0621986223494956e-06,0.00026500865736921143,0.0,full
synch,std,streed,4,,3,0.0001,0.01,0.1,0.02689167406549851,0.0008142485192648654,0.0070124059728004185,0.0003750794482131234,0.006658880834153435,0.0013526778027989634,0.062045708180777696,1.6431676725154982,full
synch,std,streed,4,,3,0.0001,0.1,0.001,0.00027921321464701603,7.372336360202957e-06,0.009374268211526007,1.938840693170308e-06,0.00010294516142834069,1.913463213934646e-05,0.0005399296785387444,0.0,full
synch,std,streed,4,,3,0.0001,0.1,0.1,0.02707650872051237,0.00082729111627377,0.043068722685005605,0.0003628372469163338,0.005455144859963311,0.0013840840241989398,0.0636920564064572,1.6431676725154982,full
synch,std,streed,4,,3,0.0005,1e-05,0.001,0.00023177791168140467,5.346307074762328e-06,0.050328511138219345,1.1014297843494664e-05,0.00032855800476536595,2.1738248108596406e-05,0.0007510986076052134,0.8366600265340756,full
synch,std,streed,4,,3,0.0005,1e-05,0.1,0.027100325030029987,0.0008178321429930251,0.01158701289315606,0.00037721119932939074,0.006840031648861894,0.001305949217235487,0.06096658150001711,1.224744871391589,full
synch,std,streed,4,,3,0.0005,0.0001,0.001,0.00023121514473773452,5.318176369481037e-06,0.04781044222346129,9.039718826861002e-06,0.0002609006345012785,2.1575795137856253e-05,0.0007410320106913419,0.5477225575051662,full
synch,std,streed,4,,3,0.0005,0.0001,0.1,0.027100485065257356,0.0008178461867675163,0.021426633928257572,0.0003771941865669228,0.006838607163077413,0.0013059856080886482,0.060968488047039165,1.224744871391589,full
synch,std,streed,4,,3,0.0005,0.001,0.001,0.00013551516248717986,5.043383120637495e-06,0.03706117639813248,1.1197250892816733e-05,0.00033788678687508297,1.6908925892607137e-05,0.0005704144976679079,0.5477225575051662,full
synch,std,streed,4,,3,0.0005,0.001,0.1,0.02710206742169466,0.000817986060302544,0.004212632533568243,0.00037702456779770474,0.006824383088479146,0.001306349425039441,0.06098753602620607,1.224744871391589,full
synch,std,streed,4,,3,0.0005,0.01,0.001,9.057339129910616e-05,3.6141017201033555e-06,0.011263525656262123,6.324729624318652e-06,0.0002020751816261908,2.2017413866993552e-05,0.0009404533652938906,0.5477225575051662,full
synch,std,streed,4,,3,0.0005,0.01,0.1,0.027116095798776486,0.0008193286538797768,0.009244085707793078,0.00037537793351338707,0.00668418048060562,0.0013099775113060868,0.06117626657790407,1.224744871391589,full
synch,std,streed,4,,3,0.0005,0.1,0.001,0.0004752015804920418,1.269019183426189e-05,0.01769406770317245,8.218245217828322e-06,0.00031230928237299606,1.8418794861731125e-05,0.00039808366730282474,0.44721359549995804,full
synch,std,streed,4,,3,0.0005,0.1,0.1,0.02707650872051237,0.00082729111627377,0.011071069485015758,0.00032771298352607235,0.008472356448218856,0.0013740534427194365,0.061483281069683336,1.3038404810405297,full
synch,std,streed,4,,3,0.001,1e-05,0.001,9.815489814518448e-05,2.82322050600758e-06,0.03785264052865219,2.8211503631607715e-07,1.0207448556622105e-05,9.350083533013834e-07,2.676871392068696e-05,0.0,full
synch,std,streed,4,,3,0.001,1e-05,0.1,0.02708819236805234,0.0008173100328363129,0.020935354252640686,0.00035806978736038184,0.010187640158250806,0.0013478071526275741,0.059579907392564045,1.3038404810405297,full
synch,std,streed,4,,3,0.001,0.0001,0.001,0.00014026275168177807,4.532551670163847e-06,0.05298867810204854,5.695225984500692e-07,1.7540897351945078e-05,9.883146302362018e-07,2.4396868604526282e-05,0.0,full
synch,std,streed,4,,3,0.001,0.0001,0.1,0.027088355753281265,0.0008173242284879337,0.03062403292549172,0.00035803603603535607,0.01018590608436835,0.0013478300886322493,0.05958176523751462,1.3038404810405297,full
synch,std,streed,4,,3,0.001,0.001,0.001,0.0002005361233754411,6.949192921709399e-06,0.018558314714752663,7.774213262973148e-07,2.3790184117830747e-05,1.2029804844987784e-06,3.5654108532529685e-05,0.0,full
synch,std,streed,4,,3,0.001,0.001,0.1,0.027089971653203385,0.0008174656223865892,0.01112928895088293,0.00035769928937789145,0.01016858758538411,0.0013480596177529065,0.05960032970554618,1.3038404810405297,full
synch,std,streed,4,,3,0.001,0.01,0.001,0.0003688645590830732,1.072855029521486e-05,0.03080068215363643,5.6749117132055725e-06,0.0001787819919768891,2.2342409588534256e-05,0.0009065691667425688,0.5477225575051662,full
synch,std,streed,4,,3,0.001,0.01,0.1,0.027104339794687925,0.000818823577807678,0.00888951957579122,0.00035440686967557963,0.009997584051872056,0.0013503704659814282,0.05978456687414715,1.3038404810405297,full
synch,std,streed,4,,3,0.001,0.1,0.001,0.0008840716300435715,2.536261601253678e-05,0.013166517883935145,3.198634778591604e-06,0.0001138628096182503,2.6398932564010613e-05,0.0008751044359494941,0.0,full
synch,std,streed,4,,3,0.001,0.1,0.1,0.02706854888464998,0.0008269537438727241,0.020588098035068017,0.00032771298352607235,0.008472356448218856,0.0013740534427194365,0.061483281069683336,1.3038404810405297,full
synch,std,streed,4,,3,0.003,1e-05,0.001,6.532561508144676e-05,2.0023331886872067e-06,0.3529529328154001,1.2233592915154408e-06,2.906094606100923e-05,3.3494096811376343e-06,0.000129544657070827,0.0,full
synch,std,streed,4,,3,0.003,1e-05,0.1,0.026800092621413057,0.0008096094797444158,0.011220834404943177,0.0003738466603570134,0.010855855849707257,0.001149521645516545,0.05573792458259395,0.447213595499958,full
synch,std,streed,4,,3,0.003,0.0001,0.001,6.239316386835413e-05,1.910667003007001e-06,0.42217422459146947,1.380286078304926e-06,3.2925820597610635e-05,2.883536290810197e-06,0.00011810130932509467,0.0,full
synch,std,streed,4,,3,0.003,0.0001,0.1,0.026800159991625848,0.0008096207186227076,0.013972245951156545,0.00037380324904452423,0.010853810333701615,0.001149578032497391,0.0557405102172796,0.447213595499958,full
synch,std,streed,4,,3,0.003,0.001,0.001,0.00013866157626449938,4.028327268910696e-06,0.267217479550119,1.4494558235419526e-06,3.1919837206942245e-05,3.911945519351798e-06,0.00015584851755293306,0.0,full
synch,std,streed,4,,3,0.003,0.001,0.1,0.026800816513270077,0.0008097325713459598,0.005211834548152264,0.00037337014744064735,0.010833383673640624,0.0011501416793099628,0.055766342377999795,0.447213595499958,full
synch,std,streed,4,,3,0.003,0.01,0.001,0.00017167229303744768,3.6426773230733415e-06,0.009105297889996995,2.930689026311219e-06,6.330730800826127e-05,1.589176472379931e-05,0.0005607393490309224,0.0,full
synch,std,streed,4,,3,0.003,0.01,0.1,0.026805662616669484,0.0008107976033363175,0.006773603593968743,0.0003691383120590234,0.010631914352431052,0.0011557551228332757,0.05602225706699003,0.447213595499958,full
synch,std,streed,4,,3,0.003,0.1,0.001,0.0012244274587180394,3.336993055462617e-05,0.008386116705093524,3.450447931511455e-05,0.0011262769760394678,6.0122512517627396e-05,0.0022173778667500016,0.5477225575051662,full
synch,std,streed,4,,3,0.003,0.1,0.1,0.026941269263070486,0.000822877646263958,0.00490400774820125,0.0003351496276326873,0.008854983257989961,0.0012091279318788574,0.05835469667393794,0.447213595499958,full
synch,std,streed,4,,3,0.005,1e-05,0.001,6.69019254918136e-05,1.8576519023089161e-06,1.8340403052583896,1.3712743956102365e-06,3.457673832350318e-05,4.176569184494492e-06,0.00015106908977547247,0.0,full
synch,std,streed,4,,3,0.005,1e-05,0.1,0.031345615033346534,0.0010042583641229662,0.006280073568378838,0.0003738466603570134,0.010855855849707257,0.001149521645516545,0.05573792458259395,0.447213595499958,full
synch,std,streed,4,,3,0.005,0.0001,0.001,6.550251736971129e-05,1.789185811157455e-06,1.6582154838951826,1.2681461098586045e-06,2.895429937149555e-05,3.189655401758403e-06,0.00012533969320894752,0.0,full
synch,std,streed,4,,3,0.005,0.0001,0.1,0.03134489392259819,0.0010042420770782004,0.005886359980690274,0.00037380324904452423,0.010853810333701615,0.001149578032497391,0.0557405102172796,0.447213595499958,full
synch,std,streed,4,,3,0.005,0.001,0.001,0.00013410218331056636,3.885757802119135e-06,1.552647646564171,1.4494558235419526e-06,3.1919837206942245e-05,3.911945519351798e-06,0.00015584851755293306,0.0,full
synch,std,streed,4,,3,0.005,0.001,0.1,0.03133769829310857,0.001004079760877001,0.012820014953639677,0.00037337014744064735,0.010833383673640624,0.0011501416793099628,0.055766342377999795,0.447213595499958,full
synch,std,streed,4,,3,0.005,0.01,0.001,0.00017167229303744768,3.6426773230733415e-06,0.4099617054288852,2.930689026311219e-06,6.330730800826127e-05,1.589176472379931e-05,0.0005607393490309224,0.0,full
synch,std,streed,4,,3,0.005,0.01,0.1,0.03126717674754908,0.0010025084787998334,0.017059336614171087,0.0003691383120590234,0.010631914352431052,0.0011557551228332757,0.05602225706699003,0.447213595499958,full
synch,std,streed,4,,3,0.005,0.1,0.001,0.001068172982332834,3.468121172752206e-05,0.027215579253185795,1.8003717095747932e-05,0.0003388654354694936,3.8230773274737006e-05,0.001942555156652237,0.0,full
synch,std,streed,4,,3,0.005,0.1,0.1,0.031088379654263712,0.0009967627031642675,0.007153857876648516,0.0003351496276326873,0.008854983257989961,0.0012091279318788574,0.05835469667393794,0.447213595499958,full
synch,std,streed,4,,3,0.008,1e-05,0.001,0.0011058295968532496,3.628017268833253e-05,0.017055616255680216,1.3712743956102365e-06,3.457673832350318e-05,4.176569184494492e-06,0.00015106908977547247,0.0,full
synch,std,streed,4,,3,0.008,1e-05,0.1,0.031379197116246184,0.0009978711143748115,0.004618509049937409,0.0002609611248819253,0.00909132188292829,0.0011369441171929875,0.05518558245314378,0.0,full
synch,std,streed,4,,3,0.008,0.0001,0.001,0.0008917976984051441,2.9244171895050928e-05,0.016877347721253325,1.2681461098586045e-06,2.895429937149555e-05,3.189655401758403e-06,0.00012533969320894752,0.0,full
synch,std,streed,4,,3,0.008,0.0001,0.1,0.031378410643410404,0.000997852657688611,0.00676273402011986,0.00026092202191538576,0.00908939839488251,0.001137002318247427,0.055188252604226384,0.0,full
synch,std,streed,4,,3,0.008,0.001,0.001,0.0008955078937748717,2.956398277089569e-05,0.027165560210441923,1.0588168610966217e-06,2.668758069759192e-05,3.9411120282012816e-06,0.00015310737476992468,0.0,full
synch,std,streed,4,,3,0.008,0.001,0.1,0.031370561931776876,0.0009976686661162409,0.011077200801891332,0.0002605321315260222,0.009070192381235334,0.0011375840664009226,0.05521492783041329,0.0,full
synch,std,streed,4,,3,0.008,0.01,0.001,0.00017167229303744768,3.6426773230733415e-06,1.1341107947153721,2.930689026311219e-06,6.330730800826127e-05,1.589176472379931e-05,0.0005607393490309224,0.0,full
synch,std,streed,4,,3,0.008,0.01,0.1,0.03129356242280761,0.0009958826854742895,0.015610435530084975,0.0002567454998980322,0.008880980453987181,0.001143374523581602,0.05547906185948485,0.0,full
synch,std,streed,4,,3,0.008,0.1,0.001,0.001006971805381637,2.448677757864935e-05,0.019247875455382143,3.088449617769416e-05,0.0010225098487929788,8.356076286280132e-05,0.0031390952229678475,0.44721359549995787,full
synch,std,streed,4,,3,0.008,0.1,0.1,0.030882993997730132,0.0009906835187325608,0.006355252645889965,0.0002300078425225612,0.0072219743554197855,0.001224499416432448,0.05897045140337441,0.0,full
synch,std,streed,4,,3,0.01,1e-05,0.001,0.0018679516668342734,5.578399369213726e-05,0.02034111814739701,1.4769344359908775e-05,0.0003125574850150169,1.5888120440351852e-05,0.0008792134288417439,0.0,full
synch,std,streed,4,,3,0.01,1e-05,0.1,0.03346198265018619,0.0010576857466428917,0.006147548690528748,0.0002609611248819253,0.00909132188292829,0.0011369441171929875,0.05518558245314378,0.0,full
synch,std,streed,4,,3,0.01,0.0001,0.001,0.0018693960121420874,5.582186644726236e-05,0.01998190244826414,1.4778198792406681e-05,0.000312608260356059,1.5918215674187154e-05,0.0008810962366300019,0.0,full
synch,std,streed,4,,3,0.01,0.0001,0.1,0.03346120893206055,0.0010576673045746667,0.0036434161082448337,0.00026092202191538576,0.00908939839488251,0.001137002318247427,0.055188252604226384,0.0,full
synch,std,streed,4,,3,0.01,0.001,0.001,0.0018669617093338142,5.578618494324076e-05,0.019876028735936573,1.4864255439162342e-05,0.0003130535619013762,1.6221558856569287e-05,0.0008998963193238012,0.0,full
synch,std,streed,4,,3,0.01,0.001,0.1,0.03345349744373789,0.0010574837330800232,0.005065478324453683,0.0002605321315260222,0.009070192381235334,0.0011375840664009226,0.05521492783041329,0.0,full
synch,std,streed,4,,3,0.01,0.01,0.001,0.0020014184549190426,6.21834321757283e-05,1.5288429537009687,0.00016940668327401504,0.005293622643641141,0.00016396894222350312,0.004812792365739403,0.5477225575051661,full
synch,std,streed,4,,3,0.01,0.01,0.1,0.03197658279526018,0.0010147801299734457,0.012617733383904291,0.0002567454998980322,0.008880980453987181,0.001143374523581602,0.05547906185948485,0.0,full
synch,std,streed,4,,3,0.01,0.1,0.001,0.0017120435809968026,5.410674919273989e-05,0.31131158889951976,2.1474704216001263e-05,0.0004900640738776838,0.00014579645277028428,0.004698343585600012,0.4472135954999579,full
synch,std,streed,4,,3,0.01,0.1,0.1,0.03129837236606579,0.0010008026567656242,0.00560509016645272,0.0002300078425225612,0.0072219743554197855,0.001224499416432448,0.05897045140337441,0.0,full
synch,std,streed,4,,3,0.03,1e-05,0.001,0.00048190145664832123,1.8293733523868645e-05,0.0003161048524475992,1.4769344359908775e-05,0.0003125574850150169,1.5888120440351852e-05,0.0008792134288417439,0.0,full
synch,std,streed,4,,3,0.03,1e-05,0.1,0.04500663655086311,0.0014332439889237734,0.00543191905743714,0.0006897634103407511,0.023343709842813688,0.0012936077735294918,0.05881578411975357,0.44721359549995787,full
synch,std,streed,4,,3,0.03,0.0001,0.001,0.00048207947232608,1.8305178755525957e-05,0.0002593951737709362,1.4778198792406681e-05,0.000312608260356059,1.5918215674187154e-05,0.0008810962366300019,0.0,full
synch,std,streed,4,,3,0.03,0.0001,0.1,0.04500544962267308,0.0014332047093893892,0.006778978901851982,0.0006895612687632345,0.023337499234410322,0.001293602713544998,0.05881793575494661,0.44721359549995787,full
synch,std,streed,4,,3,0.03,0.001,0.001,0.0004837799797239357,1.8416781786781706e-05,0.0005253339123192063,1.4864255439162342e-05,0.0003130535619013762,1.6221558856569287e-05,0.0008998963193238012,0.0,full
synch,std,streed,4,,3,0.03,0.001,0.1,0.04499363297428218,0.0014328138015050373,0.005981155908889549,0.0006875428242164221,0.023275485756717545,0.0012935539892318594,0.058839456570319824,0.44721359549995787,full
synch,std,streed,4,,3,0.03,0.01,0.001,0.0005518610043768784,2.2046591805786897e-05,0.0003129610812151008,1.7619732972838452e-05,0.00033982608308222133,2.2033705878950974e-05,0.0012515599181137501,0.0,full
synch,std,streed,4,,3,0.03,0.01,0.1,0.043934068015752704,0.0014019045738632822,0.004415054795183131,0.0006676518609164457,0.022664497828661867,0.0012932492551853043,0.05905504249917513,0.44721359549995787,full
synch,std,streed,4,,3,0.03,0.1,0.001,0.0004517570618107267,2.3522669114887188e-05,0.019613184150871956,1.7464798687468366e-05,0.0001595884774354498,6.093446361672683e-05,0.0030482596803915354,0.0,full
synch,std,streed,4,,3,0.03,0.1,0.1,0.04315924819417351,0.001378595800039139,0.004862902615544716,0.000494921303713747,0.017369914935393457,0.0013042012528057085,0.061196405785525446,0.44721359549995787,full
synch,std,streed,4,,3,0.05,1e-05,0.001,0.00048190145664832123,1.8293733523868645e-05,0.0002209996195094682,1.4769344359908775e-05,0.0003125574850150169,1.5888120440351852e-05,0.0008792134288417439,0.0,full
synch,std,streed,4,,3,0.05,1e-05,0.1,0.016761287757966776,0.0004441348922236543,0.003543596865826397,0.000862336356488653,0.028932767331382583,0.001693602151340657,0.06756180941978858,0.0,full
synch,std,streed,4,,3,0.05,0.0001,0.001,0.00048207947232608,1.8305178755525957e-05,0.00030300210971345135,1.4778198792406681e-05,0.000312608260356059,1.5918215674187154e-05,0.0008810962366300019,0.0,full
synch,std,streed,4,,3,0.05,0.0001,0.1,0.01676354480061513,0.0004442360392507094,0.003478644925786795,0.0008620970534166023,0.028925376943936505,0.0016935270870141982,0.06756199586417495,0.0,full
synch,std,streed,4,,3,0.05,0.001,0.001,0.0004837799797239357,1.8416781786781706e-05,0.000390100213924932,1.4864255439162342e-05,0.0003130535619013762,1.6221558856569287e-05,0.0008998963193238012,0.0,full
synch,std,streed,4,,3,0.05,0.001,0.1,0.01678615258868987,0.00044524850214202845,0.0042512792583561665,0.0008597073303618535,0.02885157509240482,0.001692778959333352,0.06756389795583809,0.0,full
synch,std,streed,4,,3,0.05,0.01,0.001,0.0005518610043768784,2.2046591805786897e-05,0.0001278771334549241,1.7619732972838452e-05,0.00033982608308222133,2.2033705878950974e-05,0.0012515599181137501,0.0,full
synch,std,streed,4,,3,0.05,0.01,0.1,0.015998175702329646,0.00041933717008743436,0.007013957023240631,0.0008361367395584707,0.028123630767063208,0.001685544551673505,0.06758657661393858,0.0,full
synch,std,streed,4,,3,0.05,0.1,0.001,0.0004517570618107267,2.3522669114887188e-05,0.0002716180667138958,1.7464798687468366e-05,0.0001595884774354498,6.093446361672683e-05,0.0030482596803915354,0.0,full
synch,std,streed,4,,3,0.05,0.1,0.1,0.029717462473826232,0.0010093201406405096,0.007078554468660522,0.0006294752455598849,0.02173890667068593,0.001633799870635132,0.068090385209459,0.0,full
synch,std,streed,4,,3,0.08,1e-05,0.001,0.00048190145664832123,1.8293733523868645e-05,0.00028841179282860564,1.4769344359908775e-05,0.0003125574850150169,1.5888120440351852e-05,0.0008792134288417439,0.0,full
synch,std,streed,4,,3,0.08,1e-05,0.1,0.020485688056409566,0.0005911858680776814,0.004934536663105879,0.000862336356488653,0.028932767331382583,0.001693602151340657,0.06756180941978858,0.0,full
synch,std,streed,4,,3,0.08,0.0001,0.001,0.00048207947232608,1.8305178755525957e-05,0.0002424141347600669,1.4778198792406681e-05,0.000312608260356059,1.5918215674187154e-05,0.0008810962366300019,0.0,full
synch,std,streed,4,,3,0.08,0.0001,0.1,0.020486593098423087,0.0005912363637525119,0.004792722084919921,0.0008620970534166023,0.028925376943936505,0.0016935270870141982,0.06756199586417495,0.0,full
synch,std,streed,4,,3,0.08,0.001,0.001,0.0004837799797239357,1.8416781786781706e-05,0.00024345628465493032,1.4864255439162342e-05,0.0003130535619013762,1.6221558856569287e-05,0.0008998963193238012,0.0,full
synch,std,streed,4,,3,0.08,0.001,0.1,0.02049565339599016,0.000591741406864153,0.006621332665495822,0.0008597073303618535,0.02885157509240482,0.001692778959333352,0.06756389795583809,0.0,full
synch,std,streed,4,,3,0.08,0.01,0.001,0.0005518610043768784,2.2046591805786897e-05,0.0002990731152180835,1.7619732972838452e-05,0.00033982608308222133,2.2033705878950974e-05,0.0012515599181137501,0.0,full
synch,std,streed,4,,3,0.08,0.01,0.1,0.01476987049855167,0.0004228389525370352,0.007981506731978625,0.0008361367395584707,0.028123630767063208,0.001685544551673505,0.06758657661393858,0.0,full
synch,std,streed,4,,3,0.08,0.1,0.001,0.0004517570618107267,2.3522669114887188e-05,0.0003082978376013811,1.7464798687468366e-05,0.0001595884774354498,6.093446361672683e-05,0.0030482596803915354,0.0,full
synch,std,streed,4,,3,0.08,0.1,0.1,0.016431358034599965,0.0004911080522186102,0.004610867503493359,0.0006294752455598849,0.02173890667068593,0.001633799870635132,0.068090385209459,0.0,full
synch,std,streed,4,,3,0.1,1e-05,0.001,0.00048190145664832123,1.8293733523868645e-05,0.00031721770695695913,1.4769344359908775e-05,0.0003125574850150169,1.5888120440351852e-05,0.0008792134288417439,0.0,full
synch,std,streed,4,,3,0.1,1e-05,0.1,0.021386686151545205,0.000607782203304253,0.0059891803206981,0.000862336356488653,0.028932767331382583,0.001693602151340657,0.06756180941978858,0.0,full
synch,std,streed,4,,3,0.1,0.0001,0.001,0.00048207947232608,1.8305178755525957e-05,0.00028723247145796273,1.4778198792406681e-05,0.000312608260356059,1.5918215674187154e-05,0.0008810962366300019,0.0,full
synch,std,streed,4,,3,0.1,0.0001,0.1,0.021386874846128768,0.0006078129957845177,0.005731504461793748,0.0008620970534166023,0.028925376943936505,0.0016935270870141982,0.06756199586417495,0.0,full
synch,std,streed,4,,3,0.1,0.001,0.001,0.0004837799797239357,1.8416781786781706e-05,0.0002444407106143651,1.4864255439162342e-05,0.0003130535619013762,1.6221558856569287e-05,0.0008998963193238012,0.0,full
synch,std,streed,4,,3,0.1,0.001,0.1,0.02138878951672537,0.0006081220094744648,0.006796461410344823,0.0008597073303618535,0.02885157509240482,0.001692778959333352,0.06756389795583809,0.0,full
synch,std,streed,4,,3,0.1,0.01,0.001,0.0005518610043768784,2.2046591805786897e-05,0.00033012604255414156,1.7619732972838452e-05,0.00033982608308222133,2.2033705878950974e-05,0.0012515599181137501,0.0,full
synch,std,streed,4,,3,0.1,0.01,0.1,0.02141052077671885,0.0006113127879639348,0.0075104361919831235,0.0008361367395584707,0.028123630767063208,0.001685544551673505,0.06758657661393858,0.0,full
synch,std,streed,4,,3,0.1,0.1,0.001,0.0004517570618107267,2.3522669114887188e-05,0.00033777856586842,1.7464798687468366e-05,0.0001595884774354498,6.093446361672683e-05,0.0030482596803915354,0.0,full
synch,std,streed,4,,3,0.1,0.1,0.1,0.021778355191598403,0.0006473561112595494,0.008483828315578281,0.0006294752455598849,0.02173890667068593,0.001633799870635132,0.068090385209459,0.0,full
synch,best_by_mean_val_r2,streed,4,,3,0.001,0.0001,0.001,0.9993725119675647,2.012408661252436e-05,599.3984585285186,1.0831483025775765e-05,0.9996667852362435,1.0969700068976662e-05,0.9996569748005865,3.0,full
