dataset,outer,method,depth,n_thresholds,cv_folds,cost_complexity,ridge_penalty,lasso_penalty,val_r2,val_mse,train_time_s,train_mse,train_r2,test_mse,test_r2,n_leaves
auction,outer_0,streed,4,20,3,0.1,0.1,0.1,0.8396204608795843,17120033.312402457,2.31775164604187,16805888.249943558,0.8422754789170368,18658740.637679763,0.8330165276078381,3.0
auction,outer_0,streed,4,20,3,0.1,0.1,0.001,0.8396229139072329,17119768.925389092,2.3365960121154785,16805570.667571936,0.8422784594514021,18658612.89423184,0.8330176708277864,3.0
auction,outer_0,streed,4,20,3,0.1,0.01,0.1,0.8697639215259639,13890436.774869949,2.239792585372925,13536321.187060812,0.8729606109060315,16003428.008567512,0.8567798314505706,3.0
auction,outer_0,streed,4,20,3,0.1,0.01,0.001,0.8697640924259197,13890412.14642187,2.2583394050598145,13536198.724460404,0.8729617602267168,16003560.375618774,0.8567786468524092,3.0
auction,outer_0,streed,4,20,3,0.1,0.001,0.1,0.8711572914222505,13735521.47549788,2.244253635406494,13359391.866471233,0.8746211058433115,15966767.50004674,0.8571079189207451,3.0
auction,outer_0,streed,4,20,3,0.1,0.001,0.001,0.8711561993495018,13735629.758048778,2.272379875183105,13359373.024054892,0.8746212826808014,15966975.545499297,0.857106057050603,3.0
auction,outer_0,streed,4,20,3,0.1,0.0001,0.1,0.8711560910330273,13734832.391282668,2.2611513137817383,13355611.713180484,0.8746565828653252,15978813.835121265,0.8570001121346708,3.0
auction,outer_0,streed,4,20,3,0.1,0.0001,0.001,0.8711550673616731,13734931.887669316,2.2709920406341557,13355608.582523398,0.8746566122467767,15979035.470185688,0.856998128646429,3.0
auction,outer_0,streed,4,20,3,0.1,1e-05,0.1,0.8711541156340123,13734958.88494564,2.2904820442199707,13355420.5381868,0.8746583770569725,15980225.422314882,0.8569874793565133,3.0
auction,outer_0,streed,4,20,3,0.1,1e-05,0.001,0.8711530741955286,13735060.256113134,2.282383441925049,13355419.165947376,0.8746583899355423,15980448.864006208,0.8569854797001474,3.0
auction,outer_0,streed,4,20,3,0.08,0.1,0.1,0.8396204608795843,17120033.312402457,10.185323476791382,16805888.249943558,0.8422754789170368,18658740.637679763,0.8330165276078381,3.0
auction,outer_0,streed,4,20,3,0.08,0.1,0.001,0.8396229139072329,17119768.925389092,10.211843490600586,16805570.667571936,0.8422784594514021,18658612.89423184,0.8330176708277864,3.0
auction,outer_0,streed,4,20,3,0.08,0.01,0.1,0.8697639215259639,13890436.774869949,2.409128904342652,13536321.187060812,0.8729606109060315,16003428.008567512,0.8567798314505706,3.0
auction,outer_0,streed,4,20,3,0.08,0.01,0.001,0.8697640924259197,13890412.14642187,2.421125650405884,13536198.724460404,0.8729617602267168,16003560.375618774,0.8567786468524092,3.0
auction,outer_0,streed,4,20,3,0.08,0.001,0.1,0.8711572914222505,13735521.47549788,2.438440084457397,13359391.866471233,0.8746211058433115,15966767.50004674,0.8571079189207451,3.0
auction,outer_0,streed,4,20,3,0.08,0.001,0.001,0.8711561993495018,13735629.758048778,2.423792123794556,13359373.024054892,0.8746212826808014,15966975.545499297,0.857106057050603,3.0
auction,outer_0,streed,4,20,3,0.08,0.0001,0.1,0.8711560910330273,13734832.391282668,2.4310531616210938,13355611.713180484,0.8746565828653252,15978813.835121265,0.8570001121346708,3.0
auction,outer_0,streed,4,20,3,0.08,0.0001,0.001,0.8711550673616731,13734931.887669316,2.424105405807495,13355608.582523398,0.8746566122467767,15979035.470185688,0.856998128646429,3.0
auction,outer_0,streed,4,20,3,0.08,1e-05,0.1,0.8711541156340123,13734958.88494564,2.442243814468384,13355420.5381868,0.8746583770569725,15980225.422314882,0.8569874793565133,3.0
auction,outer_0,streed,4,20,3,0.08,1e-05,0.001,0.8711530741955286,13735060.256113134,2.427629947662353,13355419.165947376,0.8746583899355423,15980448.864006208,0.8569854797001474,3.0
auction,outer_0,streed,4,20,3,0.05,0.1,0.1,0.8739719132145533,13432453.35112755,33.14433431625366,12889117.74293698,0.8790346637468873,15467378.764804186,0.8615771200690763,4.0
auction,outer_0,streed,4,20,3,0.05,0.1,0.001,0.873971342745687,13432510.774187706,33.26258826255798,12889040.81949165,0.8790353856791884,15467379.136301143,0.8615771167444226,4.0
auction,outer_0,streed,4,20,3,0.05,0.01,0.1,0.8697639215259639,13890436.774869949,10.28309440612793,13536321.187060812,0.8729606109060315,16003428.008567512,0.8567798314505706,3.0
auction,outer_0,streed,4,20,3,0.05,0.01,0.001,0.8697640924259197,13890412.14642187,10.243330478668211,13536198.724460404,0.8729617602267168,16003560.375618774,0.8567786468524092,3.0
auction,outer_0,streed,4,20,3,0.05,0.001,0.1,0.8711572914222505,13735521.47549788,10.28153920173645,13359391.866471233,0.8746211058433115,15966767.50004674,0.8571079189207451,3.0
auction,outer_0,streed,4,20,3,0.05,0.001,0.001,0.8711561993495018,13735629.758048778,10.320343255996704,13359373.024054892,0.8746212826808014,15966975.545499297,0.857106057050603,3.0
auction,outer_0,streed,4,20,3,0.05,0.0001,0.1,0.8711560910330273,13734832.391282668,10.294573068618774,13355611.713180484,0.8746565828653252,15978813.835121265,0.8570001121346708,3.0
auction,outer_0,streed,4,20,3,0.05,0.0001,0.001,0.8711550673616731,13734931.887669316,10.360599279403688,13355608.582523398,0.8746566122467767,15979035.470185688,0.856998128646429,3.0
auction,outer_0,streed,4,20,3,0.05,1e-05,0.1,0.8711541156340123,13734958.88494564,10.306328535079956,13355420.5381868,0.8746583770569725,15980225.422314882,0.8569874793565133,3.0
auction,outer_0,streed,4,20,3,0.05,1e-05,0.001,0.8711530741955286,13735060.256113134,10.306316614151,13355419.165947376,0.8746583899355423,15980448.864006208,0.8569854797001474,3.0
auction,outer_0,streed,4,20,3,0.03,0.1,0.1,0.8829409522929145,12484377.219806587,42.33757710456848,12889117.74293698,0.8790346637468873,15467378.764804186,0.8615771200690763,4.0
auction,outer_0,streed,4,20,3,0.03,0.1,0.001,0.8829403597448372,12484436.976759233,42.29168486595154,12889040.81949165,0.8790353856791884,15467379.136301143,0.8615771167444226,4.0
auction,outer_0,streed,4,20,3,0.03,0.01,0.1,0.8697639215259639,13890436.774869949,36.77939987182617,13536321.187060812,0.8729606109060315,16003428.008567512,0.8567798314505706,3.0
auction,outer_0,streed,4,20,3,0.03,0.01,0.001,0.8697640924259197,13890412.14642187,36.99308204650879,13536198.724460404,0.8729617602267168,16003560.375618774,0.8567786468524092,3.0
auction,outer_0,streed,4,20,3,0.03,0.001,0.1,0.8704482328660058,13810472.814990455,37.77934145927429,13359391.866471233,0.8746211058433115,15966767.50004674,0.8571079189207451,3.0
auction,outer_0,streed,4,20,3,0.03,0.001,0.001,0.8704450814490962,13810798.781401137,37.74897694587708,13359373.024054892,0.8746212826808014,15966975.545499297,0.857106057050603,3.0
auction,outer_0,streed,4,20,3,0.03,0.0001,0.1,0.8701433376857076,13841885.919215836,38.11925840377808,13355611.713180484,0.8746565828653252,15978813.835121265,0.8570001121346708,3.0
auction,outer_0,streed,4,20,3,0.03,0.0001,0.001,0.8701400486138908,13842224.880732251,38.07814073562622,13355608.582523398,0.8746566122467767,15979035.470185688,0.856998128646429,3.0
auction,outer_0,streed,4,20,3,0.03,1e-05,0.1,0.8701087486075872,13845459.855848389,37.890653133392334,13355420.5381868,0.8746583770569725,15980225.422314882,0.8569874793565133,3.0
auction,outer_0,streed,4,20,3,0.03,1e-05,0.001,0.8701054198964316,13845803.004156882,37.66810750961304,13355419.165947376,0.8746583899355423,15980448.864006208,0.8569854797001474,3.0
auction,outer_0,streed,4,20,3,0.01,0.1,0.1,0.8940921763890014,11208033.505175568,50.277162075042725,9862015.79307174,0.9074442424737602,12003468.201585677,0.8925768442805836,6.0
auction,outer_0,streed,4,20,3,0.01,0.1,0.001,0.8940918815453361,11208060.922396451,50.03417944908142,9861901.028764864,0.9074453195453837,12003486.442416098,0.8925766810371332,6.0
auction,outer_0,streed,4,20,3,0.01,0.01,0.1,0.923918454528185,8047953.3127671005,42.98972177505493,6749166.916808456,0.9366585625329166,9120774.317311345,0.918375060997724,7.0
auction,outer_0,streed,4,20,3,0.01,0.01,0.001,0.9239188325919636,8047905.893170991,43.00445318222046,6748978.821899649,0.9366603278177362,9120562.673408702,0.9183769550716308,7.0
auction,outer_0,streed,4,20,3,0.01,0.001,0.1,0.9327628547251866,7132620.898889319,44.50419330596924,6556402.4458710505,0.9384676715432966,8707829.811853021,0.9220706430718671,7.0
auction,outer_0,streed,4,20,3,0.01,0.001,0.001,0.9327612651538468,7132780.334084664,44.23424863815308,6556370.344427222,0.9384679728177534,8707684.41484968,0.9220719442795404,7.0
auction,outer_0,streed,4,20,3,0.01,0.0001,0.1,0.9326331534221688,7145277.947380711,45.67471694946289,5950955.680686553,0.944149834822008,6994116.974354377,0.9374072472856944,7.0
auction,outer_0,streed,4,20,3,0.01,0.0001,0.001,0.9326311988639094,7145476.068533649,45.70692014694214,5950845.162141843,0.944150872046835,6993673.911595932,0.937411212406349,7.0
auction,outer_0,streed,4,20,3,0.01,1e-05,0.1,0.9405124373833594,6342595.642940714,45.61246299743652,5940940.987653151,0.94424382346688,6935423.989740213,0.9379325109444936,7.0
auction,outer_0,streed,4,20,3,0.01,1e-05,0.001,0.9405130300867668,6342535.098743319,45.75444746017456,5940895.473047662,0.9442442506248646,6935033.717315099,0.9379360036263412,7.0
auction,outer_0,streed,4,20,3,0.008,0.1,0.1,0.907566281946526,9783409.026116738,51.68879413604736,8677515.953223746,0.918560862267034,10958116.741204051,0.9019320531938926,7.0
auction,outer_0,streed,4,20,3,0.008,0.1,0.001,0.9075664883293711,9783383.36425896,51.88248252868652,8677378.478587033,0.9185621524768054,10958089.790604671,0.901932294384054,7.0
auction,outer_0,streed,4,20,3,0.008,0.01,0.1,0.923918454528185,8047953.3127671005,45.54713296890259,6749166.916808456,0.9366585625329166,9120774.317311345,0.918375060997724,7.0
auction,outer_0,streed,4,20,3,0.008,0.01,0.001,0.9239188325919636,8047905.893170991,45.7989342212677,6748978.821899649,0.9366603278177362,9120562.673408702,0.9183769550716308,7.0
auction,outer_0,streed,4,20,3,0.008,0.001,0.1,0.9327628547251866,7132620.898889319,46.51328921318054,6556402.4458710505,0.9384676715432966,8707829.811853021,0.9220706430718671,7.0
auction,outer_0,streed,4,20,3,0.008,0.001,0.001,0.9327612651538468,7132780.334084664,46.868783712387085,6556370.344427222,0.9384679728177534,8707684.41484968,0.9220719442795404,7.0
auction,outer_0,streed,4,20,3,0.008,0.0001,0.1,0.9326331534221688,7145277.947380711,48.01054811477661,5950955.680686553,0.944149834822008,6994116.974354377,0.9374072472856944,7.0
auction,outer_0,streed,4,20,3,0.008,0.0001,0.001,0.9326311988639094,7145476.068533649,48.13569378852844,5950845.162141843,0.944150872046835,6993673.911595932,0.937411212406349,7.0
auction,outer_0,streed,4,20,3,0.008,1e-05,0.1,0.9405124373833594,6342595.642940714,48.45970916748047,5940940.987653151,0.94424382346688,6935423.989740213,0.9379325109444936,7.0
auction,outer_0,streed,4,20,3,0.008,1e-05,0.001,0.9405130300867668,6342535.098743319,48.57401990890503,5940895.473047662,0.9442442506248646,6935033.717315099,0.9379360036263412,7.0
auction,outer_0,streed,4,20,3,0.005,0.1,0.1,0.9128939085533632,9214764.763832858,55.34282732009888,8144066.407312994,0.9235673262455733,10516640.512737356,0.905882975447407,8.0
auction,outer_0,streed,4,20,3,0.005,0.1,0.001,0.9128936304188692,9214790.723156448,55.2913179397583,8143973.181868545,0.923568201173358,10516642.929899352,0.905882953815395,8.0
auction,outer_0,streed,4,20,3,0.005,0.01,0.1,0.923918454528185,8047953.3127671005,51.12728810310364,6749166.916808456,0.9366585625329166,9120774.317311345,0.918375060997724,7.0
auction,outer_0,streed,4,20,3,0.005,0.01,0.001,0.9239188325919636,8047905.893170991,50.75113010406494,6748978.821899649,0.9366603278177362,9120562.673408702,0.9183769550716308,7.0
auction,outer_0,streed,4,20,3,0.005,0.001,0.1,0.9368635701310656,6673252.289204619,52.00103735923767,6556402.4458710505,0.9384676715432966,8707829.811853021,0.9220706430718671,7.0
auction,outer_0,streed,4,20,3,0.005,0.001,0.001,0.9368620018034473,6673409.344644751,52.215508460998535,6556370.344427222,0.9384679728177534,8707684.41484968,0.9220719442795404,7.0
auction,outer_0,streed,4,20,3,0.005,0.0001,0.1,0.9368645162426188,6671274.008186321,52.54169583320618,5950955.680686553,0.944149834822008,6994116.974354377,0.9374072472856944,7.0
auction,outer_0,streed,4,20,3,0.005,0.0001,0.001,0.9368625624726846,6671472.041029826,52.78872990608215,5950845.162141843,0.944150872046835,6993673.911595932,0.937411212406349,7.0
auction,outer_0,streed,4,20,3,0.005,1e-05,0.1,0.9447562184222308,5867200.595325883,52.94523310661316,5940940.987653151,0.94424382346688,6935423.989740213,0.9379325109444936,7.0
auction,outer_0,streed,4,20,3,0.005,1e-05,0.001,0.944756874630191,5867132.937248293,52.55881547927856,5940895.473047662,0.9442442506248646,6935033.717315099,0.9379360036263412,7.0
auction,outer_0,streed,4,20,3,0.003,0.1,0.1,0.9128939085533632,9214764.763832858,59.07628870010376,8144066.407312994,0.9235673262455733,10516640.512737356,0.905882975447407,8.0
auction,outer_0,streed,4,20,3,0.003,0.1,0.001,0.9128936304188692,9214790.723156448,58.731512784957886,8143973.181868545,0.923568201173358,10516642.929899352,0.905882953815395,8.0
auction,outer_0,streed,4,20,3,0.003,0.01,0.1,0.9240695411420712,8032562.558409676,53.43194222450256,6749166.916808456,0.9366585625329166,9120774.317311345,0.918375060997724,7.0
auction,outer_0,streed,4,20,3,0.003,0.01,0.001,0.9240697077809222,8032536.676056617,53.61048913002014,6748978.821899649,0.9366603278177362,9120562.673408702,0.9183769550716308,7.0
auction,outer_0,streed,4,20,3,0.003,0.001,0.1,0.9368635701310656,6673252.289204619,55.7363543510437,6556402.4458710505,0.9384676715432966,8707829.811853021,0.9220706430718671,7.0
auction,outer_0,streed,4,20,3,0.003,0.001,0.001,0.9368620018034473,6673409.344644751,55.91086602210999,6556370.344427222,0.9384679728177534,8707684.41484968,0.9220719442795404,7.0
auction,outer_0,streed,4,20,3,0.003,0.0001,0.1,0.9368645162426188,6671274.008186321,56.40399599075317,5565312.196630947,0.9477691278297212,6661926.667902477,0.940380132323516,8.0
auction,outer_0,streed,4,20,3,0.003,0.0001,0.001,0.9368625624726846,6671472.041029826,56.54540729522705,5565167.346991926,0.9477704872544422,6661555.907197287,0.940383450388287,8.0
auction,outer_0,streed,4,20,3,0.003,1e-05,0.1,0.9447562184222308,5867200.595325883,56.54093527793884,5552306.671150937,0.9478911856613136,6602984.273275194,0.9409076280381036,8.0
auction,outer_0,streed,4,20,3,0.003,1e-05,0.001,0.944756874630191,5867132.937248293,56.29818892478943,5552255.818009874,0.9478916629218546,6602707.584743981,0.94091010421871,8.0
auction,outer_0,streed,4,20,3,0.001,0.1,0.1,0.9143838669014624,9056168.61871318,61.52418828010559,7990108.100287732,0.9250122364985248,10380517.549312085,0.9071011865553508,9.0
auction,outer_0,streed,4,20,3,0.001,0.1,0.001,0.9143835333128226,9056200.805798773,62.03610849380493,7990016.454994068,0.925013096596476,10380506.942012556,0.907101281483714,9.0
auction,outer_0,streed,4,20,3,0.001,0.01,0.1,0.9266747261006556,7752585.856494934,57.09823369979858,6458126.896746124,0.9393899949390828,8867447.238206545,0.920642171953458,9.0
auction,outer_0,streed,4,20,3,0.001,0.01,0.001,0.9266745727430512,7752594.558824822,57.0940203666687,6457993.252870051,0.9393912491968786,8867230.119832302,0.9206441150202896,9.0
auction,outer_0,streed,4,20,3,0.001,0.001,0.1,0.9381507256436796,6539442.030587255,59.86950993537903,6351475.621266838,0.9403909251545932,8530758.323782627,0.9236553165776412,8.0
auction,outer_0,streed,4,20,3,0.001,0.001,0.001,0.93814912465651,6539602.402317102,59.953229904174805,6351452.517057387,0.9403911419893308,8530578.500754654,0.9236569258756218,8.0
auction,outer_0,streed,4,20,3,0.001,0.0001,0.1,0.93814858606529,6537792.244257779,60.05997061729431,5565312.196630947,0.9477691278297212,6661926.667902477,0.940380132323516,8.0
auction,outer_0,streed,4,20,3,0.001,0.0001,0.001,0.9381466224864052,6537991.218666914,60.32112431526184,5565167.346991926,0.9477704872544422,6661555.907197287,0.940383450388287,8.0
auction,outer_0,streed,4,20,3,0.001,1e-05,0.1,0.9460405266940292,5733695.640644147,60.29934191703797,5552306.671150937,0.9478911856613136,6602984.273275194,0.9409076280381036,8.0
auction,outer_0,streed,4,20,3,0.001,1e-05,0.001,0.946041172818846,5733628.946057496,60.50175046920776,5552255.818009874,0.9478916629218546,6602707.584743981,0.94091010421871,8.0
auction,outer_0,streed,4,20,3,0.0005,0.1,0.1,0.9143838669014624,9056168.61871318,62.988078117370605,7990108.100287732,0.9250122364985248,10380517.549312085,0.9071011865553508,9.0
auction,outer_0,streed,4,20,3,0.0005,0.1,0.001,0.9143835333128226,9056200.805798773,63.48843455314636,7990016.454994068,0.925013096596476,10380506.942012556,0.907101281483714,9.0
auction,outer_0,streed,4,20,3,0.0005,0.01,0.1,0.9266747261006556,7752585.856494934,58.19099140167236,6458126.896746124,0.9393899949390828,8867447.238206545,0.920642171953458,9.0
auction,outer_0,streed,4,20,3,0.0005,0.01,0.001,0.9266745727430512,7752594.558824822,58.36244821548462,6457993.252870051,0.9393912491968786,8867230.119832302,0.9206441150202896,9.0
auction,outer_0,streed,4,20,3,0.0005,0.001,0.1,0.938072076241452,6547453.816667516,60.41933751106262,6308945.759393844,0.940790071096532,8520431.481281586,0.9237477350346612,9.0
auction,outer_0,streed,4,20,3,0.0005,0.001,0.001,0.9380703936836774,6547622.497757879,60.6190710067749,6308930.984466522,0.9407902097603326,8520293.615964875,0.9237489688386866,9.0
auction,outer_0,streed,4,20,3,0.0005,0.0001,0.1,0.9380616926863524,6546643.820291662,61.32056593894959,5476286.367169065,0.9486046419130628,6483992.716581012,0.9419725243088636,9.0
auction,outer_0,streed,4,20,3,0.0005,0.0001,0.001,0.9380596625047596,6546849.579325137,60.8779513835907,5476146.767852195,0.9486059520631166,6483621.0060938,0.9419758508735596,9.0
auction,outer_0,streed,4,20,3,0.0005,1e-05,0.1,0.9459524636495694,5742666.367106172,60.8460853099823,5463279.068727405,0.9487267163840328,6423518.15143143,0.9425137319431928,9.0
auction,outer_0,streed,4,20,3,0.0005,1e-05,0.001,0.9459530476833496,5742605.997552988,60.86492562294006,5463234.60452072,0.9487271336839458,6423242.139780994,0.9425162020661612,9.0
auction,outer_0,streed,4,20,3,0.0001,0.1,0.1,0.9144504875841962,9048945.42737724,64.1276216506958,7977215.077291467,0.9251332384858733,10367046.463819273,0.907221743921797,10.0
auction,outer_0,streed,4,20,3,0.0001,0.1,0.001,0.9144501822833728,9048974.58064806,64.40444159507751,7977118.045210585,0.9251341491392264,10367028.11533963,0.9072219081286372,10.0
auction,outer_0,streed,4,20,3,0.0001,0.01,0.1,0.92682937220909,7736263.793544448,59.49607658386231,6441253.601131463,0.939548352083337,8848923.428540265,0.920807947882288,10.0
auction,outer_0,streed,4,20,3,0.0001,0.01,0.001,0.9268292618441376,7736268.068759012,59.56467771530152,6441114.551463043,0.939549657074899,8848696.357910551,0.9208099800152686,10.0
auction,outer_0,streed,4,20,3,0.0001,0.001,0.1,0.938692969003382,6480999.043108319,61.815157651901245,5668399.009848583,0.9468016503597474,7049318.15964345,0.9369132329372062,14.0
auction,outer_0,streed,4,20,3,0.0001,0.001,0.001,0.9386912182543256,6481175.939233304,62.096712827682495,5668062.246004859,0.9468048109136664,7049290.278840009,0.936913482452083,14.0
auction,outer_0,streed,4,20,3,0.0001,0.0001,0.1,0.9386906865053144,6479386.702743721,63.09826636314392,5459085.399074692,0.9487660742881028,6465050.827824101,0.942142041770932,10.0
auction,outer_0,streed,4,20,3,0.0001,0.0001,0.001,0.9386885733328776,6479602.281921398,63.27738571166992,5458944.843252634,0.9487673934150296,6464676.90570487,0.942145388128282,10.0
auction,outer_0,streed,4,20,3,0.0001,1e-05,0.1,0.946582143665807,5675342.717426118,62.869844913482666,5446077.436601928,0.9488881549910546,6404575.291929542,0.9426832580927912,10.0
auction,outer_0,streed,4,20,3,0.0001,1e-05,0.001,0.9465826674039988,5675289.618318714,62.14926767349243,5446032.086549274,0.9488885806046984,6404297.154895585,0.942685747236546,10.0
auction,outer_1,streed,4,20,3,0.1,0.1,0.1,0.8425861690473267,17540877.43228404,2.2725772857666016,17225352.164277658,0.8449358643426605,16791072.858243532,0.8200364906517751,3.0
auction,outer_1,streed,4,20,3,0.1,0.1,0.001,0.842589122605032,17540548.93472682,2.2820818424224854,17225022.64819074,0.8449388306754656,16790899.91499145,0.8200383442244935,3.0
auction,outer_1,streed,4,20,3,0.1,0.01,0.1,0.8742745231345618,14031931.687204529,2.18584942817688,13672045.89533876,0.8769230399930645,15211754.783922868,0.8369633198920098,3.0
auction,outer_1,streed,4,20,3,0.1,0.01,0.001,0.8742752958647838,14031846.769154036,2.1995346546173096,13671885.688498452,0.8769244821891359,15211906.32246614,0.836961695730869,3.0
auction,outer_1,streed,4,20,3,0.1,0.001,0.1,0.8755138723177618,13901682.401957285,2.215545654296875,13467382.605355008,0.8787654369356322,15528640.08628484,0.8335670037926525,3.0
auction,outer_1,streed,4,20,3,0.1,0.001,0.001,0.8755130610670716,13901772.917770976,2.2343738079071045,13467358.030651592,0.8787656581592744,15528975.746733824,0.8335634062481204,3.0
auction,outer_1,streed,4,20,3,0.1,0.0001,0.1,0.8754880695559302,13905475.95613464,2.211170196533203,13462434.2978137,0.8788099820354678,15584680.646652354,0.8329663717785625,3.0
auction,outer_1,streed,4,20,3,0.1,0.0001,0.001,0.8754874532908449,13905548.060241845,2.203141450881958,13462428.478880832,0.8788100344180134,15585039.91158311,0.8329625212457067,3.0
auction,outer_1,streed,4,20,3,0.1,1e-05,0.1,0.875483319546359,13906100.04781499,2.2257540225982666,13462150.50257988,0.8788125367851307,15590599.164852584,0.8329029382317935,3.0
auction,outer_1,streed,4,20,3,0.1,1e-05,0.001,0.87548268330778,13906174.37578416,2.2332935333251958,13462146.617361158,0.8788125717602115,15590960.856811851,0.83289906168651,3.0
auction,outer_1,streed,4,20,3,0.08,0.1,0.1,0.8425861690473267,17540877.43228404,9.084666013717651,17225352.164277658,0.8449358643426605,16791072.858243532,0.8200364906517751,3.0
auction,outer_1,streed,4,20,3,0.08,0.1,0.001,0.842589122605032,17540548.93472682,9.094639778137209,17225022.64819074,0.8449388306754656,16790899.91499145,0.8200383442244935,3.0
auction,outer_1,streed,4,20,3,0.08,0.01,0.1,0.8742745231345618,14031931.687204529,2.3431289196014404,13672045.89533876,0.8769230399930645,15211754.783922868,0.8369633198920098,3.0
auction,outer_1,streed,4,20,3,0.08,0.01,0.001,0.8742752958647838,14031846.769154036,2.356165170669556,13671885.688498452,0.8769244821891359,15211906.32246614,0.836961695730869,3.0
auction,outer_1,streed,4,20,3,0.08,0.001,0.1,0.8755138723177618,13901682.401957285,2.348254680633545,13467382.605355008,0.8787654369356322,15528640.08628484,0.8335670037926525,3.0
auction,outer_1,streed,4,20,3,0.08,0.001,0.001,0.8755130610670716,13901772.917770976,2.363134384155273,13467358.030651592,0.8787656581592744,15528975.746733824,0.8335634062481204,3.0
auction,outer_1,streed,4,20,3,0.08,0.0001,0.1,0.8754880695559302,13905475.95613464,2.276807308197021,13462434.2978137,0.8788099820354678,15584680.646652354,0.8329663717785625,3.0
auction,outer_1,streed,4,20,3,0.08,0.0001,0.001,0.8754874532908449,13905548.060241845,2.272385597229004,13462428.478880832,0.8788100344180134,15585039.91158311,0.8329625212457067,3.0
auction,outer_1,streed,4,20,3,0.08,1e-05,0.1,0.875483319546359,13906100.04781499,2.273070812225342,13462150.50257988,0.8788125367851307,15590599.164852584,0.8329029382317935,3.0
auction,outer_1,streed,4,20,3,0.08,1e-05,0.001,0.87548268330778,13906174.37578416,2.2717692852020264,13462146.617361158,0.8788125717602115,15590960.856811851,0.83289906168651,3.0
auction,outer_1,streed,4,20,3,0.05,0.1,0.1,0.8773802573453878,13688293.895504951,28.22948408126831,13104493.938424446,0.8820321926420339,14809545.37954058,0.8412741234074599,4.0
auction,outer_1,streed,4,20,3,0.05,0.1,0.001,0.8773806212609858,13688251.965756629,28.107827186584476,13104411.665497469,0.8820329332701609,14809500.115870096,0.8412746085348282,4.0
auction,outer_1,streed,4,20,3,0.05,0.01,0.1,0.8742745231345618,14031931.687204529,9.1417977809906,13672045.89533876,0.8769230399930645,15211754.783922868,0.8369633198920098,3.0
auction,outer_1,streed,4,20,3,0.05,0.01,0.001,0.8742752958647838,14031846.769154036,9.124850034713743,13671885.688498452,0.8769244821891359,15211906.32246614,0.836961695730869,3.0
auction,outer_1,streed,4,20,3,0.05,0.001,0.1,0.8755138723177618,13901682.401957285,9.237530708312988,13467382.605355008,0.8787654369356322,15528640.08628484,0.8335670037926525,3.0
auction,outer_1,streed,4,20,3,0.05,0.001,0.001,0.8755130610670716,13901772.917770976,9.253139019012451,13467358.030651592,0.8787656581592744,15528975.746733824,0.8335634062481204,3.0
auction,outer_1,streed,4,20,3,0.05,0.0001,0.1,0.8754880695559302,13905475.95613464,9.188298463821411,13462434.2978137,0.8788099820354678,15584680.646652354,0.8329663717785625,3.0
auction,outer_1,streed,4,20,3,0.05,0.0001,0.001,0.8754874532908449,13905548.060241845,9.132596969604492,13462428.478880832,0.8788100344180134,15585039.91158311,0.8329625212457067,3.0
auction,outer_1,streed,4,20,3,0.05,1e-05,0.1,0.875483319546359,13906100.04781499,9.17805552482605,13462150.50257988,0.8788125367851307,15590599.164852584,0.8329029382317935,3.0
auction,outer_1,streed,4,20,3,0.05,1e-05,0.001,0.87548268330778,13906174.37578416,9.219646215438845,13462146.617361158,0.8788125717602115,15590960.856811851,0.83289906168651,3.0
auction,outer_1,streed,4,20,3,0.03,0.1,0.1,0.8773802573453878,13688293.895504951,36.36845016479492,13104493.938424446,0.8820321926420339,14809545.37954058,0.8412741234074599,4.0
auction,outer_1,streed,4,20,3,0.03,0.1,0.001,0.8773806212609858,13688251.965756629,36.35595679283142,13104411.665497469,0.8820329332701609,14809500.115870096,0.8412746085348282,4.0
auction,outer_1,streed,4,20,3,0.03,0.01,0.1,0.8742745231345618,14031931.687204529,32.05034017562866,13672045.89533876,0.8769230399930645,15211754.783922868,0.8369633198920098,3.0
auction,outer_1,streed,4,20,3,0.03,0.01,0.001,0.8742752958647838,14031846.769154036,31.966273546218872,13671885.688498452,0.8769244821891359,15211906.32246614,0.836961695730869,3.0
auction,outer_1,streed,4,20,3,0.03,0.001,0.1,0.8755138723177618,13901682.401957285,32.90276288986206,13467382.605355008,0.8787654369356322,15528640.08628484,0.8335670037926525,3.0
auction,outer_1,streed,4,20,3,0.03,0.001,0.001,0.8755130610670716,13901772.917770976,32.84901189804077,13467358.030651592,0.8787656581592744,15528975.746733824,0.8335634062481204,3.0
auction,outer_1,streed,4,20,3,0.03,0.0001,0.1,0.8754880695559302,13905475.95613464,32.59445810317993,13462434.2978137,0.8788099820354678,15584680.646652354,0.8329663717785625,3.0
auction,outer_1,streed,4,20,3,0.03,0.0001,0.001,0.8754874532908449,13905548.060241845,32.66539549827576,13462428.478880832,0.8788100344180134,15585039.91158311,0.8329625212457067,3.0
auction,outer_1,streed,4,20,3,0.03,1e-05,0.1,0.875483319546359,13906100.04781499,32.74562191963196,13462150.50257988,0.8788125367851307,15590599.164852584,0.8329029382317935,3.0
auction,outer_1,streed,4,20,3,0.03,1e-05,0.001,0.87548268330778,13906174.37578416,32.68313217163086,13462146.617361158,0.8788125717602115,15590960.856811851,0.83289906168651,3.0
auction,outer_1,streed,4,20,3,0.01,0.1,0.1,0.888609744877287,12433746.114319636,42.62434840202332,11135818.91959849,0.8997543783641652,13854388.424206302,0.8515113130803004,5.0
auction,outer_1,streed,4,20,3,0.01,0.1,0.001,0.8886102072909831,12433692.591230484,42.59591722488403,11135742.74975068,0.8997550640518365,13854381.663765462,0.851511385537413,5.0
auction,outer_1,streed,4,20,3,0.01,0.01,0.1,0.9088435171081012,10136975.684843786,36.81949400901794,7383980.017451323,0.9335287622454732,11312830.04233693,0.8787512500084553,6.0
auction,outer_1,streed,4,20,3,0.01,0.01,0.001,0.908843664758748,10136956.492397992,36.9836368560791,7383567.681141258,0.9335324741332132,11313023.060631309,0.8787491812752708,6.0
auction,outer_1,streed,4,20,3,0.01,0.001,0.1,0.9178553486339128,9160424.959154917,39.00730776786804,6988359.256236507,0.9370901751443684,11850495.630625624,0.8729886530058042,6.0
auction,outer_1,streed,4,20,3,0.01,0.001,0.001,0.9178543275440104,9160532.272782989,39.04143238067627,6988267.637764978,0.9370909999019096,11851096.364763334,0.8729822144521441,6.0
auction,outer_1,streed,4,20,3,0.01,0.0001,0.1,0.9158376359790268,9367963.710624956,39.50310158729553,6975805.691326891,0.9372031834401388,12018017.688804688,0.8711931836074125,6.0
auction,outer_1,streed,4,20,3,0.01,0.0001,0.001,0.915836272078488,9368110.838869458,39.5504994392395,6975684.866492741,0.937204271115926,12018524.102559142,0.8711877559615911,6.0
auction,outer_1,streed,4,20,3,0.01,1e-05,0.1,0.9214337344419508,8729750.202217124,39.7323808670044,6975494.886483217,0.9372059813326858,12030246.53659573,0.8710621171542834,6.0
auction,outer_1,streed,4,20,3,0.01,1e-05,0.001,0.9214338234141392,8729730.338826185,39.80605864524841,6975476.9616457615,0.9372061426936495,12030949.660821795,0.8710545812032278,6.0
auction,outer_1,streed,4,20,3,0.008,0.1,0.1,0.892989820984039,11942856.593587965,44.49977517127991,9311604.282225044,0.9161761190229368,12232527.151896572,0.8688941121846196,7.0
auction,outer_1,streed,4,20,3,0.008,0.1,0.001,0.8929902041833708,11942811.122193132,44.511295795440674,9311519.436779236,0.9161768828091048,12232416.498629764,0.8688952981451824,7.0
auction,outer_1,streed,4,20,3,0.008,0.01,0.1,0.9191549434085085,9076428.078400075,40.11128067970276,7383980.017451323,0.9335287622454732,11312830.04233693,0.8787512500084553,6.0
auction,outer_1,streed,4,20,3,0.008,0.01,0.001,0.919155307502384,9076386.624402711,40.06131196022034,7383567.681141258,0.9335324741332132,11313023.060631309,0.8787491812752708,6.0
auction,outer_1,streed,4,20,3,0.008,0.001,0.1,0.9240134247671496,8527056.430579541,40.43859314918518,6988359.256236507,0.9370901751443684,11850495.630625624,0.8729886530058042,6.0
auction,outer_1,streed,4,20,3,0.008,0.001,0.001,0.9240125632512648,8527147.331750443,40.65395283699036,6988267.637764978,0.9370909999019096,11851096.364763334,0.8729822144521441,6.0
auction,outer_1,streed,4,20,3,0.008,0.0001,0.1,0.9220039723123749,8733745.606520304,41.687732219696045,6975805.691326891,0.9372031834401388,12018017.688804688,0.8711931836074125,6.0
auction,outer_1,streed,4,20,3,0.008,0.0001,0.001,0.9220027334218672,8733879.877272038,41.49307084083557,6975684.866492741,0.937204271115926,12018524.102559142,0.8711877559615911,6.0
auction,outer_1,streed,4,20,3,0.008,1e-05,0.1,0.9276007355345626,8095463.726499729,41.81268262863159,6975494.886483217,0.9372059813326858,12030246.53659573,0.8710621171542834,6.0
auction,outer_1,streed,4,20,3,0.008,1e-05,0.001,0.9276009458948486,8095431.37813796,42.00834822654724,6975476.9616457615,0.9372061426936495,12030949.660821795,0.8710545812032278,6.0
auction,outer_1,streed,4,20,3,0.005,0.1,0.1,0.9024817650846472,10930105.67902016,48.60766673088074,8798997.941928318,0.9207906463970376,11757786.191271877,0.873982295055759,8.0
auction,outer_1,streed,4,20,3,0.005,0.1,0.001,0.9024818138156347,10930097.911815792,48.67206764221192,8798959.473733542,0.9207909926911112,11757684.534265248,0.8739833845961248,8.0
auction,outer_1,streed,4,20,3,0.005,0.01,0.1,0.9191549434085085,9076428.078400075,43.59730625152588,6784554.82736715,0.9389248405436224,8336405.882551727,0.9106519952214576,7.0
auction,outer_1,streed,4,20,3,0.005,0.01,0.001,0.919155307502384,9076386.624402711,43.65825486183167,6784315.465841948,0.9389269952971312,8336658.981539153,0.9106492825548892,7.0
auction,outer_1,streed,4,20,3,0.005,0.001,0.1,0.9234071593855702,8589411.848789565,45.08005928993225,6988359.256236507,0.9370901751443684,11850495.630625624,0.8729886530058042,6.0
auction,outer_1,streed,4,20,3,0.005,0.001,0.001,0.9234065227490578,8589479.620737307,45.022035121917725,6988267.637764978,0.9370909999019096,11851096.364763334,0.8729822144521441,6.0
auction,outer_1,streed,4,20,3,0.005,0.0001,0.1,0.9220039723123749,8733745.606520304,45.50077843666077,6212171.028918125,0.9440774898551894,5642161.456629627,0.939528391984443,7.0
auction,outer_1,streed,4,20,3,0.005,0.0001,0.001,0.9220027334218672,8733879.877272038,45.50763177871704,6211941.685346035,0.9440795544262028,5642005.653014494,0.9395300618578089,7.0
auction,outer_1,streed,4,20,3,0.005,1e-05,0.1,0.9276007355345626,8095463.726499729,45.51180672645569,6198384.408740167,0.9442015982229686,5620609.290044214,0.9397593839862952,7.0
auction,outer_1,streed,4,20,3,0.005,1e-05,0.001,0.9276009458948486,8095431.37813796,45.68462157249451,6198319.192213396,0.9442021853078802,5620744.528612031,0.9397579345251756,7.0
auction,outer_1,streed,4,20,3,0.003,0.1,0.1,0.9024817650846472,10930105.67902016,51.02479839324951,8798997.941928318,0.9207906463970376,11757786.191271877,0.873982295055759,8.0
auction,outer_1,streed,4,20,3,0.003,0.1,0.001,0.9024818138156347,10930097.911815792,50.89154410362244,8798959.473733542,0.9207909926911112,11757684.534265248,0.8739833845961248,8.0
auction,outer_1,streed,4,20,3,0.003,0.01,0.1,0.9197319765119162,9010072.156112084,46.89230465888977,6784554.82736715,0.9389248405436224,8336405.882551727,0.9106519952214576,7.0
auction,outer_1,streed,4,20,3,0.003,0.01,0.001,0.9197319187875168,9010079.25386106,46.99592351913452,6784315.465841948,0.9389269952971312,8336658.981539153,0.9106492825548892,7.0
auction,outer_1,streed,4,20,3,0.003,0.001,0.1,0.9234071593855702,8589411.848789565,48.02590584754944,6558971.398476644,0.940955562417168,8578563.438769734,0.9080565968213616,7.0
auction,outer_1,streed,4,20,3,0.003,0.001,0.001,0.9234065227490578,8589479.620737307,47.94121074676514,6558912.8463432975,0.9409560895086236,8579121.003369529,0.9080506209505572,7.0
auction,outer_1,streed,4,20,3,0.003,0.0001,0.1,0.9220039723123749,8733745.606520304,48.32029390335083,6212171.028918125,0.9440774898551894,5642161.456629627,0.939528391984443,7.0
auction,outer_1,streed,4,20,3,0.003,0.0001,0.001,0.9220027334218672,8733879.877272038,48.40923738479614,6211941.685346035,0.9440795544262028,5642005.653014494,0.9395300618578089,7.0
auction,outer_1,streed,4,20,3,0.003,1e-05,0.1,0.9276007355345626,8095463.726499729,48.390183448791504,6198384.408740167,0.9442015982229686,5620609.290044214,0.9397593839862952,7.0
auction,outer_1,streed,4,20,3,0.003,1e-05,0.001,0.9276009458948486,8095431.37813796,48.65945291519165,6198319.192213396,0.9442021853078802,5620744.528612031,0.9397579345251756,7.0
auction,outer_1,streed,4,20,3,0.001,0.1,0.1,0.903889324561768,10774490.094011849,53.90968465805054,8647057.466395786,0.9221584279253988,11610357.246363657,0.8755624103068321,9.0
auction,outer_1,streed,4,20,3,0.001,0.1,0.001,0.9038893805898836,10774480.98105167,54.1326858997345,8647020.310726408,0.9221587624040036,11610243.476109486,0.8755636296746696,9.0
auction,outer_1,streed,4,20,3,0.001,0.01,0.1,0.9155405584135158,9512801.575477304,50.144890785217285,6491657.141096937,0.9415615312843616,8169223.81033367,0.9124438207153064,9.0
auction,outer_1,streed,4,20,3,0.001,0.01,0.001,0.9155407426582344,9512777.23828147,50.18666958808899,6491490.960496672,0.9415630272567458,8169511.253719884,0.9124407399520365,9.0
auction,outer_1,streed,4,20,3,0.001,0.001,0.1,0.9251847588128777,8393420.048648851,52.15925216674805,6353894.98127232,0.942801678367322,8405284.217989296,0.9099137703880562,8.0
auction,outer_1,streed,4,20,3,0.001,0.001,0.001,0.9251840988465136,8393488.529584458,52.22425055503845,6353804.167581997,0.942802495880152,8405843.255466245,0.909907778731236,8.0
auction,outer_1,streed,4,20,3,0.001,0.0001,0.1,0.9237767553669224,8538167.833994722,51.60069966316223,6010152.336430803,0.9458960798984244,5468618.159359302,0.9413883958724792,8.0
auction,outer_1,streed,4,20,3,0.001,0.0001,0.001,0.923775526068828,8538299.172942162,51.49352836608887,6010023.674529164,0.9458972381241824,5468635.867878894,0.9413882060759512,8.0
auction,outer_1,streed,4,20,3,0.001,1e-05,0.1,0.929373248645638,7899903.811420265,52.12535095214844,5996481.269695644,0.9460191480439452,5446978.914358215,0.9416203211641456,8.0
auction,outer_1,streed,4,20,3,0.001,1e-05,0.001,0.9293734722547068,7899868.1288314685,51.82093334197998,5996419.399525946,0.9460197050046562,5447098.902034585,0.9416190351591656,8.0
auction,outer_1,streed,4,20,3,0.0005,0.1,0.1,0.903889324561768,10774490.094011849,55.3181893825531,8647057.466395786,0.9221584279253988,11610357.246363657,0.8755624103068321,9.0
auction,outer_1,streed,4,20,3,0.0005,0.1,0.001,0.9038893805898836,10774480.98105167,55.19951558113098,8647020.310726408,0.9221587624040036,11610243.476109486,0.8755636296746696,9.0
auction,outer_1,streed,4,20,3,0.0005,0.01,0.1,0.9155405584135158,9512801.575477304,51.10629749298096,6491657.141096937,0.9415615312843616,8169223.81033367,0.9124438207153064,9.0
auction,outer_1,streed,4,20,3,0.0005,0.01,0.001,0.9155407426582344,9512777.23828147,50.99403524398804,6491490.960496672,0.9415630272567458,8169511.253719884,0.9124407399520365,9.0
auction,outer_1,streed,4,20,3,0.0005,0.001,0.1,0.9253608496643836,8373054.754160899,52.63228917121887,6308613.882855216,0.9432093027990724,8429323.821427973,0.9096561185134744,9.0
auction,outer_1,streed,4,20,3,0.0005,0.001,0.001,0.925360015031064,8373143.446867507,52.50374603271485,6308577.996901277,0.9432096258475868,8429870.330237845,0.9096502611365131,9.0
auction,outer_1,streed,4,20,3,0.0005,0.0001,0.1,0.9238182267151296,8533449.163940225,52.4477641582489,6010152.336430803,0.9458960798984244,5468618.159359302,0.9413883958724792,8.0
auction,outer_1,streed,4,20,3,0.0005,0.0001,0.001,0.9238169673610296,8533583.922703536,52.310553550720215,6010023.674529164,0.9458972381241824,5468635.867878894,0.9413882060759512,8.0
auction,outer_1,streed,4,20,3,0.0005,1e-05,0.1,0.929414301216215,7895232.790490978,57.29213500022888,5996481.269695644,0.9460191480439452,5446978.914358215,0.9416203211641456,8.0
auction,outer_1,streed,4,20,3,0.0005,1e-05,0.001,0.9294144959473952,7895200.393670201,52.5667610168457,5996419.399525946,0.9460197050046562,5447098.902034585,0.9416190351591656,8.0
auction,outer_1,streed,4,20,3,0.0001,0.1,0.1,0.9039559600776836,10766830.06660504,56.301466941833496,8634949.480624255,0.9222674250785664,11594669.665401012,0.8757305468009714,10.0
auction,outer_1,streed,4,20,3,0.0001,0.1,0.001,0.9039560499952932,10766817.038789002,56.41328144073486,8634907.043444632,0.9222678071017908,11594545.853585884,0.8757318737923397,10.0
auction,outer_1,streed,4,20,3,0.0001,0.01,0.1,0.9148372607310596,9595512.091030154,52.280001401901245,6475651.717277581,0.9417056135177296,8147877.37509786,0.912672607727878,10.0
auction,outer_1,streed,4,20,3,0.0001,0.01,0.001,0.9148371777336676,9595518.78925967,52.4087290763855,6475479.968445608,0.9417071596158254,8148147.496572928,0.9126697126175408,10.0
auction,outer_1,streed,4,20,3,0.0001,0.001,0.1,0.9256474528874812,8342526.348075618,53.76656889915466,6292285.499770386,0.9433562923401618,8407352.059274275,0.9098916076604234,10.0
auction,outer_1,streed,4,20,3,0.0001,0.001,0.001,0.9256466126771792,8342615.371137634,53.64290404319763,6292248.0255293455,0.9433566296865766,8407885.711662274,0.9098858880761344,10.0
auction,outer_1,streed,4,20,3,0.0001,0.0001,0.1,0.9242317265133012,8488189.766813464,53.05755543708801,5847142.53016019,0.9473635085159618,6818528.065349584,0.9269203195299556,14.0
auction,outer_1,streed,4,20,3,0.0001,0.0001,0.001,0.9242303621143316,8488336.706830481,52.76507806777954,5847021.525711405,0.9473645978086556,6818394.61335162,0.9269217498429608,14.0
auction,outer_1,streed,4,20,3,0.0001,1e-05,0.1,0.9298276411011392,7849996.11200998,53.26455187797546,5844380.084790641,0.9473883762922166,6795799.007074029,0.9271639252319844,14.0
auction,outer_1,streed,4,20,3,0.0001,1e-05,0.001,0.929827734212582,7849975.524293199,52.86807656288147,5844301.24242811,0.9473890860381006,6795691.232868689,0.9271650803353164,14.0
auction,outer_2,streed,4,20,3,0.1,0.1,0.1,0.8325415354606006,17614219.976339906,2.0738778114318848,17117152.406431656,0.8368387033214479,19116464.495954677,0.8376141818972547,3.0
auction,outer_2,streed,4,20,3,0.1,0.1,0.001,0.8325434832036672,17614018.255728588,2.086871862411499,17116860.16402588,0.8368414889863025,19116036.128604915,0.8376178206863495,3.0
auction,outer_2,streed,4,20,3,0.1,0.01,0.1,0.8597883680704147,14834003.662976304,1.942626953125,14204192.532276092,0.8646051389384626,14034010.101471497,0.8807873593952535,3.0
auction,outer_2,streed,4,20,3,0.1,0.01,0.001,0.8597881581061421,14834036.98917971,1.9495911598205569,14204050.865252018,0.8646064893135015,14033608.783223124,0.8807907684143268,3.0
auction,outer_2,streed,4,20,3,0.1,0.001,0.1,0.8612539898279693,14703354.799278935,1.9619348049163816,14033308.922093283,0.8662340075000385,13427110.924933355,0.8859426965293185,3.0
auction,outer_2,streed,4,20,3,0.1,0.001,0.001,0.8612526868830127,14703504.877317108,1.977678060531616,14033286.038815852,0.866234225624241,13426688.372651964,0.8859462859220076,3.0
auction,outer_2,streed,4,20,3,0.1,0.0001,0.1,0.8612743881512847,14703933.454999307,1.9741344451904297,14028835.308860185,0.8662766501381725,13375365.553296285,0.8863822503238025,3.0
auction,outer_2,streed,4,20,3,0.1,0.0001,0.001,0.8612729351659564,14704099.491807925,1.982074499130249,14028828.990409968,0.8662767103658613,13374958.67413732,0.8863857065803248,3.0
auction,outer_2,streed,4,20,3,0.1,1e-05,0.1,0.861274712003827,14704176.068200571,1.989232063293457,14028559.734270362,0.8662792769248213,13370325.79934222,0.8864250607801523,3.0
auction,outer_2,streed,4,20,3,0.1,1e-05,0.001,0.8612732435569103,14704343.749224382,1.9969635009765625,14028555.123797974,0.8662793208720057,13369920.54346437,0.8864285032476273,3.0
auction,outer_2,streed,4,20,3,0.08,0.1,0.1,0.8325415354606006,17614219.976339906,8.18166470527649,17117152.406431656,0.8368387033214479,19116464.495954677,0.8376141818972547,3.0
auction,outer_2,streed,4,20,3,0.08,0.1,0.001,0.8325434832036672,17614018.255728588,8.18188738822937,17116860.16402588,0.8368414889863025,19116036.128604915,0.8376178206863495,3.0
auction,outer_2,streed,4,20,3,0.08,0.01,0.1,0.8597883680704147,14834003.662976304,2.1899375915527344,14204192.532276092,0.8646051389384626,14034010.101471497,0.8807873593952535,3.0
auction,outer_2,streed,4,20,3,0.08,0.01,0.001,0.8597881581061421,14834036.98917971,2.1996610164642334,14204050.865252018,0.8646064893135015,14033608.783223124,0.8807907684143268,3.0
auction,outer_2,streed,4,20,3,0.08,0.001,0.1,0.8612539898279693,14703354.799278935,2.1993248462677,14033308.922093283,0.8662340075000385,13427110.924933355,0.8859426965293185,3.0
auction,outer_2,streed,4,20,3,0.08,0.001,0.001,0.8612526868830127,14703504.877317108,2.1903035640716557,14033286.038815852,0.866234225624241,13426688.372651964,0.8859462859220076,3.0
auction,outer_2,streed,4,20,3,0.08,0.0001,0.1,0.8612743881512847,14703933.454999307,2.194207668304444,14028835.308860185,0.8662766501381725,13375365.553296285,0.8863822503238025,3.0
auction,outer_2,streed,4,20,3,0.08,0.0001,0.001,0.8612729351659564,14704099.491807925,2.213400363922119,14028828.990409968,0.8662767103658613,13374958.67413732,0.8863857065803248,3.0
auction,outer_2,streed,4,20,3,0.08,1e-05,0.1,0.861274712003827,14704176.068200571,2.19150972366333,14028559.734270362,0.8662792769248213,13370325.79934222,0.8864250607801523,3.0
auction,outer_2,streed,4,20,3,0.08,1e-05,0.001,0.8612732435569103,14704343.749224382,2.19177794456482,14028555.123797974,0.8662793208720057,13369920.54346437,0.8864285032476273,3.0
auction,outer_2,streed,4,20,3,0.05,0.1,0.1,0.8487742247979319,15916938.975097127,26.958327293396,13474457.964604158,0.8715609944140368,13229670.547318012,0.8876198642531079,4.0
auction,outer_2,streed,4,20,3,0.05,0.1,0.001,0.8487745850023898,15916903.863233456,27.000035762786865,13474382.915781094,0.8715617097820487,13229540.51342143,0.8876209688329156,4.0
auction,outer_2,streed,4,20,3,0.05,0.01,0.1,0.8597883680704147,14834003.662976304,8.232576131820679,14204192.532276092,0.8646051389384626,14034010.101471497,0.8807873593952535,3.0
auction,outer_2,streed,4,20,3,0.05,0.01,0.001,0.8597881581061421,14834036.98917971,8.220775604248047,14204050.865252018,0.8646064893135015,14033608.783223124,0.8807907684143268,3.0
auction,outer_2,streed,4,20,3,0.05,0.001,0.1,0.8612539898279693,14703354.799278935,8.25985050201416,14033308.922093283,0.8662340075000385,13427110.924933355,0.8859426965293185,3.0
auction,outer_2,streed,4,20,3,0.05,0.001,0.001,0.8612526868830127,14703504.877317108,8.289422988891602,14033286.038815852,0.866234225624241,13426688.372651964,0.8859462859220076,3.0
auction,outer_2,streed,4,20,3,0.05,0.0001,0.1,0.8612743881512847,14703933.454999307,8.247721910476685,14028835.308860185,0.8662766501381725,13375365.553296285,0.8863822503238025,3.0
auction,outer_2,streed,4,20,3,0.05,0.0001,0.001,0.8612729351659564,14704099.491807925,8.286574125289917,14028828.990409968,0.8662767103658613,13374958.67413732,0.8863857065803248,3.0
auction,outer_2,streed,4,20,3,0.05,1e-05,0.1,0.861274712003827,14704176.068200571,8.2587411403656,14028559.734270362,0.8662792769248213,13370325.79934222,0.8864250607801523,3.0
auction,outer_2,streed,4,20,3,0.05,1e-05,0.001,0.8612732435569103,14704343.749224382,8.267077684402466,14028555.123797974,0.8662793208720057,13369920.54346437,0.8864285032476273,3.0
auction,outer_2,streed,4,20,3,0.03,0.1,0.1,0.8675913346715282,14039500.384974936,33.45651936531067,13474457.964604158,0.8715609944140368,13229670.547318012,0.8876198642531079,4.0
auction,outer_2,streed,4,20,3,0.03,0.1,0.001,0.8675905550360334,14039578.782644063,33.684109926223755,13474382.915781094,0.8715617097820487,13229540.51342143,0.8876209688329156,4.0
auction,outer_2,streed,4,20,3,0.03,0.01,0.1,0.866070968048529,14205681.50122019,30.242989540100098,14204192.532276092,0.8646051389384626,14034010.101471497,0.8807873593952535,3.0
auction,outer_2,streed,4,20,3,0.03,0.01,0.001,0.866070629270217,14205727.710102089,30.140082836151123,14204050.865252018,0.8646064893135015,14033608.783223124,0.8807907684143268,3.0
auction,outer_2,streed,4,20,3,0.03,0.001,0.1,0.8664624623350784,14182456.012707392,29.40908670425415,14033308.922093283,0.8662340075000385,13427110.924933355,0.8859426965293185,3.0
auction,outer_2,streed,4,20,3,0.03,0.001,0.001,0.8664604775448254,14182674.282021822,29.48349690437317,14033286.038815852,0.866234225624241,13426688.372651964,0.8859462859220076,3.0
auction,outer_2,streed,4,20,3,0.03,0.0001,0.1,0.8663079517954065,14200527.28538336,29.44339656829834,14028835.308860185,0.8662766501381725,13375365.553296285,0.8863822503238025,3.0
auction,outer_2,streed,4,20,3,0.03,0.0001,0.001,0.8663057361329622,14200769.597449996,29.425034046173096,14028828.990409968,0.8662767103658613,13374958.67413732,0.8863857065803248,3.0
auction,outer_2,streed,4,20,3,0.03,1e-05,0.1,0.8662899185678157,14202605.7882343,29.401686429977417,14028559.734270362,0.8662792769248213,13370325.79934222,0.8864250607801523,3.0
auction,outer_2,streed,4,20,3,0.03,1e-05,0.001,0.86628767887791,14202850.601188162,29.48802161216736,14028555.123797974,0.8662793208720057,13369920.54346437,0.8864285032476273,3.0
auction,outer_2,streed,4,20,3,0.01,0.1,0.1,0.8823168272903404,12525772.77053005,38.62320017814636,10094103.631474411,0.9037826503957394,11260087.38902658,0.9043505924977696,6.0
auction,outer_2,streed,4,20,3,0.01,0.1,0.001,0.8823168258360209,12525771.788619602,38.54451823234558,10093995.859243894,0.903783677684418,11260037.037318291,0.9043510202130172,6.0
auction,outer_2,streed,4,20,3,0.01,0.01,0.1,0.9163525603433836,8890908.902923575,34.54951047897339,6975748.143047084,0.9335069242069198,8117401.613662492,0.9310463029300178,7.0
auction,outer_2,streed,4,20,3,0.01,0.01,0.001,0.9163537775418934,8890785.997579651,34.65640211105347,6975548.206124699,0.9335088300126716,8117286.9591710735,0.9310472768686554,7.0
auction,outer_2,streed,4,20,3,0.01,0.001,0.1,0.9179356996671492,8736124.466419227,36.49535584449768,6785273.18978975,0.9353225381373408,7644628.585902265,0.9350622984037624,7.0
auction,outer_2,streed,4,20,3,0.01,0.001,0.001,0.9179341694536448,8736285.80018313,36.50194263458252,6785248.927642967,0.9353227694049742,7644714.941395218,0.9350615648524632,7.0
auction,outer_2,streed,4,20,3,0.01,0.0001,0.1,0.917966266162702,8735278.479261877,37.4521062374115,5937344.828096947,0.9434050210001056,6785126.010866194,0.9423633884582642,7.0
auction,outer_2,streed,4,20,3,0.01,0.0001,0.001,0.917963946221957,8735520.204901615,37.32902050018311,5937247.401157717,0.943405949677105,6785424.209023398,0.942360855398256,7.0
auction,outer_2,streed,4,20,3,0.01,1e-05,0.1,0.9179103152309258,8741003.556560993,37.3937463760376,5928145.270055,0.9434927115097974,6866756.225771864,0.9416699762830072,7.0
auction,outer_2,streed,4,20,3,0.01,1e-05,0.001,0.9179078673448702,8741258.186576841,37.36057376861572,5928114.087677537,0.9434930087413124,6867186.779016147,0.941666318925716,7.0
auction,outer_2,streed,4,20,3,0.008,0.1,0.1,0.8872525268673058,11927944.239101036,40.89933490753174,9058431.51300412,0.9136547133283532,10072179.63105584,0.9144413377372724,7.0
auction,outer_2,streed,4,20,3,0.008,0.1,0.001,0.8872519486788767,11927998.534125874,41.01322221755981,9058266.471023932,0.9136562865142928,10072077.119534625,0.9144422085268078,7.0
auction,outer_2,streed,4,20,3,0.008,0.01,0.1,0.9163525603433836,8890908.902923575,36.5681529045105,6975748.143047084,0.9335069242069198,8117401.613662492,0.9310463029300178,7.0
auction,outer_2,streed,4,20,3,0.008,0.01,0.001,0.9163537775418934,8890785.997579651,36.47747898101807,6975548.206124699,0.9335088300126716,8117286.9591710735,0.9310472768686554,7.0
auction,outer_2,streed,4,20,3,0.008,0.001,0.1,0.9179356996671492,8736124.466419227,38.02301788330078,6785273.18978975,0.9353225381373408,7644628.585902265,0.9350622984037624,7.0
auction,outer_2,streed,4,20,3,0.008,0.001,0.001,0.9179341694536448,8736285.80018313,38.16739320755005,6785248.927642967,0.9353227694049742,7644714.941395218,0.9350615648524632,7.0
auction,outer_2,streed,4,20,3,0.008,0.0001,0.1,0.917966266162702,8735278.479261877,39.23922729492188,5937344.828096947,0.9434050210001056,6785126.010866194,0.9423633884582642,7.0
auction,outer_2,streed,4,20,3,0.008,0.0001,0.001,0.917963946221957,8735520.204901615,39.19324707984924,5937247.401157717,0.943405949677105,6785424.209023398,0.942360855398256,7.0
auction,outer_2,streed,4,20,3,0.008,1e-05,0.1,0.9179103152309258,8741003.556560993,39.31386590003967,5928145.270055,0.9434927115097974,6866756.225771864,0.9416699762830072,7.0
auction,outer_2,streed,4,20,3,0.008,1e-05,0.001,0.9179078673448702,8741258.186576841,39.6062912940979,5928114.087677537,0.9434930087413124,6867186.779016147,0.941666318925716,7.0
auction,outer_2,streed,4,20,3,0.005,0.1,0.1,0.8967562394868359,10953059.608855171,44.8469135761261,8460020.803301392,0.9193587851869844,9387129.8033071,0.9202605297088664,8.0
auction,outer_2,streed,4,20,3,0.005,0.1,0.001,0.8967547374506594,10953206.908242648,44.68179154396057,8459933.211432662,0.9193596201157472,9387124.03280376,0.9202605787267122,8.0
auction,outer_2,streed,4,20,3,0.005,0.01,0.1,0.9105913703497482,9465294.084465511,40.04347681999207,6975748.143047084,0.9335069242069198,8117401.613662492,0.9310463029300178,7.0
auction,outer_2,streed,4,20,3,0.005,0.01,0.001,0.910591619980198,9465267.644740036,39.84433841705322,6975548.206124699,0.9335088300126716,8117286.9591710735,0.9310472768686554,7.0
auction,outer_2,streed,4,20,3,0.005,0.001,0.1,0.9179356996671492,8736124.466419227,40.96551775932312,6785273.18978975,0.9353225381373408,7644628.585902265,0.9350622984037624,7.0
auction,outer_2,streed,4,20,3,0.005,0.001,0.001,0.9179341694536448,8736285.80018313,41.10685825347901,6785248.927642967,0.9353227694049742,7644714.941395218,0.9350615648524632,7.0
auction,outer_2,streed,4,20,3,0.005,0.0001,0.1,0.935405835475856,6812692.813480231,41.90363025665283,5937344.828096947,0.9434050210001056,6785126.010866194,0.9423633884582642,7.0
auction,outer_2,streed,4,20,3,0.005,0.0001,0.001,0.9354059465376606,6812663.048201703,41.75799369812012,5937247.401157717,0.943405949677105,6785424.209023398,0.942360855398256,7.0
auction,outer_2,streed,4,20,3,0.005,1e-05,0.1,0.935556031281935,6794913.424655318,41.97018265724182,5928145.270055,0.9434927115097974,6866756.225771864,0.9416699762830072,7.0
auction,outer_2,streed,4,20,3,0.005,1e-05,0.001,0.9355558261593988,6794918.04640545,41.76694059371948,5928114.087677537,0.9434930087413124,6867186.779016147,0.941666318925716,7.0
auction,outer_2,streed,4,20,3,0.003,0.1,0.1,0.8967562394868359,10953059.608855171,46.65448570251465,8460020.803301392,0.9193587851869844,9387129.8033071,0.9202605297088664,8.0
auction,outer_2,streed,4,20,3,0.003,0.1,0.001,0.8967547374506594,10953206.908242648,46.82893347740173,8459933.211432662,0.9193596201157472,9387124.03280376,0.9202605787267122,8.0
auction,outer_2,streed,4,20,3,0.003,0.01,0.1,0.9083646288412122,9720913.2625233,42.444300413131714,6975748.143047084,0.9335069242069198,8117401.613662492,0.9310463029300178,7.0
auction,outer_2,streed,4,20,3,0.003,0.01,0.001,0.9083649246345402,9720881.523522211,42.61133074760437,6975548.206124699,0.9335088300126716,8117286.9591710735,0.9310472768686554,7.0
auction,outer_2,streed,4,20,3,0.003,0.001,0.1,0.9331364723641729,7068828.272626427,43.64305186271668,6785273.18978975,0.9353225381373408,7644628.585902265,0.9350622984037624,7.0
auction,outer_2,streed,4,20,3,0.003,0.001,0.001,0.933137975113104,7068649.374714218,43.56519913673401,6785248.927642967,0.9353227694049742,7644714.941395218,0.9350615648524632,7.0
auction,outer_2,streed,4,20,3,0.003,0.0001,0.1,0.9356323413244108,6786691.035271627,43.72868013381958,5937344.828096947,0.9434050210001056,6785126.010866194,0.9423633884582642,7.0
auction,outer_2,streed,4,20,3,0.003,0.0001,0.001,0.9356320622738078,6786706.053014667,43.9487886428833,5937247.401157717,0.943405949677105,6785424.209023398,0.942360855398256,7.0
auction,outer_2,streed,4,20,3,0.003,1e-05,0.1,0.9357673766795715,6770651.993041885,44.05549359321594,5928145.270055,0.9434927115097974,6866756.225771864,0.9416699762830072,7.0
auction,outer_2,streed,4,20,3,0.003,1e-05,0.001,0.9357666546018012,6770715.958757858,44.01978349685669,5928114.087677537,0.9434930087413124,6867186.779016147,0.941666318925716,7.0
auction,outer_2,streed,4,20,3,0.001,0.1,0.1,0.8981982603449877,10802542.3393314,48.57916259765625,8312287.147726477,0.9207669875698532,9220610.911206288,0.9216750332395311,9.0
auction,outer_2,streed,4,20,3,0.001,0.1,0.001,0.898197298830422,10802635.368024468,48.70453786849976,8312200.298733381,0.9207678154174994,9220617.835213017,0.92167497442319,9.0
auction,outer_2,streed,4,20,3,0.001,0.01,0.1,0.9111210882750828,9431189.342055364,45.04460263252258,6692735.246275878,0.9362046130582846,7840058.699824251,0.9334022069711732,9.0
auction,outer_2,streed,4,20,3,0.001,0.01,0.001,0.9111208837685312,9431210.401806638,44.96130633354187,6692607.921282585,0.9362058267245834,7840055.22171968,0.9334022365161162,9.0
auction,outer_2,streed,4,20,3,0.001,0.001,0.1,0.93392081593114,6988615.199575216,45.3319194316864,5729361.454438841,0.9453875258074405,6933443.961481881,0.9411034937870948,12.0
auction,outer_2,streed,4,20,3,0.001,0.001,0.001,0.9339224595006992,6988420.402636743,45.40976357460022,5729169.769495863,0.9453893529550352,6933185.22569407,0.9411056916319204,12.0
auction,outer_2,streed,4,20,3,0.001,0.0001,0.1,0.9362838740687676,6721733.838223572,46.630149602890015,5740672.97334958,0.945279704012725,6574603.29323539,0.9441516848108102,8.0
auction,outer_2,streed,4,20,3,0.001,0.0001,0.001,0.9362836236983711,6721745.996577163,46.6854465007782,5740582.106748257,0.9452805701563536,6574917.676785457,0.9441490142631268,8.0
auction,outer_2,streed,4,20,3,0.001,1e-05,0.1,0.9364190506764964,6705680.713246673,46.78417491912842,5731497.186554719,0.9453671679340564,6656602.442116917,0.9434551387063946,8.0
auction,outer_2,streed,4,20,3,0.001,1e-05,0.001,0.936418358432336,6705741.70458002,46.745747566223145,5731472.18648587,0.945367406235589,6657048.71770155,0.9434513477948522,8.0
auction,outer_2,streed,4,20,3,0.0005,0.1,0.1,0.8981982603449877,10802542.3393314,49.24441766738892,8312287.147726477,0.9207669875698532,9220610.911206288,0.9216750332395311,9.0
auction,outer_2,streed,4,20,3,0.0005,0.1,0.001,0.898197298830422,10802635.368024468,49.12808632850647,8312200.298733381,0.9207678154174994,9220617.835213017,0.92167497442319,9.0
auction,outer_2,streed,4,20,3,0.0005,0.01,0.1,0.9111210882750828,9431189.342055364,45.45757532119751,6692735.246275878,0.9362046130582846,7840058.699824251,0.9334022069711732,9.0
auction,outer_2,streed,4,20,3,0.0005,0.01,0.001,0.9111208837685312,9431210.401806638,45.40362787246704,6692607.921282585,0.9362058267245834,7840055.22171968,0.9334022365161162,9.0
auction,outer_2,streed,4,20,3,0.0005,0.001,0.1,0.9338983651689882,6990853.519281484,46.00336503982544,5729361.454438841,0.9453875258074405,6933443.961481881,0.9411034937870948,12.0
auction,outer_2,streed,4,20,3,0.0005,0.001,0.001,0.9338999646246012,6990663.120461631,45.6821174621582,5729169.769495863,0.9453893529550352,6933185.22569407,0.9411056916319204,12.0
auction,outer_2,streed,4,20,3,0.0005,0.0001,0.1,0.9362537204695854,6724740.123480522,46.96355509757996,5740672.97334958,0.945279704012725,6574603.29323539,0.9441516848108102,8.0
auction,outer_2,streed,4,20,3,0.0005,0.0001,0.001,0.936253438559364,6724755.426324792,46.89125108718872,5740582.106748257,0.9452805701563536,6574917.676785457,0.9441490142631268,8.0
auction,outer_2,streed,4,20,3,0.0005,1e-05,0.1,0.9363881708185594,6708759.4058130905,47.15834546089173,5674015.747050823,0.9459150830300792,6761250.797581477,0.942566197719487,9.0
auction,outer_2,streed,4,20,3,0.0005,1e-05,0.001,0.936387448353768,6708823.4101147065,46.94911742210388,5673993.706613324,0.945915293120302,6761691.537062906,0.9425624538346656,9.0
auction,outer_2,streed,4,20,3,0.0001,0.1,0.1,0.8983315398419499,10788667.038878286,50.31547260284424,8298516.365534221,0.9208982511483632,9209687.556329872,0.9217678222549064,10.0
auction,outer_2,streed,4,20,3,0.0001,0.1,0.001,0.8983306461920099,10788752.938563611,50.47583508491516,8298421.87788904,0.9208991518079088,9209700.353073264,0.9217677135522933,10.0
auction,outer_2,streed,4,20,3,0.0001,0.01,0.1,0.9112943314014532,9413135.800806329,46.1076967716217,6674589.4644630365,0.9363775792865175,7826273.144657459,0.9335193090982026,10.0
auction,outer_2,streed,4,20,3,0.0001,0.01,0.001,0.9112941624424366,9413153.006569045,46.51249933242798,6674456.196391916,0.9363788496024424,7826279.593765,0.9335192543159178,10.0
auction,outer_2,streed,4,20,3,0.0001,0.001,0.1,0.9344137930152366,6938022.3497152,47.126917362213135,5695207.522377717,0.945713082284911,6894882.456222175,0.9414310565317748,14.0
auction,outer_2,streed,4,20,3,0.0001,0.001,0.001,0.934415400007497,6937830.49733568,46.99492239952088,5695016.637915092,0.9457149018022992,6894621.735144472,0.9414332712407504,14.0
auction,outer_2,streed,4,20,3,0.0001,0.0001,0.1,0.9367612982991868,6672686.522855354,48.0012674331665,5618046.136024828,0.9464485873240625,6835099.90010331,0.941938882614662,14.0
auction,outer_2,streed,4,20,3,0.0001,0.0001,0.001,0.9367608210931174,6672721.185633495,47.920629024505615,5617992.050274452,0.9464491028713308,6835029.285264426,0.9419394824561436,14.0
auction,outer_2,streed,4,20,3,0.0001,1e-05,0.1,0.936894749911454,6656805.316187009,48.0208375453949,5618929.613579286,0.9464401659850482,6787680.285911375,0.9423416910338812,12.0
auction,outer_2,streed,4,20,3,0.0001,1e-05,0.001,0.9368938254938868,6656889.372179392,48.09393310546875,5618900.91118714,0.946440439577256,6788228.456172912,0.94233703457262,12.0
auction,outer_3,streed,4,20,3,0.1,0.1,0.1,0.8325720602659352,17975358.286402848,0.7347385883331299,17639695.39642801,0.8356798817775279,17188706.736936323,0.8412539951974469,3.0
auction,outer_3,streed,4,20,3,0.1,0.1,0.001,0.8325749812945628,17975044.366450727,0.7498829364776611,17639385.82608878,0.8356827655367765,17188300.187538374,0.8412577498774044,3.0
auction,outer_3,streed,4,20,3,0.1,0.01,0.1,0.8598336825307366,15045031.401572969,0.7365684509277344,14601934.02384422,0.8639777234724422,12511727.624207838,0.8844481551801293,3.0
auction,outer_3,streed,4,20,3,0.1,0.01,0.001,0.8598345177460186,15044940.60228782,0.7390975952148438,14601810.029181631,0.8639788785273996,12511370.25022892,0.8844514557013519,3.0
auction,outer_3,streed,4,20,3,0.1,0.001,0.1,0.8610870359336847,14909045.975171218,0.7411892414093018,14426183.390790677,0.8656149039425132,11883865.93533866,0.890246760985788,3.0
auction,outer_3,streed,4,20,3,0.1,0.001,0.001,0.8610862206450225,14909131.527099283,0.7474212646484375,14426161.042315615,0.8656151121266106,11883474.172052192,0.8902503791088677,3.0
auction,outer_3,streed,4,20,3,0.1,0.0001,0.1,0.8610791719987853,14909707.312890118,0.7470951080322266,14421849.665856984,0.8656552741517172,11826151.670358611,0.890779780085242,3.0
auction,outer_3,streed,4,20,3,0.1,0.0001,0.001,0.861078185631306,14909811.218689673,0.7569670677185059,14421844.377284952,0.8656553234166711,11825772.061262213,0.8907832859585088,3.0
auction,outer_3,streed,4,20,3,0.1,1e-05,0.1,0.8610765862469777,14909966.126400448,0.7571053504943848,14421596.430456344,0.8656576331307151,11820463.860095864,0.8908323097588878,3.0
auction,outer_3,streed,4,20,3,0.1,1e-05,0.001,0.8610755831785869,14910071.820495348,0.8225414752960205,14421592.900076505,0.8656576660174753,11820085.509203205,0.8908358040120357,3.0
auction,outer_3,streed,4,20,3,0.08,0.1,0.1,0.8325720602659352,17975358.286402848,3.326035261154175,17639695.39642801,0.8356798817775279,17188706.736936323,0.8412539951974469,3.0
auction,outer_3,streed,4,20,3,0.08,0.1,0.001,0.8325749812945628,17975044.366450727,3.3343851566314697,17639385.82608878,0.8356827655367765,17188300.187538374,0.8412577498774044,3.0
auction,outer_3,streed,4,20,3,0.08,0.01,0.1,0.8598336825307366,15045031.401572969,0.7693929672241211,14601934.02384422,0.8639777234724422,12511727.624207838,0.8844481551801293,3.0
auction,outer_3,streed,4,20,3,0.08,0.01,0.001,0.8598345177460186,15044940.60228782,0.7808239459991455,14601810.029181631,0.8639788785273996,12511370.25022892,0.8844514557013519,3.0
auction,outer_3,streed,4,20,3,0.08,0.001,0.1,0.8610870359336847,14909045.975171218,0.7695286273956299,14426183.390790677,0.8656149039425132,11883865.93533866,0.890246760985788,3.0
auction,outer_3,streed,4,20,3,0.08,0.001,0.001,0.8610862206450225,14909131.527099283,0.7748603820800781,14426161.042315615,0.8656151121266106,11883474.172052192,0.8902503791088677,3.0
auction,outer_3,streed,4,20,3,0.08,0.0001,0.1,0.8610791719987853,14909707.312890118,0.7784397602081299,14421849.665856984,0.8656552741517172,11826151.670358611,0.890779780085242,3.0
auction,outer_3,streed,4,20,3,0.08,0.0001,0.001,0.861078185631306,14909811.218689673,0.7621023654937744,14421844.377284952,0.8656553234166711,11825772.061262213,0.8907832859585088,3.0
auction,outer_3,streed,4,20,3,0.08,1e-05,0.1,0.8610765862469777,14909966.126400448,0.7645325660705566,14421596.430456344,0.8656576331307151,11820463.860095864,0.8908323097588878,3.0
auction,outer_3,streed,4,20,3,0.08,1e-05,0.001,0.8610755831785869,14910071.820495348,0.761427640914917,14421592.900076505,0.8656576660174753,11820085.509203205,0.8908358040120357,3.0
auction,outer_3,streed,4,20,3,0.05,0.1,0.1,0.8481837428981268,16272325.996268049,10.822897911071776,13768367.354949148,0.8717426973283335,11956343.483867832,0.8895773958355778,4.0
auction,outer_3,streed,4,20,3,0.05,0.1,0.001,0.8481848030595854,16272213.146926705,10.78628396987915,13768289.10312527,0.8717434262722672,11956253.654470855,0.8895782254534254,4.0
auction,outer_3,streed,4,20,3,0.05,0.01,0.1,0.8598336825307366,15045031.401572969,3.3193202018737797,14601934.02384422,0.8639777234724422,12511727.624207838,0.8844481551801293,3.0
auction,outer_3,streed,4,20,3,0.05,0.01,0.001,0.8598345177460186,15044940.60228782,3.3410158157348637,14601810.029181631,0.8639788785273996,12511370.25022892,0.8844514557013519,3.0
auction,outer_3,streed,4,20,3,0.05,0.001,0.1,0.8610870359336847,14909045.975171218,3.312636613845825,14426183.390790677,0.8656149039425132,11883865.93533866,0.890246760985788,3.0
auction,outer_3,streed,4,20,3,0.05,0.001,0.001,0.8610862206450225,14909131.527099283,3.299638032913208,14426161.042315615,0.8656151121266106,11883474.172052192,0.8902503791088677,3.0
auction,outer_3,streed,4,20,3,0.05,0.0001,0.1,0.8610791719987853,14909707.312890118,3.3183279037475586,14421849.665856984,0.8656552741517172,11826151.670358611,0.890779780085242,3.0
auction,outer_3,streed,4,20,3,0.05,0.0001,0.001,0.861078185631306,14909811.218689673,3.313908100128174,14421844.377284952,0.8656553234166711,11825772.061262213,0.8907832859585088,3.0
auction,outer_3,streed,4,20,3,0.05,1e-05,0.1,0.8610765862469777,14909966.126400448,3.330232858657837,14421596.430456344,0.8656576331307151,11820463.860095864,0.8908323097588878,3.0
auction,outer_3,streed,4,20,3,0.05,1e-05,0.001,0.8610755831785869,14910071.820495348,3.34067964553833,14421592.900076505,0.8656576660174753,11820085.509203205,0.8908358040120357,3.0
auction,outer_3,streed,4,20,3,0.03,0.1,0.1,0.8661793255123368,14360232.382762058,13.403170108795166,13768367.354949148,0.8717426973283335,11956343.483867832,0.8895773958355778,4.0
auction,outer_3,streed,4,20,3,0.03,0.1,0.001,0.8661791069519197,14360255.402093822,13.353058099746704,13768289.10312527,0.8717434262722672,11956253.654470855,0.8895782254534254,4.0
auction,outer_3,streed,4,20,3,0.03,0.01,0.1,0.8598336825307366,15045031.401572969,11.97809362411499,14601934.02384422,0.8639777234724422,12511727.624207838,0.8844481551801293,3.0
auction,outer_3,streed,4,20,3,0.03,0.01,0.001,0.8598345177460186,15044940.60228782,12.05140233039856,14601810.029181631,0.8639788785273996,12511370.25022892,0.8844514557013519,3.0
auction,outer_3,streed,4,20,3,0.03,0.001,0.1,0.8610870359336847,14909045.975171218,12.236425161361694,14426183.390790677,0.8656149039425132,11883865.93533866,0.890246760985788,3.0
auction,outer_3,streed,4,20,3,0.03,0.001,0.001,0.8610862206450225,14909131.527099283,12.198556184768677,14426161.042315615,0.8656151121266106,11883474.172052192,0.8902503791088677,3.0
auction,outer_3,streed,4,20,3,0.03,0.0001,0.1,0.8610791719987853,14909707.312890118,12.30439567565918,14421849.665856984,0.8656552741517172,11826151.670358611,0.890779780085242,3.0
auction,outer_3,streed,4,20,3,0.03,0.0001,0.001,0.861078185631306,14909811.218689673,12.370620250701904,14421844.377284952,0.8656553234166711,11825772.061262213,0.8907832859585088,3.0
auction,outer_3,streed,4,20,3,0.03,1e-05,0.1,0.8610765862469777,14909966.126400448,12.334007501602173,14421596.430456344,0.8656576331307151,11820463.860095864,0.8908323097588878,3.0
auction,outer_3,streed,4,20,3,0.03,1e-05,0.001,0.8610755831785869,14910071.820495348,12.291947364807127,14421592.900076505,0.8656576660174753,11820085.509203205,0.8908358040120357,3.0
auction,outer_3,streed,4,20,3,0.01,0.1,0.1,0.8773015315872676,13167980.434456997,15.61940312385559,10534796.130948748,0.9018645783397328,9508876.108019838,0.9121809386004076,6.0
auction,outer_3,streed,4,20,3,0.01,0.1,0.001,0.8773014925474637,13167984.177606458,15.604090929031372,10534687.279243637,0.9018655923325852,9508831.075712696,0.912181354495504,6.0
auction,outer_3,streed,4,20,3,0.01,0.01,0.1,0.9053334318036286,10155965.170856075,13.944533824920654,7253543.522987232,0.932430628622393,6684247.488352312,0.9382677475317404,7.0
auction,outer_3,streed,4,20,3,0.01,0.01,0.001,0.905333627676944,10155942.011072714,14.037812232971191,7253329.321099237,0.9324326239901568,6684361.714322719,0.9382666925997596,7.0
auction,outer_3,streed,4,20,3,0.01,0.001,0.1,0.91824666943637,8743988.214593362,14.73678469657898,6300907.714593406,0.941304774413478,7021840.269755514,0.935149915217877,7.0
auction,outer_3,streed,4,20,3,0.01,0.001,0.001,0.9182479333056164,8743848.857579356,14.747448444366457,6300549.473786694,0.9413081115556672,7021843.113503975,0.9351498889544873,7.0
auction,outer_3,streed,4,20,3,0.01,0.0001,0.1,0.9335540511853192,7134656.391063842,14.950672388076782,5964084.338078724,0.9444424055236044,6781296.942117575,0.9373714489742462,7.0
auction,outer_3,streed,4,20,3,0.01,0.0001,0.001,0.933554332365352,7134625.902040343,14.931867837905884,5963988.698339771,0.944443296442232,6781510.448050764,0.9373694771438804,7.0
auction,outer_3,streed,4,20,3,0.01,1e-05,0.1,0.9336816100481928,7121119.063458658,14.95045781135559,5955948.283860137,0.9445181958000812,6778535.905068108,0.937396948484327,7.0
auction,outer_3,streed,4,20,3,0.01,1e-05,0.001,0.9336811246118604,7121170.118269787,15.112693071365356,5955909.950728473,0.944518552887014,6778794.376904317,0.9373945613721388,7.0
auction,outer_3,streed,4,20,3,0.008,0.1,0.1,0.889314440448269,11876591.712684035,15.992233514785768,9367904.32781617,0.9127345959185174,8393593.554982156,0.9224811113958556,7.0
auction,outer_3,streed,4,20,3,0.008,0.1,0.001,0.8893145561347597,11876579.199539203,16.149324417114258,9367772.542541765,0.9127358235458308,8393521.764994428,0.9224817744110496,7.0
auction,outer_3,streed,4,20,3,0.008,0.01,0.1,0.9108642299879014,9568298.51329601,14.83544135093689,7253543.522987232,0.932430628622393,6684247.488352312,0.9382677475317404,7.0
auction,outer_3,streed,4,20,3,0.008,0.01,0.001,0.9108648554844162,9568229.704544598,14.816057205200195,7253329.321099237,0.9324326239901568,6684361.714322719,0.9382666925997596,7.0
auction,outer_3,streed,4,20,3,0.008,0.001,0.1,0.934921523853584,6989805.072983089,15.234621524810793,6300907.714593406,0.941304774413478,7021840.269755514,0.935149915217877,7.0
auction,outer_3,streed,4,20,3,0.008,0.001,0.001,0.9349252427234496,6989408.305810161,15.278141021728516,6300549.473786694,0.9413081115556672,7021843.113503975,0.9351498889544873,7.0
auction,outer_3,streed,4,20,3,0.008,0.0001,0.1,0.9393948254142443,6514053.6942531215,14.99724531173706,5964084.338078724,0.9444424055236044,6781296.942117575,0.9373714489742462,7.0
auction,outer_3,streed,4,20,3,0.008,0.0001,0.001,0.9393954000600514,6513992.023464419,15.54511332511902,5963988.698339771,0.944443296442232,6781510.448050764,0.9373694771438804,7.0
auction,outer_3,streed,4,20,3,0.008,1e-05,0.1,0.939524235732432,6500319.6430432005,15.6389057636261,5955948.283860137,0.9445181958000812,6778535.905068108,0.937396948484327,7.0
auction,outer_3,streed,4,20,3,0.008,1e-05,0.001,0.9395240399582075,6500339.9202419305,15.612671375274658,5955909.950728473,0.944518552887014,6778794.376904317,0.9373945613721388,7.0
auction,outer_3,streed,4,20,3,0.005,0.1,0.1,0.8945506461135961,11325787.38623108,17.435707092285156,8856953.493921867,0.9174942870324796,8063129.475873137,0.925533106702552,8.0
auction,outer_3,streed,4,20,3,0.005,0.1,0.001,0.8945502800198438,11325825.639115855,17.448981285095215,8856864.897749497,0.9174951123377468,8063216.855825402,0.9255322997065089,8.0
auction,outer_3,streed,4,20,3,0.005,0.01,0.1,0.9127933238387796,9366449.83499411,16.088462591171265,7253543.522987232,0.932430628622393,6684247.488352312,0.9382677475317404,7.0
auction,outer_3,streed,4,20,3,0.005,0.01,0.001,0.9127935078860148,9366427.2168174,16.150166511535645,7253329.321099237,0.9324326239901568,6684361.714322719,0.9382666925997596,7.0
auction,outer_3,streed,4,20,3,0.005,0.001,0.1,0.934921523853584,6989805.072983089,16.55578589439392,6300907.714593406,0.941304774413478,7021840.269755514,0.935149915217877,7.0
auction,outer_3,streed,4,20,3,0.005,0.001,0.001,0.9349252427234496,6989408.305810161,16.55346989631653,6300549.473786694,0.9413081115556672,7021843.113503975,0.9351498889544873,7.0
auction,outer_3,streed,4,20,3,0.005,0.0001,0.1,0.9393948254142443,6514053.6942531215,16.557148456573486,5964084.338078724,0.9444424055236044,6781296.942117575,0.9373714489742462,7.0
auction,outer_3,streed,4,20,3,0.005,0.0001,0.001,0.9393954000600514,6513992.023464419,16.66161823272705,5963988.698339771,0.944443296442232,6781510.448050764,0.9373694771438804,7.0
auction,outer_3,streed,4,20,3,0.005,1e-05,0.1,0.939524235732432,6500319.6430432005,16.65544295310974,5955948.283860137,0.9445181958000812,6778535.905068108,0.937396948484327,7.0
auction,outer_3,streed,4,20,3,0.005,1e-05,0.001,0.9395240399582075,6500339.9202419305,16.74921154975891,5955909.950728473,0.944518552887014,6778794.376904317,0.9373945613721388,7.0
auction,outer_3,streed,4,20,3,0.003,0.1,0.1,0.8945506461135961,11325787.38623108,18.35477328300476,8856953.493921867,0.9174942870324796,8063129.475873137,0.925533106702552,8.0
auction,outer_3,streed,4,20,3,0.003,0.1,0.001,0.8945502800198438,11325825.639115855,18.46412467956543,8856864.897749497,0.9174951123377468,8063216.855825402,0.9255322997065089,8.0
auction,outer_3,streed,4,20,3,0.003,0.01,0.1,0.9156942828404758,9044413.827637052,16.945830583572388,7253543.522987232,0.932430628622393,6684247.488352312,0.9382677475317404,7.0
auction,outer_3,streed,4,20,3,0.003,0.01,0.001,0.915694709308377,9044364.298296364,16.975715398788452,7253329.321099237,0.9324326239901568,6684361.714322719,0.9382666925997596,7.0
auction,outer_3,streed,4,20,3,0.003,0.001,0.1,0.934921523853584,6989805.072983089,17.695271492004395,6300907.714593406,0.941304774413478,7021840.269755514,0.935149915217877,7.0
auction,outer_3,streed,4,20,3,0.003,0.001,0.001,0.9349252427234496,6989408.305810161,17.793017387390137,6300549.473786694,0.9413081115556672,7021843.113503975,0.9351498889544873,7.0
auction,outer_3,streed,4,20,3,0.003,0.0001,0.1,0.9393948254142443,6514053.6942531215,17.80696749687195,5964084.338078724,0.9444424055236044,6781296.942117575,0.9373714489742462,7.0
auction,outer_3,streed,4,20,3,0.003,0.0001,0.001,0.9393954000600514,6513992.023464419,17.987253189086914,5963988.698339771,0.944443296442232,6781510.448050764,0.9373694771438804,7.0
auction,outer_3,streed,4,20,3,0.003,1e-05,0.1,0.939524235732432,6500319.6430432005,17.896645545959473,5955948.283860137,0.9445181958000812,6778535.905068108,0.937396948484327,7.0
auction,outer_3,streed,4,20,3,0.003,1e-05,0.001,0.9395240399582075,6500339.9202419305,17.870315551757812,5955909.950728473,0.944518552887014,6778794.376904317,0.9373945613721388,7.0
auction,outer_3,streed,4,20,3,0.001,0.1,0.1,0.8959760968397674,11173383.611375548,19.40639638900757,8707756.651116753,0.918884109379022,7898537.805376184,0.9270531902385066,9.0
auction,outer_3,streed,4,20,3,0.001,0.1,0.001,0.8959757645066291,11173418.268779345,18.85754466056824,8707668.165672736,0.9188849336528144,7898631.225589969,0.9270523274577324,9.0
auction,outer_3,streed,4,20,3,0.001,0.01,0.1,0.9170175299624344,8904778.999657508,17.05954599380493,7010489.58247309,0.934694763650927,6465436.752026813,0.9402885703156288,9.0
auction,outer_3,streed,4,20,3,0.001,0.01,0.001,0.9170172556654442,8904803.521106279,17.179742097854614,7010351.409922791,0.9346960507780168,6465616.379922229,0.9402869113652969,9.0
auction,outer_3,streed,4,20,3,0.001,0.001,0.1,0.934178449265296,7062950.42360141,18.007049322128296,5905288.032314401,0.944990114296183,9274681.932318304,0.9143438348735028,11.0
auction,outer_3,streed,4,20,3,0.001,0.001,0.001,0.9341809697584024,7062678.798026886,17.94953227043152,5905090.185963916,0.944991957306222,9274745.020626128,0.9143432522225232,11.0
auction,outer_3,streed,4,20,3,0.001,0.0001,0.1,0.936498788287178,6812458.810865211,18.26986527442932,5772560.224008233,0.9462265216525536,6565532.831001796,0.9393641347035222,8.0
auction,outer_3,streed,4,20,3,0.001,0.0001,0.001,0.9364967489040243,6812670.324247255,18.28951120376587,5772473.175826135,0.9462273325377334,6565721.48853368,0.9393623923601384,8.0
auction,outer_3,streed,4,20,3,0.001,1e-05,0.1,0.9362633950988598,6836893.785999631,18.25977873802185,5764461.681320906,0.9463019624956012,6562545.169807076,0.9393917271969904,8.0
auction,outer_3,streed,4,20,3,0.001,1e-05,0.001,0.9362603374706392,6837213.168503548,18.3893826007843,5764431.473618693,0.9463022438912312,6562777.899858608,0.9393895778226108,8.0
auction,outer_3,streed,4,20,3,0.0005,0.1,0.1,0.8959760968397674,11173383.611375548,19.287145376205444,8707756.651116753,0.918884109379022,7898537.805376184,0.9270531902385066,9.0
auction,outer_3,streed,4,20,3,0.0005,0.1,0.001,0.8959757645066291,11173418.268779345,19.186630487442017,8707668.165672736,0.9188849336528144,7898631.225589969,0.9270523274577324,9.0
auction,outer_3,streed,4,20,3,0.0005,0.01,0.1,0.9186976421284654,8718269.430392906,17.510459423065186,7010489.58247309,0.934694763650927,6465436.752026813,0.9402885703156288,9.0
auction,outer_3,streed,4,20,3,0.0005,0.01,0.001,0.9186966278862856,8718376.093297122,17.49575972557068,7010351.409922791,0.9346960507780168,6465616.379922229,0.9402869113652969,9.0
auction,outer_3,streed,4,20,3,0.0005,0.001,0.1,0.934178449265296,7062950.42360141,18.307533740997314,5905288.032314401,0.944990114296183,9274681.932318304,0.9143438348735028,11.0
auction,outer_3,streed,4,20,3,0.0005,0.001,0.001,0.9341809697584024,7062678.798026886,18.405816078186035,5905090.185963916,0.944991957306222,9274745.020626128,0.9143432522225232,11.0
auction,outer_3,streed,4,20,3,0.0005,0.0001,0.1,0.936498788287178,6812458.810865211,18.552575826644897,5475281.83875072,0.9489957769210086,6088403.501072914,0.9437706544062272,11.0
auction,outer_3,streed,4,20,3,0.0005,0.0001,0.001,0.9364967489040243,6812670.324247255,18.40675687789917,5475190.863164746,0.9489966243913706,6088398.654061492,0.9437706991707178,11.0
auction,outer_3,streed,4,20,3,0.0005,1e-05,0.1,0.9362633950988598,6836893.785999631,18.537068843841556,5466709.652599224,0.9490756299235794,6082502.098443177,0.943825156708497,11.0
auction,outer_3,streed,4,20,3,0.0005,1e-05,0.001,0.9362603374706392,6837213.168503548,18.469619035720825,5466681.126929937,0.9490758956504666,6082545.843396098,0.9438247527027384,11.0
auction,outer_3,streed,4,20,3,0.0001,0.1,0.1,0.8960949905248629,11160681.075803792,19.497634410858154,8694363.454262925,0.9190088718333014,7887457.492095328,0.9271555222808304,10.0
auction,outer_3,streed,4,20,3,0.0001,0.1,0.001,0.8960946930724529,11160711.976102252,19.422929763793945,8694269.459823363,0.9190097474253722,7887543.453987567,0.9271547283812565,10.0
auction,outer_3,streed,4,20,3,0.0001,0.01,0.1,0.9188547792721812,8701499.149062077,17.974798917770386,6993084.664377682,0.934856896734,6449666.570203433,0.940434215558042,10.0
auction,outer_3,streed,4,20,3,0.0001,0.01,0.001,0.9188538058701368,8701601.457200132,17.95387625694275,6992941.065218682,0.934858234411905,6449833.742618101,0.9404326716400878,10.0
auction,outer_3,streed,4,20,3,0.0001,0.001,0.1,0.9341807583631244,7062637.255456902,18.682977199554443,5905633.207649387,0.9449868988635703,9233239.50461717,0.9147265757002304,12.0
auction,outer_3,streed,4,20,3,0.0001,0.001,0.001,0.9341830988434806,7062384.773126047,18.88872003555298,5905448.406113192,0.9449886203564644,9233264.454210028,0.9147263452786956,12.0
auction,outer_3,streed,4,20,3,0.0001,0.0001,0.1,0.9364931249301316,6812993.7078587925,18.853822231292725,5440364.235071536,0.9493210469801372,6054414.675881528,0.9440845576154472,13.0
auction,outer_3,streed,4,20,3,0.0001,0.0001,0.001,0.9364909212714562,6813222.697278492,18.855346202850345,5440274.7765220255,0.949321880318758,6054403.577944792,0.9440846601102508,13.0
auction,outer_3,streed,4,20,3,0.0001,1e-05,0.1,0.9364241588564448,6819745.320780065,18.93909525871277,5431792.102397654,0.9494008994845448,6048508.591747532,0.9441391031536688,13.0
auction,outer_3,streed,4,20,3,0.0001,1e-05,0.001,0.9364211000421272,6820064.851010472,18.595699548721317,5431765.141210862,0.949401150637714,6048546.108980453,0.9441387566639108,13.0
auction,outer_4,streed,4,20,3,0.1,0.1,0.1,0.8338969340697518,17876851.802387882,0.7133474349975586,17438267.405264214,0.8385601350391014,16107615.9445173,0.8478508404018756,3.0
auction,outer_4,streed,4,20,3,0.1,0.1,0.001,0.8338993552347471,17876587.504757036,0.7226345539093018,17437941.82100714,0.838563149230665,16107449.19860447,0.8478524154487721,3.0
auction,outer_4,streed,4,20,3,0.1,0.01,0.1,0.8661952126691297,14386572.79032012,0.703754186630249,14072951.096033068,0.8697155358531168,13943109.629260896,0.868296312776277,3.0
auction,outer_4,streed,4,20,3,0.1,0.01,0.001,0.8661968098547183,14386396.213874264,0.7055160999298096,14072794.607886264,0.8697169845879424,13943267.48232502,0.8682948217293629,3.0
auction,outer_4,streed,4,20,3,0.1,0.001,0.1,0.8680424507348583,14184720.8906525,0.7015037536621094,13890594.702232346,0.8714037535473276,13991147.865895366,0.8678425536751357,3.0
auction,outer_4,streed,4,20,3,0.1,0.001,0.001,0.8680427826997211,14184679.71889335,0.708524227142334,13890571.855974168,0.8714039650532501,13991444.468349952,0.8678397520305997,3.0
auction,outer_4,streed,4,20,3,0.1,0.0001,0.1,0.8680917121255417,14179080.888962852,0.7045438289642334,13886697.1738605,0.8714398360570981,14012148.037187932,0.8676441904645535,3.0
auction,outer_4,streed,4,20,3,0.1,0.0001,0.001,0.8680918737996457,14179057.949225882,0.7179009914398193,13886691.90894432,0.8714398847986007,14012462.536738057,0.8676412197678092,3.0
auction,outer_4,streed,4,20,3,0.1,1e-05,0.1,0.8680948109924334,14178713.187694997,0.720844030380249,13886500.15593121,0.8714416600082487,14014459.940580431,0.8676223527103227,3.0
auction,outer_4,streed,4,20,3,0.1,1e-05,0.001,0.8680949551298852,14178692.125628732,0.7220537662506104,13886496.701396331,0.8714416919896166,14014776.279527506,0.8676193646390209,3.0
auction,outer_4,streed,4,20,3,0.08,0.1,0.1,0.8338969340697518,17876851.802387882,2.975083112716675,17438267.405264214,0.8385601350391014,16107615.9445173,0.8478508404018756,3.0
auction,outer_4,streed,4,20,3,0.08,0.1,0.001,0.8338993552347471,17876587.504757036,2.964561462402344,17437941.82100714,0.838563149230665,16107449.19860447,0.8478524154487721,3.0
auction,outer_4,streed,4,20,3,0.08,0.01,0.1,0.8661952126691297,14386572.79032012,0.7588372230529785,14072951.096033068,0.8697155358531168,13943109.629260896,0.868296312776277,3.0
auction,outer_4,streed,4,20,3,0.08,0.01,0.001,0.8661968098547183,14386396.213874264,0.7543044090270996,14072794.607886264,0.8697169845879424,13943267.48232502,0.8682948217293629,3.0
auction,outer_4,streed,4,20,3,0.08,0.001,0.1,0.8680424507348583,14184720.8906525,0.7561216354370117,13890594.702232346,0.8714037535473276,13991147.865895366,0.8678425536751357,3.0
auction,outer_4,streed,4,20,3,0.08,0.001,0.001,0.8680427826997211,14184679.71889335,0.7515325546264648,13890571.855974168,0.8714039650532501,13991444.468349952,0.8678397520305997,3.0
auction,outer_4,streed,4,20,3,0.08,0.0001,0.1,0.8680917121255417,14179080.888962852,0.7591097354888916,13886697.1738605,0.8714398360570981,14012148.037187932,0.8676441904645535,3.0
auction,outer_4,streed,4,20,3,0.08,0.0001,0.001,0.8680918737996457,14179057.949225882,0.7572691440582275,13886691.90894432,0.8714398847986007,14012462.536738057,0.8676412197678092,3.0
auction,outer_4,streed,4,20,3,0.08,1e-05,0.1,0.8680948109924334,14178713.187694997,0.7585723400115967,13886500.15593121,0.8714416600082487,14014459.940580431,0.8676223527103227,3.0
auction,outer_4,streed,4,20,3,0.08,1e-05,0.001,0.8680949551298852,14178692.125628732,0.7446334362030029,13886496.701396331,0.8714416919896166,14014776.279527506,0.8676193646390209,3.0
auction,outer_4,streed,4,20,3,0.05,0.1,0.1,0.871824508770084,13789106.460386544,9.086393117904665,13444350.83223758,0.8755349867964424,13339006.31478237,0.874002545897612,4.0
auction,outer_4,streed,4,20,3,0.05,0.1,0.001,0.8718242818135553,13789131.02977928,9.09106993675232,13444271.949839838,0.8755357170733296,13339076.651601706,0.8740018815107786,4.0
auction,outer_4,streed,4,20,3,0.05,0.01,0.1,0.8661952126691297,14386572.79032012,2.971470832824707,14072951.096033068,0.8697155358531168,13943109.629260896,0.868296312776277,3.0
auction,outer_4,streed,4,20,3,0.05,0.01,0.001,0.8661968098547183,14386396.213874264,2.975389242172241,14072794.607886264,0.8697169845879424,13943267.48232502,0.8682948217293629,3.0
auction,outer_4,streed,4,20,3,0.05,0.001,0.1,0.8680424507348583,14184720.8906525,2.961850881576538,13890594.702232346,0.8714037535473276,13991147.865895366,0.8678425536751357,3.0
auction,outer_4,streed,4,20,3,0.05,0.001,0.001,0.8680427826997211,14184679.71889335,2.978190898895264,13890571.855974168,0.8714039650532501,13991444.468349952,0.8678397520305997,3.0
auction,outer_4,streed,4,20,3,0.05,0.0001,0.1,0.8680917121255417,14179080.888962852,2.9591288566589355,13886697.1738605,0.8714398360570981,14012148.037187932,0.8676441904645535,3.0
auction,outer_4,streed,4,20,3,0.05,0.0001,0.001,0.8680918737996457,14179057.949225882,2.984083652496338,13886691.90894432,0.8714398847986007,14012462.536738057,0.8676412197678092,3.0
auction,outer_4,streed,4,20,3,0.05,1e-05,0.1,0.8680948109924334,14178713.187694997,2.978222608566284,13886500.15593121,0.8714416600082487,14014459.940580431,0.8676223527103227,3.0
auction,outer_4,streed,4,20,3,0.05,1e-05,0.001,0.8680949551298852,14178692.125628732,2.989459991455078,13886496.701396331,0.8714416919896166,14014776.279527506,0.8676193646390209,3.0
auction,outer_4,streed,4,20,3,0.03,0.1,0.1,0.871824508770084,13789106.460386544,12.007179975509644,13444350.83223758,0.8755349867964424,13339006.31478237,0.874002545897612,4.0
auction,outer_4,streed,4,20,3,0.03,0.1,0.001,0.8718242818135553,13789131.02977928,12.022670984268188,13444271.949839838,0.8755357170733296,13339076.651601706,0.8740018815107786,4.0
auction,outer_4,streed,4,20,3,0.03,0.01,0.1,0.8661952126691297,14386572.79032012,10.50537395477295,14072951.096033068,0.8697155358531168,13943109.629260896,0.868296312776277,3.0
auction,outer_4,streed,4,20,3,0.03,0.01,0.001,0.8661968098547183,14386396.213874264,10.51456880569458,14072794.607886264,0.8697169845879424,13943267.48232502,0.8682948217293629,3.0
auction,outer_4,streed,4,20,3,0.03,0.001,0.1,0.8680424507348583,14184720.8906525,10.801878213882446,13890594.702232346,0.8714037535473276,13991147.865895366,0.8678425536751357,3.0
auction,outer_4,streed,4,20,3,0.03,0.001,0.001,0.8680427826997211,14184679.71889335,10.675447463989258,13890571.855974168,0.8714039650532501,13991444.468349952,0.8678397520305997,3.0
auction,outer_4,streed,4,20,3,0.03,0.0001,0.1,0.8680917121255417,14179080.888962852,10.623042821884155,13886697.1738605,0.8714398360570981,14012148.037187932,0.8676441904645535,3.0
auction,outer_4,streed,4,20,3,0.03,0.0001,0.001,0.8680918737996457,14179057.949225882,10.662355184555054,13886691.90894432,0.8714398847986007,14012462.536738057,0.8676412197678092,3.0
auction,outer_4,streed,4,20,3,0.03,1e-05,0.1,0.8680948109924334,14178713.187694997,10.670003890991213,13886500.15593121,0.8714416600082487,14014459.940580431,0.8676223527103227,3.0
auction,outer_4,streed,4,20,3,0.03,1e-05,0.001,0.8680949551298852,14178692.125628732,10.756624937057495,13886496.701396331,0.8714416919896166,14014776.279527506,0.8676193646390209,3.0
auction,outer_4,streed,4,20,3,0.01,0.1,0.1,0.8871421268027803,12145341.015457438,13.96061372756958,10269771.195625218,0.9049245870320488,11097299.178262716,0.8951772410270099,6.0
auction,outer_4,streed,4,20,3,0.01,0.1,0.001,0.8871419516269979,12145359.364663849,13.984904289245604,10269662.867471864,0.9049255899116376,11097187.294954758,0.8951782978532552,6.0
auction,outer_4,streed,4,20,3,0.01,0.01,0.1,0.9075549812018782,9924385.696988257,11.843477964401243,7270955.31269227,0.9326870028691372,6581116.278229114,0.9378361568590216,7.0
auction,outer_4,streed,4,20,3,0.01,0.01,0.001,0.9075556128013303,9924319.266694678,11.82352089881897,7270756.993463711,0.9326888388674468,6580956.513530459,0.9378376659628342,7.0
auction,outer_4,streed,4,20,3,0.01,0.001,0.1,0.927949581785446,7716171.295107417,12.575871229171751,6279375.941589794,0.9418668391480828,7430365.209315722,0.9298143296935674,7.0
auction,outer_4,streed,4,20,3,0.01,0.001,0.001,0.9279545781581096,7715647.464211815,12.58039617538452,6278873.845269539,0.941871487451739,7430064.0269321585,0.9298171745991514,7.0
auction,outer_4,streed,4,20,3,0.01,0.0001,0.1,0.9316249433685302,7335506.665940461,12.97287130355835,5910474.978169946,0.9452820478000884,7043393.920756083,0.9334695792690324,7.0
auction,outer_4,streed,4,20,3,0.01,0.0001,0.001,0.9316256374522972,7335444.275972873,12.94892692565918,5910370.426443463,0.9452830157183002,7043493.830537112,0.9334686355422096,7.0
auction,outer_4,streed,4,20,3,0.01,1e-05,0.1,0.9316915094962898,7330166.237293226,13.01969289779663,5900842.593251022,0.9453712224230266,7018315.421670014,0.933706465508006,7.0
auction,outer_4,streed,4,20,3,0.01,1e-05,0.001,0.9316914158718604,7330188.080222401,13.096229314804075,5900805.107479959,0.945371569458525,7018462.324061751,0.9337050778988452,7.0
auction,outer_4,streed,4,20,3,0.008,0.1,0.1,0.9009111094790072,10634368.6391071,14.46140193939209,9227733.34538504,0.9145715574516062,9767537.730031189,0.9077378885810186,7.0
auction,outer_4,streed,4,20,3,0.008,0.1,0.001,0.9009112686855,10634353.279329898,14.462471961975098,9227568.456086865,0.91457308396255,9767399.82589084,0.9077391911945856,7.0
auction,outer_4,streed,4,20,3,0.008,0.01,0.1,0.9134356381193678,9312833.911010817,13.302888870239258,7270955.31269227,0.9326870028691372,6581116.278229114,0.9378361568590216,7.0
auction,outer_4,streed,4,20,3,0.008,0.01,0.001,0.9134364984403216,9312743.695101997,13.264113664627075,7270756.993463711,0.9326888388674468,6580956.513530459,0.9378376659628342,7.0
auction,outer_4,streed,4,20,3,0.008,0.001,0.1,0.9340170566201044,7085191.60634629,13.269875764846802,6279375.941589794,0.9418668391480828,7430365.209315722,0.9298143296935674,7.0
auction,outer_4,streed,4,20,3,0.008,0.001,0.001,0.9340220513965748,7084667.941444874,13.273507118225098,6278873.845269539,0.941871487451739,7430064.0269321585,0.9298171745991514,7.0
auction,outer_4,streed,4,20,3,0.008,0.0001,0.1,0.9377028449474704,6703442.660549938,13.658892393112184,5910474.978169946,0.9452820478000884,7043393.920756083,0.9334695792690324,7.0
auction,outer_4,streed,4,20,3,0.008,0.0001,0.001,0.9377035052232306,6703383.786405013,13.712640047073364,5910370.426443463,0.9452830157183002,7043493.830537112,0.9334686355422096,7.0
auction,outer_4,streed,4,20,3,0.008,1e-05,0.1,0.9377703115679936,6698008.586249574,13.4331157207489,5900842.593251022,0.9453712224230266,7018315.421670014,0.933706465508006,7.0
auction,outer_4,streed,4,20,3,0.008,1e-05,0.001,0.9377701807569436,6698034.296356243,13.77187967300415,5900805.107479959,0.945371569458525,7018462.324061751,0.9337050778988452,7.0
auction,outer_4,streed,4,20,3,0.005,0.1,0.1,0.9105212286478834,9617166.107742762,15.652469396591188,8646700.208188035,0.919950641796796,9120224.320329595,0.9138522751930372,8.0
auction,outer_4,streed,4,20,3,0.005,0.1,0.001,0.9105208956282612,9617203.488681972,15.578322410583496,8646611.567136232,0.91995146241728,9120206.49451809,0.9138524435719114,8.0
auction,outer_4,streed,4,20,3,0.005,0.01,0.1,0.9176987688153808,8857336.611116739,14.26580548286438,7270955.31269227,0.9326870028691372,6581116.278229114,0.9378361568590216,7.0
auction,outer_4,streed,4,20,3,0.005,0.01,0.001,0.9176996286333896,8857248.25003818,14.28019666671753,7270756.993463711,0.9326888388674468,6580956.513530459,0.9378376659628342,7.0
auction,outer_4,streed,4,20,3,0.005,0.001,0.1,0.9340170566201044,7085191.60634629,14.463431358337402,6279375.941589794,0.9418668391480828,7430365.209315722,0.9298143296935674,7.0
auction,outer_4,streed,4,20,3,0.005,0.001,0.001,0.9340220513965748,7084667.941444874,14.524358987808228,6278873.845269539,0.941871487451739,7430064.0269321585,0.9298171745991514,7.0
auction,outer_4,streed,4,20,3,0.005,0.0001,0.1,0.9377028449474704,6703442.660549938,14.628604412078856,5910474.978169946,0.9452820478000884,7043393.920756083,0.9334695792690324,7.0
auction,outer_4,streed,4,20,3,0.005,0.0001,0.001,0.9377035052232306,6703383.786405013,14.644303560256958,5910370.426443463,0.9452830157183002,7043493.830537112,0.9334686355422096,7.0
auction,outer_4,streed,4,20,3,0.005,1e-05,0.1,0.9377703115679936,6698008.586249574,14.639050722122192,5900842.593251022,0.9453712224230266,7018315.421670014,0.933706465508006,7.0
auction,outer_4,streed,4,20,3,0.005,1e-05,0.001,0.9377701807569436,6698034.296356243,14.67555809020996,5900805.107479959,0.945371569458525,7018462.324061751,0.9337050778988452,7.0
auction,outer_4,streed,4,20,3,0.003,0.1,0.1,0.9105212286478834,9617166.107742762,16.428011894226074,8646700.208188035,0.919950641796796,9120224.320329595,0.9138522751930372,8.0
auction,outer_4,streed,4,20,3,0.003,0.1,0.001,0.9105208956282612,9617203.488681972,16.547906637191772,8646611.567136232,0.91995146241728,9120206.49451809,0.9138524435719114,8.0
auction,outer_4,streed,4,20,3,0.003,0.01,0.1,0.9176987688153808,8857336.611116739,15.012831687927246,7270955.31269227,0.9326870028691372,6581116.278229114,0.9378361568590216,7.0
auction,outer_4,streed,4,20,3,0.003,0.01,0.001,0.9176996286333896,8857248.25003818,15.021734237670898,7270756.993463711,0.9326888388674468,6580956.513530459,0.9378376659628342,7.0
auction,outer_4,streed,4,20,3,0.003,0.001,0.1,0.9340170566201044,7085191.60634629,15.28972053527832,6279375.941589794,0.9418668391480828,7430365.209315722,0.9298143296935674,7.0
auction,outer_4,streed,4,20,3,0.003,0.001,0.001,0.9340220513965748,7084667.941444874,15.312063694000244,6278873.845269539,0.941871487451739,7430064.0269321585,0.9298171745991514,7.0
auction,outer_4,streed,4,20,3,0.003,0.0001,0.1,0.9377028449474704,6703442.660549938,15.719966888427734,5910474.978169946,0.9452820478000884,7043393.920756083,0.9334695792690324,7.0
auction,outer_4,streed,4,20,3,0.003,0.0001,0.001,0.9377035052232306,6703383.786405013,15.609671115875244,5910370.426443463,0.9452830157183002,7043493.830537112,0.9334686355422096,7.0
auction,outer_4,streed,4,20,3,0.003,1e-05,0.1,0.9377703115679936,6698008.586249574,15.483532428741457,5900842.593251022,0.9453712224230266,7018315.421670014,0.933706465508006,7.0
auction,outer_4,streed,4,20,3,0.003,1e-05,0.001,0.9377701807569436,6698034.296356243,15.40146517753601,5900805.107479959,0.945371569458525,7018462.324061751,0.9337050778988452,7.0
auction,outer_4,streed,4,20,3,0.001,0.1,0.1,0.912000701379894,9457938.316963175,17.3233425617218,8496725.394553056,0.921339077534022,8965228.631765066,0.9153163319372292,9.0
auction,outer_4,streed,4,20,3,0.001,0.1,0.001,0.912000427977025,9457969.436016656,17.40904974937439,8496637.733753115,0.921339889079537,8965208.156982258,0.9153165253377304,9.0
auction,outer_4,streed,4,20,3,0.001,0.01,0.1,0.9195321865841812,8664916.79929546,15.779354810714722,6995062.080931416,0.9352411652204756,6340577.7496239925,0.9401082333167854,9.0
auction,outer_4,streed,4,20,3,0.001,0.01,0.001,0.9195326568270444,8664868.899358938,15.77412247657776,6994936.788677604,0.9352423251501903,6340501.757741678,0.9401089511201568,9.0
auction,outer_4,streed,4,20,3,0.001,0.001,0.1,0.9360575295569784,6865859.234524626,15.878336191177368,6119179.7025257135,0.9433499027231912,8018260.081230076,0.9242611981189184,8.0
auction,outer_4,streed,4,20,3,0.001,0.001,0.001,0.936061274047852,6865467.216571047,15.64521861076355,6118658.357619607,0.9433547292262654,8017714.277417053,0.9242663536671848,8.0
auction,outer_4,streed,4,20,3,0.001,0.0001,0.1,0.939679535141181,6490824.314330332,15.7967050075531,5709029.477962498,0.9471469884845426,6861137.485194516,0.935191135307962,8.0
auction,outer_4,streed,4,20,3,0.001,0.0001,0.001,0.9396802448823252,6490759.256387279,15.871153593063354,5708928.892674278,0.9471479196822912,6861246.493443611,0.9351901056389196,8.0
auction,outer_4,streed,4,20,3,0.001,1e-05,0.1,0.94027382625035,6429642.37365012,15.92622184753418,5581140.563311948,0.948330957547028,7246715.750918997,0.9315490439338348,9.0
auction,outer_4,streed,4,20,3,0.001,1e-05,0.001,0.9402733467898768,6429703.84425906,15.917943000793455,5581110.452278283,0.9483312363087362,7246604.41576303,0.9315500955823514,9.0
auction,outer_4,streed,4,20,3,0.0005,0.1,0.1,0.912000701379894,9457938.316963175,16.913931608200073,8496725.394553056,0.921339077534022,8965228.631765066,0.9153163319372292,9.0
auction,outer_4,streed,4,20,3,0.0005,0.1,0.001,0.912000427977025,9457969.436016656,16.9168062210083,8496637.733753115,0.921339889079537,8965208.156982258,0.9153165253377304,9.0
auction,outer_4,streed,4,20,3,0.0005,0.01,0.1,0.9199235577683964,8620271.367238127,15.403276443481444,6995062.080931416,0.9352411652204756,6340577.7496239925,0.9401082333167854,9.0
auction,outer_4,streed,4,20,3,0.0005,0.01,0.001,0.9199243383346584,8620188.067346847,15.51659655570984,6994936.788677604,0.9352423251501903,6340501.757741678,0.9401089511201568,9.0
auction,outer_4,streed,4,20,3,0.0005,0.001,0.1,0.9281403007798142,7768465.871316514,15.784631967544556,6119179.7025257135,0.9433499027231912,8018260.081230076,0.9242611981189184,8.0
auction,outer_4,streed,4,20,3,0.0005,0.001,0.001,0.928143053630752,7768185.652171995,15.786821603775024,6118658.357619607,0.9433547292262654,8017714.277417053,0.9242663536671848,8.0
auction,outer_4,streed,4,20,3,0.0005,0.0001,0.1,0.9402060899340072,6435107.328706802,16.041163682937622,5591033.705999825,0.9482393688827156,7279017.695493257,0.9312439265448128,9.0
auction,outer_4,streed,4,20,3,0.0005,0.0001,0.001,0.9402065489932736,6435068.7964715855,16.03693985939026,5590932.598034467,0.9482403049193008,7278859.68084976,0.9312454191179718,9.0
auction,outer_4,streed,4,20,3,0.0005,1e-05,0.1,0.94027382625035,6429642.37365012,15.97504425048828,5581140.563311948,0.948330957547028,7246715.750918997,0.9315490439338348,9.0
auction,outer_4,streed,4,20,3,0.0005,1e-05,0.001,0.9402733467898768,6429703.84425906,16.00050687789917,5581110.452278283,0.9483312363087362,7246604.41576303,0.9315500955823514,9.0
auction,outer_4,streed,4,20,3,0.0001,0.1,0.1,0.9121158720963845,9445557.046842754,17.155030727386475,8483311.873668423,0.921463257129961,8952667.217940858,0.9154349844158642,10.0
auction,outer_4,streed,4,20,3,0.0001,0.1,0.001,0.9121156308310844,9445584.64515216,17.09924840927124,8483216.74489175,0.9214641378124568,8952643.540626533,0.915435208066806,10.0
auction,outer_4,streed,4,20,3,0.0001,0.01,0.1,0.9200784838248558,8603601.862297213,15.794573545455933,6977251.4181605885,0.9354060526445392,6325481.887662154,0.9402508256606068,10.0
auction,outer_4,streed,4,20,3,0.0001,0.01,0.001,0.9200793085732704,8603513.547179569,15.883313655853271,6977120.347625702,0.9354072660683824,6325406.625536799,0.9402515365708471,10.0
auction,outer_4,streed,4,20,3,0.0001,0.001,0.1,0.928428508922128,7737685.319664314,16.23402214050293,6035662.394347707,0.944123088650486,6965813.916847975,0.9342023837037108,14.0
auction,outer_4,streed,4,20,3,0.0001,0.001,0.001,0.9284325384932564,7737269.734626022,16.214252710342407,6035355.274612905,0.9441259319013298,6965787.805414856,0.934202630346828,14.0
auction,outer_4,streed,4,20,3,0.0001,0.0001,0.1,0.940402963560818,6413676.424529739,16.33831477165222,5550349.613161609,0.9486160137810428,7250271.607725695,0.9315154560567304,12.0
auction,outer_4,streed,4,20,3,0.0001,0.0001,0.001,0.9404031867869884,6413663.01763234,16.543421268463135,5550246.654064933,0.948616966955018,7250133.00839081,0.9315167652369588,12.0
auction,outer_4,streed,4,20,3,0.0001,1e-05,0.1,0.9404705022122783,6408231.563084379,16.65023374557495,5540443.64227435,0.948707721206166,7217895.9450887935,0.9318212697711002,12.0
auction,outer_4,streed,4,20,3,0.0001,1e-05,0.001,0.9404697081491924,6408326.662674199,16.534019947052002,5540413.187423816,0.9487080031508596,7217805.121413937,0.9318221276724712,12.0
auction,mean,streed,4,20,3,0.0001,1e-05,0.001,0.9380390070603575,6682109.205695195,39.64819936752319,5576282.51375984,0.9481654520017256,6650913.614866314,0.9376297492961729,12.2
auction,mean,streed,4,20,3,0.0001,1e-05,0.1,0.9380398391494247,6682024.20589751,39.94891266822815,5576324.575928772,0.948165063591806,6650891.824350255,0.9376298494566851,12.2
auction,mean,streed,4,20,3,0.0001,0.0001,0.001,0.9353147729197543,6973509.177859241,39.87237205505371,5582895.96996509,0.9481039882737583,6684527.478131304,0.9373216091549192,12.6
auction,mean,streed,4,20,3,0.0001,0.0001,0.1,0.9353159599617504,6973386.624960214,39.86984524726868,5582997.582698571,0.9481030461778615,6684673.0153768435,0.9373202515175454,12.6
auction,mean,streed,4,20,3,0.0001,0.001,0.001,0.9322737736551477,7312255.263091737,39.567502403259276,5919226.118035079,0.9449981789320672,7710169.997054328,0.9274323234788981,12.8
auction,mean,streed,4,20,3,0.0001,0.001,0.1,0.9322726964382705,7312374.063204071,39.52512865066528,5919437.526798757,0.9449962024997752,7710121.219321008,0.9274329713066691,12.8
auction,mean,streed,4,20,3,0.0001,0.01,0.001,0.9183787432927298,8810010.973793486,38.4646192073822,6712222.4258289905,0.9375802333546908,7519672.763280677,0.9295366310319324,10.0
auction,mean,streed,4,20,3,0.0001,0.01,0.1,0.9183788454877281,8810002.539348045,38.330629444122316,6712366.17308207,0.9375788988532247,7519644.481232235,0.9295369811854034,10.0
auction,mean,streed,4,20,3,0.0001,0.1,0.001,0.9049894404748426,10242168.235851016,41.56314725875855,8417586.634251874,0.9217549986573511,9602292.263322575,0.9094622863842666,10.0
auction,mean,streed,4,20,3,0.0001,0.1,0.1,0.9049897700250155,10242136.131101424,41.47944526672363,8417671.250276258,0.9217542087352131,9602305.679117268,0.9094621239348738,10.0
auction,mean,streed,4,20,3,0.0005,1e-05,0.001,0.9376577352490058,6722709.362820101,38.97018599510193,5636287.857973642,0.9476138527536213,6392236.567607523,0.9404145078690164,9.2
auction,mean,streed,4,20,3,0.0005,1e-05,0.1,0.9376584314067108,6722638.944611998,39.961735773086545,5636325.260277009,0.947613506985733,6392193.142546659,0.9404148902938314,9.2
auction,mean,streed,4,20,3,0.0005,0.0001,0.001,0.9349666732644902,7010585.60981446,38.90469055175781,5658575.202065766,0.9474041379308649,6378886.577133881,0.9405058379002653,9.0
auction,mean,streed,4,20,3,0.0005,0.0001,0.1,0.9349677036184506,7010479.849456884,39.065124940872195,5658685.444339999,0.9474031143255873,6378927.073148375,0.9405054371886387,9.0
auction,mean,streed,4,20,3,0.0005,0.001,0.001,0.9319308793456994,7348458.703057179,38.599514436721805,6074085.458889437,0.9435471750190884,8235161.6939879935,0.9226229054993655,9.8
auction,mean,streed,4,20,3,0.0005,0.001,0.1,0.9319300082239869,7348555.677005565,38.62943148612976,6074277.766305603,0.9435453833444838,8235228.255547965,0.9226224760655303,9.8
auction,mean,streed,4,20,3,0.0005,0.01,0.001,0.9183914330781521,8807029.271911379,37.554493522644044,6729476.066649941,0.9374196958212829,7536582.946587155,0.9293765907947792,9.0
auction,mean,streed,4,20,3,0.0005,0.01,0.1,0.9183915145372232,8807023.514331726,37.53372001647949,6729614.189504689,0.9374184136306264,7536548.850003054,0.9293770006544703,9.0
auction,mean,streed,4,20,3,0.0005,0.1,0.001,0.9048892810433564,10252940.971934183,40.78389463424683,8430708.59277594,0.921632899430066,9615041.527181458,0.9093417476754073,9.0
auction,mean,streed,4,20,3,0.0005,0.1,0.1,0.904889650005576,10252904.596079031,40.750352430343625,8430786.95201596,0.9216321677813643,9615050.428804656,0.90934163045549,9.0
auction,mean,streed,4,20,3,0.001,1e-05,0.001,0.937673337553281,6721231.158446318,38.67515139579773,5725137.865983734,0.9467824508724135,6503247.504020351,0.939384032115538,8.2
auction,mean,streed,4,20,3,0.001,1e-05,0.1,0.9376740094730748,6721163.264992167,38.67897367477417,5725177.474406831,0.9467820843363889,6503165.31009528,0.9393847718078938,8.2
auction,mean,streed,4,20,3,0.001,0.0001,0.001,0.9348765532079908,7020293.193764155,38.532152795791625,5759435.039353952,0.9464647095510006,6426415.486767786,0.9400946337452846,8.0
auction,mean,streed,4,20,3,0.001,0.0001,0.1,0.9348775077858678,7020195.408334324,38.47147803306579,5759545.441676413,0.9464636843755934,6426363.687338697,0.9400950966036579,8.0
auction,mean,streed,4,20,3,0.001,0.001,0.001,0.9334995853619954,7169931.469827247,38.236398983001706,6091634.999543754,0.9433859354714011,8232413.25599163,0.9226560004256973,9.4
auction,mean,streed,4,20,3,0.001,0.001,0.1,0.9334984558419943,7170057.387387472,38.24921340942383,6091839.958363622,0.943384029269746,8232485.7033604365,0.9226555227490426,9.4
auction,mean,streed,4,20,3,0.001,0.01,0.001,0.917977222332461,8853250.92387563,37.03917217254639,6729476.066649941,0.9374196958212829,7536582.946587155,0.9293765907947792,9.0
auction,mean,streed,4,20,3,0.001,0.01,0.1,0.917977217867174,8853254.514596114,37.02532558441162,6729614.189504689,0.9374184136306264,7536548.850003054,0.9293770006544703,9.0
auction,mean,streed,4,20,3,0.001,0.1,0.001,0.9048892810433564,10252940.971934183,40.227985334396365,8430708.59277594,0.921632899430066,9615041.527181458,0.9093417476754073,9.0
auction,mean,streed,4,20,3,0.001,0.1,0.1,0.904889650005576,10252904.596079031,40.14855489730835,8430786.95201596,0.9216321677813643,9615050.428804656,0.90934163045549,9.0
auction,mean,streed,4,20,3,0.003,1e-05,0.001,0.9370837391683985,6786330.898148457,36.44984121322632,5907080.831221848,0.9450953958633173,6577579.118667645,0.9386867993881172,7.2
auction,mean,streed,4,20,3,0.003,1e-05,0.1,0.937083775587358,6786328.908832054,36.47335805892944,5907125.445411453,0.9450949827234375,6577440.223165879,0.9386880804599478,7.2
auction,mean,streed,4,20,3,0.003,0.0001,0.001,0.9343192526903283,7081886.756237192,36.50007152557373,5917743.111655782,0.9449964607036565,6582798.009564611,0.9386224960660883,7.2
auction,mean,streed,4,20,3,0.003,0.0001,0.1,0.9343197000482238,7081841.400956263,36.39598088264465,5917877.473978939,0.9449952184017418,6582780.999654392,0.9386225882019004,7.2
auction,mean,streed,4,20,3,0.003,0.001,0.001,0.9324707587571266,7281122.917470261,36.104471397399905,6495991.087493944,0.9395852861477515,7876685.500010112,0.9260302387272399,7.0
auction,mean,streed,4,20,3,0.003,0.001,0.1,0.9324691564708993,7281297.817989998,36.07806081771851,6496186.138064129,0.9395834771318732,7876645.463119251,0.9260307566416872,7.0
auction,mean,streed,4,20,3,0.003,0.01,0.001,0.9171121778289493,8933022.000354886,35.04303860664368,7006585.761685848,0.9348435231970285,7767965.368394421,0.9272355746115538,7.0
auction,mean,streed,4,20,3,0.003,0.01,0.1,0.9171118396302113,8933059.68315977,34.94544191360474,7006793.744580438,0.9348415917549978,7767989.1160213975,0.9272354527079922,7.0
auction,mean,streed,4,20,3,0.003,0.1,0.001,0.9034402714666537,10408224.934202543,38.29280433654785,8581268.466384094,0.9202330777470487,9768974.96946237,0.9079023320833304,8.0
auction,mean,streed,4,20,3,0.003,0.1,0.1,0.903440757577265,10408176.709136406,38.30767159461975,8581347.770930521,0.9202323373317741,9768982.060703812,0.9079022364215243,8.0
auction,mean,streed,4,20,3,0.005,1e-05,0.001,0.9370415734799179,6791171.315677975,34.28702945709229,5984808.762229405,0.9443659134039193,6644044.345181869,0.9380919792696434,7.0
auction,mean,streed,4,20,3,0.005,1e-05,0.1,0.9370415065078308,6791181.195154741,34.34434323310852,5984852.308711896,0.9443655102845507,6643928.166458882,0.9380930570412257,7.0
auction,mean,streed,4,20,3,0.005,0.0001,0.001,0.9342740295430989,7087078.1552746,34.27205543518066,5994878.674685766,0.944272537662135,6649221.61044434,0.9380280484697007,7.0
auction,mean,streed,4,20,3,0.005,0.0001,0.1,0.9342743988785129,7087041.756597984,34.22637147903443,5995006.1707900595,0.944271359800199,6649219.060944771,0.938028011194336,7.0
auction,mean,streed,4,20,3,0.005,0.001,0.001,0.9294299976252349,7614650.202564044,33.884446144104004,6581862.04577828,0.9388122682264086,8531080.572288875,0.9190165574275573,6.8
auction,mean,streed,4,20,3,0.005,0.001,0.1,0.9294290019314946,7614757.056748559,33.813166332244876,6582063.709616101,0.9388103996773133,8531031.90149043,0.9190171678785756,6.8
auction,mean,streed,4,20,3,0.005,0.01,0.001,0.9168317793187899,8962647.125833863,32.9368173122406,7006585.761685848,0.9348435231970285,7767965.368394421,0.9272355746115538,7.0
auction,mean,streed,4,20,3,0.005,0.01,0.1,0.9168313721881205,8962692.384348707,33.024467849731444,7006793.744580438,0.9348415917549978,7767989.1160213975,0.9272354527079922,7.0
auction,mean,streed,4,20,3,0.005,0.1,0.001,0.9034402714666537,10408224.934202543,36.3344961643219,8581268.466384094,0.9202330777470487,9768974.96946237,0.9079023320833304,8.0
auction,mean,streed,4,20,3,0.005,0.1,0.1,0.903440757577265,10408176.709136406,36.37711682319641,8581347.770930521,0.9202323373317741,9768982.060703812,0.9079022364215243,8.0
auction,mean,streed,4,20,3,0.008,1e-05,0.001,0.9326632128083274,7275519.776011258,31.914642095565796,6140240.3161158785,0.9429667048810731,7926085.371623823,0.9243513086052537,6.8
auction,mean,streed,4,20,3,0.008,1e-05,0.1,0.9326636070898546,7275478.231058842,31.731655836105347,6140274.404260505,0.9429663869064943,7925855.615769187,0.9243536036748233,6.8
auction,mean,streed,4,20,3,0.008,0.0001,0.001,0.9299393567582032,7566450.392115347,31.61595301628113,6147627.310915107,0.9428974810000795,7924525.300353271,0.9243595872904573,6.8
auction,mean,streed,4,20,3,0.008,0.0001,0.1,0.929940212451792,7566359.677593189,31.518729066848756,6147733.103271812,0.9428964985171889,7924390.307379784,0.9243609695189299,6.8
auction,mean,streed,4,20,3,0.008,0.001,0.001,0.9287310583957561,7694057.942654654,30.84835557937622,6581862.04577828,0.9388122682264086,8531080.572288875,0.9190165574275573,6.8
auction,mean,streed,4,20,3,0.008,0.001,0.1,0.9287301119266347,7694159.695043492,30.69587950706482,6582063.709616101,0.9388103996773133,8531031.90149043,0.9190171678785756,6.8
auction,mean,streed,4,20,3,0.008,0.01,0.001,0.9167458543121958,8979210.382959988,30.083579206466673,7126436.20474571,0.9337646189642449,8363238.184212853,0.92085555435563,6.8
auction,mean,streed,4,20,3,0.008,0.01,0.1,0.9167451652774693,8979284.543679515,30.072979354858397,7126678.782597274,0.9337623760953679,8363273.947978439,0.9208553036653917,6.8
auction,mean,streed,4,20,3,0.008,0.1,0.001,0.8956068932023756,11233025.099889413,33.603759384155275,9128501.077003766,0.9151408458617167,10284700.999930864,0.9030981533323359,7.0
auction,mean,streed,4,20,3,0.008,0.1,0.1,0.8956068359450293,11233034.042119374,33.50830793380737,9128637.884330824,0.9151395695976895,10284790.961833961,0.9030973006185319,7.0
auction,mean,streed,4,20,3,0.01,1e-05,0.001,0.9290454522658994,7652976.364527707,30.226000452041625,6140240.3161158785,0.9429667048810731,7926085.371623823,0.9243513086052537,6.8
auction,mean,streed,4,20,3,0.01,1e-05,0.1,0.9290459213201437,7652926.940494144,30.141748189926147,6140274.404260505,0.9429663869064943,7925855.615769187,0.9243536036748233,6.8
auction,mean,streed,4,20,3,0.01,0.0001,0.001,0.9263222773964006,7943835.458063588,30.093446969985962,6147627.310915107,0.9428974810000795,7924525.300353271,0.9243595872904573,6.8
auction,mean,streed,4,20,3,0.01,0.0001,0.1,0.9263232100235494,7943736.6388543695,30.11069369316101,6147733.103271812,0.9428964985171889,7924390.307379784,0.9243609695189299,6.8
auction,mean,streed,4,20,3,0.01,0.001,0.001,0.9229504547230455,8297818.945768391,29.421093654632568,6581862.04577828,0.9388122682264086,8531080.572288875,0.9190165574275573,6.8
auction,mean,streed,4,20,3,0.01,0.001,0.1,0.922950030849613,8297865.966832848,29.46390256881714,6582063.709616101,0.9388103996773133,8531031.90149043,0.9190171678785756,6.8
auction,mean,streed,4,20,3,0.01,0.01,0.001,0.9124011030741759,9431181.932183204,28.101165056228638,7126436.20474571,0.9337646189642449,8363238.184212853,0.92085555435563,6.8
auction,mean,streed,4,20,3,0.01,0.01,0.1,0.9124005889970354,9431237.753675759,28.029347610473632,7126678.782597274,0.9337623760953679,8363273.947978439,0.9208553036653917,6.8
auction,mean,streed,4,20,3,0.01,0.1,0.001,0.8858924717693604,12296173.76890337,32.1527220249176,10379197.956894988,0.9035550487051722,11544784.702833463,0.8911597478272645,5.8
auction,mean,streed,4,20,3,0.01,0.1,0.1,0.8858924813893353,12296174.767987939,32.22094550132751,10379301.134143721,0.9035540873210893,11544823.860220222,0.8911593858972143,5.8
auction,mean,streed,4,20,3,0.03,1e-05,0.001,0.8682092640781187,14208718.385450657,24.577566719055177,13830842.101715868,0.8713699281149703,14155238.41060263,0.8669536426570682,3.0
auction,mean,streed,4,20,3,0.03,1e-05,0.1,0.8682106767922345,14208569.001198625,24.608394575119018,13830845.472284919,0.8713698967811776,14155214.837437198,0.8669540281675339,3.0
auction,mean,streed,4,20,3,0.03,0.0001,0.001,0.8682206594937298,14207482.341267928,24.640309143066407,13831080.467608694,0.8713677130491846,14155453.730781278,0.8669541724397558,3.0
auction,mean,streed,4,20,3,0.03,0.0001,0.1,0.8682220486322743,14207335.472517362,24.616910314559938,13831085.631914372,0.8713676650495561,14155431.948523289,0.8669545409573661,3.0
auction,mean,streed,4,20,3,0.03,0.001,0.001,0.8683095246811474,14197811.445437312,24.59109787940979,13835349.998362426,0.8713280487288355,14159511.661057446,0.8669411760720397,3.0
auction,mean,streed,4,20,3,0.03,0.001,0.1,0.8683108108374779,14197675.619095769,24.62589888572693,13835372.297388509,0.8713278415537646,14159506.462499792,0.8669413867807279,3.0
auction,mean,streed,4,20,3,0.03,0.01,0.001,0.8672282690323314,14311864.688368017,24.333081912994384,14017347.983055752,0.8696377189689393,14340742.642772395,0.8654554776856639,3.0
auction,mean,streed,4,20,3,0.03,0.01,0.1,0.8672276615817841,14311930.831037551,24.311239433288574,14017488.94691059,0.8696364098326235,14340806.029486123,0.8654549957388481,3.0
auction,mean,streed,4,20,3,0.03,0.1,0.001,0.8731829849614663,13672330.831406604,27.541496133804323,13336079.290747065,0.875981834415399,13760350.014333045,0.8708105602152741,4.0
auction,mean,streed,4,20,3,0.03,0.1,0.1,0.8731832757184502,13672302.068687016,27.514579343795777,13336157.566630462,0.8759811069855468,13760388.898062596,0.8708102098925667,4.0
auction,mean,streed,4,20,3,0.05,1e-05,0.001,0.8674159078737382,14286868.46544915,6.824636030197143,13830842.101715868,0.8713699281149703,14155238.41060263,0.8669536426570682,3.0
auction,mean,streed,4,20,3,0.05,1e-05,0.1,0.8674167088847218,14286782.86301133,6.810316133499145,13830845.472284919,0.8713698967811776,14155214.837437198,0.8669540281675339,3.0
auction,mean,streed,4,20,3,0.05,0.0001,0.001,0.8674171030498853,14286689.721526926,6.815552425384522,13831080.467608694,0.8713677130491846,14155453.730781278,0.8669541724397558,3.0
auction,mean,streed,4,20,3,0.05,0.0001,0.1,0.8674178865729137,14286606.000853917,6.801610040664673,13831085.631914372,0.8713676650495561,14155431.948523289,0.8669545409573661,3.0
auction,mean,streed,4,20,3,0.05,0.001,0.001,0.867410190128866,14286943.7598259,6.828146839141846,13835349.998362426,0.8713280487288355,14159511.661057446,0.8669411760720397,3.0
auction,mean,streed,4,20,3,0.05,0.001,0.1,0.8674109280473049,14286865.108511563,6.810681581497192,13835372.297388509,0.8713278415537646,14159506.462499792,0.8669413867807279,3.0
auction,mean,streed,4,20,3,0.05,0.01,0.001,0.8659717747995165,14437526.544183541,6.7810722351074215,14017347.983055752,0.8696377189689393,14340742.642772395,0.8654554776856639,3.0
auction,mean,streed,4,20,3,0.05,0.01,0.1,0.8659711415861613,14437595.263388773,6.789651870727539,14017488.94691059,0.8696364098326235,14340806.029486123,0.8654549957388481,3.0
auction,mean,streed,4,20,3,0.05,0.1,0.001,0.8640271267764407,14619802.155976754,21.64956102371216,13336079.290747065,0.875981834415399,13760350.014333045,0.8708105602152741,4.0
auction,mean,streed,4,20,3,0.05,0.1,0.1,0.8640269294052167,14619823.735676844,21.648287343978883,13336157.566630462,0.8759811069855468,13760388.898062596,0.8708102098925667,4.0
auction,mean,streed,4,20,3,0.08,1e-05,0.001,0.8674159078737382,14286868.46544915,1.6794476509094238,13830842.101715868,0.8713699281149703,14155238.41060263,0.8669536426570682,3.0
auction,mean,streed,4,20,3,0.08,1e-05,0.1,0.8674167088847218,14286782.86301133,1.6859858512878418,13830845.472284919,0.8713698967811776,14155214.837437198,0.8669540281675339,3.0
auction,mean,streed,4,20,3,0.08,0.0001,0.001,0.8674171030498853,14286689.721526926,1.685852575302124,13831080.467608694,0.8713677130491846,14155453.730781278,0.8669541724397558,3.0
auction,mean,streed,4,20,3,0.08,0.0001,0.1,0.8674178865729137,14286606.000853917,1.687923526763916,13831085.631914372,0.8713676650495561,14155431.948523289,0.8669545409573661,3.0
auction,mean,streed,4,20,3,0.08,0.001,0.001,0.867410190128866,14286943.7598259,1.7007246017456055,13835349.998362426,0.8713280487288355,14159511.661057446,0.8669411760720397,3.0
auction,mean,streed,4,20,3,0.08,0.001,0.1,0.8674109280473049,14286865.108511563,1.7023339748382569,13835372.297388509,0.8713278415537646,14159506.462499792,0.8669413867807279,3.0
auction,mean,streed,4,20,3,0.08,0.01,0.001,0.8659717747995165,14437526.544183541,1.7024160385131837,14017347.983055752,0.8696377189689393,14340742.642772395,0.8654554776856639,3.0
auction,mean,streed,4,20,3,0.08,0.01,0.1,0.8659711415861613,14437595.263388773,1.6940851211547852,14017488.94691059,0.8696364098326235,14340806.029486123,0.8654549957388481,3.0
auction,mean,streed,4,20,3,0.08,0.1,0.001,0.8362459712490484,17625193.59741045,6.757463455200195,17244956.225376897,0.8396609387761224,17572259.66479421,0.8359568002129611,3.0
auction,mean,streed,4,20,3,0.08,0.1,0.1,0.8362434319446397,17625468.161963426,6.750554513931275,17245271.12446902,0.8396580126795549,17572520.134666316,0.8359544071512381,3.0
auction,mean,streed,4,20,3,0.1,1e-05,0.001,0.8674159078737382,14286868.46544915,1.6114471435546875,13830842.101715868,0.8713699281149703,14155238.41060263,0.8669536426570682,3.0
auction,mean,streed,4,20,3,0.1,1e-05,0.1,0.8674167088847218,14286782.86301133,1.5966835021972656,13830845.472284919,0.8713698967811776,14155214.837437198,0.8669540281675339,3.0
auction,mean,streed,4,20,3,0.1,0.0001,0.001,0.8674171030498853,14286689.721526926,1.5862152099609375,13831080.467608694,0.8713677130491846,14155453.730781278,0.8669541724397558,3.0
auction,mean,streed,4,20,3,0.1,0.0001,0.1,0.8674178865729137,14286606.000853917,1.5796189785003663,13831085.631914372,0.8713676650495561,14155431.948523289,0.8669545409573661,3.0
auction,mean,streed,4,20,3,0.1,0.001,0.001,0.867410190128866,14286943.7598259,1.5880754470825194,13835349.998362426,0.8713280487288355,14159511.661057446,0.8669411760720397,3.0
auction,mean,streed,4,20,3,0.1,0.001,0.1,0.8674109280473049,14286865.108511563,1.5728854179382323,13835372.297388509,0.8713278415537646,14159506.462499792,0.8669413867807279,3.0
auction,mean,streed,4,20,3,0.1,0.01,0.001,0.8659717747995165,14437526.544183541,1.5704157829284668,14017347.983055752,0.8696377189689393,14340742.642772395,0.8654554776856639,3.0
auction,mean,streed,4,20,3,0.1,0.01,0.1,0.8659711415861613,14437595.263388773,1.5617183208465577,14017488.94691059,0.8696364098326235,14340806.029486123,0.8654549957388481,3.0
auction,mean,streed,4,20,3,0.1,0.1,0.001,0.8362459712490484,17625193.59741045,1.6356134414672852,17244956.225376897,0.8396609387761224,17572259.66479421,0.8359568002129611,3.0
auction,mean,streed,4,20,3,0.1,0.1,0.1,0.8362434319446397,17625468.161963426,1.622458553314209,17245271.12446902,0.8396580126795549,17572520.134666316,0.8359544071512381,3.0
auction,std,streed,4,20,3,0.0001,1e-05,0.001,0.006128958018521782,786165.0749970652,20.795833027585754,167919.19190865464,0.0012168237155497981,442958.2923337642,0.007637515828863771,1.4832396974191326
auction,std,streed,4,20,3,0.0001,1e-05,0.1,0.006128640516705763,786150.6696938407,20.92888088802404,167936.25254256447,0.0012168754791487232,442927.8273094708,0.007638454382673343,1.4832396974191326
auction,std,streed,4,20,3,0.0001,0.0001,0.001,0.006395565418321519,861428.9523270378,21.004441752392808,164137.677356953,0.0011696001984885702,448851.6524100861,0.007618821140026168,1.6733200530681511
auction,std,streed,4,20,3,0.0001,0.0001,0.1,0.00639533690029165,861406.7606895246,21.06538288451762,164138.16236663505,0.0011694462411233235,448861.52360376157,0.007618915394158966,1.6733200530681511
auction,std,streed,4,20,3,0.0001,0.001,0.001,0.005198317792523291,730684.82651176,20.819672985574655,257960.42885141738,0.001344730545873323,1056244.498270938,0.014151636355544209,1.7888543819998317
auction,std,streed,4,20,3,0.0001,0.001,0.1,0.005198954809330341,730718.0539498241,20.822596646558146,257882.6389504555,0.001343993888052032,1056088.1166169657,0.014149192756400739,1.7888543819998317
auction,std,streed,4,20,3,0.0001,0.01,0.001,0.00585796131232955,739614.8451148641,20.21772106577589,264549.9112785975,0.002936176857182708,1098421.4914894074,0.012349509753720607,0.0
auction,std,streed,4,20,3,0.0001,0.01,0.1,0.005857897398810502,739608.6982809908,20.15736564350258,264542.0119688775,0.0029360792237632188,1098471.353278801,0.012349071124358953,0.0
auction,std,streed,4,20,3,0.0001,0.1,0.001,0.008136525565278023,932200.3972062125,21.853825718337404,289957.6153214338,0.0022380297511047807,1420425.1688567514,0.020266239558562188,0.0
auction,std,streed,4,20,3,0.0001,0.1,0.1,0.00813640587115072,932197.2521253407,21.71166017561862,289946.8155747556,0.0022380473633848252,1420495.1730594055,0.020266969538149562,0.0
auction,std,streed,4,20,3,0.0005,1e-05,0.001,0.0060657022603926814,780143.2559372678,20.468202331988394,219587.6112669612,0.0015262711833633597,681284.8691021644,0.005017201694577364,1.0954451150103324
auction,std,streed,4,20,3,0.0005,1e-05,0.1,0.0060654066618321505,780130.8193229312,21.34635628848256,219597.76494220932,0.001526302585182538,681309.8005145447,0.005017954568097027,1.0954451150103324
auction,std,streed,4,20,3,0.0005,0.0001,0.001,0.006429146876024205,864098.3629674619,20.4293037702157,224569.94036177985,0.0016926187320426267,665636.6627527127,0.005306291569655424,1.224744871391589
auction,std,streed,4,20,3,0.0005,0.0001,0.1,0.006428887041417232,864073.5580912502,20.540523049281283,224574.03831780568,0.0016926006980428766,665687.1197165337,0.005307172158071295,1.224744871391589
auction,std,streed,4,20,3,0.0005,0.001,0.001,0.005102884515039704,720620.5653416128,20.35040663671498,254780.37092221118,0.0018188490639169978,857667.0773017074,0.012066736135923465,1.6431676725154984
auction,std,streed,4,20,3,0.0005,0.001,0.1,0.005103201015146586,720626.1713655677,20.372280904371962,254717.2249584418,0.0018182164864671397,857495.6926653462,0.012064016349196717,1.6431676725154984
auction,std,streed,4,20,3,0.0005,0.01,0.001,0.005745447507340044,714542.4866507776,19.768806707080756,265075.1980427187,0.0029447784993901793,1100101.7180962614,0.012384502952264514,0.0
auction,std,streed,4,20,3,0.0005,0.01,0.1,0.005745422378324513,714544.9737799173,19.776328658630497,265067.2239772524,0.002944679457487054,1100149.3482095345,0.012383999839543037,0.0
auction,std,streed,4,20,3,0.0005,0.1,0.001,0.008153870871771374,933489.8409157414,21.383472140860945,289869.70867593325,0.002240971110837068,1422206.551413032,0.02029440828639996,0.0
auction,std,streed,4,20,3,0.0005,0.1,0.1,0.008153741207834877,933485.817047551,21.258713955152167,289859.05272712786,0.0022409862753979453,1422274.2084524035,0.020295101223557804,0.0
auction,std,streed,4,20,3,0.001,1e-05,0.001,0.006108191648598799,784732.9422531609,20.271590232221754,177348.44238710217,0.001269233925065955,652901.285939942,0.004616215545908884,0.44721359549995815
auction,std,streed,4,20,3,0.001,1e-05,0.1,0.006107885118682426,784719.5801557404,20.301298662925003,177355.49285876905,0.0012692213326981126,652960.5093767017,0.004617448927824789,0.44721359549995815
auction,std,streed,4,20,3,0.001,0.0001,0.001,0.006356227100066411,858720.155774187,20.202216204414423,160943.23323580038,0.00099403084294968,548445.5038136124,0.0032705243923431054,0.0
auction,std,streed,4,20,3,0.001,0.0001,0.1,0.006355952735106131,858693.8709028347,20.16961752403948,160940.8170641987,0.0009938960731123024,548438.1689814547,0.0032708148041378105,0.0
auction,std,streed,4,20,3,0.001,0.001,0.001,0.004949012219536633,712663.0508981309,20.252507795633218,275294.4275796888,0.0019939377707362672,857252.1670401702,0.011995886107163668,1.9493588689617927
auction,std,streed,4,20,3,0.001,0.001,0.1,0.004948505076762469,712604.6615437488,20.132638172561627,275237.7431485102,0.001993268479631927,857088.2286447337,0.011993142051637666,1.9493588689617927
auction,std,streed,4,20,3,0.001,0.01,0.001,0.005743052941151294,710387.571838979,19.264041213549856,265075.1980427187,0.0029447784993901793,1100101.7180962614,0.012384502952264514,0.0
auction,std,streed,4,20,3,0.001,0.01,0.1,0.005743026213014894,710388.6881136148,19.296224141129187,265067.2239772524,0.002944679457487054,1100149.3482095345,0.012383999839543037,0.0
auction,std,streed,4,20,3,0.001,0.1,0.001,0.008153870871771374,933489.8409157414,20.725506219620133,289869.70867593325,0.002240971110837068,1422206.551413032,0.02029440828639996,0.0
auction,std,streed,4,20,3,0.001,0.1,0.1,0.008153741207834877,933485.817047551,20.424182962562984,289859.05272712786,0.0022409862753979453,1422274.2084524035,0.020295101223557804,0.0
auction,std,streed,4,20,3,0.003,1e-05,0.001,0.006264211000570914,813710.6232709392,18.631750176207046,231077.17239665205,0.0017024687017514286,555630.7340339919,0.003219292609142809,0.44721359549995787
auction,std,streed,4,20,3,0.003,1e-05,0.1,0.0062640743760378785,813707.3141961609,18.627091760718365,231080.68022908864,0.0017024358507818354,555583.4987592216,0.0032190563331790808,0.44721359549995787
auction,std,streed,4,20,3,0.003,0.0001,0.001,0.0070197752433301215,928765.5898614809,18.562464655263355,230995.61612379327,0.0016921709597595713,544076.6751939458,0.003392355413521086,0.44721359549995787
auction,std,streed,4,20,3,0.003,0.0001,0.1,0.007019238440473573,928713.5340558672,18.502211768027585,231019.3825097279,0.001692143622594661,543954.3886169903,0.0033919713596630837,0.44721359549995787
auction,std,streed,4,20,3,0.003,0.001,0.001,0.005251656118827123,749991.6713225222,18.40990012819272,210126.2844885267,0.0027152984965994396,736208.4315753033,0.011379900103644758,0.0
auction,std,streed,4,20,3,0.003,0.001,0.1,0.005250858828423917,749908.4372432567,18.4154190157477,209928.3449744385,0.002713846333411175,736078.4742422738,0.011377567243365307,0.0
auction,std,streed,4,20,3,0.003,0.01,0.001,0.005790920039685971,603256.379242662,17.833826840672504,248695.38270079458,0.0028377820945392914,1102059.931399971,0.012269873710938177,0.0
auction,std,streed,4,20,3,0.003,0.01,0.1,0.005790992516717635,603256.3684540029,17.762362317808723,248692.74984288402,0.002837720803539403,1102086.3808524283,0.012269134448460029,0.0
auction,std,streed,4,20,3,0.003,0.1,0.001,0.008126318171065204,930234.9103610395,19.46375901747655,288774.0892253542,0.002223342492942697,1413355.4512532735,0.020331740779187722,0.0
auction,std,streed,4,20,3,0.003,0.1,0.1,0.008126063999523326,930221.2668820153,19.618662899628653,288762.99822593835,0.0022233547418866483,1413414.8209221626,0.02033234982954163,0.0
auction,std,streed,4,20,3,0.005,1e-05,0.001,0.006275991445974313,813666.4977540916,17.4061570084145,121058.99607080076,0.0006779037880122084,578782.4006095767,0.0029709819358498105,0.0
auction,std,streed,4,20,3,0.005,1e-05,0.1,0.006275879905579933,813662.7952530091,17.536066534028016,121071.18261305039,0.000677905288161348,578811.0101734948,0.002971679836454848,0.0
auction,std,streed,4,20,3,0.005,0.0001,0.001,0.007009924869740203,926773.5818333114,17.467976578831642,122955.78389400779,0.0006806695692601383,575463.6045445832,0.003264648115104019,0.0
auction,std,streed,4,20,3,0.005,0.0001,0.1,0.007009372924952152,926718.311926111,17.448334999444224,123011.72097540234,0.0006807429149586002,575414.7797290587,0.003265055969376947,0.0
auction,std,streed,4,20,3,0.005,0.001,0.001,0.008290893763158998,970322.3417447904,17.22942746424687,307457.38263965794,0.0027769570662405326,1957637.1568338005,0.026281533929280523,0.44721359549995787
auction,std,streed,4,20,3,0.005,0.001,0.1,0.008289291763955058,970161.4049605515,17.183764746761085,307285.38972059876,0.0027751369652012333,1957353.7197323272,0.026278500459939305,0.44721359549995787
auction,std,streed,4,20,3,0.005,0.01,0.001,0.0052826483529900175,564903.2809223761,16.65738537559193,248695.38270079458,0.0028377820945392914,1102059.931399971,0.012269873710938177,0.0
auction,std,streed,4,20,3,0.005,0.01,0.1,0.00528255510228133,564891.9728683991,16.788978437006325,248692.74984288402,0.002837720803539403,1102086.3808524283,0.012269134448460029,0.0
auction,std,streed,4,20,3,0.005,0.1,0.001,0.008126318171065204,930234.9103610395,18.498212907612952,288774.0892253542,0.002223342492942697,1413355.4512532735,0.020331740779187722,0.0
auction,std,streed,4,20,3,0.005,0.1,0.1,0.008126063999523326,930221.2668820153,18.50209445092613,288762.99822593835,0.0022233547418866483,1413414.8209221626,0.02033234982954163,0.0
auction,std,streed,4,20,3,0.008,1e-05,0.001,0.009722634264473829,1075348.5271679363,16.07399544035502,467349.7245168117,0.0032895592966756776,2296378.489420771,0.029927053462202573,0.44721359549995787
auction,std,streed,4,20,3,0.008,1e-05,0.1,0.00972166500701855,1075261.903315437,16.068275842099386,467340.76038384705,0.003289471037735663,2296118.620474736,0.029924199600001287,0.44721359549995787
auction,std,streed,4,20,3,0.008,0.0001,0.001,0.009530808173103391,1090801.058251702,15.864072464854354,463323.9161516331,0.0032527868655070134,2291700.3076359057,0.029890910878438322,0.44721359549995787
auction,std,streed,4,20,3,0.008,0.0001,0.1,0.009529682548322033,1090692.9627932017,16.02285871033053,463332.2453548823,0.0032528432727693276,2291502.4451411255,0.029888732229741238,0.44721359549995787
auction,std,streed,4,20,3,0.008,0.001,0.001,0.007440465378422069,860696.9088177865,15.473194941169476,307457.38263965794,0.0027769570662405326,1957637.1568338005,0.026281533929280523,0.44721359549995787
auction,std,streed,4,20,3,0.008,0.001,0.1,0.007438327333958078,860478.201802688,15.342049899912348,307285.38972059876,0.0027751369652012333,1957353.7197323272,0.026278500459939305,0.44721359549995787
auction,std,streed,4,20,3,0.008,0.01,0.001,0.005073184152250755,579391.5726950947,15.028316087022644,258982.7277929471,0.0016908549909863213,1957703.843727616,0.024872179065028064,0.44721359549995787
auction,std,streed,4,20,3,0.008,0.01,0.1,0.00507335238870297,579400.0385615185,14.965148698582775,259041.29579772835,0.0016909838768216863,1957636.1370323496,0.02487117800100478,0.44721359549995787
auction,std,streed,4,20,3,0.008,0.1,0.001,0.008476644089099246,982447.8690167132,17.16852056843221,277941.2701063872,0.0022961442616308116,1426220.2183665168,0.020598216651314113,0.0
auction,std,streed,4,20,3,0.008,0.1,0.1,0.008476454962804351,982436.7236073754,17.143272742692595,277932.084977023,0.002296247622562093,1426221.0546328896,0.02059836313670557,0.0
auction,std,streed,4,20,3,0.01,1e-05,0.001,0.009246331897446081,1054516.8225880095,15.04703822248861,467349.7245168117,0.0032895592966756776,2296378.489420771,0.029927053462202573,0.44721359549995787
auction,std,streed,4,20,3,0.01,1e-05,0.1,0.009245496869447681,1054445.5010069273,15.065314552691193,467340.76038384705,0.003289471037735663,2296118.620474736,0.029924199600001287,0.44721359549995787
auction,std,streed,4,20,3,0.01,0.0001,0.001,0.008660957576800845,1038949.318975833,15.077947138895292,463323.9161516331,0.0032527868655070134,2291700.3076359057,0.029890910878438322,0.44721359549995787
auction,std,streed,4,20,3,0.01,0.0001,0.1,0.008660176092296367,1038875.8427244065,15.065554141364654,463332.2453548823,0.0032528432727693276,2291502.4451411255,0.029888732229741238,0.44721359549995787
auction,std,streed,4,20,3,0.01,0.001,0.001,0.006973890422009164,841384.0903402525,14.671774393293319,307457.38263965794,0.0027769570662405326,1957637.1568338005,0.026281533929280523,0.44721359549995787
auction,std,streed,4,20,3,0.01,0.001,0.1,0.006973305074406968,841318.6594749246,14.737892206579737,307285.38972059876,0.0027751369652012333,1957353.7197323272,0.026278500459939305,0.44721359549995787
auction,std,streed,4,20,3,0.01,0.01,0.001,0.007654493460305779,931673.1855549925,14.201382212949312,258982.7277929471,0.0016908549909863213,1957703.843727616,0.024872179065028064,0.44721359549995787
auction,std,streed,4,20,3,0.01,0.01,0.1,0.007654356439960512,931654.692215775,14.177062003966363,259041.29579772835,0.0016909838768216863,1957636.1370323496,0.02487117800100478,0.44721359549995787
auction,std,streed,4,20,3,0.01,0.1,0.001,0.006379023725974171,713865.2914126042,16.3828316903581,489252.2961453224,0.0029308278616899325,1578858.5475102533,0.023484392106084145,0.44721359549995787
auction,std,streed,4,20,3,0.01,0.1,0.1,0.006379064456234033,713878.2226205899,16.464336758708747,489238.2857027386,0.002930701554410632,1578834.9783753152,0.023484226812051878,0.44721359549995787
auction,std,streed,4,20,3,0.03,1e-05,0.001,0.005270033054245978,423105.5127815994,12.279351483398672,433917.5346101047,0.005584717898016771,1694261.2680302276,0.023500796633197905,0.0
auction,std,streed,4,20,3,0.03,1e-05,0.1,0.005270009349932794,423149.0800971254,12.35463294643819,433918.1709817753,0.005584722670997607,1693953.7089020782,0.023497600523598547,0.0
auction,std,streed,4,20,3,0.03,0.0001,0.001,0.005272304922716528,423879.75346456544,12.387487474248474,433928.8276759975,0.005584798959799595,1690133.3309048056,0.023454415165855398,0.0
auction,std,streed,4,20,3,0.03,0.0001,0.1,0.005272282536932798,423923.17071952973,12.41648084538618,433929.4227349395,0.005584803348589075,1689826.4570610614,0.023451225045203066,0.0
auction,std,streed,4,20,3,0.03,0.001,0.001,0.005294284346532591,431217.8818535692,12.374155625980654,433952.1827621612,0.005584663499987941,1649847.0217091653,0.023000682978767617,0.0
auction,std,streed,4,20,3,0.03,0.001,0.1,0.005294431055563443,431272.8953370394,12.338973029472342,433952.7490241385,0.005584666035066507,1649545.921380342,0.022997548079955136,0.0
auction,std,streed,4,20,3,0.03,0.01,0.001,0.005318895171897451,450070.15625701594,12.186605715680473,427310.47956807277,0.00551108425215798,1334429.6563457786,0.019308438572939544,0.0
auction,std,streed,4,20,3,0.03,0.01,0.1,0.0053189681598716475,450098.1972368295,12.178287764625072,427306.576629615,0.0055110337263517845,1334229.886398259,0.019306272499833407,0.0
auction,std,streed,4,20,3,0.03,0.1,0.001,0.00698215881826382,712933.8769148204,13.920669851110691,343202.6185310522,0.004572761712458373,1390023.2018634973,0.02001642168316792,0.0
auction,std,streed,4,20,3,0.03,0.1,0.1,0.0069820891875326556,712942.3489211677,13.901710759069141,343202.099542811,0.004572755769423365,1389995.3986948892,0.020016200374033784,0.0
auction,std,streed,4,20,3,0.05,1e-05,0.001,0.006273603935244098,505912.65169925,3.419990451018304,433917.5346101047,0.005584717898016771,1694261.2680302276,0.023500796633197905,0.0
auction,std,streed,4,20,3,0.05,1e-05,0.1,0.006273346793999245,505886.0125521095,3.41768005822029,433918.1709817753,0.005584722670997607,1693953.7089020782,0.023497600523598547,0.0
auction,std,streed,4,20,3,0.05,0.0001,0.001,0.006274769294527063,505915.405021294,3.429344813404615,433928.8276759975,0.005584798959799595,1690133.3309048056,0.023454415165855398,0.0
auction,std,streed,4,20,3,0.05,0.0001,0.1,0.006274510780713997,505888.6552243722,3.4236759476730514,433929.4227349395,0.005584803348589075,1689826.4570610614,0.023451225045203066,0.0
auction,std,streed,4,20,3,0.05,0.001,0.001,0.006284837152589672,505816.77081301337,3.4454276225756058,433952.1827621612,0.005584663499987941,1649847.0217091653,0.023000682978767617,0.0
auction,std,streed,4,20,3,0.05,0.001,0.1,0.006284728812637469,505804.22440112836,3.4309749422305096,433952.7490241385,0.005584666035066507,1649545.921380342,0.022997548079955136,0.0
auction,std,streed,4,20,3,0.05,0.01,0.001,0.006310384603735031,498170.8857805243,3.3863875856629795,427310.47956807277,0.00551108425215798,1334429.6563457786,0.019308438572939544,0.0
auction,std,streed,4,20,3,0.05,0.01,0.1,0.006310242163822695,498163.3573925609,3.4073622453671257,427306.576629615,0.0055110337263517845,1334229.886398259,0.019306272499833407,0.0
auction,std,streed,4,20,3,0.05,0.1,0.001,0.014331940937843997,1358344.214848387,10.965008779564856,343202.6185310522,0.004572761712458373,1390023.2018634973,0.02001642168316792,0.0
auction,std,streed,4,20,3,0.05,0.1,0.1,0.014332374807866343,1358396.0330382788,10.939127178038891,343202.099542811,0.004572755769423365,1389995.3986948892,0.020016200374033784,0.0
auction,std,streed,4,20,3,0.08,1e-05,0.001,0.006273603935244098,505912.65169925,0.8499621097716752,433917.5346101047,0.005584717898016771,1694261.2680302276,0.023500796633197905,0.0
auction,std,streed,4,20,3,0.08,1e-05,0.1,0.006273346793999245,505886.0125521095,0.8487227494167248,433918.1709817753,0.005584722670997607,1693953.7089020782,0.023497600523598547,0.0
auction,std,streed,4,20,3,0.08,0.0001,0.001,0.006274769294527063,505915.405021294,0.8489591473886384,433928.8276759975,0.005584798959799595,1690133.3309048056,0.023454415165855398,0.0
auction,std,streed,4,20,3,0.08,0.0001,0.1,0.006274510780713997,505888.6552243722,0.8433867995624146,433929.4227349395,0.005584803348589075,1689826.4570610614,0.023451225045203066,0.0
auction,std,streed,4,20,3,0.08,0.001,0.001,0.006284837152589672,505816.77081301337,0.8601585634633544,433952.1827621612,0.005584663499987941,1649847.0217091653,0.023000682978767617,0.0
auction,std,streed,4,20,3,0.08,0.001,0.1,0.006284728812637469,505804.22440112836,0.8619033148402789,433952.7490241385,0.005584666035066507,1649545.921380342,0.022997548079955136,0.0
auction,std,streed,4,20,3,0.08,0.01,0.001,0.006310384603735031,498170.8857805243,0.857238538720534,427310.47956807277,0.00551108425215798,1334429.6563457786,0.019308438572939544,0.0
auction,std,streed,4,20,3,0.08,0.01,0.1,0.006310242163822695,498163.3573925609,0.8526663103204861,427306.576629615,0.0055110337263517845,1334229.886398259,0.019306272499833407,0.0
auction,std,streed,4,20,3,0.08,0.1,0.001,0.004591582040328896,334790.2938853978,3.3737104462134324,317286.8445425817,0.00386289589273218,1271517.474316699,0.010421137663374548,0.0
auction,std,streed,4,20,3,0.08,0.1,0.1,0.0045913967983567654,334799.69169322477,3.364346411840813,317287.94179107144,0.003862842662013434,1271569.5054088363,0.010420854231411545,0.0
auction,std,streed,4,20,3,0.1,1e-05,0.001,0.006273603935244098,505912.65169925,0.7744133333989631,433917.5346101047,0.005584717898016771,1694261.2680302276,0.023500796633197905,0.0
auction,std,streed,4,20,3,0.1,1e-05,0.1,0.006273346793999245,505886.0125521095,0.7910699657076238,433918.1709817753,0.005584722670997607,1693953.7089020782,0.023497600523598547,0.0
auction,std,streed,4,20,3,0.1,0.0001,0.001,0.006274769294527063,505915.405021294,0.7822793514601888,433928.8276759975,0.005584798959799595,1690133.3309048056,0.023454415165855398,0.0
auction,std,streed,4,20,3,0.1,0.0001,0.1,0.006274510780713997,505888.6552243722,0.7870575313669033,433929.4227349395,0.005584803348589075,1689826.4570610614,0.023451225045203066,0.0
auction,std,streed,4,20,3,0.1,0.001,0.001,0.006284837152589672,505816.77081301337,0.793422037895212,433952.1827621612,0.005584663499987941,1649847.0217091653,0.023000682978767617,0.0
auction,std,streed,4,20,3,0.1,0.001,0.1,0.006284728812637469,505804.22440112836,0.785196062015819,433952.7490241385,0.005584666035066507,1649545.921380342,0.022997548079955136,0.0
auction,std,streed,4,20,3,0.1,0.01,0.001,0.006310384603735031,498170.8857805243,0.7829343557919233,427310.47956807277,0.00551108425215798,1334429.6563457786,0.019308438572939544,0.0
auction,std,streed,4,20,3,0.1,0.01,0.1,0.006310242163822695,498163.3573925609,0.776432626974674,427306.576629615,0.0055110337263517845,1334229.886398259,0.019306272499833407,0.0
auction,std,streed,4,20,3,0.1,0.1,0.001,0.004591582040328896,334790.2938853978,0.8262840154654717,317286.8445425817,0.00386289589273218,1271517.474316699,0.010421137663374548,0.0
auction,std,streed,4,20,3,0.1,0.1,0.1,0.0045913967983567654,334799.69169322477,0.8252872165726265,317287.94179107144,0.003862842662013434,1271569.5054088363,0.010420854231411545,0.0
auction,best_by_mean_val_r2,streed,4,20,3,0.0001,1e-05,0.1,0.9380398391494247,6682024.20589751,39.94891266822815,5576324.575928772,0.948165063591806,6650891.824350255,0.9376298494566851,12.2
