dataset,outer,method,depth,n_thresholds,cv_folds,cost_complexity,ridge_penalty,lasso_penalty,val_r2,val_mse,train_time_s,train_mse,train_r2,test_mse,test_r2,n_leaves
synch,outer_0,streed,4,20,3,0.1,0.1,0.1,0.55433714521465,0.0142487786556592,42.45411276817322,0.0150055015797369,0.5340610427491821,0.0146275267489634,0.5595617909575044,2.0
synch,outer_0,streed,4,20,3,0.1,0.1,0.001,0.9743147407332572,0.0008321390688108,0.0050785541534423,0.0008045166636595,0.975018785385846,0.0008146815187236,0.97546975129804,1.0
synch,outer_0,streed,4,20,3,0.1,0.01,0.1,0.5682772940861911,0.013783019390424,42.63873505592346,0.0144906581975408,0.5500475519220491,0.0141515740777615,0.5738928358218058,2.0
synch,outer_0,streed,4,20,3,0.1,0.01,0.001,0.986668465478836,0.0004303851839828,0.0053150653839111,0.0004084383599347,0.9873174953520903,0.0004027483166681,0.9878731551592768,1.0
synch,outer_0,streed,4,20,3,0.1,0.001,0.1,0.5698362645576508,0.0137309084027468,42.37588286399841,0.0144322598649367,0.5518608907200994,0.0140976351898812,0.5755169481945568,2.0
synch,outer_0,streed,4,20,3,0.1,0.001,0.001,0.9905043693579124,0.0003065639399785,0.0054740905761718,0.0002887955140273,0.9910325502983314,0.0002837364308434,0.9914566305305405,1.0
synch,outer_0,streed,4,20,3,0.1,0.0001,0.1,0.5699946740206902,0.01372561332744,42.43534207344055,0.0144263415451137,0.5520446617025185,0.014092169335091,0.5756815263447808,2.0
synch,outer_0,streed,4,20,3,0.1,0.0001,0.001,0.9906497837182416,0.000301840648582,0.0055987834930419,0.0002842184091902,0.9911746749346644,0.0002790841134634,0.9915967128814336,1.0
synch,outer_0,streed,4,20,3,0.1,1e-05,0.1,0.5700105408766094,0.0137250829540562,42.483871936798096,0.014425748917664,0.5520630635009849,0.0140916220202809,0.5756980061201283,2.0
synch,outer_0,streed,4,20,3,0.1,1e-05,0.001,0.9906644148049608,0.0003013654346465,0.0057008266448974,0.0002837580770443,0.9911889688040773,0.0002786164413191,0.9916107945977202,1.0
synch,outer_0,streed,4,20,3,0.08,0.1,0.1,0.55433714521465,0.0142487786556592,51.58561038970947,0.0150055015797369,0.5340610427491821,0.0146275267489634,0.5595617909575044,2.0
synch,outer_0,streed,4,20,3,0.08,0.1,0.001,0.9743147407332572,0.0008321390688108,0.0057706832885742,0.0008045166636595,0.975018785385846,0.0008146815187236,0.97546975129804,1.0
synch,outer_0,streed,4,20,3,0.08,0.01,0.1,0.5682772940861911,0.013783019390424,51.58595371246338,0.0144906581975408,0.5500475519220491,0.0141515740777615,0.5738928358218058,2.0
synch,outer_0,streed,4,20,3,0.08,0.01,0.001,0.986668465478836,0.0004303851839828,0.0058944225311279,0.0004084383599347,0.9873174953520903,0.0004027483166681,0.9878731551592768,1.0
synch,outer_0,streed,4,20,3,0.08,0.001,0.1,0.5698362645576508,0.0137309084027468,51.25976157188416,0.0144322598649367,0.5518608907200994,0.0140976351898812,0.5755169481945568,2.0
synch,outer_0,streed,4,20,3,0.08,0.001,0.001,0.9905043693579124,0.0003065639399785,0.0055422782897949,0.0002887955140273,0.9910325502983314,0.0002837364308434,0.9914566305305405,1.0
synch,outer_0,streed,4,20,3,0.08,0.0001,0.1,0.5699946740206902,0.01372561332744,51.59005570411682,0.0144263415451137,0.5520446617025185,0.014092169335091,0.5756815263447808,2.0
synch,outer_0,streed,4,20,3,0.08,0.0001,0.001,0.9906497837182416,0.000301840648582,0.0057699680328369,0.0002842184091902,0.9911746749346644,0.0002790841134634,0.9915967128814336,1.0
synch,outer_0,streed,4,20,3,0.08,1e-05,0.1,0.5700105408766094,0.0137250829540562,51.66897749900818,0.014425748917664,0.5520630635009849,0.0140916220202809,0.5756980061201283,2.0
synch,outer_0,streed,4,20,3,0.08,1e-05,0.001,0.9906644148049608,0.0003013654346465,0.0060110092163085,0.0002837580770443,0.9911889688040773,0.0002786164413191,0.9916107945977202,1.0
synch,outer_0,streed,4,20,3,0.05,0.1,0.1,0.5260162817856529,0.0151840868771071,52.40536952018738,0.0150055015797369,0.5340610427491821,0.0146275267489634,0.5595617909575044,2.0
synch,outer_0,streed,4,20,3,0.05,0.1,0.001,0.9743147407332572,0.0008321390688108,0.0071289539337158,0.0008045166636595,0.975018785385846,0.0008146815187236,0.97546975129804,1.0
synch,outer_0,streed,4,20,3,0.05,0.01,0.1,0.5380851876116982,0.014780126186946,52.25775957107544,0.0144906581975408,0.5500475519220491,0.0141515740777615,0.5738928358218058,2.0
synch,outer_0,streed,4,20,3,0.05,0.01,0.001,0.986668465478836,0.0004303851839828,0.0060114860534667,0.0004084383599347,0.9873174953520903,0.0004027483166681,0.9878731551592768,1.0
synch,outer_0,streed,4,20,3,0.05,0.001,0.1,0.5394517198362655,0.0147343705519186,52.32887005805969,0.0144322598649367,0.5518608907200994,0.0140976351898812,0.5755169481945568,2.0
synch,outer_0,streed,4,20,3,0.05,0.001,0.001,0.9905043693579124,0.0003065639399785,0.0059695243835449,0.0002887955140273,0.9910325502983314,0.0002837364308434,0.9914566305305405,1.0
synch,outer_0,streed,4,20,3,0.05,0.0001,0.1,0.5395903701337036,0.0147297280312234,51.56512093544006,0.0144263415451137,0.5520446617025185,0.014092169335091,0.5756815263447808,2.0
synch,outer_0,streed,4,20,3,0.05,0.0001,0.001,0.9906497837182416,0.000301840648582,0.0052907466888427,0.0002842184091902,0.9911746749346644,0.0002790841134634,0.9915967128814336,1.0
synch,outer_0,streed,4,20,3,0.05,1e-05,0.1,0.5396042556712943,0.0147292630916964,49.23271536827088,0.014425748917664,0.5520630635009849,0.0140916220202809,0.5756980061201283,2.0
synch,outer_0,streed,4,20,3,0.05,1e-05,0.001,0.9906644148049608,0.0003013654346465,0.005239725112915,0.0002837580770443,0.9911889688040773,0.0002786164413191,0.9916107945977202,1.0
synch,outer_0,streed,4,20,3,0.03,0.1,0.1,0.5306524014859444,0.0150519674685258,50.10633134841919,0.0150055015797369,0.5340610427491821,0.0146275267489634,0.5595617909575044,2.0
synch,outer_0,streed,4,20,3,0.03,0.1,0.001,0.9743147407332572,0.0008321390688108,0.0575447082519531,0.0008045166636595,0.975018785385846,0.0008146815187236,0.97546975129804,1.0
synch,outer_0,streed,4,20,3,0.03,0.01,0.1,0.5420737035306027,0.0146664620888664,50.130436182022095,0.0144906581975408,0.5500475519220491,0.0141515740777615,0.5738928358218058,2.0
synch,outer_0,streed,4,20,3,0.03,0.01,0.001,0.986668465478836,0.0004303851839828,0.0065226554870605,0.0004084383599347,0.9873174953520903,0.0004027483166681,0.9878731551592768,1.0
synch,outer_0,streed,4,20,3,0.03,0.001,0.1,0.5433688581942909,0.01462274056032,50.08879232406616,0.0144322598649367,0.5518608907200994,0.0140976351898812,0.5755169481945568,2.0
synch,outer_0,streed,4,20,3,0.03,0.001,0.001,0.9905043693579124,0.0003065639399785,0.0053577423095703,0.0002887955140273,0.9910325502983314,0.0002837364308434,0.9914566305305405,1.0
synch,outer_0,streed,4,20,3,0.03,0.0001,0.1,0.5435002963095582,0.0146183035712557,50.08043336868286,0.0144263415451137,0.5520446617025185,0.014092169335091,0.5756815263447808,2.0
synch,outer_0,streed,4,20,3,0.03,0.0001,0.001,0.9906497837182416,0.000301840648582,0.0053470134735107,0.0002842184091902,0.9911746749346644,0.0002790841134634,0.9915967128814336,1.0
synch,outer_0,streed,4,20,3,0.03,1e-05,0.1,0.5435134598752018,0.0146178592063715,50.28927183151245,0.014425748917664,0.5520630635009849,0.0140916220202809,0.5756980061201283,2.0
synch,outer_0,streed,4,20,3,0.03,1e-05,0.001,0.9906644148049608,0.0003013654346465,0.005397081375122,0.0002837580770443,0.9911889688040773,0.0002786164413191,0.9916107945977202,1.0
synch,outer_0,streed,4,20,3,0.01,0.1,0.1,0.5185393489908473,0.015474609137152,49.35323739051819,0.0158586052162286,0.5075711439143045,0.0157149335922444,0.5268197197396778,3.0
synch,outer_0,streed,4,20,3,0.01,0.1,0.001,0.97635484463164,0.0007502930079054,24.164955854415894,0.0006658204334205,0.979325470940392,0.000902734049568,0.97281846925615,3.0
synch,outer_0,streed,4,20,3,0.01,0.01,0.1,0.5272538978101986,0.0151835462359815,49.41960310935974,0.0157091597075602,0.512211607553906,0.0155738479268769,0.5310678417115224,3.0
synch,outer_0,streed,4,20,3,0.01,0.01,0.001,0.9914540909472876,0.0002723379247022,0.8650147914886475,0.0004084383599347,0.9873174953520903,0.0004027483166681,0.9878731551592768,1.0
synch,outer_0,streed,4,20,3,0.01,0.001,0.1,0.5282432881809856,0.0151504932594793,49.294363260269165,0.015692720426619,0.5127220670929638,0.0155581405131269,0.5315407955675966,3.0
synch,outer_0,streed,4,20,3,0.01,0.001,0.001,0.9905043693579124,0.0003065639399785,0.0488522052764892,0.0002887955140273,0.9910325502983314,0.0002837364308434,0.9914566305305405,1.0
synch,outer_0,streed,4,20,3,0.01,0.0001,0.1,0.5283437609449474,0.015147136695663,49.36205863952637,0.0156910583946494,0.512773675194079,0.0155565502686862,0.5315886781950159,3.0
synch,outer_0,streed,4,20,3,0.01,0.0001,0.001,0.994511243446483,0.0001743143448848,0.0472581386566162,0.0002842184091902,0.9911746749346644,0.0002790841134634,0.9915967128814336,1.0
synch,outer_0,streed,4,20,3,0.01,1e-05,0.1,0.5283538240454573,0.0151468005104269,49.27536225318909,0.0156908920064173,0.5127788417497565,0.0155563910447853,0.5315934724634489,3.0
synch,outer_0,streed,4,20,3,0.01,1e-05,0.001,0.9945239339791772,0.0001739032185481,0.0465519428253173,0.0002837580770443,0.9911889688040773,0.0002786164413191,0.9916107945977202,1.0
synch,outer_0,streed,4,20,3,0.008,0.1,0.1,0.5185393489908473,0.015474609137152,51.575791120529175,0.0158586052162286,0.5075711439143045,0.0157149335922444,0.5268197197396778,3.0
synch,outer_0,streed,4,20,3,0.008,0.1,0.001,0.9782337917532676,0.0006919900814767,30.75378799438477,0.0006112254242106,0.9810207119509764,0.0007532812608546,0.9773185272445604,4.0
synch,outer_0,streed,4,20,3,0.008,0.01,0.1,0.5272538978101986,0.0151835462359815,49.36977458000183,0.0157091597075602,0.512211607553906,0.0155738479268769,0.5310678417115224,3.0
synch,outer_0,streed,4,20,3,0.008,0.01,0.001,0.9964818820538972,0.0001108165651752,1.0337584018707275,9.927663580159668e-05,0.9969173404888224,0.0001029646786612,0.9968997097429746,2.0
synch,outer_0,streed,4,20,3,0.008,0.001,0.1,0.5282432881809856,0.0151504932594793,49.227837324142456,0.015692720426619,0.5127220670929638,0.0155581405131269,0.5315407955675966,3.0
synch,outer_0,streed,4,20,3,0.008,0.001,0.001,0.9967147396101632,9.711382447468868e-05,0.0555105209350585,3.399201513615134e-05,0.9989445068528212,3.598012362755927e-05,0.9989166301669712,2.0
synch,outer_0,streed,4,20,3,0.008,0.0001,0.1,0.5283437609449474,0.015147136695663,49.31536650657654,0.0156910583946494,0.512773675194079,0.0155565502686862,0.5315886781950159,3.0
synch,outer_0,streed,4,20,3,0.008,0.0001,0.001,0.9968320655638347,9.333755289461057e-05,0.0527529716491699,3.020633096311324e-05,0.999062056921154,3.210330878137704e-05,0.9990333619574472,2.0
synch,outer_0,streed,4,20,3,0.008,1e-05,0.1,0.5283538240454573,0.0151468005104269,49.16287326812744,0.0156908920064173,0.5127788417497565,0.0155563910447853,0.5315934724634489,3.0
synch,outer_0,streed,4,20,3,0.008,1e-05,0.001,0.9968435923002044,9.296703307065864e-05,0.0518512725830078,2.984250816234687e-05,0.9990733540587748,3.1730578125124693e-05,0.9990445849635992,2.0
synch,outer_0,streed,4,20,3,0.005,0.1,0.1,0.5118539813781792,0.0156953961660223,49.02993559837341,0.0154109815537242,0.5214703995599624,0.0156122259607889,0.5299122702459664,4.0
synch,outer_0,streed,4,20,3,0.005,0.1,0.001,0.98034980756712,0.0006268234340741,37.21428346633911,0.0005351354239125,0.9833833984101892,0.0005978526163963,0.9819985196297362,6.0
synch,outer_0,streed,4,20,3,0.005,0.01,0.1,0.5226522577456126,0.0153355173012472,49.16270089149475,0.0152319740753313,0.5270287980832808,0.0154606483084826,0.5344763083679529,4.0
synch,outer_0,streed,4,20,3,0.005,0.01,0.001,0.9964818820538972,0.0001108165651752,15.745258331298828,9.927663580159668e-05,0.9969173404888224,0.0001029646786612,0.9968997097429746,2.0
synch,outer_0,streed,4,20,3,0.005,0.001,0.1,0.5236405095650687,0.0153025019258734,49.08168578147888,0.0152119174829448,0.5276515795140065,0.0154434920821123,0.5349928863066653,4.0
synch,outer_0,streed,4,20,3,0.005,0.001,0.001,0.9988367847604086,3.664011621049142e-05,1.083766222000122,3.399201513615134e-05,0.9989445068528212,3.598012362755927e-05,0.9989166301669712,2.0
synch,outer_0,streed,4,20,3,0.005,0.0001,0.1,0.5237409705453998,0.0152991457512164,49.042654275894165,0.0152098859178913,0.527714662063936,0.015441753129093,0.535045246583737,4.0
synch,outer_0,streed,4,20,3,0.005,0.0001,0.001,0.9989678237715964,3.2473052078449604e-05,1.0522751808166504,3.020633096311324e-05,0.999062056921154,3.210330878137704e-05,0.9990333619574472,2.0
synch,outer_0,streed,4,20,3,0.005,1e-05,0.1,0.5237510335276646,0.0152988095698854,49.10746741294861,0.0152096824969798,0.5277209785290596,0.0154415789965159,0.5350504897558542,4.0
synch,outer_0,streed,4,20,3,0.005,1e-05,0.001,0.9989804918014326,3.207000785314754e-05,1.0555217266082764,2.984250816234687e-05,0.9990733540587748,3.1730578125124693e-05,0.9990445849635992,2.0
synch,outer_0,streed,4,20,3,0.003,0.1,0.1,0.5118539813781792,0.0156953961660223,49.33048534393311,0.0154109815537242,0.5214703995599624,0.0156122259607889,0.5299122702459664,4.0
synch,outer_0,streed,4,20,3,0.003,0.1,0.001,0.9839306695422408,0.0005133151599204,45.28437876701355,0.00042280891974,0.986871272104224,0.000510920174174,0.984616075544496,8.0
synch,outer_0,streed,4,20,3,0.003,0.01,0.1,0.5203937375532792,0.0154101058641804,49.07785701751709,0.0152319740753313,0.5270287980832808,0.0154606483084826,0.5344763083679529,4.0
synch,outer_0,streed,4,20,3,0.003,0.01,0.001,0.9964818820538972,0.0001108165651752,27.367077589035038,9.927663580159668e-05,0.9969173404888224,0.0001029646786612,0.9968997097429746,2.0
synch,outer_0,streed,4,20,3,0.003,0.001,0.1,0.5213675316680774,0.0153775679604791,49.06196808815002,0.0152119174829448,0.5276515795140065,0.0154434920821123,0.5349928863066653,4.0
synch,outer_0,streed,4,20,3,0.003,0.001,0.001,0.9988367847604086,3.664011621049142e-05,17.18875765800476,3.399201513615134e-05,0.9989445068528212,3.598012362755927e-05,0.9989166301669712,2.0
synch,outer_0,streed,4,20,3,0.003,0.0001,0.1,0.5214668091214936,0.0153742508722877,49.152162075042725,0.0152098859178913,0.527714662063936,0.015441753129093,0.535045246583737,4.0
synch,outer_0,streed,4,20,3,0.003,0.0001,0.001,0.9989678237715964,3.2473052078449604e-05,16.98667573928833,3.020633096311324e-05,0.999062056921154,3.210330878137704e-05,0.9990333619574472,2.0
synch,outer_0,streed,4,20,3,0.003,1e-05,0.1,0.5214767566093189,0.0153739185052084,49.02316403388977,0.0152096824969798,0.5277209785290596,0.0154415789965159,0.5350504897558542,4.0
synch,outer_0,streed,4,20,3,0.003,1e-05,0.001,0.9989804918014326,3.207000785314754e-05,16.80848979949951,2.984250816234687e-05,0.9990733540587748,3.1730578125124693e-05,0.9990445849635992,2.0
synch,outer_0,streed,4,20,3,0.001,0.1,0.1,0.5105726792208284,0.0157377116994075,49.08177709579468,0.0154109815537242,0.5214703995599624,0.0156122259607889,0.5299122702459664,4.0
synch,outer_0,streed,4,20,3,0.001,0.1,0.001,0.988730374939779,0.0003595633375797,57.94408464431763,0.0002498637976734,0.9922414271376352,0.0003495181252321,0.9894759285183982,12.0
synch,outer_0,streed,4,20,3,0.001,0.01,0.1,0.5185757105040509,0.0154701469589804,49.05786085128784,0.0152319740753313,0.5270287980832808,0.0154606483084826,0.5344763083679529,4.0
synch,outer_0,streed,4,20,3,0.001,0.01,0.001,0.9940271504455817,0.0001882794104358,38.34271717071533,0.0001646096517679,0.9948886713922478,0.0002013701192253,0.993936699198134,9.0
synch,outer_0,streed,4,20,3,0.001,0.001,0.1,0.5194861084451131,0.0154397027401222,49.15609860420227,0.0152119174829448,0.5276515795140065,0.0154434920821123,0.5349928863066653,4.0
synch,outer_0,streed,4,20,3,0.001,0.001,0.001,0.9993724404620709,2.022666158888984e-05,30.674235105514526,1.678168718732759e-05,0.9994789083332256,2.0449039794594605e-05,0.9993842746885144,3.0
synch,outer_0,streed,4,20,3,0.001,0.0001,0.1,0.5195789840017889,0.0154365970772169,49.04870676994324,0.0152098859178913,0.527714662063936,0.015441753129093,0.535045246583737,4.0
synch,outer_0,streed,4,20,3,0.001,0.0001,0.001,0.9993651255117312,2.0649326852847168e-05,30.105084896087646,1.165833287672504e-05,0.9996379946758196,1.471079522346798e-05,0.9995570545579572,3.0
synch,outer_0,streed,4,20,3,0.001,1e-05,0.1,0.519588290742782,0.0154362858710665,49.14193773269653,0.0152096824969798,0.5277209785290596,0.0154415789965159,0.5350504897558542,4.0
synch,outer_0,streed,4,20,3,0.001,1e-05,0.001,0.9995206929451712,1.5526941732601043e-05,29.923451900482178,1.129442413885318e-05,0.9996492944818912,1.4276633414118787e-05,0.999570127270318,3.0
synch,outer_0,streed,4,20,3,0.0005,0.1,0.1,0.5105726792208284,0.0157377116994075,49.0797929763794,0.0154109815537242,0.5214703995599624,0.0156122259607889,0.5299122702459664,4.0
synch,outer_0,streed,4,20,3,0.0005,0.1,0.001,0.988730374939779,0.0003595633375797,62.585673570632935,0.0002173200630816,0.9932519494237566,0.0002915330612461,0.9912218721882676,14.0
synch,outer_0,streed,4,20,3,0.0005,0.01,0.1,0.5185757105040509,0.0154701469589804,49.057952880859375,0.0152319740753313,0.5270287980832808,0.0154606483084826,0.5344763083679529,4.0
synch,outer_0,streed,4,20,3,0.0005,0.01,0.001,0.9937092566363228,0.000198901818555,48.45744204521179,0.000163673561966,0.994917738111802,0.0002232946085532,0.993276547760406,13.0
synch,outer_0,streed,4,20,3,0.0005,0.001,0.1,0.5194861084451131,0.0154397027401222,48.841796875,0.0152119174829448,0.5276515795140065,0.0154434920821123,0.5349928863066653,4.0
synch,outer_0,streed,4,20,3,0.0005,0.001,0.001,0.9963792193720148,0.0001146445481448,33.92883634567261,0.0001074307227906,0.9966641462341148,0.0001374015176335,0.9958628085673804,10.0
synch,outer_0,streed,4,20,3,0.0005,0.0001,0.1,0.5195789840017889,0.0154365970772169,48.94677758216858,0.0152098859178913,0.527714662063936,0.015441753129093,0.535045246583737,4.0
synch,outer_0,streed,4,20,3,0.0005,0.0001,0.001,0.9971904156506808,9.088014855976532e-05,30.682979583740234,0.0001045754299519,0.9967528065271952,0.0001338072321883,0.9959710333323326,9.0
synch,outer_0,streed,4,20,3,0.0005,1e-05,0.1,0.519588290742782,0.0154362858710665,48.99983787536621,0.0152096824969798,0.5277209785290596,0.0154415789965159,0.5350504897558542,4.0
synch,outer_0,streed,4,20,3,0.0005,1e-05,0.001,0.997219516756653,8.79360756276564e-05,30.45555305480957,8.796551835172934e-05,0.9972685643544112,0.0001097595236511,0.996695115390871,8.0
synch,outer_0,streed,4,20,3,0.0001,0.1,0.1,0.5105726792208284,0.0157377116994075,49.07532978057861,0.0154109815537242,0.5214703995599624,0.0156122259607889,0.5299122702459664,4.0
synch,outer_0,streed,4,20,3,0.0001,0.1,0.001,0.988730374939779,0.0003595633375797,66.72578120231628,0.0002173200630816,0.9932519494237566,0.0002915330612461,0.9912218721882676,14.0
synch,outer_0,streed,4,20,3,0.0001,0.01,0.1,0.5185757105040509,0.0154701469589804,48.88991928100586,0.0152319740753313,0.5270287980832808,0.0154606483084826,0.5344763083679529,4.0
synch,outer_0,streed,4,20,3,0.0001,0.01,0.001,0.993750006237284,0.0001974800068892,54.81790614128113,0.0001560826219753,0.9951534459716852,0.0001911127519794,0.994245550895132,14.0
synch,outer_0,streed,4,20,3,0.0001,0.001,0.1,0.5194861084451131,0.0154397027401222,48.86539912223816,0.0152119174829448,0.5276515795140065,0.0154434920821123,0.5349928863066653,4.0
synch,outer_0,streed,4,20,3,0.0001,0.001,0.001,0.99629171951212,0.0001168020459305,47.13775944709778,0.0001216919406858,0.9962213181846882,0.0001397138530492,0.9957931836139144,14.0
synch,outer_0,streed,4,20,3,0.0001,0.0001,0.1,0.5195789840017889,0.0154365970772169,48.67046356201172,0.0152098859178913,0.527714662063936,0.015441753129093,0.535045246583737,4.0
synch,outer_0,streed,4,20,3,0.0001,0.0001,0.001,0.9966052472418304,0.0001068907731898,45.09539818763733,0.000116512309761,0.9963821519841592,0.0001315037210698,0.9960403925841698,14.0
synch,outer_0,streed,4,20,3,0.0001,1e-05,0.1,0.519588290742782,0.0154362858710665,48.7931342124939,0.0152096824969798,0.5277209785290596,0.0154415789965159,0.5350504897558542,4.0
synch,outer_0,streed,4,20,3,0.0001,1e-05,0.001,0.9966358738404422,0.0001059302938445,44.82140636444092,0.0001159402345191,0.9963999156117376,0.0001307415368822,0.9960633421261074,14.0
synch,outer_1,streed,4,20,3,0.1,0.1,0.1,0.5281172400150016,0.0149314393192903,45.642945766448975,0.0159850580710571,0.4968345157745416,0.0167453798820291,0.509302906871036,2.0
synch,outer_1,streed,4,20,3,0.1,0.1,0.001,0.9747707993057148,0.0007940822693642,0.0049636363983154,0.0007877553553578,0.9752036368546252,0.000794648966051,0.9767140584181264,1.0
synch,outer_1,streed,4,20,3,0.1,0.01,0.1,0.5408352834006741,0.0145210514359819,46.03199005126953,0.015883553269649,0.5000296066102872,0.0166441264384385,0.5122699802243589,2.0
synch,outer_1,streed,4,20,3,0.1,0.01,0.001,0.9872212612219782,0.0003999449783592,0.0053136348724365,0.0003962637118679,0.9875267126602408,0.0004194033607863,0.9877100423259282,1.0
synch,outer_1,streed,4,20,3,0.1,0.001,0.1,0.5422798625944962,0.014474456489291,46.04809069633484,0.0158720893213647,0.5003904600437865,0.016632681150766,0.5126053664282226,2.0
synch,outer_1,streed,4,20,3,0.1,0.001,0.001,0.9909686699722418,0.0002822995303544,0.0054519176483154,0.0002794049461422,0.9912051038916654,0.000298458200181,0.9912541505608656,1.0
synch,outer_1,streed,4,20,3,0.1,0.0001,0.1,0.5424262850469233,0.014469733848039,46.148266553878784,0.0158709279211858,0.5004270177141315,0.0166315215313189,0.512639347257315,2.0
synch,outer_1,streed,4,20,3,0.1,0.0001,0.001,0.9911127916327812,0.0002777627574573,0.0055487155914306,0.0002748978451261,0.9913469749849784,0.0002940585961772,0.991383074055631,1.0
synch,outer_1,streed,4,20,3,0.1,1e-05,0.1,0.5424409472066767,0.0144692609438299,46.2117178440094,0.0158708116289574,0.5004306782723326,0.0166314054162854,0.5126427498262498,2.0
synch,outer_1,streed,4,20,3,0.1,1e-05,0.001,0.9911272863941776,0.0002773065343691,0.0057494640350341,0.0002744446151501,0.9913612414129952,0.0002936158121266,0.9913960491477504,1.0
synch,outer_1,streed,4,20,3,0.08,0.1,0.1,0.5281172400150016,0.0149314393192903,55.24979782104492,0.0159850580710571,0.4968345157745416,0.0167453798820291,0.509302906871036,2.0
synch,outer_1,streed,4,20,3,0.08,0.1,0.001,0.9747707993057148,0.0007940822693642,0.0058825016021728,0.0007877553553578,0.9752036368546252,0.000794648966051,0.9767140584181264,1.0
synch,outer_1,streed,4,20,3,0.08,0.01,0.1,0.5408352834006741,0.0145210514359819,55.081908226013184,0.015883553269649,0.5000296066102872,0.0166441264384385,0.5122699802243589,2.0
synch,outer_1,streed,4,20,3,0.08,0.01,0.001,0.9872212612219782,0.0003999449783592,0.0058686733245849,0.0003962637118679,0.9875267126602408,0.0004194033607863,0.9877100423259282,1.0
synch,outer_1,streed,4,20,3,0.08,0.001,0.1,0.5422798625944962,0.014474456489291,55.04497766494751,0.0158720893213647,0.5003904600437865,0.016632681150766,0.5126053664282226,2.0
synch,outer_1,streed,4,20,3,0.08,0.001,0.001,0.9909686699722418,0.0002822995303544,0.0058751106262207,0.0002794049461422,0.9912051038916654,0.000298458200181,0.9912541505608656,1.0
synch,outer_1,streed,4,20,3,0.08,0.0001,0.1,0.5424262850469233,0.014469733848039,55.1565477848053,0.0158709279211858,0.5004270177141315,0.0166315215313189,0.512639347257315,2.0
synch,outer_1,streed,4,20,3,0.08,0.0001,0.001,0.9911127916327812,0.0002777627574573,0.005974531173706,0.0002748978451261,0.9913469749849784,0.0002940585961772,0.991383074055631,1.0
synch,outer_1,streed,4,20,3,0.08,1e-05,0.1,0.5424409472066767,0.0144692609438299,55.2102267742157,0.0158708116289574,0.5004306782723326,0.0166314054162854,0.5126427498262498,2.0
synch,outer_1,streed,4,20,3,0.08,1e-05,0.001,0.9911272863941776,0.0002773065343691,0.0059590339660644,0.0002744446151501,0.9913612414129952,0.0002936158121266,0.9913960491477504,1.0
synch,outer_1,streed,4,20,3,0.05,0.1,0.1,0.5281172400150016,0.0149314393192903,56.53992414474487,0.0159850580710571,0.4968345157745416,0.0167453798820291,0.509302906871036,2.0
synch,outer_1,streed,4,20,3,0.05,0.1,0.001,0.9747707993057148,0.0007940822693642,0.0071995258331298,0.0007877553553578,0.9752036368546252,0.000794648966051,0.9767140584181264,1.0
synch,outer_1,streed,4,20,3,0.05,0.01,0.1,0.5408352834006741,0.0145210514359819,56.35508608818054,0.015883553269649,0.5000296066102872,0.0166441264384385,0.5122699802243589,2.0
synch,outer_1,streed,4,20,3,0.05,0.01,0.001,0.9872212612219782,0.0003999449783592,0.0059452056884765,0.0003962637118679,0.9875267126602408,0.0004194033607863,0.9877100423259282,1.0
synch,outer_1,streed,4,20,3,0.05,0.001,0.1,0.5422798625944962,0.014474456489291,56.36343693733215,0.0158720893213647,0.5003904600437865,0.016632681150766,0.5126053664282226,2.0
synch,outer_1,streed,4,20,3,0.05,0.001,0.001,0.9909686699722418,0.0002822995303544,0.0060043334960937,0.0002794049461422,0.9912051038916654,0.000298458200181,0.9912541505608656,1.0
synch,outer_1,streed,4,20,3,0.05,0.0001,0.1,0.5424262850469233,0.014469733848039,53.12050890922546,0.0158709279211858,0.5004270177141315,0.0166315215313189,0.512639347257315,2.0
synch,outer_1,streed,4,20,3,0.05,0.0001,0.001,0.9911127916327812,0.0002777627574573,0.0051186084747314,0.0002748978451261,0.9913469749849784,0.0002940585961772,0.991383074055631,1.0
synch,outer_1,streed,4,20,3,0.05,1e-05,0.1,0.5424409472066767,0.0144692609438299,53.15135169029236,0.0158708116289574,0.5004306782723326,0.0166314054162854,0.5126427498262498,2.0
synch,outer_1,streed,4,20,3,0.05,1e-05,0.001,0.9911272863941776,0.0002773065343691,0.0052218437194824,0.0002744446151501,0.9913612414129952,0.0002936158121266,0.9913960491477504,1.0
synch,outer_1,streed,4,20,3,0.03,0.1,0.1,0.4956010876469641,0.0159307157069537,53.029305934906006,0.0159850580710571,0.4968345157745416,0.0167453798820291,0.509302906871036,2.0
synch,outer_1,streed,4,20,3,0.03,0.1,0.001,0.9747707993057148,0.0007940822693642,0.0599036216735839,0.0007877553553578,0.9752036368546252,0.000794648966051,0.9767140584181264,1.0
synch,outer_1,streed,4,20,3,0.03,0.01,0.1,0.5044655391748004,0.0156387552226696,52.90229296684265,0.015883553269649,0.5000296066102872,0.0166441264384385,0.5122699802243589,2.0
synch,outer_1,streed,4,20,3,0.03,0.01,0.001,0.9872212612219782,0.0003999449783592,0.0064992904663085,0.0003962637118679,0.9875267126602408,0.0004194033607863,0.9877100423259282,1.0
synch,outer_1,streed,4,20,3,0.03,0.001,0.1,0.5054732733311067,0.0156055852632318,52.95718240737915,0.0158720893213647,0.5003904600437865,0.016632681150766,0.5126053664282226,2.0
synch,outer_1,streed,4,20,3,0.03,0.001,0.001,0.9909686699722418,0.0002822995303544,0.0053763389587402,0.0002794049461422,0.9912051038916654,0.000298458200181,0.9912541505608656,1.0
synch,outer_1,streed,4,20,3,0.03,0.0001,0.1,0.5055754403551036,0.0156022226661865,53.13948106765747,0.0158709279211858,0.5004270177141315,0.0166315215313189,0.512639347257315,2.0
synch,outer_1,streed,4,20,3,0.03,0.0001,0.001,0.9911127916327812,0.0002777627574573,0.0053629875183105,0.0002748978451261,0.9913469749849784,0.0002940585961772,0.991383074055631,1.0
synch,outer_1,streed,4,20,3,0.03,1e-05,0.1,0.505585671203469,0.0156018859436753,53.16364455223084,0.0158708116289574,0.5004306782723326,0.0166314054162854,0.5126427498262498,2.0
synch,outer_1,streed,4,20,3,0.03,1e-05,0.001,0.9911272863941776,0.0002773065343691,0.0053696632385253,0.0002744446151501,0.9913612414129952,0.0002936158121266,0.9913960491477504,1.0
synch,outer_1,streed,4,20,3,0.01,0.1,0.1,0.4833269915497262,0.0164320383904226,52.82945227622986,0.0158864499519592,0.4999384270505531,0.01640897579523,0.5191607010012368,3.0
synch,outer_1,streed,4,20,3,0.01,0.1,0.001,0.9778122950405788,0.0006999465576415,24.14103507995605,0.0006557451290112,0.9793589542245796,0.000705475841439,0.9793271369711728,3.0
synch,outer_1,streed,4,20,3,0.01,0.01,0.1,0.4886193417104031,0.0162619077331063,52.68171238899231,0.0158180914185672,0.5020901649048819,0.0163439926558779,0.5210649299770556,3.0
synch,outer_1,streed,4,20,3,0.01,0.01,0.001,0.9908884661041828,0.0002940454708128,0.8889257907867432,0.0003962637118679,0.9875267126602408,0.0004194033607863,0.9877100423259282,1.0
synch,outer_1,streed,4,20,3,0.01,0.001,0.1,0.4892189442522645,0.0162426215086873,52.70810317993164,0.0158102585238396,0.5023367227998226,0.0163365185732069,0.5212839462469931,3.0
synch,outer_1,streed,4,20,3,0.01,0.001,0.001,0.9909686699722418,0.0002822995303544,0.0522716045379638,0.0002794049461422,0.9912051038916654,0.000298458200181,0.9912541505608656,1.0
synch,outer_1,streed,4,20,3,0.01,0.0001,0.1,0.4892797214668876,0.0162406664823888,54.19550275802612,0.0158094636982268,0.5023617417151462,0.0163357598453919,0.5213061795755842,3.0
synch,outer_1,streed,4,20,3,0.01,0.0001,0.001,0.9911127916327812,0.0002777627574573,0.0523254871368408,0.0002748978451261,0.9913469749849784,0.0002940585961772,0.991383074055631,1.0
synch,outer_1,streed,4,20,3,0.01,1e-05,0.1,0.4892858074922597,0.0162404707113671,54.02962875366211,0.0158093840984815,0.5023642472953094,0.0163356838575939,0.5213084062788222,3.0
synch,outer_1,streed,4,20,3,0.01,1e-05,0.001,0.9911272863941776,0.0002773065343691,0.0484781265258789,0.0002744446151501,0.9913612414129952,0.0002936158121266,0.9913960491477504,1.0
synch,outer_1,streed,4,20,3,0.008,0.1,0.1,0.4833269915497262,0.0164320383904226,52.87493181228638,0.0158864499519592,0.4999384270505531,0.01640897579523,0.5191607010012368,3.0
synch,outer_1,streed,4,20,3,0.008,0.1,0.001,0.9784970875253276,0.0006770566230522,31.21293354034424,0.0006598074629645,0.9792310831701496,0.0007494798519092,0.978037668462496,4.0
synch,outer_1,streed,4,20,3,0.008,0.01,0.1,0.4886193417104031,0.0162619077331063,52.72426176071167,0.0158180914185672,0.5020901649048819,0.0163439926558779,0.5210649299770556,3.0
synch,outer_1,streed,4,20,3,0.008,0.01,0.001,0.9968847130089492,9.818739340452326e-05,1.0519936084747314,9.090576185991692e-05,0.997138537659244,9.131913315171426e-05,0.997324036032608,2.0
synch,outer_1,streed,4,20,3,0.008,0.001,0.1,0.4892189442522645,0.0162426215086873,52.66454315185547,0.0158102585238396,0.5023367227998226,0.0163365185732069,0.5212839462469931,3.0
synch,outer_1,streed,4,20,3,0.008,0.001,0.001,0.9969435346551512,0.0001043934681559,0.0577912330627441,3.415767893704503e-05,0.9989248105958716,3.794948627872373e-05,0.9988879498265256,2.0
synch,outer_1,streed,4,20,3,0.008,0.0001,0.1,0.4892797214668876,0.0162406664823888,52.658955812454224,0.0158094636982268,0.5023617417151462,0.0163357598453919,0.5213061795755842,3.0
synch,outer_1,streed,4,20,3,0.008,0.0001,0.001,0.9971799847402072,9.701646176069848e-05,0.0552246570587158,3.003377103774545e-05,0.9990546198280827,3.344524742740863e-05,0.9990199394813836,2.0
synch,outer_1,streed,4,20,3,0.008,1e-05,0.1,0.4892858074922597,0.0162404707113671,52.71834087371826,0.0158093840984815,0.5023642472953094,0.0163356838575939,0.5213084062788222,3.0
synch,outer_1,streed,4,20,3,0.008,1e-05,0.001,0.997192589389718,9.66176438631574e-05,0.055152416229248,2.9633072238963406e-05,0.9990672327197108,3.300766681452702e-05,0.9990327620949204,2.0
synch,outer_1,streed,4,20,3,0.005,0.1,0.1,0.5013193230398678,0.0158068306455188,52.54442477226257,0.0158864499519592,0.4999384270505531,0.01640897579523,0.5191607010012368,3.0
synch,outer_1,streed,4,20,3,0.005,0.1,0.001,0.9822123820310764,0.0005588524046286,40.53247666358948,0.0004951039158423,0.9844154959932376,0.0006114577213022,0.9820821905189352,6.0
synch,outer_1,streed,4,20,3,0.005,0.01,0.1,0.506656281568895,0.0156353349304644,52.33635759353638,0.0158180914185672,0.5020901649048819,0.0163439926558779,0.5210649299770556,3.0
synch,outer_1,streed,4,20,3,0.005,0.01,0.001,0.9968847130089492,9.818739340452326e-05,16.84739899635315,9.090576185991692e-05,0.997138537659244,9.131913315171426e-05,0.997324036032608,2.0
synch,outer_1,streed,4,20,3,0.005,0.001,0.1,0.5072608331430247,0.0156158970925736,52.631906032562256,0.0158102585238396,0.5023367227998226,0.0163365185732069,0.5212839462469931,3.0
synch,outer_1,streed,4,20,3,0.005,0.001,0.001,0.9988391062296872,3.687846658018806e-05,1.0688457489013672,3.415767893704503e-05,0.9989248105958716,3.794948627872373e-05,0.9988879498265256,2.0
synch,outer_1,streed,4,20,3,0.005,0.0001,0.1,0.5073221103899135,0.0156139267473978,52.52955865859985,0.0158094636982268,0.5023617417151462,0.0163357598453919,0.5213061795755842,3.0
synch,outer_1,streed,4,20,3,0.005,0.0001,0.001,0.9990784339991786,2.939896504737118e-05,1.0681352615356443,3.003377103774545e-05,0.9990546198280827,3.344524742740863e-05,0.9990199394813836,2.0
synch,outer_1,streed,4,20,3,0.005,1e-05,0.1,0.5073282464699905,0.0156137294429089,52.55416297912598,0.0158093840984815,0.5023642472953094,0.0163356838575939,0.5213084062788222,3.0
synch,outer_1,streed,4,20,3,0.005,1e-05,0.001,0.9991256758515245,2.776646606103054e-05,1.0780048370361328,2.9633072238963406e-05,0.9990672327197108,3.300766681452702e-05,0.9990327620949204,2.0
synch,outer_1,streed,4,20,3,0.003,0.1,0.1,0.5013193230398678,0.0158068306455188,52.48429322242737,0.0158864499519592,0.4999384270505531,0.01640897579523,0.5191607010012368,3.0
synch,outer_1,streed,4,20,3,0.003,0.1,0.001,0.9842732840330016,0.0004927888424846,47.13730716705322,0.0004176909660978,0.9868522418699388,0.0004595896609255,0.986532445830608,8.0
synch,outer_1,streed,4,20,3,0.003,0.01,0.1,0.506656281568895,0.0156353349304644,52.3799147605896,0.0158180914185672,0.5020901649048819,0.0163439926558779,0.5210649299770556,3.0
synch,outer_1,streed,4,20,3,0.003,0.01,0.001,0.9968847130089492,9.818739340452326e-05,28.235362768173218,9.090576185991692e-05,0.997138537659244,9.131913315171426e-05,0.997324036032608,2.0
synch,outer_1,streed,4,20,3,0.003,0.001,0.1,0.5072608331430247,0.0156158970925736,52.37875723838806,0.0158102585238396,0.5023367227998226,0.0163365185732069,0.5212839462469931,3.0
synch,outer_1,streed,4,20,3,0.003,0.001,0.001,0.9988391062296872,3.687846658018806e-05,18.986194372177124,3.415767893704503e-05,0.9989248105958716,3.794948627872373e-05,0.9988879498265256,2.0
synch,outer_1,streed,4,20,3,0.003,0.0001,0.1,0.5073221103899135,0.0156139267473978,52.363879680633545,0.0158094636982268,0.5023617417151462,0.0163357598453919,0.5213061795755842,3.0
synch,outer_1,streed,4,20,3,0.003,0.0001,0.001,0.9990784339991786,2.939896504737118e-05,18.48352837562561,3.003377103774545e-05,0.9990546198280827,3.344524742740863e-05,0.9990199394813836,2.0
synch,outer_1,streed,4,20,3,0.003,1e-05,0.1,0.5073282464699905,0.0156137294429089,52.55155992507935,0.0158093840984815,0.5023642472953094,0.0163356838575939,0.5213084062788222,3.0
synch,outer_1,streed,4,20,3,0.003,1e-05,0.001,0.9991256758515245,2.776646606103054e-05,18.218557119369507,2.9633072238963406e-05,0.9990672327197108,3.300766681452702e-05,0.9990327620949204,2.0
synch,outer_1,streed,4,20,3,0.001,0.1,0.1,0.5013193230398678,0.0158068306455188,52.3904595375061,0.0158864499519592,0.4999384270505531,0.01640897579523,0.5191607010012368,3.0
synch,outer_1,streed,4,20,3,0.001,0.1,0.001,0.9886362707088908,0.0003575079778765,61.11241173744202,0.0002520504882442,0.992066146685052,0.0002774933615928,0.9918684922733632,12.0
synch,outer_1,streed,4,20,3,0.001,0.01,0.1,0.506656281568895,0.0156353349304644,52.35854816436768,0.0158180914185672,0.5020901649048819,0.0163439926558779,0.5210649299770556,3.0
synch,outer_1,streed,4,20,3,0.001,0.01,0.001,0.9944150040290768,0.0001751425824717,40.58590793609619,0.0001473178314339,0.9953628414949136,0.0001829483762642,0.9946389847792072,9.0
synch,outer_1,streed,4,20,3,0.001,0.001,0.1,0.5072608331430247,0.0156158970925736,52.40033006668091,0.0158102585238396,0.5023367227998226,0.0163365185732069,0.5212839462469931,3.0
synch,outer_1,streed,4,20,3,0.001,0.001,0.001,0.9992827893684304,2.211245512066875e-05,31.4965717792511,1.550468057516683e-05,0.9995119554727492,1.644140993886104e-05,0.9995182102692935,3.0
synch,outer_1,streed,4,20,3,0.001,0.0001,0.1,0.5073221103899135,0.0156139267473978,52.33608269691467,0.0158094636982268,0.5023617417151462,0.0163357598453919,0.5213061795755842,3.0
synch,outer_1,streed,4,20,3,0.001,0.0001,0.001,0.9992974915027646,2.159674438818861e-05,31.053330898284912,3.003377103774545e-05,0.9990546198280827,3.344524742740863e-05,0.9990199394813836,2.0
synch,outer_1,streed,4,20,3,0.001,1e-05,0.1,0.5073282464699905,0.0156137294429089,52.25946545600891,0.0158093840984815,0.5023642472953094,0.0163356838575939,0.5213084062788222,3.0
synch,outer_1,streed,4,20,3,0.001,1e-05,0.001,0.9993095927681516,2.1215855636859504e-05,31.103158473968502,1.1385626767457688e-05,0.999641611911562,1.2005854563072428e-05,0.9996481872626282,3.0
synch,outer_1,streed,4,20,3,0.0005,0.1,0.1,0.5013193230398678,0.0158068306455188,52.31676387786865,0.0158864499519592,0.4999384270505531,0.01640897579523,0.5191607010012368,3.0
synch,outer_1,streed,4,20,3,0.0005,0.1,0.001,0.9890276484880672,0.0003435681869803,64.89677262306213,0.0001892938203997,0.994041553281888,0.0001980083777085,0.9941976750577612,15.0
synch,outer_1,streed,4,20,3,0.0005,0.01,0.1,0.506656281568895,0.0156353349304644,52.0672869682312,0.015420456125442,0.5146066258349002,0.01579997032852,0.5370066510077172,4.0
synch,outer_1,streed,4,20,3,0.0005,0.01,0.001,0.9942910027992488,0.000179490010362,50.870362520217896,0.0001541803491707,0.9951468283878786,0.0001794833772326,0.9947405211411452,14.0
synch,outer_1,streed,4,20,3,0.0005,0.001,0.1,0.5072608331430247,0.0156158970925736,52.11471390724182,0.0154096129109855,0.5149479402816997,0.0157881118314253,0.5373541456656028,4.0
synch,outer_1,streed,4,20,3,0.0005,0.001,0.001,0.9966649564412712,0.0001051557261421,35.49425268173218,0.0001008118905823,0.9968267200835266,0.0001268267431039,0.9962835412149172,9.0
synch,outer_1,streed,4,20,3,0.0005,0.0001,0.1,0.5073221103899135,0.0156139267473978,52.028350591659546,0.0154085149932954,0.5149824996986085,0.0157869114091949,0.5373893221562607,4.0
synch,outer_1,streed,4,20,3,0.0005,0.0001,0.001,0.997360598082884,8.32494969220121e-05,33.34489178657532,7.837938555297938e-05,0.9975328333929256,9.842578022283674e-05,0.997115786886619,8.0
synch,outer_1,streed,4,20,3,0.0005,1e-05,0.1,0.5073282464699905,0.0156137294429089,52.05852699279785,0.015408405063607,0.5149859599816204,0.0157867912191871,0.5373928441359275,4.0
synch,outer_1,streed,4,20,3,0.0005,1e-05,0.001,0.9978534812210016,6.80638170493704e-05,33.19168996810913,7.781620420581961e-05,0.9975505607864696,9.784632377657502e-05,0.9971327669489274,8.0
synch,outer_1,streed,4,20,3,0.0001,0.1,0.1,0.5013193230398678,0.0158068306455188,51.976078748703,0.0155169843926453,0.5115681825528763,0.0159057671659427,0.53390644062424,4.0
synch,outer_1,streed,4,20,3,0.0001,0.1,0.001,0.989390601478988,0.0003324140273628,69.20359587669373,0.000180023035803,0.9943333719790752,0.0001859614465032,0.994550691481705,16.0
synch,outer_1,streed,4,20,3,0.0001,0.01,0.1,0.506656281568895,0.0156353349304644,51.77675247192383,0.015420456125442,0.5146066258349002,0.01579997032852,0.5370066510077172,4.0
synch,outer_1,streed,4,20,3,0.0001,0.01,0.001,0.9941222257921069,0.0001833704665169,58.11835670471192,0.0001337272808399,0.99579063449636,0.0001538052849077,0.995492977361888,16.0
synch,outer_1,streed,4,20,3,0.0001,0.001,0.1,0.5072608331430247,0.0156158970925736,51.88245725631714,0.0154096129109855,0.5149479402816997,0.0157881118314253,0.5373541456656028,4.0
synch,outer_1,streed,4,20,3,0.0001,0.001,0.001,0.9965339805800396,0.0001089372417528,49.44884514808655,0.0001050949210703,0.9966919021116504,0.0001275934757544,0.996261073317176,16.0
synch,outer_1,streed,4,20,3,0.0001,0.0001,0.1,0.5073221103899135,0.0156139267473978,52.01177000999451,0.0154085149932954,0.5149824996986085,0.0157869114091949,0.5373893221562607,4.0
synch,outer_1,streed,4,20,3,0.0001,0.0001,0.001,0.996798729245969,0.0001006386999593,47.874908447265625,0.0001003720421634,0.996840565297082,0.0001229102137803,0.99639830896386,16.0
synch,outer_1,streed,4,20,3,0.0001,1e-05,0.1,0.5073282464699905,0.0156137294429089,51.798819065094,0.015408405063607,0.5149859599816204,0.0157867912191871,0.5373928441359275,4.0
synch,outer_1,streed,4,20,3,0.0001,1e-05,0.001,0.9967929067458688,0.0001006815301062,47.69246196746826,9.986801013438685e-05,0.9968564308334366,0.0001224058194583,0.9964130894483464,16.0
synch,outer_2,streed,4,20,3,0.1,0.1,0.1,0.5776017770860998,0.0136151913245751,45.88280606269837,0.0163156573081593,0.5013096882278241,0.015179794552728,0.5144902703279628,2.0
synch,outer_2,streed,4,20,3,0.1,0.1,0.001,0.9737031972162118,0.0008321836530106,0.0050466060638427,0.0008167944243478,0.975034565973134,0.000853549107086,0.9727001314277562,1.0
synch,outer_2,streed,4,20,3,0.1,0.01,0.1,0.5894244592165765,0.0132800868942521,46.18328928947449,0.0162010546407476,0.504812534534413,0.0150723263154088,0.5179275286299727,2.0
synch,outer_2,streed,4,20,3,0.1,0.01,0.001,0.986074734101185,0.0004355891849309,0.0047607421875,0.000426123790935,0.9869754676663468,0.0004503385587965,0.9855963958416748,1.0
synch,outer_2,streed,4,20,3,0.1,0.001,0.1,0.5907723387231625,0.0132418703425,46.21548843383789,0.0161879450829443,0.5052132299734403,0.0150600270103978,0.5183209089376107,2.0
synch,outer_2,streed,4,20,3,0.1,0.001,0.001,0.9899841057977268,0.0003123511894435,0.0052251815795898,0.0003045977425032,0.9906899280669448,0.0003222249871755,0.9896939734016976,1.0
synch,outer_2,streed,4,20,3,0.1,0.0001,0.1,0.5800098581931129,0.0135389917160976,45.69643878936768,0.0161866150881349,0.5052538814478864,0.0150587791515405,0.5183608203879524,2.0
synch,outer_2,streed,4,20,3,0.1,0.0001,0.001,0.9901318674835676,0.0003076758046432,0.0053567886352539,0.000299986356598,0.9908308757119796,0.0003173772597753,0.98984902285322,1.0
synch,outer_2,streed,4,20,3,0.1,1e-05,0.1,0.5800188353180233,0.013538733701464,45.75678300857544,0.0161864818953062,0.505257952505034,0.0150586541835786,0.5183648173565031,2.0
synch,outer_2,streed,4,20,3,0.1,1e-05,0.001,0.9901467405613862,0.0003072053228303,0.0053713321685791,0.0002995223266097,0.9908450588524524,0.0003168892544145,0.9898646311903384,1.0
synch,outer_2,streed,4,20,3,0.08,0.1,0.1,0.5594254395268745,0.0141171584058098,54.19397258758545,0.0163156573081593,0.5013096882278241,0.015179794552728,0.5144902703279628,2.0
synch,outer_2,streed,4,20,3,0.08,0.1,0.001,0.9737031972162118,0.0008321836530106,0.0054526329040527,0.0008167944243478,0.975034565973134,0.000853549107086,0.9727001314277562,1.0
synch,outer_2,streed,4,20,3,0.08,0.01,0.1,0.564248532061546,0.0139753582397699,54.00041937828064,0.0162010546407476,0.504812534534413,0.0150723263154088,0.5179275286299727,2.0
synch,outer_2,streed,4,20,3,0.08,0.01,0.001,0.986074734101185,0.0004355891849309,0.0054633617401123,0.000426123790935,0.9869754676663468,0.0004503385587965,0.9855963958416748,1.0
synch,outer_2,streed,4,20,3,0.08,0.001,0.1,0.5907723387231625,0.0132418703425,54.31145977973938,0.0161879450829443,0.5052132299734403,0.0150600270103978,0.5183209089376107,2.0
synch,outer_2,streed,4,20,3,0.08,0.001,0.001,0.9899841057977268,0.0003123511894435,0.0054917335510253,0.0003045977425032,0.9906899280669448,0.0003222249871755,0.9896939734016976,1.0
synch,outer_2,streed,4,20,3,0.08,0.0001,0.1,0.5909091284139679,0.0132379918671168,54.00250196456909,0.0161866150881349,0.5052538814478864,0.0150587791515405,0.5183608203879524,2.0
synch,outer_2,streed,4,20,3,0.08,0.0001,0.001,0.9901318674835676,0.0003076758046432,0.0054943561553955,0.000299986356598,0.9908308757119796,0.0003173772597753,0.98984902285322,1.0
synch,outer_2,streed,4,20,3,0.08,1e-05,0.1,0.5909228278314849,0.0132376034392232,54.10828614234924,0.0161864818953062,0.505257952505034,0.0150586541835786,0.5183648173565031,2.0
synch,outer_2,streed,4,20,3,0.08,1e-05,0.001,0.9901467405613862,0.0003072053228303,0.0055806636810302,0.0002995223266097,0.9908450588524524,0.0003168892544145,0.9898646311903384,1.0
synch,outer_2,streed,4,20,3,0.05,0.1,0.1,0.5594254395268745,0.0141171584058098,56.47047019004822,0.0163156573081593,0.5013096882278241,0.015179794552728,0.5144902703279628,2.0
synch,outer_2,streed,4,20,3,0.05,0.1,0.001,0.9737031972162118,0.0008321836530106,0.0068318843841552,0.0008167944243478,0.975034565973134,0.000853549107086,0.9727001314277562,1.0
synch,outer_2,streed,4,20,3,0.05,0.01,0.1,0.564248532061546,0.0139753582397699,56.44380760192871,0.0162010546407476,0.504812534534413,0.0150723263154088,0.5179275286299727,2.0
synch,outer_2,streed,4,20,3,0.05,0.01,0.001,0.986074734101185,0.0004355891849309,0.0057239532470703,0.000426123790935,0.9869754676663468,0.0004503385587965,0.9855963958416748,1.0
synch,outer_2,streed,4,20,3,0.05,0.001,0.1,0.5695101697291832,0.0138290573308496,56.30574679374695,0.0161879450829443,0.5052132299734403,0.0150600270103978,0.5183209089376107,2.0
synch,outer_2,streed,4,20,3,0.05,0.001,0.001,0.9899841057977268,0.0003123511894435,0.0058553218841552,0.0003045977425032,0.9906899280669448,0.0003222249871755,0.9896939734016976,1.0
synch,outer_2,streed,4,20,3,0.05,0.0001,0.1,0.569573069705473,0.013827219431804,56.3100688457489,0.0161866150881349,0.5052538814478864,0.0150587791515405,0.5183608203879524,2.0
synch,outer_2,streed,4,20,3,0.05,0.0001,0.001,0.9901318674835676,0.0003076758046432,0.0058515071868896,0.000299986356598,0.9908308757119796,0.0003173772597753,0.98984902285322,1.0
synch,outer_2,streed,4,20,3,0.05,1e-05,0.1,0.569579370947819,0.0138270353157188,56.291829109191895,0.0161864818953062,0.505257952505034,0.0150586541835786,0.5183648173565031,2.0
synch,outer_2,streed,4,20,3,0.05,1e-05,0.001,0.9901467405613862,0.0003072053228303,0.0058844089508056,0.0002995223266097,0.9908450588524524,0.0003168892544145,0.9898646311903384,1.0
synch,outer_2,streed,4,20,3,0.03,0.1,0.1,0.5594254395268745,0.0141171584058098,55.255905628204346,0.0163156573081593,0.5013096882278241,0.015179794552728,0.5144902703279628,2.0
synch,outer_2,streed,4,20,3,0.03,0.1,0.001,0.9737031972162118,0.0008321836530106,0.0617873668670654,0.0008167944243478,0.975034565973134,0.000853549107086,0.9727001314277562,1.0
synch,outer_2,streed,4,20,3,0.03,0.01,0.1,0.564248532061546,0.0139753582397699,55.271279096603394,0.0162010546407476,0.504812534534413,0.0150723263154088,0.5179275286299727,2.0
synch,outer_2,streed,4,20,3,0.03,0.01,0.001,0.986074734101185,0.0004355891849309,0.0071456432342529,0.000426123790935,0.9869754676663468,0.0004503385587965,0.9855963958416748,1.0
synch,outer_2,streed,4,20,3,0.03,0.001,0.1,0.5695101697291832,0.0138290573308496,55.45345187187195,0.0161879450829443,0.5052132299734403,0.0150600270103978,0.5183209089376107,2.0
synch,outer_2,streed,4,20,3,0.03,0.001,0.001,0.9899841057977268,0.0003123511894435,0.0060160160064697,0.0003045977425032,0.9906899280669448,0.0003222249871755,0.9896939734016976,1.0
synch,outer_2,streed,4,20,3,0.03,0.0001,0.1,0.569573069705473,0.013827219431804,55.467307329177856,0.0161866150881349,0.5052538814478864,0.0150587791515405,0.5183608203879524,2.0
synch,outer_2,streed,4,20,3,0.03,0.0001,0.001,0.9901318674835676,0.0003076758046432,0.005953311920166,0.000299986356598,0.9908308757119796,0.0003173772597753,0.98984902285322,1.0
synch,outer_2,streed,4,20,3,0.03,1e-05,0.1,0.569579370947819,0.0138270353157188,55.35195779800415,0.0161864818953062,0.505257952505034,0.0150586541835786,0.5183648173565031,2.0
synch,outer_2,streed,4,20,3,0.03,1e-05,0.001,0.9901467405613862,0.0003072053228303,0.0059804916381835,0.0002995223266097,0.9908450588524524,0.0003168892544145,0.9898646311903384,1.0
synch,outer_2,streed,4,20,3,0.01,0.1,0.1,0.5594254395268745,0.0141171584058098,52.4814031124115,0.0160462761015887,0.5095433618918976,0.014708596819876,0.5295610331834422,3.0
synch,outer_2,streed,4,20,3,0.01,0.1,0.001,0.9741158315610648,0.0008129939281684,25.3081967830658,0.0006421001712817,0.9803741198679558,0.0008636853638122,0.9723759339397104,4.0
synch,outer_2,streed,4,20,3,0.01,0.01,0.1,0.564248532061546,0.0139753582397699,52.32377576828003,0.0159662474446716,0.5119894488079741,0.0146332087851731,0.5319722400164457,3.0
synch,outer_2,streed,4,20,3,0.01,0.01,0.001,0.9944031141431576,0.0001895466785177,0.8890409469604492,0.000426123790935,0.9869754676663468,0.0004503385587965,0.9855963958416748,1.0
synch,outer_2,streed,4,20,3,0.01,0.001,0.1,0.5695101697291832,0.0138290573308496,52.288569688797,0.0159569386498407,0.5122739734035066,0.0146244365586975,0.5322528104345757,3.0
synch,outer_2,streed,4,20,3,0.01,0.001,0.001,0.9899841057977268,0.0003123511894435,0.0504887104034423,0.0003045977425032,0.9906899280669448,0.0003222249871755,0.9896939734016976,1.0
synch,outer_2,streed,4,20,3,0.01,0.0001,0.1,0.569573069705473,0.013827219431804,52.3682975769043,0.0159559925081918,0.5123028923532587,0.0146235449177653,0.5322813286300259,3.0
synch,outer_2,streed,4,20,3,0.01,0.0001,0.001,0.9939258304851418,0.0002028997721775,0.0477769374847412,0.000299986356598,0.9908308757119796,0.0003173772597753,0.98984902285322,1.0
synch,outer_2,streed,4,20,3,0.01,1e-05,0.1,0.569579370947819,0.0138270353157188,55.31401205062866,0.0159558977388252,0.5123057889919962,0.0146234556070479,0.5322841851391888,3.0
synch,outer_2,streed,4,20,3,0.01,1e-05,0.001,0.9939419765495828,0.0002023941349117,0.0512053966522216,0.0002995223266097,0.9908450588524524,0.0003168892544145,0.9898646311903384,1.0
synch,outer_2,streed,4,20,3,0.008,0.1,0.1,0.5594254395268745,0.0141171584058098,52.43016266822815,0.0160462761015887,0.5095433618918976,0.014708596819876,0.5295610331834422,3.0
synch,outer_2,streed,4,20,3,0.008,0.1,0.001,0.974713326789408,0.0007903921086691,31.430726051330566,0.0006421001712817,0.9803741198679558,0.0008636853638122,0.9723759339397104,4.0
synch,outer_2,streed,4,20,3,0.008,0.01,0.1,0.5634901257694804,0.0139963027777758,52.23215103149414,0.0159662474446716,0.5119894488079741,0.0146332087851731,0.5319722400164457,3.0
synch,outer_2,streed,4,20,3,0.008,0.01,0.001,0.9963517093938896,0.0001158359674606,1.034705400466919,0.0001051769948006,0.996785250674382,0.0001318651694794,0.9957824315365562,2.0
synch,outer_2,streed,4,20,3,0.008,0.001,0.1,0.5640981848936286,0.0139785174859957,52.22474265098572,0.0159569386498407,0.5122739734035066,0.0146244365586975,0.5322528104345757,3.0
synch,outer_2,streed,4,20,3,0.008,0.001,0.001,0.9970179314314396,0.000104728034347,0.0574560165405273,3.758509930747285e-05,0.9988512062653916,4.138903330178675e-05,0.9986762153927752,2.0
synch,outer_2,streed,4,20,3,0.008,0.0001,0.1,0.564159734222857,0.0139767168871137,52.19060754776001,0.0159559925081918,0.5123028923532587,0.0146235449177653,0.5322813286300259,3.0
synch,outer_2,streed,4,20,3,0.008,0.0001,0.001,0.9970482647188822,0.0001033209333694,0.0538954734802246,3.3259301844443e-05,0.998983424860374,3.676191586541888e-05,0.9988242088671196,2.0
synch,outer_2,streed,4,20,3,0.008,1e-05,0.1,0.5641658967740237,0.0139765366011953,52.23992657661438,0.0159558977388252,0.5123057889919962,0.0146234556070479,0.5322841851391888,3.0
synch,outer_2,streed,4,20,3,0.008,1e-05,0.001,0.9970636800892306,0.0001028385989705,0.05534029006958,3.283843497605817e-05,0.9989962887141464,3.631120490760235e-05,0.998838624382068,2.0
synch,outer_2,streed,4,20,3,0.005,0.1,0.1,0.5578934559509036,0.0141594664517307,51.93938088417053,0.0160462761015887,0.5095433618918976,0.014708596819876,0.5295610331834422,3.0
synch,outer_2,streed,4,20,3,0.005,0.1,0.001,0.980423451081928,0.0006182338634034,39.78396916389465,0.0005607510642365,0.9828605665239828,0.0007156746113335,0.9771099018583724,6.0
synch,outer_2,streed,4,20,3,0.005,0.01,0.1,0.5634901257694804,0.0139963027777758,52.00995182991028,0.0159662474446716,0.5119894488079741,0.0146332087851731,0.5319722400164457,3.0
synch,outer_2,streed,4,20,3,0.005,0.01,0.001,0.9963517093938896,0.0001158359674606,16.85179090499878,0.0001051769948006,0.996785250674382,0.0001318651694794,0.9957824315365562,2.0
synch,outer_2,streed,4,20,3,0.005,0.001,0.1,0.5640981848936286,0.0139785174859957,51.68434977531433,0.0159569386498407,0.5122739734035066,0.0146244365586975,0.5322528104345757,3.0
synch,outer_2,streed,4,20,3,0.005,0.001,0.001,0.9987071731560416,4.082804864143318e-05,1.0669879913330078,3.758509930747285e-05,0.9988512062653916,4.138903330178675e-05,0.9986762153927752,2.0
synch,outer_2,streed,4,20,3,0.005,0.0001,0.1,0.564159734222857,0.0139767168871137,51.79162502288818,0.0159559925081918,0.5123028923532587,0.0146235449177653,0.5322813286300259,3.0
synch,outer_2,streed,4,20,3,0.005,0.0001,0.001,0.9988113665847156,3.662699467296234e-05,1.0714693069458008,3.3259301844443e-05,0.998983424860374,3.676191586541888e-05,0.9988242088671196,2.0
synch,outer_2,streed,4,20,3,0.005,1e-05,0.1,0.5641658967740237,0.0139765366011953,51.71926403045654,0.0159558977388252,0.5123057889919962,0.0146234556070479,0.5322841851391888,3.0
synch,outer_2,streed,4,20,3,0.005,1e-05,0.001,0.9988259131799276,3.617752396549208e-05,1.0732665061950684,3.283843497605817e-05,0.9989962887141464,3.631120490760235e-05,0.998838624382068,2.0
synch,outer_2,streed,4,20,3,0.003,0.1,0.1,0.5578934559509036,0.0141594664517307,51.68328499794006,0.0160462761015887,0.5095433618918976,0.014708596819876,0.5295610331834422,3.0
synch,outer_2,streed,4,20,3,0.003,0.1,0.001,0.983308924913606,0.0005282757640387,48.02286624908447,0.000489173163068,0.9850483549272014,0.0005915763541781,0.9810790538172476,7.0
synch,outer_2,streed,4,20,3,0.003,0.01,0.1,0.5634901257694804,0.0139963027777758,51.75634455680847,0.0159662474446716,0.5119894488079741,0.0146332087851731,0.5319722400164457,3.0
synch,outer_2,streed,4,20,3,0.003,0.01,0.001,0.9963517093938896,0.0001158359674606,29.119617462158203,0.0001051769948006,0.996785250674382,0.0001318651694794,0.9957824315365562,2.0
synch,outer_2,streed,4,20,3,0.003,0.001,0.1,0.5640981848936286,0.0139785174859957,51.89766240119934,0.0159569386498407,0.5122739734035066,0.0146244365586975,0.5322528104345757,3.0
synch,outer_2,streed,4,20,3,0.003,0.001,0.001,0.9987071731560416,4.082804864143318e-05,19.334611177444454,3.758509930747285e-05,0.9988512062653916,4.138903330178675e-05,0.9986762153927752,2.0
synch,outer_2,streed,4,20,3,0.003,0.0001,0.1,0.564159734222857,0.0139767168871137,51.805238008499146,0.0159559925081918,0.5123028923532587,0.0146235449177653,0.5322813286300259,3.0
synch,outer_2,streed,4,20,3,0.003,0.0001,0.001,0.9988113665847156,3.662699467296234e-05,17.701602935791016,3.3259301844443e-05,0.998983424860374,3.676191586541888e-05,0.9988242088671196,2.0
synch,outer_2,streed,4,20,3,0.003,1e-05,0.1,0.5641658967740237,0.0139765366011953,51.82810950279236,0.0159558977388252,0.5123057889919962,0.0146234556070479,0.5322841851391888,3.0
synch,outer_2,streed,4,20,3,0.003,1e-05,0.001,0.9988259131799276,3.617752396549208e-05,17.683478832244873,3.283843497605817e-05,0.9989962887141464,3.631120490760235e-05,0.998838624382068,2.0
synch,outer_2,streed,4,20,3,0.001,0.1,0.1,0.5594210904740234,0.0141172785114889,51.77837419509888,0.0160462761015887,0.5095433618918976,0.014708596819876,0.5295610331834422,3.0
synch,outer_2,streed,4,20,3,0.001,0.1,0.001,0.9881645089341204,0.0003741609776889,61.10870099067688,0.0002321482993137,0.9929043552720216,0.0002653158094535,0.9915141534703864,13.0
synch,outer_2,streed,4,20,3,0.001,0.01,0.1,0.5647324036820907,0.013961995392372,51.61100482940674,0.0159662474446716,0.5119894488079741,0.0146332087851731,0.5319722400164457,3.0
synch,outer_2,streed,4,20,3,0.001,0.01,0.001,0.9933498955432832,0.0002082032789001,38.57722687721253,0.0001595547218625,0.9951231879606478,0.0001690757445008,0.9945922905134472,9.0
synch,outer_2,streed,4,20,3,0.001,0.001,0.1,0.5653089928384635,0.0139450791913985,51.5670325756073,0.0159569386498407,0.5122739734035066,0.0146244365586975,0.5322528104345757,3.0
synch,outer_2,streed,4,20,3,0.001,0.001,0.001,0.9993309330713288,2.0357039827057388e-05,31.654662609100345,1.6762046704716276e-05,0.9994876657348684,1.3198919671112138e-05,0.9995778464656274,3.0
synch,outer_2,streed,4,20,3,0.001,0.0001,0.1,0.5653673573289602,0.0139433665466599,51.46116876602173,0.0159559925081918,0.5123028923532587,0.0146235449177653,0.5322813286300259,3.0
synch,outer_2,streed,4,20,3,0.001,0.0001,0.001,0.999165985539607,2.455317266010048e-05,31.189425945281982,1.1370449407608374e-05,0.9996524606485064,1.0279821772763218e-05,0.999671210735255,3.0
synch,outer_2,streed,4,20,3,0.001,1e-05,0.1,0.5653732010068022,0.0139431950669113,51.44591522216797,0.0159558977388252,0.5123057889919962,0.0146234556070479,0.5322841851391888,3.0
synch,outer_2,streed,4,20,3,0.001,1e-05,0.001,0.9995573510112994,1.3702236569034732e-05,31.132976293563843,1.3771236465480091e-05,0.9995790802615704,1.5177891083714576e-05,0.999514551150778,3.0
synch,outer_2,streed,4,20,3,0.0005,0.1,0.1,0.5594210904740234,0.0141172785114889,51.765759229660034,0.0160462761015887,0.5095433618918976,0.014708596819876,0.5295610331834422,3.0
synch,outer_2,streed,4,20,3,0.0005,0.1,0.001,0.9881645089341204,0.0003741609776889,65.72190427780151,0.0002146154855628,0.9934402481380284,0.0002334034933457,0.9925348352663692,14.0
synch,outer_2,streed,4,20,3,0.0005,0.01,0.1,0.5647324036820907,0.013961995392372,51.90046763420105,0.0159662474446716,0.5119894488079741,0.0146332087851731,0.5319722400164457,3.0
synch,outer_2,streed,4,20,3,0.0005,0.01,0.001,0.9932476598221812,0.0002098108675498,50.42021059989929,0.0001658587585079,0.9949305042127172,0.0001792809806043,0.9942658867927224,14.0
synch,outer_2,streed,4,20,3,0.0005,0.001,0.1,0.5653089928384635,0.0139450791913985,51.59472918510437,0.0159569386498407,0.5122739734035066,0.0146244365586975,0.5322528104345757,3.0
synch,outer_2,streed,4,20,3,0.0005,0.001,0.001,0.9962530216912509,0.0001181526760061,33.553571939468384,0.0001138763019123,0.996519355154897,0.0001313685684443,0.9957983147972622,10.0
synch,outer_2,streed,4,20,3,0.0005,0.0001,0.1,0.5653673573289602,0.0139433665466599,51.56095457077026,0.0159559925081918,0.5123028923532587,0.0146235449177653,0.5322813286300259,3.0
synch,outer_2,streed,4,20,3,0.0005,0.0001,0.001,0.9974360709827396,8.077703858696166e-05,30.711328268051147,6.096423507956859e-05,0.9981366197619524,6.488630275965413e-05,0.997924679994658,6.0
synch,outer_2,streed,4,20,3,0.0005,1e-05,0.1,0.5653732010068022,0.0139431950669113,51.41253137588501,0.0159558977388252,0.5123057889919962,0.0146234556070479,0.5322841851391888,3.0
synch,outer_2,streed,4,20,3,0.0005,1e-05,0.001,0.9974595079875757,8.00524130242525e-05,30.89478039741516,5.953505598620164e-05,0.9981803028176937,6.368621756297528e-05,0.997963063454816,6.0
synch,outer_2,streed,4,20,3,0.0001,0.1,0.1,0.5594210904740234,0.0141172785114889,51.47201991081238,0.0160462761015887,0.5095433618918976,0.014708596819876,0.5295610331834422,3.0
synch,outer_2,streed,4,20,3,0.0001,0.1,0.001,0.9881645089341204,0.0003741609776889,70.10505890846252,0.0001933039258387,0.9940916388949232,0.0001877665712384,0.9939944841198756,16.0
synch,outer_2,streed,4,20,3,0.0001,0.01,0.1,0.5647324036820907,0.013961995392372,51.37141680717468,0.0159662474446716,0.5119894488079741,0.0146332087851731,0.5319722400164457,3.0
synch,outer_2,streed,4,20,3,0.0001,0.01,0.001,0.9933942598424108,0.0002057622860342,57.57799911499024,0.0001446239730671,0.9955795483530712,0.0001332062102396,0.9957395397612624,16.0
synch,outer_2,streed,4,20,3,0.0001,0.001,0.1,0.5653089928384635,0.0139450791913985,51.25121688842773,0.0159569386498407,0.5122739734035066,0.0146244365586975,0.5322528104345757,3.0
synch,outer_2,streed,4,20,3,0.0001,0.001,0.001,0.9958333483130556,0.0001305791206008,48.67528820037842,0.0001126138366937,0.9965579425781044,9.978237471718808e-05,0.9968085659126216,16.0
synch,outer_2,streed,4,20,3,0.0001,0.0001,0.1,0.5653673573289602,0.0139433665466599,51.2592339515686,0.0159559925081918,0.5123028923532587,0.0146235449177653,0.5322813286300259,3.0
synch,outer_2,streed,4,20,3,0.0001,0.0001,0.001,0.996197360982198,0.0001194134574807,46.1612491607666,0.0001071253028671,0.9967257003701112,9.452070342805673e-05,0.996976854923144,16.0
synch,outer_2,streed,4,20,3,0.0001,1e-05,0.1,0.5653732010068022,0.0139431950669113,51.28900623321533,0.0159558977388252,0.5123057889919962,0.0146234556070479,0.5322841851391888,3.0
synch,outer_2,streed,4,20,3,0.0001,1e-05,0.001,0.9962348947478128,0.000118261561856,45.9886474609375,0.0001065346811484,0.9967437528042536,9.3957957940264e-05,0.9969948537444524,16.0
synch,outer_3,streed,4,20,3,0.1,0.1,0.1,0.5624361456985979,0.0143375770601067,44.2770254611969,0.0155097426656554,0.5328947020175492,0.0179369257599341,0.3938878022569682,2.0
synch,outer_3,streed,4,20,3,0.1,0.1,0.001,0.973752623286782,0.0008601313025022,0.0051016807556152,0.0008354944790238,0.9748375001442592,0.0008960316155836,0.9697219189599516,1.0
synch,outer_3,streed,4,20,3,0.1,0.01,0.1,0.5786395147401461,0.0137737551868891,44.524346590042114,0.0151135688492388,0.544826227418026,0.0174533440449671,0.4102286613300239,2.0
synch,outer_3,streed,4,20,3,0.1,0.01,0.001,0.9858426013430904,0.000461606745696,0.0051577091217041,0.0004422588089689,0.9866805376980085,0.0004369182658384,0.9852359599473298,1.0
synch,outer_3,streed,4,20,3,0.1,0.001,0.1,0.5805304731066813,0.013707916166037,44.43058729171753,0.0150681829644523,0.5461931093640633,0.0173978961661158,0.4121023177280363,2.0
synch,outer_3,streed,4,20,3,0.1,0.001,0.001,0.9897515461072374,0.0003336237670524,0.0051960945129394,0.0003177809481697,0.9904294244148434,0.0003092185025943,0.9895511020841216,1.0
synch,outer_3,streed,4,20,3,0.1,0.0001,0.1,0.5807225806283839,0.0137012271129747,44.53019285202026,0.0150635781521336,0.5463317920151343,0.0173922699384577,0.4122924353243559,2.0
synch,outer_3,streed,4,20,3,0.1,0.0001,0.001,0.9898995919722756,0.0003287640874249,0.0052840709686279,0.0003130300358468,0.9905725071444632,0.0003038816197524,0.9897314423403992,1.0
synch,outer_3,streed,4,20,3,0.1,1e-05,0.1,0.5807418222320985,0.0137005571302437,44.54269456863403,0.0150631169988569,0.5463456805201439,0.0173917064891817,0.4123114750128492,2.0
synch,outer_3,streed,4,20,3,0.1,1e-05,0.001,0.989914500123415,0.0003282747668487,0.005321979522705,0.0003125517907888,0.9905869104008626,0.0003033450773072,0.9897495728118626,1.0
synch,outer_3,streed,4,20,3,0.08,0.1,0.1,0.5644574170969625,0.0142651070190423,52.95166397094727,0.0155097426656554,0.5328947020175492,0.0179369257599341,0.3938878022569682,2.0
synch,outer_3,streed,4,20,3,0.08,0.1,0.001,0.973752623286782,0.0008601313025022,0.0054564476013183,0.0008354944790238,0.9748375001442592,0.0008960316155836,0.9697219189599516,1.0
synch,outer_3,streed,4,20,3,0.08,0.01,0.1,0.5773134131010633,0.0138213008258952,52.847044467926025,0.0151135688492388,0.544826227418026,0.0174533440449671,0.4102286613300239,2.0
synch,outer_3,streed,4,20,3,0.08,0.01,0.001,0.9858426013430904,0.000461606745696,0.00557541847229,0.0004422588089689,0.9866805376980085,0.0004369182658384,0.9852359599473298,1.0
synch,outer_3,streed,4,20,3,0.08,0.001,0.1,0.5787343875552486,0.0137723124632254,53.28377103805542,0.0150681829644523,0.5461931093640633,0.0173978961661158,0.4121023177280363,2.0
synch,outer_3,streed,4,20,3,0.08,0.001,0.001,0.9897515461072374,0.0003336237670524,0.0055000782012939,0.0003177809481697,0.9904294244148434,0.0003092185025943,0.9895511020841216,1.0
synch,outer_3,streed,4,20,3,0.08,0.0001,0.1,0.5788787001700639,0.0137673370340079,52.90001893043518,0.0150635781521336,0.5463317920151343,0.0173922699384577,0.4122924353243559,2.0
synch,outer_3,streed,4,20,3,0.08,0.0001,0.001,0.9898995919722756,0.0003287640874249,0.0055422782897949,0.0003130300358468,0.9905725071444632,0.0003038816197524,0.9897314423403992,1.0
synch,outer_3,streed,4,20,3,0.08,1e-05,0.1,0.5788931543029775,0.0137668386997778,52.9835696220398,0.0150631169988569,0.5463456805201439,0.0173917064891817,0.4123114750128492,2.0
synch,outer_3,streed,4,20,3,0.08,1e-05,0.001,0.989914500123415,0.0003282747668487,0.0055644512176513,0.0003125517907888,0.9905869104008626,0.0003033450773072,0.9897495728118626,1.0
synch,outer_3,streed,4,20,3,0.05,0.1,0.1,0.5644574170969625,0.0142651070190423,54.67131876945496,0.0155097426656554,0.5328947020175492,0.0179369257599341,0.3938878022569682,2.0
synch,outer_3,streed,4,20,3,0.05,0.1,0.001,0.973752623286782,0.0008601313025022,0.0068771839141845,0.0008354944790238,0.9748375001442592,0.0008960316155836,0.9697219189599516,1.0
synch,outer_3,streed,4,20,3,0.05,0.01,0.1,0.5773134131010633,0.0138213008258952,54.65786671638489,0.0151135688492388,0.544826227418026,0.0174533440449671,0.4102286613300239,2.0
synch,outer_3,streed,4,20,3,0.05,0.01,0.001,0.9858426013430904,0.000461606745696,0.0057182312011718,0.0004422588089689,0.9866805376980085,0.0004369182658384,0.9852359599473298,1.0
synch,outer_3,streed,4,20,3,0.05,0.001,0.1,0.5787343875552486,0.0137723124632254,54.60241508483887,0.0150681829644523,0.5461931093640633,0.0173978961661158,0.4121023177280363,2.0
synch,outer_3,streed,4,20,3,0.05,0.001,0.001,0.9897515461072374,0.0003336237670524,0.0056982040405273,0.0003177809481697,0.9904294244148434,0.0003092185025943,0.9895511020841216,1.0
synch,outer_3,streed,4,20,3,0.05,0.0001,0.1,0.5788787001700639,0.0137673370340079,54.71743321418762,0.0150635781521336,0.5463317920151343,0.0173922699384577,0.4122924353243559,2.0
synch,outer_3,streed,4,20,3,0.05,0.0001,0.001,0.9898995919722756,0.0003287640874249,0.0058763027191162,0.0003130300358468,0.9905725071444632,0.0003038816197524,0.9897314423403992,1.0
synch,outer_3,streed,4,20,3,0.05,1e-05,0.1,0.5788931543029775,0.0137668386997778,54.717249631881714,0.0150631169988569,0.5463456805201439,0.0173917064891817,0.4123114750128492,2.0
synch,outer_3,streed,4,20,3,0.05,1e-05,0.001,0.989914500123415,0.0003282747668487,0.0057959556579589,0.0003125517907888,0.9905869104008626,0.0003033450773072,0.9897495728118626,1.0
synch,outer_3,streed,4,20,3,0.03,0.1,0.1,0.5644574170969625,0.0142651070190423,55.00419330596924,0.0155097426656554,0.5328947020175492,0.0179369257599341,0.3938878022569682,2.0
synch,outer_3,streed,4,20,3,0.03,0.1,0.001,0.973752623286782,0.0008601313025022,0.0615501403808593,0.0008354944790238,0.9748375001442592,0.0008960316155836,0.9697219189599516,1.0
synch,outer_3,streed,4,20,3,0.03,0.01,0.1,0.5773134131010633,0.0138213008258952,55.05596017837525,0.0151135688492388,0.544826227418026,0.0174533440449671,0.4102286613300239,2.0
synch,outer_3,streed,4,20,3,0.03,0.01,0.001,0.9858426013430904,0.000461606745696,0.0072414875030517,0.0004422588089689,0.9866805376980085,0.0004369182658384,0.9852359599473298,1.0
synch,outer_3,streed,4,20,3,0.03,0.001,0.1,0.5787343875552486,0.0137723124632254,55.0560576915741,0.0150681829644523,0.5461931093640633,0.0173978961661158,0.4121023177280363,2.0
synch,outer_3,streed,4,20,3,0.03,0.001,0.001,0.9897515461072374,0.0003336237670524,0.0059802532196044,0.0003177809481697,0.9904294244148434,0.0003092185025943,0.9895511020841216,1.0
synch,outer_3,streed,4,20,3,0.03,0.0001,0.1,0.5788787001700639,0.0137673370340079,55.0245246887207,0.0150635781521336,0.5463317920151343,0.0173922699384577,0.4122924353243559,2.0
synch,outer_3,streed,4,20,3,0.03,0.0001,0.001,0.9898995919722756,0.0003287640874249,0.0058948993682861,0.0003130300358468,0.9905725071444632,0.0003038816197524,0.9897314423403992,1.0
synch,outer_3,streed,4,20,3,0.03,1e-05,0.1,0.5788931543029775,0.0137668386997778,54.6423499584198,0.0150631169988569,0.5463456805201439,0.0173917064891817,0.4123114750128492,2.0
synch,outer_3,streed,4,20,3,0.03,1e-05,0.001,0.989914500123415,0.0003282747668487,0.0053596496582031,0.0003125517907888,0.9905869104008626,0.0003033450773072,0.9897495728118626,1.0
synch,outer_3,streed,4,20,3,0.01,0.1,0.1,0.5430202751906351,0.0149547804054493,51.2612841129303,0.0159035032630156,0.5210358552830383,0.0168863568764678,0.4293878998411672,3.0
synch,outer_3,streed,4,20,3,0.01,0.1,0.001,0.9756150828738838,0.0008036663750766,24.558353424072266,0.0007005191056142,0.9789025393506428,0.0007078656682386,0.9760802925972212,3.0
synch,outer_3,streed,4,20,3,0.01,0.01,0.1,0.5512722026915695,0.0146655377656447,51.22468852996826,0.0156357502888177,0.5290997436075913,0.0165369306569694,0.4411954691361389,3.0
synch,outer_3,streed,4,20,3,0.01,0.01,0.001,0.9910312889047664,0.0003017810846744,0.8441531658172607,9.680008830467403e-05,0.9970846818630712,0.0001025005187943,0.9965363733145955,2.0
synch,outer_3,streed,4,20,3,0.01,0.001,0.1,0.5520944442365444,0.014636808831438,51.11084508895874,0.0156049385483065,0.530027697574533,0.0164968347797281,0.4425503613066496,3.0
synch,outer_3,streed,4,20,3,0.01,0.001,0.001,0.994082762925016,0.000200210532453,0.0498621463775634,0.0003177809481697,0.9904294244148434,0.0003092185025943,0.9895511020841216,1.0
synch,outer_3,streed,4,20,3,0.01,0.0001,0.1,0.5521775598413432,0.0146339050028309,51.729082107543945,0.0156018107394681,0.5301218974662408,0.0164927658764772,0.4426878548729854,3.0
synch,outer_3,streed,4,20,3,0.01,0.0001,0.001,0.9942148368136398,0.0001958428330532,0.0485126972198486,0.0003130300358468,0.9905725071444632,0.0003038816197524,0.9897314423403992,1.0
synch,outer_3,streed,4,20,3,0.01,1e-05,0.1,0.5521858807067672,0.0146336142967714,53.44041538238525,0.0156014974849781,0.5301313317189575,0.016492358384026,0.4427016245762478,3.0
synch,outer_3,streed,4,20,3,0.01,1e-05,0.001,0.9942279605695556,0.0001954084766934,0.0462467670440673,0.0003125517907888,0.9905869104008626,0.0003033450773072,0.9897495728118626,1.0
synch,outer_3,streed,4,20,3,0.008,0.1,0.1,0.5430202751906351,0.0149547804054493,51.27867746353149,0.0159035032630156,0.5210358552830383,0.0168863568764678,0.4293878998411672,3.0
synch,outer_3,streed,4,20,3,0.008,0.1,0.001,0.9782198690731576,0.000718627059184,30.95842266082764,0.0006423391894216,0.980654737802644,0.0006711530374685,0.97732086044139,4.0
synch,outer_3,streed,4,20,3,0.008,0.01,0.1,0.5512722026915695,0.0146655377656447,51.30159759521485,0.0156357502888177,0.5290997436075913,0.0165369306569694,0.4411954691361389,3.0
synch,outer_3,streed,4,20,3,0.008,0.01,0.001,0.9966858975796828,0.000109744571347,1.0474252700805664,9.680008830467403e-05,0.9970846818630712,0.0001025005187943,0.9965363733145955,2.0
synch,outer_3,streed,4,20,3,0.008,0.001,0.1,0.5520944442365444,0.014636808831438,51.128907442092896,0.0156049385483065,0.530027697574533,0.0164968347797281,0.4425503613066496,3.0
synch,outer_3,streed,4,20,3,0.008,0.001,0.001,0.9988757415163674,3.7185747036930976e-05,0.0561809539794921,3.760449689086685e-05,0.9988674692995012,3.5087372910889625e-05,0.998814351746075,2.0
synch,outer_3,streed,4,20,3,0.008,0.0001,0.1,0.5521775598413432,0.0146339050028309,51.24515676498413,0.0156018107394681,0.5301218974662408,0.0164927658764772,0.4426878548729854,3.0
synch,outer_3,streed,4,20,3,0.008,0.0001,0.001,0.9990099762026372,3.273783159337881e-05,0.0538315773010253,3.1008505325918566e-05,0.9990661200877092,3.2959490936201564e-05,0.9988862556630268,2.0
synch,outer_3,streed,4,20,3,0.008,1e-05,0.1,0.5521858807067672,0.0146336142967714,51.24001860618591,0.0156014974849781,0.5301313317189575,0.016492358384026,0.4427016245762478,3.0
synch,outer_3,streed,4,20,3,0.008,1e-05,0.001,0.9990229923387218,3.2306533760621e-05,0.0532329082489013,3.059599326590645e-05,0.9990785436702836,3.2527616024746204e-05,0.998900849281534,2.0
synch,outer_3,streed,4,20,3,0.005,0.1,0.1,0.5430202751906351,0.0149547804054493,51.0669333934784,0.0159035032630156,0.5210358552830383,0.0168863568764678,0.4293878998411672,3.0
synch,outer_3,streed,4,20,3,0.005,0.1,0.001,0.9819884959966796,0.0005916104562871,38.39733028411865,0.0005523882583274,0.9833637805880946,0.000573536297534,0.9806194578471052,6.0
synch,outer_3,streed,4,20,3,0.005,0.01,0.1,0.5512722026915695,0.0146655377656447,51.05134296417236,0.0156357502888177,0.5290997436075913,0.0165369306569694,0.4411954691361389,3.0
synch,outer_3,streed,4,20,3,0.005,0.01,0.001,0.9966858975796828,0.000109744571347,16.634005308151245,9.680008830467403e-05,0.9970846818630712,0.0001025005187943,0.9965363733145955,2.0
synch,outer_3,streed,4,20,3,0.005,0.001,0.1,0.5520944442365444,0.014636808831438,50.85581374168396,0.0156049385483065,0.530027697574533,0.0164968347797281,0.4425503613066496,3.0
synch,outer_3,streed,4,20,3,0.005,0.001,0.001,0.9988757415163674,3.7185747036930976e-05,1.0835106372833252,3.760449689086685e-05,0.9988674692995012,3.5087372910889625e-05,0.998814351746075,2.0
synch,outer_3,streed,4,20,3,0.005,0.0001,0.1,0.5521775598413432,0.0146339050028309,50.79747414588928,0.0156018107394681,0.5301218974662408,0.0164927658764772,0.4426878548729854,3.0
synch,outer_3,streed,4,20,3,0.005,0.0001,0.001,0.9990099762026372,3.273783159337881e-05,1.0359249114990234,3.1008505325918566e-05,0.9990661200877092,3.2959490936201564e-05,0.9988862556630268,2.0
synch,outer_3,streed,4,20,3,0.005,1e-05,0.1,0.5521858807067672,0.0146336142967714,50.76264429092407,0.0156014974849781,0.5301313317189575,0.016492358384026,0.4427016245762478,3.0
synch,outer_3,streed,4,20,3,0.005,1e-05,0.001,0.9990229923387218,3.2306533760621e-05,1.0411477088928225,3.059599326590645e-05,0.9990785436702836,3.2527616024746204e-05,0.998900849281534,2.0
synch,outer_3,streed,4,20,3,0.003,0.1,0.1,0.5449303512928422,0.0148862971262246,50.9301598072052,0.0159035032630156,0.5210358552830383,0.0168863568764678,0.4293878998411672,3.0
synch,outer_3,streed,4,20,3,0.003,0.1,0.001,0.9842888971908784,0.0005174315997606,47.2960364818573,0.0004465326872363,0.9865518217531544,0.0005499707905998,0.981415767169558,8.0
synch,outer_3,streed,4,20,3,0.003,0.01,0.1,0.5534358596724026,0.0145879626758387,50.93762493133545,0.0156357502888177,0.5290997436075913,0.0165369306569694,0.4411954691361389,3.0
synch,outer_3,streed,4,20,3,0.003,0.01,0.001,0.9966858975796828,0.000109744571347,28.4245343208313,9.680008830467403e-05,0.9970846818630712,0.0001025005187943,0.9965363733145955,2.0
synch,outer_3,streed,4,20,3,0.003,0.001,0.1,0.554130214269427,0.014563818960805,51.03333878517151,0.0156049385483065,0.530027697574533,0.0164968347797281,0.4425503613066496,3.0
synch,outer_3,streed,4,20,3,0.003,0.001,0.001,0.9988757415163674,3.7185747036930976e-05,17.818007230758667,3.760449689086685e-05,0.9988674692995012,3.5087372910889625e-05,0.998814351746075,2.0
synch,outer_3,streed,4,20,3,0.003,0.0001,0.1,0.5542001848384895,0.0145613864302533,51.00218224525452,0.0156018107394681,0.5301218974662408,0.0164927658764772,0.4426878548729854,3.0
synch,outer_3,streed,4,20,3,0.003,0.0001,0.001,0.9990099762026372,3.273783159337881e-05,17.800463676452637,3.1008505325918566e-05,0.9990661200877092,3.2959490936201564e-05,0.9988862556630268,2.0
synch,outer_3,streed,4,20,3,0.003,1e-05,0.1,0.554207187611487,0.014561142982673,50.962483406066895,0.0156014974849781,0.5301313317189575,0.016492358384026,0.4427016245762478,3.0
synch,outer_3,streed,4,20,3,0.003,1e-05,0.001,0.9990229923387218,3.2306533760621e-05,17.808083295822144,3.059599326590645e-05,0.9990785436702836,3.2527616024746204e-05,0.998900849281534,2.0
synch,outer_3,streed,4,20,3,0.001,0.1,0.1,0.54105802226176,0.0150251344165186,50.970175981521606,0.0159035032630156,0.5210358552830383,0.0168863568764678,0.4293878998411672,3.0
synch,outer_3,streed,4,20,3,0.001,0.1,0.001,0.988959873249964,0.0003616422396262,61.09199905395508,0.00028713110602,0.9913525025057628,0.0003497173091176,0.988182594405806,11.0
synch,outer_3,streed,4,20,3,0.001,0.01,0.1,0.5479964002948359,0.0147829873740459,50.84695172309876,0.0156357502888177,0.5290997436075913,0.0165369306569694,0.4411954691361389,3.0
synch,outer_3,streed,4,20,3,0.001,0.01,0.001,0.9944108743429682,0.0001829065388759,37.60039472579956,0.0001592406259534,0.995204166720212,0.0001787727523573,0.9939590347154188,8.0
synch,outer_3,streed,4,20,3,0.001,0.001,0.1,0.5487172755820443,0.0147578927943691,50.86828875541687,0.0156049385483065,0.530027697574533,0.0164968347797281,0.4425503613066496,3.0
synch,outer_3,streed,4,20,3,0.001,0.001,0.001,0.9990982096576112,3.0737961204582766e-05,31.152441263198853,1.684795747109217e-05,0.9994925918266616,2.116294268453721e-05,0.9992848764680798,3.0
synch,outer_3,streed,4,20,3,0.001,0.0001,0.1,0.5488724293359258,0.0147524061321917,50.91444635391235,0.0156018107394681,0.5301218974662408,0.0164927658764772,0.4426878548729854,3.0
synch,outer_3,streed,4,20,3,0.001,0.0001,0.001,0.9993594283115276,2.177270972386592e-05,30.159005165100098,1.0354891173071867e-05,0.9996881428253684,9.774645642614184e-06,0.9996697019304256,3.0
synch,outer_3,streed,4,20,3,0.001,1e-05,0.1,0.5488798838586545,0.014752146487716,50.93971490859985,0.0156014974849781,0.5301313317189575,0.016492358384026,0.4427016245762478,3.0
synch,outer_3,streed,4,20,3,0.001,1e-05,0.001,0.999619056585954,1.2501366180291228e-05,30.15929269790649,1.0008205948807666e-05,0.999698583908014,9.440077312829244e-06,0.9996810074321808,3.0
synch,outer_3,streed,4,20,3,0.0005,0.1,0.1,0.5428608001756458,0.0149604981734316,51.06917476654053,0.0159035032630156,0.5210358552830383,0.0168863568764678,0.4293878998411672,3.0
synch,outer_3,streed,4,20,3,0.0005,0.1,0.001,0.988959873249964,0.0003616422396262,66.25956273078918,0.0002237922044145,0.9932600735819614,0.0002430187733065,0.9917880775806815,14.0
synch,outer_3,streed,4,20,3,0.0005,0.01,0.1,0.549920444128022,0.0147140033001043,50.8232581615448,0.0156357502888177,0.5290997436075913,0.0165369306569694,0.4411954691361389,3.0
synch,outer_3,streed,4,20,3,0.0005,0.01,0.001,0.994158783731372,0.0001907021175568,49.45828008651733,0.0001577893479033,0.9952478747094852,0.0001711367361221,0.9942170656982215,14.0
synch,outer_3,streed,4,20,3,0.0005,0.001,0.1,0.5506671496252435,0.0146879826120474,50.93197298049927,0.0156049385483065,0.530027697574533,0.0164968347797281,0.4425503613066496,3.0
synch,outer_3,streed,4,20,3,0.0005,0.001,0.001,0.9966977029657036,0.0001084561357387,32.55906867980957,8.264204867815984e-05,0.9975110780619736,8.59131355801679e-05,0.9970968827034002,9.0
synch,outer_3,streed,4,20,3,0.0005,0.0001,0.1,0.5488724293359258,0.0147524061321917,50.82519197463989,0.0156018107394681,0.5301218974662408,0.0164927658764772,0.4426878548729854,3.0
synch,outer_3,streed,4,20,3,0.0005,0.0001,0.001,0.9972982192438224,8.839354053726379e-05,30.746155261993408,4.004328249944448e-05,0.9987940206483557,4.675903679062404e-05,0.9984199509474015,5.0
synch,outer_3,streed,4,20,3,0.0005,1e-05,0.1,0.5488798838586545,0.014752146487716,50.85470581054688,0.0156014974849781,0.5301313317189575,0.016492358384026,0.4427016245762478,3.0
synch,outer_3,streed,4,20,3,0.0005,1e-05,0.001,0.997443936773238,8.369150832841684e-05,30.796087503433228,3.964988565096021e-05,0.9988058685401032,4.626550453093764e-05,0.9984366280484044,5.0
synch,outer_3,streed,4,20,3,0.0001,0.1,0.1,0.5419410750811439,0.0149934737131936,50.987112283706665,0.0159035032630156,0.5210358552830383,0.0168863568764678,0.4293878998411672,3.0
synch,outer_3,streed,4,20,3,0.0001,0.1,0.001,0.9887130307318124,0.0003694897169235,69.84759521484375,0.000212696619465,0.9935942381536031,0.0002117667659536,0.9928441238125753,15.0
synch,outer_3,streed,4,20,3,0.0001,0.01,0.1,0.5478760530402298,0.0147817073689365,50.83430552482605,0.0156357502888177,0.5290997436075913,0.0165369306569694,0.4411954691361389,3.0
synch,outer_3,streed,4,20,3,0.0001,0.01,0.001,0.9939365213806256,0.0001982629783838,57.27582240104675,0.0001474028083949,0.9955606850337224,0.0001458291297587,0.9950722428404946,15.0
synch,outer_3,streed,4,20,3,0.0001,0.001,0.1,0.5486397873964092,0.0147551632559546,50.82948541641235,0.0156049385483065,0.530027697574533,0.0164968347797281,0.4425503613066496,3.0
synch,outer_3,streed,4,20,3,0.0001,0.001,0.001,0.9963380902297168,0.0001197559359151,47.588335037231445,0.000109207962276,0.9967109952201882,0.0001055146676589,0.9964345212794644,15.0
synch,outer_3,streed,4,20,3,0.0001,0.0001,0.1,0.5487994517592091,0.0147495236761644,50.52531528472901,0.0156018107394681,0.5301218974662408,0.0164927658764772,0.4426878548729854,3.0
synch,outer_3,streed,4,20,3,0.0001,0.0001,0.001,0.9966247980781956,0.0001103986332132,45.60439991950989,0.0001030697127087,0.9968958602405176,9.929382516947551e-05,0.996644731689183,15.0
synch,outer_3,streed,4,20,3,0.0001,1e-05,0.1,0.5488073596591038,0.0147492486578121,50.64741587638855,0.0156014974849781,0.5301313317189575,0.016492358384026,0.4427016245762478,3.0
synch,outer_3,streed,4,20,3,0.0001,1e-05,0.001,0.9966574590538108,0.0001093394326429,45.473384380340576,0.000102627204473,0.9969091872147784,9.748563722374922e-05,0.9967058327264724,15.0
synch,outer_4,streed,4,20,3,0.1,0.1,0.1,0.5280214201684156,0.0152867954481441,45.74966835975647,0.0148335000422605,0.5457679833473202,0.0139219950310951,0.5611197268367072,2.0
synch,outer_4,streed,4,20,3,0.1,0.1,0.001,0.974378046622617,0.0008267887399962,0.0052981376647949,0.0008088344171722,0.9752318409408764,0.0007346595516007,0.97684041806017,1.0
synch,outer_4,streed,4,20,3,0.1,0.01,0.1,0.5435517767518999,0.0147814478908945,45.89540243148804,0.0142963680081711,0.5622160614379992,0.0134129548009377,0.5771668317784623,2.0
synch,outer_4,streed,4,20,3,0.1,0.01,0.001,0.9867387456746995,0.0004263259735805,0.0053904056549072,0.0004128240225654,0.9873584866849804,0.0003987706771497,0.9874290585992818,1.0
synch,outer_4,streed,4,20,3,0.1,0.001,0.1,0.5453099259052376,0.0147242683490255,45.322874307632446,0.0142355479634002,0.5640784952203483,0.0133552877335716,0.5789847420866928,2.0
synch,outer_4,streed,4,20,3,0.1,0.001,0.001,0.9905438181423036,0.000303630374934,0.0054380893707275,0.0002927746804867,0.9910346423188408,0.0002856175447057,0.990996124782354,1.0
synch,outer_4,streed,4,20,3,0.1,0.0001,0.1,0.5454880685606218,0.0147184750263889,45.30578303337097,0.0142293853800973,0.5642672060865306,0.0133494443209455,0.5791689512121672,2.0
synch,outer_4,streed,4,20,3,0.1,0.0001,0.001,0.9906889452548878,0.0002989497617414,0.0055727958679199,0.0002881894577596,0.991175051187969,0.0002815863151187,0.9911232062199172,1.0
synch,outer_4,streed,4,20,3,0.1,1e-05,0.1,0.5455059064177302,0.0147178949303139,45.44951581954956,0.014228768305201,0.5642861021780642,0.013348859202337,0.5791873966299512,2.0
synch,outer_4,streed,4,20,3,0.1,1e-05,0.001,0.9907035472299368,0.0002984788614909,0.0053849220275878,0.0002877282619832,0.9911891739430172,0.0002811804913365,0.9911359995050744,1.0
synch,outer_4,streed,4,20,3,0.08,0.1,0.1,0.5280214201684156,0.0152867954481441,54.71896815299988,0.0148335000422605,0.5457679833473202,0.0139219950310951,0.5611197268367072,2.0
synch,outer_4,streed,4,20,3,0.08,0.1,0.001,0.974378046622617,0.0008267887399962,0.005542516708374,0.0008088344171722,0.9752318409408764,0.0007346595516007,0.97684041806017,1.0
synch,outer_4,streed,4,20,3,0.08,0.01,0.1,0.5435517767518999,0.0147814478908945,54.540489196777344,0.0142963680081711,0.5622160614379992,0.0134129548009377,0.5771668317784623,2.0
synch,outer_4,streed,4,20,3,0.08,0.01,0.001,0.9867387456746995,0.0004263259735805,0.0055849552154541,0.0004128240225654,0.9873584866849804,0.0003987706771497,0.9874290585992818,1.0
synch,outer_4,streed,4,20,3,0.08,0.001,0.1,0.5453099259052376,0.0147242683490255,54.54437756538391,0.0142355479634002,0.5640784952203483,0.0133552877335716,0.5789847420866928,2.0
synch,outer_4,streed,4,20,3,0.08,0.001,0.001,0.9905438181423036,0.000303630374934,0.0056028366088867,0.0002927746804867,0.9910346423188408,0.0002856175447057,0.990996124782354,1.0
synch,outer_4,streed,4,20,3,0.08,0.0001,0.1,0.5454880685606218,0.0147184750263889,54.63500595092773,0.0142293853800973,0.5642672060865306,0.0133494443209455,0.5791689512121672,2.0
synch,outer_4,streed,4,20,3,0.08,0.0001,0.001,0.9906889452548878,0.0002989497617414,0.0055673122406005,0.0002881894577596,0.991175051187969,0.0002815863151187,0.9911232062199172,1.0
synch,outer_4,streed,4,20,3,0.08,1e-05,0.1,0.5455059064177302,0.0147178949303139,54.617220878601074,0.014228768305201,0.5642861021780642,0.013348859202337,0.5791873966299512,2.0
synch,outer_4,streed,4,20,3,0.08,1e-05,0.001,0.9907035472299368,0.0002984788614909,0.0056440830230712,0.0002877282619832,0.9911891739430172,0.0002811804913365,0.9911359995050744,1.0
synch,outer_4,streed,4,20,3,0.05,0.1,0.1,0.5280214201684156,0.0152867954481441,54.89298725128174,0.0148335000422605,0.5457679833473202,0.0139219950310951,0.5611197268367072,2.0
synch,outer_4,streed,4,20,3,0.05,0.1,0.001,0.974378046622617,0.0008267887399962,0.0068747997283935,0.0008088344171722,0.9752318409408764,0.0007346595516007,0.97684041806017,1.0
synch,outer_4,streed,4,20,3,0.05,0.01,0.1,0.5435517767518999,0.0147814478908945,54.88002300262451,0.0142963680081711,0.5622160614379992,0.0134129548009377,0.5771668317784623,2.0
synch,outer_4,streed,4,20,3,0.05,0.01,0.001,0.9867387456746995,0.0004263259735805,0.0057339668273925,0.0004128240225654,0.9873584866849804,0.0003987706771497,0.9874290585992818,1.0
synch,outer_4,streed,4,20,3,0.05,0.001,0.1,0.5453099259052376,0.0147242683490255,54.925522327423096,0.0142355479634002,0.5640784952203483,0.0133552877335716,0.5789847420866928,2.0
synch,outer_4,streed,4,20,3,0.05,0.001,0.001,0.9905438181423036,0.000303630374934,0.0057184696197509,0.0002927746804867,0.9910346423188408,0.0002856175447057,0.990996124782354,1.0
synch,outer_4,streed,4,20,3,0.05,0.0001,0.1,0.5454880685606218,0.0147184750263889,54.49509358406067,0.0142293853800973,0.5642672060865306,0.0133494443209455,0.5791689512121672,2.0
synch,outer_4,streed,4,20,3,0.05,0.0001,0.001,0.9906889452548878,0.0002989497617414,0.0053102970123291,0.0002881894577596,0.991175051187969,0.0002815863151187,0.9911232062199172,1.0
synch,outer_4,streed,4,20,3,0.05,1e-05,0.1,0.5455059064177302,0.0147178949303139,53.011683225631714,0.014228768305201,0.5642861021780642,0.013348859202337,0.5791873966299512,2.0
synch,outer_4,streed,4,20,3,0.05,1e-05,0.001,0.9907035472299368,0.0002984788614909,0.0052764415740966,0.0002877282619832,0.9911891739430172,0.0002811804913365,0.9911359995050744,1.0
synch,outer_4,streed,4,20,3,0.03,0.1,0.1,0.4729861992382127,0.0170828867006198,53.025601387023926,0.0156680362745785,0.5202127823026899,0.01612488127941,0.4916754182984023,3.0
synch,outer_4,streed,4,20,3,0.03,0.1,0.001,0.974378046622617,0.0008267887399962,0.0591702461242675,0.0008088344171722,0.9752318409408764,0.0007346595516007,0.97684041806017,1.0
synch,outer_4,streed,4,20,3,0.03,0.01,0.1,0.481572995832977,0.0168036283452193,52.92231321334839,0.0154484604551251,0.5269366416072583,0.0158608443403338,0.4999989813860321,3.0
synch,outer_4,streed,4,20,3,0.03,0.01,0.001,0.9867387456746995,0.0004263259735805,0.0064747333526611,0.0004128240225654,0.9873584866849804,0.0003987706771497,0.9874290585992818,1.0
synch,outer_4,streed,4,20,3,0.03,0.001,0.1,0.4825534064119482,0.0167717412058183,53.20341444015503,0.0154236930633406,0.5276950696441627,0.0158310863555545,0.5009370791557513,3.0
synch,outer_4,streed,4,20,3,0.03,0.001,0.001,0.9905438181423036,0.000303630374934,0.0052552223205566,0.0002927746804867,0.9910346423188408,0.0002856175447057,0.990996124782354,1.0
synch,outer_4,streed,4,20,3,0.03,0.0001,0.1,0.4826528481496417,0.0167685068995584,53.116926193237305,0.0154211834014074,0.5277719206097355,0.0158280706557553,0.5010321467914384,3.0
synch,outer_4,streed,4,20,3,0.03,0.0001,0.001,0.9906889452548878,0.0002989497617414,0.0053224563598632,0.0002881894577596,0.991175051187969,0.0002815863151187,0.9911232062199172,1.0
synch,outer_4,streed,4,20,3,0.03,1e-05,0.1,0.4826628065421894,0.0167681830060944,52.99057555198669,0.0154209321001598,0.527779615966335,0.015827768678922,0.5010416663807504,3.0
synch,outer_4,streed,4,20,3,0.03,1e-05,0.001,0.9907035472299368,0.0002984788614909,0.0053787231445312,0.0002877282619832,0.9911891739430172,0.0002811804913365,0.9911359995050744,1.0
synch,outer_4,streed,4,20,3,0.01,0.1,0.1,0.4969805108121989,0.0163005137339458,52.21969938278198,0.0156680362745785,0.5202127823026899,0.01612488127941,0.4916754182984023,3.0
synch,outer_4,streed,4,20,3,0.01,0.1,0.001,0.9756146357220068,0.0007907958086819,27.300459623336792,0.0006820531247853,0.979114142619554,0.0005657655619594,0.982164672245282,3.0
synch,outer_4,streed,4,20,3,0.01,0.01,0.1,0.503555040751443,0.0160868685564089,51.7193968296051,0.0154484604551251,0.5269366416072583,0.0158608443403338,0.4999989813860321,3.0
synch,outer_4,streed,4,20,3,0.01,0.01,0.001,0.994986661770302,0.0001694695235875,0.8660058975219727,0.0004128240225654,0.9873584866849804,0.0003987706771497,0.9874290585992818,1.0
synch,outer_4,streed,4,20,3,0.01,0.001,0.1,0.5042981631760877,0.0160627185774046,51.56812262535095,0.0154236930633406,0.5276950696441627,0.0158310863555545,0.5009370791557513,3.0
synch,outer_4,streed,4,20,3,0.01,0.001,0.001,0.9905438181423036,0.000303630374934,0.0506527423858642,0.0002927746804867,0.9910346423188408,0.0002856175447057,0.990996124782354,1.0
synch,outer_4,streed,4,20,3,0.01,0.0001,0.1,0.5043734527703871,0.0160602717904707,51.597920179367065,0.0154211834014074,0.5277719206097355,0.0158280706557553,0.5010321467914384,3.0
synch,outer_4,streed,4,20,3,0.01,0.0001,0.001,0.9906889452548878,0.0002989497617414,0.0483884811401367,0.0002881894577596,0.991175051187969,0.0002815863151187,0.9911232062199172,1.0
synch,outer_4,streed,4,20,3,0.01,1e-05,0.1,0.5043809916419989,0.0160600267893628,51.613649129867554,0.0154209321001598,0.527779615966335,0.015827768678922,0.5010416663807504,3.0
synch,outer_4,streed,4,20,3,0.01,1e-05,0.001,0.9907035472299368,0.0002984788614909,0.0479485988616943,0.0002877282619832,0.9911891739430172,0.0002811804913365,0.9911359995050744,1.0
synch,outer_4,streed,4,20,3,0.008,0.1,0.1,0.5020201673385611,0.0161210043542134,51.64453649520874,0.0156680362745785,0.5202127823026899,0.01612488127941,0.4916754182984023,3.0
synch,outer_4,streed,4,20,3,0.008,0.1,0.001,0.9757058127636132,0.0007867174953158,33.45551943778992,0.0006475534631764,0.9801705926024824,0.0005685872559639,0.9820757204942794,4.0
synch,outer_4,streed,4,20,3,0.008,0.01,0.1,0.5085056250358768,0.0159105318736285,51.57535004615784,0.0154484604551251,0.5269366416072583,0.0158608443403338,0.4999989813860321,3.0
synch,outer_4,streed,4,20,3,0.008,0.01,0.001,0.996991202324486,9.806905618514926e-05,1.0543265342712402,9.845737265442622e-05,0.9969850344957204,7.825308040752494e-05,0.9975331313343802,2.0
synch,outer_4,streed,4,20,3,0.008,0.001,0.1,0.5092390002030734,0.0158867290857729,51.45574140548706,0.0154236930633406,0.5276950696441627,0.0158310863555545,0.5009370791557513,3.0
synch,outer_4,streed,4,20,3,0.008,0.001,0.001,0.9971130764128208,9.920860023935316e-05,0.0573124885559082,3.614319776803852e-05,0.9988932215887228,3.0040066195776637e-05,0.999053009828807,2.0
synch,outer_4,streed,4,20,3,0.008,0.0001,0.1,0.509313305872788,0.0158843173456107,51.63292860984802,0.0154211834014074,0.5277719206097355,0.0158280706557553,0.5010321467914384,3.0
synch,outer_4,streed,4,20,3,0.008,0.0001,0.001,0.9972432629194258,9.498058998600652e-05,0.0544760227203369,3.199406918809344e-05,0.9990202763658724,2.692041325580389e-05,0.9991513545079576,2.0
synch,outer_4,streed,4,20,3,0.008,1e-05,0.1,0.5093207462590786,0.0158840758524877,51.49897527694702,0.0154209321001598,0.527779615966335,0.015827768678922,0.5010416663807504,3.0
synch,outer_4,streed,4,20,3,0.008,1e-05,0.001,0.9972560467850916,9.456507449083764e-05,0.0547313690185546,2.8373900458372167e-05,0.9991311333138646,2.5450561215482115e-05,0.9991976904722734,2.0
synch,outer_4,streed,4,20,3,0.005,0.1,0.1,0.5020201673385611,0.0161210043542134,51.64386510848999,0.0156680362745785,0.5202127823026899,0.01612488127941,0.4916754182984023,3.0
synch,outer_4,streed,4,20,3,0.005,0.1,0.001,0.982151605007298,0.0005818928307035,43.19996047019959,0.0005318808383971,0.9837127242285532,0.000692065833162,0.9781831525419498,6.0
synch,outer_4,streed,4,20,3,0.005,0.01,0.1,0.5071618393333323,0.015954348159144,51.92356204986572,0.0154484604551251,0.5269366416072583,0.0158608443403338,0.4999989813860321,3.0
synch,outer_4,streed,4,20,3,0.005,0.01,0.001,0.996991202324486,9.806905618514926e-05,17.209027767181396,9.845737265442622e-05,0.9969850344957204,7.825308040752494e-05,0.9975331313343802,2.0
synch,outer_4,streed,4,20,3,0.005,0.001,0.1,0.507901555098121,0.0159303386259465,51.95384502410889,0.0154236930633406,0.5276950696441627,0.0158310863555545,0.5009370791557513,3.0
synch,outer_4,streed,4,20,3,0.005,0.001,0.001,0.9988509885024258,3.730527020039648e-05,1.0429744720458984,3.614319776803852e-05,0.9988932215887228,3.0040066195776637e-05,0.999053009828807,2.0
synch,outer_4,streed,4,20,3,0.005,0.0001,0.1,0.5079764952725747,0.0159279061967409,51.82621097564697,0.0154211834014074,0.5277719206097355,0.0158280706557553,0.5010321467914384,3.0
synch,outer_4,streed,4,20,3,0.005,0.0001,0.001,0.9989855882948024,3.292006149765008e-05,1.0725064277648926,3.199406918809344e-05,0.9990202763658724,2.692041325580389e-05,0.9991513545079576,2.0
synch,outer_4,streed,4,20,3,0.005,1e-05,0.1,0.507983999113382,0.0159276626345817,51.79791474342346,0.0154209321001598,0.527779615966335,0.015827768678922,0.5010416663807504,3.0
synch,outer_4,streed,4,20,3,0.005,1e-05,0.001,0.9989986612836363,3.2494247617998084e-05,1.0610344409942627,2.8373900458372167e-05,0.9991311333138646,2.5450561215482115e-05,0.9991976904722734,2.0
synch,outer_4,streed,4,20,3,0.003,0.1,0.1,0.5006137616278217,0.0161668624654105,51.81038546562195,0.0156680362745785,0.5202127823026899,0.01612488127941,0.4916754182984023,3.0
synch,outer_4,streed,4,20,3,0.003,0.1,0.001,0.984839262436339,0.0004907891955155,51.505802631378174,0.0004236492016334,0.9870269976294872,0.0005698940585342,0.9820345245401232,8.0
synch,outer_4,streed,4,20,3,0.003,0.01,0.1,0.5071618393333323,0.015954348159144,51.92789244651794,0.0154484604551251,0.5269366416072583,0.0158608443403338,0.4999989813860321,3.0
synch,outer_4,streed,4,20,3,0.003,0.01,0.001,0.996991202324486,9.806905618514926e-05,29.89616823196411,9.845737265442622e-05,0.9969850344957204,7.825308040752494e-05,0.9975331313343802,2.0
synch,outer_4,streed,4,20,3,0.003,0.001,0.1,0.507901555098121,0.0159303386259465,51.76211762428284,0.0154236930633406,0.5276950696441627,0.0158310863555545,0.5009370791557513,3.0
synch,outer_4,streed,4,20,3,0.003,0.001,0.001,0.9988509885024258,3.730527020039648e-05,19.01187801361084,3.614319776803852e-05,0.9988932215887228,3.0040066195776637e-05,0.999053009828807,2.0
synch,outer_4,streed,4,20,3,0.003,0.0001,0.1,0.5079764952725747,0.0159279061967409,52.04202461242676,0.0154211834014074,0.5277719206097355,0.0158280706557553,0.5010321467914384,3.0
synch,outer_4,streed,4,20,3,0.003,0.0001,0.001,0.9989855882948024,3.292006149765008e-05,18.84790086746216,3.199406918809344e-05,0.9990202763658724,2.692041325580389e-05,0.9991513545079576,2.0
synch,outer_4,streed,4,20,3,0.003,1e-05,0.1,0.507983999113382,0.0159276626345817,51.89243483543396,0.0154209321001598,0.527779615966335,0.015827768678922,0.5010416663807504,3.0
synch,outer_4,streed,4,20,3,0.003,1e-05,0.001,0.9989986612836363,3.2494247617998084e-05,19.005983352661133,2.8373900458372167e-05,0.9991311333138646,2.5450561215482115e-05,0.9991976904722734,2.0
synch,outer_4,streed,4,20,3,0.001,0.1,0.1,0.5014647369544099,0.0161415704232214,51.887943983078,0.0155812575229939,0.5228701246172169,0.0158412284771779,0.5006173565083429,4.0
synch,outer_4,streed,4,20,3,0.001,0.1,0.001,0.98945231792141,0.0003420504754303,63.95759224891663,0.0002032239178842,0.9937768692628408,0.000224507091746,0.9929225851946856,14.0
synch,outer_4,streed,4,20,3,0.001,0.01,0.1,0.5079986407065017,0.0159294773844307,51.891265630722046,0.0153592130290516,0.5296695797682396,0.0155723376391786,0.5090939350567977,4.0
synch,outer_4,streed,4,20,3,0.001,0.01,0.001,0.994111416496851,0.0001892478686883,41.11059665679932,0.0001516635447535,0.9953557530191895,0.0001533446083372,0.9951659281988784,9.0
synch,outer_4,streed,4,20,3,0.001,0.001,0.1,0.5087366025444269,0.0159055199801151,52.04125142097473,0.0153341894927632,0.5304358514721322,0.015542064522176,0.5100482719768953,4.0
synch,outer_4,streed,4,20,3,0.001,0.001,0.001,0.9993995738054124,1.9064297314346857e-05,33.309282064437866,1.595998430658098e-05,0.9995112727382836,1.391285931504111e-05,0.9995614077233164,3.0
synch,outer_4,streed,4,20,3,0.001,0.0001,0.1,0.5088113634449524,0.015903092879153,52.06497859954834,0.0153316541288616,0.5305134894843793,0.0155389969993498,0.5101449732939766,4.0
synch,outer_4,streed,4,20,3,0.001,0.0001,0.001,0.9995059518029632,1.562378942498003e-05,33.065571308135986,1.1977575093910668e-05,0.9996332222284684,1.0722628583412346e-05,0.9996619773135096,3.0
synch,outer_4,streed,4,20,3,0.001,1e-05,0.1,0.5088188493189706,0.015902849850989,52.05839514732361,0.0153314002565493,0.5305212635722265,0.0155386898371037,0.5101546563494692,4.0
synch,outer_4,streed,4,20,3,0.001,1e-05,0.001,0.9995159502728268,1.5298983703584896e-05,32.840670585632324,1.0513557000023352e-05,0.9996780534476214,1.0223582495024097e-05,0.999677709360756,3.0
synch,outer_4,streed,4,20,3,0.0005,0.1,0.1,0.5014264896370463,0.0161429327684885,52.04492545127869,0.0155812575229939,0.5228701246172169,0.0158412284771779,0.5006173565083429,4.0
synch,outer_4,streed,4,20,3,0.0005,0.1,0.001,0.98945231792141,0.0003420504754303,63.23003053665161,0.0002032239178842,0.9937768692628408,0.000224507091746,0.9929225851946856,14.0
synch,outer_4,streed,4,20,3,0.0005,0.01,0.1,0.5079402190235265,0.015931558327848,51.83695793151856,0.0153592130290516,0.5296695797682396,0.0155723376391786,0.5090939350567977,4.0
synch,outer_4,streed,4,20,3,0.0005,0.01,0.001,0.9939309197505036,0.0001960327418394,53.10811138153076,0.0001671982965151,0.994880047245046,0.0001866001121139,0.9941175738107976,14.0
synch,outer_4,streed,4,20,3,0.0005,0.001,0.1,0.5086762463555207,0.0159076698294108,52.07268786430359,0.0153341894927632,0.5304358514721322,0.015542064522176,0.5100482719768953,4.0
synch,outer_4,streed,4,20,3,0.0005,0.001,0.001,0.9967453853254488,0.0001052121972802,35.708796977996826,0.0001140284285013,0.9965082170164608,0.0001057574618058,0.9966660766921174,10.0
synch,outer_4,streed,4,20,3,0.0005,0.0001,0.1,0.5087508149961689,0.0159052495766239,52.17788624763489,0.0153316541288616,0.5305134894843793,0.0155389969993498,0.5101449732939766,4.0
synch,outer_4,streed,4,20,3,0.0005,0.0001,0.001,0.9974202239832216,8.199372691199799e-05,32.43093252182007,9.326083160981204e-05,0.997144163178202,9.151714847788836e-05,0.997114991706764,9.0
synch,outer_4,streed,4,20,3,0.0005,1e-05,0.1,0.5087582816565309,0.0159050072328383,52.05443787574768,0.0153314002565493,0.5305212635722265,0.0155386898371037,0.5101546563494692,4.0
synch,outer_4,streed,4,20,3,0.0005,1e-05,0.001,0.9982949993906822,5.594761009105152e-05,32.40751385688782,8.559825656936007e-05,0.9973788068498548,8.34471279137136e-05,0.9973693929489512,8.0
synch,outer_4,streed,4,20,3,0.0001,0.1,0.1,0.5014264896370463,0.0161429327684885,51.88557982444763,0.0156561665644884,0.5205762570278688,0.0145897589104387,0.5400689799343898,6.0
synch,outer_4,streed,4,20,3,0.0001,0.1,0.001,0.9894371197404552,0.0003425460364671,71.47606348991394,0.0001772569427641,0.9945720309874224,0.0002035457908932,0.9935833742140456,16.0
synch,outer_4,streed,4,20,3,0.0001,0.01,0.1,0.5079402190235265,0.015931558327848,51.85141324996948,0.0154505932855453,0.5268713299909714,0.0143129838760745,0.548794101758901,6.0
synch,outer_4,streed,4,20,3,0.0001,0.01,0.001,0.9937067170366976,0.0002033672315186,60.18116474151611,0.0001459051648326,0.9955320863536494,0.0001687700306541,0.9946796535273992,16.0
synch,outer_4,streed,4,20,3,0.0001,0.001,0.1,0.5086762463555207,0.0159076698294108,51.80592894554138,0.015427702638613,0.5275722882738382,0.0142821633700675,0.549765694699794,6.0
synch,outer_4,streed,4,20,3,0.0001,0.001,0.001,0.9961215115958574,0.0001253718432305,50.95866632461548,0.000106096759888,0.9967511008819911,0.0001169394075278,0.996313574383214,16.0
synch,outer_4,streed,4,20,3,0.0001,0.0001,0.1,0.5087508149961689,0.0159052495766239,51.6665141582489,0.0154253865495156,0.5276432116444831,0.0142790444363066,0.549864016707373,6.0
synch,outer_4,streed,4,20,3,0.0001,0.0001,0.001,0.996425042927798,0.0001155377640154,48.51022267341614,0.0001024181116498,0.9968637485917734,0.0001141522298258,0.9964014380341136,16.0
synch,outer_4,streed,4,20,3,0.0001,1e-05,0.1,0.5087582816565309,0.0159050072328383,51.64427351951599,0.0154251546659028,0.5276503123935168,0.0142787321673866,0.5498738607468687,6.0
synch,outer_4,streed,4,20,3,0.0001,1e-05,0.001,0.9964564780343916,0.0001145188903091,48.42268180847168,0.0001020077131084,0.9968763158319088,0.0001137143741603,0.9964152410999548,16.0
synch,mean,streed,4,20,3,0.0001,1e-05,0.001,0.9965555224844653,0.00010974634175173999,46.47971639633179,0.00010539556867665738,0.996757120459223,0.00011166106513296264,0.9965184718290667,15.4
synch,mean,streed,4,20,3,0.0001,1e-05,0.1,0.529971075907042,0.01512949325430742,50.83452978134155,0.01552012749005858,0.5225588743230302,0.015324583274832701,0.5194606008708174,4.0
synch,mean,streed,4,20,3,0.0001,0.0001,0.001,0.9965302356951982,0.00011057586557168,46.64923567771912,0.00010589949583000001,0.9967416052967287,0.00011247613865468646,0.9964923452388941,15.4
synch,mean,streed,4,20,3,0.0001,0.0001,0.1,0.5299637436952082,0.015129732724812581,50.82665939331055,0.01552031814167244,0.5225530326453054,0.0153248039537674,0.5194535537900764,4.0
synch,mean,streed,4,20,3,0.0001,0.001,0.001,0.9962237300461579,0.00012028923748594001,48.761778831481934,0.00011094108412276001,0.9965866517953245,0.00011790875574149763,0.9963221837012781,15.4
synch,mean,streed,4,20,3,0.0001,0.001,0.1,0.5298743936357062,0.015132702421891941,50.92689752578735,0.0155222220461381,0.5224946958095168,0.015327007724406141,0.5193831796826575,4.0
synch,mean,streed,4,20,3,0.0001,0.01,0.001,0.993781946057825,0.00019764859386853999,57.59424982070923,0.00014554836982196,0.9955232800416975,0.00015854468150790002,0.9950459928772352,15.4
synch,mean,streed,4,20,3,0.0001,0.01,0.1,0.5291561335637586,0.015156148595720259,50.94476146697998,0.01554100424396158,0.5219191892649435,0.01534874839104392,0.5186889540574311,4.0
synch,mean,streed,4,20,3,0.0001,0.1,0.001,0.9888871271650309,0.0003556348192044,69.47161893844604,0.00019612011739048,0.9939686458877561,0.00021611472716690002,0.9932389091632938,15.4
synch,mean,streed,4,20,3,0.0001,0.1,0.1,0.5229361314905819,0.015359645467619459,51.07922410964966,0.01570678237509244,0.5168388112631287,0.015540541146702818,0.5125673247658411,4.0
synch,mean,streed,4,20,3,0.0005,1e-05,0.001,0.99765428842583,7.513828482414953e-05,31.54912495613098,7.011298415281417e-05,0.9978368206697065,8.02009394870603e-05,0.997519393358394,7.0
synch,mean,streed,4,20,3,0.0005,1e-05,0.1,0.529985580746952,0.015130072820288198,51.076007986068724,0.015501376608187881,0.5231330645587721,0.015576574808776122,0.5115167599913375,3.6
synch,mean,streed,4,20,3,0.0005,0.0001,0.001,0.9973411055886696,8.505879030360017e-05,31.583257484436036,7.54446329387409e-05,0.9976720887017262,8.707910008786066e-05,0.997309288573555,7.4
synch,mean,streed,4,20,3,0.0005,0.0001,0.1,0.5299783392105515,0.01513030921601804,51.107832193374634,0.015501571657541641,0.5231270882132847,0.01557679446637604,0.5115097451073971,3.6
synch,mean,streed,4,20,3,0.0005,0.001,0.001,0.9965480571591379,0.00011032425666237998,34.24890532493591,0.00010375787849293197,0.9968059033101945,0.00011745348531353358,0.9963415247950156,9.6
synch,mean,streed,4,20,3,0.0005,0.001,0.1,0.5302798660814732,0.0151192662931105,51.11118016242981,0.01550351941696814,0.5230674084491757,0.01557898795482784,0.5114396951380777,3.6
synch,mean,streed,4,20,3,0.0005,0.01,0.001,0.9938675245479256,0.0001949875111726,50.462881326675415,0.0001617400628126,0.9950245985333858,0.00018795916292522,0.9941235190406585,13.8
synch,mean,streed,4,20,3,0.0005,0.01,0.1,0.529565011781317,0.01514260778195382,51.137184715271,0.01552272819266284,0.5224788392203973,0.01560061914366474,0.5107489207170104,3.6
synch,mean,streed,4,20,3,0.0005,0.1,0.001,0.988866944706668,0.00035619704346108,64.53878874778748,0.00020964909826856,0.993554138737695,0.00023809415947056,0.992533009057553,14.2
synch,mean,streed,4,20,3,0.0005,0.1,0.1,0.5231200765094823,0.015353050359667058,51.25528326034546,0.01576569367865632,0.5149716336805337,0.01589147678590812,0.5017278521560311,3.4
synch,mean,streed,4,20,3,0.001,1e-05,0.001,0.9995045287166805,1.5649076764474282e-05,31.03190999031067,1.1394610064124395e-05,0.9996493248021319,1.2224807773751825e-05,0.9996183164953323,3.0
synch,mean,streed,4,20,3,0.001,1e-05,0.1,0.52999769427944,0.015129641343918341,51.16908569335938,0.015581572415162781,0.5206087220215099,0.01568635333645748,0.5082998724199165,3.4
synch,mean,streed,4,20,3,0.001,0.0001,0.001,0.9993387965337186,2.083914860999644e-05,31.114483642578126,1.5079003917812281e-05,0.9995332880412491,1.578662772993327e-05,0.9995159768037063,2.8
synch,mean,streed,4,20,3,0.001,0.0001,0.1,0.5299904489003081,0.015129877876523862,51.165076637268065,0.015581761398527922,0.5206029366165922,0.01568656415361544,0.5082931165912619,3.4
synch,mean,streed,4,20,3,0.001,0.001,0.001,0.9992967892729707,2.249968301110912e-05,31.657438564300538,1.637127124897677e-05,0.9994964788211578,1.703303428082922e-05,0.9994653231229662,3.0
synch,mean,streed,4,20,3,0.001,0.001,0.1,0.5299019625106145,0.0151328183597157,51.20660028457642,0.01558364853953896,0.5205451649528002,0.01568866930318416,0.5082256552543558,3.4
synch,mean,streed,4,20,3,0.001,0.01,0.001,0.9940628681715522,0.00018875593587436,39.24336867332458,0.00015647727515424,0.9951869241174421,0.00017710232013696,0.9944585874810171,8.8
synch,mean,streed,4,20,3,0.001,0.01,0.1,0.5291918873512749,0.01515598840805868,51.15312623977661,0.01560225525128788,0.5199755470343936,0.015709423609136318,0.5075605765108782,3.4
synch,mean,streed,4,20,3,0.001,0.1,0.001,0.9887886691508327,0.00035898500164031997,61.04295773506165,0.0002448835218271,0.9924682601726624,0.00029331033942839996,0.9907927507725279,12.4
synch,mean,streed,4,20,3,0.001,0.1,0.1,0.5227671703901778,0.01536570513923104,51.221746158599856,0.01576569367865632,0.5149716336805337,0.01589147678590812,0.5017278521560311,3.4
synch,mean,streed,4,20,3,0.003,1e-05,0.001,0.9989907468910486,3.216295585165785e-05,17.904918479919434,3.0256781820329413e-05,0.9990693104953561,3.1805525417496476e-05,0.9990029022388789,2.0
synch,mean,streed,4,20,3,0.003,1e-05,0.1,0.5310324173156404,0.01509059803331346,51.251550340652464,0.015599478783884879,0.5200603925003315,0.01574416910482114,0.5064772744261727,3.2
synch,mean,streed,4,20,3,0.003,0.0001,0.001,0.9989706377705861,3.28313809779624e-05,17.96403431892395,3.130039567186274e-05,0.9990372996126385,3.2438075253241996e-05,0.998983024095387,2.0
synch,mean,streed,4,20,3,0.003,0.0001,0.1,0.5310250667690657,0.01509083742675868,51.273097324371335,0.01559966725303708,0.5200546228416634,0.01574437888489654,0.5064705512907542,3.2
synch,mean,streed,4,20,3,0.003,0.001,0.001,0.9988219588329862,3.776752973388803e-05,18.46788969039917,3.589649760791492e-05,0.9988962429204618,3.60892164629472e-05,0.9988696313922307,2.0
synch,mean,streed,4,20,3,0.003,0.001,0.1,0.5309516638144557,0.01509322802515998,51.226768827438356,0.01560154925365444,0.5199970085872063,0.01574647366985986,0.506403416690127,3.2
synch,mean,streed,4,20,3,0.003,0.01,0.001,0.9966790808721809,0.0001065307107144945,28.608552074432374,9.812337068424276e-05,0.9969821690362479,0.00010138051609882785,0.9968151363922229,2.0
synch,mean,streed,4,20,3,0.003,0.01,0.1,0.530227568779478,0.01511681088148066,51.21592674255371,0.01562010473650258,0.5194289594021972,0.01576712494936736,0.505741585776725,3.2
synch,mean,streed,4,20,3,0.003,0.1,0.001,0.9841282076232132,0.00050852011234396,47.84927825927734,0.00043997098755509996,0.986470137656801,0.00053639020768232,0.9831355733804065,7.8
synch,mean,streed,4,20,3,0.003,0.1,0.1,0.5233221746579229,0.01534297057098138,51.24772176742554,0.01578304942897324,0.5144401652176283,0.01594820734635454,0.499939464514043,3.2
synch,mean,streed,4,20,3,0.005,1e-05,0.001,0.9989907468910486,3.216295585165785e-05,1.0617950439453125,3.0256781820329413e-05,0.9990693104953561,3.1805525417496476e-05,0.9990029022388789,2.0
synch,mean,streed,4,20,3,0.005,1e-05,0.1,0.5310830113183657,0.01509007050906854,51.188290691375734,0.015599478783884879,0.5200603925003315,0.01574416910482114,0.5064772744261727,3.2
synch,mean,streed,4,20,3,0.005,0.0001,0.001,0.9989706377705861,3.28313809779624e-05,1.0600622177124024,3.130039567186274e-05,0.9990372996126385,3.2438075253241996e-05,0.998983024095387,2.0
synch,mean,streed,4,20,3,0.005,0.0001,0.1,0.5310753740544176,0.01509032011705994,51.19750461578369,0.01559966725303708,0.5200546228416634,0.01574437888489654,0.5064705512907542,3.2
synch,mean,streed,4,20,3,0.005,0.001,0.001,0.9988219588329862,3.776752973388803e-05,1.0692170143127442,3.589649760791492e-05,0.9988962429204618,3.60892164629472e-05,0.9988696313922307,2.0
synch,mean,streed,4,20,3,0.005,0.001,0.1,0.5309991053872775,0.01509281279236544,51.24152007102966,0.01560154925365444,0.5199970085872063,0.01574647366985986,0.506403416690127,3.2
synch,mean,streed,4,20,3,0.005,0.01,0.001,0.9966790808721809,0.0001065307107144945,16.65749626159668,9.812337068424276e-05,0.9969821690362479,0.00010138051609882785,0.9968151363922229,2.0
synch,mean,streed,4,20,3,0.005,0.01,0.1,0.530246541421778,0.01511740818685522,51.2967830657959,0.01562010473650258,0.5194289594021972,0.01576712494936736,0.505741585776725,3.2
synch,mean,streed,4,20,3,0.005,0.1,0.001,0.9814251483368205,0.00059548259781934,39.82560400962829,0.0005350519001431599,0.9835471931488116,0.0006381174159455999,0.9799986444792198,6.0
synch,mean,streed,4,20,3,0.005,0.1,0.1,0.5232214405796294,0.0153474956045869,51.24490795135498,0.01578304942897324,0.5144401652176283,0.01594820734635454,0.499939464514043,3.2
synch,mean,streed,4,20,3,0.008,1e-05,0.001,0.9974757801805932,8.385897683115494e-05,0.05406165122985834,3.0256781820329413e-05,0.9990693104953561,3.1805525417496476e-05,0.9990029022388789,2.0
synch,mean,streed,4,20,3,0.008,1e-05,0.1,0.5286624310555174,0.01517629959444968,51.3720269203186,0.01569572068577238,0.517071965144471,0.01576713151447502,0.5057858709676916,3.0
synch,mean,streed,4,20,3,0.008,0.0001,0.001,0.9974627108289974,8.427867392081887e-05,0.0540361404418945,3.130039567186274e-05,0.9990372996126385,3.2438075253241996e-05,0.998983024095387,2.0
synch,mean,streed,4,20,3,0.008,0.0001,0.1,0.5286548164697646,0.01517654848272142,51.408603048324586,0.0156959017483887,0.5170664254676921,0.01576733831281518,0.5057792376130099,3.0
synch,mean,streed,4,20,3,0.008,0.001,0.001,0.9973330047251885,8.852593485077456e-05,0.05685024261474604,3.589649760791492e-05,0.9988962429204618,3.60892164629472e-05,0.9988696313922307,2.0
synch,mean,streed,4,20,3,0.008,0.001,0.1,0.5285787723532993,0.015179034034274641,51.34035439491272,0.01569770984238928,0.5170111061029977,0.01576940335606278,0.5057129985423133,3.0
synch,mean,streed,4,20,3,0.008,0.01,0.001,0.9966790808721809,0.0001065307107144945,1.0444418430328368,9.812337068424276e-05,0.9969821690362479,0.00010138051609882785,0.9968151363922229,2.0
synch,mean,streed,4,20,3,0.008,0.01,0.1,0.5278282386035057,0.01520356527722736,51.44062700271606,0.015715541862948358,0.5164655212963224,0.01578976487304622,0.5050598924454389,3.0
synch,mean,streed,4,20,3,0.008,0.1,0.001,0.9770739775809549,0.0007329566735395601,31.562277936935423,0.0006406051422109601,0.9802902490788415,0.00072123735400168,0.9774257421164873,4.0
synch,mean,streed,4,20,3,0.008,0.1,0.1,0.5212664445193289,0.01541991813860942,51.96081991195679,0.01587257416147412,0.5116603140884968,0.015968748872645638,0.49932095441278523,3.0
synch,mean,streed,4,20,3,0.01,1e-05,0.001,0.9929049409444859,0.00022949824520264,0.04808616638183588,0.00029160101431521996,0.9910342706826809,0.00029472941530078,0.9907514094505492,1.0
synch,mean,streed,4,20,3,0.01,1e-05,0.1,0.5287571749668605,0.0151815895247294,52.734613513946535,0.01569572068577238,0.517071965144471,0.01576713151447502,0.5057858709676916,3.0
synch,mean,streed,4,20,3,0.01,0.0001,0.001,0.9928907295265867,0.00022995389386284,0.0488523483276367,0.00029206442090413997,0.9910200167928108,0.0002951975808574,0.9907366916701201,1.0
synch,mean,streed,4,20,3,0.01,0.0001,0.1,0.5287495129458076,0.015181839880631482,51.85057225227356,0.0156959017483887,0.5170664254676921,0.01576733831281518,0.5057792376130099,3.0
synch,mean,streed,4,20,3,0.01,0.001,0.001,0.9912167452390401,0.00028101111343268003,0.05042548179626458,0.00029667076626581996,0.9908783297981252,0.00029985113309998,0.9905903962719158,1.0
synch,mean,streed,4,20,3,0.01,0.001,0.1,0.5286730019150131,0.015184339901571758,51.3940007686615,0.01569770984238928,0.5170111061029977,0.01576940335606278,0.5057129985423133,3.0
synch,mean,streed,4,20,3,0.01,0.01,0.001,0.9925527243739394,0.00024543613645892,0.8706281185150146,0.00034808999472153484,0.9892525688453458,0.00035475228643898,0.9890290050481514,1.2
synch,mean,streed,4,20,3,0.01,0.01,0.1,0.5269898030050321,0.015234643706182261,51.47383532524109,0.015715541862948358,0.5164655212963224,0.01578976487304622,0.5050598924454389,3.0
synch,mean,streed,4,20,3,0.01,0.1,0.001,0.9759025379658348,0.0007715391354947601,25.09460015296936,0.00066924759282258,0.9794150454006247,0.00074910529700344,0.9765533010019073,3.2
synch,mean,streed,4,20,3,0.01,0.1,0.1,0.5202585132140565,0.015455820014555898,51.62901525497436,0.01587257416147412,0.5116603140884968,0.015968748872645638,0.49932095441278523,3.0
synch,mean,streed,4,20,3,0.03,1e-05,0.001,0.9905112978227752,0.0003025261840371,0.00549712181091302,0.00029160101431521996,0.9910342706826809,0.00029472941530078,0.9907514094505492,1.0
synch,mean,streed,4,20,3,0.03,1e-05,0.1,0.5360468925743314,0.014916360434327558,53.28755993843079,0.01539341830818886,0.5263753981529661,0.01580023135764972,0.5040117429392962,2.2
synch,mean,streed,4,20,3,0.03,0.0001,0.001,0.9904965960123508,0.00030299861196976,0.0055761337280273,0.00029206442090413997,0.9910200167928108,0.0002951975808574,0.9907366916701201,1.0
synch,mean,streed,4,20,3,0.03,0.0001,0.1,0.536036070937968,0.0149167179205625,53.36573452949524,0.015393729221595081,0.5263658546978812,0.01580056212243268,0.5040012552211686,2.2
synch,mean,streed,4,20,3,0.03,0.001,0.001,0.9903505018754843,0.00030769376035256004,0.00559711456298824,0.00029667076626581996,0.9908783297981252,0.00029985113309998,0.9905903962719158,1.0
synch,mean,streed,4,20,3,0.03,0.001,0.1,0.5359280190443555,0.01492028736468902,53.351779747009275,0.015396834059407722,0.5262705519491104,0.01580386517454306,0.5038965240888356,2.2
synch,mean,streed,4,20,3,0.03,0.01,0.001,0.9865091615639578,0.00043077041330988,0.006776762008666939,0.00041718173885438,0.9871717400123334,0.0004216358358478,0.9867689223746983,1.0
synch,mean,streed,4,20,3,0.03,0.01,0.1,0.5339348367401979,0.01498110094448408,53.25645632743836,0.01542745908246026,0.5253305124184067,0.01583644304338194,0.5028635974784387,2.2
synch,mean,streed,4,20,3,0.03,0.1,0.001,0.9741838814329166,0.0008290650067368001,0.05999121665954584,0.00081067906791222,0.9750652658597481,0.00081871415180898,0.9742892556328089,1.0
synch,mean,streed,4,20,3,0.03,0.1,0.1,0.5246245089989916,0.015289567060190279,53.28426752090454,0.01569679917983744,0.5170625462143573,0.01612290164461292,0.4937836377423747,2.2
synch,mean,streed,4,20,3,0.05,1e-05,0.001,0.9905112978227752,0.0003025261840371,0.0054836750030517,0.00029160101431521996,0.9910342706826809,0.00029472941530078,0.9907514094505492,1.0
synch,mean,streed,4,20,3,0.05,1e-05,0.1,0.5552047269092995,0.014302058596267358,53.28096580505371,0.0151549855491971,0.5336766953953119,0.01530444946233272,0.5196408889891363,2.0
synch,mean,streed,4,20,3,0.05,0.0001,0.001,0.9904965960123508,0.00030299861196976,0.0054894924163818,0.00029206442090413997,0.9910200167928108,0.0002951975808574,0.9907366916701201,1.0
synch,mean,streed,4,20,3,0.05,0.0001,0.1,0.5551912987233572,0.014302498674292641,54.04164509773254,0.015155369617333058,0.5336649117932403,0.015304836855470719,0.5196286161053142,2.0
synch,mean,streed,4,20,3,0.05,0.001,0.001,0.9903505018754843,0.00030769376035256004,0.0058491706848144,0.00029667076626581996,0.9908783297981252,0.00029985113309998,0.9905903962719158,1.0
synch,mean,streed,4,20,3,0.05,0.001,0.1,0.5550572131240863,0.01430689303686202,54.90519824028015,0.01515920503941964,0.5335472370643475,0.015308705450146481,0.5195060566750238,2.0
synch,mean,streed,4,20,3,0.05,0.01,0.001,0.9865091615639578,0.00043077041330988,0.005826568603515559,0.00041718173885438,0.9871717400123334,0.0004216358358478,0.9867689223746983,1.0
synch,mean,streed,4,20,3,0.05,0.01,0.1,0.5528068385853764,0.0143758569158975,54.91890859603882,0.01519704059306946,0.5323863963845549,0.015346865135502718,0.5182971675569247,2.0
synch,mean,streed,4,20,3,0.05,0.1,0.001,0.9741838814329166,0.0008290650067368001,0.006982469558715761,0.00081067906791222,0.9750652658597481,0.00081871415180898,0.9742892556328089,1.0
synch,mean,streed,4,20,3,0.05,0.1,0.1,0.5412075597185815,0.01475691741387872,54.996013975143434,0.01552989193337384,0.5221735864232835,0.01568232439494994,0.5076724994500357,2.0
synch,mean,streed,4,20,3,0.08,1e-05,0.001,0.9905112978227752,0.0003025261840371,0.005751848220825121,0.00029160101431521996,0.9910342706826809,0.00029472941530078,0.9907514094505492,1.0
synch,mean,streed,4,20,3,0.08,1e-05,0.1,0.5655546753270958,0.013983336193440199,53.717656183242795,0.0151549855491971,0.5336766953953119,0.01530444946233272,0.5196408889891363,2.0
synch,mean,streed,4,20,3,0.08,0.0001,0.001,0.9904965960123508,0.00030299861196976,0.00566968917846676,0.00029206442090413997,0.9910200167928108,0.0002951975808574,0.9907366916701201,1.0
synch,mean,streed,4,20,3,0.08,0.0001,0.1,0.5655393712424533,0.01398383022059852,53.65682606697082,0.015155369617333058,0.5336649117932403,0.015304836855470719,0.5196286161053142,2.0
synch,mean,streed,4,20,3,0.08,0.001,0.001,0.9903505018754843,0.00030769376035256004,0.0056024074554443,0.00029667076626581996,0.9908783297981252,0.00029985113309998,0.9905903962719158,1.0
synch,mean,streed,4,20,3,0.08,0.001,0.1,0.5653865558671591,0.01398876320935774,53.68886952400207,0.01515920503941964,0.5335472370643475,0.015308705450146481,0.5195060566750238,2.0
synch,mean,streed,4,20,3,0.08,0.01,0.001,0.9865091615639578,0.00043077041330988,0.00567736625671384,0.00041718173885438,0.9871717400123334,0.0004216358358478,0.9867689223746983,1.0
synch,mean,streed,4,20,3,0.08,0.01,0.1,0.5588452598802749,0.0141764355565931,53.611162996292116,0.01519704059306946,0.5323863963845549,0.015346865135502718,0.5182971675569247,2.0
synch,mean,streed,4,20,3,0.08,0.1,0.001,0.9741838814329166,0.0008290650067368001,0.0056209564208984,0.00081067906791222,0.9750652658597481,0.00081871415180898,0.9742892556328089,1.0
synch,mean,streed,4,20,3,0.08,0.1,0.1,0.5468717324043808,0.01456985576958914,53.7400025844574,0.01552989193337384,0.5221735864232835,0.01568232439494994,0.5076724994500357,2.0
synch,mean,streed,4,20,3,0.1,1e-05,0.001,0.9905112978227752,0.0003025261840371,0.005505704879760679,0.00029160101431521996,0.9910342706826809,0.00029472941530078,0.9907514094505492,1.0
synch,mean,streed,4,20,3,0.1,1e-05,0.1,0.5637436104102276,0.01403030593198154,44.888916635513304,0.0151549855491971,0.5336766953953119,0.01530444946233272,0.5196408889891363,2.0
synch,mean,streed,4,20,3,0.1,0.0001,0.001,0.9904965960123508,0.00030299861196976,0.00547223091125484,0.00029206442090413997,0.9910200167928108,0.0002951975808574,0.9907366916701201,1.0
synch,mean,streed,4,20,3,0.1,0.0001,0.1,0.5637282932899464,0.01403080820618804,44.82320466041565,0.015155369617333058,0.5336649117932403,0.015304836855470719,0.5196286161053142,2.0
synch,mean,streed,4,20,3,0.1,0.001,0.001,0.9903505018754843,0.00030769376035256004,0.005357074737548781,0.00029667076626581996,0.9908783297981252,0.00029985113309998,0.9905903962719158,1.0
synch,mean,streed,4,20,3,0.1,0.001,0.1,0.5657457729774457,0.013975883949920059,44.878584718704225,0.01515920503941964,0.5335472370643475,0.015308705450146481,0.5195060566750238,2.0
synch,mean,streed,4,20,3,0.1,0.01,0.001,0.9865091615639578,0.00043077041330988,0.00518751144409178,0.00041718173885438,0.9871717400123334,0.0004216358358478,0.9867689223746983,1.0
synch,mean,streed,4,20,3,0.1,0.01,0.1,0.5641456656390975,0.01402787215968832,45.05475268363953,0.01519704059306946,0.5323863963845549,0.015346865135502718,0.5182971675569247,2.0
synch,mean,streed,4,20,3,0.1,0.1,0.001,0.9741838814329166,0.0008290650067368001,0.0050977230072021,0.00081067906791222,0.9750652658597481,0.00081871415180898,0.9742892556328089,1.0
synch,mean,streed,4,20,3,0.1,0.1,0.1,0.550102745636553,0.01448395636155508,44.80131168365479,0.01552989193337384,0.5221735864232835,0.01568232439494994,0.5076724994500357,2.0
synch,std,streed,4,20,3,0.0001,1e-05,0.001,0.00021552879200968208,6.931536625790091e-06,1.5206669096708179,6.367551807911496e-06,0.00020914611083392158,1.5796146573868337e-05,0.00035033873297789713,0.8944271909999157
synch,std,streed,4,20,3,0.0001,1e-05,0.1,0.02587758991755395,0.0007877051589156275,1.2241726871154586,0.00028035451548501954,0.008252074934530652,0.000891123929912039,0.0434337458536949,1.224744871391589
synch,std,streed,4,20,3,0.0001,0.0001,0.001,0.00022832468990455492,7.332837862927228e-06,1.4756159632594954,6.419012283567903e-06,0.00021093026364500686,1.5571601883756533e-05,0.0003461717086141073,0.8944271909999157
synch,std,streed,4,20,3,0.0001,0.0001,0.1,0.025877958252208944,0.0007877276812239227,1.3263627598724728,0.00028032718110971954,0.008249521202472899,0.000891169549918172,0.043437061547356874,1.224744871391589
synch,std,streed,4,20,3,0.0001,0.001,0.001,0.0002630602221740949,8.261768852781106e-06,1.5264554291960493,6.690064070429278e-06,0.00021672291336691514,1.6220163491189896e-05,0.00036497845101371906,0.8944271909999157
synch,std,streed,4,20,3,0.0001,0.001,0.1,0.02586697633626693,0.0007876048386261788,1.2298616254885297,0.00028005544224447534,0.008224022675437814,0.0008916258898974852,0.04347017699902323,1.224744871391589
synch,std,streed,4,20,3,0.0001,0.01,0.001,0.00027233434752156605,8.700655545756607e-06,1.9220146439792005,7.986384783065964e-06,0.00023070460073065034,2.231267712553402e-05,0.0006034076889605925,0.8944271909999157
synch,std,streed,4,20,3,0.0001,0.01,0.1,0.025905646596976164,0.0007898865224822204,1.2176656141607785,0.00027749514778190255,0.00797285222137775,0.0008962010075147574,0.04379721562762662,1.224744871391589
synch,std,streed,4,20,3,0.0001,0.1,0.001,0.0005322208549233748,1.7756205977909263e-05,1.7444098966930754,1.83513245149268e-05,0.0005399215111715789,4.352483865672833e-05,0.00128788743382951,0.8944271909999157
synch,std,streed,4,20,3,0.0001,0.1,0.1,0.026339828042303948,0.0008114809089064269,1.1866890277523812,0.0002645933003790099,0.0057887476631464365,0.0009415236268833008,0.046690868735006295,1.224744871391589
synch,std,streed,4,20,3,0.0005,1e-05,0.001,0.00042467692170747187,1.3032841485448193e-05,1.1859577388722118,2.035767160651464e-05,0.0006464654632896442,2.5592757812024163e-05,0.0006873094103261299,1.414213562373095
synch,std,streed,4,20,3,0.0005,1e-05,0.1,0.02589080445049571,0.0007873564343959245,1.2644537971946423,0.0002912193206574115,0.008778032121387554,0.0006728569404065374,0.039975218270470805,0.5477225575051661
synch,std,streed,4,20,3,0.0005,0.0001,0.001,0.00010025567283631636,4.359195022182331e-06,1.2342416063278456,2.5678641794794803e-05,0.0008089650045907944,3.335487037427149e-05,0.0009325232940517835,1.8165902124584952
synch,std,streed,4,20,3,0.0005,0.0001,0.1,0.02589125490611718,0.0007873808440297571,1.3179275601657567,0.0002911864793735324,0.008775386774206131,0.0006729603010203538,0.039979514121448886,0.5477225575051661
synch,std,streed,4,20,3,0.0005,0.001,0.001,0.00021826007449687881,5.837075521305422e-06,1.3345087329613672,1.2999169095935767e-05,0.0004148875787483489,2.127793528972975e-05,0.0005485225445442288,0.5477225575051662
synch,std,streed,4,20,3,0.0005,0.001,0.1,0.0262477547527822,0.0007961819463818901,1.3553239847348082,0.00029085975313002593,0.008748974297746183,0.0006739930320483214,0.04002241154298527,0.5477225575051661
synch,std,streed,4,20,3,0.0005,0.01,0.001,0.00041154152374357533,1.1120738886570145e-05,1.7461467664896415,5.550941519235333e-06,0.00016275776017347059,2.0497466745212447e-05,0.0005308264408694551,0.44721359549995804
synch,std,streed,4,20,3,0.0005,0.01,0.1,0.026288283528262815,0.0007984441645364017,1.2608656224826873,0.0002877577376593571,0.008488879563813386,0.0006842321654169307,0.04044535885361735,0.5477225575051661
synch,std,streed,4,20,3,0.0005,0.1,0.001,0.0004714845002317379,1.3447104087616434e-05,1.5824415363086555,1.3593715785839046e-05,0.0003456680454895223,3.4254374545199096e-05,0.0011398342630778156,0.44721359549995804
synch,std,streed,4,20,3,0.0005,0.1,0.1,0.026508402100427503,0.0008153257621270253,1.3017541965962678,0.00026083397124956474,0.00996065179679238,0.0008272397701303603,0.04215226420233267,0.5477225575051662
synch,std,streed,4,20,3,0.001,1e-05,0.001,0.00011651028485234575,3.347565451178109e-06,1.14859108380378,1.4454101358776494e-06,4.5402587103967896e-05,2.4868783825673723e-06,7.321095700603564e-05,0.0
synch,std,streed,4,20,3,0.001,1e-05,0.1,0.02587840112602105,0.0007868260105804437,1.2468333620663714,0.00031356930637025873,0.012662171249447612,0.0007554377592006683,0.037969181849272976,0.5477225575051662
synch,std,streed,4,20,3,0.001,0.0001,0.001,0.00012311530636250403,3.2586602342618253e-06,1.1987414270706434,8.382057153716313e-06,0.0002684472452267417,1.0063513216394236e-05,0.00028141852461374954,0.447213595499958
synch,std,streed,4,20,3,0.001,0.0001,0.1,0.025878855596898412,0.0007868506007215729,1.3048549954315147,0.00031350608297097294,0.012659366481449379,0.0007555022605359277,0.037973445730391235,0.5477225575051662
synch,std,streed,4,20,3,0.001,0.001,0.001,0.00011946068647394645,4.732298440444879e-06,0.997018567140818,6.059110492752011e-07,1.466192339646544e-05,3.657566920531991e-06,0.00012631374361241337,0.0
synch,std,streed,4,20,3,0.001,0.001,0.1,0.02586869256488038,0.0007867503401254801,1.2816548463384625,0.0003128756343829065,0.012631361842108377,0.0007561475186977519,0.038016029430838066,0.5477225575051662
synch,std,streed,4,20,3,0.001,0.01,0.001,0.00043504902654664787,1.2229135918566887e-05,1.5201343220485586,6.897639902620443e-06,0.00019542544286807687,1.77112081394881e-05,0.0005178491389023009,0.44721359549995787
synch,std,streed,4,20,3,0.001,0.01,0.1,0.025915480172486172,0.0007892247736088721,1.2933893905601033,0.00030674710941856547,0.01235554777124972,0.0007626214411470347,0.03843641555979658,0.5477225575051662
synch,std,streed,4,20,3,0.001,0.1,0.001,0.000470621931735837,1.1474595988053353e-05,2.1277723014315013,3.065426323698855e-05,0.0009166106507844354,5.502003908233361e-05,0.0019209875977354968,1.1401754250991378
synch,std,streed,4,20,3,0.001,0.1,0.1,0.026175248617864036,0.0008076981171882661,1.3002211752379937,0.00026083397124956474,0.00996065179679238,0.0008272397701303603,0.04215226420233267,0.5477225575051662
synch,std,streed,4,20,3,0.003,1e-05,0.001,0.00010791611333080466,2.9826535082254693e-06,0.8017607922302242,1.6496875423914889e-06,4.811486385558739e-05,3.957868541166174e-06,0.00013961871002221357,0.0
synch,std,streed,4,20,3,0.003,1e-05,0.1,0.02654865998466146,0.0008025069522094962,1.3677027772453667,0.0002978753309880536,0.012175613297239074,0.0007523671488691641,0.03807645957629303,0.447213595499958
synch,std,streed,4,20,3,0.003,0.0001,0.001,9.844578018923275e-05,2.5657931407462286e-06,0.7249050851132338,1.3421076582033386e-06,3.512767368219989e-05,3.5545228319360764e-06,0.00012924606387364575,0.0
synch,std,streed,4,20,3,0.003,0.0001,0.1,0.026549102448120976,0.0008025292329118349,1.2880208017235895,0.00029781403800441925,0.01217282087497016,0.0007524410229486191,0.038080880735512676,0.447213595499958
synch,std,streed,4,20,3,0.003,0.001,0.001,6.600168882048997e-05,1.730637563892879e-06,0.9184627296052114,1.766355150779403e-06,3.876489795446811e-05,4.158018549053098e-06,0.00013841756480641247,0.0
synch,std,streed,4,20,3,0.003,0.001,0.1,0.02655351021796465,0.0008027514955362294,1.3026464641868218,0.0002972029655304506,0.01214494018317146,0.0007531797944529215,0.0381250331726034,0.447213595499958
synch,std,streed,4,20,3,0.003,0.01,0.001,0.00026730614606345455,8.007743016033208e-06,0.9530916652540968,5.124454710476799e-06,0.0001395956827593967,1.9806487430002163e-05,0.000693872539622846,0.0
synch,std,streed,4,20,3,0.003,0.01,0.1,0.026595865072956918,0.000804918732358434,1.304090557722298,0.0002912754081070156,0.011870415111946113,0.0007605679294684269,0.03856071530809746,0.447213595499958
synch,std,streed,4,20,3,0.003,0.1,0.001,0.0005618524496695057,1.623692648014791e-05,2.279911839295186,2.967004634901219e-05,0.0008131949221391913,5.220032952098744e-05,0.002352123708801718,0.44721359549995804
synch,std,streed,4,20,3,0.003,0.1,0.1,0.02642633036621641,0.0008104629013602595,1.2054102860141311,0.0002480683398489441,0.009493807495350849,0.0008326409087588603,0.042400118170889026,0.447213595499958
synch,std,streed,4,20,3,0.005,1e-05,0.001,0.00010791611333080466,2.9826535082254693e-06,0.01466796944216262,1.6496875423914889e-06,4.811486385558739e-05,3.957868541166174e-06,0.00013961871002221357,0.0
synch,std,streed,4,20,3,0.005,1e-05,0.1,0.02593944642174852,0.0007854395713470386,1.325724486116503,0.0002978753309880536,0.012175613297239074,0.0007523671488691641,0.03807645957629303,0.447213595499958
synch,std,streed,4,20,3,0.005,0.0001,0.001,9.844578018923275e-05,2.5657931407462286e-06,0.01575913687385367,1.3421076582033386e-06,3.512767368219989e-05,3.5545228319360764e-06,0.00012924606387364575,0.0
synch,std,streed,4,20,3,0.005,0.0001,0.1,0.025939575667634603,0.0007854535950540526,1.3533313602199728,0.00029781403800441925,0.01217282087497016,0.0007524410229486191,0.038080880735512676,0.447213595499958
synch,std,streed,4,20,3,0.005,0.001,0.001,6.600168882048997e-05,1.730637563892879e-06,0.016656564081711463,1.766355150779403e-06,3.876489795446811e-05,4.158018549053098e-06,0.00013841756480641247,0.0
synch,std,streed,4,20,3,0.005,0.001,0.1,0.025940864077311256,0.0007855937057300005,1.3647647818048851,0.0002972029655304506,0.01214494018317146,0.0007531797944529215,0.0381250331726034,0.447213595499958
synch,std,streed,4,20,3,0.005,0.01,0.001,0.00026730614606345455,8.007743016033208e-06,0.5501659579488635,5.124454710476799e-06,0.0001395956827593967,1.9806487430002163e-05,0.000693872539622846,0.0
synch,std,streed,4,20,3,0.005,0.01,0.1,0.025953281618649522,0.0007869803730991824,1.2842044570337852,0.0002912754081070156,0.011870415111946113,0.0007605679294684269,0.03856071530809746,0.447213595499958
synch,std,streed,4,20,3,0.005,0.1,0.001,0.0009519180546088577,2.7574056676174374e-05,2.277424243914709,2.5332293661983146e-05,0.0005729911373118494,6.210528265193994e-05,0.0022564861432548423,0.0
synch,std,streed,4,20,3,0.005,0.1,0.1,0.025751496899813594,0.0007899331873477704,1.347959652881766,0.0002480683398489441,0.009493807495350849,0.0008326409087588603,0.042400118170889026,0.447213595499958
synch,std,streed,4,20,3,0.008,1e-05,0.001,0.0008791804781738413,2.906131983877836e-05,0.0014870941609202882,1.6496875423914889e-06,4.811486385558739e-05,3.957868541166174e-06,0.00013961871002221357,0.0
synch,std,streed,4,20,3,0.008,1e-05,0.1,0.030571895810588813,0.0009176350262741482,1.367453199725433,0.0002031142319109664,0.011647587189832461,0.0007425107358973239,0.037454210949236524,0.0
synch,std,streed,4,20,3,0.008,0.0001,0.001,0.0008791473982536201,2.905990195919037e-05,0.0009102504587581982,1.3421076582033386e-06,3.512767368219989e-05,3.5545228319360764e-06,0.00012924606387364575,0.0
synch,std,streed,4,20,3,0.008,0.0001,0.1,0.030571667989239142,0.000917633741995672,1.2877877286944277,0.00020303341226831557,0.011644737569472095,0.0007425852705925307,0.037458748729288706,0.0
synch,std,streed,4,20,3,0.008,0.001,0.001,0.000874873581979664,2.8887595581981438e-05,0.0009629249501915789,1.766355150779403e-06,3.876489795446811e-05,4.158018549053098e-06,0.00013841756480641247,0.0
synch,std,streed,4,20,3,0.008,0.001,0.1,0.030569391946545493,0.0009176210180068023,1.3281915149796044,0.00020222721304551564,0.011616287462615525,0.0007433306622817206,0.037504064031211225,0.0
synch,std,streed,4,20,3,0.008,0.01,0.001,0.00026730614606345455,8.007743016033208e-06,0.009651053673314086,5.124454710476799e-06,0.0001395956827593967,1.9806487430002163e-05,0.000693872539622846,0.0
synch,std,streed,4,20,3,0.008,0.01,0.1,0.03054676949534052,0.0009175030831224954,1.2845366588106073,0.00019436409498626103,0.01133633331821245,0.0007507861790545642,0.037951042438182765,0.0
synch,std,streed,4,20,3,0.008,0.1,0.001,0.0017412657226149155,5.2909050085711916e-05,1.0888076010345453,1.7926364299491755e-05,0.0006726091809295977,0.00010946046928797232,0.0034467307185088196,0.0
synch,std,streed,4,20,3,0.008,0.1,0.1,0.03060472339294565,0.000926341786730921,0.6651097426497128,0.0001354182313153555,0.008939392041574054,0.0008234966474056401,0.04187286217661227,0.0
synch,std,streed,4,20,3,0.01,1e-05,0.001,0.0018339269483560005,5.484412009716276e-05,0.0019773332358233604,1.4769344359908775e-05,0.0003125574850150169,1.5888120440351852e-05,0.0008792134288417439,0.0
synch,std,streed,4,20,3,0.01,1e-05,0.1,0.03304431037683701,0.0010036415727778477,2.3479511278479928,0.0002031142319109664,0.011647587189832461,0.0007425107358973239,0.037454210949236524,0.0
synch,std,streed,4,20,3,0.01,0.0001,0.001,0.0018343715953928383,5.485746668119401e-05,0.0020056945048319936,1.4778198792406681e-05,0.000312608260356059,1.5918215674187154e-05,0.0008810962366300019,0.0
synch,std,streed,4,20,3,0.01,0.0001,0.1,0.033044127888326794,0.0010036421043568757,1.7347933244778346,0.00020303341226831557,0.011644737569472095,0.0007425852705925307,0.037458748729288706,0.0
synch,std,streed,4,20,3,0.01,0.001,0.001,0.0016397643870492166,4.6575670162993466e-05,0.0012506358594140817,1.4864255439162342e-05,0.0003130535619013762,1.6221558856569287e-05,0.0008998963193238012,0.0
synch,std,streed,4,20,3,0.01,0.001,0.1,0.03304231498775789,0.0010036478182812592,1.3272237873425181,0.00020222721304551564,0.011616287462615525,0.0007433306622817206,0.037504064031211225,0.0
synch,std,streed,4,20,3,0.01,0.01,0.001,0.0019773410447433983,6.155461917382459e-05,0.018892025761457903,0.00014088028338537045,0.004382859235932692,0.00014246814450593028,0.004294731205788013,0.4472135954999579
synch,std,streed,4,20,3,0.01,0.01,0.1,0.0316203967138082,0.0009609696906366851,1.2770679634062678,0.00019436409498626103,0.01133633331821245,0.0007507861790545642,0.037951042438182765,0.0
synch,std,streed,4,20,3,0.01,0.1,0.001,0.0013425341069412393,4.663253682306538e-05,1.3202769546533524,2.2764740323512517e-05,0.0005666124276713727,0.00013596698141825898,0.004207278036560913,0.4472135954999579
synch,std,streed,4,20,3,0.01,0.1,0.1,0.03146785716791933,0.0009630574256902961,1.3991884184705632,0.0001354182313153555,0.008939392041574054,0.0008234966474056401,0.04187286217661227,0.0
synch,std,streed,4,20,3,0.03,1e-05,0.001,0.00048190145664832123,1.8293733523868645e-05,0.0002705628408316447,1.4769344359908775e-05,0.0003125574850150169,1.5888120440351852e-05,0.0008792134288417439,0.0
synch,std,streed,4,20,3,0.03,1e-05,0.1,0.04121202957310615,0.00127439441271111,1.9487483702167354,0.0006897634103407511,0.023343709842813688,0.0012936077735294918,0.05881578411975357,0.44721359549995787
synch,std,streed,4,20,3,0.03,0.0001,0.001,0.00048207947232608,1.8305178755525957e-05,0.00031865126976825134,1.4778198792406681e-05,0.000312608260356059,1.5918215674187154e-05,0.0008810962366300019,0.0
synch,std,streed,4,20,3,0.03,0.0001,0.1,0.04121151027632381,0.0012743796218415446,2.1257053511204953,0.0006895612687632345,0.023337499234410322,0.001293602713544998,0.05881793575494661,0.44721359549995787
synch,std,streed,4,20,3,0.03,0.001,0.001,0.0004837799797239357,1.8416781786781706e-05,0.0003691899572431824,1.4864255439162342e-05,0.0003130535619013762,1.6221558856569287e-05,0.0008998963193238012,0.0
synch,std,streed,4,20,3,0.03,0.001,0.1,0.04120634941086824,0.0012742329062531423,2.129929299282077,0.0006875428242164221,0.023275485756717545,0.0012935539892318594,0.058839456570319824,0.44721359549995787
synch,std,streed,4,20,3,0.03,0.01,0.001,0.0005518610043768784,2.2046591805786897e-05,0.00038236926978751484,1.7619732972838452e-05,0.00033982608308222133,2.2033705878950974e-05,0.0012515599181137501,0.0
synch,std,streed,4,20,3,0.03,0.01,0.1,0.040240104516371375,0.0012459702633565704,2.0800727245046673,0.0006676518609164457,0.022664497828661867,0.0012932492551853043,0.05905504249917513,0.44721359549995787
synch,std,streed,4,20,3,0.03,0.1,0.001,0.0004517570618107267,2.3522669114887188e-05,0.001755239843057724,1.7464798687468366e-05,0.0001595884774354498,6.093446361672683e-05,0.0030482596803915354,0.0
synch,std,streed,4,20,3,0.03,0.1,0.1,0.039821397649095855,0.0012356760209224667,2.0661978019922027,0.000494921303713747,0.017369914935393457,0.0013042012528057085,0.061196405785525446,0.44721359549995787
synch,std,streed,4,20,3,0.05,1e-05,0.001,0.00048190145664832123,1.8293733523868645e-05,0.00032753616912542614,1.4769344359908775e-05,0.0003125574850150169,1.5888120440351852e-05,0.0008792134288417439,0.0
synch,std,streed,4,20,3,0.05,1e-05,0.1,0.017805391582974922,0.00047315103754506395,2.62706364562469,0.000862336356488653,0.028932767331382583,0.001693602151340657,0.06756180941978858,0.0
synch,std,streed,4,20,3,0.05,0.0001,0.001,0.00048207947232608,1.8305178755525957e-05,0.00034994380248480134,1.4778198792406681e-05,0.000312608260356059,1.5918215674187154e-05,0.0008810962366300019,0.0
synch,std,streed,4,20,3,0.05,0.0001,0.1,0.017807411002792508,0.0004732380985924494,1.7881355662292189,0.0008620970534166023,0.028925376943936505,0.0016935270870141982,0.06756199586417495,0.0
synch,std,streed,4,20,3,0.05,0.001,0.001,0.0004837799797239357,1.8416781786781706e-05,0.00014006431036454192,1.4864255439162342e-05,0.0003130535619013762,1.6221558856569287e-05,0.0008998963193238012,0.0
synch,std,streed,4,20,3,0.05,0.001,0.1,0.017827634862142155,0.0004741097023164768,1.6445025052001598,0.0008597073303618535,0.02885157509240482,0.001692778959333352,0.06756389795583809,0.0
synch,std,streed,4,20,3,0.05,0.01,0.001,0.0005518610043768784,2.2046591805786897e-05,0.0001406335791077189,1.7619732972838452e-05,0.00033982608308222133,2.2033705878950974e-05,0.0012515599181137501,0.0
synch,std,streed,4,20,3,0.05,0.01,0.1,0.01715507107656642,0.0004519266471769074,1.6984766595739884,0.0008361367395584707,0.028123630767063208,0.001685544551673505,0.06758657661393858,0.0
synch,std,streed,4,20,3,0.05,0.1,0.001,0.0004517570618107267,2.3522669114887188e-05,0.00016876377905602054,1.7464798687468366e-05,0.0001595884774354498,6.093446361672683e-05,0.0030482596803915354,0.0
synch,std,streed,4,20,3,0.05,0.1,0.1,0.01902927142745051,0.0005349933246907709,1.687095130386206,0.0006294752455598849,0.02173890667068593,0.001633799870635132,0.068090385209459,0.0
synch,std,streed,4,20,3,0.08,1e-05,0.001,0.00048190145664832123,1.8293733523868645e-05,0.0002157113093468683,1.4769344359908775e-05,0.0003125574850150169,1.5888120440351852e-05,0.0008792134288417439,0.0
synch,std,streed,4,20,3,0.08,1e-05,0.1,0.02108026614559881,0.0006011203378037712,1.4076170293886632,0.000862336356488653,0.028932767331382583,0.001693602151340657,0.06756180941978858,0.0
synch,std,streed,4,20,3,0.08,0.0001,0.001,0.00048207947232608,1.8305178755525957e-05,0.000200275267840016,1.4778198792406681e-05,0.000312608260356059,1.5918215674187154e-05,0.0008810962366300019,0.0
synch,std,streed,4,20,3,0.08,0.0001,0.1,0.02108128014819544,0.0006011708241239602,1.4291422005162435,0.0008620970534166023,0.028925376943936505,0.0016935270870141982,0.06756199586417495,0.0
synch,std,streed,4,20,3,0.08,0.001,0.001,0.0004837799797239357,1.8416781786781706e-05,0.00015866845107030206,1.4864255439162342e-05,0.0003130535619013762,1.6221558856569287e-05,0.0008998963193238012,0.0
synch,std,streed,4,20,3,0.08,0.001,0.1,0.021091424999515843,0.0006016757336818988,1.5019331003497864,0.0008597073303618535,0.02885157509240482,0.001692778959333352,0.06756389795583809,0.0
synch,std,streed,4,20,3,0.08,0.01,0.001,0.0005518610043768784,2.2046591805786897e-05,0.00019264144472402105,1.7619732972838452e-05,0.00033982608308222133,2.2033705878950974e-05,0.0012515599181137501,0.0
synch,std,streed,4,20,3,0.08,0.01,0.1,0.015948990421862548,0.0004489234547992635,1.4021063634112112,0.0008361367395584707,0.028123630767063208,0.001685544551673505,0.06758657661393858,0.0
synch,std,streed,4,20,3,0.08,0.1,0.001,0.0004517570618107267,2.3522669114887188e-05,0.00019517476994716738,1.7464798687468366e-05,0.0001595884774354498,6.093446361672683e-05,0.0030482596803915354,0.0
synch,std,streed,4,20,3,0.08,0.1,0.1,0.017533179355358284,0.000511283283347692,1.475366691952886,0.0006294752455598849,0.02173890667068593,0.001633799870635132,0.068090385209459,0.0
synch,std,streed,4,20,3,0.1,1e-05,0.001,0.00048190145664832123,1.8293733523868645e-05,0.00020241699454604973,1.4769344359908775e-05,0.0003125574850150169,1.5888120440351852e-05,0.0008792134288417439,0.0
synch,std,streed,4,20,3,0.1,1e-05,0.1,0.018570903820848805,0.0005265450430332709,1.476598815373116,0.000862336356488653,0.028932767331382583,0.001693602151340657,0.06756180941978858,0.0
synch,std,streed,4,20,3,0.1,0.0001,0.001,0.00048207947232608,1.8305178755525957e-05,0.0001420474004208231,1.4778198792406681e-05,0.000312608260356059,1.5918215674187154e-05,0.0008810962366300019,0.0
synch,std,streed,4,20,3,0.1,0.0001,0.1,0.01857177992723185,0.0005265910286033291,1.461074297020302,0.0008620970534166023,0.028925376943936505,0.0016935270870141982,0.06756199586417495,0.0
synch,std,streed,4,20,3,0.1,0.001,0.001,0.0004837799797239357,1.8416781786781706e-05,0.00013468638835466542,1.4864255439162342e-05,0.0003130535619013762,1.6221558856569287e-05,0.0008998963193238012,0.0
synch,std,streed,4,20,3,0.1,0.001,0.1,0.02138878951672537,0.0006081220094744648,1.5665780607917812,0.0008597073303618535,0.02885157509240482,0.001692778959333352,0.06756389795583809,0.0
synch,std,streed,4,20,3,0.1,0.01,0.001,0.0005518610043768784,2.2046591805786897e-05,0.00025316168959524084,1.7619732972838452e-05,0.00033982608308222133,2.2033705878950974e-05,0.0012515599181137501,0.0
synch,std,streed,4,20,3,0.1,0.01,0.1,0.02141052077671885,0.0006113127879639348,1.504472627162065,0.0008361367395584707,0.028123630767063208,0.001685544551673505,0.06758657661393858,0.0
synch,std,streed,4,20,3,0.1,0.1,0.001,0.0004517570618107267,2.3522669114887188e-05,0.00012363383869935053,1.7464798687468366e-05,0.0001595884774354498,6.093446361672683e-05,0.0030482596803915354,0.0
synch,std,streed,4,20,3,0.1,0.1,0.1,0.021778355191598403,0.0006473561112595494,1.4630086464395322,0.0006294752455598849,0.02173890667068593,0.001633799870635132,0.068090385209459,0.0
synch,best_by_mean_val_r2,streed,4,20,3,0.001,1e-05,0.001,0.9995045287166805,1.5649076764474282e-05,31.03190999031067,1.1394610064124395e-05,0.9996493248021319,1.2224807773751825e-05,0.9996183164953323,3.0
